ISO-10303-21;
HEADER;
/* Generated by software containing ST-Developer
 * from STEP Tools, Inc. (www.steptools.com) 
 */

FILE_DESCRIPTION(
/* description */ (''),
/* implementation_level */ '2;1');

FILE_NAME(
/* name */ 
'\\\\uesvr4\\Engineering\\Engineering_Documentation_&_CAD\\Source_&_Re
ference_Files_For_Engineering\\Reference_File\\3D_Step_Files\\REFERENC
E\\GC957_Rev-E\\GC957_Rev-E.stp',
/* time_stamp */ '2022-04-19T13:22:19+06:00',
/* author */ ('Nandakumar'),
/* organization */ (''),
/* preprocessor_version */ 'ST-DEVELOPER v18.1',
/* originating_system */ 'AutoCAD Mechanical',
/* authorisation */ '');

FILE_SCHEMA (('AUTOMOTIVE_DESIGN { 1 0 10303 214 3 1 1 }'));
ENDSEC;

DATA;
#10=MECHANICAL_DESIGN_GEOMETRIC_PRESENTATION_REPRESENTATION('',(#18),#11828);
#11=PRESENTATION_LAYER_ASSIGNMENT('0','0',(#19));
#12=ITEM_DEFINED_TRANSFORMATION($,$,#5114,#5115);
#13=(
REPRESENTATION_RELATIONSHIP($,$,#11841,#11840)
REPRESENTATION_RELATIONSHIP_WITH_TRANSFORMATION(#12)
SHAPE_REPRESENTATION_RELATIONSHIP()
);
#14=CONTEXT_DEPENDENT_SHAPE_REPRESENTATION(#13,#11839);
#15=NEXT_ASSEMBLY_USAGE_OCCURRENCE('8EA4','8EA4','8EA4',#11843,#11844,
'8EA4');
#16=SHAPE_REPRESENTATION_RELATIONSHIP('SRR','None',#11840,#17);
#17=ADVANCED_BREP_SHAPE_REPRESENTATION('',(#19),#11826);
#18=STYLED_ITEM('',(#11854),#19);
#19=MANIFOLD_SOLID_BREP('80EA',#4616);
#20=B_SPLINE_SURFACE_WITH_KNOTS('',1,3,((#8655,#8656,#8657,#8658,#8659,
#8660,#8661,#8662,#8663,#8664,#8665,#8666,#8667,#8668,#8669,#8670,#8671,
#8672),(#8673,#8674,#8675,#8676,#8677,#8678,#8679,#8680,#8681,#8682,#8683,
#8684,#8685,#8686,#8687,#8688,#8689,#8690)),.UNSPECIFIED.,.F.,.T.,.F.,(2,
2),(4,2,2,2,2,2,2,2,4),(0.,1.),(0.,0.125,0.25,0.375,0.5,0.625,0.75,0.875,
1.),.UNSPECIFIED.);
#21=B_SPLINE_SURFACE_WITH_KNOTS('',1,3,((#8707,#8708,#8709,#8710,#8711,
#8712,#8713,#8714,#8715,#8716,#8717,#8718,#8719,#8720,#8721,#8722,#8723,
#8724),(#8725,#8726,#8727,#8728,#8729,#8730,#8731,#8732,#8733,#8734,#8735,
#8736,#8737,#8738,#8739,#8740,#8741,#8742)),.UNSPECIFIED.,.F.,.T.,.F.,(2,
2),(4,2,2,2,2,2,2,2,4),(0.,1.),(0.,0.125,0.25,0.375,0.5,0.625,0.75,0.875,
1.),.UNSPECIFIED.);
#22=B_SPLINE_SURFACE_WITH_KNOTS('',1,3,((#8755,#8756,#8757,#8758,#8759,
#8760,#8761,#8762,#8763,#8764,#8765,#8766,#8767,#8768,#8769,#8770,#8771,
#8772),(#8773,#8774,#8775,#8776,#8777,#8778,#8779,#8780,#8781,#8782,#8783,
#8784,#8785,#8786,#8787,#8788,#8789,#8790)),.UNSPECIFIED.,.F.,.T.,.F.,(2,
2),(4,2,2,2,2,2,2,2,4),(0.,1.),(0.,0.125,0.25,0.375,0.5,0.625,0.75,0.875,
1.),.UNSPECIFIED.);
#23=B_SPLINE_SURFACE_WITH_KNOTS('',1,3,((#8807,#8808,#8809,#8810,#8811,
#8812,#8813,#8814,#8815,#8816,#8817,#8818,#8819,#8820,#8821,#8822,#8823,
#8824),(#8825,#8826,#8827,#8828,#8829,#8830,#8831,#8832,#8833,#8834,#8835,
#8836,#8837,#8838,#8839,#8840,#8841,#8842)),.UNSPECIFIED.,.F.,.T.,.F.,(2,
2),(4,2,2,2,2,2,2,2,4),(0.,1.),(0.,0.125,0.25,0.375,0.5,0.625,0.75,0.875,
1.),.UNSPECIFIED.);
#24=B_SPLINE_SURFACE_WITH_KNOTS('',1,3,((#8855,#8856,#8857,#8858,#8859,
#8860,#8861,#8862,#8863,#8864,#8865,#8866,#8867,#8868,#8869,#8870,#8871,
#8872),(#8873,#8874,#8875,#8876,#8877,#8878,#8879,#8880,#8881,#8882,#8883,
#8884,#8885,#8886,#8887,#8888,#8889,#8890)),.UNSPECIFIED.,.F.,.T.,.F.,(2,
2),(4,2,2,2,2,2,2,2,4),(0.,1.),(0.,0.125,0.25,0.375,0.5,0.625,0.75,0.875,
1.),.UNSPECIFIED.);
#25=B_SPLINE_SURFACE_WITH_KNOTS('',1,3,((#8907,#8908,#8909,#8910,#8911,
#8912,#8913,#8914,#8915,#8916,#8917,#8918,#8919,#8920,#8921,#8922,#8923,
#8924),(#8925,#8926,#8927,#8928,#8929,#8930,#8931,#8932,#8933,#8934,#8935,
#8936,#8937,#8938,#8939,#8940,#8941,#8942)),.UNSPECIFIED.,.F.,.T.,.F.,(2,
2),(4,2,2,2,2,2,2,2,4),(0.,1.),(0.,0.125,0.25,0.375,0.5,0.625,0.75,0.875,
1.),.UNSPECIFIED.);
#26=B_SPLINE_SURFACE_WITH_KNOTS('',1,3,((#8955,#8956,#8957,#8958,#8959,
#8960,#8961,#8962,#8963,#8964,#8965,#8966,#8967,#8968,#8969,#8970,#8971,
#8972),(#8973,#8974,#8975,#8976,#8977,#8978,#8979,#8980,#8981,#8982,#8983,
#8984,#8985,#8986,#8987,#8988,#8989,#8990)),.UNSPECIFIED.,.F.,.T.,.F.,(2,
2),(4,2,2,2,2,2,2,2,4),(0.,1.),(0.,0.125,0.25,0.375,0.5,0.625,0.75,0.875,
1.),.UNSPECIFIED.);
#27=B_SPLINE_SURFACE_WITH_KNOTS('',1,3,((#9007,#9008,#9009,#9010,#9011,
#9012,#9013,#9014,#9015,#9016,#9017,#9018,#9019,#9020,#9021,#9022,#9023,
#9024),(#9025,#9026,#9027,#9028,#9029,#9030,#9031,#9032,#9033,#9034,#9035,
#9036,#9037,#9038,#9039,#9040,#9041,#9042)),.UNSPECIFIED.,.F.,.T.,.F.,(2,
2),(4,2,2,2,2,2,2,2,4),(0.,1.),(0.,0.125,0.25,0.375,0.5,0.625,0.75,0.875,
1.),.UNSPECIFIED.);
#28=B_SPLINE_SURFACE_WITH_KNOTS('',1,3,((#10598,#10599,#10600,#10601,#10602,
#10603,#10604,#10605,#10606,#10607,#10608,#10609,#10610,#10611,#10612,#10613,
#10614,#10615),(#10616,#10617,#10618,#10619,#10620,#10621,#10622,#10623,
#10624,#10625,#10626,#10627,#10628,#10629,#10630,#10631,#10632,#10633)),
 .UNSPECIFIED.,.F.,.T.,.F.,(2,2),(4,2,2,2,2,2,2,2,4),(0.,1.),(0.,0.125,
0.25,0.375,0.5,0.625,0.75,0.875,1.),.UNSPECIFIED.);
#29=B_SPLINE_SURFACE_WITH_KNOTS('',1,3,((#10650,#10651,#10652,#10653,#10654,
#10655,#10656,#10657,#10658,#10659,#10660,#10661,#10662,#10663,#10664,#10665,
#10666,#10667),(#10668,#10669,#10670,#10671,#10672,#10673,#10674,#10675,
#10676,#10677,#10678,#10679,#10680,#10681,#10682,#10683,#10684,#10685)),
 .UNSPECIFIED.,.F.,.T.,.F.,(2,2),(4,2,2,2,2,2,2,2,4),(0.,1.),(0.,0.125,
0.25,0.375,0.5,0.625,0.75,0.875,1.),.UNSPECIFIED.);
#30=B_SPLINE_SURFACE_WITH_KNOTS('',1,3,((#10698,#10699,#10700,#10701,#10702,
#10703,#10704,#10705,#10706,#10707,#10708,#10709,#10710,#10711,#10712,#10713,
#10714,#10715),(#10716,#10717,#10718,#10719,#10720,#10721,#10722,#10723,
#10724,#10725,#10726,#10727,#10728,#10729,#10730,#10731,#10732,#10733)),
 .UNSPECIFIED.,.F.,.T.,.F.,(2,2),(4,2,2,2,2,2,2,2,4),(0.,1.),(0.,0.125,
0.25,0.375,0.5,0.625,0.75,0.875,1.),.UNSPECIFIED.);
#31=B_SPLINE_SURFACE_WITH_KNOTS('',1,3,((#10750,#10751,#10752,#10753,#10754,
#10755,#10756,#10757,#10758,#10759,#10760,#10761,#10762,#10763,#10764,#10765,
#10766,#10767),(#10768,#10769,#10770,#10771,#10772,#10773,#10774,#10775,
#10776,#10777,#10778,#10779,#10780,#10781,#10782,#10783,#10784,#10785)),
 .UNSPECIFIED.,.F.,.T.,.F.,(2,2),(4,2,2,2,2,2,2,2,4),(0.,1.),(0.,0.125,
0.25,0.375,0.5,0.625,0.75,0.875,1.),.UNSPECIFIED.);
#32=B_SPLINE_SURFACE_WITH_KNOTS('',1,3,((#10798,#10799,#10800,#10801,#10802,
#10803,#10804,#10805,#10806,#10807,#10808,#10809,#10810,#10811,#10812,#10813,
#10814,#10815),(#10816,#10817,#10818,#10819,#10820,#10821,#10822,#10823,
#10824,#10825,#10826,#10827,#10828,#10829,#10830,#10831,#10832,#10833)),
 .UNSPECIFIED.,.F.,.T.,.F.,(2,2),(4,2,2,2,2,2,2,2,4),(0.,1.),(0.,0.125,
0.25,0.375,0.5,0.625,0.75,0.875,1.),.UNSPECIFIED.);
#33=B_SPLINE_SURFACE_WITH_KNOTS('',1,3,((#10850,#10851,#10852,#10853,#10854,
#10855,#10856,#10857,#10858,#10859,#10860,#10861,#10862,#10863,#10864,#10865,
#10866,#10867),(#10868,#10869,#10870,#10871,#10872,#10873,#10874,#10875,
#10876,#10877,#10878,#10879,#10880,#10881,#10882,#10883,#10884,#10885)),
 .UNSPECIFIED.,.F.,.T.,.F.,(2,2),(4,2,2,2,2,2,2,2,4),(0.,1.),(0.,0.125,
0.25,0.375,0.5,0.625,0.75,0.875,1.),.UNSPECIFIED.);
#34=B_SPLINE_SURFACE_WITH_KNOTS('',1,3,((#10898,#10899,#10900,#10901,#10902,
#10903,#10904,#10905,#10906,#10907,#10908,#10909,#10910,#10911,#10912,#10913,
#10914,#10915),(#10916,#10917,#10918,#10919,#10920,#10921,#10922,#10923,
#10924,#10925,#10926,#10927,#10928,#10929,#10930,#10931,#10932,#10933)),
 .UNSPECIFIED.,.F.,.T.,.F.,(2,2),(4,2,2,2,2,2,2,2,4),(0.,1.),(0.,0.125,
0.25,0.375,0.5,0.625,0.75,0.875,1.),.UNSPECIFIED.);
#35=B_SPLINE_SURFACE_WITH_KNOTS('',1,3,((#10950,#10951,#10952,#10953,#10954,
#10955,#10956,#10957,#10958,#10959,#10960,#10961,#10962,#10963,#10964,#10965,
#10966,#10967),(#10968,#10969,#10970,#10971,#10972,#10973,#10974,#10975,
#10976,#10977,#10978,#10979,#10980,#10981,#10982,#10983,#10984,#10985)),
 .UNSPECIFIED.,.F.,.T.,.F.,(2,2),(4,2,2,2,2,2,2,2,4),(0.,1.),(0.,0.125,
0.25,0.375,0.5,0.625,0.75,0.875,1.),.UNSPECIFIED.);
#36=CONICAL_SURFACE('',#4951,0.125,0.785398163397454);
#37=CONICAL_SURFACE('',#4962,0.115,0.785398163397441);
#38=CONICAL_SURFACE('',#5059,0.125,0.785398163397454);
#39=CONICAL_SURFACE('',#5070,0.115,0.785398163397441);
#40=ELLIPSE('',#4934,0.00867482494145447,0.00701273552485076);
#41=ELLIPSE('',#4936,0.00924654679658959,0.00799560130145744);
#42=ELLIPSE('',#4938,0.00867482503037055,0.00701273566842976);
#43=ELLIPSE('',#4940,0.00924654675059415,0.00799560122224414);
#44=ELLIPSE('',#4942,0.00867482503798294,0.00701273568028306);
#45=ELLIPSE('',#4944,0.00924654681604967,0.00799560133325328);
#46=ELLIPSE('',#4946,0.00867482501974167,0.00701273565102875);
#47=ELLIPSE('',#4948,0.00924654685499448,0.00799560140080827);
#48=ELLIPSE('',#4954,0.00924799054392291,0.00818287979061301);
#49=ELLIPSE('',#4955,0.00842263249465226,0.0069834713976882);
#50=ELLIPSE('',#4956,0.00924799053997226,0.00818287978048366);
#51=ELLIPSE('',#4957,0.00842263247372611,0.00698347136294565);
#52=ELLIPSE('',#4958,0.0092479905497013,0.00818287979966128);
#53=ELLIPSE('',#4959,0.00842263252886703,0.00698347145402995);
#54=ELLIPSE('',#4960,0.00924799053913347,0.00818287978273049);
#55=ELLIPSE('',#4961,0.00842263250525549,0.00698347141500925);
#56=ELLIPSE('',#5042,0.00867482494145447,0.00701273552485076);
#57=ELLIPSE('',#5044,0.00924654679658959,0.00799560130145744);
#58=ELLIPSE('',#5046,0.00867482503037055,0.00701273566842976);
#59=ELLIPSE('',#5048,0.00924654675059415,0.00799560122224414);
#60=ELLIPSE('',#5050,0.00867482503798294,0.00701273568028306);
#61=ELLIPSE('',#5052,0.00924654681604967,0.00799560133325328);
#62=ELLIPSE('',#5054,0.00867482501974167,0.00701273565102875);
#63=ELLIPSE('',#5056,0.00924654685499448,0.00799560140080827);
#64=ELLIPSE('',#5062,0.00924799054392291,0.00818287979061301);
#65=ELLIPSE('',#5063,0.00842263249465226,0.0069834713976882);
#66=ELLIPSE('',#5064,0.00924799053997226,0.00818287978048366);
#67=ELLIPSE('',#5065,0.0084226324737261,0.00698347136294565);
#68=ELLIPSE('',#5066,0.0092479905497013,0.00818287979966128);
#69=ELLIPSE('',#5067,0.00842263252886703,0.00698347145402995);
#70=ELLIPSE('',#5068,0.00924799053913347,0.00818287978273049);
#71=ELLIPSE('',#5069,0.00842263250525549,0.00698347141500925);
#72=(
BOUNDED_SURFACE()
B_SPLINE_SURFACE(3,2,((#8224,#8225,#8226),(#8227,#8228,#8229),(#8230,#8231,
#8232),(#8233,#8234,#8235),(#8236,#8237,#8238),(#8239,#8240,#8241),(#8242,
#8243,#8244),(#8245,#8246,#8247),(#8248,#8249,#8250),(#8251,#8252,#8253)),
 .UNSPECIFIED.,.F.,.F.,.F.)
B_SPLINE_SURFACE_WITH_KNOTS((4,2,2,2,4),(3,3),(0.00047610645098996,0.000661258959695906,
0.000793510751643196,0.000925762543590485,0.00111091505231669),(-0.000646327503729264,
1.00036277692993),.UNSPECIFIED.)
GEOMETRIC_REPRESENTATION_ITEM()
RATIONAL_B_SPLINE_SURFACE(((1.00036717937424,0.71584632994228,1.00020603557735),
(1.00036326797729,0.718873291363637,1.00020384077289),(1.00036484051541,
0.717656331723518,1.00020472317213),(1.00037249428337,0.711733215095937,
1.00020901793543),(1.00037739847738,0.707937945470967,1.00021176982868),
(1.00037976881688,0.706103581352789,1.00021309989868),(1.00037619291241,
0.708870911030161,1.00021109334931),(1.00036730818533,0.715746645307265,
1.00020610785719),(1.00036312414986,0.71898459688582,1.00020376006692),
(1.00036592834443,0.716814479943511,1.00020533358626)))
REPRESENTATION_ITEM('')
SURFACE()
);
#73=(
BOUNDED_SURFACE()
B_SPLINE_SURFACE(3,2,((#8270,#8271,#8272),(#8273,#8274,#8275),(#8276,#8277,
#8278),(#8279,#8280,#8281),(#8282,#8283,#8284),(#8285,#8286,#8287),(#8288,
#8289,#8290),(#8291,#8292,#8293),(#8294,#8295,#8296),(#8297,#8298,#8299)),
 .UNSPECIFIED.,.F.,.F.,.F.)
B_SPLINE_SURFACE_WITH_KNOTS((4,2,2,2,4),(3,3),(0.,0.000132251791942221,
0.000264503583884443,0.000396755375826664,0.000529007167768885),(0.,1.00041043790012),
 .UNSPECIFIED.)
GEOMETRIC_REPRESENTATION_ITEM()
RATIONAL_B_SPLINE_SURFACE(((1.,0.717627374325381,1.00023179285507),(1.,
0.718146016163459,1.00023136711453),(1.,0.716866855154793,1.00023241714685),
(1.,0.71186535949152,1.00023652275361),(1.,0.708107209859977,1.00023960772769),
(1.,0.706288976273351,1.00024110027164),(1.,0.709007400746627,1.00023886878278),
(1.,0.714779497358757,1.00023413060835),(1.,0.717245776782354,1.00023210609926),
(1.,0.717617437555908,1.00023180101192)))
REPRESENTATION_ITEM('')
SURFACE()
);
#74=(
BOUNDED_SURFACE()
B_SPLINE_SURFACE(3,2,((#8312,#8313,#8314),(#8315,#8316,#8317),(#8318,#8319,
#8320),(#8321,#8322,#8323),(#8324,#8325,#8326),(#8327,#8328,#8329),(#8330,
#8331,#8332),(#8333,#8334,#8335),(#8336,#8337,#8338),(#8339,#8340,#8341)),
 .UNSPECIFIED.,.F.,.F.,.F.)
B_SPLINE_SURFACE_WITH_KNOTS((4,2,2,2,4),(3,3),(0.000476106450990607,0.000661258959696985,
0.00079351075164437,0.000925762543591755,0.00111091505231809),(-0.00064632750600225,
1.00036277693091),.UNSPECIFIED.)
GEOMETRIC_REPRESENTATION_ITEM()
RATIONAL_B_SPLINE_SURFACE(((1.00036717937553,0.715846329943479,1.0002060355779),
(1.00036326797857,0.71887329136058,1.00020384077344),(1.00036484051669,
0.717656331723823,1.00020472317267),(1.00037249428469,0.711733215093617,
1.00020901793599),(1.00037739847871,0.707937945470728,1.00021176982925),
(1.00037976881822,0.706103581351577,1.00021309989925),(1.00037619291374,
0.70887091102875,1.00021109334987),(1.00036730818662,0.715746645308175,
1.00020610785774),(1.00036312415114,0.718984596881596,1.00020376006747),
(1.00036592834572,0.716814479945854,1.00020533358681)))
REPRESENTATION_ITEM('')
SURFACE()
);
#75=(
BOUNDED_SURFACE()
B_SPLINE_SURFACE(3,2,((#8358,#8359,#8360),(#8361,#8362,#8363),(#8364,#8365,
#8366),(#8367,#8368,#8369),(#8370,#8371,#8372),(#8373,#8374,#8375),(#8376,
#8377,#8378),(#8379,#8380,#8381),(#8382,#8383,#8384),(#8385,#8386,#8387)),
 .UNSPECIFIED.,.F.,.F.,.F.)
B_SPLINE_SURFACE_WITH_KNOTS((4,2,2,2,4),(3,3),(0.,0.000132251791942393,
0.000264503583884787,0.00039675537582718,0.000529007167769574),(0.,1.0004104379007),
 .UNSPECIFIED.)
GEOMETRIC_REPRESENTATION_ITEM()
RATIONAL_B_SPLINE_SURFACE(((1.,0.717627374325292,1.00023179285539),(1.,
0.71814601616367,1.00023136711486),(1.,0.716866855154324,1.00023241714718),
(1.,0.711865359490416,1.00023652275394),(1.,0.708107209859777,1.00023960772803),
(1.,0.706288976273358,1.00024110027198),(1.,0.709007400746445,1.00023886878311),
(1.,0.714779497359428,1.00023413060868),(1.,0.717245776781743,1.00023210609958),
(1.,0.717617437555803,1.00023180101225)))
REPRESENTATION_ITEM('')
SURFACE()
);
#76=(
BOUNDED_SURFACE()
B_SPLINE_SURFACE(3,2,((#8400,#8401,#8402),(#8403,#8404,#8405),(#8406,#8407,
#8408),(#8409,#8410,#8411),(#8412,#8413,#8414),(#8415,#8416,#8417),(#8418,
#8419,#8420),(#8421,#8422,#8423),(#8424,#8425,#8426),(#8427,#8428,#8429)),
 .UNSPECIFIED.,.F.,.F.,.F.)
B_SPLINE_SURFACE_WITH_KNOTS((4,2,2,2,4),(3,3),(0.000476106450989011,0.000661258959694899,
0.00079351075164178,0.000925762543588661,0.00111091505231429),(-0.000646327505115562,
1.00036277693051),.UNSPECIFIED.)
GEOMETRIC_REPRESENTATION_ITEM()
RATIONAL_B_SPLINE_SURFACE(((1.00036717937503,0.715846329942482,1.00020603557768),
(1.00036326797807,0.718873291362441,1.00020384077321),(1.00036484051619,
0.717656331723376,1.00020472317245),(1.00037249428417,0.71173321509449,
1.00020901793576),(1.00037739847819,0.707937945470229,1.00021176982902),
(1.0003797688177,0.706103581352418,1.00021309989902),(1.00037619291322,
0.708870911030212,1.00021109334964),(1.00036730818611,0.715746645308289,
1.00020610785752),(1.00036312415064,0.718984596881263,1.00020376006724),
(1.00036592834521,0.716814479947203,1.00020533358659)))
REPRESENTATION_ITEM('')
SURFACE()
);
#77=(
BOUNDED_SURFACE()
B_SPLINE_SURFACE(3,2,((#8446,#8447,#8448),(#8449,#8450,#8451),(#8452,#8453,
#8454),(#8455,#8456,#8457),(#8458,#8459,#8460),(#8461,#8462,#8463),(#8464,
#8465,#8466),(#8467,#8468,#8469),(#8470,#8471,#8472),(#8473,#8474,#8475)),
 .UNSPECIFIED.,.F.,.F.,.F.)
B_SPLINE_SURFACE_WITH_KNOTS((4,2,2,2,4),(3,3),(0.,0.000132251791941944,
0.000264503583883888,0.000396755375825832,0.000529007167767776),(0.,1.00041043790206),
 .UNSPECIFIED.)
GEOMETRIC_REPRESENTATION_ITEM()
RATIONAL_B_SPLINE_SURFACE(((1.,0.717627374324932,1.00023179285616),(1.,
0.718146016162989,1.00023136711563),(1.,0.716866855153987,1.00023241714795),
(1.,0.711865359490686,1.00023652275472),(1.,0.708107209859645,1.00023960772882),
(1.,0.706288976272909,1.00024110027278),(1.,0.709007400746237,1.0002388687839),
(1.,0.71477949735878,1.00023413060946),(1.,0.717245776781434,1.00023210610035),
(1.,0.717617437555442,1.00023180101302)))
REPRESENTATION_ITEM('')
SURFACE()
);
#78=(
BOUNDED_SURFACE()
B_SPLINE_SURFACE(3,2,((#8488,#8489,#8490),(#8491,#8492,#8493),(#8494,#8495,
#8496),(#8497,#8498,#8499),(#8500,#8501,#8502),(#8503,#8504,#8505),(#8506,
#8507,#8508),(#8509,#8510,#8511),(#8512,#8513,#8514),(#8515,#8516,#8517)),
 .UNSPECIFIED.,.F.,.F.,.F.)
B_SPLINE_SURFACE_WITH_KNOTS((4,2,2,2,4),(3,3),(0.000476106450990872,0.0006612589596973,
0.00079351075164479,0.000925762543592279,0.00111091505231876),(-0.000646327505727588,
1.00036277692999),.UNSPECIFIED.)
GEOMETRIC_REPRESENTATION_ITEM()
RATIONAL_B_SPLINE_SURFACE(((1.00036717937538,0.715846329943054,1.00020603557738),
(1.00036326797841,0.718873291361677,1.00020384077292),(1.00036484051654,
0.717656331723796,1.00020472317216),(1.00037249428453,0.711733215094285,
1.00020901793546),(1.00037739847855,0.707937945470167,1.00021176982871),
(1.00037976881806,0.706103581352155,1.00021309989871),(1.00037619291358,
0.708870911029692,1.00021109334934),(1.00036730818646,0.71574664530815,
1.00020610785722),(1.00036312415098,0.718984596881717,1.00020376006695),
(1.00036592834556,0.716814479946558,1.00020533358629)))
REPRESENTATION_ITEM('')
SURFACE()
);
#79=(
BOUNDED_SURFACE()
B_SPLINE_SURFACE(3,2,((#8534,#8535,#8536),(#8537,#8538,#8539),(#8540,#8541,
#8542),(#8543,#8544,#8545),(#8546,#8547,#8548),(#8549,#8550,#8551),(#8552,
#8553,#8554),(#8555,#8556,#8557),(#8558,#8559,#8560),(#8561,#8562,#8563)),
 .UNSPECIFIED.,.F.,.F.,.F.)
B_SPLINE_SURFACE_WITH_KNOTS((4,2,2,2,4),(3,3),(0.,0.000132251791942471,
0.000264503583884943,0.000396755375827414,0.000529007167769885),(0.,1.00041043789926),
 .UNSPECIFIED.)
GEOMETRIC_REPRESENTATION_ITEM()
RATIONAL_B_SPLINE_SURFACE(((1.,0.717627374325678,1.00023179285458),(1.,
0.718146016163566,1.00023136711405),(1.,0.716866855154869,1.00023241714636),
(1.,0.711865359491926,1.00023652275311),(1.,0.708107209860259,1.00023960772719),
(1.,0.706288976273535,1.00024110027114),(1.,0.709007400747169,1.00023886878228),
(1.,0.714779497359194,1.00023413060786),(1.,0.717245776782615,1.00023210609877),
(1.,0.717617437556203,1.00023180101143)))
REPRESENTATION_ITEM('')
SURFACE()
);
#80=(
BOUNDED_SURFACE()
B_SPLINE_SURFACE(1,2,((#9055,#9056,#9057,#9058,#9059,#9060,#9061,#9062,
#9063,#9064,#9065,#9066,#9067,#9068,#9069,#9070,#9071,#9072,#9073,#9074,
#9075,#9076,#9077,#9078,#9079,#9080,#9081,#9082,#9083,#9084,#9085,#9086,
#9087,#9088,#9089,#9090,#9091,#9092,#9093,#9094,#9095,#9096,#9097,#9098,
#9099,#9100,#9101,#9102,#9103,#9104,#9105,#9106,#9107,#9108,#9109,#9110,
#9111,#9112,#9113,#9114,#9115,#9116,#9117,#9118,#9119,#9120,#9121,#9122,
#9123,#9124,#9125,#9126,#9127,#9128,#9129,#9130,#9131,#9132,#9133,#9134,
#9135,#9136,#9137,#9138,#9139,#9140,#9141,#9142,#9143,#9144,#9145,#9146,
#9147),(#9148,#9149,#9150,#9151,#9152,#9153,#9154,#9155,#9156,#9157,#9158,
#9159,#9160,#9161,#9162,#9163,#9164,#9165,#9166,#9167,#9168,#9169,#9170,
#9171,#9172,#9173,#9174,#9175,#9176,#9177,#9178,#9179,#9180,#9181,#9182,
#9183,#9184,#9185,#9186,#9187,#9188,#9189,#9190,#9191,#9192,#9193,#9194,
#9195,#9196,#9197,#9198,#9199,#9200,#9201,#9202,#9203,#9204,#9205,#9206,
#9207,#9208,#9209,#9210,#9211,#9212,#9213,#9214,#9215,#9216,#9217,#9218,
#9219,#9220,#9221,#9222,#9223,#9224,#9225,#9226,#9227,#9228,#9229,#9230,
#9231,#9232,#9233,#9234,#9235,#9236,#9237,#9238,#9239,#9240)),
 .UNSPECIFIED.,.F.,.F.,.F.)
B_SPLINE_SURFACE_WITH_KNOTS((2,2),(3,2,2,2,2,2,2,2,2,2,2,2,2,2,2,2,2,2,
2,2,2,2,2,2,2,2,2,2,2,2,2,2,2,2,2,2,2,2,2,2,2,2,2,2,2,2,3),(-6.55035642488717E-5,
1.),(0.,0.0208333333333333,0.0416666666666667,0.0625,0.0833333333333333,
0.104166666666667,0.125,0.145833333333333,0.166666666666667,0.1875,0.208333333333333,
0.229166666666667,0.25,0.270833333333333,0.291666666666667,0.3125,0.333333333333333,
0.354166666666667,0.375,0.395833333333333,0.416666666666667,0.4375,0.458333333333333,
0.479166666666667,0.5,0.520833333333333,0.541666666666667,0.5625,0.583333333333333,
0.604166666666667,0.625,0.645833333333333,0.666666666666667,0.6875,0.708333333333333,
0.729166666666667,0.75,0.770833333333333,0.791666666666667,0.8125,0.833333333333333,
0.854166666666667,0.875,0.895833333333333,0.916666666666667,0.9375,0.940585324135989),
 .UNSPECIFIED.)
GEOMETRIC_REPRESENTATION_ITEM()
RATIONAL_B_SPLINE_SURFACE(((1.,0.866025403784439,1.,0.866025403784439,1.,
0.866025403784439,1.,0.866025403784439,1.,0.866025403784439,1.,0.866025403784439,
1.,0.866025403784439,1.,0.866025403784439,1.,0.866025403784439,1.,0.866025403784439,
1.,0.866025403784439,1.,0.866025403784439,1.,0.866025403784439,1.,0.866025403784439,
1.,0.866025403784439,1.,0.866025403784439,1.,0.866025403784439,1.,0.866025403784439,
1.,0.866025403784439,1.,0.866025403784439,1.,0.866025403784439,1.,0.866025403784439,
1.,0.866025403784439,1.,0.866025403784439,1.,0.866025403784439,1.,0.866025403784439,
1.,0.866025403784439,1.,0.866025403784439,1.,0.866025403784439,1.,0.866025403784439,
1.,0.866025403784439,1.,0.866025403784439,1.,0.866025403784439,1.,0.866025403784439,
1.,0.866025403784439,1.,0.866025403784439,1.,0.866025403784439,1.,0.866025403784439,
1.,0.866025403784439,1.,0.866025403784439,1.,0.866025403784439,1.,0.866025403784439,
1.,0.866025403784439,1.,0.866025403784439,1.,0.866025403784439,1.,0.980158957344962,
0.966194655277455),(1.,0.866025403784439,1.,0.866025403784439,1.,0.866025403784439,
1.,0.866025403784439,1.,0.866025403784439,1.,0.866025403784439,1.,0.866025403784439,
1.,0.866025403784439,1.,0.866025403784439,1.,0.866025403784439,1.,0.866025403784439,
1.,0.866025403784439,1.,0.866025403784439,1.,0.866025403784439,1.,0.866025403784439,
1.,0.866025403784439,1.,0.866025403784439,1.,0.866025403784439,1.,0.866025403784439,
1.,0.866025403784439,1.,0.866025403784439,1.,0.866025403784439,1.,0.866025403784439,
1.,0.866025403784439,1.,0.866025403784439,1.,0.866025403784439,1.,0.866025403784439,
1.,0.866025403784439,1.,0.866025403784439,1.,0.866025403784439,1.,0.866025403784439,
1.,0.866025403784439,1.,0.866025403784439,1.,0.866025403784439,1.,0.866025403784439,
1.,0.866025403784439,1.,0.866025403784439,1.,0.866025403784439,1.,0.866025403784439,
1.,0.866025403784439,1.,0.866025403784439,1.,0.866025403784439,1.,0.866025403784439,
1.,0.866025403784439,1.,0.866025403784439,1.,0.980158957344962,0.966194655277455)))
REPRESENTATION_ITEM('')
SURFACE()
);
#81=(
BOUNDED_SURFACE()
B_SPLINE_SURFACE(1,2,((#9287,#9288,#9289,#9290,#9291,#9292,#9293,#9294,
#9295,#9296,#9297,#9298,#9299,#9300,#9301,#9302,#9303,#9304,#9305,#9306,
#9307,#9308,#9309,#9310,#9311,#9312,#9313,#9314,#9315,#9316,#9317,#9318,
#9319,#9320,#9321,#9322,#9323,#9324,#9325,#9326,#9327,#9328,#9329,#9330,
#9331,#9332,#9333,#9334,#9335,#9336,#9337,#9338,#9339,#9340,#9341,#9342,
#9343,#9344,#9345,#9346,#9347,#9348,#9349,#9350,#9351,#9352,#9353,#9354,
#9355,#9356,#9357,#9358,#9359,#9360,#9361,#9362,#9363,#9364,#9365,#9366,
#9367,#9368,#9369,#9370,#9371,#9372,#9373,#9374,#9375,#9376,#9377,#9378,
#9379),(#9380,#9381,#9382,#9383,#9384,#9385,#9386,#9387,#9388,#9389,#9390,
#9391,#9392,#9393,#9394,#9395,#9396,#9397,#9398,#9399,#9400,#9401,#9402,
#9403,#9404,#9405,#9406,#9407,#9408,#9409,#9410,#9411,#9412,#9413,#9414,
#9415,#9416,#9417,#9418,#9419,#9420,#9421,#9422,#9423,#9424,#9425,#9426,
#9427,#9428,#9429,#9430,#9431,#9432,#9433,#9434,#9435,#9436,#9437,#9438,
#9439,#9440,#9441,#9442,#9443,#9444,#9445,#9446,#9447,#9448,#9449,#9450,
#9451,#9452,#9453,#9454,#9455,#9456,#9457,#9458,#9459,#9460,#9461,#9462,
#9463,#9464,#9465,#9466,#9467,#9468,#9469,#9470,#9471,#9472)),
 .UNSPECIFIED.,.F.,.F.,.F.)
B_SPLINE_SURFACE_WITH_KNOTS((2,2),(3,2,2,2,2,2,2,2,2,2,2,2,2,2,2,2,2,2,
2,2,2,2,2,2,2,2,2,2,2,2,2,2,2,2,2,2,2,2,2,2,2,2,2,2,2,2,3),(0.,1.00008506853757),
(0.,0.0208333333333333,0.0416666666666667,0.0625,0.0833333333333333,0.104166666666667,
0.125,0.145833333333333,0.166666666666667,0.1875,0.208333333333333,0.229166666666667,
0.25,0.270833333333333,0.291666666666667,0.3125,0.333333333333333,0.354166666666667,
0.375,0.395833333333333,0.416666666666667,0.4375,0.458333333333333,0.479166666666667,
0.5,0.520833333333333,0.541666666666667,0.5625,0.583333333333333,0.604166666666667,
0.625,0.645833333333333,0.666666666666667,0.6875,0.708333333333333,0.729166666666667,
0.75,0.770833333333333,0.791666666666667,0.8125,0.833333333333333,0.854166666666667,
0.875,0.895833333333333,0.916666666666667,0.9375,0.940585385792747),
 .UNSPECIFIED.)
GEOMETRIC_REPRESENTATION_ITEM()
RATIONAL_B_SPLINE_SURFACE(((1.,0.866025403784439,1.,0.866025403784439,1.,
0.866025403784439,1.,0.866025403784439,1.,0.866025403784439,1.,0.866025403784439,
1.,0.866025403784439,1.,0.866025403784439,1.,0.866025403784439,1.,0.866025403784439,
1.,0.866025403784439,1.,0.866025403784439,1.,0.866025403784439,1.,0.866025403784439,
1.,0.866025403784439,1.,0.866025403784439,1.,0.866025403784439,1.,0.866025403784439,
1.,0.866025403784439,1.,0.866025403784439,1.,0.866025403784439,1.,0.866025403784439,
1.,0.866025403784439,1.,0.866025403784439,1.,0.866025403784439,1.,0.866025403784439,
1.,0.866025403784439,1.,0.866025403784439,1.,0.866025403784439,1.,0.866025403784439,
1.,0.866025403784439,1.,0.866025403784439,1.,0.866025403784439,1.,0.866025403784439,
1.,0.866025403784439,1.,0.866025403784439,1.,0.866025403784439,1.,0.866025403784439,
1.,0.866025403784439,1.,0.866025403784439,1.,0.866025403784439,1.,0.866025403784439,
1.,0.866025403784439,1.,0.866025403784439,1.,0.866025403784439,1.,0.980158560843878,
0.966194097157832),(1.,0.866025403784439,1.,0.866025403784439,1.,0.866025403784439,
1.,0.866025403784439,1.,0.866025403784439,1.,0.866025403784439,1.,0.866025403784439,
1.,0.866025403784439,1.,0.866025403784439,1.,0.866025403784439,1.,0.866025403784439,
1.,0.866025403784439,1.,0.866025403784439,1.,0.866025403784439,1.,0.866025403784439,
1.,0.866025403784439,1.,0.866025403784439,1.,0.866025403784439,1.,0.866025403784439,
1.,0.866025403784439,1.,0.866025403784439,1.,0.866025403784439,1.,0.866025403784439,
1.,0.866025403784439,1.,0.866025403784439,1.,0.866025403784439,1.,0.866025403784439,
1.,0.866025403784439,1.,0.866025403784439,1.,0.866025403784439,1.,0.866025403784439,
1.,0.866025403784439,1.,0.866025403784439,1.,0.866025403784439,1.,0.866025403784439,
1.,0.866025403784439,1.,0.866025403784439,1.,0.866025403784439,1.,0.866025403784439,
1.,0.866025403784439,1.,0.866025403784439,1.,0.866025403784439,1.,0.866025403784439,
1.,0.866025403784439,1.,0.866025403784439,1.,0.980158560843878,0.966194097157832)))
REPRESENTATION_ITEM('')
SURFACE()
);
#82=(
BOUNDED_SURFACE()
B_SPLINE_SURFACE(3,2,((#9487,#9488,#9489),(#9490,#9491,#9492),(#9493,#9494,
#9495),(#9496,#9497,#9498),(#9499,#9500,#9501),(#9502,#9503,#9504),(#9505,
#9506,#9507),(#9508,#9509,#9510),(#9511,#9512,#9513),(#9514,#9515,#9516)),
 .UNSPECIFIED.,.F.,.F.,.F.)
B_SPLINE_SURFACE_WITH_KNOTS((4,2,2,2,4),(3,3),(0.00102055790897597,0.00127569738621996,
0.00153083686346396,0.00178597634070795,0.00204111581795195),(-0.000268870458852514,
1.00083562888127),.UNSPECIFIED.)
GEOMETRIC_REPRESENTATION_ITEM()
RATIONAL_B_SPLINE_SURFACE(((1.00016310826795,0.696425179497966,1.0005072152862),
(1.00016347201258,0.695748183099611,1.00050834641731),(1.00016251514919,
0.697529083812105,1.00050537087387),(1.00015965460108,0.70285309583897,
1.00049647547115),(1.00015797701291,0.705975399419163,1.00049125870086),
(1.00015726555084,0.707299562633151,1.00048904627816),(1.00015834411835,
0.705292147921848,1.00049240028304),(1.00016125148618,0.699880995689422,
1.00050144128032),(1.00016285223117,0.696901711574069,1.00050641909252),
(1.00016310819163,0.696425321554952,1.00050721504885)))
REPRESENTATION_ITEM('')
SURFACE()
);
#83=(
BOUNDED_SURFACE()
B_SPLINE_SURFACE(3,2,((#9531,#9532,#9533),(#9534,#9535,#9536),(#9537,#9538,
#9539),(#9540,#9541,#9542),(#9543,#9544,#9545),(#9546,#9547,#9548),(#9549,
#9550,#9551),(#9552,#9553,#9554),(#9555,#9556,#9557),(#9558,#9559,#9560)),
 .UNSPECIFIED.,.F.,.F.,.F.)
B_SPLINE_SURFACE_WITH_KNOTS((4,2,2,2,4),(3,3),(0.,0.000255139477250543,
0.000510278954501087,0.00076541843175163,0.00102055790900217),(-0.000292122042830229,
1.00064695312696),.UNSPECIFIED.)
GEOMETRIC_REPRESENTATION_ITEM()
RATIONAL_B_SPLINE_SURFACE(((1.00017721770523,0.696475506359759,1.00039261747417),
(1.00017764159708,0.695749497863112,1.00039355658659),(1.00017654453182,
0.697628464631354,1.0003911260902),(1.00017347904647,0.702878785912937,
1.00038433465187),(1.00017164664722,0.706017174672504,1.00038027505769),
(1.00017086904933,0.707348982944346,1.00037855232621),(1.00017201943068,
0.705378700591902,1.00038110094188),(1.00017521518119,0.699905271439499,
1.00038818097652),(1.00017691521682,0.696993584626823,1.00039194732535),
(1.00017721778816,0.696475364326072,1.00039261765789)))
REPRESENTATION_ITEM('')
SURFACE()
);
#84=(
BOUNDED_SURFACE()
B_SPLINE_SURFACE(3,2,((#9571,#9572,#9573),(#9574,#9575,#9576),(#9577,#9578,
#9579),(#9580,#9581,#9582),(#9583,#9584,#9585),(#9586,#9587,#9588),(#9589,
#9590,#9591),(#9592,#9593,#9594),(#9595,#9596,#9597),(#9598,#9599,#9600)),
 .UNSPECIFIED.,.F.,.F.,.F.)
B_SPLINE_SURFACE_WITH_KNOTS((4,2,2,2,4),(3,3),(0.00102055790897328,0.0012756973862166,
0.00153083686345992,0.00178597634070323,0.00204111581794655),(-0.000268870456553426,
1.00083562888184),.UNSPECIFIED.)
GEOMETRIC_REPRESENTATION_ITEM()
RATIONAL_B_SPLINE_SURFACE(((1.00016310826656,0.696425179498489,1.00050721528655),
(1.00016347201118,0.695748183099787,1.00050834641766),(1.0001625151478,
0.697529083813073,1.00050537087422),(1.00015965459971,0.702853095839022,
1.00049647547149),(1.00015797701155,0.705975399419852,1.0004912587012),
(1.0001572655495,0.707299562633485,1.0004890462785),(1.00015834411699,0.705292147921873,
1.00049240028337),(1.0001612514848,0.699880995690831,1.00050144128066),
(1.00016285222977,0.696901711573978,1.00050641909287),(1.00016310819023,
0.696425321555428,1.0005072150492)))
REPRESENTATION_ITEM('')
SURFACE()
);
#85=(
BOUNDED_SURFACE()
B_SPLINE_SURFACE(3,2,((#9615,#9616,#9617),(#9618,#9619,#9620),(#9621,#9622,
#9623),(#9624,#9625,#9626),(#9627,#9628,#9629),(#9630,#9631,#9632),(#9633,
#9634,#9635),(#9636,#9637,#9638),(#9639,#9640,#9641),(#9642,#9643,#9644)),
 .UNSPECIFIED.,.F.,.F.,.F.)
B_SPLINE_SURFACE_WITH_KNOTS((4,2,2,2,4),(3,3),(0.,0.000255139477249755,
0.00051027895449951,0.000765418431749265,0.00102055790899902),(-0.00029212204449462,
1.00064695312536),.UNSPECIFIED.)
GEOMETRIC_REPRESENTATION_ITEM()
RATIONAL_B_SPLINE_SURFACE(((1.00017721770624,0.696475506359691,1.0003926174732),
(1.0001776415981,0.695749497863025,1.00039355658562),(1.00017654453283,
0.697628464631533,1.00039112608923),(1.00017347904746,0.702878785912517,
1.00038433465092),(1.0001716466482,0.706017174672093,1.00038027505675),
(1.0001708690503,0.707348982944708,1.00037855232527),(1.00017201943166,
0.705378700592996,1.00038110094093),(1.00017521518218,0.699905271439445,
1.00038818097556),(1.00017691521783,0.696993584626676,1.00039194732438),
(1.00017721778917,0.696475364326056,1.00039261765692)))
REPRESENTATION_ITEM('')
SURFACE()
);
#86=(
BOUNDED_SURFACE()
B_SPLINE_SURFACE(3,2,((#9655,#9656,#9657),(#9658,#9659,#9660),(#9661,#9662,
#9663),(#9664,#9665,#9666),(#9667,#9668,#9669),(#9670,#9671,#9672),(#9673,
#9674,#9675),(#9676,#9677,#9678),(#9679,#9680,#9681),(#9682,#9683,#9684)),
 .UNSPECIFIED.,.F.,.F.,.F.)
B_SPLINE_SURFACE_WITH_KNOTS((4,2,2,2,4),(3,3),(0.00102055790897582,0.00127569738621977,
0.00153083686346373,0.00178597634070768,0.00204111581795163),(-0.000268870458362034,
1.00083562888276),.UNSPECIFIED.)
GEOMETRIC_REPRESENTATION_ITEM()
RATIONAL_B_SPLINE_SURFACE(((1.00016310826765,0.696425179497667,1.00050721528711),
(1.00016347201228,0.695748183098917,1.00050834641822),(1.0001625151489,
0.697529083812131,1.00050537087477),(1.00015965460079,0.702853095838283,
1.00049647547204),(1.00015797701262,0.705975399419154,1.00049125870174),
(1.00015726555055,0.707299562632601,1.00048904627904),(1.00015834411806,
0.705292147922321,1.00049240028392),(1.00016125148589,0.69988099568898,
1.00050144128122),(1.00016285223087,0.696901711573952,1.00050641909343),
(1.00016310819133,0.696425321554649,1.00050721504976)))
REPRESENTATION_ITEM('')
SURFACE()
);
#87=(
BOUNDED_SURFACE()
B_SPLINE_SURFACE(3,2,((#9699,#9700,#9701),(#9702,#9703,#9704),(#9705,#9706,
#9707),(#9708,#9709,#9710),(#9711,#9712,#9713),(#9714,#9715,#9716),(#9717,
#9718,#9719),(#9720,#9721,#9722),(#9723,#9724,#9725),(#9726,#9727,#9728)),
 .UNSPECIFIED.,.F.,.F.,.F.)
B_SPLINE_SURFACE_WITH_KNOTS((4,2,2,2,4),(3,3),(0.,0.000255139477250503,
0.000510278954501005,0.000765418431751508,0.00102055790900201),(-0.000292122043178065,
1.00064695312712),.UNSPECIFIED.)
GEOMETRIC_REPRESENTATION_ITEM()
RATIONAL_B_SPLINE_SURFACE(((1.00017721770544,0.696475506359608,1.00039261747426),
(1.0001776415973,0.695749497862139,1.00039355658669),(1.00017654453203,
0.697628464632287,1.00039112609029),(1.00017347904667,0.702878785911516,
1.00038433465196),(1.00017164664742,0.706017174671192,1.00038027505778),
(1.00017086904953,0.70734898294544,1.0003785523263),(1.00017201943088,0.705378700592186,
1.00038110094197),(1.00017521518139,0.699905271439448,1.00038818097661),
(1.00017691521703,0.69699358462675,1.00039194732545),(1.00017721778837,
0.696475364325926,1.00039261765799)))
REPRESENTATION_ITEM('')
SURFACE()
);
#88=(
BOUNDED_SURFACE()
B_SPLINE_SURFACE(3,2,((#9739,#9740,#9741),(#9742,#9743,#9744),(#9745,#9746,
#9747),(#9748,#9749,#9750),(#9751,#9752,#9753),(#9754,#9755,#9756),(#9757,
#9758,#9759),(#9760,#9761,#9762),(#9763,#9764,#9765),(#9766,#9767,#9768)),
 .UNSPECIFIED.,.F.,.F.,.F.)
B_SPLINE_SURFACE_WITH_KNOTS((4,2,2,2,4),(3,3),(0.00102055790897324,0.00127569738621655,
0.00153083686345986,0.00178597634070317,0.00204111581794648),(-0.000268870458189906,
1.00083562888312),.UNSPECIFIED.)
GEOMETRIC_REPRESENTATION_ITEM()
RATIONAL_B_SPLINE_SURFACE(((1.00016310826755,0.696425179497621,1.00050721528733),
(1.00016347201218,0.695748183098449,1.00050834641843),(1.00016251514879,
0.697529083812601,1.00050537087499),(1.00015965460069,0.702853095837656,
1.00049647547225),(1.00015797701252,0.705975399418908,1.00049125870195),
(1.00015726555045,0.707299562632616,1.00048904627925),(1.00015834411796,
0.705292147922024,1.00049240028413),(1.00016125148578,0.699880995688878,
1.00050144128143),(1.00016285223076,0.696901711573876,1.00050641909365),
(1.00016310819122,0.69642532155461,1.00050721504998)))
REPRESENTATION_ITEM('')
SURFACE()
);
#89=(
BOUNDED_SURFACE()
B_SPLINE_SURFACE(3,2,((#9783,#9784,#9785),(#9786,#9787,#9788),(#9789,#9790,
#9791),(#9792,#9793,#9794),(#9795,#9796,#9797),(#9798,#9799,#9800),(#9801,
#9802,#9803),(#9804,#9805,#9806),(#9807,#9808,#9809),(#9810,#9811,#9812)),
 .UNSPECIFIED.,.F.,.F.,.F.)
B_SPLINE_SURFACE_WITH_KNOTS((4,2,2,2,4),(3,3),(0.,0.000255139477249857,
0.000510278954499715,0.000765418431749572,0.00102055790899943),(-0.00029212204393208,
1.000646953127),.UNSPECIFIED.)
GEOMETRIC_REPRESENTATION_ITEM()
RATIONAL_B_SPLINE_SURFACE(((1.0001772177059,0.69647550635943,1.0003926174742),
(1.00017764159775,0.695749497862342,1.00039355658662),(1.00017654453248,
0.697628464631576,1.00039112609022),(1.00017347904712,0.702878785911859,
1.0003843346519),(1.00017164664787,0.706017174672201,1.00038027505771),
(1.00017086904997,0.70734898294402,1.00037855232624),(1.00017201943133,
0.705378700591181,1.00038110094191),(1.00017521518185,0.699905271439704,
1.00038818097654),(1.00017691521749,0.696993584626243,1.00039194732538),
(1.00017721778883,0.696475364325747,1.00039261765792)))
REPRESENTATION_ITEM('')
SURFACE()
);
#90=(
BOUNDED_SURFACE()
B_SPLINE_SURFACE(3,2,((#10167,#10168,#10169),(#10170,#10171,#10172),(#10173,
#10174,#10175),(#10176,#10177,#10178),(#10179,#10180,#10181),(#10182,#10183,
#10184),(#10185,#10186,#10187),(#10188,#10189,#10190),(#10191,#10192,#10193),
(#10194,#10195,#10196)),.UNSPECIFIED.,.F.,.F.,.F.)
B_SPLINE_SURFACE_WITH_KNOTS((4,2,2,2,4),(3,3),(0.00047610645098996,0.000661258959695906,
0.000793510751643196,0.000925762543590485,0.00111091505231669),(-0.000646327503729264,
1.00036277692993),.UNSPECIFIED.)
GEOMETRIC_REPRESENTATION_ITEM()
RATIONAL_B_SPLINE_SURFACE(((1.00036717937424,0.71584632994228,1.00020603557735),
(1.00036326797729,0.718873291363637,1.00020384077289),(1.00036484051541,
0.717656331723518,1.00020472317213),(1.00037249428337,0.711733215095937,
1.00020901793543),(1.00037739847738,0.707937945470967,1.00021176982868),
(1.00037976881688,0.706103581352789,1.00021309989868),(1.00037619291241,
0.708870911030161,1.00021109334931),(1.00036730818533,0.715746645307265,
1.00020610785719),(1.00036312414986,0.71898459688582,1.00020376006692),
(1.00036592834443,0.716814479943511,1.00020533358626)))
REPRESENTATION_ITEM('')
SURFACE()
);
#91=(
BOUNDED_SURFACE()
B_SPLINE_SURFACE(3,2,((#10213,#10214,#10215),(#10216,#10217,#10218),(#10219,
#10220,#10221),(#10222,#10223,#10224),(#10225,#10226,#10227),(#10228,#10229,
#10230),(#10231,#10232,#10233),(#10234,#10235,#10236),(#10237,#10238,#10239),
(#10240,#10241,#10242)),.UNSPECIFIED.,.F.,.F.,.F.)
B_SPLINE_SURFACE_WITH_KNOTS((4,2,2,2,4),(3,3),(0.,0.000132251791942221,
0.000264503583884443,0.000396755375826664,0.000529007167768885),(0.,1.00041043790012),
 .UNSPECIFIED.)
GEOMETRIC_REPRESENTATION_ITEM()
RATIONAL_B_SPLINE_SURFACE(((1.,0.717627374325381,1.00023179285507),(1.,
0.718146016163459,1.00023136711453),(1.,0.716866855154793,1.00023241714685),
(1.,0.71186535949152,1.00023652275361),(1.,0.708107209859977,1.00023960772769),
(1.,0.706288976273351,1.00024110027164),(1.,0.709007400746627,1.00023886878278),
(1.,0.714779497358757,1.00023413060835),(1.,0.717245776782354,1.00023210609926),
(1.,0.717617437555908,1.00023180101192)))
REPRESENTATION_ITEM('')
SURFACE()
);
#92=(
BOUNDED_SURFACE()
B_SPLINE_SURFACE(3,2,((#10255,#10256,#10257),(#10258,#10259,#10260),(#10261,
#10262,#10263),(#10264,#10265,#10266),(#10267,#10268,#10269),(#10270,#10271,
#10272),(#10273,#10274,#10275),(#10276,#10277,#10278),(#10279,#10280,#10281),
(#10282,#10283,#10284)),.UNSPECIFIED.,.F.,.F.,.F.)
B_SPLINE_SURFACE_WITH_KNOTS((4,2,2,2,4),(3,3),(0.000476106450990607,0.000661258959696985,
0.00079351075164437,0.000925762543591755,0.00111091505231809),(-0.00064632750600225,
1.00036277693091),.UNSPECIFIED.)
GEOMETRIC_REPRESENTATION_ITEM()
RATIONAL_B_SPLINE_SURFACE(((1.00036717937553,0.715846329943479,1.0002060355779),
(1.00036326797857,0.71887329136058,1.00020384077344),(1.00036484051669,
0.717656331723823,1.00020472317267),(1.00037249428469,0.711733215093617,
1.00020901793599),(1.00037739847871,0.707937945470728,1.00021176982925),
(1.00037976881822,0.706103581351577,1.00021309989925),(1.00037619291374,
0.70887091102875,1.00021109334987),(1.00036730818662,0.715746645308175,
1.00020610785774),(1.00036312415114,0.718984596881596,1.00020376006747),
(1.00036592834572,0.716814479945854,1.00020533358681)))
REPRESENTATION_ITEM('')
SURFACE()
);
#93=(
BOUNDED_SURFACE()
B_SPLINE_SURFACE(3,2,((#10301,#10302,#10303),(#10304,#10305,#10306),(#10307,
#10308,#10309),(#10310,#10311,#10312),(#10313,#10314,#10315),(#10316,#10317,
#10318),(#10319,#10320,#10321),(#10322,#10323,#10324),(#10325,#10326,#10327),
(#10328,#10329,#10330)),.UNSPECIFIED.,.F.,.F.,.F.)
B_SPLINE_SURFACE_WITH_KNOTS((4,2,2,2,4),(3,3),(0.,0.000132251791942393,
0.000264503583884787,0.00039675537582718,0.000529007167769574),(0.,1.0004104379007),
 .UNSPECIFIED.)
GEOMETRIC_REPRESENTATION_ITEM()
RATIONAL_B_SPLINE_SURFACE(((1.,0.717627374325292,1.00023179285539),(1.,
0.71814601616367,1.00023136711486),(1.,0.716866855154324,1.00023241714718),
(1.,0.711865359490416,1.00023652275394),(1.,0.708107209859777,1.00023960772803),
(1.,0.706288976273358,1.00024110027198),(1.,0.709007400746445,1.00023886878311),
(1.,0.714779497359428,1.00023413060868),(1.,0.717245776781743,1.00023210609958),
(1.,0.717617437555803,1.00023180101225)))
REPRESENTATION_ITEM('')
SURFACE()
);
#94=(
BOUNDED_SURFACE()
B_SPLINE_SURFACE(3,2,((#10343,#10344,#10345),(#10346,#10347,#10348),(#10349,
#10350,#10351),(#10352,#10353,#10354),(#10355,#10356,#10357),(#10358,#10359,
#10360),(#10361,#10362,#10363),(#10364,#10365,#10366),(#10367,#10368,#10369),
(#10370,#10371,#10372)),.UNSPECIFIED.,.F.,.F.,.F.)
B_SPLINE_SURFACE_WITH_KNOTS((4,2,2,2,4),(3,3),(0.000476106450989011,0.000661258959694899,
0.00079351075164178,0.000925762543588661,0.00111091505231429),(-0.000646327505115562,
1.00036277693051),.UNSPECIFIED.)
GEOMETRIC_REPRESENTATION_ITEM()
RATIONAL_B_SPLINE_SURFACE(((1.00036717937503,0.715846329942482,1.00020603557768),
(1.00036326797807,0.718873291362441,1.00020384077321),(1.00036484051619,
0.717656331723376,1.00020472317245),(1.00037249428417,0.71173321509449,
1.00020901793576),(1.00037739847819,0.707937945470229,1.00021176982902),
(1.0003797688177,0.706103581352418,1.00021309989902),(1.00037619291322,
0.708870911030212,1.00021109334964),(1.00036730818611,0.715746645308289,
1.00020610785752),(1.00036312415064,0.718984596881263,1.00020376006724),
(1.00036592834521,0.716814479947203,1.00020533358659)))
REPRESENTATION_ITEM('')
SURFACE()
);
#95=(
BOUNDED_SURFACE()
B_SPLINE_SURFACE(3,2,((#10389,#10390,#10391),(#10392,#10393,#10394),(#10395,
#10396,#10397),(#10398,#10399,#10400),(#10401,#10402,#10403),(#10404,#10405,
#10406),(#10407,#10408,#10409),(#10410,#10411,#10412),(#10413,#10414,#10415),
(#10416,#10417,#10418)),.UNSPECIFIED.,.F.,.F.,.F.)
B_SPLINE_SURFACE_WITH_KNOTS((4,2,2,2,4),(3,3),(0.,0.000132251791941944,
0.000264503583883888,0.000396755375825832,0.000529007167767776),(0.,1.00041043790206),
 .UNSPECIFIED.)
GEOMETRIC_REPRESENTATION_ITEM()
RATIONAL_B_SPLINE_SURFACE(((1.,0.717627374324932,1.00023179285616),(1.,
0.718146016162989,1.00023136711563),(1.,0.716866855153987,1.00023241714795),
(1.,0.711865359490686,1.00023652275472),(1.,0.708107209859645,1.00023960772882),
(1.,0.706288976272909,1.00024110027278),(1.,0.709007400746237,1.0002388687839),
(1.,0.71477949735878,1.00023413060946),(1.,0.717245776781434,1.00023210610035),
(1.,0.717617437555442,1.00023180101302)))
REPRESENTATION_ITEM('')
SURFACE()
);
#96=(
BOUNDED_SURFACE()
B_SPLINE_SURFACE(3,2,((#10431,#10432,#10433),(#10434,#10435,#10436),(#10437,
#10438,#10439),(#10440,#10441,#10442),(#10443,#10444,#10445),(#10446,#10447,
#10448),(#10449,#10450,#10451),(#10452,#10453,#10454),(#10455,#10456,#10457),
(#10458,#10459,#10460)),.UNSPECIFIED.,.F.,.F.,.F.)
B_SPLINE_SURFACE_WITH_KNOTS((4,2,2,2,4),(3,3),(0.000476106450990872,0.0006612589596973,
0.00079351075164479,0.000925762543592279,0.00111091505231876),(-0.000646327505727588,
1.00036277692999),.UNSPECIFIED.)
GEOMETRIC_REPRESENTATION_ITEM()
RATIONAL_B_SPLINE_SURFACE(((1.00036717937538,0.715846329943054,1.00020603557738),
(1.00036326797841,0.718873291361677,1.00020384077292),(1.00036484051654,
0.717656331723796,1.00020472317216),(1.00037249428453,0.711733215094285,
1.00020901793546),(1.00037739847855,0.707937945470167,1.00021176982871),
(1.00037976881806,0.706103581352155,1.00021309989871),(1.00037619291358,
0.708870911029692,1.00021109334934),(1.00036730818646,0.71574664530815,
1.00020610785722),(1.00036312415098,0.718984596881717,1.00020376006695),
(1.00036592834556,0.716814479946558,1.00020533358629)))
REPRESENTATION_ITEM('')
SURFACE()
);
#97=(
BOUNDED_SURFACE()
B_SPLINE_SURFACE(3,2,((#10477,#10478,#10479),(#10480,#10481,#10482),(#10483,
#10484,#10485),(#10486,#10487,#10488),(#10489,#10490,#10491),(#10492,#10493,
#10494),(#10495,#10496,#10497),(#10498,#10499,#10500),(#10501,#10502,#10503),
(#10504,#10505,#10506)),.UNSPECIFIED.,.F.,.F.,.F.)
B_SPLINE_SURFACE_WITH_KNOTS((4,2,2,2,4),(3,3),(0.,0.000132251791942471,
0.000264503583884943,0.000396755375827414,0.000529007167769885),(0.,1.00041043789926),
 .UNSPECIFIED.)
GEOMETRIC_REPRESENTATION_ITEM()
RATIONAL_B_SPLINE_SURFACE(((1.,0.717627374325678,1.00023179285458),(1.,
0.718146016163566,1.00023136711405),(1.,0.716866855154869,1.00023241714636),
(1.,0.711865359491926,1.00023652275311),(1.,0.708107209860259,1.00023960772719),
(1.,0.706288976273535,1.00024110027114),(1.,0.709007400747169,1.00023886878228),
(1.,0.714779497359194,1.00023413060786),(1.,0.717245776782615,1.00023210609877),
(1.,0.717617437556203,1.00023180101143)))
REPRESENTATION_ITEM('')
SURFACE()
);
#98=(
BOUNDED_SURFACE()
B_SPLINE_SURFACE(1,2,((#10998,#10999,#11000,#11001,#11002,#11003,#11004,
#11005,#11006,#11007,#11008,#11009,#11010,#11011,#11012,#11013,#11014,#11015,
#11016,#11017,#11018,#11019,#11020,#11021,#11022,#11023,#11024,#11025,#11026,
#11027,#11028,#11029,#11030,#11031,#11032,#11033,#11034,#11035,#11036,#11037,
#11038,#11039,#11040,#11041,#11042,#11043,#11044,#11045,#11046,#11047,#11048,
#11049,#11050,#11051,#11052,#11053,#11054,#11055,#11056,#11057,#11058,#11059,
#11060,#11061,#11062,#11063,#11064,#11065,#11066,#11067,#11068,#11069,#11070,
#11071,#11072,#11073,#11074,#11075,#11076,#11077,#11078,#11079,#11080,#11081,
#11082,#11083,#11084,#11085,#11086,#11087,#11088,#11089,#11090),(#11091,
#11092,#11093,#11094,#11095,#11096,#11097,#11098,#11099,#11100,#11101,#11102,
#11103,#11104,#11105,#11106,#11107,#11108,#11109,#11110,#11111,#11112,#11113,
#11114,#11115,#11116,#11117,#11118,#11119,#11120,#11121,#11122,#11123,#11124,
#11125,#11126,#11127,#11128,#11129,#11130,#11131,#11132,#11133,#11134,#11135,
#11136,#11137,#11138,#11139,#11140,#11141,#11142,#11143,#11144,#11145,#11146,
#11147,#11148,#11149,#11150,#11151,#11152,#11153,#11154,#11155,#11156,#11157,
#11158,#11159,#11160,#11161,#11162,#11163,#11164,#11165,#11166,#11167,#11168,
#11169,#11170,#11171,#11172,#11173,#11174,#11175,#11176,#11177,#11178,#11179,
#11180,#11181,#11182,#11183)),.UNSPECIFIED.,.F.,.F.,.F.)
B_SPLINE_SURFACE_WITH_KNOTS((2,2),(3,2,2,2,2,2,2,2,2,2,2,2,2,2,2,2,2,2,
2,2,2,2,2,2,2,2,2,2,2,2,2,2,2,2,2,2,2,2,2,2,2,2,2,2,2,2,3),(-6.55035642488717E-5,
1.),(0.,0.0208333333333333,0.0416666666666667,0.0625,0.0833333333333333,
0.104166666666667,0.125,0.145833333333333,0.166666666666667,0.1875,0.208333333333333,
0.229166666666667,0.25,0.270833333333333,0.291666666666667,0.3125,0.333333333333333,
0.354166666666667,0.375,0.395833333333333,0.416666666666667,0.4375,0.458333333333333,
0.479166666666667,0.5,0.520833333333333,0.541666666666667,0.5625,0.583333333333333,
0.604166666666667,0.625,0.645833333333333,0.666666666666667,0.6875,0.708333333333333,
0.729166666666667,0.75,0.770833333333333,0.791666666666667,0.8125,0.833333333333333,
0.854166666666667,0.875,0.895833333333333,0.916666666666667,0.9375,0.940585324135989),
 .UNSPECIFIED.)
GEOMETRIC_REPRESENTATION_ITEM()
RATIONAL_B_SPLINE_SURFACE(((1.,0.866025403784439,1.,0.866025403784439,1.,
0.866025403784439,1.,0.866025403784439,1.,0.866025403784439,1.,0.866025403784439,
1.,0.866025403784439,1.,0.866025403784439,1.,0.866025403784439,1.,0.866025403784439,
1.,0.866025403784439,1.,0.866025403784439,1.,0.866025403784439,1.,0.866025403784439,
1.,0.866025403784439,1.,0.866025403784439,1.,0.866025403784439,1.,0.866025403784439,
1.,0.866025403784439,1.,0.866025403784439,1.,0.866025403784439,1.,0.866025403784439,
1.,0.866025403784439,1.,0.866025403784439,1.,0.866025403784439,1.,0.866025403784439,
1.,0.866025403784439,1.,0.866025403784439,1.,0.866025403784439,1.,0.866025403784439,
1.,0.866025403784439,1.,0.866025403784439,1.,0.866025403784439,1.,0.866025403784439,
1.,0.866025403784439,1.,0.866025403784439,1.,0.866025403784439,1.,0.866025403784439,
1.,0.866025403784439,1.,0.866025403784439,1.,0.866025403784439,1.,0.866025403784439,
1.,0.866025403784439,1.,0.866025403784439,1.,0.866025403784439,1.,0.980158957344962,
0.966194655277455),(1.,0.866025403784439,1.,0.866025403784439,1.,0.866025403784439,
1.,0.866025403784439,1.,0.866025403784439,1.,0.866025403784439,1.,0.866025403784439,
1.,0.866025403784439,1.,0.866025403784439,1.,0.866025403784439,1.,0.866025403784439,
1.,0.866025403784439,1.,0.866025403784439,1.,0.866025403784439,1.,0.866025403784439,
1.,0.866025403784439,1.,0.866025403784439,1.,0.866025403784439,1.,0.866025403784439,
1.,0.866025403784439,1.,0.866025403784439,1.,0.866025403784439,1.,0.866025403784439,
1.,0.866025403784439,1.,0.866025403784439,1.,0.866025403784439,1.,0.866025403784439,
1.,0.866025403784439,1.,0.866025403784439,1.,0.866025403784439,1.,0.866025403784439,
1.,0.866025403784439,1.,0.866025403784439,1.,0.866025403784439,1.,0.866025403784439,
1.,0.866025403784439,1.,0.866025403784439,1.,0.866025403784439,1.,0.866025403784439,
1.,0.866025403784439,1.,0.866025403784439,1.,0.866025403784439,1.,0.866025403784439,
1.,0.866025403784439,1.,0.866025403784439,1.,0.980158957344962,0.966194655277455)))
REPRESENTATION_ITEM('')
SURFACE()
);
#99=(
BOUNDED_SURFACE()
B_SPLINE_SURFACE(1,2,((#11230,#11231,#11232,#11233,#11234,#11235,#11236,
#11237,#11238,#11239,#11240,#11241,#11242,#11243,#11244,#11245,#11246,#11247,
#11248,#11249,#11250,#11251,#11252,#11253,#11254,#11255,#11256,#11257,#11258,
#11259,#11260,#11261,#11262,#11263,#11264,#11265,#11266,#11267,#11268,#11269,
#11270,#11271,#11272,#11273,#11274,#11275,#11276,#11277,#11278,#11279,#11280,
#11281,#11282,#11283,#11284,#11285,#11286,#11287,#11288,#11289,#11290,#11291,
#11292,#11293,#11294,#11295,#11296,#11297,#11298,#11299,#11300,#11301,#11302,
#11303,#11304,#11305,#11306,#11307,#11308,#11309,#11310,#11311,#11312,#11313,
#11314,#11315,#11316,#11317,#11318,#11319,#11320,#11321,#11322),(#11323,
#11324,#11325,#11326,#11327,#11328,#11329,#11330,#11331,#11332,#11333,#11334,
#11335,#11336,#11337,#11338,#11339,#11340,#11341,#11342,#11343,#11344,#11345,
#11346,#11347,#11348,#11349,#11350,#11351,#11352,#11353,#11354,#11355,#11356,
#11357,#11358,#11359,#11360,#11361,#11362,#11363,#11364,#11365,#11366,#11367,
#11368,#11369,#11370,#11371,#11372,#11373,#11374,#11375,#11376,#11377,#11378,
#11379,#11380,#11381,#11382,#11383,#11384,#11385,#11386,#11387,#11388,#11389,
#11390,#11391,#11392,#11393,#11394,#11395,#11396,#11397,#11398,#11399,#11400,
#11401,#11402,#11403,#11404,#11405,#11406,#11407,#11408,#11409,#11410,#11411,
#11412,#11413,#11414,#11415)),.UNSPECIFIED.,.F.,.F.,.F.)
B_SPLINE_SURFACE_WITH_KNOTS((2,2),(3,2,2,2,2,2,2,2,2,2,2,2,2,2,2,2,2,2,
2,2,2,2,2,2,2,2,2,2,2,2,2,2,2,2,2,2,2,2,2,2,2,2,2,2,2,2,3),(0.,1.00008506853757),
(0.,0.0208333333333333,0.0416666666666667,0.0625,0.0833333333333333,0.104166666666667,
0.125,0.145833333333333,0.166666666666667,0.1875,0.208333333333333,0.229166666666667,
0.25,0.270833333333333,0.291666666666667,0.3125,0.333333333333333,0.354166666666667,
0.375,0.395833333333333,0.416666666666667,0.4375,0.458333333333333,0.479166666666667,
0.5,0.520833333333333,0.541666666666667,0.5625,0.583333333333333,0.604166666666667,
0.625,0.645833333333333,0.666666666666667,0.6875,0.708333333333333,0.729166666666667,
0.75,0.770833333333333,0.791666666666667,0.8125,0.833333333333333,0.854166666666667,
0.875,0.895833333333333,0.916666666666667,0.9375,0.940585385792747),
 .UNSPECIFIED.)
GEOMETRIC_REPRESENTATION_ITEM()
RATIONAL_B_SPLINE_SURFACE(((1.,0.866025403784439,1.,0.866025403784439,1.,
0.866025403784439,1.,0.866025403784439,1.,0.866025403784439,1.,0.866025403784439,
1.,0.866025403784439,1.,0.866025403784439,1.,0.866025403784439,1.,0.866025403784439,
1.,0.866025403784439,1.,0.866025403784439,1.,0.866025403784439,1.,0.866025403784439,
1.,0.866025403784439,1.,0.866025403784439,1.,0.866025403784439,1.,0.866025403784439,
1.,0.866025403784439,1.,0.866025403784439,1.,0.866025403784439,1.,0.866025403784439,
1.,0.866025403784439,1.,0.866025403784439,1.,0.866025403784439,1.,0.866025403784439,
1.,0.866025403784439,1.,0.866025403784439,1.,0.866025403784439,1.,0.866025403784439,
1.,0.866025403784439,1.,0.866025403784439,1.,0.866025403784439,1.,0.866025403784439,
1.,0.866025403784439,1.,0.866025403784439,1.,0.866025403784439,1.,0.866025403784439,
1.,0.866025403784439,1.,0.866025403784439,1.,0.866025403784439,1.,0.866025403784439,
1.,0.866025403784439,1.,0.866025403784439,1.,0.866025403784439,1.,0.980158560843878,
0.966194097157832),(1.,0.866025403784439,1.,0.866025403784439,1.,0.866025403784439,
1.,0.866025403784439,1.,0.866025403784439,1.,0.866025403784439,1.,0.866025403784439,
1.,0.866025403784439,1.,0.866025403784439,1.,0.866025403784439,1.,0.866025403784439,
1.,0.866025403784439,1.,0.866025403784439,1.,0.866025403784439,1.,0.866025403784439,
1.,0.866025403784439,1.,0.866025403784439,1.,0.866025403784439,1.,0.866025403784439,
1.,0.866025403784439,1.,0.866025403784439,1.,0.866025403784439,1.,0.866025403784439,
1.,0.866025403784439,1.,0.866025403784439,1.,0.866025403784439,1.,0.866025403784439,
1.,0.866025403784439,1.,0.866025403784439,1.,0.866025403784439,1.,0.866025403784439,
1.,0.866025403784439,1.,0.866025403784439,1.,0.866025403784439,1.,0.866025403784439,
1.,0.866025403784439,1.,0.866025403784439,1.,0.866025403784439,1.,0.866025403784439,
1.,0.866025403784439,1.,0.866025403784439,1.,0.866025403784439,1.,0.866025403784439,
1.,0.866025403784439,1.,0.866025403784439,1.,0.980158560843878,0.966194097157832)))
REPRESENTATION_ITEM('')
SURFACE()
);
#100=(
BOUNDED_SURFACE()
B_SPLINE_SURFACE(3,2,((#11430,#11431,#11432),(#11433,#11434,#11435),(#11436,
#11437,#11438),(#11439,#11440,#11441),(#11442,#11443,#11444),(#11445,#11446,
#11447),(#11448,#11449,#11450),(#11451,#11452,#11453),(#11454,#11455,#11456),
(#11457,#11458,#11459)),.UNSPECIFIED.,.F.,.F.,.F.)
B_SPLINE_SURFACE_WITH_KNOTS((4,2,2,2,4),(3,3),(0.00102055790897597,0.00127569738621996,
0.00153083686346396,0.00178597634070795,0.00204111581795195),(-0.000268870458852514,
1.00083562888127),.UNSPECIFIED.)
GEOMETRIC_REPRESENTATION_ITEM()
RATIONAL_B_SPLINE_SURFACE(((1.00016310826795,0.696425179497966,1.0005072152862),
(1.00016347201258,0.695748183099611,1.00050834641731),(1.00016251514919,
0.697529083812105,1.00050537087387),(1.00015965460108,0.70285309583897,
1.00049647547115),(1.00015797701291,0.705975399419163,1.00049125870086),
(1.00015726555084,0.707299562633151,1.00048904627816),(1.00015834411835,
0.705292147921848,1.00049240028304),(1.00016125148618,0.699880995689422,
1.00050144128032),(1.00016285223117,0.696901711574069,1.00050641909252),
(1.00016310819163,0.696425321554952,1.00050721504885)))
REPRESENTATION_ITEM('')
SURFACE()
);
#101=(
BOUNDED_SURFACE()
B_SPLINE_SURFACE(3,2,((#11474,#11475,#11476),(#11477,#11478,#11479),(#11480,
#11481,#11482),(#11483,#11484,#11485),(#11486,#11487,#11488),(#11489,#11490,
#11491),(#11492,#11493,#11494),(#11495,#11496,#11497),(#11498,#11499,#11500),
(#11501,#11502,#11503)),.UNSPECIFIED.,.F.,.F.,.F.)
B_SPLINE_SURFACE_WITH_KNOTS((4,2,2,2,4),(3,3),(0.,0.000255139477250543,
0.000510278954501087,0.00076541843175163,0.00102055790900217),(-0.000292122042830229,
1.00064695312696),.UNSPECIFIED.)
GEOMETRIC_REPRESENTATION_ITEM()
RATIONAL_B_SPLINE_SURFACE(((1.00017721770523,0.696475506359759,1.00039261747417),
(1.00017764159708,0.695749497863112,1.00039355658659),(1.00017654453182,
0.697628464631354,1.0003911260902),(1.00017347904647,0.702878785912937,
1.00038433465187),(1.00017164664722,0.706017174672504,1.00038027505769),
(1.00017086904933,0.707348982944346,1.00037855232621),(1.00017201943068,
0.705378700591902,1.00038110094188),(1.00017521518119,0.699905271439499,
1.00038818097652),(1.00017691521682,0.696993584626823,1.00039194732535),
(1.00017721778816,0.696475364326072,1.00039261765789)))
REPRESENTATION_ITEM('')
SURFACE()
);
#102=(
BOUNDED_SURFACE()
B_SPLINE_SURFACE(3,2,((#11514,#11515,#11516),(#11517,#11518,#11519),(#11520,
#11521,#11522),(#11523,#11524,#11525),(#11526,#11527,#11528),(#11529,#11530,
#11531),(#11532,#11533,#11534),(#11535,#11536,#11537),(#11538,#11539,#11540),
(#11541,#11542,#11543)),.UNSPECIFIED.,.F.,.F.,.F.)
B_SPLINE_SURFACE_WITH_KNOTS((4,2,2,2,4),(3,3),(0.00102055790897328,0.0012756973862166,
0.00153083686345992,0.00178597634070323,0.00204111581794655),(-0.000268870456553426,
1.00083562888184),.UNSPECIFIED.)
GEOMETRIC_REPRESENTATION_ITEM()
RATIONAL_B_SPLINE_SURFACE(((1.00016310826656,0.696425179498489,1.00050721528655),
(1.00016347201118,0.695748183099787,1.00050834641766),(1.0001625151478,
0.697529083813073,1.00050537087422),(1.00015965459971,0.702853095839022,
1.00049647547149),(1.00015797701155,0.705975399419852,1.0004912587012),
(1.0001572655495,0.707299562633485,1.0004890462785),(1.00015834411699,0.705292147921873,
1.00049240028337),(1.0001612514848,0.699880995690831,1.00050144128066),
(1.00016285222977,0.696901711573978,1.00050641909287),(1.00016310819023,
0.696425321555428,1.0005072150492)))
REPRESENTATION_ITEM('')
SURFACE()
);
#103=(
BOUNDED_SURFACE()
B_SPLINE_SURFACE(3,2,((#11558,#11559,#11560),(#11561,#11562,#11563),(#11564,
#11565,#11566),(#11567,#11568,#11569),(#11570,#11571,#11572),(#11573,#11574,
#11575),(#11576,#11577,#11578),(#11579,#11580,#11581),(#11582,#11583,#11584),
(#11585,#11586,#11587)),.UNSPECIFIED.,.F.,.F.,.F.)
B_SPLINE_SURFACE_WITH_KNOTS((4,2,2,2,4),(3,3),(0.,0.000255139477249755,
0.00051027895449951,0.000765418431749265,0.00102055790899902),(-0.00029212204449462,
1.00064695312536),.UNSPECIFIED.)
GEOMETRIC_REPRESENTATION_ITEM()
RATIONAL_B_SPLINE_SURFACE(((1.00017721770624,0.696475506359691,1.0003926174732),
(1.0001776415981,0.695749497863025,1.00039355658562),(1.00017654453283,
0.697628464631533,1.00039112608923),(1.00017347904746,0.702878785912517,
1.00038433465092),(1.0001716466482,0.706017174672093,1.00038027505675),
(1.0001708690503,0.707348982944708,1.00037855232527),(1.00017201943166,
0.705378700592996,1.00038110094093),(1.00017521518218,0.699905271439445,
1.00038818097556),(1.00017691521783,0.696993584626676,1.00039194732438),
(1.00017721778917,0.696475364326056,1.00039261765692)))
REPRESENTATION_ITEM('')
SURFACE()
);
#104=(
BOUNDED_SURFACE()
B_SPLINE_SURFACE(3,2,((#11598,#11599,#11600),(#11601,#11602,#11603),(#11604,
#11605,#11606),(#11607,#11608,#11609),(#11610,#11611,#11612),(#11613,#11614,
#11615),(#11616,#11617,#11618),(#11619,#11620,#11621),(#11622,#11623,#11624),
(#11625,#11626,#11627)),.UNSPECIFIED.,.F.,.F.,.F.)
B_SPLINE_SURFACE_WITH_KNOTS((4,2,2,2,4),(3,3),(0.00102055790897582,0.00127569738621977,
0.00153083686346373,0.00178597634070768,0.00204111581795163),(-0.000268870458362034,
1.00083562888276),.UNSPECIFIED.)
GEOMETRIC_REPRESENTATION_ITEM()
RATIONAL_B_SPLINE_SURFACE(((1.00016310826765,0.696425179497667,1.00050721528711),
(1.00016347201228,0.695748183098917,1.00050834641822),(1.0001625151489,
0.697529083812131,1.00050537087477),(1.00015965460079,0.702853095838283,
1.00049647547204),(1.00015797701262,0.705975399419154,1.00049125870174),
(1.00015726555055,0.707299562632601,1.00048904627904),(1.00015834411806,
0.705292147922321,1.00049240028392),(1.00016125148589,0.69988099568898,
1.00050144128122),(1.00016285223087,0.696901711573952,1.00050641909343),
(1.00016310819133,0.696425321554649,1.00050721504976)))
REPRESENTATION_ITEM('')
SURFACE()
);
#105=(
BOUNDED_SURFACE()
B_SPLINE_SURFACE(3,2,((#11642,#11643,#11644),(#11645,#11646,#11647),(#11648,
#11649,#11650),(#11651,#11652,#11653),(#11654,#11655,#11656),(#11657,#11658,
#11659),(#11660,#11661,#11662),(#11663,#11664,#11665),(#11666,#11667,#11668),
(#11669,#11670,#11671)),.UNSPECIFIED.,.F.,.F.,.F.)
B_SPLINE_SURFACE_WITH_KNOTS((4,2,2,2,4),(3,3),(0.,0.000255139477250503,
0.000510278954501005,0.000765418431751508,0.00102055790900201),(-0.000292122043178065,
1.00064695312712),.UNSPECIFIED.)
GEOMETRIC_REPRESENTATION_ITEM()
RATIONAL_B_SPLINE_SURFACE(((1.00017721770544,0.696475506359608,1.00039261747426),
(1.0001776415973,0.695749497862139,1.00039355658669),(1.00017654453203,
0.697628464632287,1.00039112609029),(1.00017347904667,0.702878785911516,
1.00038433465196),(1.00017164664742,0.706017174671192,1.00038027505778),
(1.00017086904953,0.70734898294544,1.0003785523263),(1.00017201943088,0.705378700592186,
1.00038110094197),(1.00017521518139,0.699905271439448,1.00038818097661),
(1.00017691521703,0.69699358462675,1.00039194732545),(1.00017721778837,
0.696475364325926,1.00039261765799)))
REPRESENTATION_ITEM('')
SURFACE()
);
#106=(
BOUNDED_SURFACE()
B_SPLINE_SURFACE(3,2,((#11682,#11683,#11684),(#11685,#11686,#11687),(#11688,
#11689,#11690),(#11691,#11692,#11693),(#11694,#11695,#11696),(#11697,#11698,
#11699),(#11700,#11701,#11702),(#11703,#11704,#11705),(#11706,#11707,#11708),
(#11709,#11710,#11711)),.UNSPECIFIED.,.F.,.F.,.F.)
B_SPLINE_SURFACE_WITH_KNOTS((4,2,2,2,4),(3,3),(0.00102055790897324,0.00127569738621655,
0.00153083686345986,0.00178597634070317,0.00204111581794648),(-0.000268870458189906,
1.00083562888312),.UNSPECIFIED.)
GEOMETRIC_REPRESENTATION_ITEM()
RATIONAL_B_SPLINE_SURFACE(((1.00016310826755,0.696425179497621,1.00050721528733),
(1.00016347201218,0.695748183098449,1.00050834641843),(1.00016251514879,
0.697529083812601,1.00050537087499),(1.00015965460069,0.702853095837656,
1.00049647547225),(1.00015797701252,0.705975399418908,1.00049125870195),
(1.00015726555045,0.707299562632616,1.00048904627925),(1.00015834411796,
0.705292147922024,1.00049240028413),(1.00016125148578,0.699880995688878,
1.00050144128143),(1.00016285223076,0.696901711573876,1.00050641909365),
(1.00016310819122,0.69642532155461,1.00050721504998)))
REPRESENTATION_ITEM('')
SURFACE()
);
#107=(
BOUNDED_SURFACE()
B_SPLINE_SURFACE(3,2,((#11726,#11727,#11728),(#11729,#11730,#11731),(#11732,
#11733,#11734),(#11735,#11736,#11737),(#11738,#11739,#11740),(#11741,#11742,
#11743),(#11744,#11745,#11746),(#11747,#11748,#11749),(#11750,#11751,#11752),
(#11753,#11754,#11755)),.UNSPECIFIED.,.F.,.F.,.F.)
B_SPLINE_SURFACE_WITH_KNOTS((4,2,2,2,4),(3,3),(0.,0.000255139477249857,
0.000510278954499715,0.000765418431749572,0.00102055790899943),(-0.00029212204393208,
1.000646953127),.UNSPECIFIED.)
GEOMETRIC_REPRESENTATION_ITEM()
RATIONAL_B_SPLINE_SURFACE(((1.0001772177059,0.69647550635943,1.0003926174742),
(1.00017764159775,0.695749497862342,1.00039355658662),(1.00017654453248,
0.697628464631576,1.00039112609022),(1.00017347904712,0.702878785911859,
1.0003843346519),(1.00017164664787,0.706017174672201,1.00038027505771),
(1.00017086904997,0.70734898294402,1.00037855232624),(1.00017201943133,
0.705378700591181,1.00038110094191),(1.00017521518185,0.699905271439704,
1.00038818097654),(1.00017691521749,0.696993584626243,1.00039194732538),
(1.00017721778883,0.696475364325747,1.00039261765792)))
REPRESENTATION_ITEM('')
SURFACE()
);
#108=TOROIDAL_SURFACE('',#4696,0.0475,0.02);
#109=TOROIDAL_SURFACE('',#4738,0.0475,0.02);
#110=TOROIDAL_SURFACE('',#4797,0.0475,0.02);
#111=TOROIDAL_SURFACE('',#4839,0.0475,0.02);
#112=TOROIDAL_SURFACE('',#4922,0.1,0.005);
#113=TOROIDAL_SURFACE('',#5030,0.1,0.005);
#114=FACE_BOUND('',#653,.T.);
#115=FACE_BOUND('',#672,.T.);
#116=FACE_BOUND('',#693,.T.);
#117=FACE_BOUND('',#703,.T.);
#118=FACE_BOUND('',#705,.T.);
#119=FACE_BOUND('',#706,.T.);
#120=FACE_BOUND('',#725,.T.);
#121=FACE_BOUND('',#746,.T.);
#122=FACE_BOUND('',#751,.T.);
#123=FACE_BOUND('',#754,.T.);
#124=FACE_BOUND('',#757,.T.);
#125=FACE_BOUND('',#760,.T.);
#126=FACE_BOUND('',#764,.T.);
#127=FACE_BOUND('',#767,.T.);
#128=FACE_BOUND('',#775,.T.);
#129=FACE_BOUND('',#778,.T.);
#130=FACE_BOUND('',#781,.T.);
#131=FACE_BOUND('',#783,.T.);
#132=FACE_BOUND('',#801,.T.);
#133=FACE_BOUND('',#823,.T.);
#134=FACE_BOUND('',#825,.T.);
#135=FACE_BOUND('',#826,.T.);
#136=FACE_BOUND('',#827,.T.);
#137=FACE_BOUND('',#828,.T.);
#138=FACE_BOUND('',#830,.T.);
#139=FACE_BOUND('',#831,.T.);
#140=FACE_BOUND('',#833,.T.);
#141=FACE_BOUND('',#835,.T.);
#142=FACE_BOUND('',#837,.T.);
#143=FACE_BOUND('',#838,.T.);
#144=FACE_BOUND('',#843,.T.);
#145=FACE_BOUND('',#844,.T.);
#146=FACE_BOUND('',#845,.T.);
#147=FACE_BOUND('',#851,.T.);
#148=FACE_BOUND('',#860,.T.);
#149=FACE_BOUND('',#863,.T.);
#150=FACE_BOUND('',#866,.T.);
#151=FACE_BOUND('',#868,.T.);
#152=FACE_BOUND('',#886,.T.);
#153=FACE_BOUND('',#908,.T.);
#154=FACE_BOUND('',#910,.T.);
#155=FACE_BOUND('',#911,.T.);
#156=FACE_BOUND('',#912,.T.);
#157=FACE_BOUND('',#913,.T.);
#158=FACE_BOUND('',#917,.T.);
#159=FACE_BOUND('',#919,.T.);
#160=FACE_BOUND('',#923,.T.);
#161=FACE_BOUND('',#925,.T.);
#162=FACE_BOUND('',#929,.T.);
#163=FACE_BOUND('',#931,.T.);
#164=FACE_BOUND('',#935,.T.);
#165=FACE_BOUND('',#937,.T.);
#166=PLANE('',#4657);
#167=PLANE('',#4661);
#168=PLANE('',#4662);
#169=PLANE('',#4663);
#170=PLANE('',#4667);
#171=PLANE('',#4671);
#172=PLANE('',#4675);
#173=PLANE('',#4679);
#174=PLANE('',#4683);
#175=PLANE('',#4687);
#176=PLANE('',#4691);
#177=PLANE('',#4695);
#178=PLANE('',#4702);
#179=PLANE('',#4705);
#180=PLANE('',#4709);
#181=PLANE('',#4713);
#182=PLANE('',#4717);
#183=PLANE('',#4721);
#184=PLANE('',#4725);
#185=PLANE('',#4729);
#186=PLANE('',#4733);
#187=PLANE('',#4737);
#188=PLANE('',#4744);
#189=PLANE('',#4747);
#190=PLANE('',#4755);
#191=PLANE('',#4759);
#192=PLANE('',#4760);
#193=PLANE('',#4761);
#194=PLANE('',#4762);
#195=PLANE('',#4768);
#196=PLANE('',#4772);
#197=PLANE('',#4776);
#198=PLANE('',#4780);
#199=PLANE('',#4784);
#200=PLANE('',#4788);
#201=PLANE('',#4792);
#202=PLANE('',#4796);
#203=PLANE('',#4803);
#204=PLANE('',#4806);
#205=PLANE('',#4810);
#206=PLANE('',#4814);
#207=PLANE('',#4818);
#208=PLANE('',#4822);
#209=PLANE('',#4826);
#210=PLANE('',#4830);
#211=PLANE('',#4834);
#212=PLANE('',#4838);
#213=PLANE('',#4845);
#214=PLANE('',#4848);
#215=PLANE('',#4854);
#216=PLANE('',#4860);
#217=PLANE('',#4866);
#218=PLANE('',#4872);
#219=PLANE('',#4878);
#220=PLANE('',#4879);
#221=PLANE('',#4887);
#222=PLANE('',#4893);
#223=PLANE('',#4902);
#224=PLANE('',#4906);
#225=PLANE('',#4912);
#226=PLANE('',#4918);
#227=PLANE('',#4919);
#228=PLANE('',#4953);
#229=PLANE('',#4974);
#230=PLANE('',#4980);
#231=PLANE('',#4983);
#232=PLANE('',#4986);
#233=PLANE('',#4989);
#234=PLANE('',#4991);
#235=PLANE('',#4993);
#236=PLANE('',#4994);
#237=PLANE('',#4995);
#238=PLANE('',#4996);
#239=PLANE('',#4997);
#240=PLANE('',#4998);
#241=PLANE('',#5001);
#242=PLANE('',#5002);
#243=PLANE('',#5003);
#244=PLANE('',#5004);
#245=PLANE('',#5010);
#246=PLANE('',#5014);
#247=PLANE('',#5020);
#248=PLANE('',#5026);
#249=PLANE('',#5027);
#250=PLANE('',#5061);
#251=PLANE('',#5082);
#252=PLANE('',#5091);
#253=PLANE('',#5092);
#254=PLANE('',#5098);
#255=PLANE('',#5099);
#256=PLANE('',#5105);
#257=PLANE('',#5106);
#258=PLANE('',#5112);
#259=PLANE('',#5113);
#260=B_SPLINE_CURVE_WITH_KNOTS('',3,(#6547,#6548,#6549,#6550,#6551,#6552),
 .UNSPECIFIED.,.F.,.F.,(4,2,4),(-0.165517845366995,-0.112830548696237,-1.00000007521861E-6),
 .UNSPECIFIED.);
#261=B_SPLINE_CURVE_WITH_KNOTS('',3,(#6558,#6559,#6560,#6561,#6562,#6563,
#6564,#6565,#6566,#6567,#6568,#6569,#6570,#6571,#6572,#6573,#6574,#6575,
#6576,#6577,#6578,#6579,#6580,#6581,#6582,#6583,#6584,#6585,#6586,#6587,
#6588,#6589,#6590,#6591,#6592,#6593),.UNSPECIFIED.,.F.,.F.,(4,2,2,2,2,2,
2,2,2,2,2,2,2,2,2,2,2,4),(-2.16802870587364,-2.08055460993769,-1.95495228418382,
-1.83400771551352,-1.70778365886194,-1.58361486043744,-1.4628142408865,
-1.33650539467274,-1.21372174378644,-1.09081517528228,-0.964691681324719,
-0.843307467484964,-0.715851652822072,-0.591363102513516,-0.470767947930966,
-0.344504043074795,-0.221406935088646,-0.165517845366995),.UNSPECIFIED.);
#262=B_SPLINE_CURVE_WITH_KNOTS('',3,(#6596,#6597,#6598,#6599,#6600,#6601,
#6602,#6603,#6604,#6605,#6606,#6607,#6608,#6609,#6610,#6611,#6612,#6613,
#6614,#6615,#6616,#6617,#6618,#6619,#6620,#6621,#6622,#6623,#6624,#6625,
#6626,#6627,#6628,#6629),.UNSPECIFIED.,.F.,.F.,(4,2,2,2,2,2,2,2,2,2,2,2,
2,2,2,2,4),(-8.57827458929504,-8.47739931086113,-8.37759529819672,-8.25645587752944,
-8.13247913504497,-8.00613626099657,-7.88531916882167,-7.75992214274759,
-7.63504310819079,-7.51288491589034,-7.38589013615854,-7.26431083119957,
-7.1407451599924,-7.01441079793713,-6.89376299603255,-6.76879315200068,
-6.6622423504547),.UNSPECIFIED.);
#263=B_SPLINE_CURVE_WITH_KNOTS('',3,(#6634,#6635,#6636,#6637,#6638,#6639,
#6640,#6641,#6642,#6643,#6644,#6645,#6646,#6647,#6648,#6649,#6650,#6651,
#6652,#6653,#6654,#6655,#6656,#6657,#6658,#6659,#6660,#6661,#6662,#6663,
#6664,#6665,#6666,#6667,#6668,#6669),.UNSPECIFIED.,.F.,.F.,(4,2,2,2,2,2,
2,2,2,2,2,2,2,2,2,2,2,4),(-4.16965071271505,-4.06219491991949,-3.9371504918426,
-3.81179462259499,-3.68995405843705,-3.56330777979029,-3.44156341021449,
-3.31832138776612,-3.19211491767228,-3.07160388897896,-2.94696558158634,
-2.82028650534586,-2.69878652301416,-2.57504857780942,-2.45396820349755,
-2.32677364917033,-2.20445196178121,-2.16802870587364),.UNSPECIFIED.);
#264=B_SPLINE_CURVE_WITH_KNOTS('',3,(#6670,#6671,#6672,#6673,#6674,#6675,
#6676,#6677,#6678,#6679,#6680,#6681,#6682,#6683,#6684,#6685,#6686,#6687,
#6688,#6689,#6690,#6691,#6692,#6693,#6694,#6695,#6696,#6697,#6698,#6699,
#6700,#6701,#6702,#6703,#6704,#6705,#6706,#6707),.UNSPECIFIED.,.F.,.F.,
(4,2,2,2,2,2,2,2,2,2,2,2,2,2,2,2,2,2,4),(-6.66224235045469,-6.64266183418925,
-6.52086697509907,-6.39428523407142,-6.27207903128044,-6.14888386276497,
-6.02253050343997,-5.90185262944408,-5.77726476606743,-5.64975836361168,
-5.52827898641592,-5.40205580293262,-5.27908474138453,-5.15620502480593,
-5.02980740299025,-4.9089282149302,-4.78466224562813,-4.65834998309198,
-4.65826530262763),.UNSPECIFIED.);
#265=B_SPLINE_CURVE_WITH_KNOTS('',3,(#6712,#6713,#6714,#6715,#6716,#6717,
#6718,#6719,#6720,#6721,#6722,#6723,#6724,#6725,#6726,#6727,#6728,#6729,
#6730,#6731,#6732,#6733,#6734,#6735,#6736,#6737,#6738,#6739,#6740,#6741,
#6742,#6743,#6744,#6745,#6746,#6747,#6748,#6749),.UNSPECIFIED.,.F.,.F.,
(4,2,2,2,2,2,2,2,2,2,2,2,2,2,2,2,2,2,4),(-6.17190241795087,-6.16540430809458,
-6.04417595017936,-5.9182266827714,-5.79497175115318,-5.67234207954983,
-5.54479844008493,-5.42392919999199,-5.29987020440827,-5.17364610233135,
-5.05279888546779,-4.9273117619566,-4.80311711831471,-4.680895046243,-4.55381494366717,
-4.43260816269944,-4.30897388812997,-4.18277306003226,-4.16965071271505),
 .UNSPECIFIED.);
#266=B_SPLINE_CURVE_WITH_KNOTS('',3,(#6750,#6751,#6752,#6753,#6754,#6755,
#6756,#6757,#6758,#6759,#6760,#6761,#6762,#6763,#6764,#6765,#6766,#6767,
#6768,#6769,#6770,#6771,#6772,#6773,#6774,#6775,#6776,#6777,#6778,#6779,
#6780,#6781,#6782,#6783,#6784,#6785),.UNSPECIFIED.,.F.,.F.,(4,2,2,2,2,2,
2,2,2,2,2,2,2,2,2,2,2,4),(-4.65826530262763,-4.53731101557418,-4.41160999426438,
-4.28765361044895,-4.16132009353182,-4.03847323963888,-3.91562984115374,
-3.78943739016724,-3.66798995178044,-3.54066491413197,-3.41610467292239,
-3.29549336077776,-3.16920195100013,-3.0460345446189,-2.92394621904422,
-2.79739010231725,-2.67562267709129,-2.65524528935251),.UNSPECIFIED.);
#267=B_SPLINE_CURVE_WITH_KNOTS('',3,(#6790,#6791,#6792,#6793,#6794,#6795,
#6796,#6797,#6798,#6799,#6800,#6801,#6802,#6803,#6804,#6805,#6806,#6807,
#6808,#6809,#6810,#6811,#6812,#6813,#6814,#6815,#6816,#6817,#6818,#6819,
#6820,#6821,#6822,#6823,#6824,#6825),.UNSPECIFIED.,.F.,.F.,(4,2,2,2,2,2,
2,2,2,2,2,2,2,2,2,2,2,4),(-8.17383612439986,-8.14764011267689,-8.0257059830958,
-7.89895505120836,-7.77731920627803,-7.65398178242804,-7.5277604445566,
-7.40723446534131,-7.28249807957791,-7.15608345221807,-7.03449958758279,
-6.90814676739713,-6.78583735755097,-6.66285518374069,-6.53660724926896,
-6.41599638343172,-6.29162522594543,-6.17190241795087),.UNSPECIFIED.);
#268=B_SPLINE_CURVE_WITH_KNOTS('',3,(#6826,#6827,#6828,#6829,#6830,#6831,
#6832,#6833,#6834,#6835,#6836,#6837,#6838,#6839,#6840,#6841,#6842,#6843,
#6844,#6845,#6846,#6847,#6848,#6849,#6850,#6851,#6852,#6853,#6854,#6855,
#6856,#6857,#6858,#6859,#6860,#6861),.UNSPECIFIED.,.F.,.F.,(4,2,2,2,2,2,
2,2,2,2,2,2,2,2,2,2,2,4),(-2.65524528935251,-2.54966480328809,-2.42471814597142,
-2.30412031987116,-2.17784556076451,-2.05430363954116,-1.9328272127213,
-1.80585419691345,-1.68372005670831,-1.55899946270747,-1.43362272680965,
-1.31283810291258,-1.18655232353407,-1.06259678029722,-0.941542519857245,
-0.81411579623961,-0.691582739524452,-0.652196334880612),.UNSPECIFIED.);
#269=B_SPLINE_CURVE_WITH_KNOTS('',3,(#7028,#7029,#7030,#7031,#7032,#7033),
 .UNSPECIFIED.,.F.,.F.,(4,2,4),(-0.165517845366995,-0.112830548696237,-1.00000007521861E-6),
 .UNSPECIFIED.);
#270=B_SPLINE_CURVE_WITH_KNOTS('',3,(#7039,#7040,#7041,#7042,#7043,#7044,
#7045,#7046,#7047,#7048,#7049,#7050,#7051,#7052,#7053,#7054,#7055,#7056,
#7057,#7058,#7059,#7060,#7061,#7062,#7063,#7064,#7065,#7066,#7067,#7068,
#7069,#7070,#7071,#7072,#7073,#7074),.UNSPECIFIED.,.F.,.F.,(4,2,2,2,2,2,
2,2,2,2,2,2,2,2,2,2,2,4),(-2.16802870587364,-2.08055460993769,-1.95495228418382,
-1.83400771551352,-1.70778365886194,-1.58361486043744,-1.4628142408865,
-1.33650539467274,-1.21372174378644,-1.09081517528228,-0.964691681324719,
-0.843307467484964,-0.715851652822072,-0.591363102513516,-0.470767947930966,
-0.344504043074795,-0.221406935088646,-0.165517845366995),.UNSPECIFIED.);
#271=B_SPLINE_CURVE_WITH_KNOTS('',3,(#7077,#7078,#7079,#7080,#7081,#7082,
#7083,#7084,#7085,#7086,#7087,#7088,#7089,#7090,#7091,#7092,#7093,#7094,
#7095,#7096,#7097,#7098,#7099,#7100,#7101,#7102,#7103,#7104,#7105,#7106,
#7107,#7108,#7109,#7110),.UNSPECIFIED.,.F.,.F.,(4,2,2,2,2,2,2,2,2,2,2,2,
2,2,2,2,4),(-8.57827458929504,-8.47739931086113,-8.37759529819672,-8.25645587752944,
-8.13247913504497,-8.00613626099657,-7.88531916882167,-7.75992214274759,
-7.63504310819079,-7.51288491589034,-7.38589013615854,-7.26431083119957,
-7.1407451599924,-7.01441079793713,-6.89376299603255,-6.76879315200068,
-6.6622423504547),.UNSPECIFIED.);
#272=B_SPLINE_CURVE_WITH_KNOTS('',3,(#7115,#7116,#7117,#7118,#7119,#7120,
#7121,#7122,#7123,#7124,#7125,#7126,#7127,#7128,#7129,#7130,#7131,#7132,
#7133,#7134,#7135,#7136,#7137,#7138,#7139,#7140,#7141,#7142,#7143,#7144,
#7145,#7146,#7147,#7148,#7149,#7150),.UNSPECIFIED.,.F.,.F.,(4,2,2,2,2,2,
2,2,2,2,2,2,2,2,2,2,2,4),(-4.16965071271505,-4.06219491991949,-3.9371504918426,
-3.81179462259499,-3.68995405843705,-3.56330777979029,-3.44156341021449,
-3.31832138776612,-3.19211491767228,-3.07160388897896,-2.94696558158634,
-2.82028650534586,-2.69878652301416,-2.57504857780942,-2.45396820349755,
-2.32677364917033,-2.20445196178121,-2.16802870587364),.UNSPECIFIED.);
#273=B_SPLINE_CURVE_WITH_KNOTS('',3,(#7151,#7152,#7153,#7154,#7155,#7156,
#7157,#7158,#7159,#7160,#7161,#7162,#7163,#7164,#7165,#7166,#7167,#7168,
#7169,#7170,#7171,#7172,#7173,#7174,#7175,#7176,#7177,#7178,#7179,#7180,
#7181,#7182,#7183,#7184,#7185,#7186,#7187,#7188),.UNSPECIFIED.,.F.,.F.,
(4,2,2,2,2,2,2,2,2,2,2,2,2,2,2,2,2,2,4),(-6.66224235045469,-6.64266183418925,
-6.52086697509907,-6.39428523407142,-6.27207903128044,-6.14888386276497,
-6.02253050343997,-5.90185262944408,-5.77726476606743,-5.64975836361168,
-5.52827898641592,-5.40205580293262,-5.27908474138453,-5.15620502480593,
-5.02980740299025,-4.9089282149302,-4.78466224562813,-4.65834998309198,
-4.65826530262763),.UNSPECIFIED.);
#274=B_SPLINE_CURVE_WITH_KNOTS('',3,(#7193,#7194,#7195,#7196,#7197,#7198,
#7199,#7200,#7201,#7202,#7203,#7204,#7205,#7206,#7207,#7208,#7209,#7210,
#7211,#7212,#7213,#7214,#7215,#7216,#7217,#7218,#7219,#7220,#7221,#7222,
#7223,#7224,#7225,#7226,#7227,#7228,#7229,#7230),.UNSPECIFIED.,.F.,.F.,
(4,2,2,2,2,2,2,2,2,2,2,2,2,2,2,2,2,2,4),(-6.17190241795087,-6.16540430809458,
-6.04417595017936,-5.9182266827714,-5.79497175115318,-5.67234207954983,
-5.54479844008493,-5.42392919999199,-5.29987020440827,-5.17364610233135,
-5.05279888546779,-4.9273117619566,-4.80311711831471,-4.680895046243,-4.55381494366717,
-4.43260816269944,-4.30897388812997,-4.18277306003226,-4.16965071271505),
 .UNSPECIFIED.);
#275=B_SPLINE_CURVE_WITH_KNOTS('',3,(#7231,#7232,#7233,#7234,#7235,#7236,
#7237,#7238,#7239,#7240,#7241,#7242,#7243,#7244,#7245,#7246,#7247,#7248,
#7249,#7250,#7251,#7252,#7253,#7254,#7255,#7256,#7257,#7258,#7259,#7260,
#7261,#7262,#7263,#7264,#7265,#7266),.UNSPECIFIED.,.F.,.F.,(4,2,2,2,2,2,
2,2,2,2,2,2,2,2,2,2,2,4),(-4.65826530262763,-4.53731101557418,-4.41160999426438,
-4.28765361044895,-4.16132009353182,-4.03847323963888,-3.91562984115374,
-3.78943739016724,-3.66798995178044,-3.54066491413197,-3.41610467292239,
-3.29549336077776,-3.16920195100013,-3.0460345446189,-2.92394621904422,
-2.79739010231725,-2.67562267709129,-2.65524528935251),.UNSPECIFIED.);
#276=B_SPLINE_CURVE_WITH_KNOTS('',3,(#7271,#7272,#7273,#7274,#7275,#7276,
#7277,#7278,#7279,#7280,#7281,#7282,#7283,#7284,#7285,#7286,#7287,#7288,
#7289,#7290,#7291,#7292,#7293,#7294,#7295,#7296,#7297,#7298,#7299,#7300,
#7301,#7302,#7303,#7304,#7305,#7306),.UNSPECIFIED.,.F.,.F.,(4,2,2,2,2,2,
2,2,2,2,2,2,2,2,2,2,2,4),(-8.17383612439986,-8.14764011267689,-8.0257059830958,
-7.89895505120836,-7.77731920627803,-7.65398178242804,-7.5277604445566,
-7.40723446534131,-7.28249807957791,-7.15608345221807,-7.03449958758279,
-6.90814676739713,-6.78583735755097,-6.66285518374069,-6.53660724926896,
-6.41599638343172,-6.29162522594543,-6.17190241795087),.UNSPECIFIED.);
#277=B_SPLINE_CURVE_WITH_KNOTS('',3,(#7307,#7308,#7309,#7310,#7311,#7312,
#7313,#7314,#7315,#7316,#7317,#7318,#7319,#7320,#7321,#7322,#7323,#7324,
#7325,#7326,#7327,#7328,#7329,#7330,#7331,#7332,#7333,#7334,#7335,#7336,
#7337,#7338,#7339,#7340,#7341,#7342),.UNSPECIFIED.,.F.,.F.,(4,2,2,2,2,2,
2,2,2,2,2,2,2,2,2,2,2,4),(-2.65524528935251,-2.54966480328809,-2.42471814597142,
-2.30412031987116,-2.17784556076451,-2.05430363954116,-1.9328272127213,
-1.80585419691345,-1.68372005670831,-1.55899946270747,-1.43362272680965,
-1.31283810291258,-1.18655232353407,-1.06259678029722,-0.941542519857245,
-0.81411579623961,-0.691582739524452,-0.652196334880612),.UNSPECIFIED.);
#278=B_SPLINE_CURVE_WITH_KNOTS('',3,(#8033,#8034,#8035,#8036,#8037,#8038,
#8039,#8040,#8041,#8042,#8043,#8044,#8045,#8046,#8047,#8048,#8049,#8050,
#8051,#8052,#8053,#8054,#8055,#8056,#8057,#8058,#8059,#8060,#8061,#8062,
#8063,#8064,#8065,#8066),.UNSPECIFIED.,.F.,.F.,(4,3,3,3,3,3,3,3,3,3,3,4),
(0.00103013977806387,0.00114412365241749,0.0011613221796133,0.0011625340576691,
0.00128493560307612,0.00129250458116273,0.00129293158738216,0.00141008862380988,
0.00142261711680688,0.00142368698271216,0.00153565956919164,0.0015548693842616),
 .UNSPECIFIED.);
#279=B_SPLINE_CURVE_WITH_KNOTS('',3,(#8067,#8068,#8069,#8070,#8071,#8072,
#8073,#8074,#8075,#8076),.UNSPECIFIED.,.F.,.F.,(4,2,2,2,4),(0.000505184163331196,
0.000636423067014363,0.000767661970697531,0.000898900874380699,0.00103013977806387),
 .UNSPECIFIED.);
#280=B_SPLINE_CURVE_WITH_KNOTS('',3,(#8080,#8081,#8082,#8083,#8084,#8085,
#8086,#8087,#8088,#8089,#8090,#8091,#8092,#8093,#8094,#8095,#8096,#8097,
#8098,#8099,#8100,#8101,#8102,#8103,#8104,#8105,#8106,#8107,#8108,#8109,
#8110,#8111,#8112,#8113),.UNSPECIFIED.,.F.,.F.,(4,3,3,3,3,3,3,3,3,3,3,4),
(0.00103013977806554,0.00114412365243947,0.00116132217961456,0.0011625340576704,
0.00128493560309618,0.00129250458116358,0.00129293158738289,0.00141008862379678,
0.00142261711680725,0.00142368698271259,0.00153565956917827,0.00155486938426161),
 .UNSPECIFIED.);
#281=B_SPLINE_CURVE_WITH_KNOTS('',3,(#8114,#8115,#8116,#8117,#8118,#8119,
#8120,#8121,#8122,#8123),.UNSPECIFIED.,.F.,.F.,(4,2,2,2,4),(0.000505184163334705,
0.000636423067017414,0.000767661970700124,0.000898900874382834,0.00103013977806554),
 .UNSPECIFIED.);
#282=B_SPLINE_CURVE_WITH_KNOTS('',3,(#8127,#8128,#8129,#8130,#8131,#8132,
#8133,#8134,#8135,#8136,#8137,#8138,#8139,#8140,#8141,#8142,#8143,#8144,
#8145,#8146,#8147,#8148,#8149,#8150,#8151,#8152,#8153,#8154,#8155,#8156,
#8157,#8158,#8159,#8160),.UNSPECIFIED.,.F.,.F.,(4,3,3,3,3,3,3,3,3,3,3,4),
(0.00103013977806158,0.00114412365238467,0.00116132217961022,0.00116253405766598,
0.00128493560307495,0.00129250458115887,0.00129293158737814,0.00141008862379075,
0.00142261711680219,0.00142368698270751,0.00153565956923249,0.00155486938425616),
 .UNSPECIFIED.);
#283=B_SPLINE_CURVE_WITH_KNOTS('',3,(#8161,#8162,#8163,#8164,#8165,#8166,
#8167,#8168,#8169,#8170),.UNSPECIFIED.,.F.,.F.,(4,2,2,2,4),(0.00050518416333205,
0.000636423067014431,0.000767661970696813,0.000898900874379195,0.00103013977806158),
 .UNSPECIFIED.);
#284=B_SPLINE_CURVE_WITH_KNOTS('',3,(#8174,#8175,#8176,#8177,#8178,#8179,
#8180,#8181,#8182,#8183,#8184,#8185,#8186,#8187,#8188,#8189,#8190,#8191,
#8192,#8193,#8194,#8195,#8196,#8197,#8198,#8199,#8200,#8201,#8202,#8203,
#8204,#8205,#8206,#8207),.UNSPECIFIED.,.F.,.F.,(4,3,3,3,3,3,3,3,3,3,3,4),
(0.001030139778067,0.00114412365246297,0.00116132217961649,0.00116253405767228,
0.00128493560307139,0.00129250458116598,0.00129293158738533,0.00141008862382549,
0.00142261711681015,0.00142368698271548,0.00153565956920732,0.00155486938426497),
 .UNSPECIFIED.);
#285=B_SPLINE_CURVE_WITH_KNOTS('',3,(#8208,#8209,#8210,#8211,#8212,#8213,
#8214,#8215,#8216,#8217),.UNSPECIFIED.,.F.,.F.,(4,2,2,2,4),(0.000505184163333996,
0.000636423067017246,0.000767661970700496,0.000898900874383746,0.001030139778067),
 .UNSPECIFIED.);
#286=B_SPLINE_CURVE_WITH_KNOTS('',3,(#8259,#8260,#8261,#8262,#8263,#8264,
#8265,#8266,#8267,#8268),.UNSPECIFIED.,.F.,.F.,(4,2,2,2,4),(2.73862397171557E-5,
0.000214900727776459,0.000402415215835761,0.000589929703895064,0.000777444191954366),
 .UNSPECIFIED.);
#287=B_SPLINE_CURVE_WITH_KNOTS('',3,(#8302,#8303,#8304,#8305,#8306,#8307,
#8308,#8309,#8310,#8311),.UNSPECIFIED.,.F.,.F.,(4,2,2,2,4),(0.000805402518756161,
0.000992750172118245,0.00118009782548033,0.00136744547884241,0.0015547931322045),
 .UNSPECIFIED.);
#288=B_SPLINE_CURVE_WITH_KNOTS('',3,(#8347,#8348,#8349,#8350,#8351,#8352,
#8353,#8354,#8355,#8356),.UNSPECIFIED.,.F.,.F.,(4,2,2,2,4),(2.7386239709786E-5,
0.000214900727771088,0.000402415215832391,0.000589929703893693,0.000777444191954995),
 .UNSPECIFIED.);
#289=B_SPLINE_CURVE_WITH_KNOTS('',3,(#8390,#8391,#8392,#8393,#8394,#8395,
#8396,#8397,#8398,#8399),.UNSPECIFIED.,.F.,.F.,(4,2,2,2,4),(0.000805402518750513,
0.000992750172114851,0.00118009782547919,0.00136744547884353,0.00155479313220787),
 .UNSPECIFIED.);
#290=B_SPLINE_CURVE_WITH_KNOTS('',3,(#8435,#8436,#8437,#8438,#8439,#8440,
#8441,#8442,#8443,#8444),.UNSPECIFIED.,.F.,.F.,(4,2,2,2,4),(2.73862397106921E-5,
0.000214900727772231,0.00040241521583377,0.000589929703895308,0.000777444191956847),
 .UNSPECIFIED.);
#291=B_SPLINE_CURVE_WITH_KNOTS('',3,(#8478,#8479,#8480,#8481,#8482,#8483,
#8484,#8485,#8486,#8487),.UNSPECIFIED.,.F.,.F.,(4,2,2,2,4),(0.000805402518752255,
0.000992750172116789,0.00118009782548132,0.00136744547884586,0.00155479313221039),
 .UNSPECIFIED.);
#292=B_SPLINE_CURVE_WITH_KNOTS('',3,(#8523,#8524,#8525,#8526,#8527,#8528,
#8529,#8530,#8531,#8532),.UNSPECIFIED.,.F.,.F.,(4,2,2,2,4),(2.73862397131113E-5,
0.00021490072777417,0.000402415215835229,0.000589929703896288,0.000777444191957347),
 .UNSPECIFIED.);
#293=B_SPLINE_CURVE_WITH_KNOTS('',3,(#8566,#8567,#8568,#8569,#8570,#8571,
#8572,#8573,#8574,#8575),.UNSPECIFIED.,.F.,.F.,(4,2,2,2,4),(0.000805402518754643,
0.000992750172118471,0.0011800978254823,0.00136744547884613,0.00155479313220995),
 .UNSPECIFIED.);
#294=B_SPLINE_CURVE_WITH_KNOTS('',3,(#8578,#8579,#8580,#8581,#8582,#8583,
#8584,#8585,#8586,#8587,#8588,#8589,#8590,#8591),.UNSPECIFIED.,.F.,.F.,
(4,2,2,2,2,2,4),(-0.652196334880612,-0.567898497603726,-0.44206554966622,
-0.320937769555414,-0.194691773289701,-0.0960510594716284,-9.99999999695689E-7),
 .UNSPECIFIED.);
#295=B_SPLINE_CURVE_WITH_KNOTS('',3,(#8594,#8595,#8596,#8597,#8598,#8599,
#8600,#8601,#8602,#8603),.UNSPECIFIED.,.F.,.F.,(4,2,2,2,4),(-8.5796037206401,
-8.48962916053473,-8.39790951907272,-8.27275827690588,-8.17383612439986),
 .UNSPECIFIED.);
#296=B_SPLINE_CURVE_WITH_KNOTS('',3,(#8608,#8609,#8610,#8611,#8612,#8613,
#8614,#8615,#8616,#8617),.UNSPECIFIED.,.F.,.F.,(4,2,2,2,4),(-0.243332691189747,
-0.198706397980369,-0.152814610189293,-0.0499081357014913,-1.00000002989376E-6),
 .UNSPECIFIED.);
#297=B_SPLINE_CURVE_WITH_KNOTS('',3,(#8618,#8619,#8620,#8621,#8622,#8623,
#8624,#8625,#8626,#8627,#8628,#8629,#8630,#8631,#8632,#8633,#8634,#8635,
#8636,#8637,#8638,#8639,#8640,#8641),.UNSPECIFIED.,.F.,.F.,(4,2,2,2,2,2,
2,2,2,2,2,4),(-1.19347850200905,-1.04677865519608,-0.907843479865521,-0.840912117233013,
-0.705573909554703,-0.638839395461379,-0.510620142822407,-0.397577579572162,
-0.279549647980093,-0.223243983014141,-0.113012479273261,-1.00000008829149E-6),
 .UNSPECIFIED.);
#298=B_SPLINE_CURVE_WITH_KNOTS('',3,(#8643,#8644,#8645,#8646,#8647,#8648),
 .UNSPECIFIED.,.F.,.F.,(4,2,4),(-0.18583817145942,-0.0929257334361869,-1.00000007122181E-6),
 .UNSPECIFIED.);
#299=B_SPLINE_CURVE_WITH_KNOTS('',3,(#8649,#8650,#8651,#8652,#8653,#8654),
 .UNSPECIFIED.,.F.,.F.,(4,2,4),(-0.202606762956208,-0.0953923615004677,
0.),.UNSPECIFIED.);
#300=B_SPLINE_CURVE_WITH_KNOTS('',3,(#8693,#8694,#8695,#8696,#8697,#8698,
#8699,#8700,#8701,#8702),.UNSPECIFIED.,.F.,.F.,(4,2,2,2,4),(2.89214601549551E-5,
0.000219758265379213,0.000410595070603471,0.00060143187582773,0.000792268681051988),
 .UNSPECIFIED.);
#301=B_SPLINE_CURVE_WITH_KNOTS('',3,(#8745,#8746,#8747,#8748,#8749,#8750,
#8751,#8752,#8753,#8754),.UNSPECIFIED.,.F.,.F.,(4,2,2,2,4),(0.000821402104913224,
0.00101214676584133,0.00120289142676944,0.00139363608769755,0.00158438074862566),
 .UNSPECIFIED.);
#302=B_SPLINE_CURVE_WITH_KNOTS('',3,(#8793,#8794,#8795,#8796,#8797,#8798,
#8799,#8800,#8801,#8802),.UNSPECIFIED.,.F.,.F.,(4,2,2,2,4),(2.89214601566235E-5,
0.000219758265380744,0.000410595070604864,0.000601431875828984,0.000792268681053105),
 .UNSPECIFIED.);
#303=B_SPLINE_CURVE_WITH_KNOTS('',3,(#8845,#8846,#8847,#8848,#8849,#8850,
#8851,#8852,#8853,#8854),.UNSPECIFIED.,.F.,.F.,(4,2,2,2,4),(0.0008214021049151,
0.00101214676584355,0.001202891426772,0.00139363608770045,0.0015843807486289),
 .UNSPECIFIED.);
#304=B_SPLINE_CURVE_WITH_KNOTS('',3,(#8893,#8894,#8895,#8896,#8897,#8898,
#8899,#8900,#8901,#8902),.UNSPECIFIED.,.F.,.F.,(4,2,2,2,4),(2.89214601568307E-5,
0.000219758265381223,0.000410595070605616,0.000601431875830009,0.000792268681054401),
 .UNSPECIFIED.);
#305=B_SPLINE_CURVE_WITH_KNOTS('',3,(#8945,#8946,#8947,#8948,#8949,#8950,
#8951,#8952,#8953,#8954),.UNSPECIFIED.,.F.,.F.,(4,2,2,2,4),(0.000821402104919146,
0.00101214676584794,0.00120289142677673,0.00139363608770553,0.00158438074863432),
 .UNSPECIFIED.);
#306=B_SPLINE_CURVE_WITH_KNOTS('',3,(#8993,#8994,#8995,#8996,#8997,#8998,
#8999,#9000,#9001,#9002),.UNSPECIFIED.,.F.,.F.,(4,2,2,2,4),(2.89214601551792E-5,
0.000219758265380204,0.000410595070605229,0.000601431875830254,0.000792268681055279),
 .UNSPECIFIED.);
#307=B_SPLINE_CURVE_WITH_KNOTS('',3,(#9045,#9046,#9047,#9048,#9049,#9050,
#9051,#9052,#9053,#9054),.UNSPECIFIED.,.F.,.F.,(4,2,2,2,4),(0.000821402104920165,
0.00101214676584979,0.00120289142677942,0.00139363608770905,0.00158438074863868),
 .UNSPECIFIED.);
#308=B_SPLINE_CURVE_WITH_KNOTS('',3,(#9242,#9243,#9244,#9245,#9246,#9247),
 .UNSPECIFIED.,.F.,.F.,(4,2,4),(-0.186716307333256,-0.0933642472478527,
-1.00000007097201E-6),.UNSPECIFIED.);
#309=B_SPLINE_CURVE_WITH_KNOTS('',3,(#9248,#9249,#9250,#9251,#9252,#9253,
#9254,#9255,#9256,#9257,#9258,#9259,#9260,#9261,#9262,#9263,#9264,#9265,
#9266,#9267,#9268,#9269,#9270,#9271,#9272,#9273),.UNSPECIFIED.,.F.,.F.,
(4,2,2,2,2,2,2,2,2,2,2,2,4),(-0.940276161547981,-0.900480902273774,-0.863177188780295,
-0.79231239081926,-0.69997958379794,-0.609570188070852,-0.526742394586053,
-0.42850428565091,-0.319736245470739,-0.203297060735639,-0.152798234962789,
-0.073361843256584,-1.00000005409662E-6),.UNSPECIFIED.);
#310=B_SPLINE_CURVE_WITH_KNOTS('',3,(#9277,#9278,#9279,#9280,#9281,#9282,
#9283,#9284,#9285,#9286),.UNSPECIFIED.,.F.,.F.,(4,2,2,2,4),(-0.273599206508705,
-0.218474685660543,-0.146896193435366,-0.0747283523891061,0.),
 .UNSPECIFIED.);
#311=B_SPLINE_CURVE_WITH_KNOTS('',3,(#9474,#9475,#9476,#9477,#9478,#9479),
 .UNSPECIFIED.,.F.,.F.,(4,2,4),(-0.204246282401864,-0.0957430512180354,
0.),.UNSPECIFIED.);
#312=B_SPLINE_CURVE_WITH_KNOTS('',3,(#9521,#9522,#9523,#9524,#9525,#9526,
#9527,#9528,#9529,#9530),.UNSPECIFIED.,.F.,.F.,(4,2,2,2,4),(0.00100574094185883,
0.00126665239281166,0.00152756384376448,0.00178847529471731,0.00204938674567013),
 .UNSPECIFIED.);
#313=B_SPLINE_CURVE_WITH_KNOTS('',3,(#9561,#9562,#9563,#9564,#9565,#9566,
#9567,#9568,#9569,#9570),.UNSPECIFIED.,.F.,.F.,(4,2,2,2,4),(0.00204938674567013,
0.00231008823525859,0.00257078972484705,0.00283149121443551,0.00309219270402397),
 .UNSPECIFIED.);
#314=B_SPLINE_CURVE_WITH_KNOTS('',3,(#9605,#9606,#9607,#9608,#9609,#9610,
#9611,#9612,#9613,#9614),.UNSPECIFIED.,.F.,.F.,(4,2,2,2,4),(0.00100574094185457,
0.00126665239280658,0.00152756384375859,0.0017884752947106,0.00204938674566261),
 .UNSPECIFIED.);
#315=B_SPLINE_CURVE_WITH_KNOTS('',3,(#9645,#9646,#9647,#9648,#9649,#9650,
#9651,#9652,#9653,#9654),.UNSPECIFIED.,.F.,.F.,(4,2,2,2,4),(0.00204938674566261,
0.00231008823524999,0.00257078972483736,0.00283149121442474,0.00309219270401211),
 .UNSPECIFIED.);
#316=B_SPLINE_CURVE_WITH_KNOTS('',3,(#9689,#9690,#9691,#9692,#9693,#9694,
#9695,#9696,#9697,#9698),.UNSPECIFIED.,.F.,.F.,(4,2,2,2,4),(0.0010057409418563,
0.00126665239280886,0.00152756384376142,0.00178847529471398,0.00204938674566654),
 .UNSPECIFIED.);
#317=B_SPLINE_CURVE_WITH_KNOTS('',3,(#9729,#9730,#9731,#9732,#9733,#9734,
#9735,#9736,#9737,#9738),.UNSPECIFIED.,.F.,.F.,(4,2,2,2,4),(0.00204938674566654,
0.00231008823525475,0.00257078972484295,0.00283149121443115,0.00309219270401936),
 .UNSPECIFIED.);
#318=B_SPLINE_CURVE_WITH_KNOTS('',3,(#9773,#9774,#9775,#9776,#9777,#9778,
#9779,#9780,#9781,#9782),.UNSPECIFIED.,.F.,.F.,(4,2,2,2,4),(0.00100574094185572,
0.00126665239280792,0.00152756384376012,0.00178847529471231,0.00204938674566451),
 .UNSPECIFIED.);
#319=B_SPLINE_CURVE_WITH_KNOTS('',3,(#9813,#9814,#9815,#9816,#9817,#9818,
#9819,#9820,#9821,#9822),.UNSPECIFIED.,.F.,.F.,(4,2,2,2,4),(0.00204938674566451,
0.00231008823525226,0.00257078972484002,0.00283149121442777,0.00309219270401553),
 .UNSPECIFIED.);
#320=B_SPLINE_CURVE_WITH_KNOTS('',3,(#9976,#9977,#9978,#9979,#9980,#9981,
#9982,#9983,#9984,#9985,#9986,#9987,#9988,#9989,#9990,#9991,#9992,#9993,
#9994,#9995,#9996,#9997,#9998,#9999,#10000,#10001,#10002,#10003,#10004,
#10005,#10006,#10007,#10008,#10009),.UNSPECIFIED.,.F.,.F.,(4,3,3,3,3,3,
3,3,3,3,3,4),(0.00103013977806387,0.00114412365241748,0.0011613221796133,
0.0011625340576691,0.00128493560307611,0.00129250458116273,0.00129293158738216,
0.00141008862380988,0.00142261711680688,0.00142368698271216,0.00153565956919164,
0.0015548693842616),.UNSPECIFIED.);
#321=B_SPLINE_CURVE_WITH_KNOTS('',3,(#10010,#10011,#10012,#10013,#10014,
#10015,#10016,#10017,#10018,#10019),.UNSPECIFIED.,.F.,.F.,(4,2,2,2,4),(0.000505184163331196,
0.000636423067014363,0.000767661970697531,0.000898900874380699,0.00103013977806387),
 .UNSPECIFIED.);
#322=B_SPLINE_CURVE_WITH_KNOTS('',3,(#10023,#10024,#10025,#10026,#10027,
#10028,#10029,#10030,#10031,#10032,#10033,#10034,#10035,#10036,#10037,#10038,
#10039,#10040,#10041,#10042,#10043,#10044,#10045,#10046,#10047,#10048,#10049,
#10050,#10051,#10052,#10053,#10054,#10055,#10056),.UNSPECIFIED.,.F.,.F.,
(4,3,3,3,3,3,3,3,3,3,3,4),(0.00103013977806554,0.00114412365243947,0.00116132217961456,
0.0011625340576704,0.00128493560309624,0.00129250458116358,0.00129293158738289,
0.00141008862379675,0.00142261711680725,0.00142368698271259,0.00153565956917827,
0.00155486938426161),.UNSPECIFIED.);
#323=B_SPLINE_CURVE_WITH_KNOTS('',3,(#10057,#10058,#10059,#10060,#10061,
#10062,#10063,#10064,#10065,#10066),.UNSPECIFIED.,.F.,.F.,(4,2,2,2,4),(0.000505184163334705,
0.000636423067017414,0.000767661970700124,0.000898900874382834,0.00103013977806554),
 .UNSPECIFIED.);
#324=B_SPLINE_CURVE_WITH_KNOTS('',3,(#10070,#10071,#10072,#10073,#10074,
#10075,#10076,#10077,#10078,#10079,#10080,#10081,#10082,#10083,#10084,#10085,
#10086,#10087,#10088,#10089,#10090,#10091,#10092,#10093,#10094,#10095,#10096,
#10097,#10098,#10099,#10100,#10101,#10102,#10103),.UNSPECIFIED.,.F.,.F.,
(4,3,3,3,3,3,3,3,3,3,3,4),(0.00103013977806158,0.00114412365238467,0.00116132217961022,
0.00116253405766598,0.00128493560307495,0.00129250458115887,0.00129293158737814,
0.00141008862379074,0.00142261711680219,0.00142368698270751,0.00153565956923249,
0.00155486938425616),.UNSPECIFIED.);
#325=B_SPLINE_CURVE_WITH_KNOTS('',3,(#10104,#10105,#10106,#10107,#10108,
#10109,#10110,#10111,#10112,#10113),.UNSPECIFIED.,.F.,.F.,(4,2,2,2,4),(0.00050518416333205,
0.000636423067014431,0.000767661970696813,0.000898900874379195,0.00103013977806158),
 .UNSPECIFIED.);
#326=B_SPLINE_CURVE_WITH_KNOTS('',3,(#10117,#10118,#10119,#10120,#10121,
#10122,#10123,#10124,#10125,#10126,#10127,#10128,#10129,#10130,#10131,#10132,
#10133,#10134,#10135,#10136,#10137,#10138,#10139,#10140,#10141,#10142,#10143,
#10144,#10145,#10146,#10147,#10148,#10149,#10150),.UNSPECIFIED.,.F.,.F.,
(4,3,3,3,3,3,3,3,3,3,3,4),(0.001030139778067,0.00114412365246296,0.00116132217961649,
0.00116253405767228,0.00128493560307146,0.00129250458116598,0.00129293158738533,
0.0014100886238255,0.00142261711681015,0.00142368698271548,0.00153565956920732,
0.00155486938426497),.UNSPECIFIED.);
#327=B_SPLINE_CURVE_WITH_KNOTS('',3,(#10151,#10152,#10153,#10154,#10155,
#10156,#10157,#10158,#10159,#10160),.UNSPECIFIED.,.F.,.F.,(4,2,2,2,4),(0.000505184163333996,
0.000636423067017246,0.000767661970700496,0.000898900874383746,0.001030139778067),
 .UNSPECIFIED.);
#328=B_SPLINE_CURVE_WITH_KNOTS('',3,(#10202,#10203,#10204,#10205,#10206,
#10207,#10208,#10209,#10210,#10211),.UNSPECIFIED.,.F.,.F.,(4,2,2,2,4),(2.73862397171557E-5,
0.000214900727776459,0.000402415215835761,0.000589929703895064,0.000777444191954366),
 .UNSPECIFIED.);
#329=B_SPLINE_CURVE_WITH_KNOTS('',3,(#10245,#10246,#10247,#10248,#10249,
#10250,#10251,#10252,#10253,#10254),.UNSPECIFIED.,.F.,.F.,(4,2,2,2,4),(0.000805402518756161,
0.000992750172118245,0.00118009782548033,0.00136744547884241,0.0015547931322045),
 .UNSPECIFIED.);
#330=B_SPLINE_CURVE_WITH_KNOTS('',3,(#10290,#10291,#10292,#10293,#10294,
#10295,#10296,#10297,#10298,#10299),.UNSPECIFIED.,.F.,.F.,(4,2,2,2,4),(2.7386239709786E-5,
0.000214900727771088,0.000402415215832391,0.000589929703893693,0.000777444191954995),
 .UNSPECIFIED.);
#331=B_SPLINE_CURVE_WITH_KNOTS('',3,(#10333,#10334,#10335,#10336,#10337,
#10338,#10339,#10340,#10341,#10342),.UNSPECIFIED.,.F.,.F.,(4,2,2,2,4),(0.000805402518750513,
0.000992750172114851,0.00118009782547919,0.00136744547884353,0.00155479313220787),
 .UNSPECIFIED.);
#332=B_SPLINE_CURVE_WITH_KNOTS('',3,(#10378,#10379,#10380,#10381,#10382,
#10383,#10384,#10385,#10386,#10387),.UNSPECIFIED.,.F.,.F.,(4,2,2,2,4),(2.73862397106921E-5,
0.000214900727772231,0.00040241521583377,0.000589929703895308,0.000777444191956847),
 .UNSPECIFIED.);
#333=B_SPLINE_CURVE_WITH_KNOTS('',3,(#10421,#10422,#10423,#10424,#10425,
#10426,#10427,#10428,#10429,#10430),.UNSPECIFIED.,.F.,.F.,(4,2,2,2,4),(0.000805402518752255,
0.000992750172116789,0.00118009782548132,0.00136744547884586,0.00155479313221039),
 .UNSPECIFIED.);
#334=B_SPLINE_CURVE_WITH_KNOTS('',3,(#10466,#10467,#10468,#10469,#10470,
#10471,#10472,#10473,#10474,#10475),.UNSPECIFIED.,.F.,.F.,(4,2,2,2,4),(2.73862397131113E-5,
0.00021490072777417,0.000402415215835229,0.000589929703896288,0.000777444191957347),
 .UNSPECIFIED.);
#335=B_SPLINE_CURVE_WITH_KNOTS('',3,(#10509,#10510,#10511,#10512,#10513,
#10514,#10515,#10516,#10517,#10518),.UNSPECIFIED.,.F.,.F.,(4,2,2,2,4),(0.000805402518754643,
0.000992750172118471,0.0011800978254823,0.00136744547884613,0.00155479313220995),
 .UNSPECIFIED.);
#336=B_SPLINE_CURVE_WITH_KNOTS('',3,(#10521,#10522,#10523,#10524,#10525,
#10526,#10527,#10528,#10529,#10530,#10531,#10532,#10533,#10534),
 .UNSPECIFIED.,.F.,.F.,(4,2,2,2,2,2,4),(-0.652196334880612,-0.567898497603726,
-0.44206554966622,-0.320937769555414,-0.194691773289701,-0.0960510594716284,
-9.99999999695689E-7),.UNSPECIFIED.);
#337=B_SPLINE_CURVE_WITH_KNOTS('',3,(#10537,#10538,#10539,#10540,#10541,
#10542,#10543,#10544,#10545,#10546),.UNSPECIFIED.,.F.,.F.,(4,2,2,2,4),(-8.5796037206401,
-8.48962916053473,-8.39790951907272,-8.27275827690588,-8.17383612439986),
 .UNSPECIFIED.);
#338=B_SPLINE_CURVE_WITH_KNOTS('',3,(#10551,#10552,#10553,#10554,#10555,
#10556,#10557,#10558,#10559,#10560),.UNSPECIFIED.,.F.,.F.,(4,2,2,2,4),(-0.243332691189747,
-0.198706397980369,-0.152814610189293,-0.0499081357014913,-1.00000002989376E-6),
 .UNSPECIFIED.);
#339=B_SPLINE_CURVE_WITH_KNOTS('',3,(#10561,#10562,#10563,#10564,#10565,
#10566,#10567,#10568,#10569,#10570,#10571,#10572,#10573,#10574,#10575,#10576,
#10577,#10578,#10579,#10580,#10581,#10582,#10583,#10584),.UNSPECIFIED.,
 .F.,.F.,(4,2,2,2,2,2,2,2,2,2,2,4),(-1.19347850200905,-1.04677865519608,
-0.907843479865521,-0.840912117233013,-0.705573909554703,-0.638839395461379,
-0.510620142822407,-0.397577579572162,-0.279549647980093,-0.223243983014141,
-0.113012479273261,-1.00000008829149E-6),.UNSPECIFIED.);
#340=B_SPLINE_CURVE_WITH_KNOTS('',3,(#10586,#10587,#10588,#10589,#10590,
#10591),.UNSPECIFIED.,.F.,.F.,(4,2,4),(-0.18583817145942,-0.0929257334361869,
-1.00000007122181E-6),.UNSPECIFIED.);
#341=B_SPLINE_CURVE_WITH_KNOTS('',3,(#10592,#10593,#10594,#10595,#10596,
#10597),.UNSPECIFIED.,.F.,.F.,(4,2,4),(-0.202606762956208,-0.0953923615004677,
0.),.UNSPECIFIED.);
#342=B_SPLINE_CURVE_WITH_KNOTS('',3,(#10636,#10637,#10638,#10639,#10640,
#10641,#10642,#10643,#10644,#10645),.UNSPECIFIED.,.F.,.F.,(4,2,2,2,4),(2.89214601549551E-5,
0.000219758265379213,0.000410595070603471,0.00060143187582773,0.000792268681051988),
 .UNSPECIFIED.);
#343=B_SPLINE_CURVE_WITH_KNOTS('',3,(#10688,#10689,#10690,#10691,#10692,
#10693,#10694,#10695,#10696,#10697),.UNSPECIFIED.,.F.,.F.,(4,2,2,2,4),(0.000821402104913224,
0.00101214676584133,0.00120289142676944,0.00139363608769755,0.00158438074862566),
 .UNSPECIFIED.);
#344=B_SPLINE_CURVE_WITH_KNOTS('',3,(#10736,#10737,#10738,#10739,#10740,
#10741,#10742,#10743,#10744,#10745),.UNSPECIFIED.,.F.,.F.,(4,2,2,2,4),(2.89214601566235E-5,
0.000219758265380744,0.000410595070604864,0.000601431875828984,0.000792268681053105),
 .UNSPECIFIED.);
#345=B_SPLINE_CURVE_WITH_KNOTS('',3,(#10788,#10789,#10790,#10791,#10792,
#10793,#10794,#10795,#10796,#10797),.UNSPECIFIED.,.F.,.F.,(4,2,2,2,4),(0.0008214021049151,
0.00101214676584355,0.001202891426772,0.00139363608770045,0.0015843807486289),
 .UNSPECIFIED.);
#346=B_SPLINE_CURVE_WITH_KNOTS('',3,(#10836,#10837,#10838,#10839,#10840,
#10841,#10842,#10843,#10844,#10845),.UNSPECIFIED.,.F.,.F.,(4,2,2,2,4),(2.89214601568307E-5,
0.000219758265381223,0.000410595070605616,0.000601431875830009,0.000792268681054401),
 .UNSPECIFIED.);
#347=B_SPLINE_CURVE_WITH_KNOTS('',3,(#10888,#10889,#10890,#10891,#10892,
#10893,#10894,#10895,#10896,#10897),.UNSPECIFIED.,.F.,.F.,(4,2,2,2,4),(0.000821402104919146,
0.00101214676584794,0.00120289142677673,0.00139363608770553,0.00158438074863432),
 .UNSPECIFIED.);
#348=B_SPLINE_CURVE_WITH_KNOTS('',3,(#10936,#10937,#10938,#10939,#10940,
#10941,#10942,#10943,#10944,#10945),.UNSPECIFIED.,.F.,.F.,(4,2,2,2,4),(2.89214601551792E-5,
0.000219758265380204,0.000410595070605229,0.000601431875830254,0.000792268681055279),
 .UNSPECIFIED.);
#349=B_SPLINE_CURVE_WITH_KNOTS('',3,(#10988,#10989,#10990,#10991,#10992,
#10993,#10994,#10995,#10996,#10997),.UNSPECIFIED.,.F.,.F.,(4,2,2,2,4),(0.000821402104920165,
0.00101214676584979,0.00120289142677942,0.00139363608770905,0.00158438074863868),
 .UNSPECIFIED.);
#350=B_SPLINE_CURVE_WITH_KNOTS('',3,(#11185,#11186,#11187,#11188,#11189,
#11190),.UNSPECIFIED.,.F.,.F.,(4,2,4),(-0.186716307333256,-0.0933642472478527,
-1.00000007097201E-6),.UNSPECIFIED.);
#351=B_SPLINE_CURVE_WITH_KNOTS('',3,(#11191,#11192,#11193,#11194,#11195,
#11196,#11197,#11198,#11199,#11200,#11201,#11202,#11203,#11204,#11205,#11206,
#11207,#11208,#11209,#11210,#11211,#11212,#11213,#11214,#11215,#11216),
 .UNSPECIFIED.,.F.,.F.,(4,2,2,2,2,2,2,2,2,2,2,2,4),(-0.940276161547981,
-0.900480902273774,-0.863177188780295,-0.79231239081926,-0.69997958379794,
-0.609570188070852,-0.526742394586053,-0.42850428565091,-0.319736245470739,
-0.203297060735639,-0.152798234962789,-0.073361843256584,-1.00000005409662E-6),
 .UNSPECIFIED.);
#352=B_SPLINE_CURVE_WITH_KNOTS('',3,(#11220,#11221,#11222,#11223,#11224,
#11225,#11226,#11227,#11228,#11229),.UNSPECIFIED.,.F.,.F.,(4,2,2,2,4),(-0.273599206508705,
-0.218474685660543,-0.146896193435366,-0.0747283523891061,0.),
 .UNSPECIFIED.);
#353=B_SPLINE_CURVE_WITH_KNOTS('',3,(#11417,#11418,#11419,#11420,#11421,
#11422),.UNSPECIFIED.,.F.,.F.,(4,2,4),(-0.204246282401864,-0.0957430512180354,
0.),.UNSPECIFIED.);
#354=B_SPLINE_CURVE_WITH_KNOTS('',3,(#11464,#11465,#11466,#11467,#11468,
#11469,#11470,#11471,#11472,#11473),.UNSPECIFIED.,.F.,.F.,(4,2,2,2,4),(0.00100574094185883,
0.00126665239281166,0.00152756384376448,0.00178847529471731,0.00204938674567013),
 .UNSPECIFIED.);
#355=B_SPLINE_CURVE_WITH_KNOTS('',3,(#11504,#11505,#11506,#11507,#11508,
#11509,#11510,#11511,#11512,#11513),.UNSPECIFIED.,.F.,.F.,(4,2,2,2,4),(0.00204938674567013,
0.00231008823525859,0.00257078972484705,0.00283149121443551,0.00309219270402397),
 .UNSPECIFIED.);
#356=B_SPLINE_CURVE_WITH_KNOTS('',3,(#11548,#11549,#11550,#11551,#11552,
#11553,#11554,#11555,#11556,#11557),.UNSPECIFIED.,.F.,.F.,(4,2,2,2,4),(0.00100574094185457,
0.00126665239280658,0.00152756384375859,0.0017884752947106,0.00204938674566261),
 .UNSPECIFIED.);
#357=B_SPLINE_CURVE_WITH_KNOTS('',3,(#11588,#11589,#11590,#11591,#11592,
#11593,#11594,#11595,#11596,#11597),.UNSPECIFIED.,.F.,.F.,(4,2,2,2,4),(0.00204938674566261,
0.00231008823524999,0.00257078972483736,0.00283149121442474,0.00309219270401211),
 .UNSPECIFIED.);
#358=B_SPLINE_CURVE_WITH_KNOTS('',3,(#11632,#11633,#11634,#11635,#11636,
#11637,#11638,#11639,#11640,#11641),.UNSPECIFIED.,.F.,.F.,(4,2,2,2,4),(0.0010057409418563,
0.00126665239280886,0.00152756384376142,0.00178847529471398,0.00204938674566654),
 .UNSPECIFIED.);
#359=B_SPLINE_CURVE_WITH_KNOTS('',3,(#11672,#11673,#11674,#11675,#11676,
#11677,#11678,#11679,#11680,#11681),.UNSPECIFIED.,.F.,.F.,(4,2,2,2,4),(0.00204938674566654,
0.00231008823525475,0.00257078972484295,0.00283149121443115,0.00309219270401936),
 .UNSPECIFIED.);
#360=B_SPLINE_CURVE_WITH_KNOTS('',3,(#11716,#11717,#11718,#11719,#11720,
#11721,#11722,#11723,#11724,#11725),.UNSPECIFIED.,.F.,.F.,(4,2,2,2,4),(0.00100574094185572,
0.00126665239280792,0.00152756384376012,0.00178847529471231,0.00204938674566451),
 .UNSPECIFIED.);
#361=B_SPLINE_CURVE_WITH_KNOTS('',3,(#11756,#11757,#11758,#11759,#11760,
#11761,#11762,#11763,#11764,#11765),.UNSPECIFIED.,.F.,.F.,(4,2,2,2,4),(0.00204938674566451,
0.00231008823525226,0.00257078972484002,0.00283149121442777,0.00309219270401553),
 .UNSPECIFIED.);
#362=FACE_OUTER_BOUND('',#624,.T.);
#363=FACE_OUTER_BOUND('',#625,.T.);
#364=FACE_OUTER_BOUND('',#626,.T.);
#365=FACE_OUTER_BOUND('',#627,.T.);
#366=FACE_OUTER_BOUND('',#628,.T.);
#367=FACE_OUTER_BOUND('',#629,.T.);
#368=FACE_OUTER_BOUND('',#630,.T.);
#369=FACE_OUTER_BOUND('',#631,.T.);
#370=FACE_OUTER_BOUND('',#632,.T.);
#371=FACE_OUTER_BOUND('',#633,.T.);
#372=FACE_OUTER_BOUND('',#634,.T.);
#373=FACE_OUTER_BOUND('',#635,.T.);
#374=FACE_OUTER_BOUND('',#636,.T.);
#375=FACE_OUTER_BOUND('',#637,.T.);
#376=FACE_OUTER_BOUND('',#638,.T.);
#377=FACE_OUTER_BOUND('',#639,.T.);
#378=FACE_OUTER_BOUND('',#640,.T.);
#379=FACE_OUTER_BOUND('',#641,.T.);
#380=FACE_OUTER_BOUND('',#642,.T.);
#381=FACE_OUTER_BOUND('',#643,.T.);
#382=FACE_OUTER_BOUND('',#644,.T.);
#383=FACE_OUTER_BOUND('',#645,.T.);
#384=FACE_OUTER_BOUND('',#646,.T.);
#385=FACE_OUTER_BOUND('',#647,.T.);
#386=FACE_OUTER_BOUND('',#648,.T.);
#387=FACE_OUTER_BOUND('',#649,.T.);
#388=FACE_OUTER_BOUND('',#650,.T.);
#389=FACE_OUTER_BOUND('',#651,.T.);
#390=FACE_OUTER_BOUND('',#652,.T.);
#391=FACE_OUTER_BOUND('',#654,.T.);
#392=FACE_OUTER_BOUND('',#655,.T.);
#393=FACE_OUTER_BOUND('',#656,.T.);
#394=FACE_OUTER_BOUND('',#657,.T.);
#395=FACE_OUTER_BOUND('',#658,.T.);
#396=FACE_OUTER_BOUND('',#659,.T.);
#397=FACE_OUTER_BOUND('',#660,.T.);
#398=FACE_OUTER_BOUND('',#661,.T.);
#399=FACE_OUTER_BOUND('',#662,.T.);
#400=FACE_OUTER_BOUND('',#663,.T.);
#401=FACE_OUTER_BOUND('',#664,.T.);
#402=FACE_OUTER_BOUND('',#665,.T.);
#403=FACE_OUTER_BOUND('',#666,.T.);
#404=FACE_OUTER_BOUND('',#667,.T.);
#405=FACE_OUTER_BOUND('',#668,.T.);
#406=FACE_OUTER_BOUND('',#669,.T.);
#407=FACE_OUTER_BOUND('',#670,.T.);
#408=FACE_OUTER_BOUND('',#671,.T.);
#409=FACE_OUTER_BOUND('',#673,.T.);
#410=FACE_OUTER_BOUND('',#674,.T.);
#411=FACE_OUTER_BOUND('',#675,.T.);
#412=FACE_OUTER_BOUND('',#676,.T.);
#413=FACE_OUTER_BOUND('',#677,.T.);
#414=FACE_OUTER_BOUND('',#678,.T.);
#415=FACE_OUTER_BOUND('',#679,.T.);
#416=FACE_OUTER_BOUND('',#680,.T.);
#417=FACE_OUTER_BOUND('',#681,.T.);
#418=FACE_OUTER_BOUND('',#682,.T.);
#419=FACE_OUTER_BOUND('',#683,.T.);
#420=FACE_OUTER_BOUND('',#684,.T.);
#421=FACE_OUTER_BOUND('',#685,.T.);
#422=FACE_OUTER_BOUND('',#686,.T.);
#423=FACE_OUTER_BOUND('',#687,.T.);
#424=FACE_OUTER_BOUND('',#688,.T.);
#425=FACE_OUTER_BOUND('',#689,.T.);
#426=FACE_OUTER_BOUND('',#690,.T.);
#427=FACE_OUTER_BOUND('',#691,.T.);
#428=FACE_OUTER_BOUND('',#692,.T.);
#429=FACE_OUTER_BOUND('',#694,.T.);
#430=FACE_OUTER_BOUND('',#695,.T.);
#431=FACE_OUTER_BOUND('',#696,.T.);
#432=FACE_OUTER_BOUND('',#697,.T.);
#433=FACE_OUTER_BOUND('',#698,.T.);
#434=FACE_OUTER_BOUND('',#699,.T.);
#435=FACE_OUTER_BOUND('',#700,.T.);
#436=FACE_OUTER_BOUND('',#701,.T.);
#437=FACE_OUTER_BOUND('',#702,.T.);
#438=FACE_OUTER_BOUND('',#704,.T.);
#439=FACE_OUTER_BOUND('',#707,.T.);
#440=FACE_OUTER_BOUND('',#708,.T.);
#441=FACE_OUTER_BOUND('',#709,.T.);
#442=FACE_OUTER_BOUND('',#710,.T.);
#443=FACE_OUTER_BOUND('',#711,.T.);
#444=FACE_OUTER_BOUND('',#712,.T.);
#445=FACE_OUTER_BOUND('',#713,.T.);
#446=FACE_OUTER_BOUND('',#714,.T.);
#447=FACE_OUTER_BOUND('',#715,.T.);
#448=FACE_OUTER_BOUND('',#716,.T.);
#449=FACE_OUTER_BOUND('',#717,.T.);
#450=FACE_OUTER_BOUND('',#718,.T.);
#451=FACE_OUTER_BOUND('',#719,.T.);
#452=FACE_OUTER_BOUND('',#720,.T.);
#453=FACE_OUTER_BOUND('',#721,.T.);
#454=FACE_OUTER_BOUND('',#722,.T.);
#455=FACE_OUTER_BOUND('',#723,.T.);
#456=FACE_OUTER_BOUND('',#724,.T.);
#457=FACE_OUTER_BOUND('',#726,.T.);
#458=FACE_OUTER_BOUND('',#727,.T.);
#459=FACE_OUTER_BOUND('',#728,.T.);
#460=FACE_OUTER_BOUND('',#729,.T.);
#461=FACE_OUTER_BOUND('',#730,.T.);
#462=FACE_OUTER_BOUND('',#731,.T.);
#463=FACE_OUTER_BOUND('',#732,.T.);
#464=FACE_OUTER_BOUND('',#733,.T.);
#465=FACE_OUTER_BOUND('',#734,.T.);
#466=FACE_OUTER_BOUND('',#735,.T.);
#467=FACE_OUTER_BOUND('',#736,.T.);
#468=FACE_OUTER_BOUND('',#737,.T.);
#469=FACE_OUTER_BOUND('',#738,.T.);
#470=FACE_OUTER_BOUND('',#739,.T.);
#471=FACE_OUTER_BOUND('',#740,.T.);
#472=FACE_OUTER_BOUND('',#741,.T.);
#473=FACE_OUTER_BOUND('',#742,.T.);
#474=FACE_OUTER_BOUND('',#743,.T.);
#475=FACE_OUTER_BOUND('',#744,.T.);
#476=FACE_OUTER_BOUND('',#745,.T.);
#477=FACE_OUTER_BOUND('',#747,.T.);
#478=FACE_OUTER_BOUND('',#748,.T.);
#479=FACE_OUTER_BOUND('',#749,.T.);
#480=FACE_OUTER_BOUND('',#750,.T.);
#481=FACE_OUTER_BOUND('',#752,.T.);
#482=FACE_OUTER_BOUND('',#753,.T.);
#483=FACE_OUTER_BOUND('',#755,.T.);
#484=FACE_OUTER_BOUND('',#756,.T.);
#485=FACE_OUTER_BOUND('',#758,.T.);
#486=FACE_OUTER_BOUND('',#759,.T.);
#487=FACE_OUTER_BOUND('',#761,.T.);
#488=FACE_OUTER_BOUND('',#762,.T.);
#489=FACE_OUTER_BOUND('',#763,.T.);
#490=FACE_OUTER_BOUND('',#765,.T.);
#491=FACE_OUTER_BOUND('',#766,.T.);
#492=FACE_OUTER_BOUND('',#768,.T.);
#493=FACE_OUTER_BOUND('',#769,.T.);
#494=FACE_OUTER_BOUND('',#770,.T.);
#495=FACE_OUTER_BOUND('',#771,.T.);
#496=FACE_OUTER_BOUND('',#772,.T.);
#497=FACE_OUTER_BOUND('',#773,.T.);
#498=FACE_OUTER_BOUND('',#774,.T.);
#499=FACE_OUTER_BOUND('',#776,.T.);
#500=FACE_OUTER_BOUND('',#777,.T.);
#501=FACE_OUTER_BOUND('',#779,.T.);
#502=FACE_OUTER_BOUND('',#780,.T.);
#503=FACE_OUTER_BOUND('',#782,.T.);
#504=FACE_OUTER_BOUND('',#784,.T.);
#505=FACE_OUTER_BOUND('',#785,.T.);
#506=FACE_OUTER_BOUND('',#786,.T.);
#507=FACE_OUTER_BOUND('',#787,.T.);
#508=FACE_OUTER_BOUND('',#788,.T.);
#509=FACE_OUTER_BOUND('',#789,.T.);
#510=FACE_OUTER_BOUND('',#790,.T.);
#511=FACE_OUTER_BOUND('',#791,.T.);
#512=FACE_OUTER_BOUND('',#792,.T.);
#513=FACE_OUTER_BOUND('',#793,.T.);
#514=FACE_OUTER_BOUND('',#794,.T.);
#515=FACE_OUTER_BOUND('',#795,.T.);
#516=FACE_OUTER_BOUND('',#796,.T.);
#517=FACE_OUTER_BOUND('',#797,.T.);
#518=FACE_OUTER_BOUND('',#798,.T.);
#519=FACE_OUTER_BOUND('',#799,.T.);
#520=FACE_OUTER_BOUND('',#800,.T.);
#521=FACE_OUTER_BOUND('',#802,.T.);
#522=FACE_OUTER_BOUND('',#803,.T.);
#523=FACE_OUTER_BOUND('',#804,.T.);
#524=FACE_OUTER_BOUND('',#805,.T.);
#525=FACE_OUTER_BOUND('',#806,.T.);
#526=FACE_OUTER_BOUND('',#807,.T.);
#527=FACE_OUTER_BOUND('',#808,.T.);
#528=FACE_OUTER_BOUND('',#809,.T.);
#529=FACE_OUTER_BOUND('',#810,.T.);
#530=FACE_OUTER_BOUND('',#811,.T.);
#531=FACE_OUTER_BOUND('',#812,.T.);
#532=FACE_OUTER_BOUND('',#813,.T.);
#533=FACE_OUTER_BOUND('',#814,.T.);
#534=FACE_OUTER_BOUND('',#815,.T.);
#535=FACE_OUTER_BOUND('',#816,.T.);
#536=FACE_OUTER_BOUND('',#817,.T.);
#537=FACE_OUTER_BOUND('',#818,.T.);
#538=FACE_OUTER_BOUND('',#819,.T.);
#539=FACE_OUTER_BOUND('',#820,.T.);
#540=FACE_OUTER_BOUND('',#821,.T.);
#541=FACE_OUTER_BOUND('',#822,.T.);
#542=FACE_OUTER_BOUND('',#824,.T.);
#543=FACE_OUTER_BOUND('',#829,.T.);
#544=FACE_OUTER_BOUND('',#832,.T.);
#545=FACE_OUTER_BOUND('',#834,.T.);
#546=FACE_OUTER_BOUND('',#836,.T.);
#547=FACE_OUTER_BOUND('',#839,.T.);
#548=FACE_OUTER_BOUND('',#840,.T.);
#549=FACE_OUTER_BOUND('',#841,.T.);
#550=FACE_OUTER_BOUND('',#842,.T.);
#551=FACE_OUTER_BOUND('',#846,.T.);
#552=FACE_OUTER_BOUND('',#847,.T.);
#553=FACE_OUTER_BOUND('',#848,.T.);
#554=FACE_OUTER_BOUND('',#849,.T.);
#555=FACE_OUTER_BOUND('',#850,.T.);
#556=FACE_OUTER_BOUND('',#852,.T.);
#557=FACE_OUTER_BOUND('',#853,.T.);
#558=FACE_OUTER_BOUND('',#854,.T.);
#559=FACE_OUTER_BOUND('',#855,.T.);
#560=FACE_OUTER_BOUND('',#856,.T.);
#561=FACE_OUTER_BOUND('',#857,.T.);
#562=FACE_OUTER_BOUND('',#858,.T.);
#563=FACE_OUTER_BOUND('',#859,.T.);
#564=FACE_OUTER_BOUND('',#861,.T.);
#565=FACE_OUTER_BOUND('',#862,.T.);
#566=FACE_OUTER_BOUND('',#864,.T.);
#567=FACE_OUTER_BOUND('',#865,.T.);
#568=FACE_OUTER_BOUND('',#867,.T.);
#569=FACE_OUTER_BOUND('',#869,.T.);
#570=FACE_OUTER_BOUND('',#870,.T.);
#571=FACE_OUTER_BOUND('',#871,.T.);
#572=FACE_OUTER_BOUND('',#872,.T.);
#573=FACE_OUTER_BOUND('',#873,.T.);
#574=FACE_OUTER_BOUND('',#874,.T.);
#575=FACE_OUTER_BOUND('',#875,.T.);
#576=FACE_OUTER_BOUND('',#876,.T.);
#577=FACE_OUTER_BOUND('',#877,.T.);
#578=FACE_OUTER_BOUND('',#878,.T.);
#579=FACE_OUTER_BOUND('',#879,.T.);
#580=FACE_OUTER_BOUND('',#880,.T.);
#581=FACE_OUTER_BOUND('',#881,.T.);
#582=FACE_OUTER_BOUND('',#882,.T.);
#583=FACE_OUTER_BOUND('',#883,.T.);
#584=FACE_OUTER_BOUND('',#884,.T.);
#585=FACE_OUTER_BOUND('',#885,.T.);
#586=FACE_OUTER_BOUND('',#887,.T.);
#587=FACE_OUTER_BOUND('',#888,.T.);
#588=FACE_OUTER_BOUND('',#889,.T.);
#589=FACE_OUTER_BOUND('',#890,.T.);
#590=FACE_OUTER_BOUND('',#891,.T.);
#591=FACE_OUTER_BOUND('',#892,.T.);
#592=FACE_OUTER_BOUND('',#893,.T.);
#593=FACE_OUTER_BOUND('',#894,.T.);
#594=FACE_OUTER_BOUND('',#895,.T.);
#595=FACE_OUTER_BOUND('',#896,.T.);
#596=FACE_OUTER_BOUND('',#897,.T.);
#597=FACE_OUTER_BOUND('',#898,.T.);
#598=FACE_OUTER_BOUND('',#899,.T.);
#599=FACE_OUTER_BOUND('',#900,.T.);
#600=FACE_OUTER_BOUND('',#901,.T.);
#601=FACE_OUTER_BOUND('',#902,.T.);
#602=FACE_OUTER_BOUND('',#903,.T.);
#603=FACE_OUTER_BOUND('',#904,.T.);
#604=FACE_OUTER_BOUND('',#905,.T.);
#605=FACE_OUTER_BOUND('',#906,.T.);
#606=FACE_OUTER_BOUND('',#907,.T.);
#607=FACE_OUTER_BOUND('',#909,.T.);
#608=FACE_OUTER_BOUND('',#914,.T.);
#609=FACE_OUTER_BOUND('',#915,.T.);
#610=FACE_OUTER_BOUND('',#916,.T.);
#611=FACE_OUTER_BOUND('',#918,.T.);
#612=FACE_OUTER_BOUND('',#920,.T.);
#613=FACE_OUTER_BOUND('',#921,.T.);
#614=FACE_OUTER_BOUND('',#922,.T.);
#615=FACE_OUTER_BOUND('',#924,.T.);
#616=FACE_OUTER_BOUND('',#926,.T.);
#617=FACE_OUTER_BOUND('',#927,.T.);
#618=FACE_OUTER_BOUND('',#928,.T.);
#619=FACE_OUTER_BOUND('',#930,.T.);
#620=FACE_OUTER_BOUND('',#932,.T.);
#621=FACE_OUTER_BOUND('',#933,.T.);
#622=FACE_OUTER_BOUND('',#934,.T.);
#623=FACE_OUTER_BOUND('',#936,.T.);
#624=EDGE_LOOP('',(#2892,#2893,#2894));
#625=EDGE_LOOP('',(#2895,#2896,#2897,#2898,#2899));
#626=EDGE_LOOP('',(#2900,#2901,#2902,#2903));
#627=EDGE_LOOP('',(#2904,#2905,#2906,#2907));
#628=EDGE_LOOP('',(#2908,#2909,#2910,#2911));
#629=EDGE_LOOP('',(#2912,#2913,#2914,#2915,#2916));
#630=EDGE_LOOP('',(#2917,#2918,#2919));
#631=EDGE_LOOP('',(#2920,#2921,#2922,#2923,#2924));
#632=EDGE_LOOP('',(#2925,#2926,#2927,#2928));
#633=EDGE_LOOP('',(#2929,#2930,#2931,#2932));
#634=EDGE_LOOP('',(#2933,#2934,#2935,#2936));
#635=EDGE_LOOP('',(#2937,#2938,#2939));
#636=EDGE_LOOP('',(#2940,#2941,#2942,#2943,#2944));
#637=EDGE_LOOP('',(#2945,#2946,#2947,#2948));
#638=EDGE_LOOP('',(#2949,#2950,#2951,#2952));
#639=EDGE_LOOP('',(#2953,#2954,#2955,#2956));
#640=EDGE_LOOP('',(#2957,#2958,#2959,#2960,#2961));
#641=EDGE_LOOP('',(#2962,#2963,#2964));
#642=EDGE_LOOP('',(#2965,#2966,#2967,#2968,#2969));
#643=EDGE_LOOP('',(#2970,#2971,#2972,#2973));
#644=EDGE_LOOP('',(#2974,#2975,#2976,#2977));
#645=EDGE_LOOP('',(#2978,#2979,#2980,#2981));
#646=EDGE_LOOP('',(#2982,#2983,#2984,#2985,#2986));
#647=EDGE_LOOP('',(#2987,#2988,#2989,#2990));
#648=EDGE_LOOP('',(#2991,#2992,#2993,#2994));
#649=EDGE_LOOP('',(#2995,#2996,#2997,#2998));
#650=EDGE_LOOP('',(#2999,#3000,#3001,#3002));
#651=EDGE_LOOP('',(#3003,#3004,#3005,#3006));
#652=EDGE_LOOP('',(#3007,#3008,#3009,#3010,#3011,#3012));
#653=EDGE_LOOP('',(#3013,#3014));
#654=EDGE_LOOP('',(#3015,#3016,#3017,#3018));
#655=EDGE_LOOP('',(#3019,#3020,#3021,#3022));
#656=EDGE_LOOP('',(#3023,#3024,#3025,#3026));
#657=EDGE_LOOP('',(#3027,#3028,#3029,#3030));
#658=EDGE_LOOP('',(#3031,#3032,#3033,#3034));
#659=EDGE_LOOP('',(#3035,#3036,#3037,#3038));
#660=EDGE_LOOP('',(#3039,#3040,#3041,#3042));
#661=EDGE_LOOP('',(#3043,#3044,#3045,#3046));
#662=EDGE_LOOP('',(#3047,#3048,#3049,#3050));
#663=EDGE_LOOP('',(#3051,#3052,#3053,#3054));
#664=EDGE_LOOP('',(#3055,#3056,#3057,#3058));
#665=EDGE_LOOP('',(#3059,#3060,#3061,#3062));
#666=EDGE_LOOP('',(#3063,#3064,#3065,#3066));
#667=EDGE_LOOP('',(#3067,#3068,#3069,#3070));
#668=EDGE_LOOP('',(#3071,#3072,#3073,#3074));
#669=EDGE_LOOP('',(#3075,#3076,#3077,#3078));
#670=EDGE_LOOP('',(#3079,#3080,#3081,#3082,#3083,#3084));
#671=EDGE_LOOP('',(#3085,#3086));
#672=EDGE_LOOP('',(#3087,#3088,#3089,#3090,#3091,#3092,#3093,#3094,#3095,
#3096,#3097,#3098,#3099,#3100,#3101,#3102));
#673=EDGE_LOOP('',(#3103,#3104,#3105,#3106,#3107));
#674=EDGE_LOOP('',(#3108,#3109,#3110,#3111,#3112,#3113,#3114,#3115,#3116,
#3117,#3118,#3119,#3120,#3121,#3122,#3123));
#675=EDGE_LOOP('',(#3124,#3125,#3126,#3127));
#676=EDGE_LOOP('',(#3128,#3129,#3130,#3131));
#677=EDGE_LOOP('',(#3132,#3133,#3134,#3135));
#678=EDGE_LOOP('',(#3136,#3137,#3138,#3139));
#679=EDGE_LOOP('',(#3140,#3141,#3142,#3143));
#680=EDGE_LOOP('',(#3144,#3145,#3146,#3147));
#681=EDGE_LOOP('',(#3148,#3149,#3150,#3151));
#682=EDGE_LOOP('',(#3152,#3153,#3154,#3155));
#683=EDGE_LOOP('',(#3156,#3157,#3158,#3159));
#684=EDGE_LOOP('',(#3160,#3161,#3162,#3163));
#685=EDGE_LOOP('',(#3164,#3165,#3166,#3167));
#686=EDGE_LOOP('',(#3168,#3169,#3170,#3171));
#687=EDGE_LOOP('',(#3172,#3173,#3174,#3175));
#688=EDGE_LOOP('',(#3176,#3177,#3178,#3179));
#689=EDGE_LOOP('',(#3180,#3181,#3182,#3183));
#690=EDGE_LOOP('',(#3184,#3185,#3186,#3187));
#691=EDGE_LOOP('',(#3188,#3189,#3190,#3191,#3192,#3193));
#692=EDGE_LOOP('',(#3194,#3195));
#693=EDGE_LOOP('',(#3196,#3197,#3198,#3199,#3200,#3201,#3202,#3203,#3204,
#3205,#3206,#3207,#3208,#3209,#3210,#3211));
#694=EDGE_LOOP('',(#3212,#3213,#3214,#3215,#3216));
#695=EDGE_LOOP('',(#3217,#3218,#3219,#3220,#3221,#3222,#3223,#3224,#3225,
#3226,#3227,#3228,#3229,#3230,#3231,#3232));
#696=EDGE_LOOP('',(#3233,#3234,#3235,#3236,#3237));
#697=EDGE_LOOP('',(#3238,#3239,#3240,#3241));
#698=EDGE_LOOP('',(#3242,#3243,#3244,#3245));
#699=EDGE_LOOP('',(#3246,#3247,#3248,#3249));
#700=EDGE_LOOP('',(#3250,#3251,#3252,#3253));
#701=EDGE_LOOP('',(#3254,#3255,#3256,#3257));
#702=EDGE_LOOP('',(#3258,#3259,#3260,#3261,#3262,#3263));
#703=EDGE_LOOP('',(#3264,#3265));
#704=EDGE_LOOP('',(#3266,#3267,#3268,#3269,#3270,#3271,#3272,#3273));
#705=EDGE_LOOP('',(#3274));
#706=EDGE_LOOP('',(#3275));
#707=EDGE_LOOP('',(#3276,#3277,#3278,#3279));
#708=EDGE_LOOP('',(#3280,#3281,#3282,#3283));
#709=EDGE_LOOP('',(#3284,#3285,#3286,#3287));
#710=EDGE_LOOP('',(#3288,#3289,#3290,#3291));
#711=EDGE_LOOP('',(#3292,#3293,#3294,#3295));
#712=EDGE_LOOP('',(#3296,#3297,#3298,#3299));
#713=EDGE_LOOP('',(#3300,#3301,#3302,#3303));
#714=EDGE_LOOP('',(#3304,#3305,#3306,#3307));
#715=EDGE_LOOP('',(#3308,#3309,#3310,#3311));
#716=EDGE_LOOP('',(#3312,#3313,#3314,#3315));
#717=EDGE_LOOP('',(#3316,#3317,#3318,#3319));
#718=EDGE_LOOP('',(#3320,#3321,#3322,#3323));
#719=EDGE_LOOP('',(#3324,#3325,#3326,#3327));
#720=EDGE_LOOP('',(#3328,#3329,#3330,#3331));
#721=EDGE_LOOP('',(#3332,#3333,#3334,#3335));
#722=EDGE_LOOP('',(#3336,#3337,#3338,#3339));
#723=EDGE_LOOP('',(#3340,#3341,#3342,#3343,#3344,#3345));
#724=EDGE_LOOP('',(#3346,#3347));
#725=EDGE_LOOP('',(#3348,#3349,#3350,#3351,#3352,#3353,#3354,#3355,#3356,
#3357,#3358,#3359,#3360,#3361,#3362,#3363));
#726=EDGE_LOOP('',(#3364,#3365,#3366,#3367,#3368));
#727=EDGE_LOOP('',(#3369,#3370,#3371,#3372,#3373,#3374,#3375,#3376,#3377,
#3378,#3379,#3380,#3381,#3382,#3383,#3384));
#728=EDGE_LOOP('',(#3385,#3386,#3387,#3388));
#729=EDGE_LOOP('',(#3389,#3390,#3391,#3392));
#730=EDGE_LOOP('',(#3393,#3394,#3395,#3396));
#731=EDGE_LOOP('',(#3397,#3398,#3399,#3400));
#732=EDGE_LOOP('',(#3401,#3402,#3403,#3404));
#733=EDGE_LOOP('',(#3405,#3406,#3407,#3408));
#734=EDGE_LOOP('',(#3409,#3410,#3411,#3412));
#735=EDGE_LOOP('',(#3413,#3414,#3415,#3416));
#736=EDGE_LOOP('',(#3417,#3418,#3419,#3420));
#737=EDGE_LOOP('',(#3421,#3422,#3423,#3424));
#738=EDGE_LOOP('',(#3425,#3426,#3427,#3428));
#739=EDGE_LOOP('',(#3429,#3430,#3431,#3432));
#740=EDGE_LOOP('',(#3433,#3434,#3435,#3436));
#741=EDGE_LOOP('',(#3437,#3438,#3439,#3440));
#742=EDGE_LOOP('',(#3441,#3442,#3443,#3444));
#743=EDGE_LOOP('',(#3445,#3446,#3447,#3448));
#744=EDGE_LOOP('',(#3449,#3450,#3451,#3452,#3453,#3454));
#745=EDGE_LOOP('',(#3455,#3456));
#746=EDGE_LOOP('',(#3457,#3458,#3459,#3460,#3461,#3462,#3463,#3464,#3465,
#3466,#3467,#3468,#3469,#3470,#3471,#3472));
#747=EDGE_LOOP('',(#3473,#3474,#3475,#3476,#3477));
#748=EDGE_LOOP('',(#3478,#3479,#3480,#3481,#3482,#3483,#3484,#3485,#3486,
#3487,#3488,#3489,#3490,#3491,#3492,#3493));
#749=EDGE_LOOP('',(#3494,#3495,#3496,#3497,#3498,#3499));
#750=EDGE_LOOP('',(#3500,#3501));
#751=EDGE_LOOP('',(#3502,#3503));
#752=EDGE_LOOP('',(#3504,#3505,#3506,#3507,#3508,#3509));
#753=EDGE_LOOP('',(#3510,#3511));
#754=EDGE_LOOP('',(#3512,#3513));
#755=EDGE_LOOP('',(#3514,#3515,#3516,#3517,#3518,#3519));
#756=EDGE_LOOP('',(#3520,#3521));
#757=EDGE_LOOP('',(#3522,#3523));
#758=EDGE_LOOP('',(#3524,#3525,#3526,#3527,#3528,#3529));
#759=EDGE_LOOP('',(#3530,#3531));
#760=EDGE_LOOP('',(#3532,#3533));
#761=EDGE_LOOP('',(#3534,#3535,#3536,#3537,#3538,#3539));
#762=EDGE_LOOP('',(#3540,#3541));
#763=EDGE_LOOP('',(#3542,#3543));
#764=EDGE_LOOP('',(#3544,#3545));
#765=EDGE_LOOP('',(#3546,#3547,#3548,#3549,#3550,#3551));
#766=EDGE_LOOP('',(#3552,#3553));
#767=EDGE_LOOP('',(#3554,#3555));
#768=EDGE_LOOP('',(#3556,#3557,#3558,#3559,#3560,#3561));
#769=EDGE_LOOP('',(#3562,#3563));
#770=EDGE_LOOP('',(#3564,#3565,#3566,#3567,#3568,#3569));
#771=EDGE_LOOP('',(#3570,#3571,#3572,#3573,#3574,#3575));
#772=EDGE_LOOP('',(#3576,#3577));
#773=EDGE_LOOP('',(#3578,#3579,#3580,#3581));
#774=EDGE_LOOP('',(#3582));
#775=EDGE_LOOP('',(#3583,#3584));
#776=EDGE_LOOP('',(#3585,#3586,#3587,#3588,#3589,#3590));
#777=EDGE_LOOP('',(#3591,#3592));
#778=EDGE_LOOP('',(#3593));
#779=EDGE_LOOP('',(#3594,#3595,#3596,#3597,#3598,#3599));
#780=EDGE_LOOP('',(#3600,#3601));
#781=EDGE_LOOP('',(#3602,#3603));
#782=EDGE_LOOP('',(#3604,#3605));
#783=EDGE_LOOP('',(#3606,#3607));
#784=EDGE_LOOP('',(#3608,#3609,#3610,#3611,#3612,#3613));
#785=EDGE_LOOP('',(#3614,#3615));
#786=EDGE_LOOP('',(#3616,#3617));
#787=EDGE_LOOP('',(#3618,#3619));
#788=EDGE_LOOP('',(#3620,#3621));
#789=EDGE_LOOP('',(#3622,#3623,#3624,#3625,#3626,#3627));
#790=EDGE_LOOP('',(#3628,#3629,#3630,#3631,#3632));
#791=EDGE_LOOP('',(#3633,#3634,#3635,#3636,#3637));
#792=EDGE_LOOP('',(#3638,#3639,#3640,#3641,#3642));
#793=EDGE_LOOP('',(#3643,#3644,#3645,#3646,#3647));
#794=EDGE_LOOP('',(#3648,#3649,#3650,#3651,#3652));
#795=EDGE_LOOP('',(#3653,#3654,#3655,#3656,#3657));
#796=EDGE_LOOP('',(#3658,#3659,#3660,#3661,#3662));
#797=EDGE_LOOP('',(#3663,#3664,#3665,#3666,#3667));
#798=EDGE_LOOP('',(#3668,#3669,#3670,#3671));
#799=EDGE_LOOP('',(#3672,#3673,#3674,#3675,#3676));
#800=EDGE_LOOP('',(#3677,#3678,#3679,#3680,#3681));
#801=EDGE_LOOP('',(#3682,#3683));
#802=EDGE_LOOP('',(#3684,#3685,#3686,#3687,#3688,#3689));
#803=EDGE_LOOP('',(#3690,#3691,#3692,#3693,#3694,#3695));
#804=EDGE_LOOP('',(#3696,#3697,#3698,#3699,#3700,#3701));
#805=EDGE_LOOP('',(#3702,#3703,#3704,#3705,#3706,#3707));
#806=EDGE_LOOP('',(#3708,#3709,#3710,#3711,#3712,#3713));
#807=EDGE_LOOP('',(#3714,#3715,#3716,#3717,#3718,#3719));
#808=EDGE_LOOP('',(#3720,#3721,#3722,#3723,#3724,#3725));
#809=EDGE_LOOP('',(#3726,#3727,#3728,#3729,#3730,#3731));
#810=EDGE_LOOP('',(#3732,#3733,#3734,#3735,#3736,#3737,#3738,#3739,#3740,
#3741,#3742,#3743,#3744,#3745,#3746));
#811=EDGE_LOOP('',(#3747,#3748,#3749,#3750));
#812=EDGE_LOOP('',(#3751,#3752,#3753,#3754,#3755,#3756,#3757,#3758,#3759,
#3760,#3761,#3762,#3763,#3764,#3765,#3766));
#813=EDGE_LOOP('',(#3767,#3768,#3769));
#814=EDGE_LOOP('',(#3770,#3771,#3772,#3773,#3774));
#815=EDGE_LOOP('',(#3775,#3776,#3777,#3778,#3779));
#816=EDGE_LOOP('',(#3780,#3781,#3782,#3783,#3784));
#817=EDGE_LOOP('',(#3785,#3786,#3787,#3788,#3789));
#818=EDGE_LOOP('',(#3790,#3791,#3792,#3793,#3794));
#819=EDGE_LOOP('',(#3795,#3796,#3797,#3798,#3799));
#820=EDGE_LOOP('',(#3800,#3801,#3802,#3803,#3804));
#821=EDGE_LOOP('',(#3805,#3806,#3807,#3808,#3809));
#822=EDGE_LOOP('',(#3810,#3811,#3812,#3813,#3814));
#823=EDGE_LOOP('',(#3815,#3816));
#824=EDGE_LOOP('',(#3817,#3818,#3819,#3820,#3821,#3822));
#825=EDGE_LOOP('',(#3823,#3824));
#826=EDGE_LOOP('',(#3825,#3826));
#827=EDGE_LOOP('',(#3827,#3828));
#828=EDGE_LOOP('',(#3829,#3830));
#829=EDGE_LOOP('',(#3831,#3832,#3833,#3834,#3835,#3836,#3837,#3838));
#830=EDGE_LOOP('',(#3839));
#831=EDGE_LOOP('',(#3840));
#832=EDGE_LOOP('',(#3841,#3842,#3843,#3844,#3845,#3846));
#833=EDGE_LOOP('',(#3847,#3848,#3849,#3850));
#834=EDGE_LOOP('',(#3851,#3852,#3853,#3854,#3855,#3856));
#835=EDGE_LOOP('',(#3857,#3858,#3859,#3860));
#836=EDGE_LOOP('',(#3861,#3862,#3863,#3864,#3865,#3866,#3867,#3868,#3869,
#3870,#3871,#3872,#3873,#3874,#3875,#3876));
#837=EDGE_LOOP('',(#3877));
#838=EDGE_LOOP('',(#3878));
#839=EDGE_LOOP('',(#3879,#3880,#3881,#3882));
#840=EDGE_LOOP('',(#3883,#3884,#3885,#3886));
#841=EDGE_LOOP('',(#3887,#3888,#3889,#3890));
#842=EDGE_LOOP('',(#3891,#3892,#3893,#3894));
#843=EDGE_LOOP('',(#3895,#3896));
#844=EDGE_LOOP('',(#3897,#3898));
#845=EDGE_LOOP('',(#3899,#3900));
#846=EDGE_LOOP('',(#3901,#3902,#3903,#3904));
#847=EDGE_LOOP('',(#3905,#3906,#3907,#3908));
#848=EDGE_LOOP('',(#3909,#3910,#3911,#3912));
#849=EDGE_LOOP('',(#3913,#3914,#3915,#3916));
#850=EDGE_LOOP('',(#3917,#3918,#3919,#3920));
#851=EDGE_LOOP('',(#3921,#3922));
#852=EDGE_LOOP('',(#3923,#3924,#3925,#3926));
#853=EDGE_LOOP('',(#3927,#3928,#3929,#3930));
#854=EDGE_LOOP('',(#3931,#3932,#3933,#3934));
#855=EDGE_LOOP('',(#3935,#3936,#3937,#3938));
#856=EDGE_LOOP('',(#3939,#3940,#3941,#3942,#3943,#3944));
#857=EDGE_LOOP('',(#3945,#3946));
#858=EDGE_LOOP('',(#3947,#3948,#3949,#3950));
#859=EDGE_LOOP('',(#3951));
#860=EDGE_LOOP('',(#3952,#3953));
#861=EDGE_LOOP('',(#3954,#3955,#3956,#3957,#3958,#3959));
#862=EDGE_LOOP('',(#3960,#3961));
#863=EDGE_LOOP('',(#3962));
#864=EDGE_LOOP('',(#3963,#3964,#3965,#3966,#3967,#3968));
#865=EDGE_LOOP('',(#3969,#3970));
#866=EDGE_LOOP('',(#3971,#3972));
#867=EDGE_LOOP('',(#3973,#3974));
#868=EDGE_LOOP('',(#3975,#3976));
#869=EDGE_LOOP('',(#3977,#3978,#3979,#3980,#3981,#3982));
#870=EDGE_LOOP('',(#3983,#3984));
#871=EDGE_LOOP('',(#3985,#3986));
#872=EDGE_LOOP('',(#3987,#3988));
#873=EDGE_LOOP('',(#3989,#3990));
#874=EDGE_LOOP('',(#3991,#3992,#3993,#3994,#3995,#3996));
#875=EDGE_LOOP('',(#3997,#3998,#3999,#4000,#4001));
#876=EDGE_LOOP('',(#4002,#4003,#4004,#4005,#4006));
#877=EDGE_LOOP('',(#4007,#4008,#4009,#4010,#4011));
#878=EDGE_LOOP('',(#4012,#4013,#4014,#4015,#4016));
#879=EDGE_LOOP('',(#4017,#4018,#4019,#4020,#4021));
#880=EDGE_LOOP('',(#4022,#4023,#4024,#4025,#4026));
#881=EDGE_LOOP('',(#4027,#4028,#4029,#4030,#4031));
#882=EDGE_LOOP('',(#4032,#4033,#4034,#4035,#4036));
#883=EDGE_LOOP('',(#4037,#4038,#4039,#4040));
#884=EDGE_LOOP('',(#4041,#4042,#4043,#4044,#4045));
#885=EDGE_LOOP('',(#4046,#4047,#4048,#4049,#4050));
#886=EDGE_LOOP('',(#4051,#4052));
#887=EDGE_LOOP('',(#4053,#4054,#4055,#4056,#4057,#4058));
#888=EDGE_LOOP('',(#4059,#4060,#4061,#4062,#4063,#4064));
#889=EDGE_LOOP('',(#4065,#4066,#4067,#4068,#4069,#4070));
#890=EDGE_LOOP('',(#4071,#4072,#4073,#4074,#4075,#4076));
#891=EDGE_LOOP('',(#4077,#4078,#4079,#4080,#4081,#4082));
#892=EDGE_LOOP('',(#4083,#4084,#4085,#4086,#4087,#4088));
#893=EDGE_LOOP('',(#4089,#4090,#4091,#4092,#4093,#4094));
#894=EDGE_LOOP('',(#4095,#4096,#4097,#4098,#4099,#4100));
#895=EDGE_LOOP('',(#4101,#4102,#4103,#4104,#4105,#4106,#4107,#4108,#4109,
#4110,#4111,#4112,#4113,#4114,#4115));
#896=EDGE_LOOP('',(#4116,#4117,#4118,#4119));
#897=EDGE_LOOP('',(#4120,#4121,#4122,#4123,#4124,#4125,#4126,#4127,#4128,
#4129,#4130,#4131,#4132,#4133,#4134,#4135));
#898=EDGE_LOOP('',(#4136,#4137,#4138));
#899=EDGE_LOOP('',(#4139,#4140,#4141,#4142,#4143));
#900=EDGE_LOOP('',(#4144,#4145,#4146,#4147,#4148));
#901=EDGE_LOOP('',(#4149,#4150,#4151,#4152,#4153));
#902=EDGE_LOOP('',(#4154,#4155,#4156,#4157,#4158));
#903=EDGE_LOOP('',(#4159,#4160,#4161,#4162,#4163));
#904=EDGE_LOOP('',(#4164,#4165,#4166,#4167,#4168));
#905=EDGE_LOOP('',(#4169,#4170,#4171,#4172,#4173));
#906=EDGE_LOOP('',(#4174,#4175,#4176,#4177,#4178));
#907=EDGE_LOOP('',(#4179,#4180,#4181,#4182,#4183));
#908=EDGE_LOOP('',(#4184,#4185));
#909=EDGE_LOOP('',(#4186,#4187,#4188,#4189,#4190,#4191));
#910=EDGE_LOOP('',(#4192,#4193));
#911=EDGE_LOOP('',(#4194,#4195));
#912=EDGE_LOOP('',(#4196,#4197));
#913=EDGE_LOOP('',(#4198,#4199));
#914=EDGE_LOOP('',(#4200,#4201,#4202,#4203));
#915=EDGE_LOOP('',(#4204,#4205,#4206,#4207));
#916=EDGE_LOOP('',(#4208));
#917=EDGE_LOOP('',(#4209));
#918=EDGE_LOOP('',(#4210));
#919=EDGE_LOOP('',(#4211));
#920=EDGE_LOOP('',(#4212,#4213,#4214,#4215));
#921=EDGE_LOOP('',(#4216,#4217,#4218,#4219));
#922=EDGE_LOOP('',(#4220));
#923=EDGE_LOOP('',(#4221));
#924=EDGE_LOOP('',(#4222));
#925=EDGE_LOOP('',(#4223));
#926=EDGE_LOOP('',(#4224,#4225,#4226,#4227));
#927=EDGE_LOOP('',(#4228,#4229,#4230,#4231));
#928=EDGE_LOOP('',(#4232));
#929=EDGE_LOOP('',(#4233));
#930=EDGE_LOOP('',(#4234));
#931=EDGE_LOOP('',(#4235));
#932=EDGE_LOOP('',(#4236,#4237,#4238,#4239));
#933=EDGE_LOOP('',(#4240,#4241,#4242,#4243));
#934=EDGE_LOOP('',(#4244));
#935=EDGE_LOOP('',(#4245));
#936=EDGE_LOOP('',(#4246));
#937=EDGE_LOOP('',(#4247));
#938=CIRCLE('',#4619,0.109964836805555);
#939=CIRCLE('',#4621,0.109964836805555);
#940=CIRCLE('',#4626,0.109964836805555);
#941=CIRCLE('',#4628,0.125);
#942=CIRCLE('',#4630,0.125);
#943=CIRCLE('',#4635,0.109964836805555);
#944=CIRCLE('',#4637,0.109964836805555);
#945=CIRCLE('',#4642,0.109964836805555);
#946=CIRCLE('',#4644,0.125);
#947=CIRCLE('',#4646,0.125);
#948=CIRCLE('',#4651,0.0529999999999999);
#949=CIRCLE('',#4652,0.0529999999999999);
#950=CIRCLE('',#4653,0.0529999999999999);
#951=CIRCLE('',#4655,0.0199999999999996);
#952=CIRCLE('',#4656,0.0199999999999996);
#953=CIRCLE('',#4659,0.0200000000000003);
#954=CIRCLE('',#4660,0.0200000000000003);
#955=CIRCLE('',#4665,0.00600000000000378);
#956=CIRCLE('',#4666,0.00600000000000378);
#957=CIRCLE('',#4669,0.00299999999999923);
#958=CIRCLE('',#4670,0.00299999999999923);
#959=CIRCLE('',#4673,0.00599999999999534);
#960=CIRCLE('',#4674,0.00599999999999534);
#961=CIRCLE('',#4677,0.00299999999999656);
#962=CIRCLE('',#4678,0.00299999999999656);
#963=CIRCLE('',#4681,0.00600000000000378);
#964=CIRCLE('',#4682,0.00600000000000378);
#965=CIRCLE('',#4685,0.00299999999999945);
#966=CIRCLE('',#4686,0.00299999999999945);
#967=CIRCLE('',#4689,0.00599999999999601);
#968=CIRCLE('',#4690,0.00599999999999601);
#969=CIRCLE('',#4693,0.00300000000000011);
#970=CIRCLE('',#4694,0.00300000000000011);
#971=CIRCLE('',#4697,0.0475);
#972=CIRCLE('',#4698,0.0475);
#973=CIRCLE('',#4699,0.02);
#974=CIRCLE('',#4700,0.0675);
#975=CIRCLE('',#4701,0.0675);
#976=CIRCLE('',#4704,0.0675);
#977=CIRCLE('',#4707,0.00600000000000378);
#978=CIRCLE('',#4708,0.00600000000000378);
#979=CIRCLE('',#4711,0.00299999999999923);
#980=CIRCLE('',#4712,0.00299999999999923);
#981=CIRCLE('',#4715,0.00599999999999534);
#982=CIRCLE('',#4716,0.00599999999999534);
#983=CIRCLE('',#4719,0.00299999999999656);
#984=CIRCLE('',#4720,0.00299999999999656);
#985=CIRCLE('',#4723,0.00600000000000378);
#986=CIRCLE('',#4724,0.00600000000000378);
#987=CIRCLE('',#4727,0.00299999999999945);
#988=CIRCLE('',#4728,0.00299999999999945);
#989=CIRCLE('',#4731,0.00599999999999601);
#990=CIRCLE('',#4732,0.00599999999999601);
#991=CIRCLE('',#4735,0.00300000000000011);
#992=CIRCLE('',#4736,0.00300000000000011);
#993=CIRCLE('',#4739,0.0475);
#994=CIRCLE('',#4740,0.0475);
#995=CIRCLE('',#4741,0.02);
#996=CIRCLE('',#4742,0.0675);
#997=CIRCLE('',#4743,0.0675);
#998=CIRCLE('',#4746,0.0675);
#999=CIRCLE('',#4749,0.0529999999999999);
#1000=CIRCLE('',#4750,0.0529999999999999);
#1001=CIRCLE('',#4751,0.0529999999999999);
#1002=CIRCLE('',#4753,0.0199999999999996);
#1003=CIRCLE('',#4754,0.0199999999999996);
#1004=CIRCLE('',#4757,0.0200000000000003);
#1005=CIRCLE('',#4758,0.0200000000000003);
#1006=CIRCLE('',#4763,0.0745);
#1007=CIRCLE('',#4764,0.0745);
#1008=CIRCLE('',#4766,0.00600000000000378);
#1009=CIRCLE('',#4767,0.00600000000000378);
#1010=CIRCLE('',#4770,0.00299999999999923);
#1011=CIRCLE('',#4771,0.00299999999999923);
#1012=CIRCLE('',#4774,0.00599999999999534);
#1013=CIRCLE('',#4775,0.00599999999999534);
#1014=CIRCLE('',#4778,0.00299999999999656);
#1015=CIRCLE('',#4779,0.00299999999999656);
#1016=CIRCLE('',#4782,0.00600000000000378);
#1017=CIRCLE('',#4783,0.00600000000000378);
#1018=CIRCLE('',#4786,0.00299999999999945);
#1019=CIRCLE('',#4787,0.00299999999999945);
#1020=CIRCLE('',#4790,0.00599999999999601);
#1021=CIRCLE('',#4791,0.00599999999999601);
#1022=CIRCLE('',#4794,0.00300000000000011);
#1023=CIRCLE('',#4795,0.00300000000000011);
#1024=CIRCLE('',#4798,0.0475);
#1025=CIRCLE('',#4799,0.02);
#1026=CIRCLE('',#4800,0.0675);
#1027=CIRCLE('',#4801,0.0675);
#1028=CIRCLE('',#4802,0.0475);
#1029=CIRCLE('',#4805,0.0675);
#1030=CIRCLE('',#4808,0.00600000000000378);
#1031=CIRCLE('',#4809,0.00600000000000378);
#1032=CIRCLE('',#4812,0.00299999999999923);
#1033=CIRCLE('',#4813,0.00299999999999923);
#1034=CIRCLE('',#4816,0.00599999999999534);
#1035=CIRCLE('',#4817,0.00599999999999534);
#1036=CIRCLE('',#4820,0.00299999999999656);
#1037=CIRCLE('',#4821,0.00299999999999656);
#1038=CIRCLE('',#4824,0.00600000000000378);
#1039=CIRCLE('',#4825,0.00600000000000378);
#1040=CIRCLE('',#4828,0.00299999999999945);
#1041=CIRCLE('',#4829,0.00299999999999945);
#1042=CIRCLE('',#4832,0.00599999999999601);
#1043=CIRCLE('',#4833,0.00599999999999601);
#1044=CIRCLE('',#4836,0.00300000000000011);
#1045=CIRCLE('',#4837,0.00300000000000011);
#1046=CIRCLE('',#4840,0.0475);
#1047=CIRCLE('',#4841,0.02);
#1048=CIRCLE('',#4842,0.0675);
#1049=CIRCLE('',#4843,0.0675);
#1050=CIRCLE('',#4844,0.0475);
#1051=CIRCLE('',#4847,0.0675);
#1052=CIRCLE('',#4850,0.0754999999999999);
#1053=CIRCLE('',#4851,0.0754999999999999);
#1054=CIRCLE('',#4852,0.0754999999999999);
#1055=CIRCLE('',#4853,0.0754999999999999);
#1056=CIRCLE('',#4855,0.0250000000000004);
#1057=CIRCLE('',#4856,0.0250000000000004);
#1058=CIRCLE('',#4858,0.0250000000000004);
#1059=CIRCLE('',#4859,0.0250000000000004);
#1060=CIRCLE('',#4861,0.0375000000000014);
#1061=CIRCLE('',#4862,0.0375000000000014);
#1062=CIRCLE('',#4864,0.0375000000000014);
#1063=CIRCLE('',#4865,0.0375000000000014);
#1064=CIRCLE('',#4867,0.0250000000000004);
#1065=CIRCLE('',#4868,0.0250000000000004);
#1066=CIRCLE('',#4870,0.0250000000000004);
#1067=CIRCLE('',#4871,0.0250000000000004);
#1068=CIRCLE('',#4873,0.0375000000000014);
#1069=CIRCLE('',#4874,0.0375000000000014);
#1070=CIRCLE('',#4876,0.0375000000000014);
#1071=CIRCLE('',#4877,0.0375000000000014);
#1072=CIRCLE('',#4880,0.0375000000000005);
#1073=CIRCLE('',#4881,0.0375000000000005);
#1074=CIRCLE('',#4882,0.0200000000000005);
#1075=CIRCLE('',#4883,0.0200000000000005);
#1076=CIRCLE('',#4885,0.0200000000000005);
#1077=CIRCLE('',#4886,0.0200000000000005);
#1078=CIRCLE('',#4888,0.0375000000000005);
#1079=CIRCLE('',#4889,0.0375000000000005);
#1080=CIRCLE('',#4891,0.0375000000000005);
#1081=CIRCLE('',#4892,0.0375000000000005);
#1082=CIRCLE('',#4895,0.0375000000000005);
#1083=CIRCLE('',#4896,0.0375000000000005);
#1084=CIRCLE('',#4898,0.0185000000000002);
#1085=CIRCLE('',#4899,0.0185000000000002);
#1086=CIRCLE('',#4900,0.0185000000000002);
#1087=CIRCLE('',#4901,0.0185000000000002);
#1088=CIRCLE('',#4904,0.025);
#1089=CIRCLE('',#4905,0.025);
#1090=CIRCLE('',#4908,0.0805);
#1091=CIRCLE('',#4909,0.0805);
#1092=CIRCLE('',#4910,0.0805);
#1093=CIRCLE('',#4911,0.0805);
#1094=CIRCLE('',#4914,0.09085);
#1095=CIRCLE('',#4915,0.09085);
#1096=CIRCLE('',#4916,0.09085);
#1097=CIRCLE('',#4917,0.09085);
#1098=CIRCLE('',#4920,0.1);
#1099=CIRCLE('',#4921,0.1);
#1100=CIRCLE('',#4923,0.005);
#1101=CIRCLE('',#4924,0.105);
#1102=CIRCLE('',#4925,0.105);
#1103=CIRCLE('',#4931,0.105);
#1104=CIRCLE('',#4932,0.105);
#1105=CIRCLE('',#4933,0.003);
#1106=CIRCLE('',#4935,0.00299999999999999);
#1107=CIRCLE('',#4937,0.00299999999999999);
#1108=CIRCLE('',#4939,0.003);
#1109=CIRCLE('',#4941,0.003);
#1110=CIRCLE('',#4943,0.003);
#1111=CIRCLE('',#4945,0.003);
#1112=CIRCLE('',#4947,0.003);
#1113=CIRCLE('',#4950,0.125);
#1114=CIRCLE('',#4952,0.115);
#1115=CIRCLE('',#4963,0.115);
#1116=CIRCLE('',#4965,0.109964836805555);
#1117=CIRCLE('',#4966,0.00300000000000001);
#1118=CIRCLE('',#4967,0.00299999999999998);
#1119=CIRCLE('',#4968,0.00299999999999999);
#1120=CIRCLE('',#4969,0.003);
#1121=CIRCLE('',#4970,0.00300000000000001);
#1122=CIRCLE('',#4971,0.003);
#1123=CIRCLE('',#4972,0.003);
#1124=CIRCLE('',#4973,0.003);
#1125=CIRCLE('',#4975,0.105);
#1126=CIRCLE('',#4976,0.105);
#1127=CIRCLE('',#4978,0.105);
#1128=CIRCLE('',#4979,0.105);
#1129=CIRCLE('',#4981,0.0745);
#1130=CIRCLE('',#4982,0.0745);
#1131=CIRCLE('',#4984,0.0600000000000001);
#1132=CIRCLE('',#4985,0.0600000000000002);
#1133=CIRCLE('',#4987,0.0600000000000002);
#1134=CIRCLE('',#4988,0.0600000000000001);
#1135=CIRCLE('',#4999,0.105);
#1136=CIRCLE('',#5000,0.105);
#1137=CIRCLE('',#5006,0.0185000000000002);
#1138=CIRCLE('',#5007,0.0185000000000002);
#1139=CIRCLE('',#5008,0.0185000000000002);
#1140=CIRCLE('',#5009,0.0185000000000002);
#1141=CIRCLE('',#5012,0.025);
#1142=CIRCLE('',#5013,0.025);
#1143=CIRCLE('',#5016,0.0805);
#1144=CIRCLE('',#5017,0.0805);
#1145=CIRCLE('',#5018,0.0805);
#1146=CIRCLE('',#5019,0.0805);
#1147=CIRCLE('',#5022,0.09085);
#1148=CIRCLE('',#5023,0.09085);
#1149=CIRCLE('',#5024,0.09085);
#1150=CIRCLE('',#5025,0.09085);
#1151=CIRCLE('',#5028,0.1);
#1152=CIRCLE('',#5029,0.1);
#1153=CIRCLE('',#5031,0.005);
#1154=CIRCLE('',#5032,0.105);
#1155=CIRCLE('',#5033,0.105);
#1156=CIRCLE('',#5039,0.105);
#1157=CIRCLE('',#5040,0.105);
#1158=CIRCLE('',#5041,0.003);
#1159=CIRCLE('',#5043,0.00299999999999999);
#1160=CIRCLE('',#5045,0.00299999999999999);
#1161=CIRCLE('',#5047,0.003);
#1162=CIRCLE('',#5049,0.003);
#1163=CIRCLE('',#5051,0.003);
#1164=CIRCLE('',#5053,0.003);
#1165=CIRCLE('',#5055,0.003);
#1166=CIRCLE('',#5058,0.125);
#1167=CIRCLE('',#5060,0.115);
#1168=CIRCLE('',#5071,0.115);
#1169=CIRCLE('',#5073,0.109964836805555);
#1170=CIRCLE('',#5074,0.00300000000000001);
#1171=CIRCLE('',#5075,0.00299999999999998);
#1172=CIRCLE('',#5076,0.00299999999999998);
#1173=CIRCLE('',#5077,0.003);
#1174=CIRCLE('',#5078,0.00300000000000001);
#1175=CIRCLE('',#5079,0.003);
#1176=CIRCLE('',#5080,0.003);
#1177=CIRCLE('',#5081,0.003);
#1178=CIRCLE('',#5083,0.105);
#1179=CIRCLE('',#5084,0.105);
#1180=CIRCLE('',#5087,0.0745);
#1181=CIRCLE('',#5089,0.075);
#1182=CIRCLE('',#5090,0.075);
#1183=CIRCLE('',#5094,0.0745);
#1184=CIRCLE('',#5096,0.075);
#1185=CIRCLE('',#5097,0.075);
#1186=CIRCLE('',#5101,0.0745);
#1187=CIRCLE('',#5103,0.075);
#1188=CIRCLE('',#5104,0.075);
#1189=CIRCLE('',#5108,0.0745);
#1190=CIRCLE('',#5110,0.075);
#1191=CIRCLE('',#5111,0.075);
#1192=(
BOUNDED_CURVE()
B_SPLINE_CURVE(2,(#6386,#6387,#6388),.UNSPECIFIED.,.F.,.F.)
B_SPLINE_CURVE_WITH_KNOTS((3,3),(0.06566506342124,0.0664479855215812),
 .UNSPECIFIED.)
CURVE()
GEOMETRIC_REPRESENTATION_ITEM()
RATIONAL_B_SPLINE_CURVE((0.990863468393824,0.995264340757446,1.))
REPRESENTATION_ITEM('')
);
#1193=(
BOUNDED_CURVE()
B_SPLINE_CURVE(2,(#6394,#6395,#6396,#6397,#6398,#6399,#6400,#6401,#6402,
#6403,#6404,#6405,#6406),.UNSPECIFIED.,.F.,.F.)
B_SPLINE_CURVE_WITH_KNOTS((3,2,2,2,2,2,3),(0.0664479855215812,0.088597314028775,
0.110746642535969,0.132895971043163,0.155045299550356,0.17719462805755,
0.199343956564744),.UNSPECIFIED.)
CURVE()
GEOMETRIC_REPRESENTATION_ITEM()
RATIONAL_B_SPLINE_CURVE((1.,0.866025403784439,1.,0.866025403784439,1.,0.866025403784439,
1.,0.866025403784439,1.,0.866025403784439,1.,0.866025403784439,1.))
REPRESENTATION_ITEM('')
);
#1194=(
BOUNDED_CURVE()
B_SPLINE_CURVE(2,(#6409,#6410,#6411,#6412,#6413,#6414,#6415,#6416,#6417,
#6418,#6419),.UNSPECIFIED.,.F.,.F.)
B_SPLINE_CURVE_WITH_KNOTS((3,2,2,2,2,3),(0.0931460593077326,0.104166666666667,
0.125,0.145833333333333,0.166666666666667,0.1875),.UNSPECIFIED.)
CURVE()
GEOMETRIC_REPRESENTATION_ITEM()
RATIONAL_B_SPLINE_CURVE((0.933237878624331,0.929128891793755,1.,0.866025403784439,
1.,0.866025403784439,1.,0.866025403784439,1.,0.866025403784439,1.))
REPRESENTATION_ITEM('')
);
#1195=(
BOUNDED_CURVE()
B_SPLINE_CURVE(2,(#6424,#6425,#6426,#6427,#6428,#6429,#6430,#6431,#6432,
#6433,#6434,#6435,#6436),.UNSPECIFIED.,.F.,.F.)
B_SPLINE_CURVE_WITH_KNOTS((3,2,2,2,2,2,3),(0.199343956564744,0.221493285071938,
0.243642613579132,0.265791942086325,0.287941270593519,0.310090599100713,
0.332239927607907),.UNSPECIFIED.)
CURVE()
GEOMETRIC_REPRESENTATION_ITEM()
RATIONAL_B_SPLINE_CURVE((1.,0.866025403784439,1.,0.866025403784439,1.,0.866025403784439,
1.,0.866025403784439,1.,0.866025403784439,1.,0.866025403784439,1.))
REPRESENTATION_ITEM('')
);
#1196=(
BOUNDED_CURVE()
B_SPLINE_CURVE(2,(#6437,#6438,#6439,#6440,#6441,#6442,#6443,#6444,#6445,
#6446,#6447,#6448,#6449),.UNSPECIFIED.,.F.,.F.)
B_SPLINE_CURVE_WITH_KNOTS((3,2,2,2,2,2,3),(0.1875,0.208333333333333,0.229166666666667,
0.25,0.270833333333333,0.291666666666667,0.3125),.UNSPECIFIED.)
CURVE()
GEOMETRIC_REPRESENTATION_ITEM()
RATIONAL_B_SPLINE_CURVE((1.,0.866025403784439,1.,0.866025403784439,1.,0.866025403784439,
1.,0.866025403784439,1.,0.866025403784439,1.,0.866025403784439,1.))
REPRESENTATION_ITEM('')
);
#1197=(
BOUNDED_CURVE()
B_SPLINE_CURVE(2,(#6454,#6455,#6456,#6457,#6458,#6459,#6460,#6461,#6462,
#6463,#6464,#6465,#6466),.UNSPECIFIED.,.F.,.F.)
B_SPLINE_CURVE_WITH_KNOTS((3,2,2,2,2,2,3),(0.332239927607907,0.354389256115101,
0.376538584622294,0.398687913129488,0.420837241636682,0.442986570143876,
0.46513589865107),.UNSPECIFIED.)
CURVE()
GEOMETRIC_REPRESENTATION_ITEM()
RATIONAL_B_SPLINE_CURVE((1.,0.866025403784439,1.,0.866025403784439,1.,0.866025403784439,
1.,0.866025403784439,1.,0.866025403784439,1.,0.866025403784439,1.))
REPRESENTATION_ITEM('')
);
#1198=(
BOUNDED_CURVE()
B_SPLINE_CURVE(2,(#6467,#6468,#6469,#6470,#6471,#6472,#6473,#6474,#6475,
#6476,#6477,#6478,#6479),.UNSPECIFIED.,.F.,.F.)
B_SPLINE_CURVE_WITH_KNOTS((3,2,2,2,2,2,3),(0.3125,0.333333333333333,0.354166666666667,
0.375,0.395833333333333,0.416666666666667,0.4375),.UNSPECIFIED.)
CURVE()
GEOMETRIC_REPRESENTATION_ITEM()
RATIONAL_B_SPLINE_CURVE((1.,0.866025403784439,1.,0.866025403784439,1.,0.866025403784439,
1.,0.866025403784439,1.,0.866025403784439,1.,0.866025403784439,1.))
REPRESENTATION_ITEM('')
);
#1199=(
BOUNDED_CURVE()
B_SPLINE_CURVE(2,(#6484,#6485,#6486,#6487,#6488,#6489,#6490,#6491,#6492,
#6493,#6494,#6495,#6496),.UNSPECIFIED.,.F.,.F.)
B_SPLINE_CURVE_WITH_KNOTS((3,2,2,2,2,2,3),(0.46513589865107,0.487285227158263,
0.509434555665457,0.531583884172651,0.553733212679845,0.575882541187039,
0.598031869694232),.UNSPECIFIED.)
CURVE()
GEOMETRIC_REPRESENTATION_ITEM()
RATIONAL_B_SPLINE_CURVE((1.,0.866025403784439,1.,0.866025403784439,1.,0.866025403784439,
1.,0.866025403784439,1.,0.866025403784439,1.,0.866025403784439,1.))
REPRESENTATION_ITEM('')
);
#1200=(
BOUNDED_CURVE()
B_SPLINE_CURVE(2,(#6497,#6498,#6499,#6500,#6501,#6502,#6503,#6504,#6505,
#6506,#6507,#6508,#6509),.UNSPECIFIED.,.F.,.F.)
B_SPLINE_CURVE_WITH_KNOTS((3,2,2,2,2,2,3),(0.4375,0.458333333333333,0.479166666666667,
0.5,0.520833333333333,0.541666666666667,0.5625),.UNSPECIFIED.)
CURVE()
GEOMETRIC_REPRESENTATION_ITEM()
RATIONAL_B_SPLINE_CURVE((1.,0.866025403784439,1.,0.866025403784439,1.,0.866025403784439,
1.,0.866025403784439,1.,0.866025403784439,1.,0.866025403784439,1.))
REPRESENTATION_ITEM('')
);
#1201=(
BOUNDED_CURVE()
B_SPLINE_CURVE(2,(#6516,#6517,#6518,#6519,#6520,#6521,#6522,#6523,#6524,
#6525,#6526,#6527,#6528),.UNSPECIFIED.,.F.,.F.)
B_SPLINE_CURVE_WITH_KNOTS((3,2,2,2,2,2,3),(0.598031869694232,0.620181198201426,
0.64233052670862,0.664479855215814,0.686629183723008,0.708778512230201,
0.730747815549048),.UNSPECIFIED.)
CURVE()
GEOMETRIC_REPRESENTATION_ITEM()
RATIONAL_B_SPLINE_CURVE((1.,0.866025403784439,1.,0.866025403784439,1.,0.866025403784439,
1.,0.866025403784439,1.,0.866025403784439,1.,0.867114321758163,0.997839865055383))
REPRESENTATION_ITEM('')
);
#1202=(
BOUNDED_CURVE()
B_SPLINE_CURVE(2,(#6529,#6530,#6531,#6532,#6533,#6534,#6535,#6536,#6537,
#6538,#6539,#6540,#6541),.UNSPECIFIED.,.F.,.F.)
B_SPLINE_CURVE_WITH_KNOTS((3,2,2,2,2,2,3),(0.5625,0.583333333333333,0.604166666666667,
0.625,0.645833333333333,0.666666666666667,0.6875),.UNSPECIFIED.)
CURVE()
GEOMETRIC_REPRESENTATION_ITEM()
RATIONAL_B_SPLINE_CURVE((1.,0.866025403784439,1.,0.866025403784439,1.,0.866025403784439,
1.,0.866025403784439,1.,0.866025403784439,1.,0.866025403784439,1.))
REPRESENTATION_ITEM('')
);
#1203=(
BOUNDED_CURVE()
B_SPLINE_CURVE(2,(#6867,#6868,#6869),.UNSPECIFIED.,.F.,.F.)
B_SPLINE_CURVE_WITH_KNOTS((3,3),(0.06566506342124,0.0664479855215812),
 .UNSPECIFIED.)
CURVE()
GEOMETRIC_REPRESENTATION_ITEM()
RATIONAL_B_SPLINE_CURVE((0.990863468393824,0.995264340757446,1.))
REPRESENTATION_ITEM('')
);
#1204=(
BOUNDED_CURVE()
B_SPLINE_CURVE(2,(#6875,#6876,#6877,#6878,#6879,#6880,#6881,#6882,#6883,
#6884,#6885,#6886,#6887),.UNSPECIFIED.,.F.,.F.)
B_SPLINE_CURVE_WITH_KNOTS((3,2,2,2,2,2,3),(0.0664479855215812,0.088597314028775,
0.110746642535969,0.132895971043163,0.155045299550356,0.17719462805755,
0.199343956564744),.UNSPECIFIED.)
CURVE()
GEOMETRIC_REPRESENTATION_ITEM()
RATIONAL_B_SPLINE_CURVE((1.,0.866025403784439,1.,0.866025403784439,1.,0.866025403784439,
1.,0.866025403784439,1.,0.866025403784439,1.,0.866025403784439,1.))
REPRESENTATION_ITEM('')
);
#1205=(
BOUNDED_CURVE()
B_SPLINE_CURVE(2,(#6890,#6891,#6892,#6893,#6894,#6895,#6896,#6897,#6898,
#6899,#6900),.UNSPECIFIED.,.F.,.F.)
B_SPLINE_CURVE_WITH_KNOTS((3,2,2,2,2,3),(0.0931460593077326,0.104166666666667,
0.125,0.145833333333333,0.166666666666667,0.1875),.UNSPECIFIED.)
CURVE()
GEOMETRIC_REPRESENTATION_ITEM()
RATIONAL_B_SPLINE_CURVE((0.933237878624331,0.929128891793755,1.,0.866025403784439,
1.,0.866025403784439,1.,0.866025403784439,1.,0.866025403784439,1.))
REPRESENTATION_ITEM('')
);
#1206=(
BOUNDED_CURVE()
B_SPLINE_CURVE(2,(#6905,#6906,#6907,#6908,#6909,#6910,#6911,#6912,#6913,
#6914,#6915,#6916,#6917),.UNSPECIFIED.,.F.,.F.)
B_SPLINE_CURVE_WITH_KNOTS((3,2,2,2,2,2,3),(0.199343956564744,0.221493285071938,
0.243642613579132,0.265791942086325,0.287941270593519,0.310090599100713,
0.332239927607907),.UNSPECIFIED.)
CURVE()
GEOMETRIC_REPRESENTATION_ITEM()
RATIONAL_B_SPLINE_CURVE((1.,0.866025403784439,1.,0.866025403784439,1.,0.866025403784439,
1.,0.866025403784439,1.,0.866025403784439,1.,0.866025403784439,1.))
REPRESENTATION_ITEM('')
);
#1207=(
BOUNDED_CURVE()
B_SPLINE_CURVE(2,(#6918,#6919,#6920,#6921,#6922,#6923,#6924,#6925,#6926,
#6927,#6928,#6929,#6930),.UNSPECIFIED.,.F.,.F.)
B_SPLINE_CURVE_WITH_KNOTS((3,2,2,2,2,2,3),(0.1875,0.208333333333333,0.229166666666667,
0.25,0.270833333333333,0.291666666666667,0.3125),.UNSPECIFIED.)
CURVE()
GEOMETRIC_REPRESENTATION_ITEM()
RATIONAL_B_SPLINE_CURVE((1.,0.866025403784439,1.,0.866025403784439,1.,0.866025403784439,
1.,0.866025403784439,1.,0.866025403784439,1.,0.866025403784439,1.))
REPRESENTATION_ITEM('')
);
#1208=(
BOUNDED_CURVE()
B_SPLINE_CURVE(2,(#6935,#6936,#6937,#6938,#6939,#6940,#6941,#6942,#6943,
#6944,#6945,#6946,#6947),.UNSPECIFIED.,.F.,.F.)
B_SPLINE_CURVE_WITH_KNOTS((3,2,2,2,2,2,3),(0.332239927607907,0.354389256115101,
0.376538584622294,0.398687913129488,0.420837241636682,0.442986570143876,
0.46513589865107),.UNSPECIFIED.)
CURVE()
GEOMETRIC_REPRESENTATION_ITEM()
RATIONAL_B_SPLINE_CURVE((1.,0.866025403784439,1.,0.866025403784439,1.,0.866025403784439,
1.,0.866025403784439,1.,0.866025403784439,1.,0.866025403784439,1.))
REPRESENTATION_ITEM('')
);
#1209=(
BOUNDED_CURVE()
B_SPLINE_CURVE(2,(#6948,#6949,#6950,#6951,#6952,#6953,#6954,#6955,#6956,
#6957,#6958,#6959,#6960),.UNSPECIFIED.,.F.,.F.)
B_SPLINE_CURVE_WITH_KNOTS((3,2,2,2,2,2,3),(0.3125,0.333333333333333,0.354166666666667,
0.375,0.395833333333333,0.416666666666667,0.4375),.UNSPECIFIED.)
CURVE()
GEOMETRIC_REPRESENTATION_ITEM()
RATIONAL_B_SPLINE_CURVE((1.,0.866025403784439,1.,0.866025403784439,1.,0.866025403784439,
1.,0.866025403784439,1.,0.866025403784439,1.,0.866025403784439,1.))
REPRESENTATION_ITEM('')
);
#1210=(
BOUNDED_CURVE()
B_SPLINE_CURVE(2,(#6965,#6966,#6967,#6968,#6969,#6970,#6971,#6972,#6973,
#6974,#6975,#6976,#6977),.UNSPECIFIED.,.F.,.F.)
B_SPLINE_CURVE_WITH_KNOTS((3,2,2,2,2,2,3),(0.46513589865107,0.487285227158263,
0.509434555665457,0.531583884172651,0.553733212679845,0.575882541187039,
0.598031869694232),.UNSPECIFIED.)
CURVE()
GEOMETRIC_REPRESENTATION_ITEM()
RATIONAL_B_SPLINE_CURVE((1.,0.866025403784439,1.,0.866025403784439,1.,0.866025403784439,
1.,0.866025403784439,1.,0.866025403784439,1.,0.866025403784439,1.))
REPRESENTATION_ITEM('')
);
#1211=(
BOUNDED_CURVE()
B_SPLINE_CURVE(2,(#6978,#6979,#6980,#6981,#6982,#6983,#6984,#6985,#6986,
#6987,#6988,#6989,#6990),.UNSPECIFIED.,.F.,.F.)
B_SPLINE_CURVE_WITH_KNOTS((3,2,2,2,2,2,3),(0.4375,0.458333333333333,0.479166666666667,
0.5,0.520833333333333,0.541666666666667,0.5625),.UNSPECIFIED.)
CURVE()
GEOMETRIC_REPRESENTATION_ITEM()
RATIONAL_B_SPLINE_CURVE((1.,0.866025403784439,1.,0.866025403784439,1.,0.866025403784439,
1.,0.866025403784439,1.,0.866025403784439,1.,0.866025403784439,1.))
REPRESENTATION_ITEM('')
);
#1212=(
BOUNDED_CURVE()
B_SPLINE_CURVE(2,(#6997,#6998,#6999,#7000,#7001,#7002,#7003,#7004,#7005,
#7006,#7007,#7008,#7009),.UNSPECIFIED.,.F.,.F.)
B_SPLINE_CURVE_WITH_KNOTS((3,2,2,2,2,2,3),(0.598031869694232,0.620181198201426,
0.64233052670862,0.664479855215814,0.686629183723008,0.708778512230201,
0.730747815549048),.UNSPECIFIED.)
CURVE()
GEOMETRIC_REPRESENTATION_ITEM()
RATIONAL_B_SPLINE_CURVE((1.,0.866025403784439,1.,0.866025403784439,1.,0.866025403784439,
1.,0.866025403784439,1.,0.866025403784439,1.,0.867114321758163,0.997839865055383))
REPRESENTATION_ITEM('')
);
#1213=(
BOUNDED_CURVE()
B_SPLINE_CURVE(2,(#7010,#7011,#7012,#7013,#7014,#7015,#7016,#7017,#7018,
#7019,#7020,#7021,#7022),.UNSPECIFIED.,.F.,.F.)
B_SPLINE_CURVE_WITH_KNOTS((3,2,2,2,2,2,3),(0.5625,0.583333333333333,0.604166666666667,
0.625,0.645833333333333,0.666666666666667,0.6875),.UNSPECIFIED.)
CURVE()
GEOMETRIC_REPRESENTATION_ITEM()
RATIONAL_B_SPLINE_CURVE((1.,0.866025403784439,1.,0.866025403784439,1.,0.866025403784439,
1.,0.866025403784439,1.,0.866025403784439,1.,0.866025403784439,1.))
REPRESENTATION_ITEM('')
);
#1214=(
BOUNDED_CURVE()
B_SPLINE_CURVE(2,(#9480,#9481,#9482,#9483,#9484),.UNSPECIFIED.,.F.,.F.)
B_SPLINE_CURVE_WITH_KNOTS((3,2,3),(0.6875,0.708333333333333,0.718612709668559),
 .UNSPECIFIED.)
CURVE()
GEOMETRIC_REPRESENTATION_ITEM()
RATIONAL_B_SPLINE_CURVE((1.,0.866025403784439,1.,0.933895585894739,0.933024338190203))
REPRESENTATION_ITEM('')
);
#1215=(
BOUNDED_CURVE()
B_SPLINE_CURVE(2,(#11423,#11424,#11425,#11426,#11427),.UNSPECIFIED.,.F.,
 .F.)
B_SPLINE_CURVE_WITH_KNOTS((3,2,3),(0.6875,0.708333333333333,0.718612709668559),
 .UNSPECIFIED.)
CURVE()
GEOMETRIC_REPRESENTATION_ITEM()
RATIONAL_B_SPLINE_CURVE((1.,0.866025403784439,1.,0.933895585894739,0.933024338190203))
REPRESENTATION_ITEM('')
);
#1216=LINE('',#6384,#1482);
#1217=LINE('',#6393,#1483);
#1218=LINE('',#6423,#1484);
#1219=LINE('',#6453,#1485);
#1220=LINE('',#6483,#1486);
#1221=LINE('',#6513,#1487);
#1222=LINE('',#6545,#1488);
#1223=LINE('',#6557,#1489);
#1224=LINE('',#6633,#1490);
#1225=LINE('',#6711,#1491);
#1226=LINE('',#6789,#1492);
#1227=LINE('',#6865,#1493);
#1228=LINE('',#6874,#1494);
#1229=LINE('',#6904,#1495);
#1230=LINE('',#6934,#1496);
#1231=LINE('',#6964,#1497);
#1232=LINE('',#6994,#1498);
#1233=LINE('',#7026,#1499);
#1234=LINE('',#7038,#1500);
#1235=LINE('',#7114,#1501);
#1236=LINE('',#7192,#1502);
#1237=LINE('',#7270,#1503);
#1238=LINE('',#7348,#1504);
#1239=LINE('',#7356,#1505);
#1240=LINE('',#7359,#1506);
#1241=LINE('',#7362,#1507);
#1242=LINE('',#7364,#1508);
#1243=LINE('',#7365,#1509);
#1244=LINE('',#7370,#1510);
#1245=LINE('',#7374,#1511);
#1246=LINE('',#7376,#1512);
#1247=LINE('',#7377,#1513);
#1248=LINE('',#7380,#1514);
#1249=LINE('',#7382,#1515);
#1250=LINE('',#7383,#1516);
#1251=LINE('',#7385,#1517);
#1252=LINE('',#7391,#1518);
#1253=LINE('',#7394,#1519);
#1254=LINE('',#7397,#1520);
#1255=LINE('',#7399,#1521);
#1256=LINE('',#7400,#1522);
#1257=LINE('',#7405,#1523);
#1258=LINE('',#7409,#1524);
#1259=LINE('',#7411,#1525);
#1260=LINE('',#7412,#1526);
#1261=LINE('',#7417,#1527);
#1262=LINE('',#7421,#1528);
#1263=LINE('',#7423,#1529);
#1264=LINE('',#7424,#1530);
#1265=LINE('',#7429,#1531);
#1266=LINE('',#7433,#1532);
#1267=LINE('',#7435,#1533);
#1268=LINE('',#7436,#1534);
#1269=LINE('',#7441,#1535);
#1270=LINE('',#7445,#1536);
#1271=LINE('',#7447,#1537);
#1272=LINE('',#7448,#1538);
#1273=LINE('',#7453,#1539);
#1274=LINE('',#7457,#1540);
#1275=LINE('',#7459,#1541);
#1276=LINE('',#7460,#1542);
#1277=LINE('',#7465,#1543);
#1278=LINE('',#7469,#1544);
#1279=LINE('',#7471,#1545);
#1280=LINE('',#7472,#1546);
#1281=LINE('',#7477,#1547);
#1282=LINE('',#7480,#1548);
#1283=LINE('',#7481,#1549);
#1284=LINE('',#7495,#1550);
#1285=LINE('',#7503,#1551);
#1286=LINE('',#7506,#1552);
#1287=LINE('',#7509,#1553);
#1288=LINE('',#7511,#1554);
#1289=LINE('',#7512,#1555);
#1290=LINE('',#7517,#1556);
#1291=LINE('',#7521,#1557);
#1292=LINE('',#7523,#1558);
#1293=LINE('',#7524,#1559);
#1294=LINE('',#7529,#1560);
#1295=LINE('',#7533,#1561);
#1296=LINE('',#7535,#1562);
#1297=LINE('',#7536,#1563);
#1298=LINE('',#7541,#1564);
#1299=LINE('',#7545,#1565);
#1300=LINE('',#7547,#1566);
#1301=LINE('',#7548,#1567);
#1302=LINE('',#7553,#1568);
#1303=LINE('',#7557,#1569);
#1304=LINE('',#7559,#1570);
#1305=LINE('',#7560,#1571);
#1306=LINE('',#7565,#1572);
#1307=LINE('',#7569,#1573);
#1308=LINE('',#7571,#1574);
#1309=LINE('',#7572,#1575);
#1310=LINE('',#7577,#1576);
#1311=LINE('',#7581,#1577);
#1312=LINE('',#7583,#1578);
#1313=LINE('',#7584,#1579);
#1314=LINE('',#7589,#1580);
#1315=LINE('',#7592,#1581);
#1316=LINE('',#7593,#1582);
#1317=LINE('',#7607,#1583);
#1318=LINE('',#7616,#1584);
#1319=LINE('',#7623,#1585);
#1320=LINE('',#7626,#1586);
#1321=LINE('',#7629,#1587);
#1322=LINE('',#7631,#1588);
#1323=LINE('',#7632,#1589);
#1324=LINE('',#7638,#1590);
#1325=LINE('',#7641,#1591);
#1326=LINE('',#7643,#1592);
#1327=LINE('',#7644,#1593);
#1328=LINE('',#7647,#1594);
#1329=LINE('',#7649,#1595);
#1330=LINE('',#7650,#1596);
#1331=LINE('',#7652,#1597);
#1332=LINE('',#7655,#1598);
#1333=LINE('',#7657,#1599);
#1334=LINE('',#7659,#1600);
#1335=LINE('',#7661,#1601);
#1336=LINE('',#7662,#1602);
#1337=LINE('',#7672,#1603);
#1338=LINE('',#7675,#1604);
#1339=LINE('',#7678,#1605);
#1340=LINE('',#7680,#1606);
#1341=LINE('',#7681,#1607);
#1342=LINE('',#7687,#1608);
#1343=LINE('',#7690,#1609);
#1344=LINE('',#7692,#1610);
#1345=LINE('',#7693,#1611);
#1346=LINE('',#7699,#1612);
#1347=LINE('',#7702,#1613);
#1348=LINE('',#7704,#1614);
#1349=LINE('',#7705,#1615);
#1350=LINE('',#7711,#1616);
#1351=LINE('',#7714,#1617);
#1352=LINE('',#7716,#1618);
#1353=LINE('',#7717,#1619);
#1354=LINE('',#7723,#1620);
#1355=LINE('',#7726,#1621);
#1356=LINE('',#7728,#1622);
#1357=LINE('',#7729,#1623);
#1358=LINE('',#7735,#1624);
#1359=LINE('',#7738,#1625);
#1360=LINE('',#7740,#1626);
#1361=LINE('',#7741,#1627);
#1362=LINE('',#7747,#1628);
#1363=LINE('',#7750,#1629);
#1364=LINE('',#7752,#1630);
#1365=LINE('',#7753,#1631);
#1366=LINE('',#7759,#1632);
#1367=LINE('',#7761,#1633);
#1368=LINE('',#7762,#1634);
#1369=LINE('',#7776,#1635);
#1370=LINE('',#7784,#1636);
#1371=LINE('',#7787,#1637);
#1372=LINE('',#7790,#1638);
#1373=LINE('',#7792,#1639);
#1374=LINE('',#7793,#1640);
#1375=LINE('',#7799,#1641);
#1376=LINE('',#7802,#1642);
#1377=LINE('',#7804,#1643);
#1378=LINE('',#7805,#1644);
#1379=LINE('',#7811,#1645);
#1380=LINE('',#7814,#1646);
#1381=LINE('',#7816,#1647);
#1382=LINE('',#7817,#1648);
#1383=LINE('',#7823,#1649);
#1384=LINE('',#7826,#1650);
#1385=LINE('',#7828,#1651);
#1386=LINE('',#7829,#1652);
#1387=LINE('',#7835,#1653);
#1388=LINE('',#7838,#1654);
#1389=LINE('',#7840,#1655);
#1390=LINE('',#7841,#1656);
#1391=LINE('',#7847,#1657);
#1392=LINE('',#7850,#1658);
#1393=LINE('',#7852,#1659);
#1394=LINE('',#7853,#1660);
#1395=LINE('',#7859,#1661);
#1396=LINE('',#7862,#1662);
#1397=LINE('',#7864,#1663);
#1398=LINE('',#7865,#1664);
#1399=LINE('',#7871,#1665);
#1400=LINE('',#7873,#1666);
#1401=LINE('',#7874,#1667);
#1402=LINE('',#7888,#1668);
#1403=LINE('',#7897,#1669);
#1404=LINE('',#7911,#1670);
#1405=LINE('',#7922,#1671);
#1406=LINE('',#7933,#1672);
#1407=LINE('',#7944,#1673);
#1408=LINE('',#7960,#1674);
#1409=LINE('',#7971,#1675);
#1410=LINE('',#7975,#1676);
#1411=LINE('',#7985,#1677);
#1412=LINE('',#7994,#1678);
#1413=LINE('',#8003,#1679);
#1414=LINE('',#8014,#1680);
#1415=LINE('',#8220,#1681);
#1416=LINE('',#8703,#1682);
#1417=LINE('',#8705,#1683);
#1418=LINE('',#8803,#1684);
#1419=LINE('',#8805,#1685);
#1420=LINE('',#8903,#1686);
#1421=LINE('',#8905,#1687);
#1422=LINE('',#9003,#1688);
#1423=LINE('',#9005,#1689);
#1424=LINE('',#9833,#1690);
#1425=LINE('',#9836,#1691);
#1426=LINE('',#9838,#1692);
#1427=LINE('',#9840,#1693);
#1428=LINE('',#9842,#1694);
#1429=LINE('',#9843,#1695);
#1430=LINE('',#9852,#1696);
#1431=LINE('',#9854,#1697);
#1432=LINE('',#9857,#1698);
#1433=LINE('',#9859,#1699);
#1434=LINE('',#9861,#1700);
#1435=LINE('',#9862,#1701);
#1436=LINE('',#9864,#1702);
#1437=LINE('',#9868,#1703);
#1438=LINE('',#9872,#1704);
#1439=LINE('',#9874,#1705);
#1440=LINE('',#9876,#1706);
#1441=LINE('',#9877,#1707);
#1442=LINE('',#9880,#1708);
#1443=LINE('',#9882,#1709);
#1444=LINE('',#9887,#1710);
#1445=LINE('',#9889,#1711);
#1446=LINE('',#9891,#1712);
#1447=LINE('',#9892,#1713);
#1448=LINE('',#9894,#1714);
#1449=LINE('',#9895,#1715);
#1450=LINE('',#9897,#1716);
#1451=LINE('',#9898,#1717);
#1452=LINE('',#9904,#1718);
#1453=LINE('',#9906,#1719);
#1454=LINE('',#9908,#1720);
#1455=LINE('',#9909,#1721);
#1456=LINE('',#9915,#1722);
#1457=LINE('',#9916,#1723);
#1458=LINE('',#9918,#1724);
#1459=LINE('',#9919,#1725);
#1460=LINE('',#9928,#1726);
#1461=LINE('',#9937,#1727);
#1462=LINE('',#9946,#1728);
#1463=LINE('',#9957,#1729);
#1464=LINE('',#10163,#1730);
#1465=LINE('',#10646,#1731);
#1466=LINE('',#10648,#1732);
#1467=LINE('',#10746,#1733);
#1468=LINE('',#10748,#1734);
#1469=LINE('',#10846,#1735);
#1470=LINE('',#10848,#1736);
#1471=LINE('',#10946,#1737);
#1472=LINE('',#10948,#1738);
#1473=LINE('',#11772,#1739);
#1474=LINE('',#11776,#1740);
#1475=LINE('',#11781,#1741);
#1476=LINE('',#11788,#1742);
#1477=LINE('',#11793,#1743);
#1478=LINE('',#11800,#1744);
#1479=LINE('',#11805,#1745);
#1480=LINE('',#11812,#1746);
#1481=LINE('',#11817,#1747);
#1482=VECTOR('',#5120,0.109964836805555);
#1483=VECTOR('',#5125,0.109964836805555);
#1484=VECTOR('',#5130,0.109964836805555);
#1485=VECTOR('',#5133,0.109964836805555);
#1486=VECTOR('',#5136,0.109964836805555);
#1487=VECTOR('',#5139,0.109964836805555);
#1488=VECTOR('',#5144,0.125);
#1489=VECTOR('',#5149,0.125);
#1490=VECTOR('',#5154,0.125);
#1491=VECTOR('',#5157,0.125);
#1492=VECTOR('',#5160,0.125);
#1493=VECTOR('',#5163,0.109964836805555);
#1494=VECTOR('',#5168,0.109964836805555);
#1495=VECTOR('',#5173,0.109964836805555);
#1496=VECTOR('',#5176,0.109964836805555);
#1497=VECTOR('',#5179,0.109964836805555);
#1498=VECTOR('',#5182,0.109964836805555);
#1499=VECTOR('',#5187,0.125);
#1500=VECTOR('',#5192,0.125);
#1501=VECTOR('',#5197,0.125);
#1502=VECTOR('',#5200,0.125);
#1503=VECTOR('',#5203,0.125);
#1504=VECTOR('',#5208,0.0529999999999999);
#1505=VECTOR('',#5217,1.);
#1506=VECTOR('',#5220,1.);
#1507=VECTOR('',#5223,1.);
#1508=VECTOR('',#5224,1.);
#1509=VECTOR('',#5225,1.);
#1510=VECTOR('',#5230,1.);
#1511=VECTOR('',#5235,1.);
#1512=VECTOR('',#5236,1.);
#1513=VECTOR('',#5237,1.);
#1514=VECTOR('',#5240,1.);
#1515=VECTOR('',#5241,1.);
#1516=VECTOR('',#5242,1.);
#1517=VECTOR('',#5245,1.);
#1518=VECTOR('',#5250,1.);
#1519=VECTOR('',#5253,1.);
#1520=VECTOR('',#5256,1.);
#1521=VECTOR('',#5257,1.);
#1522=VECTOR('',#5258,1.);
#1523=VECTOR('',#5263,1.);
#1524=VECTOR('',#5268,1.);
#1525=VECTOR('',#5269,1.);
#1526=VECTOR('',#5270,1.);
#1527=VECTOR('',#5275,1.);
#1528=VECTOR('',#5280,1.);
#1529=VECTOR('',#5281,1.);
#1530=VECTOR('',#5282,1.);
#1531=VECTOR('',#5287,1.);
#1532=VECTOR('',#5292,1.);
#1533=VECTOR('',#5293,1.);
#1534=VECTOR('',#5294,1.);
#1535=VECTOR('',#5299,1.);
#1536=VECTOR('',#5304,1.);
#1537=VECTOR('',#5305,1.);
#1538=VECTOR('',#5306,1.);
#1539=VECTOR('',#5311,1.);
#1540=VECTOR('',#5316,1.);
#1541=VECTOR('',#5317,1.);
#1542=VECTOR('',#5318,1.);
#1543=VECTOR('',#5323,1.);
#1544=VECTOR('',#5328,1.);
#1545=VECTOR('',#5329,1.);
#1546=VECTOR('',#5330,1.);
#1547=VECTOR('',#5335,1.);
#1548=VECTOR('',#5340,1.);
#1549=VECTOR('',#5341,1.);
#1550=VECTOR('',#5358,0.0675);
#1551=VECTOR('',#5367,1.);
#1552=VECTOR('',#5370,1.);
#1553=VECTOR('',#5373,1.);
#1554=VECTOR('',#5374,1.);
#1555=VECTOR('',#5375,1.);
#1556=VECTOR('',#5380,1.);
#1557=VECTOR('',#5385,1.);
#1558=VECTOR('',#5386,1.);
#1559=VECTOR('',#5387,1.);
#1560=VECTOR('',#5392,1.);
#1561=VECTOR('',#5397,1.);
#1562=VECTOR('',#5398,1.);
#1563=VECTOR('',#5399,1.);
#1564=VECTOR('',#5404,1.);
#1565=VECTOR('',#5409,1.);
#1566=VECTOR('',#5410,1.);
#1567=VECTOR('',#5411,1.);
#1568=VECTOR('',#5416,1.);
#1569=VECTOR('',#5421,1.);
#1570=VECTOR('',#5422,1.);
#1571=VECTOR('',#5423,1.);
#1572=VECTOR('',#5428,1.);
#1573=VECTOR('',#5433,1.);
#1574=VECTOR('',#5434,1.);
#1575=VECTOR('',#5435,1.);
#1576=VECTOR('',#5440,1.);
#1577=VECTOR('',#5445,1.);
#1578=VECTOR('',#5446,1.);
#1579=VECTOR('',#5447,1.);
#1580=VECTOR('',#5452,1.);
#1581=VECTOR('',#5457,1.);
#1582=VECTOR('',#5458,1.);
#1583=VECTOR('',#5475,0.0675);
#1584=VECTOR('',#5486,0.0529999999999999);
#1585=VECTOR('',#5493,1.);
#1586=VECTOR('',#5496,1.);
#1587=VECTOR('',#5499,1.);
#1588=VECTOR('',#5500,1.);
#1589=VECTOR('',#5501,1.);
#1590=VECTOR('',#5508,1.);
#1591=VECTOR('',#5511,1.);
#1592=VECTOR('',#5512,1.);
#1593=VECTOR('',#5513,1.);
#1594=VECTOR('',#5516,1.);
#1595=VECTOR('',#5517,1.);
#1596=VECTOR('',#5518,1.);
#1597=VECTOR('',#5521,1.);
#1598=VECTOR('',#5524,1.);
#1599=VECTOR('',#5525,1.);
#1600=VECTOR('',#5526,1.);
#1601=VECTOR('',#5527,1.);
#1602=VECTOR('',#5528,1.);
#1603=VECTOR('',#5537,1.);
#1604=VECTOR('',#5540,1.);
#1605=VECTOR('',#5543,1.);
#1606=VECTOR('',#5544,1.);
#1607=VECTOR('',#5545,1.);
#1608=VECTOR('',#5552,1.);
#1609=VECTOR('',#5555,1.);
#1610=VECTOR('',#5556,1.);
#1611=VECTOR('',#5557,1.);
#1612=VECTOR('',#5564,1.);
#1613=VECTOR('',#5567,1.);
#1614=VECTOR('',#5568,1.);
#1615=VECTOR('',#5569,1.);
#1616=VECTOR('',#5576,1.);
#1617=VECTOR('',#5579,1.);
#1618=VECTOR('',#5580,1.);
#1619=VECTOR('',#5581,1.);
#1620=VECTOR('',#5588,1.);
#1621=VECTOR('',#5591,1.);
#1622=VECTOR('',#5592,1.);
#1623=VECTOR('',#5593,1.);
#1624=VECTOR('',#5600,1.);
#1625=VECTOR('',#5603,1.);
#1626=VECTOR('',#5604,1.);
#1627=VECTOR('',#5605,1.);
#1628=VECTOR('',#5612,1.);
#1629=VECTOR('',#5615,1.);
#1630=VECTOR('',#5616,1.);
#1631=VECTOR('',#5617,1.);
#1632=VECTOR('',#5624,1.);
#1633=VECTOR('',#5627,1.);
#1634=VECTOR('',#5628,1.);
#1635=VECTOR('',#5645,0.0675);
#1636=VECTOR('',#5654,1.);
#1637=VECTOR('',#5657,1.);
#1638=VECTOR('',#5660,1.);
#1639=VECTOR('',#5661,1.);
#1640=VECTOR('',#5662,1.);
#1641=VECTOR('',#5669,1.);
#1642=VECTOR('',#5672,1.);
#1643=VECTOR('',#5673,1.);
#1644=VECTOR('',#5674,1.);
#1645=VECTOR('',#5681,1.);
#1646=VECTOR('',#5684,1.);
#1647=VECTOR('',#5685,1.);
#1648=VECTOR('',#5686,1.);
#1649=VECTOR('',#5693,1.);
#1650=VECTOR('',#5696,1.);
#1651=VECTOR('',#5697,1.);
#1652=VECTOR('',#5698,1.);
#1653=VECTOR('',#5705,1.);
#1654=VECTOR('',#5708,1.);
#1655=VECTOR('',#5709,1.);
#1656=VECTOR('',#5710,1.);
#1657=VECTOR('',#5717,1.);
#1658=VECTOR('',#5720,1.);
#1659=VECTOR('',#5721,1.);
#1660=VECTOR('',#5722,1.);
#1661=VECTOR('',#5729,1.);
#1662=VECTOR('',#5732,1.);
#1663=VECTOR('',#5733,1.);
#1664=VECTOR('',#5734,1.);
#1665=VECTOR('',#5741,1.);
#1666=VECTOR('',#5744,1.);
#1667=VECTOR('',#5745,1.);
#1668=VECTOR('',#5762,0.0675);
#1669=VECTOR('',#5773,0.0754999999999999);
#1670=VECTOR('',#5790,0.0250000000000004);
#1671=VECTOR('',#5803,0.0375000000000014);
#1672=VECTOR('',#5816,0.0250000000000004);
#1673=VECTOR('',#5829,0.0375000000000014);
#1674=VECTOR('',#5848,0.0200000000000005);
#1675=VECTOR('',#5861,0.0375000000000005);
#1676=VECTOR('',#5866,0.0375000000000005);
#1677=VECTOR('',#5877,0.0185000000000002);
#1678=VECTOR('',#5888,0.025);
#1679=VECTOR('',#5899,0.0805);
#1680=VECTOR('',#5912,0.09085);
#1681=VECTOR('',#5943,0.105);
#1682=VECTOR('',#5990,0.393700787401575);
#1683=VECTOR('',#5991,0.393700787401575);
#1684=VECTOR('',#5996,0.393700787401575);
#1685=VECTOR('',#5997,0.393700787401575);
#1686=VECTOR('',#6002,0.393700787401575);
#1687=VECTOR('',#6003,0.393700787401575);
#1688=VECTOR('',#6008,0.393700787401575);
#1689=VECTOR('',#6009,0.393700787401575);
#1690=VECTOR('',#6050,0.105);
#1691=VECTOR('',#6053,1.);
#1692=VECTOR('',#6054,1.);
#1693=VECTOR('',#6055,1.);
#1694=VECTOR('',#6056,1.);
#1695=VECTOR('',#6057,1.);
#1696=VECTOR('',#6066,1.);
#1697=VECTOR('',#6069,1.);
#1698=VECTOR('',#6070,1.);
#1699=VECTOR('',#6071,1.);
#1700=VECTOR('',#6072,1.);
#1701=VECTOR('',#6073,1.);
#1702=VECTOR('',#6076,1.);
#1703=VECTOR('',#6079,1.);
#1704=VECTOR('',#6082,1.);
#1705=VECTOR('',#6083,1.);
#1706=VECTOR('',#6084,1.);
#1707=VECTOR('',#6085,1.);
#1708=VECTOR('',#6090,1.);
#1709=VECTOR('',#6093,1.);
#1710=VECTOR('',#6098,1.);
#1711=VECTOR('',#6099,1.);
#1712=VECTOR('',#6100,1.);
#1713=VECTOR('',#6101,1.);
#1714=VECTOR('',#6104,1.);
#1715=VECTOR('',#6105,1.);
#1716=VECTOR('',#6108,1.);
#1717=VECTOR('',#6109,1.);
#1718=VECTOR('',#6116,1.);
#1719=VECTOR('',#6117,1.);
#1720=VECTOR('',#6118,1.);
#1721=VECTOR('',#6119,1.);
#1722=VECTOR('',#6126,1.);
#1723=VECTOR('',#6127,1.);
#1724=VECTOR('',#6130,1.);
#1725=VECTOR('',#6131,1.);
#1726=VECTOR('',#6142,0.0185000000000002);
#1727=VECTOR('',#6153,0.025);
#1728=VECTOR('',#6164,0.0805);
#1729=VECTOR('',#6177,0.09085);
#1730=VECTOR('',#6208,0.105);
#1731=VECTOR('',#6255,0.393700787401575);
#1732=VECTOR('',#6256,0.393700787401575);
#1733=VECTOR('',#6261,0.393700787401575);
#1734=VECTOR('',#6262,0.393700787401575);
#1735=VECTOR('',#6267,0.393700787401575);
#1736=VECTOR('',#6268,0.393700787401575);
#1737=VECTOR('',#6273,0.393700787401575);
#1738=VECTOR('',#6274,0.393700787401575);
#1739=VECTOR('',#6311,0.105);
#1740=VECTOR('',#6316,0.0745);
#1741=VECTOR('',#6321,0.075);
#1742=VECTOR('',#6332,0.0745);
#1743=VECTOR('',#6337,0.075);
#1744=VECTOR('',#6348,0.0745);
#1745=VECTOR('',#6353,0.075);
#1746=VECTOR('',#6364,0.0745);
#1747=VECTOR('',#6369,0.075);
#1748=VERTEX_POINT('',#6382);
#1749=VERTEX_POINT('',#6383);
#1750=VERTEX_POINT('',#6385);
#1751=VERTEX_POINT('',#6391);
#1752=VERTEX_POINT('',#6392);
#1753=VERTEX_POINT('',#6407);
#1754=VERTEX_POINT('',#6421);
#1755=VERTEX_POINT('',#6422);
#1756=VERTEX_POINT('',#6451);
#1757=VERTEX_POINT('',#6452);
#1758=VERTEX_POINT('',#6481);
#1759=VERTEX_POINT('',#6482);
#1760=VERTEX_POINT('',#6511);
#1761=VERTEX_POINT('',#6512);
#1762=VERTEX_POINT('',#6514);
#1763=VERTEX_POINT('',#6543);
#1764=VERTEX_POINT('',#6544);
#1765=VERTEX_POINT('',#6546);
#1766=VERTEX_POINT('',#6555);
#1767=VERTEX_POINT('',#6556);
#1768=VERTEX_POINT('',#6594);
#1769=VERTEX_POINT('',#6631);
#1770=VERTEX_POINT('',#6632);
#1771=VERTEX_POINT('',#6709);
#1772=VERTEX_POINT('',#6710);
#1773=VERTEX_POINT('',#6787);
#1774=VERTEX_POINT('',#6788);
#1775=VERTEX_POINT('',#6863);
#1776=VERTEX_POINT('',#6864);
#1777=VERTEX_POINT('',#6866);
#1778=VERTEX_POINT('',#6872);
#1779=VERTEX_POINT('',#6873);
#1780=VERTEX_POINT('',#6888);
#1781=VERTEX_POINT('',#6902);
#1782=VERTEX_POINT('',#6903);
#1783=VERTEX_POINT('',#6932);
#1784=VERTEX_POINT('',#6933);
#1785=VERTEX_POINT('',#6962);
#1786=VERTEX_POINT('',#6963);
#1787=VERTEX_POINT('',#6992);
#1788=VERTEX_POINT('',#6993);
#1789=VERTEX_POINT('',#6995);
#1790=VERTEX_POINT('',#7024);
#1791=VERTEX_POINT('',#7025);
#1792=VERTEX_POINT('',#7027);
#1793=VERTEX_POINT('',#7036);
#1794=VERTEX_POINT('',#7037);
#1795=VERTEX_POINT('',#7075);
#1796=VERTEX_POINT('',#7112);
#1797=VERTEX_POINT('',#7113);
#1798=VERTEX_POINT('',#7190);
#1799=VERTEX_POINT('',#7191);
#1800=VERTEX_POINT('',#7268);
#1801=VERTEX_POINT('',#7269);
#1802=VERTEX_POINT('',#7344);
#1803=VERTEX_POINT('',#7345);
#1804=VERTEX_POINT('',#7347);
#1805=VERTEX_POINT('',#7352);
#1806=VERTEX_POINT('',#7353);
#1807=VERTEX_POINT('',#7355);
#1808=VERTEX_POINT('',#7357);
#1809=VERTEX_POINT('',#7361);
#1810=VERTEX_POINT('',#7363);
#1811=VERTEX_POINT('',#7367);
#1812=VERTEX_POINT('',#7369);
#1813=VERTEX_POINT('',#7373);
#1814=VERTEX_POINT('',#7375);
#1815=VERTEX_POINT('',#7379);
#1816=VERTEX_POINT('',#7381);
#1817=VERTEX_POINT('',#7387);
#1818=VERTEX_POINT('',#7388);
#1819=VERTEX_POINT('',#7390);
#1820=VERTEX_POINT('',#7392);
#1821=VERTEX_POINT('',#7396);
#1822=VERTEX_POINT('',#7398);
#1823=VERTEX_POINT('',#7402);
#1824=VERTEX_POINT('',#7404);
#1825=VERTEX_POINT('',#7408);
#1826=VERTEX_POINT('',#7410);
#1827=VERTEX_POINT('',#7414);
#1828=VERTEX_POINT('',#7416);
#1829=VERTEX_POINT('',#7420);
#1830=VERTEX_POINT('',#7422);
#1831=VERTEX_POINT('',#7426);
#1832=VERTEX_POINT('',#7428);
#1833=VERTEX_POINT('',#7432);
#1834=VERTEX_POINT('',#7434);
#1835=VERTEX_POINT('',#7438);
#1836=VERTEX_POINT('',#7440);
#1837=VERTEX_POINT('',#7444);
#1838=VERTEX_POINT('',#7446);
#1839=VERTEX_POINT('',#7450);
#1840=VERTEX_POINT('',#7452);
#1841=VERTEX_POINT('',#7456);
#1842=VERTEX_POINT('',#7458);
#1843=VERTEX_POINT('',#7462);
#1844=VERTEX_POINT('',#7464);
#1845=VERTEX_POINT('',#7468);
#1846=VERTEX_POINT('',#7470);
#1847=VERTEX_POINT('',#7474);
#1848=VERTEX_POINT('',#7476);
#1849=VERTEX_POINT('',#7483);
#1850=VERTEX_POINT('',#7484);
#1851=VERTEX_POINT('',#7487);
#1852=VERTEX_POINT('',#7489);
#1853=VERTEX_POINT('',#7494);
#1854=VERTEX_POINT('',#7499);
#1855=VERTEX_POINT('',#7500);
#1856=VERTEX_POINT('',#7502);
#1857=VERTEX_POINT('',#7504);
#1858=VERTEX_POINT('',#7508);
#1859=VERTEX_POINT('',#7510);
#1860=VERTEX_POINT('',#7514);
#1861=VERTEX_POINT('',#7516);
#1862=VERTEX_POINT('',#7520);
#1863=VERTEX_POINT('',#7522);
#1864=VERTEX_POINT('',#7526);
#1865=VERTEX_POINT('',#7528);
#1866=VERTEX_POINT('',#7532);
#1867=VERTEX_POINT('',#7534);
#1868=VERTEX_POINT('',#7538);
#1869=VERTEX_POINT('',#7540);
#1870=VERTEX_POINT('',#7544);
#1871=VERTEX_POINT('',#7546);
#1872=VERTEX_POINT('',#7550);
#1873=VERTEX_POINT('',#7552);
#1874=VERTEX_POINT('',#7556);
#1875=VERTEX_POINT('',#7558);
#1876=VERTEX_POINT('',#7562);
#1877=VERTEX_POINT('',#7564);
#1878=VERTEX_POINT('',#7568);
#1879=VERTEX_POINT('',#7570);
#1880=VERTEX_POINT('',#7574);
#1881=VERTEX_POINT('',#7576);
#1882=VERTEX_POINT('',#7580);
#1883=VERTEX_POINT('',#7582);
#1884=VERTEX_POINT('',#7586);
#1885=VERTEX_POINT('',#7588);
#1886=VERTEX_POINT('',#7595);
#1887=VERTEX_POINT('',#7596);
#1888=VERTEX_POINT('',#7599);
#1889=VERTEX_POINT('',#7601);
#1890=VERTEX_POINT('',#7606);
#1891=VERTEX_POINT('',#7611);
#1892=VERTEX_POINT('',#7612);
#1893=VERTEX_POINT('',#7615);
#1894=VERTEX_POINT('',#7619);
#1895=VERTEX_POINT('',#7620);
#1896=VERTEX_POINT('',#7622);
#1897=VERTEX_POINT('',#7624);
#1898=VERTEX_POINT('',#7628);
#1899=VERTEX_POINT('',#7630);
#1900=VERTEX_POINT('',#7634);
#1901=VERTEX_POINT('',#7636);
#1902=VERTEX_POINT('',#7640);
#1903=VERTEX_POINT('',#7642);
#1904=VERTEX_POINT('',#7646);
#1905=VERTEX_POINT('',#7648);
#1906=VERTEX_POINT('',#7654);
#1907=VERTEX_POINT('',#7656);
#1908=VERTEX_POINT('',#7658);
#1909=VERTEX_POINT('',#7660);
#1910=VERTEX_POINT('',#7663);
#1911=VERTEX_POINT('',#7665);
#1912=VERTEX_POINT('',#7668);
#1913=VERTEX_POINT('',#7669);
#1914=VERTEX_POINT('',#7671);
#1915=VERTEX_POINT('',#7673);
#1916=VERTEX_POINT('',#7677);
#1917=VERTEX_POINT('',#7679);
#1918=VERTEX_POINT('',#7683);
#1919=VERTEX_POINT('',#7685);
#1920=VERTEX_POINT('',#7689);
#1921=VERTEX_POINT('',#7691);
#1922=VERTEX_POINT('',#7695);
#1923=VERTEX_POINT('',#7697);
#1924=VERTEX_POINT('',#7701);
#1925=VERTEX_POINT('',#7703);
#1926=VERTEX_POINT('',#7707);
#1927=VERTEX_POINT('',#7709);
#1928=VERTEX_POINT('',#7713);
#1929=VERTEX_POINT('',#7715);
#1930=VERTEX_POINT('',#7719);
#1931=VERTEX_POINT('',#7721);
#1932=VERTEX_POINT('',#7725);
#1933=VERTEX_POINT('',#7727);
#1934=VERTEX_POINT('',#7731);
#1935=VERTEX_POINT('',#7733);
#1936=VERTEX_POINT('',#7737);
#1937=VERTEX_POINT('',#7739);
#1938=VERTEX_POINT('',#7743);
#1939=VERTEX_POINT('',#7745);
#1940=VERTEX_POINT('',#7749);
#1941=VERTEX_POINT('',#7751);
#1942=VERTEX_POINT('',#7755);
#1943=VERTEX_POINT('',#7757);
#1944=VERTEX_POINT('',#7764);
#1945=VERTEX_POINT('',#7765);
#1946=VERTEX_POINT('',#7767);
#1947=VERTEX_POINT('',#7769);
#1948=VERTEX_POINT('',#7775);
#1949=VERTEX_POINT('',#7780);
#1950=VERTEX_POINT('',#7781);
#1951=VERTEX_POINT('',#7783);
#1952=VERTEX_POINT('',#7785);
#1953=VERTEX_POINT('',#7789);
#1954=VERTEX_POINT('',#7791);
#1955=VERTEX_POINT('',#7795);
#1956=VERTEX_POINT('',#7797);
#1957=VERTEX_POINT('',#7801);
#1958=VERTEX_POINT('',#7803);
#1959=VERTEX_POINT('',#7807);
#1960=VERTEX_POINT('',#7809);
#1961=VERTEX_POINT('',#7813);
#1962=VERTEX_POINT('',#7815);
#1963=VERTEX_POINT('',#7819);
#1964=VERTEX_POINT('',#7821);
#1965=VERTEX_POINT('',#7825);
#1966=VERTEX_POINT('',#7827);
#1967=VERTEX_POINT('',#7831);
#1968=VERTEX_POINT('',#7833);
#1969=VERTEX_POINT('',#7837);
#1970=VERTEX_POINT('',#7839);
#1971=VERTEX_POINT('',#7843);
#1972=VERTEX_POINT('',#7845);
#1973=VERTEX_POINT('',#7849);
#1974=VERTEX_POINT('',#7851);
#1975=VERTEX_POINT('',#7855);
#1976=VERTEX_POINT('',#7857);
#1977=VERTEX_POINT('',#7861);
#1978=VERTEX_POINT('',#7863);
#1979=VERTEX_POINT('',#7867);
#1980=VERTEX_POINT('',#7869);
#1981=VERTEX_POINT('',#7876);
#1982=VERTEX_POINT('',#7877);
#1983=VERTEX_POINT('',#7879);
#1984=VERTEX_POINT('',#7881);
#1985=VERTEX_POINT('',#7887);
#1986=VERTEX_POINT('',#7892);
#1987=VERTEX_POINT('',#7893);
#1988=VERTEX_POINT('',#7896);
#1989=VERTEX_POINT('',#7898);
#1990=VERTEX_POINT('',#7902);
#1991=VERTEX_POINT('',#7903);
#1992=VERTEX_POINT('',#7907);
#1993=VERTEX_POINT('',#7908);
#1994=VERTEX_POINT('',#7913);
#1995=VERTEX_POINT('',#7914);
#1996=VERTEX_POINT('',#7918);
#1997=VERTEX_POINT('',#7919);
#1998=VERTEX_POINT('',#7924);
#1999=VERTEX_POINT('',#7925);
#2000=VERTEX_POINT('',#7929);
#2001=VERTEX_POINT('',#7930);
#2002=VERTEX_POINT('',#7935);
#2003=VERTEX_POINT('',#7936);
#2004=VERTEX_POINT('',#7940);
#2005=VERTEX_POINT('',#7941);
#2006=VERTEX_POINT('',#7947);
#2007=VERTEX_POINT('',#7948);
#2008=VERTEX_POINT('',#7951);
#2009=VERTEX_POINT('',#7952);
#2010=VERTEX_POINT('',#7956);
#2011=VERTEX_POINT('',#7957);
#2012=VERTEX_POINT('',#7962);
#2013=VERTEX_POINT('',#7963);
#2014=VERTEX_POINT('',#7967);
#2015=VERTEX_POINT('',#7968);
#2016=VERTEX_POINT('',#7974);
#2017=VERTEX_POINT('',#7976);
#2018=VERTEX_POINT('',#7980);
#2019=VERTEX_POINT('',#7981);
#2020=VERTEX_POINT('',#7984);
#2021=VERTEX_POINT('',#7986);
#2022=VERTEX_POINT('',#7991);
#2023=VERTEX_POINT('',#7993);
#2024=VERTEX_POINT('',#7998);
#2025=VERTEX_POINT('',#7999);
#2026=VERTEX_POINT('',#8002);
#2027=VERTEX_POINT('',#8004);
#2028=VERTEX_POINT('',#8009);
#2029=VERTEX_POINT('',#8010);
#2030=VERTEX_POINT('',#8013);
#2031=VERTEX_POINT('',#8015);
#2032=VERTEX_POINT('',#8020);
#2033=VERTEX_POINT('',#8021);
#2034=VERTEX_POINT('',#8025);
#2035=VERTEX_POINT('',#8027);
#2036=VERTEX_POINT('',#8031);
#2037=VERTEX_POINT('',#8032);
#2038=VERTEX_POINT('',#8078);
#2039=VERTEX_POINT('',#8079);
#2040=VERTEX_POINT('',#8125);
#2041=VERTEX_POINT('',#8126);
#2042=VERTEX_POINT('',#8172);
#2043=VERTEX_POINT('',#8173);
#2044=VERTEX_POINT('',#8219);
#2045=VERTEX_POINT('',#8221);
#2046=VERTEX_POINT('',#8254);
#2047=VERTEX_POINT('',#8256);
#2048=VERTEX_POINT('',#8258);
#2049=VERTEX_POINT('',#8300);
#2050=VERTEX_POINT('',#8342);
#2051=VERTEX_POINT('',#8344);
#2052=VERTEX_POINT('',#8346);
#2053=VERTEX_POINT('',#8388);
#2054=VERTEX_POINT('',#8430);
#2055=VERTEX_POINT('',#8432);
#2056=VERTEX_POINT('',#8434);
#2057=VERTEX_POINT('',#8476);
#2058=VERTEX_POINT('',#8518);
#2059=VERTEX_POINT('',#8520);
#2060=VERTEX_POINT('',#8522);
#2061=VERTEX_POINT('',#8564);
#2062=VERTEX_POINT('',#8577);
#2063=VERTEX_POINT('',#8592);
#2064=VERTEX_POINT('',#8605);
#2065=VERTEX_POINT('',#8606);
#2066=VERTEX_POINT('',#8691);
#2067=VERTEX_POINT('',#8692);
#2068=VERTEX_POINT('',#8704);
#2069=VERTEX_POINT('',#8743);
#2070=VERTEX_POINT('',#8791);
#2071=VERTEX_POINT('',#8792);
#2072=VERTEX_POINT('',#8804);
#2073=VERTEX_POINT('',#8843);
#2074=VERTEX_POINT('',#8891);
#2075=VERTEX_POINT('',#8892);
#2076=VERTEX_POINT('',#8904);
#2077=VERTEX_POINT('',#8943);
#2078=VERTEX_POINT('',#8991);
#2079=VERTEX_POINT('',#8992);
#2080=VERTEX_POINT('',#9004);
#2081=VERTEX_POINT('',#9043);
#2082=VERTEX_POINT('',#9241);
#2083=VERTEX_POINT('',#9275);
#2084=VERTEX_POINT('',#9473);
#2085=VERTEX_POINT('',#9517);
#2086=VERTEX_POINT('',#9519);
#2087=VERTEX_POINT('',#9601);
#2088=VERTEX_POINT('',#9603);
#2089=VERTEX_POINT('',#9685);
#2090=VERTEX_POINT('',#9687);
#2091=VERTEX_POINT('',#9769);
#2092=VERTEX_POINT('',#9771);
#2093=VERTEX_POINT('',#9824);
#2094=VERTEX_POINT('',#9825);
#2095=VERTEX_POINT('',#9829);
#2096=VERTEX_POINT('',#9830);
#2097=VERTEX_POINT('',#9835);
#2098=VERTEX_POINT('',#9837);
#2099=VERTEX_POINT('',#9839);
#2100=VERTEX_POINT('',#9841);
#2101=VERTEX_POINT('',#9844);
#2102=VERTEX_POINT('',#9846);
#2103=VERTEX_POINT('',#9849);
#2104=VERTEX_POINT('',#9851);
#2105=VERTEX_POINT('',#9855);
#2106=VERTEX_POINT('',#9856);
#2107=VERTEX_POINT('',#9858);
#2108=VERTEX_POINT('',#9860);
#2109=VERTEX_POINT('',#9865);
#2110=VERTEX_POINT('',#9867);
#2111=VERTEX_POINT('',#9870);
#2112=VERTEX_POINT('',#9871);
#2113=VERTEX_POINT('',#9873);
#2114=VERTEX_POINT('',#9875);
#2115=VERTEX_POINT('',#9885);
#2116=VERTEX_POINT('',#9886);
#2117=VERTEX_POINT('',#9888);
#2118=VERTEX_POINT('',#9890);
#2119=VERTEX_POINT('',#9902);
#2120=VERTEX_POINT('',#9903);
#2121=VERTEX_POINT('',#9905);
#2122=VERTEX_POINT('',#9907);
#2123=VERTEX_POINT('',#9910);
#2124=VERTEX_POINT('',#9911);
#2125=VERTEX_POINT('',#9923);
#2126=VERTEX_POINT('',#9924);
#2127=VERTEX_POINT('',#9927);
#2128=VERTEX_POINT('',#9929);
#2129=VERTEX_POINT('',#9934);
#2130=VERTEX_POINT('',#9936);
#2131=VERTEX_POINT('',#9941);
#2132=VERTEX_POINT('',#9942);
#2133=VERTEX_POINT('',#9945);
#2134=VERTEX_POINT('',#9947);
#2135=VERTEX_POINT('',#9952);
#2136=VERTEX_POINT('',#9953);
#2137=VERTEX_POINT('',#9956);
#2138=VERTEX_POINT('',#9958);
#2139=VERTEX_POINT('',#9963);
#2140=VERTEX_POINT('',#9964);
#2141=VERTEX_POINT('',#9968);
#2142=VERTEX_POINT('',#9970);
#2143=VERTEX_POINT('',#9974);
#2144=VERTEX_POINT('',#9975);
#2145=VERTEX_POINT('',#10021);
#2146=VERTEX_POINT('',#10022);
#2147=VERTEX_POINT('',#10068);
#2148=VERTEX_POINT('',#10069);
#2149=VERTEX_POINT('',#10115);
#2150=VERTEX_POINT('',#10116);
#2151=VERTEX_POINT('',#10162);
#2152=VERTEX_POINT('',#10164);
#2153=VERTEX_POINT('',#10197);
#2154=VERTEX_POINT('',#10199);
#2155=VERTEX_POINT('',#10201);
#2156=VERTEX_POINT('',#10243);
#2157=VERTEX_POINT('',#10285);
#2158=VERTEX_POINT('',#10287);
#2159=VERTEX_POINT('',#10289);
#2160=VERTEX_POINT('',#10331);
#2161=VERTEX_POINT('',#10373);
#2162=VERTEX_POINT('',#10375);
#2163=VERTEX_POINT('',#10377);
#2164=VERTEX_POINT('',#10419);
#2165=VERTEX_POINT('',#10461);
#2166=VERTEX_POINT('',#10463);
#2167=VERTEX_POINT('',#10465);
#2168=VERTEX_POINT('',#10507);
#2169=VERTEX_POINT('',#10520);
#2170=VERTEX_POINT('',#10535);
#2171=VERTEX_POINT('',#10548);
#2172=VERTEX_POINT('',#10549);
#2173=VERTEX_POINT('',#10634);
#2174=VERTEX_POINT('',#10635);
#2175=VERTEX_POINT('',#10647);
#2176=VERTEX_POINT('',#10686);
#2177=VERTEX_POINT('',#10734);
#2178=VERTEX_POINT('',#10735);
#2179=VERTEX_POINT('',#10747);
#2180=VERTEX_POINT('',#10786);
#2181=VERTEX_POINT('',#10834);
#2182=VERTEX_POINT('',#10835);
#2183=VERTEX_POINT('',#10847);
#2184=VERTEX_POINT('',#10886);
#2185=VERTEX_POINT('',#10934);
#2186=VERTEX_POINT('',#10935);
#2187=VERTEX_POINT('',#10947);
#2188=VERTEX_POINT('',#10986);
#2189=VERTEX_POINT('',#11184);
#2190=VERTEX_POINT('',#11218);
#2191=VERTEX_POINT('',#11416);
#2192=VERTEX_POINT('',#11460);
#2193=VERTEX_POINT('',#11462);
#2194=VERTEX_POINT('',#11544);
#2195=VERTEX_POINT('',#11546);
#2196=VERTEX_POINT('',#11628);
#2197=VERTEX_POINT('',#11630);
#2198=VERTEX_POINT('',#11712);
#2199=VERTEX_POINT('',#11714);
#2200=VERTEX_POINT('',#11767);
#2201=VERTEX_POINT('',#11768);
#2202=VERTEX_POINT('',#11774);
#2203=VERTEX_POINT('',#11778);
#2204=VERTEX_POINT('',#11780);
#2205=VERTEX_POINT('',#11786);
#2206=VERTEX_POINT('',#11790);
#2207=VERTEX_POINT('',#11792);
#2208=VERTEX_POINT('',#11798);
#2209=VERTEX_POINT('',#11802);
#2210=VERTEX_POINT('',#11804);
#2211=VERTEX_POINT('',#11810);
#2212=VERTEX_POINT('',#11814);
#2213=VERTEX_POINT('',#11816);
#2214=EDGE_CURVE('',#1748,#1749,#1216,.T.);
#2215=EDGE_CURVE('',#1750,#1748,#1192,.T.);
#2216=EDGE_CURVE('',#1749,#1750,#938,.T.);
#2217=EDGE_CURVE('',#1751,#1752,#1217,.T.);
#2218=EDGE_CURVE('',#1748,#1751,#1193,.T.);
#2219=EDGE_CURVE('',#1753,#1749,#939,.T.);
#2220=EDGE_CURVE('',#1753,#1752,#1194,.T.);
#2221=EDGE_CURVE('',#1754,#1755,#1218,.T.);
#2222=EDGE_CURVE('',#1751,#1754,#1195,.T.);
#2223=EDGE_CURVE('',#1752,#1755,#1196,.T.);
#2224=EDGE_CURVE('',#1756,#1757,#1219,.T.);
#2225=EDGE_CURVE('',#1754,#1756,#1197,.T.);
#2226=EDGE_CURVE('',#1755,#1757,#1198,.T.);
#2227=EDGE_CURVE('',#1758,#1759,#1220,.T.);
#2228=EDGE_CURVE('',#1756,#1758,#1199,.T.);
#2229=EDGE_CURVE('',#1757,#1759,#1200,.T.);
#2230=EDGE_CURVE('',#1760,#1761,#1221,.T.);
#2231=EDGE_CURVE('',#1760,#1762,#940,.T.);
#2232=EDGE_CURVE('',#1758,#1762,#1201,.T.);
#2233=EDGE_CURVE('',#1759,#1761,#1202,.T.);
#2234=EDGE_CURVE('',#1763,#1764,#1222,.T.);
#2235=EDGE_CURVE('',#1765,#1763,#260,.F.);
#2236=EDGE_CURVE('',#1765,#1764,#941,.T.);
#2237=EDGE_CURVE('',#1766,#1767,#1223,.T.);
#2238=EDGE_CURVE('',#1763,#1766,#261,.F.);
#2239=EDGE_CURVE('',#1764,#1768,#942,.T.);
#2240=EDGE_CURVE('',#1768,#1767,#262,.T.);
#2241=EDGE_CURVE('',#1769,#1770,#1224,.T.);
#2242=EDGE_CURVE('',#1766,#1769,#263,.F.);
#2243=EDGE_CURVE('',#1767,#1770,#264,.T.);
#2244=EDGE_CURVE('',#1771,#1772,#1225,.T.);
#2245=EDGE_CURVE('',#1769,#1771,#265,.F.);
#2246=EDGE_CURVE('',#1770,#1772,#266,.T.);
#2247=EDGE_CURVE('',#1773,#1774,#1226,.T.);
#2248=EDGE_CURVE('',#1771,#1773,#267,.F.);
#2249=EDGE_CURVE('',#1772,#1774,#268,.T.);
#2250=EDGE_CURVE('',#1775,#1776,#1227,.T.);
#2251=EDGE_CURVE('',#1777,#1775,#1203,.T.);
#2252=EDGE_CURVE('',#1776,#1777,#943,.T.);
#2253=EDGE_CURVE('',#1778,#1779,#1228,.T.);
#2254=EDGE_CURVE('',#1775,#1778,#1204,.T.);
#2255=EDGE_CURVE('',#1780,#1776,#944,.T.);
#2256=EDGE_CURVE('',#1780,#1779,#1205,.T.);
#2257=EDGE_CURVE('',#1781,#1782,#1229,.T.);
#2258=EDGE_CURVE('',#1778,#1781,#1206,.T.);
#2259=EDGE_CURVE('',#1779,#1782,#1207,.T.);
#2260=EDGE_CURVE('',#1783,#1784,#1230,.T.);
#2261=EDGE_CURVE('',#1781,#1783,#1208,.T.);
#2262=EDGE_CURVE('',#1782,#1784,#1209,.T.);
#2263=EDGE_CURVE('',#1785,#1786,#1231,.T.);
#2264=EDGE_CURVE('',#1783,#1785,#1210,.T.);
#2265=EDGE_CURVE('',#1784,#1786,#1211,.T.);
#2266=EDGE_CURVE('',#1787,#1788,#1232,.T.);
#2267=EDGE_CURVE('',#1787,#1789,#945,.T.);
#2268=EDGE_CURVE('',#1785,#1789,#1212,.T.);
#2269=EDGE_CURVE('',#1786,#1788,#1213,.T.);
#2270=EDGE_CURVE('',#1790,#1791,#1233,.T.);
#2271=EDGE_CURVE('',#1792,#1790,#269,.F.);
#2272=EDGE_CURVE('',#1792,#1791,#946,.T.);
#2273=EDGE_CURVE('',#1793,#1794,#1234,.T.);
#2274=EDGE_CURVE('',#1790,#1793,#270,.F.);
#2275=EDGE_CURVE('',#1791,#1795,#947,.T.);
#2276=EDGE_CURVE('',#1795,#1794,#271,.T.);
#2277=EDGE_CURVE('',#1796,#1797,#1235,.T.);
#2278=EDGE_CURVE('',#1793,#1796,#272,.F.);
#2279=EDGE_CURVE('',#1794,#1797,#273,.T.);
#2280=EDGE_CURVE('',#1798,#1799,#1236,.T.);
#2281=EDGE_CURVE('',#1796,#1798,#274,.F.);
#2282=EDGE_CURVE('',#1797,#1799,#275,.T.);
#2283=EDGE_CURVE('',#1800,#1801,#1237,.T.);
#2284=EDGE_CURVE('',#1798,#1800,#276,.F.);
#2285=EDGE_CURVE('',#1799,#1801,#277,.T.);
#2286=EDGE_CURVE('',#1802,#1803,#948,.T.);
#2287=EDGE_CURVE('',#1803,#1804,#1238,.T.);
#2288=EDGE_CURVE('',#1804,#1804,#949,.T.);
#2289=EDGE_CURVE('',#1803,#1802,#950,.T.);
#2290=EDGE_CURVE('',#1805,#1806,#951,.T.);
#2291=EDGE_CURVE('',#1805,#1807,#1239,.T.);
#2292=EDGE_CURVE('',#1807,#1808,#952,.T.);
#2293=EDGE_CURVE('',#1806,#1808,#1240,.T.);
#2294=EDGE_CURVE('',#1809,#1805,#1241,.T.);
#2295=EDGE_CURVE('',#1809,#1810,#1242,.T.);
#2296=EDGE_CURVE('',#1810,#1807,#1243,.T.);
#2297=EDGE_CURVE('',#1811,#1809,#953,.T.);
#2298=EDGE_CURVE('',#1811,#1812,#1244,.T.);
#2299=EDGE_CURVE('',#1812,#1810,#954,.T.);
#2300=EDGE_CURVE('',#1813,#1811,#1245,.T.);
#2301=EDGE_CURVE('',#1814,#1813,#1246,.T.);
#2302=EDGE_CURVE('',#1814,#1812,#1247,.T.);
#2303=EDGE_CURVE('',#1806,#1815,#1248,.T.);
#2304=EDGE_CURVE('',#1808,#1816,#1249,.T.);
#2305=EDGE_CURVE('',#1815,#1816,#1250,.T.);
#2306=EDGE_CURVE('',#1813,#1815,#1251,.T.);
#2307=EDGE_CURVE('',#1817,#1818,#955,.T.);
#2308=EDGE_CURVE('',#1819,#1817,#1252,.T.);
#2309=EDGE_CURVE('',#1819,#1820,#956,.T.);
#2310=EDGE_CURVE('',#1820,#1818,#1253,.T.);
#2311=EDGE_CURVE('',#1821,#1817,#1254,.T.);
#2312=EDGE_CURVE('',#1822,#1821,#1255,.T.);
#2313=EDGE_CURVE('',#1822,#1819,#1256,.T.);
#2314=EDGE_CURVE('',#1823,#1821,#957,.T.);
#2315=EDGE_CURVE('',#1824,#1823,#1257,.T.);
#2316=EDGE_CURVE('',#1824,#1822,#958,.T.);
#2317=EDGE_CURVE('',#1825,#1823,#1258,.T.);
#2318=EDGE_CURVE('',#1826,#1825,#1259,.T.);
#2319=EDGE_CURVE('',#1826,#1824,#1260,.T.);
#2320=EDGE_CURVE('',#1827,#1825,#959,.T.);
#2321=EDGE_CURVE('',#1828,#1827,#1261,.T.);
#2322=EDGE_CURVE('',#1828,#1826,#960,.T.);
#2323=EDGE_CURVE('',#1829,#1827,#1262,.T.);
#2324=EDGE_CURVE('',#1830,#1829,#1263,.T.);
#2325=EDGE_CURVE('',#1830,#1828,#1264,.T.);
#2326=EDGE_CURVE('',#1831,#1829,#961,.T.);
#2327=EDGE_CURVE('',#1832,#1831,#1265,.T.);
#2328=EDGE_CURVE('',#1832,#1830,#962,.T.);
#2329=EDGE_CURVE('',#1833,#1831,#1266,.T.);
#2330=EDGE_CURVE('',#1834,#1833,#1267,.T.);
#2331=EDGE_CURVE('',#1834,#1832,#1268,.T.);
#2332=EDGE_CURVE('',#1835,#1833,#963,.T.);
#2333=EDGE_CURVE('',#1836,#1835,#1269,.T.);
#2334=EDGE_CURVE('',#1836,#1834,#964,.T.);
#2335=EDGE_CURVE('',#1837,#1835,#1270,.T.);
#2336=EDGE_CURVE('',#1838,#1837,#1271,.T.);
#2337=EDGE_CURVE('',#1838,#1836,#1272,.T.);
#2338=EDGE_CURVE('',#1839,#1837,#965,.T.);
#2339=EDGE_CURVE('',#1840,#1839,#1273,.T.);
#2340=EDGE_CURVE('',#1840,#1838,#966,.T.);
#2341=EDGE_CURVE('',#1841,#1839,#1274,.T.);
#2342=EDGE_CURVE('',#1842,#1841,#1275,.T.);
#2343=EDGE_CURVE('',#1842,#1840,#1276,.T.);
#2344=EDGE_CURVE('',#1843,#1841,#967,.T.);
#2345=EDGE_CURVE('',#1844,#1843,#1277,.T.);
#2346=EDGE_CURVE('',#1844,#1842,#968,.T.);
#2347=EDGE_CURVE('',#1845,#1843,#1278,.T.);
#2348=EDGE_CURVE('',#1846,#1845,#1279,.T.);
#2349=EDGE_CURVE('',#1846,#1844,#1280,.T.);
#2350=EDGE_CURVE('',#1847,#1845,#969,.T.);
#2351=EDGE_CURVE('',#1848,#1847,#1281,.T.);
#2352=EDGE_CURVE('',#1848,#1846,#970,.T.);
#2353=EDGE_CURVE('',#1818,#1847,#1282,.T.);
#2354=EDGE_CURVE('',#1820,#1848,#1283,.T.);
#2355=EDGE_CURVE('',#1849,#1850,#971,.T.);
#2356=EDGE_CURVE('',#1850,#1849,#972,.T.);
#2357=EDGE_CURVE('',#1850,#1851,#973,.T.);
#2358=EDGE_CURVE('',#1852,#1851,#974,.T.);
#2359=EDGE_CURVE('',#1851,#1852,#975,.T.);
#2360=EDGE_CURVE('',#1852,#1853,#1284,.T.);
#2361=EDGE_CURVE('',#1853,#1853,#976,.T.);
#2362=EDGE_CURVE('',#1854,#1855,#977,.T.);
#2363=EDGE_CURVE('',#1856,#1854,#1285,.T.);
#2364=EDGE_CURVE('',#1856,#1857,#978,.T.);
#2365=EDGE_CURVE('',#1857,#1855,#1286,.T.);
#2366=EDGE_CURVE('',#1858,#1854,#1287,.T.);
#2367=EDGE_CURVE('',#1859,#1858,#1288,.T.);
#2368=EDGE_CURVE('',#1859,#1856,#1289,.T.);
#2369=EDGE_CURVE('',#1860,#1858,#979,.T.);
#2370=EDGE_CURVE('',#1861,#1860,#1290,.T.);
#2371=EDGE_CURVE('',#1861,#1859,#980,.T.);
#2372=EDGE_CURVE('',#1862,#1860,#1291,.T.);
#2373=EDGE_CURVE('',#1863,#1862,#1292,.T.);
#2374=EDGE_CURVE('',#1863,#1861,#1293,.T.);
#2375=EDGE_CURVE('',#1864,#1862,#981,.T.);
#2376=EDGE_CURVE('',#1865,#1864,#1294,.T.);
#2377=EDGE_CURVE('',#1865,#1863,#982,.T.);
#2378=EDGE_CURVE('',#1866,#1864,#1295,.T.);
#2379=EDGE_CURVE('',#1867,#1866,#1296,.T.);
#2380=EDGE_CURVE('',#1867,#1865,#1297,.T.);
#2381=EDGE_CURVE('',#1868,#1866,#983,.T.);
#2382=EDGE_CURVE('',#1869,#1868,#1298,.T.);
#2383=EDGE_CURVE('',#1869,#1867,#984,.T.);
#2384=EDGE_CURVE('',#1870,#1868,#1299,.T.);
#2385=EDGE_CURVE('',#1871,#1870,#1300,.T.);
#2386=EDGE_CURVE('',#1871,#1869,#1301,.T.);
#2387=EDGE_CURVE('',#1872,#1870,#985,.T.);
#2388=EDGE_CURVE('',#1873,#1872,#1302,.T.);
#2389=EDGE_CURVE('',#1873,#1871,#986,.T.);
#2390=EDGE_CURVE('',#1874,#1872,#1303,.T.);
#2391=EDGE_CURVE('',#1875,#1874,#1304,.T.);
#2392=EDGE_CURVE('',#1875,#1873,#1305,.T.);
#2393=EDGE_CURVE('',#1876,#1874,#987,.T.);
#2394=EDGE_CURVE('',#1877,#1876,#1306,.T.);
#2395=EDGE_CURVE('',#1877,#1875,#988,.T.);
#2396=EDGE_CURVE('',#1878,#1876,#1307,.T.);
#2397=EDGE_CURVE('',#1879,#1878,#1308,.T.);
#2398=EDGE_CURVE('',#1879,#1877,#1309,.T.);
#2399=EDGE_CURVE('',#1880,#1878,#989,.T.);
#2400=EDGE_CURVE('',#1881,#1880,#1310,.T.);
#2401=EDGE_CURVE('',#1881,#1879,#990,.T.);
#2402=EDGE_CURVE('',#1882,#1880,#1311,.T.);
#2403=EDGE_CURVE('',#1883,#1882,#1312,.T.);
#2404=EDGE_CURVE('',#1883,#1881,#1313,.T.);
#2405=EDGE_CURVE('',#1884,#1882,#991,.T.);
#2406=EDGE_CURVE('',#1885,#1884,#1314,.T.);
#2407=EDGE_CURVE('',#1885,#1883,#992,.T.);
#2408=EDGE_CURVE('',#1855,#1884,#1315,.T.);
#2409=EDGE_CURVE('',#1857,#1885,#1316,.T.);
#2410=EDGE_CURVE('',#1886,#1887,#993,.T.);
#2411=EDGE_CURVE('',#1887,#1886,#994,.T.);
#2412=EDGE_CURVE('',#1887,#1888,#995,.T.);
#2413=EDGE_CURVE('',#1889,#1888,#996,.T.);
#2414=EDGE_CURVE('',#1888,#1889,#997,.T.);
#2415=EDGE_CURVE('',#1889,#1890,#1317,.T.);
#2416=EDGE_CURVE('',#1890,#1890,#998,.T.);
#2417=EDGE_CURVE('',#1891,#1892,#999,.T.);
#2418=EDGE_CURVE('',#1892,#1891,#1000,.T.);
#2419=EDGE_CURVE('',#1892,#1893,#1318,.T.);
#2420=EDGE_CURVE('',#1893,#1893,#1001,.T.);
#2421=EDGE_CURVE('',#1894,#1895,#1002,.T.);
#2422=EDGE_CURVE('',#1895,#1896,#1319,.T.);
#2423=EDGE_CURVE('',#1897,#1896,#1003,.T.);
#2424=EDGE_CURVE('',#1894,#1897,#1320,.T.);
#2425=EDGE_CURVE('',#1898,#1894,#1321,.T.);
#2426=EDGE_CURVE('',#1899,#1897,#1322,.T.);
#2427=EDGE_CURVE('',#1898,#1899,#1323,.T.);
#2428=EDGE_CURVE('',#1900,#1898,#1004,.T.);
#2429=EDGE_CURVE('',#1901,#1899,#1005,.T.);
#2430=EDGE_CURVE('',#1900,#1901,#1324,.T.);
#2431=EDGE_CURVE('',#1902,#1900,#1325,.T.);
#2432=EDGE_CURVE('',#1903,#1901,#1326,.T.);
#2433=EDGE_CURVE('',#1902,#1903,#1327,.T.);
#2434=EDGE_CURVE('',#1895,#1904,#1328,.T.);
#2435=EDGE_CURVE('',#1905,#1904,#1329,.T.);
#2436=EDGE_CURVE('',#1896,#1905,#1330,.T.);
#2437=EDGE_CURVE('',#1904,#1902,#1331,.T.);
#2438=EDGE_CURVE('',#1903,#1906,#1332,.T.);
#2439=EDGE_CURVE('',#1907,#1906,#1333,.T.);
#2440=EDGE_CURVE('',#1908,#1907,#1334,.T.);
#2441=EDGE_CURVE('',#1908,#1909,#1335,.T.);
#2442=EDGE_CURVE('',#1909,#1905,#1336,.T.);
#2443=EDGE_CURVE('',#1910,#1910,#1006,.T.);
#2444=EDGE_CURVE('',#1911,#1911,#1007,.T.);
#2445=EDGE_CURVE('',#1912,#1913,#1008,.T.);
#2446=EDGE_CURVE('',#1914,#1912,#1337,.T.);
#2447=EDGE_CURVE('',#1915,#1914,#1009,.T.);
#2448=EDGE_CURVE('',#1915,#1913,#1338,.T.);
#2449=EDGE_CURVE('',#1913,#1916,#1339,.T.);
#2450=EDGE_CURVE('',#1917,#1915,#1340,.T.);
#2451=EDGE_CURVE('',#1917,#1916,#1341,.T.);
#2452=EDGE_CURVE('',#1916,#1918,#1010,.T.);
#2453=EDGE_CURVE('',#1919,#1917,#1011,.T.);
#2454=EDGE_CURVE('',#1919,#1918,#1342,.T.);
#2455=EDGE_CURVE('',#1918,#1920,#1343,.T.);
#2456=EDGE_CURVE('',#1921,#1919,#1344,.T.);
#2457=EDGE_CURVE('',#1921,#1920,#1345,.T.);
#2458=EDGE_CURVE('',#1920,#1922,#1012,.T.);
#2459=EDGE_CURVE('',#1923,#1921,#1013,.T.);
#2460=EDGE_CURVE('',#1923,#1922,#1346,.T.);
#2461=EDGE_CURVE('',#1922,#1924,#1347,.T.);
#2462=EDGE_CURVE('',#1925,#1923,#1348,.T.);
#2463=EDGE_CURVE('',#1925,#1924,#1349,.T.);
#2464=EDGE_CURVE('',#1924,#1926,#1014,.T.);
#2465=EDGE_CURVE('',#1927,#1925,#1015,.T.);
#2466=EDGE_CURVE('',#1927,#1926,#1350,.T.);
#2467=EDGE_CURVE('',#1926,#1928,#1351,.T.);
#2468=EDGE_CURVE('',#1929,#1927,#1352,.T.);
#2469=EDGE_CURVE('',#1929,#1928,#1353,.T.);
#2470=EDGE_CURVE('',#1928,#1930,#1016,.T.);
#2471=EDGE_CURVE('',#1931,#1929,#1017,.T.);
#2472=EDGE_CURVE('',#1931,#1930,#1354,.T.);
#2473=EDGE_CURVE('',#1930,#1932,#1355,.T.);
#2474=EDGE_CURVE('',#1933,#1931,#1356,.T.);
#2475=EDGE_CURVE('',#1933,#1932,#1357,.T.);
#2476=EDGE_CURVE('',#1932,#1934,#1018,.T.);
#2477=EDGE_CURVE('',#1935,#1933,#1019,.T.);
#2478=EDGE_CURVE('',#1935,#1934,#1358,.T.);
#2479=EDGE_CURVE('',#1934,#1936,#1359,.T.);
#2480=EDGE_CURVE('',#1937,#1935,#1360,.T.);
#2481=EDGE_CURVE('',#1937,#1936,#1361,.T.);
#2482=EDGE_CURVE('',#1936,#1938,#1020,.T.);
#2483=EDGE_CURVE('',#1939,#1937,#1021,.T.);
#2484=EDGE_CURVE('',#1939,#1938,#1362,.T.);
#2485=EDGE_CURVE('',#1938,#1940,#1363,.T.);
#2486=EDGE_CURVE('',#1941,#1939,#1364,.T.);
#2487=EDGE_CURVE('',#1941,#1940,#1365,.T.);
#2488=EDGE_CURVE('',#1940,#1942,#1022,.T.);
#2489=EDGE_CURVE('',#1943,#1941,#1023,.T.);
#2490=EDGE_CURVE('',#1943,#1942,#1366,.T.);
#2491=EDGE_CURVE('',#1942,#1912,#1367,.T.);
#2492=EDGE_CURVE('',#1914,#1943,#1368,.T.);
#2493=EDGE_CURVE('',#1944,#1945,#1024,.T.);
#2494=EDGE_CURVE('',#1945,#1946,#1025,.T.);
#2495=EDGE_CURVE('',#1946,#1947,#1026,.T.);
#2496=EDGE_CURVE('',#1947,#1946,#1027,.T.);
#2497=EDGE_CURVE('',#1945,#1944,#1028,.T.);
#2498=EDGE_CURVE('',#1947,#1948,#1369,.T.);
#2499=EDGE_CURVE('',#1948,#1948,#1029,.T.);
#2500=EDGE_CURVE('',#1949,#1950,#1030,.T.);
#2501=EDGE_CURVE('',#1951,#1949,#1370,.T.);
#2502=EDGE_CURVE('',#1952,#1951,#1031,.T.);
#2503=EDGE_CURVE('',#1952,#1950,#1371,.T.);
#2504=EDGE_CURVE('',#1950,#1953,#1372,.T.);
#2505=EDGE_CURVE('',#1954,#1952,#1373,.T.);
#2506=EDGE_CURVE('',#1954,#1953,#1374,.T.);
#2507=EDGE_CURVE('',#1953,#1955,#1032,.T.);
#2508=EDGE_CURVE('',#1956,#1954,#1033,.T.);
#2509=EDGE_CURVE('',#1956,#1955,#1375,.T.);
#2510=EDGE_CURVE('',#1955,#1957,#1376,.T.);
#2511=EDGE_CURVE('',#1958,#1956,#1377,.T.);
#2512=EDGE_CURVE('',#1958,#1957,#1378,.T.);
#2513=EDGE_CURVE('',#1957,#1959,#1034,.T.);
#2514=EDGE_CURVE('',#1960,#1958,#1035,.T.);
#2515=EDGE_CURVE('',#1960,#1959,#1379,.T.);
#2516=EDGE_CURVE('',#1959,#1961,#1380,.T.);
#2517=EDGE_CURVE('',#1962,#1960,#1381,.T.);
#2518=EDGE_CURVE('',#1962,#1961,#1382,.T.);
#2519=EDGE_CURVE('',#1961,#1963,#1036,.T.);
#2520=EDGE_CURVE('',#1964,#1962,#1037,.T.);
#2521=EDGE_CURVE('',#1964,#1963,#1383,.T.);
#2522=EDGE_CURVE('',#1963,#1965,#1384,.T.);
#2523=EDGE_CURVE('',#1966,#1964,#1385,.T.);
#2524=EDGE_CURVE('',#1966,#1965,#1386,.T.);
#2525=EDGE_CURVE('',#1965,#1967,#1038,.T.);
#2526=EDGE_CURVE('',#1968,#1966,#1039,.T.);
#2527=EDGE_CURVE('',#1968,#1967,#1387,.T.);
#2528=EDGE_CURVE('',#1967,#1969,#1388,.T.);
#2529=EDGE_CURVE('',#1970,#1968,#1389,.T.);
#2530=EDGE_CURVE('',#1970,#1969,#1390,.T.);
#2531=EDGE_CURVE('',#1969,#1971,#1040,.T.);
#2532=EDGE_CURVE('',#1972,#1970,#1041,.T.);
#2533=EDGE_CURVE('',#1972,#1971,#1391,.T.);
#2534=EDGE_CURVE('',#1971,#1973,#1392,.T.);
#2535=EDGE_CURVE('',#1974,#1972,#1393,.T.);
#2536=EDGE_CURVE('',#1974,#1973,#1394,.T.);
#2537=EDGE_CURVE('',#1973,#1975,#1042,.T.);
#2538=EDGE_CURVE('',#1976,#1974,#1043,.T.);
#2539=EDGE_CURVE('',#1976,#1975,#1395,.T.);
#2540=EDGE_CURVE('',#1975,#1977,#1396,.T.);
#2541=EDGE_CURVE('',#1978,#1976,#1397,.T.);
#2542=EDGE_CURVE('',#1978,#1977,#1398,.T.);
#2543=EDGE_CURVE('',#1977,#1979,#1044,.T.);
#2544=EDGE_CURVE('',#1980,#1978,#1045,.T.);
#2545=EDGE_CURVE('',#1980,#1979,#1399,.T.);
#2546=EDGE_CURVE('',#1979,#1949,#1400,.T.);
#2547=EDGE_CURVE('',#1951,#1980,#1401,.T.);
#2548=EDGE_CURVE('',#1981,#1982,#1046,.T.);
#2549=EDGE_CURVE('',#1982,#1983,#1047,.T.);
#2550=EDGE_CURVE('',#1983,#1984,#1048,.T.);
#2551=EDGE_CURVE('',#1984,#1983,#1049,.T.);
#2552=EDGE_CURVE('',#1982,#1981,#1050,.T.);
#2553=EDGE_CURVE('',#1984,#1985,#1402,.T.);
#2554=EDGE_CURVE('',#1985,#1985,#1051,.T.);
#2555=EDGE_CURVE('',#1986,#1987,#1052,.T.);
#2556=EDGE_CURVE('',#1987,#1986,#1053,.T.);
#2557=EDGE_CURVE('',#1987,#1988,#1403,.T.);
#2558=EDGE_CURVE('',#1989,#1988,#1054,.T.);
#2559=EDGE_CURVE('',#1988,#1989,#1055,.T.);
#2560=EDGE_CURVE('',#1990,#1991,#1056,.T.);
#2561=EDGE_CURVE('',#1991,#1990,#1057,.T.);
#2562=EDGE_CURVE('',#1992,#1993,#1058,.T.);
#2563=EDGE_CURVE('',#1993,#1992,#1059,.T.);
#2564=EDGE_CURVE('',#1993,#1991,#1404,.T.);
#2565=EDGE_CURVE('',#1994,#1995,#1060,.T.);
#2566=EDGE_CURVE('',#1995,#1994,#1061,.T.);
#2567=EDGE_CURVE('',#1996,#1997,#1062,.T.);
#2568=EDGE_CURVE('',#1997,#1996,#1063,.T.);
#2569=EDGE_CURVE('',#1997,#1995,#1405,.T.);
#2570=EDGE_CURVE('',#1998,#1999,#1064,.T.);
#2571=EDGE_CURVE('',#1999,#1998,#1065,.T.);
#2572=EDGE_CURVE('',#2000,#2001,#1066,.T.);
#2573=EDGE_CURVE('',#2001,#2000,#1067,.T.);
#2574=EDGE_CURVE('',#2001,#1999,#1406,.T.);
#2575=EDGE_CURVE('',#2002,#2003,#1068,.T.);
#2576=EDGE_CURVE('',#2003,#2002,#1069,.T.);
#2577=EDGE_CURVE('',#2004,#2005,#1070,.T.);
#2578=EDGE_CURVE('',#2005,#2004,#1071,.T.);
#2579=EDGE_CURVE('',#2005,#2003,#1407,.T.);
#2580=EDGE_CURVE('',#2006,#2007,#1072,.T.);
#2581=EDGE_CURVE('',#2007,#2006,#1073,.T.);
#2582=EDGE_CURVE('',#2008,#2009,#1074,.T.);
#2583=EDGE_CURVE('',#2009,#2008,#1075,.T.);
#2584=EDGE_CURVE('',#2010,#2011,#1076,.T.);
#2585=EDGE_CURVE('',#2011,#2010,#1077,.T.);
#2586=EDGE_CURVE('',#2011,#2009,#1408,.T.);
#2587=EDGE_CURVE('',#2012,#2013,#1078,.T.);
#2588=EDGE_CURVE('',#2013,#2012,#1079,.T.);
#2589=EDGE_CURVE('',#2014,#2015,#1080,.T.);
#2590=EDGE_CURVE('',#2015,#2014,#1081,.T.);
#2591=EDGE_CURVE('',#2015,#2013,#1409,.T.);
#2592=EDGE_CURVE('',#2007,#2016,#1410,.T.);
#2593=EDGE_CURVE('',#2017,#2016,#1082,.T.);
#2594=EDGE_CURVE('',#2016,#2017,#1083,.T.);
#2595=EDGE_CURVE('',#2018,#2019,#1084,.T.);
#2596=EDGE_CURVE('',#2019,#2018,#1085,.T.);
#2597=EDGE_CURVE('',#2019,#2020,#1411,.T.);
#2598=EDGE_CURVE('',#2020,#2021,#1086,.T.);
#2599=EDGE_CURVE('',#2021,#2020,#1087,.T.);
#2600=EDGE_CURVE('',#2022,#2022,#1088,.T.);
#2601=EDGE_CURVE('',#2022,#2023,#1412,.T.);
#2602=EDGE_CURVE('',#2023,#2023,#1089,.T.);
#2603=EDGE_CURVE('',#2024,#2025,#1090,.T.);
#2604=EDGE_CURVE('',#2025,#2024,#1091,.T.);
#2605=EDGE_CURVE('',#2025,#2026,#1413,.T.);
#2606=EDGE_CURVE('',#2026,#2027,#1092,.T.);
#2607=EDGE_CURVE('',#2027,#2026,#1093,.T.);
#2608=EDGE_CURVE('',#2028,#2029,#1094,.T.);
#2609=EDGE_CURVE('',#2029,#2028,#1095,.T.);
#2610=EDGE_CURVE('',#2029,#2030,#1414,.T.);
#2611=EDGE_CURVE('',#2030,#2031,#1096,.T.);
#2612=EDGE_CURVE('',#2031,#2030,#1097,.T.);
#2613=EDGE_CURVE('',#2032,#2033,#1098,.T.);
#2614=EDGE_CURVE('',#2033,#2032,#1099,.T.);
#2615=EDGE_CURVE('',#2033,#2034,#1100,.T.);
#2616=EDGE_CURVE('',#2035,#2034,#1101,.T.);
#2617=EDGE_CURVE('',#2034,#2035,#1102,.T.);
#2618=EDGE_CURVE('',#2036,#2037,#278,.T.);
#2619=EDGE_CURVE('',#2037,#2036,#279,.T.);
#2620=EDGE_CURVE('',#2038,#2039,#280,.T.);
#2621=EDGE_CURVE('',#2039,#2038,#281,.T.);
#2622=EDGE_CURVE('',#2040,#2041,#282,.T.);
#2623=EDGE_CURVE('',#2041,#2040,#283,.T.);
#2624=EDGE_CURVE('',#2042,#2043,#284,.T.);
#2625=EDGE_CURVE('',#2043,#2042,#285,.T.);
#2626=EDGE_CURVE('',#2034,#2044,#1415,.T.);
#2627=EDGE_CURVE('',#2045,#2044,#1103,.T.);
#2628=EDGE_CURVE('',#2044,#2045,#1104,.T.);
#2629=EDGE_CURVE('',#2037,#2046,#1105,.T.);
#2630=EDGE_CURVE('',#2047,#2046,#40,.T.);
#2631=EDGE_CURVE('',#2048,#2047,#286,.T.);
#2632=EDGE_CURVE('',#2036,#2048,#1106,.T.);
#2633=EDGE_CURVE('',#2049,#2048,#41,.T.);
#2634=EDGE_CURVE('',#2046,#2049,#287,.T.);
#2635=EDGE_CURVE('',#2039,#2050,#1107,.T.);
#2636=EDGE_CURVE('',#2051,#2050,#42,.T.);
#2637=EDGE_CURVE('',#2052,#2051,#288,.T.);
#2638=EDGE_CURVE('',#2038,#2052,#1108,.T.);
#2639=EDGE_CURVE('',#2053,#2052,#43,.T.);
#2640=EDGE_CURVE('',#2050,#2053,#289,.T.);
#2641=EDGE_CURVE('',#2041,#2054,#1109,.T.);
#2642=EDGE_CURVE('',#2055,#2054,#44,.T.);
#2643=EDGE_CURVE('',#2056,#2055,#290,.T.);
#2644=EDGE_CURVE('',#2040,#2056,#1110,.T.);
#2645=EDGE_CURVE('',#2057,#2056,#45,.T.);
#2646=EDGE_CURVE('',#2054,#2057,#291,.T.);
#2647=EDGE_CURVE('',#2043,#2058,#1111,.T.);
#2648=EDGE_CURVE('',#2059,#2058,#46,.T.);
#2649=EDGE_CURVE('',#2060,#2059,#292,.T.);
#2650=EDGE_CURVE('',#2042,#2060,#1112,.T.);
#2651=EDGE_CURVE('',#2061,#2060,#47,.T.);
#2652=EDGE_CURVE('',#2058,#2061,#293,.T.);
#2653=EDGE_CURVE('',#1801,#2062,#294,.T.);
#2654=EDGE_CURVE('',#2062,#2063,#1113,.T.);
#2655=EDGE_CURVE('',#1800,#2063,#295,.F.);
#2656=EDGE_CURVE('',#2064,#2065,#1114,.T.);
#2657=EDGE_CURVE('',#2064,#1795,#296,.T.);
#2658=EDGE_CURVE('',#1792,#2065,#297,.T.);
#2659=EDGE_CURVE('',#1777,#2064,#298,.T.);
#2660=EDGE_CURVE('',#2065,#1780,#299,.T.);
#2661=EDGE_CURVE('',#2066,#2067,#300,.T.);
#2662=EDGE_CURVE('',#2067,#2047,#1416,.T.);
#2663=EDGE_CURVE('',#2068,#2049,#1417,.T.);
#2664=EDGE_CURVE('',#2068,#2066,#48,.T.);
#2665=EDGE_CURVE('',#2067,#2069,#49,.T.);
#2666=EDGE_CURVE('',#2069,#2068,#301,.T.);
#2667=EDGE_CURVE('',#2070,#2071,#302,.T.);
#2668=EDGE_CURVE('',#2071,#2051,#1418,.T.);
#2669=EDGE_CURVE('',#2072,#2053,#1419,.T.);
#2670=EDGE_CURVE('',#2072,#2070,#50,.T.);
#2671=EDGE_CURVE('',#2071,#2073,#51,.T.);
#2672=EDGE_CURVE('',#2073,#2072,#303,.T.);
#2673=EDGE_CURVE('',#2074,#2075,#304,.T.);
#2674=EDGE_CURVE('',#2075,#2055,#1420,.T.);
#2675=EDGE_CURVE('',#2076,#2057,#1421,.T.);
#2676=EDGE_CURVE('',#2076,#2074,#52,.T.);
#2677=EDGE_CURVE('',#2075,#2077,#53,.T.);
#2678=EDGE_CURVE('',#2077,#2076,#305,.T.);
#2679=EDGE_CURVE('',#2078,#2079,#306,.T.);
#2680=EDGE_CURVE('',#2079,#2059,#1422,.T.);
#2681=EDGE_CURVE('',#2080,#2061,#1423,.T.);
#2682=EDGE_CURVE('',#2080,#2078,#54,.T.);
#2683=EDGE_CURVE('',#2079,#2081,#55,.T.);
#2684=EDGE_CURVE('',#2081,#2080,#307,.T.);
#2685=EDGE_CURVE('',#1789,#2082,#308,.T.);
#2686=EDGE_CURVE('',#2062,#2082,#309,.T.);
#2687=EDGE_CURVE('',#2083,#2082,#1115,.T.);
#2688=EDGE_CURVE('',#2083,#2063,#310,.T.);
#2689=EDGE_CURVE('',#2083,#2084,#311,.T.);
#2690=EDGE_CURVE('',#1788,#2084,#1214,.T.);
#2691=EDGE_CURVE('',#2084,#1787,#1116,.T.);
#2692=EDGE_CURVE('',#2069,#2085,#1117,.T.);
#2693=EDGE_CURVE('',#2066,#2086,#1118,.T.);
#2694=EDGE_CURVE('',#2085,#2086,#312,.T.);
#2695=EDGE_CURVE('',#2086,#2085,#313,.T.);
#2696=EDGE_CURVE('',#2073,#2087,#1119,.T.);
#2697=EDGE_CURVE('',#2070,#2088,#1120,.T.);
#2698=EDGE_CURVE('',#2087,#2088,#314,.T.);
#2699=EDGE_CURVE('',#2088,#2087,#315,.T.);
#2700=EDGE_CURVE('',#2077,#2089,#1121,.T.);
#2701=EDGE_CURVE('',#2074,#2090,#1122,.T.);
#2702=EDGE_CURVE('',#2089,#2090,#316,.T.);
#2703=EDGE_CURVE('',#2090,#2089,#317,.T.);
#2704=EDGE_CURVE('',#2081,#2091,#1123,.T.);
#2705=EDGE_CURVE('',#2078,#2092,#1124,.T.);
#2706=EDGE_CURVE('',#2091,#2092,#318,.T.);
#2707=EDGE_CURVE('',#2092,#2091,#319,.T.);
#2708=EDGE_CURVE('',#2093,#2094,#1125,.T.);
#2709=EDGE_CURVE('',#2094,#2093,#1126,.T.);
#2710=EDGE_CURVE('',#2095,#2096,#1127,.T.);
#2711=EDGE_CURVE('',#2096,#2095,#1128,.T.);
#2712=EDGE_CURVE('',#2096,#2094,#1424,.T.);
#2713=EDGE_CURVE('',#2097,#1816,#1425,.T.);
#2714=EDGE_CURVE('',#2097,#2098,#1426,.T.);
#2715=EDGE_CURVE('',#2098,#2099,#1427,.T.);
#2716=EDGE_CURVE('',#2100,#2099,#1428,.T.);
#2717=EDGE_CURVE('',#1814,#2100,#1429,.T.);
#2718=EDGE_CURVE('',#2101,#2101,#1129,.T.);
#2719=EDGE_CURVE('',#2102,#2102,#1130,.T.);
#2720=EDGE_CURVE('',#2099,#2103,#1131,.T.);
#2721=EDGE_CURVE('',#2103,#2104,#1430,.T.);
#2722=EDGE_CURVE('',#2104,#1907,#1132,.T.);
#2723=EDGE_CURVE('',#1906,#2100,#1431,.T.);
#2724=EDGE_CURVE('',#2105,#2106,#1432,.T.);
#2725=EDGE_CURVE('',#2107,#2106,#1433,.T.);
#2726=EDGE_CURVE('',#2108,#2107,#1434,.T.);
#2727=EDGE_CURVE('',#2105,#2108,#1435,.T.);
#2728=EDGE_CURVE('',#1909,#2097,#1436,.T.);
#2729=EDGE_CURVE('',#2109,#1908,#1133,.T.);
#2730=EDGE_CURVE('',#2110,#2109,#1437,.T.);
#2731=EDGE_CURVE('',#2098,#2110,#1134,.T.);
#2732=EDGE_CURVE('',#2111,#2112,#1438,.T.);
#2733=EDGE_CURVE('',#2113,#2111,#1439,.T.);
#2734=EDGE_CURVE('',#2113,#2114,#1440,.T.);
#2735=EDGE_CURVE('',#2112,#2114,#1441,.T.);
#2736=EDGE_CURVE('',#2109,#2104,#1442,.T.);
#2737=EDGE_CURVE('',#2110,#2103,#1443,.T.);
#2738=EDGE_CURVE('',#2115,#2116,#1444,.T.);
#2739=EDGE_CURVE('',#2115,#2117,#1445,.T.);
#2740=EDGE_CURVE('',#2118,#2117,#1446,.T.);
#2741=EDGE_CURVE('',#2116,#2118,#1447,.T.);
#2742=EDGE_CURVE('',#2116,#2113,#1448,.T.);
#2743=EDGE_CURVE('',#2114,#2118,#1449,.T.);
#2744=EDGE_CURVE('',#2111,#2115,#1450,.T.);
#2745=EDGE_CURVE('',#2117,#2112,#1451,.T.);
#2746=EDGE_CURVE('',#2119,#2120,#1452,.T.);
#2747=EDGE_CURVE('',#2119,#2121,#1453,.T.);
#2748=EDGE_CURVE('',#2122,#2121,#1454,.T.);
#2749=EDGE_CURVE('',#2120,#2122,#1455,.T.);
#2750=EDGE_CURVE('',#2123,#2124,#1135,.T.);
#2751=EDGE_CURVE('',#2124,#2123,#1136,.T.);
#2752=EDGE_CURVE('',#2108,#2119,#1456,.T.);
#2753=EDGE_CURVE('',#2121,#2107,#1457,.T.);
#2754=EDGE_CURVE('',#2120,#2105,#1458,.T.);
#2755=EDGE_CURVE('',#2106,#2122,#1459,.T.);
#2756=EDGE_CURVE('',#2125,#2126,#1137,.T.);
#2757=EDGE_CURVE('',#2126,#2125,#1138,.T.);
#2758=EDGE_CURVE('',#2126,#2127,#1460,.T.);
#2759=EDGE_CURVE('',#2127,#2128,#1139,.T.);
#2760=EDGE_CURVE('',#2128,#2127,#1140,.T.);
#2761=EDGE_CURVE('',#2129,#2129,#1141,.T.);
#2762=EDGE_CURVE('',#2129,#2130,#1461,.T.);
#2763=EDGE_CURVE('',#2130,#2130,#1142,.T.);
#2764=EDGE_CURVE('',#2131,#2132,#1143,.T.);
#2765=EDGE_CURVE('',#2132,#2131,#1144,.T.);
#2766=EDGE_CURVE('',#2132,#2133,#1462,.T.);
#2767=EDGE_CURVE('',#2133,#2134,#1145,.T.);
#2768=EDGE_CURVE('',#2134,#2133,#1146,.T.);
#2769=EDGE_CURVE('',#2135,#2136,#1147,.T.);
#2770=EDGE_CURVE('',#2136,#2135,#1148,.T.);
#2771=EDGE_CURVE('',#2136,#2137,#1463,.T.);
#2772=EDGE_CURVE('',#2137,#2138,#1149,.T.);
#2773=EDGE_CURVE('',#2138,#2137,#1150,.T.);
#2774=EDGE_CURVE('',#2139,#2140,#1151,.T.);
#2775=EDGE_CURVE('',#2140,#2139,#1152,.T.);
#2776=EDGE_CURVE('',#2140,#2141,#1153,.T.);
#2777=EDGE_CURVE('',#2142,#2141,#1154,.T.);
#2778=EDGE_CURVE('',#2141,#2142,#1155,.T.);
#2779=EDGE_CURVE('',#2143,#2144,#320,.T.);
#2780=EDGE_CURVE('',#2144,#2143,#321,.T.);
#2781=EDGE_CURVE('',#2145,#2146,#322,.T.);
#2782=EDGE_CURVE('',#2146,#2145,#323,.T.);
#2783=EDGE_CURVE('',#2147,#2148,#324,.T.);
#2784=EDGE_CURVE('',#2148,#2147,#325,.T.);
#2785=EDGE_CURVE('',#2149,#2150,#326,.T.);
#2786=EDGE_CURVE('',#2150,#2149,#327,.T.);
#2787=EDGE_CURVE('',#2141,#2151,#1464,.T.);
#2788=EDGE_CURVE('',#2152,#2151,#1156,.T.);
#2789=EDGE_CURVE('',#2151,#2152,#1157,.T.);
#2790=EDGE_CURVE('',#2144,#2153,#1158,.T.);
#2791=EDGE_CURVE('',#2154,#2153,#56,.T.);
#2792=EDGE_CURVE('',#2155,#2154,#328,.T.);
#2793=EDGE_CURVE('',#2143,#2155,#1159,.T.);
#2794=EDGE_CURVE('',#2156,#2155,#57,.T.);
#2795=EDGE_CURVE('',#2153,#2156,#329,.T.);
#2796=EDGE_CURVE('',#2146,#2157,#1160,.T.);
#2797=EDGE_CURVE('',#2158,#2157,#58,.T.);
#2798=EDGE_CURVE('',#2159,#2158,#330,.T.);
#2799=EDGE_CURVE('',#2145,#2159,#1161,.T.);
#2800=EDGE_CURVE('',#2160,#2159,#59,.T.);
#2801=EDGE_CURVE('',#2157,#2160,#331,.T.);
#2802=EDGE_CURVE('',#2148,#2161,#1162,.T.);
#2803=EDGE_CURVE('',#2162,#2161,#60,.T.);
#2804=EDGE_CURVE('',#2163,#2162,#332,.T.);
#2805=EDGE_CURVE('',#2147,#2163,#1163,.T.);
#2806=EDGE_CURVE('',#2164,#2163,#61,.T.);
#2807=EDGE_CURVE('',#2161,#2164,#333,.T.);
#2808=EDGE_CURVE('',#2150,#2165,#1164,.T.);
#2809=EDGE_CURVE('',#2166,#2165,#62,.T.);
#2810=EDGE_CURVE('',#2167,#2166,#334,.T.);
#2811=EDGE_CURVE('',#2149,#2167,#1165,.T.);
#2812=EDGE_CURVE('',#2168,#2167,#63,.T.);
#2813=EDGE_CURVE('',#2165,#2168,#335,.T.);
#2814=EDGE_CURVE('',#1774,#2169,#336,.T.);
#2815=EDGE_CURVE('',#2169,#2170,#1166,.T.);
#2816=EDGE_CURVE('',#1773,#2170,#337,.F.);
#2817=EDGE_CURVE('',#2171,#2172,#1167,.T.);
#2818=EDGE_CURVE('',#2171,#1768,#338,.T.);
#2819=EDGE_CURVE('',#1765,#2172,#339,.T.);
#2820=EDGE_CURVE('',#1750,#2171,#340,.T.);
#2821=EDGE_CURVE('',#2172,#1753,#341,.T.);
#2822=EDGE_CURVE('',#2173,#2174,#342,.T.);
#2823=EDGE_CURVE('',#2174,#2154,#1465,.T.);
#2824=EDGE_CURVE('',#2175,#2156,#1466,.T.);
#2825=EDGE_CURVE('',#2175,#2173,#64,.T.);
#2826=EDGE_CURVE('',#2174,#2176,#65,.T.);
#2827=EDGE_CURVE('',#2176,#2175,#343,.T.);
#2828=EDGE_CURVE('',#2177,#2178,#344,.T.);
#2829=EDGE_CURVE('',#2178,#2158,#1467,.T.);
#2830=EDGE_CURVE('',#2179,#2160,#1468,.T.);
#2831=EDGE_CURVE('',#2179,#2177,#66,.T.);
#2832=EDGE_CURVE('',#2178,#2180,#67,.T.);
#2833=EDGE_CURVE('',#2180,#2179,#345,.T.);
#2834=EDGE_CURVE('',#2181,#2182,#346,.T.);
#2835=EDGE_CURVE('',#2182,#2162,#1469,.T.);
#2836=EDGE_CURVE('',#2183,#2164,#1470,.T.);
#2837=EDGE_CURVE('',#2183,#2181,#68,.T.);
#2838=EDGE_CURVE('',#2182,#2184,#69,.T.);
#2839=EDGE_CURVE('',#2184,#2183,#347,.T.);
#2840=EDGE_CURVE('',#2185,#2186,#348,.T.);
#2841=EDGE_CURVE('',#2186,#2166,#1471,.T.);
#2842=EDGE_CURVE('',#2187,#2168,#1472,.T.);
#2843=EDGE_CURVE('',#2187,#2185,#70,.T.);
#2844=EDGE_CURVE('',#2186,#2188,#71,.T.);
#2845=EDGE_CURVE('',#2188,#2187,#349,.T.);
#2846=EDGE_CURVE('',#1762,#2189,#350,.T.);
#2847=EDGE_CURVE('',#2169,#2189,#351,.T.);
#2848=EDGE_CURVE('',#2190,#2189,#1168,.T.);
#2849=EDGE_CURVE('',#2190,#2170,#352,.T.);
#2850=EDGE_CURVE('',#2190,#2191,#353,.T.);
#2851=EDGE_CURVE('',#1761,#2191,#1215,.T.);
#2852=EDGE_CURVE('',#2191,#1760,#1169,.T.);
#2853=EDGE_CURVE('',#2176,#2192,#1170,.T.);
#2854=EDGE_CURVE('',#2173,#2193,#1171,.T.);
#2855=EDGE_CURVE('',#2192,#2193,#354,.T.);
#2856=EDGE_CURVE('',#2193,#2192,#355,.T.);
#2857=EDGE_CURVE('',#2180,#2194,#1172,.T.);
#2858=EDGE_CURVE('',#2177,#2195,#1173,.T.);
#2859=EDGE_CURVE('',#2194,#2195,#356,.T.);
#2860=EDGE_CURVE('',#2195,#2194,#357,.T.);
#2861=EDGE_CURVE('',#2184,#2196,#1174,.T.);
#2862=EDGE_CURVE('',#2181,#2197,#1175,.T.);
#2863=EDGE_CURVE('',#2196,#2197,#358,.T.);
#2864=EDGE_CURVE('',#2197,#2196,#359,.T.);
#2865=EDGE_CURVE('',#2188,#2198,#1176,.T.);
#2866=EDGE_CURVE('',#2185,#2199,#1177,.T.);
#2867=EDGE_CURVE('',#2198,#2199,#360,.T.);
#2868=EDGE_CURVE('',#2199,#2198,#361,.T.);
#2869=EDGE_CURVE('',#2200,#2201,#1178,.T.);
#2870=EDGE_CURVE('',#2201,#2200,#1179,.T.);
#2871=EDGE_CURVE('',#2124,#2201,#1473,.T.);
#2872=EDGE_CURVE('',#2202,#2202,#1180,.T.);
#2873=EDGE_CURVE('',#2202,#1910,#1474,.T.);
#2874=EDGE_CURVE('',#2203,#2203,#1181,.T.);
#2875=EDGE_CURVE('',#2203,#2204,#1475,.T.);
#2876=EDGE_CURVE('',#2204,#2204,#1182,.T.);
#2877=EDGE_CURVE('',#2205,#2205,#1183,.T.);
#2878=EDGE_CURVE('',#2205,#1911,#1476,.T.);
#2879=EDGE_CURVE('',#2206,#2206,#1184,.T.);
#2880=EDGE_CURVE('',#2206,#2207,#1477,.T.);
#2881=EDGE_CURVE('',#2207,#2207,#1185,.T.);
#2882=EDGE_CURVE('',#2208,#2208,#1186,.T.);
#2883=EDGE_CURVE('',#2208,#2102,#1478,.T.);
#2884=EDGE_CURVE('',#2209,#2209,#1187,.T.);
#2885=EDGE_CURVE('',#2209,#2210,#1479,.T.);
#2886=EDGE_CURVE('',#2210,#2210,#1188,.T.);
#2887=EDGE_CURVE('',#2211,#2211,#1189,.T.);
#2888=EDGE_CURVE('',#2211,#2101,#1480,.T.);
#2889=EDGE_CURVE('',#2212,#2212,#1190,.T.);
#2890=EDGE_CURVE('',#2212,#2213,#1481,.T.);
#2891=EDGE_CURVE('',#2213,#2213,#1191,.T.);
#2892=ORIENTED_EDGE('',*,*,#2214,.F.);
#2893=ORIENTED_EDGE('',*,*,#2215,.F.);
#2894=ORIENTED_EDGE('',*,*,#2216,.F.);
#2895=ORIENTED_EDGE('',*,*,#2217,.F.);
#2896=ORIENTED_EDGE('',*,*,#2218,.F.);
#2897=ORIENTED_EDGE('',*,*,#2214,.T.);
#2898=ORIENTED_EDGE('',*,*,#2219,.F.);
#2899=ORIENTED_EDGE('',*,*,#2220,.T.);
#2900=ORIENTED_EDGE('',*,*,#2221,.F.);
#2901=ORIENTED_EDGE('',*,*,#2222,.F.);
#2902=ORIENTED_EDGE('',*,*,#2217,.T.);
#2903=ORIENTED_EDGE('',*,*,#2223,.T.);
#2904=ORIENTED_EDGE('',*,*,#2224,.F.);
#2905=ORIENTED_EDGE('',*,*,#2225,.F.);
#2906=ORIENTED_EDGE('',*,*,#2221,.T.);
#2907=ORIENTED_EDGE('',*,*,#2226,.T.);
#2908=ORIENTED_EDGE('',*,*,#2227,.F.);
#2909=ORIENTED_EDGE('',*,*,#2228,.F.);
#2910=ORIENTED_EDGE('',*,*,#2224,.T.);
#2911=ORIENTED_EDGE('',*,*,#2229,.T.);
#2912=ORIENTED_EDGE('',*,*,#2230,.F.);
#2913=ORIENTED_EDGE('',*,*,#2231,.T.);
#2914=ORIENTED_EDGE('',*,*,#2232,.F.);
#2915=ORIENTED_EDGE('',*,*,#2227,.T.);
#2916=ORIENTED_EDGE('',*,*,#2233,.T.);
#2917=ORIENTED_EDGE('',*,*,#2234,.F.);
#2918=ORIENTED_EDGE('',*,*,#2235,.F.);
#2919=ORIENTED_EDGE('',*,*,#2236,.T.);
#2920=ORIENTED_EDGE('',*,*,#2237,.F.);
#2921=ORIENTED_EDGE('',*,*,#2238,.F.);
#2922=ORIENTED_EDGE('',*,*,#2234,.T.);
#2923=ORIENTED_EDGE('',*,*,#2239,.T.);
#2924=ORIENTED_EDGE('',*,*,#2240,.T.);
#2925=ORIENTED_EDGE('',*,*,#2241,.F.);
#2926=ORIENTED_EDGE('',*,*,#2242,.F.);
#2927=ORIENTED_EDGE('',*,*,#2237,.T.);
#2928=ORIENTED_EDGE('',*,*,#2243,.T.);
#2929=ORIENTED_EDGE('',*,*,#2244,.F.);
#2930=ORIENTED_EDGE('',*,*,#2245,.F.);
#2931=ORIENTED_EDGE('',*,*,#2241,.T.);
#2932=ORIENTED_EDGE('',*,*,#2246,.T.);
#2933=ORIENTED_EDGE('',*,*,#2247,.F.);
#2934=ORIENTED_EDGE('',*,*,#2248,.F.);
#2935=ORIENTED_EDGE('',*,*,#2244,.T.);
#2936=ORIENTED_EDGE('',*,*,#2249,.T.);
#2937=ORIENTED_EDGE('',*,*,#2250,.F.);
#2938=ORIENTED_EDGE('',*,*,#2251,.F.);
#2939=ORIENTED_EDGE('',*,*,#2252,.F.);
#2940=ORIENTED_EDGE('',*,*,#2253,.F.);
#2941=ORIENTED_EDGE('',*,*,#2254,.F.);
#2942=ORIENTED_EDGE('',*,*,#2250,.T.);
#2943=ORIENTED_EDGE('',*,*,#2255,.F.);
#2944=ORIENTED_EDGE('',*,*,#2256,.T.);
#2945=ORIENTED_EDGE('',*,*,#2257,.F.);
#2946=ORIENTED_EDGE('',*,*,#2258,.F.);
#2947=ORIENTED_EDGE('',*,*,#2253,.T.);
#2948=ORIENTED_EDGE('',*,*,#2259,.T.);
#2949=ORIENTED_EDGE('',*,*,#2260,.F.);
#2950=ORIENTED_EDGE('',*,*,#2261,.F.);
#2951=ORIENTED_EDGE('',*,*,#2257,.T.);
#2952=ORIENTED_EDGE('',*,*,#2262,.T.);
#2953=ORIENTED_EDGE('',*,*,#2263,.F.);
#2954=ORIENTED_EDGE('',*,*,#2264,.F.);
#2955=ORIENTED_EDGE('',*,*,#2260,.T.);
#2956=ORIENTED_EDGE('',*,*,#2265,.T.);
#2957=ORIENTED_EDGE('',*,*,#2266,.F.);
#2958=ORIENTED_EDGE('',*,*,#2267,.T.);
#2959=ORIENTED_EDGE('',*,*,#2268,.F.);
#2960=ORIENTED_EDGE('',*,*,#2263,.T.);
#2961=ORIENTED_EDGE('',*,*,#2269,.T.);
#2962=ORIENTED_EDGE('',*,*,#2270,.F.);
#2963=ORIENTED_EDGE('',*,*,#2271,.F.);
#2964=ORIENTED_EDGE('',*,*,#2272,.T.);
#2965=ORIENTED_EDGE('',*,*,#2273,.F.);
#2966=ORIENTED_EDGE('',*,*,#2274,.F.);
#2967=ORIENTED_EDGE('',*,*,#2270,.T.);
#2968=ORIENTED_EDGE('',*,*,#2275,.T.);
#2969=ORIENTED_EDGE('',*,*,#2276,.T.);
#2970=ORIENTED_EDGE('',*,*,#2277,.F.);
#2971=ORIENTED_EDGE('',*,*,#2278,.F.);
#2972=ORIENTED_EDGE('',*,*,#2273,.T.);
#2973=ORIENTED_EDGE('',*,*,#2279,.T.);
#2974=ORIENTED_EDGE('',*,*,#2280,.F.);
#2975=ORIENTED_EDGE('',*,*,#2281,.F.);
#2976=ORIENTED_EDGE('',*,*,#2277,.T.);
#2977=ORIENTED_EDGE('',*,*,#2282,.T.);
#2978=ORIENTED_EDGE('',*,*,#2283,.F.);
#2979=ORIENTED_EDGE('',*,*,#2284,.F.);
#2980=ORIENTED_EDGE('',*,*,#2280,.T.);
#2981=ORIENTED_EDGE('',*,*,#2285,.T.);
#2982=ORIENTED_EDGE('',*,*,#2286,.T.);
#2983=ORIENTED_EDGE('',*,*,#2287,.T.);
#2984=ORIENTED_EDGE('',*,*,#2288,.T.);
#2985=ORIENTED_EDGE('',*,*,#2287,.F.);
#2986=ORIENTED_EDGE('',*,*,#2289,.T.);
#2987=ORIENTED_EDGE('',*,*,#2290,.F.);
#2988=ORIENTED_EDGE('',*,*,#2291,.T.);
#2989=ORIENTED_EDGE('',*,*,#2292,.T.);
#2990=ORIENTED_EDGE('',*,*,#2293,.F.);
#2991=ORIENTED_EDGE('',*,*,#2294,.F.);
#2992=ORIENTED_EDGE('',*,*,#2295,.T.);
#2993=ORIENTED_EDGE('',*,*,#2296,.T.);
#2994=ORIENTED_EDGE('',*,*,#2291,.F.);
#2995=ORIENTED_EDGE('',*,*,#2297,.F.);
#2996=ORIENTED_EDGE('',*,*,#2298,.T.);
#2997=ORIENTED_EDGE('',*,*,#2299,.T.);
#2998=ORIENTED_EDGE('',*,*,#2295,.F.);
#2999=ORIENTED_EDGE('',*,*,#2300,.F.);
#3000=ORIENTED_EDGE('',*,*,#2301,.F.);
#3001=ORIENTED_EDGE('',*,*,#2302,.T.);
#3002=ORIENTED_EDGE('',*,*,#2298,.F.);
#3003=ORIENTED_EDGE('',*,*,#2303,.F.);
#3004=ORIENTED_EDGE('',*,*,#2293,.T.);
#3005=ORIENTED_EDGE('',*,*,#2304,.T.);
#3006=ORIENTED_EDGE('',*,*,#2305,.F.);
#3007=ORIENTED_EDGE('',*,*,#2303,.T.);
#3008=ORIENTED_EDGE('',*,*,#2306,.F.);
#3009=ORIENTED_EDGE('',*,*,#2300,.T.);
#3010=ORIENTED_EDGE('',*,*,#2297,.T.);
#3011=ORIENTED_EDGE('',*,*,#2294,.T.);
#3012=ORIENTED_EDGE('',*,*,#2290,.T.);
#3013=ORIENTED_EDGE('',*,*,#2286,.F.);
#3014=ORIENTED_EDGE('',*,*,#2289,.F.);
#3015=ORIENTED_EDGE('',*,*,#2307,.F.);
#3016=ORIENTED_EDGE('',*,*,#2308,.F.);
#3017=ORIENTED_EDGE('',*,*,#2309,.T.);
#3018=ORIENTED_EDGE('',*,*,#2310,.T.);
#3019=ORIENTED_EDGE('',*,*,#2311,.F.);
#3020=ORIENTED_EDGE('',*,*,#2312,.F.);
#3021=ORIENTED_EDGE('',*,*,#2313,.T.);
#3022=ORIENTED_EDGE('',*,*,#2308,.T.);
#3023=ORIENTED_EDGE('',*,*,#2314,.F.);
#3024=ORIENTED_EDGE('',*,*,#2315,.F.);
#3025=ORIENTED_EDGE('',*,*,#2316,.T.);
#3026=ORIENTED_EDGE('',*,*,#2312,.T.);
#3027=ORIENTED_EDGE('',*,*,#2317,.F.);
#3028=ORIENTED_EDGE('',*,*,#2318,.F.);
#3029=ORIENTED_EDGE('',*,*,#2319,.T.);
#3030=ORIENTED_EDGE('',*,*,#2315,.T.);
#3031=ORIENTED_EDGE('',*,*,#2320,.F.);
#3032=ORIENTED_EDGE('',*,*,#2321,.F.);
#3033=ORIENTED_EDGE('',*,*,#2322,.T.);
#3034=ORIENTED_EDGE('',*,*,#2318,.T.);
#3035=ORIENTED_EDGE('',*,*,#2323,.F.);
#3036=ORIENTED_EDGE('',*,*,#2324,.F.);
#3037=ORIENTED_EDGE('',*,*,#2325,.T.);
#3038=ORIENTED_EDGE('',*,*,#2321,.T.);
#3039=ORIENTED_EDGE('',*,*,#2326,.F.);
#3040=ORIENTED_EDGE('',*,*,#2327,.F.);
#3041=ORIENTED_EDGE('',*,*,#2328,.T.);
#3042=ORIENTED_EDGE('',*,*,#2324,.T.);
#3043=ORIENTED_EDGE('',*,*,#2329,.F.);
#3044=ORIENTED_EDGE('',*,*,#2330,.F.);
#3045=ORIENTED_EDGE('',*,*,#2331,.T.);
#3046=ORIENTED_EDGE('',*,*,#2327,.T.);
#3047=ORIENTED_EDGE('',*,*,#2332,.F.);
#3048=ORIENTED_EDGE('',*,*,#2333,.F.);
#3049=ORIENTED_EDGE('',*,*,#2334,.T.);
#3050=ORIENTED_EDGE('',*,*,#2330,.T.);
#3051=ORIENTED_EDGE('',*,*,#2335,.F.);
#3052=ORIENTED_EDGE('',*,*,#2336,.F.);
#3053=ORIENTED_EDGE('',*,*,#2337,.T.);
#3054=ORIENTED_EDGE('',*,*,#2333,.T.);
#3055=ORIENTED_EDGE('',*,*,#2338,.F.);
#3056=ORIENTED_EDGE('',*,*,#2339,.F.);
#3057=ORIENTED_EDGE('',*,*,#2340,.T.);
#3058=ORIENTED_EDGE('',*,*,#2336,.T.);
#3059=ORIENTED_EDGE('',*,*,#2341,.F.);
#3060=ORIENTED_EDGE('',*,*,#2342,.F.);
#3061=ORIENTED_EDGE('',*,*,#2343,.T.);
#3062=ORIENTED_EDGE('',*,*,#2339,.T.);
#3063=ORIENTED_EDGE('',*,*,#2344,.F.);
#3064=ORIENTED_EDGE('',*,*,#2345,.F.);
#3065=ORIENTED_EDGE('',*,*,#2346,.T.);
#3066=ORIENTED_EDGE('',*,*,#2342,.T.);
#3067=ORIENTED_EDGE('',*,*,#2347,.F.);
#3068=ORIENTED_EDGE('',*,*,#2348,.F.);
#3069=ORIENTED_EDGE('',*,*,#2349,.T.);
#3070=ORIENTED_EDGE('',*,*,#2345,.T.);
#3071=ORIENTED_EDGE('',*,*,#2350,.F.);
#3072=ORIENTED_EDGE('',*,*,#2351,.F.);
#3073=ORIENTED_EDGE('',*,*,#2352,.T.);
#3074=ORIENTED_EDGE('',*,*,#2348,.T.);
#3075=ORIENTED_EDGE('',*,*,#2353,.F.);
#3076=ORIENTED_EDGE('',*,*,#2310,.F.);
#3077=ORIENTED_EDGE('',*,*,#2354,.T.);
#3078=ORIENTED_EDGE('',*,*,#2351,.T.);
#3079=ORIENTED_EDGE('',*,*,#2355,.F.);
#3080=ORIENTED_EDGE('',*,*,#2356,.F.);
#3081=ORIENTED_EDGE('',*,*,#2357,.T.);
#3082=ORIENTED_EDGE('',*,*,#2358,.F.);
#3083=ORIENTED_EDGE('',*,*,#2359,.F.);
#3084=ORIENTED_EDGE('',*,*,#2357,.F.);
#3085=ORIENTED_EDGE('',*,*,#2355,.T.);
#3086=ORIENTED_EDGE('',*,*,#2356,.T.);
#3087=ORIENTED_EDGE('',*,*,#2334,.F.);
#3088=ORIENTED_EDGE('',*,*,#2337,.F.);
#3089=ORIENTED_EDGE('',*,*,#2340,.F.);
#3090=ORIENTED_EDGE('',*,*,#2343,.F.);
#3091=ORIENTED_EDGE('',*,*,#2346,.F.);
#3092=ORIENTED_EDGE('',*,*,#2349,.F.);
#3093=ORIENTED_EDGE('',*,*,#2352,.F.);
#3094=ORIENTED_EDGE('',*,*,#2354,.F.);
#3095=ORIENTED_EDGE('',*,*,#2309,.F.);
#3096=ORIENTED_EDGE('',*,*,#2313,.F.);
#3097=ORIENTED_EDGE('',*,*,#2316,.F.);
#3098=ORIENTED_EDGE('',*,*,#2319,.F.);
#3099=ORIENTED_EDGE('',*,*,#2322,.F.);
#3100=ORIENTED_EDGE('',*,*,#2325,.F.);
#3101=ORIENTED_EDGE('',*,*,#2328,.F.);
#3102=ORIENTED_EDGE('',*,*,#2331,.F.);
#3103=ORIENTED_EDGE('',*,*,#2358,.T.);
#3104=ORIENTED_EDGE('',*,*,#2359,.T.);
#3105=ORIENTED_EDGE('',*,*,#2360,.T.);
#3106=ORIENTED_EDGE('',*,*,#2361,.F.);
#3107=ORIENTED_EDGE('',*,*,#2360,.F.);
#3108=ORIENTED_EDGE('',*,*,#2307,.T.);
#3109=ORIENTED_EDGE('',*,*,#2353,.T.);
#3110=ORIENTED_EDGE('',*,*,#2350,.T.);
#3111=ORIENTED_EDGE('',*,*,#2347,.T.);
#3112=ORIENTED_EDGE('',*,*,#2344,.T.);
#3113=ORIENTED_EDGE('',*,*,#2341,.T.);
#3114=ORIENTED_EDGE('',*,*,#2338,.T.);
#3115=ORIENTED_EDGE('',*,*,#2335,.T.);
#3116=ORIENTED_EDGE('',*,*,#2332,.T.);
#3117=ORIENTED_EDGE('',*,*,#2329,.T.);
#3118=ORIENTED_EDGE('',*,*,#2326,.T.);
#3119=ORIENTED_EDGE('',*,*,#2323,.T.);
#3120=ORIENTED_EDGE('',*,*,#2320,.T.);
#3121=ORIENTED_EDGE('',*,*,#2317,.T.);
#3122=ORIENTED_EDGE('',*,*,#2314,.T.);
#3123=ORIENTED_EDGE('',*,*,#2311,.T.);
#3124=ORIENTED_EDGE('',*,*,#2362,.F.);
#3125=ORIENTED_EDGE('',*,*,#2363,.F.);
#3126=ORIENTED_EDGE('',*,*,#2364,.T.);
#3127=ORIENTED_EDGE('',*,*,#2365,.T.);
#3128=ORIENTED_EDGE('',*,*,#2366,.F.);
#3129=ORIENTED_EDGE('',*,*,#2367,.F.);
#3130=ORIENTED_EDGE('',*,*,#2368,.T.);
#3131=ORIENTED_EDGE('',*,*,#2363,.T.);
#3132=ORIENTED_EDGE('',*,*,#2369,.F.);
#3133=ORIENTED_EDGE('',*,*,#2370,.F.);
#3134=ORIENTED_EDGE('',*,*,#2371,.T.);
#3135=ORIENTED_EDGE('',*,*,#2367,.T.);
#3136=ORIENTED_EDGE('',*,*,#2372,.F.);
#3137=ORIENTED_EDGE('',*,*,#2373,.F.);
#3138=ORIENTED_EDGE('',*,*,#2374,.T.);
#3139=ORIENTED_EDGE('',*,*,#2370,.T.);
#3140=ORIENTED_EDGE('',*,*,#2375,.F.);
#3141=ORIENTED_EDGE('',*,*,#2376,.F.);
#3142=ORIENTED_EDGE('',*,*,#2377,.T.);
#3143=ORIENTED_EDGE('',*,*,#2373,.T.);
#3144=ORIENTED_EDGE('',*,*,#2378,.F.);
#3145=ORIENTED_EDGE('',*,*,#2379,.F.);
#3146=ORIENTED_EDGE('',*,*,#2380,.T.);
#3147=ORIENTED_EDGE('',*,*,#2376,.T.);
#3148=ORIENTED_EDGE('',*,*,#2381,.F.);
#3149=ORIENTED_EDGE('',*,*,#2382,.F.);
#3150=ORIENTED_EDGE('',*,*,#2383,.T.);
#3151=ORIENTED_EDGE('',*,*,#2379,.T.);
#3152=ORIENTED_EDGE('',*,*,#2384,.F.);
#3153=ORIENTED_EDGE('',*,*,#2385,.F.);
#3154=ORIENTED_EDGE('',*,*,#2386,.T.);
#3155=ORIENTED_EDGE('',*,*,#2382,.T.);
#3156=ORIENTED_EDGE('',*,*,#2387,.F.);
#3157=ORIENTED_EDGE('',*,*,#2388,.F.);
#3158=ORIENTED_EDGE('',*,*,#2389,.T.);
#3159=ORIENTED_EDGE('',*,*,#2385,.T.);
#3160=ORIENTED_EDGE('',*,*,#2390,.F.);
#3161=ORIENTED_EDGE('',*,*,#2391,.F.);
#3162=ORIENTED_EDGE('',*,*,#2392,.T.);
#3163=ORIENTED_EDGE('',*,*,#2388,.T.);
#3164=ORIENTED_EDGE('',*,*,#2393,.F.);
#3165=ORIENTED_EDGE('',*,*,#2394,.F.);
#3166=ORIENTED_EDGE('',*,*,#2395,.T.);
#3167=ORIENTED_EDGE('',*,*,#2391,.T.);
#3168=ORIENTED_EDGE('',*,*,#2396,.F.);
#3169=ORIENTED_EDGE('',*,*,#2397,.F.);
#3170=ORIENTED_EDGE('',*,*,#2398,.T.);
#3171=ORIENTED_EDGE('',*,*,#2394,.T.);
#3172=ORIENTED_EDGE('',*,*,#2399,.F.);
#3173=ORIENTED_EDGE('',*,*,#2400,.F.);
#3174=ORIENTED_EDGE('',*,*,#2401,.T.);
#3175=ORIENTED_EDGE('',*,*,#2397,.T.);
#3176=ORIENTED_EDGE('',*,*,#2402,.F.);
#3177=ORIENTED_EDGE('',*,*,#2403,.F.);
#3178=ORIENTED_EDGE('',*,*,#2404,.T.);
#3179=ORIENTED_EDGE('',*,*,#2400,.T.);
#3180=ORIENTED_EDGE('',*,*,#2405,.F.);
#3181=ORIENTED_EDGE('',*,*,#2406,.F.);
#3182=ORIENTED_EDGE('',*,*,#2407,.T.);
#3183=ORIENTED_EDGE('',*,*,#2403,.T.);
#3184=ORIENTED_EDGE('',*,*,#2408,.F.);
#3185=ORIENTED_EDGE('',*,*,#2365,.F.);
#3186=ORIENTED_EDGE('',*,*,#2409,.T.);
#3187=ORIENTED_EDGE('',*,*,#2406,.T.);
#3188=ORIENTED_EDGE('',*,*,#2410,.F.);
#3189=ORIENTED_EDGE('',*,*,#2411,.F.);
#3190=ORIENTED_EDGE('',*,*,#2412,.T.);
#3191=ORIENTED_EDGE('',*,*,#2413,.F.);
#3192=ORIENTED_EDGE('',*,*,#2414,.F.);
#3193=ORIENTED_EDGE('',*,*,#2412,.F.);
#3194=ORIENTED_EDGE('',*,*,#2410,.T.);
#3195=ORIENTED_EDGE('',*,*,#2411,.T.);
#3196=ORIENTED_EDGE('',*,*,#2389,.F.);
#3197=ORIENTED_EDGE('',*,*,#2392,.F.);
#3198=ORIENTED_EDGE('',*,*,#2395,.F.);
#3199=ORIENTED_EDGE('',*,*,#2398,.F.);
#3200=ORIENTED_EDGE('',*,*,#2401,.F.);
#3201=ORIENTED_EDGE('',*,*,#2404,.F.);
#3202=ORIENTED_EDGE('',*,*,#2407,.F.);
#3203=ORIENTED_EDGE('',*,*,#2409,.F.);
#3204=ORIENTED_EDGE('',*,*,#2364,.F.);
#3205=ORIENTED_EDGE('',*,*,#2368,.F.);
#3206=ORIENTED_EDGE('',*,*,#2371,.F.);
#3207=ORIENTED_EDGE('',*,*,#2374,.F.);
#3208=ORIENTED_EDGE('',*,*,#2377,.F.);
#3209=ORIENTED_EDGE('',*,*,#2380,.F.);
#3210=ORIENTED_EDGE('',*,*,#2383,.F.);
#3211=ORIENTED_EDGE('',*,*,#2386,.F.);
#3212=ORIENTED_EDGE('',*,*,#2413,.T.);
#3213=ORIENTED_EDGE('',*,*,#2414,.T.);
#3214=ORIENTED_EDGE('',*,*,#2415,.T.);
#3215=ORIENTED_EDGE('',*,*,#2416,.F.);
#3216=ORIENTED_EDGE('',*,*,#2415,.F.);
#3217=ORIENTED_EDGE('',*,*,#2362,.T.);
#3218=ORIENTED_EDGE('',*,*,#2408,.T.);
#3219=ORIENTED_EDGE('',*,*,#2405,.T.);
#3220=ORIENTED_EDGE('',*,*,#2402,.T.);
#3221=ORIENTED_EDGE('',*,*,#2399,.T.);
#3222=ORIENTED_EDGE('',*,*,#2396,.T.);
#3223=ORIENTED_EDGE('',*,*,#2393,.T.);
#3224=ORIENTED_EDGE('',*,*,#2390,.T.);
#3225=ORIENTED_EDGE('',*,*,#2387,.T.);
#3226=ORIENTED_EDGE('',*,*,#2384,.T.);
#3227=ORIENTED_EDGE('',*,*,#2381,.T.);
#3228=ORIENTED_EDGE('',*,*,#2378,.T.);
#3229=ORIENTED_EDGE('',*,*,#2375,.T.);
#3230=ORIENTED_EDGE('',*,*,#2372,.T.);
#3231=ORIENTED_EDGE('',*,*,#2369,.T.);
#3232=ORIENTED_EDGE('',*,*,#2366,.T.);
#3233=ORIENTED_EDGE('',*,*,#2417,.F.);
#3234=ORIENTED_EDGE('',*,*,#2418,.F.);
#3235=ORIENTED_EDGE('',*,*,#2419,.T.);
#3236=ORIENTED_EDGE('',*,*,#2420,.F.);
#3237=ORIENTED_EDGE('',*,*,#2419,.F.);
#3238=ORIENTED_EDGE('',*,*,#2421,.T.);
#3239=ORIENTED_EDGE('',*,*,#2422,.T.);
#3240=ORIENTED_EDGE('',*,*,#2423,.F.);
#3241=ORIENTED_EDGE('',*,*,#2424,.F.);
#3242=ORIENTED_EDGE('',*,*,#2425,.T.);
#3243=ORIENTED_EDGE('',*,*,#2424,.T.);
#3244=ORIENTED_EDGE('',*,*,#2426,.F.);
#3245=ORIENTED_EDGE('',*,*,#2427,.F.);
#3246=ORIENTED_EDGE('',*,*,#2428,.T.);
#3247=ORIENTED_EDGE('',*,*,#2427,.T.);
#3248=ORIENTED_EDGE('',*,*,#2429,.F.);
#3249=ORIENTED_EDGE('',*,*,#2430,.F.);
#3250=ORIENTED_EDGE('',*,*,#2431,.T.);
#3251=ORIENTED_EDGE('',*,*,#2430,.T.);
#3252=ORIENTED_EDGE('',*,*,#2432,.F.);
#3253=ORIENTED_EDGE('',*,*,#2433,.F.);
#3254=ORIENTED_EDGE('',*,*,#2434,.T.);
#3255=ORIENTED_EDGE('',*,*,#2435,.F.);
#3256=ORIENTED_EDGE('',*,*,#2436,.F.);
#3257=ORIENTED_EDGE('',*,*,#2422,.F.);
#3258=ORIENTED_EDGE('',*,*,#2434,.F.);
#3259=ORIENTED_EDGE('',*,*,#2421,.F.);
#3260=ORIENTED_EDGE('',*,*,#2425,.F.);
#3261=ORIENTED_EDGE('',*,*,#2428,.F.);
#3262=ORIENTED_EDGE('',*,*,#2431,.F.);
#3263=ORIENTED_EDGE('',*,*,#2437,.F.);
#3264=ORIENTED_EDGE('',*,*,#2417,.T.);
#3265=ORIENTED_EDGE('',*,*,#2418,.T.);
#3266=ORIENTED_EDGE('',*,*,#2435,.T.);
#3267=ORIENTED_EDGE('',*,*,#2437,.T.);
#3268=ORIENTED_EDGE('',*,*,#2433,.T.);
#3269=ORIENTED_EDGE('',*,*,#2438,.T.);
#3270=ORIENTED_EDGE('',*,*,#2439,.F.);
#3271=ORIENTED_EDGE('',*,*,#2440,.F.);
#3272=ORIENTED_EDGE('',*,*,#2441,.T.);
#3273=ORIENTED_EDGE('',*,*,#2442,.T.);
#3274=ORIENTED_EDGE('',*,*,#2443,.T.);
#3275=ORIENTED_EDGE('',*,*,#2444,.T.);
#3276=ORIENTED_EDGE('',*,*,#2445,.F.);
#3277=ORIENTED_EDGE('',*,*,#2446,.F.);
#3278=ORIENTED_EDGE('',*,*,#2447,.F.);
#3279=ORIENTED_EDGE('',*,*,#2448,.T.);
#3280=ORIENTED_EDGE('',*,*,#2449,.F.);
#3281=ORIENTED_EDGE('',*,*,#2448,.F.);
#3282=ORIENTED_EDGE('',*,*,#2450,.F.);
#3283=ORIENTED_EDGE('',*,*,#2451,.T.);
#3284=ORIENTED_EDGE('',*,*,#2452,.F.);
#3285=ORIENTED_EDGE('',*,*,#2451,.F.);
#3286=ORIENTED_EDGE('',*,*,#2453,.F.);
#3287=ORIENTED_EDGE('',*,*,#2454,.T.);
#3288=ORIENTED_EDGE('',*,*,#2455,.F.);
#3289=ORIENTED_EDGE('',*,*,#2454,.F.);
#3290=ORIENTED_EDGE('',*,*,#2456,.F.);
#3291=ORIENTED_EDGE('',*,*,#2457,.T.);
#3292=ORIENTED_EDGE('',*,*,#2458,.F.);
#3293=ORIENTED_EDGE('',*,*,#2457,.F.);
#3294=ORIENTED_EDGE('',*,*,#2459,.F.);
#3295=ORIENTED_EDGE('',*,*,#2460,.T.);
#3296=ORIENTED_EDGE('',*,*,#2461,.F.);
#3297=ORIENTED_EDGE('',*,*,#2460,.F.);
#3298=ORIENTED_EDGE('',*,*,#2462,.F.);
#3299=ORIENTED_EDGE('',*,*,#2463,.T.);
#3300=ORIENTED_EDGE('',*,*,#2464,.F.);
#3301=ORIENTED_EDGE('',*,*,#2463,.F.);
#3302=ORIENTED_EDGE('',*,*,#2465,.F.);
#3303=ORIENTED_EDGE('',*,*,#2466,.T.);
#3304=ORIENTED_EDGE('',*,*,#2467,.F.);
#3305=ORIENTED_EDGE('',*,*,#2466,.F.);
#3306=ORIENTED_EDGE('',*,*,#2468,.F.);
#3307=ORIENTED_EDGE('',*,*,#2469,.T.);
#3308=ORIENTED_EDGE('',*,*,#2470,.F.);
#3309=ORIENTED_EDGE('',*,*,#2469,.F.);
#3310=ORIENTED_EDGE('',*,*,#2471,.F.);
#3311=ORIENTED_EDGE('',*,*,#2472,.T.);
#3312=ORIENTED_EDGE('',*,*,#2473,.F.);
#3313=ORIENTED_EDGE('',*,*,#2472,.F.);
#3314=ORIENTED_EDGE('',*,*,#2474,.F.);
#3315=ORIENTED_EDGE('',*,*,#2475,.T.);
#3316=ORIENTED_EDGE('',*,*,#2476,.F.);
#3317=ORIENTED_EDGE('',*,*,#2475,.F.);
#3318=ORIENTED_EDGE('',*,*,#2477,.F.);
#3319=ORIENTED_EDGE('',*,*,#2478,.T.);
#3320=ORIENTED_EDGE('',*,*,#2479,.F.);
#3321=ORIENTED_EDGE('',*,*,#2478,.F.);
#3322=ORIENTED_EDGE('',*,*,#2480,.F.);
#3323=ORIENTED_EDGE('',*,*,#2481,.T.);
#3324=ORIENTED_EDGE('',*,*,#2482,.F.);
#3325=ORIENTED_EDGE('',*,*,#2481,.F.);
#3326=ORIENTED_EDGE('',*,*,#2483,.F.);
#3327=ORIENTED_EDGE('',*,*,#2484,.T.);
#3328=ORIENTED_EDGE('',*,*,#2485,.F.);
#3329=ORIENTED_EDGE('',*,*,#2484,.F.);
#3330=ORIENTED_EDGE('',*,*,#2486,.F.);
#3331=ORIENTED_EDGE('',*,*,#2487,.T.);
#3332=ORIENTED_EDGE('',*,*,#2488,.F.);
#3333=ORIENTED_EDGE('',*,*,#2487,.F.);
#3334=ORIENTED_EDGE('',*,*,#2489,.F.);
#3335=ORIENTED_EDGE('',*,*,#2490,.T.);
#3336=ORIENTED_EDGE('',*,*,#2491,.F.);
#3337=ORIENTED_EDGE('',*,*,#2490,.F.);
#3338=ORIENTED_EDGE('',*,*,#2492,.F.);
#3339=ORIENTED_EDGE('',*,*,#2446,.T.);
#3340=ORIENTED_EDGE('',*,*,#2493,.T.);
#3341=ORIENTED_EDGE('',*,*,#2494,.T.);
#3342=ORIENTED_EDGE('',*,*,#2495,.T.);
#3343=ORIENTED_EDGE('',*,*,#2496,.T.);
#3344=ORIENTED_EDGE('',*,*,#2494,.F.);
#3345=ORIENTED_EDGE('',*,*,#2497,.T.);
#3346=ORIENTED_EDGE('',*,*,#2493,.F.);
#3347=ORIENTED_EDGE('',*,*,#2497,.F.);
#3348=ORIENTED_EDGE('',*,*,#2471,.T.);
#3349=ORIENTED_EDGE('',*,*,#2468,.T.);
#3350=ORIENTED_EDGE('',*,*,#2465,.T.);
#3351=ORIENTED_EDGE('',*,*,#2462,.T.);
#3352=ORIENTED_EDGE('',*,*,#2459,.T.);
#3353=ORIENTED_EDGE('',*,*,#2456,.T.);
#3354=ORIENTED_EDGE('',*,*,#2453,.T.);
#3355=ORIENTED_EDGE('',*,*,#2450,.T.);
#3356=ORIENTED_EDGE('',*,*,#2447,.T.);
#3357=ORIENTED_EDGE('',*,*,#2492,.T.);
#3358=ORIENTED_EDGE('',*,*,#2489,.T.);
#3359=ORIENTED_EDGE('',*,*,#2486,.T.);
#3360=ORIENTED_EDGE('',*,*,#2483,.T.);
#3361=ORIENTED_EDGE('',*,*,#2480,.T.);
#3362=ORIENTED_EDGE('',*,*,#2477,.T.);
#3363=ORIENTED_EDGE('',*,*,#2474,.T.);
#3364=ORIENTED_EDGE('',*,*,#2496,.F.);
#3365=ORIENTED_EDGE('',*,*,#2498,.T.);
#3366=ORIENTED_EDGE('',*,*,#2499,.F.);
#3367=ORIENTED_EDGE('',*,*,#2498,.F.);
#3368=ORIENTED_EDGE('',*,*,#2495,.F.);
#3369=ORIENTED_EDGE('',*,*,#2445,.T.);
#3370=ORIENTED_EDGE('',*,*,#2449,.T.);
#3371=ORIENTED_EDGE('',*,*,#2452,.T.);
#3372=ORIENTED_EDGE('',*,*,#2455,.T.);
#3373=ORIENTED_EDGE('',*,*,#2458,.T.);
#3374=ORIENTED_EDGE('',*,*,#2461,.T.);
#3375=ORIENTED_EDGE('',*,*,#2464,.T.);
#3376=ORIENTED_EDGE('',*,*,#2467,.T.);
#3377=ORIENTED_EDGE('',*,*,#2470,.T.);
#3378=ORIENTED_EDGE('',*,*,#2473,.T.);
#3379=ORIENTED_EDGE('',*,*,#2476,.T.);
#3380=ORIENTED_EDGE('',*,*,#2479,.T.);
#3381=ORIENTED_EDGE('',*,*,#2482,.T.);
#3382=ORIENTED_EDGE('',*,*,#2485,.T.);
#3383=ORIENTED_EDGE('',*,*,#2488,.T.);
#3384=ORIENTED_EDGE('',*,*,#2491,.T.);
#3385=ORIENTED_EDGE('',*,*,#2500,.F.);
#3386=ORIENTED_EDGE('',*,*,#2501,.F.);
#3387=ORIENTED_EDGE('',*,*,#2502,.F.);
#3388=ORIENTED_EDGE('',*,*,#2503,.T.);
#3389=ORIENTED_EDGE('',*,*,#2504,.F.);
#3390=ORIENTED_EDGE('',*,*,#2503,.F.);
#3391=ORIENTED_EDGE('',*,*,#2505,.F.);
#3392=ORIENTED_EDGE('',*,*,#2506,.T.);
#3393=ORIENTED_EDGE('',*,*,#2507,.F.);
#3394=ORIENTED_EDGE('',*,*,#2506,.F.);
#3395=ORIENTED_EDGE('',*,*,#2508,.F.);
#3396=ORIENTED_EDGE('',*,*,#2509,.T.);
#3397=ORIENTED_EDGE('',*,*,#2510,.F.);
#3398=ORIENTED_EDGE('',*,*,#2509,.F.);
#3399=ORIENTED_EDGE('',*,*,#2511,.F.);
#3400=ORIENTED_EDGE('',*,*,#2512,.T.);
#3401=ORIENTED_EDGE('',*,*,#2513,.F.);
#3402=ORIENTED_EDGE('',*,*,#2512,.F.);
#3403=ORIENTED_EDGE('',*,*,#2514,.F.);
#3404=ORIENTED_EDGE('',*,*,#2515,.T.);
#3405=ORIENTED_EDGE('',*,*,#2516,.F.);
#3406=ORIENTED_EDGE('',*,*,#2515,.F.);
#3407=ORIENTED_EDGE('',*,*,#2517,.F.);
#3408=ORIENTED_EDGE('',*,*,#2518,.T.);
#3409=ORIENTED_EDGE('',*,*,#2519,.F.);
#3410=ORIENTED_EDGE('',*,*,#2518,.F.);
#3411=ORIENTED_EDGE('',*,*,#2520,.F.);
#3412=ORIENTED_EDGE('',*,*,#2521,.T.);
#3413=ORIENTED_EDGE('',*,*,#2522,.F.);
#3414=ORIENTED_EDGE('',*,*,#2521,.F.);
#3415=ORIENTED_EDGE('',*,*,#2523,.F.);
#3416=ORIENTED_EDGE('',*,*,#2524,.T.);
#3417=ORIENTED_EDGE('',*,*,#2525,.F.);
#3418=ORIENTED_EDGE('',*,*,#2524,.F.);
#3419=ORIENTED_EDGE('',*,*,#2526,.F.);
#3420=ORIENTED_EDGE('',*,*,#2527,.T.);
#3421=ORIENTED_EDGE('',*,*,#2528,.F.);
#3422=ORIENTED_EDGE('',*,*,#2527,.F.);
#3423=ORIENTED_EDGE('',*,*,#2529,.F.);
#3424=ORIENTED_EDGE('',*,*,#2530,.T.);
#3425=ORIENTED_EDGE('',*,*,#2531,.F.);
#3426=ORIENTED_EDGE('',*,*,#2530,.F.);
#3427=ORIENTED_EDGE('',*,*,#2532,.F.);
#3428=ORIENTED_EDGE('',*,*,#2533,.T.);
#3429=ORIENTED_EDGE('',*,*,#2534,.F.);
#3430=ORIENTED_EDGE('',*,*,#2533,.F.);
#3431=ORIENTED_EDGE('',*,*,#2535,.F.);
#3432=ORIENTED_EDGE('',*,*,#2536,.T.);
#3433=ORIENTED_EDGE('',*,*,#2537,.F.);
#3434=ORIENTED_EDGE('',*,*,#2536,.F.);
#3435=ORIENTED_EDGE('',*,*,#2538,.F.);
#3436=ORIENTED_EDGE('',*,*,#2539,.T.);
#3437=ORIENTED_EDGE('',*,*,#2540,.F.);
#3438=ORIENTED_EDGE('',*,*,#2539,.F.);
#3439=ORIENTED_EDGE('',*,*,#2541,.F.);
#3440=ORIENTED_EDGE('',*,*,#2542,.T.);
#3441=ORIENTED_EDGE('',*,*,#2543,.F.);
#3442=ORIENTED_EDGE('',*,*,#2542,.F.);
#3443=ORIENTED_EDGE('',*,*,#2544,.F.);
#3444=ORIENTED_EDGE('',*,*,#2545,.T.);
#3445=ORIENTED_EDGE('',*,*,#2546,.F.);
#3446=ORIENTED_EDGE('',*,*,#2545,.F.);
#3447=ORIENTED_EDGE('',*,*,#2547,.F.);
#3448=ORIENTED_EDGE('',*,*,#2501,.T.);
#3449=ORIENTED_EDGE('',*,*,#2548,.T.);
#3450=ORIENTED_EDGE('',*,*,#2549,.T.);
#3451=ORIENTED_EDGE('',*,*,#2550,.T.);
#3452=ORIENTED_EDGE('',*,*,#2551,.T.);
#3453=ORIENTED_EDGE('',*,*,#2549,.F.);
#3454=ORIENTED_EDGE('',*,*,#2552,.T.);
#3455=ORIENTED_EDGE('',*,*,#2548,.F.);
#3456=ORIENTED_EDGE('',*,*,#2552,.F.);
#3457=ORIENTED_EDGE('',*,*,#2526,.T.);
#3458=ORIENTED_EDGE('',*,*,#2523,.T.);
#3459=ORIENTED_EDGE('',*,*,#2520,.T.);
#3460=ORIENTED_EDGE('',*,*,#2517,.T.);
#3461=ORIENTED_EDGE('',*,*,#2514,.T.);
#3462=ORIENTED_EDGE('',*,*,#2511,.T.);
#3463=ORIENTED_EDGE('',*,*,#2508,.T.);
#3464=ORIENTED_EDGE('',*,*,#2505,.T.);
#3465=ORIENTED_EDGE('',*,*,#2502,.T.);
#3466=ORIENTED_EDGE('',*,*,#2547,.T.);
#3467=ORIENTED_EDGE('',*,*,#2544,.T.);
#3468=ORIENTED_EDGE('',*,*,#2541,.T.);
#3469=ORIENTED_EDGE('',*,*,#2538,.T.);
#3470=ORIENTED_EDGE('',*,*,#2535,.T.);
#3471=ORIENTED_EDGE('',*,*,#2532,.T.);
#3472=ORIENTED_EDGE('',*,*,#2529,.T.);
#3473=ORIENTED_EDGE('',*,*,#2551,.F.);
#3474=ORIENTED_EDGE('',*,*,#2553,.T.);
#3475=ORIENTED_EDGE('',*,*,#2554,.F.);
#3476=ORIENTED_EDGE('',*,*,#2553,.F.);
#3477=ORIENTED_EDGE('',*,*,#2550,.F.);
#3478=ORIENTED_EDGE('',*,*,#2500,.T.);
#3479=ORIENTED_EDGE('',*,*,#2504,.T.);
#3480=ORIENTED_EDGE('',*,*,#2507,.T.);
#3481=ORIENTED_EDGE('',*,*,#2510,.T.);
#3482=ORIENTED_EDGE('',*,*,#2513,.T.);
#3483=ORIENTED_EDGE('',*,*,#2516,.T.);
#3484=ORIENTED_EDGE('',*,*,#2519,.T.);
#3485=ORIENTED_EDGE('',*,*,#2522,.T.);
#3486=ORIENTED_EDGE('',*,*,#2525,.T.);
#3487=ORIENTED_EDGE('',*,*,#2528,.T.);
#3488=ORIENTED_EDGE('',*,*,#2531,.T.);
#3489=ORIENTED_EDGE('',*,*,#2534,.T.);
#3490=ORIENTED_EDGE('',*,*,#2537,.T.);
#3491=ORIENTED_EDGE('',*,*,#2540,.T.);
#3492=ORIENTED_EDGE('',*,*,#2543,.T.);
#3493=ORIENTED_EDGE('',*,*,#2546,.T.);
#3494=ORIENTED_EDGE('',*,*,#2555,.F.);
#3495=ORIENTED_EDGE('',*,*,#2556,.F.);
#3496=ORIENTED_EDGE('',*,*,#2557,.T.);
#3497=ORIENTED_EDGE('',*,*,#2558,.F.);
#3498=ORIENTED_EDGE('',*,*,#2559,.F.);
#3499=ORIENTED_EDGE('',*,*,#2557,.F.);
#3500=ORIENTED_EDGE('',*,*,#2555,.T.);
#3501=ORIENTED_EDGE('',*,*,#2556,.T.);
#3502=ORIENTED_EDGE('',*,*,#2560,.F.);
#3503=ORIENTED_EDGE('',*,*,#2561,.F.);
#3504=ORIENTED_EDGE('',*,*,#2562,.F.);
#3505=ORIENTED_EDGE('',*,*,#2563,.F.);
#3506=ORIENTED_EDGE('',*,*,#2564,.T.);
#3507=ORIENTED_EDGE('',*,*,#2561,.T.);
#3508=ORIENTED_EDGE('',*,*,#2560,.T.);
#3509=ORIENTED_EDGE('',*,*,#2564,.F.);
#3510=ORIENTED_EDGE('',*,*,#2565,.F.);
#3511=ORIENTED_EDGE('',*,*,#2566,.F.);
#3512=ORIENTED_EDGE('',*,*,#2562,.T.);
#3513=ORIENTED_EDGE('',*,*,#2563,.T.);
#3514=ORIENTED_EDGE('',*,*,#2567,.F.);
#3515=ORIENTED_EDGE('',*,*,#2568,.F.);
#3516=ORIENTED_EDGE('',*,*,#2569,.T.);
#3517=ORIENTED_EDGE('',*,*,#2566,.T.);
#3518=ORIENTED_EDGE('',*,*,#2565,.T.);
#3519=ORIENTED_EDGE('',*,*,#2569,.F.);
#3520=ORIENTED_EDGE('',*,*,#2567,.T.);
#3521=ORIENTED_EDGE('',*,*,#2568,.T.);
#3522=ORIENTED_EDGE('',*,*,#2570,.F.);
#3523=ORIENTED_EDGE('',*,*,#2571,.F.);
#3524=ORIENTED_EDGE('',*,*,#2572,.F.);
#3525=ORIENTED_EDGE('',*,*,#2573,.F.);
#3526=ORIENTED_EDGE('',*,*,#2574,.T.);
#3527=ORIENTED_EDGE('',*,*,#2571,.T.);
#3528=ORIENTED_EDGE('',*,*,#2570,.T.);
#3529=ORIENTED_EDGE('',*,*,#2574,.F.);
#3530=ORIENTED_EDGE('',*,*,#2575,.F.);
#3531=ORIENTED_EDGE('',*,*,#2576,.F.);
#3532=ORIENTED_EDGE('',*,*,#2572,.T.);
#3533=ORIENTED_EDGE('',*,*,#2573,.T.);
#3534=ORIENTED_EDGE('',*,*,#2577,.F.);
#3535=ORIENTED_EDGE('',*,*,#2578,.F.);
#3536=ORIENTED_EDGE('',*,*,#2579,.T.);
#3537=ORIENTED_EDGE('',*,*,#2576,.T.);
#3538=ORIENTED_EDGE('',*,*,#2575,.T.);
#3539=ORIENTED_EDGE('',*,*,#2579,.F.);
#3540=ORIENTED_EDGE('',*,*,#2577,.T.);
#3541=ORIENTED_EDGE('',*,*,#2578,.T.);
#3542=ORIENTED_EDGE('',*,*,#2580,.T.);
#3543=ORIENTED_EDGE('',*,*,#2581,.T.);
#3544=ORIENTED_EDGE('',*,*,#2582,.F.);
#3545=ORIENTED_EDGE('',*,*,#2583,.F.);
#3546=ORIENTED_EDGE('',*,*,#2584,.F.);
#3547=ORIENTED_EDGE('',*,*,#2585,.F.);
#3548=ORIENTED_EDGE('',*,*,#2586,.T.);
#3549=ORIENTED_EDGE('',*,*,#2583,.T.);
#3550=ORIENTED_EDGE('',*,*,#2582,.T.);
#3551=ORIENTED_EDGE('',*,*,#2586,.F.);
#3552=ORIENTED_EDGE('',*,*,#2587,.F.);
#3553=ORIENTED_EDGE('',*,*,#2588,.F.);
#3554=ORIENTED_EDGE('',*,*,#2584,.T.);
#3555=ORIENTED_EDGE('',*,*,#2585,.T.);
#3556=ORIENTED_EDGE('',*,*,#2589,.F.);
#3557=ORIENTED_EDGE('',*,*,#2590,.F.);
#3558=ORIENTED_EDGE('',*,*,#2591,.T.);
#3559=ORIENTED_EDGE('',*,*,#2588,.T.);
#3560=ORIENTED_EDGE('',*,*,#2587,.T.);
#3561=ORIENTED_EDGE('',*,*,#2591,.F.);
#3562=ORIENTED_EDGE('',*,*,#2589,.T.);
#3563=ORIENTED_EDGE('',*,*,#2590,.T.);
#3564=ORIENTED_EDGE('',*,*,#2580,.F.);
#3565=ORIENTED_EDGE('',*,*,#2581,.F.);
#3566=ORIENTED_EDGE('',*,*,#2592,.T.);
#3567=ORIENTED_EDGE('',*,*,#2593,.F.);
#3568=ORIENTED_EDGE('',*,*,#2594,.F.);
#3569=ORIENTED_EDGE('',*,*,#2592,.F.);
#3570=ORIENTED_EDGE('',*,*,#2595,.F.);
#3571=ORIENTED_EDGE('',*,*,#2596,.F.);
#3572=ORIENTED_EDGE('',*,*,#2597,.T.);
#3573=ORIENTED_EDGE('',*,*,#2598,.T.);
#3574=ORIENTED_EDGE('',*,*,#2599,.T.);
#3575=ORIENTED_EDGE('',*,*,#2597,.F.);
#3576=ORIENTED_EDGE('',*,*,#2599,.F.);
#3577=ORIENTED_EDGE('',*,*,#2598,.F.);
#3578=ORIENTED_EDGE('',*,*,#2600,.F.);
#3579=ORIENTED_EDGE('',*,*,#2601,.T.);
#3580=ORIENTED_EDGE('',*,*,#2602,.F.);
#3581=ORIENTED_EDGE('',*,*,#2601,.F.);
#3582=ORIENTED_EDGE('',*,*,#2600,.T.);
#3583=ORIENTED_EDGE('',*,*,#2595,.T.);
#3584=ORIENTED_EDGE('',*,*,#2596,.T.);
#3585=ORIENTED_EDGE('',*,*,#2603,.F.);
#3586=ORIENTED_EDGE('',*,*,#2604,.F.);
#3587=ORIENTED_EDGE('',*,*,#2605,.T.);
#3588=ORIENTED_EDGE('',*,*,#2606,.T.);
#3589=ORIENTED_EDGE('',*,*,#2607,.T.);
#3590=ORIENTED_EDGE('',*,*,#2605,.F.);
#3591=ORIENTED_EDGE('',*,*,#2607,.F.);
#3592=ORIENTED_EDGE('',*,*,#2606,.F.);
#3593=ORIENTED_EDGE('',*,*,#2602,.T.);
#3594=ORIENTED_EDGE('',*,*,#2608,.F.);
#3595=ORIENTED_EDGE('',*,*,#2609,.F.);
#3596=ORIENTED_EDGE('',*,*,#2610,.T.);
#3597=ORIENTED_EDGE('',*,*,#2611,.T.);
#3598=ORIENTED_EDGE('',*,*,#2612,.T.);
#3599=ORIENTED_EDGE('',*,*,#2610,.F.);
#3600=ORIENTED_EDGE('',*,*,#2612,.F.);
#3601=ORIENTED_EDGE('',*,*,#2611,.F.);
#3602=ORIENTED_EDGE('',*,*,#2603,.T.);
#3603=ORIENTED_EDGE('',*,*,#2604,.T.);
#3604=ORIENTED_EDGE('',*,*,#2613,.T.);
#3605=ORIENTED_EDGE('',*,*,#2614,.T.);
#3606=ORIENTED_EDGE('',*,*,#2608,.T.);
#3607=ORIENTED_EDGE('',*,*,#2609,.T.);
#3608=ORIENTED_EDGE('',*,*,#2613,.F.);
#3609=ORIENTED_EDGE('',*,*,#2614,.F.);
#3610=ORIENTED_EDGE('',*,*,#2615,.T.);
#3611=ORIENTED_EDGE('',*,*,#2616,.F.);
#3612=ORIENTED_EDGE('',*,*,#2617,.F.);
#3613=ORIENTED_EDGE('',*,*,#2615,.F.);
#3614=ORIENTED_EDGE('',*,*,#2618,.T.);
#3615=ORIENTED_EDGE('',*,*,#2619,.T.);
#3616=ORIENTED_EDGE('',*,*,#2620,.T.);
#3617=ORIENTED_EDGE('',*,*,#2621,.T.);
#3618=ORIENTED_EDGE('',*,*,#2622,.T.);
#3619=ORIENTED_EDGE('',*,*,#2623,.T.);
#3620=ORIENTED_EDGE('',*,*,#2624,.T.);
#3621=ORIENTED_EDGE('',*,*,#2625,.T.);
#3622=ORIENTED_EDGE('',*,*,#2616,.T.);
#3623=ORIENTED_EDGE('',*,*,#2626,.T.);
#3624=ORIENTED_EDGE('',*,*,#2627,.F.);
#3625=ORIENTED_EDGE('',*,*,#2628,.F.);
#3626=ORIENTED_EDGE('',*,*,#2626,.F.);
#3627=ORIENTED_EDGE('',*,*,#2617,.T.);
#3628=ORIENTED_EDGE('',*,*,#2619,.F.);
#3629=ORIENTED_EDGE('',*,*,#2629,.T.);
#3630=ORIENTED_EDGE('',*,*,#2630,.F.);
#3631=ORIENTED_EDGE('',*,*,#2631,.F.);
#3632=ORIENTED_EDGE('',*,*,#2632,.F.);
#3633=ORIENTED_EDGE('',*,*,#2629,.F.);
#3634=ORIENTED_EDGE('',*,*,#2618,.F.);
#3635=ORIENTED_EDGE('',*,*,#2632,.T.);
#3636=ORIENTED_EDGE('',*,*,#2633,.F.);
#3637=ORIENTED_EDGE('',*,*,#2634,.F.);
#3638=ORIENTED_EDGE('',*,*,#2621,.F.);
#3639=ORIENTED_EDGE('',*,*,#2635,.T.);
#3640=ORIENTED_EDGE('',*,*,#2636,.F.);
#3641=ORIENTED_EDGE('',*,*,#2637,.F.);
#3642=ORIENTED_EDGE('',*,*,#2638,.F.);
#3643=ORIENTED_EDGE('',*,*,#2635,.F.);
#3644=ORIENTED_EDGE('',*,*,#2620,.F.);
#3645=ORIENTED_EDGE('',*,*,#2638,.T.);
#3646=ORIENTED_EDGE('',*,*,#2639,.F.);
#3647=ORIENTED_EDGE('',*,*,#2640,.F.);
#3648=ORIENTED_EDGE('',*,*,#2623,.F.);
#3649=ORIENTED_EDGE('',*,*,#2641,.T.);
#3650=ORIENTED_EDGE('',*,*,#2642,.F.);
#3651=ORIENTED_EDGE('',*,*,#2643,.F.);
#3652=ORIENTED_EDGE('',*,*,#2644,.F.);
#3653=ORIENTED_EDGE('',*,*,#2641,.F.);
#3654=ORIENTED_EDGE('',*,*,#2622,.F.);
#3655=ORIENTED_EDGE('',*,*,#2644,.T.);
#3656=ORIENTED_EDGE('',*,*,#2645,.F.);
#3657=ORIENTED_EDGE('',*,*,#2646,.F.);
#3658=ORIENTED_EDGE('',*,*,#2625,.F.);
#3659=ORIENTED_EDGE('',*,*,#2647,.T.);
#3660=ORIENTED_EDGE('',*,*,#2648,.F.);
#3661=ORIENTED_EDGE('',*,*,#2649,.F.);
#3662=ORIENTED_EDGE('',*,*,#2650,.F.);
#3663=ORIENTED_EDGE('',*,*,#2647,.F.);
#3664=ORIENTED_EDGE('',*,*,#2624,.F.);
#3665=ORIENTED_EDGE('',*,*,#2650,.T.);
#3666=ORIENTED_EDGE('',*,*,#2651,.F.);
#3667=ORIENTED_EDGE('',*,*,#2652,.F.);
#3668=ORIENTED_EDGE('',*,*,#2283,.T.);
#3669=ORIENTED_EDGE('',*,*,#2653,.T.);
#3670=ORIENTED_EDGE('',*,*,#2654,.T.);
#3671=ORIENTED_EDGE('',*,*,#2655,.F.);
#3672=ORIENTED_EDGE('',*,*,#2656,.F.);
#3673=ORIENTED_EDGE('',*,*,#2657,.T.);
#3674=ORIENTED_EDGE('',*,*,#2275,.F.);
#3675=ORIENTED_EDGE('',*,*,#2272,.F.);
#3676=ORIENTED_EDGE('',*,*,#2658,.T.);
#3677=ORIENTED_EDGE('',*,*,#2255,.T.);
#3678=ORIENTED_EDGE('',*,*,#2252,.T.);
#3679=ORIENTED_EDGE('',*,*,#2659,.T.);
#3680=ORIENTED_EDGE('',*,*,#2656,.T.);
#3681=ORIENTED_EDGE('',*,*,#2660,.T.);
#3682=ORIENTED_EDGE('',*,*,#2627,.T.);
#3683=ORIENTED_EDGE('',*,*,#2628,.T.);
#3684=ORIENTED_EDGE('',*,*,#2661,.T.);
#3685=ORIENTED_EDGE('',*,*,#2662,.T.);
#3686=ORIENTED_EDGE('',*,*,#2630,.T.);
#3687=ORIENTED_EDGE('',*,*,#2634,.T.);
#3688=ORIENTED_EDGE('',*,*,#2663,.F.);
#3689=ORIENTED_EDGE('',*,*,#2664,.T.);
#3690=ORIENTED_EDGE('',*,*,#2662,.F.);
#3691=ORIENTED_EDGE('',*,*,#2665,.T.);
#3692=ORIENTED_EDGE('',*,*,#2666,.T.);
#3693=ORIENTED_EDGE('',*,*,#2663,.T.);
#3694=ORIENTED_EDGE('',*,*,#2633,.T.);
#3695=ORIENTED_EDGE('',*,*,#2631,.T.);
#3696=ORIENTED_EDGE('',*,*,#2667,.T.);
#3697=ORIENTED_EDGE('',*,*,#2668,.T.);
#3698=ORIENTED_EDGE('',*,*,#2636,.T.);
#3699=ORIENTED_EDGE('',*,*,#2640,.T.);
#3700=ORIENTED_EDGE('',*,*,#2669,.F.);
#3701=ORIENTED_EDGE('',*,*,#2670,.T.);
#3702=ORIENTED_EDGE('',*,*,#2668,.F.);
#3703=ORIENTED_EDGE('',*,*,#2671,.T.);
#3704=ORIENTED_EDGE('',*,*,#2672,.T.);
#3705=ORIENTED_EDGE('',*,*,#2669,.T.);
#3706=ORIENTED_EDGE('',*,*,#2639,.T.);
#3707=ORIENTED_EDGE('',*,*,#2637,.T.);
#3708=ORIENTED_EDGE('',*,*,#2673,.T.);
#3709=ORIENTED_EDGE('',*,*,#2674,.T.);
#3710=ORIENTED_EDGE('',*,*,#2642,.T.);
#3711=ORIENTED_EDGE('',*,*,#2646,.T.);
#3712=ORIENTED_EDGE('',*,*,#2675,.F.);
#3713=ORIENTED_EDGE('',*,*,#2676,.T.);
#3714=ORIENTED_EDGE('',*,*,#2674,.F.);
#3715=ORIENTED_EDGE('',*,*,#2677,.T.);
#3716=ORIENTED_EDGE('',*,*,#2678,.T.);
#3717=ORIENTED_EDGE('',*,*,#2675,.T.);
#3718=ORIENTED_EDGE('',*,*,#2645,.T.);
#3719=ORIENTED_EDGE('',*,*,#2643,.T.);
#3720=ORIENTED_EDGE('',*,*,#2679,.T.);
#3721=ORIENTED_EDGE('',*,*,#2680,.T.);
#3722=ORIENTED_EDGE('',*,*,#2648,.T.);
#3723=ORIENTED_EDGE('',*,*,#2652,.T.);
#3724=ORIENTED_EDGE('',*,*,#2681,.F.);
#3725=ORIENTED_EDGE('',*,*,#2682,.T.);
#3726=ORIENTED_EDGE('',*,*,#2680,.F.);
#3727=ORIENTED_EDGE('',*,*,#2683,.T.);
#3728=ORIENTED_EDGE('',*,*,#2684,.T.);
#3729=ORIENTED_EDGE('',*,*,#2681,.T.);
#3730=ORIENTED_EDGE('',*,*,#2651,.T.);
#3731=ORIENTED_EDGE('',*,*,#2649,.T.);
#3732=ORIENTED_EDGE('',*,*,#2251,.T.);
#3733=ORIENTED_EDGE('',*,*,#2254,.T.);
#3734=ORIENTED_EDGE('',*,*,#2258,.T.);
#3735=ORIENTED_EDGE('',*,*,#2261,.T.);
#3736=ORIENTED_EDGE('',*,*,#2264,.T.);
#3737=ORIENTED_EDGE('',*,*,#2268,.T.);
#3738=ORIENTED_EDGE('',*,*,#2685,.T.);
#3739=ORIENTED_EDGE('',*,*,#2686,.F.);
#3740=ORIENTED_EDGE('',*,*,#2653,.F.);
#3741=ORIENTED_EDGE('',*,*,#2285,.F.);
#3742=ORIENTED_EDGE('',*,*,#2282,.F.);
#3743=ORIENTED_EDGE('',*,*,#2279,.F.);
#3744=ORIENTED_EDGE('',*,*,#2276,.F.);
#3745=ORIENTED_EDGE('',*,*,#2657,.F.);
#3746=ORIENTED_EDGE('',*,*,#2659,.F.);
#3747=ORIENTED_EDGE('',*,*,#2686,.T.);
#3748=ORIENTED_EDGE('',*,*,#2687,.F.);
#3749=ORIENTED_EDGE('',*,*,#2688,.T.);
#3750=ORIENTED_EDGE('',*,*,#2654,.F.);
#3751=ORIENTED_EDGE('',*,*,#2256,.F.);
#3752=ORIENTED_EDGE('',*,*,#2660,.F.);
#3753=ORIENTED_EDGE('',*,*,#2658,.F.);
#3754=ORIENTED_EDGE('',*,*,#2271,.T.);
#3755=ORIENTED_EDGE('',*,*,#2274,.T.);
#3756=ORIENTED_EDGE('',*,*,#2278,.T.);
#3757=ORIENTED_EDGE('',*,*,#2281,.T.);
#3758=ORIENTED_EDGE('',*,*,#2284,.T.);
#3759=ORIENTED_EDGE('',*,*,#2655,.T.);
#3760=ORIENTED_EDGE('',*,*,#2688,.F.);
#3761=ORIENTED_EDGE('',*,*,#2689,.T.);
#3762=ORIENTED_EDGE('',*,*,#2690,.F.);
#3763=ORIENTED_EDGE('',*,*,#2269,.F.);
#3764=ORIENTED_EDGE('',*,*,#2265,.F.);
#3765=ORIENTED_EDGE('',*,*,#2262,.F.);
#3766=ORIENTED_EDGE('',*,*,#2259,.F.);
#3767=ORIENTED_EDGE('',*,*,#2266,.T.);
#3768=ORIENTED_EDGE('',*,*,#2690,.T.);
#3769=ORIENTED_EDGE('',*,*,#2691,.T.);
#3770=ORIENTED_EDGE('',*,*,#2692,.F.);
#3771=ORIENTED_EDGE('',*,*,#2665,.F.);
#3772=ORIENTED_EDGE('',*,*,#2661,.F.);
#3773=ORIENTED_EDGE('',*,*,#2693,.T.);
#3774=ORIENTED_EDGE('',*,*,#2694,.F.);
#3775=ORIENTED_EDGE('',*,*,#2666,.F.);
#3776=ORIENTED_EDGE('',*,*,#2692,.T.);
#3777=ORIENTED_EDGE('',*,*,#2695,.F.);
#3778=ORIENTED_EDGE('',*,*,#2693,.F.);
#3779=ORIENTED_EDGE('',*,*,#2664,.F.);
#3780=ORIENTED_EDGE('',*,*,#2696,.F.);
#3781=ORIENTED_EDGE('',*,*,#2671,.F.);
#3782=ORIENTED_EDGE('',*,*,#2667,.F.);
#3783=ORIENTED_EDGE('',*,*,#2697,.T.);
#3784=ORIENTED_EDGE('',*,*,#2698,.F.);
#3785=ORIENTED_EDGE('',*,*,#2672,.F.);
#3786=ORIENTED_EDGE('',*,*,#2696,.T.);
#3787=ORIENTED_EDGE('',*,*,#2699,.F.);
#3788=ORIENTED_EDGE('',*,*,#2697,.F.);
#3789=ORIENTED_EDGE('',*,*,#2670,.F.);
#3790=ORIENTED_EDGE('',*,*,#2700,.F.);
#3791=ORIENTED_EDGE('',*,*,#2677,.F.);
#3792=ORIENTED_EDGE('',*,*,#2673,.F.);
#3793=ORIENTED_EDGE('',*,*,#2701,.T.);
#3794=ORIENTED_EDGE('',*,*,#2702,.F.);
#3795=ORIENTED_EDGE('',*,*,#2678,.F.);
#3796=ORIENTED_EDGE('',*,*,#2700,.T.);
#3797=ORIENTED_EDGE('',*,*,#2703,.F.);
#3798=ORIENTED_EDGE('',*,*,#2701,.F.);
#3799=ORIENTED_EDGE('',*,*,#2676,.F.);
#3800=ORIENTED_EDGE('',*,*,#2704,.F.);
#3801=ORIENTED_EDGE('',*,*,#2683,.F.);
#3802=ORIENTED_EDGE('',*,*,#2679,.F.);
#3803=ORIENTED_EDGE('',*,*,#2705,.T.);
#3804=ORIENTED_EDGE('',*,*,#2706,.F.);
#3805=ORIENTED_EDGE('',*,*,#2684,.F.);
#3806=ORIENTED_EDGE('',*,*,#2704,.T.);
#3807=ORIENTED_EDGE('',*,*,#2707,.F.);
#3808=ORIENTED_EDGE('',*,*,#2705,.F.);
#3809=ORIENTED_EDGE('',*,*,#2682,.F.);
#3810=ORIENTED_EDGE('',*,*,#2691,.F.);
#3811=ORIENTED_EDGE('',*,*,#2689,.F.);
#3812=ORIENTED_EDGE('',*,*,#2687,.T.);
#3813=ORIENTED_EDGE('',*,*,#2685,.F.);
#3814=ORIENTED_EDGE('',*,*,#2267,.F.);
#3815=ORIENTED_EDGE('',*,*,#2708,.F.);
#3816=ORIENTED_EDGE('',*,*,#2709,.F.);
#3817=ORIENTED_EDGE('',*,*,#2710,.F.);
#3818=ORIENTED_EDGE('',*,*,#2711,.F.);
#3819=ORIENTED_EDGE('',*,*,#2712,.T.);
#3820=ORIENTED_EDGE('',*,*,#2709,.T.);
#3821=ORIENTED_EDGE('',*,*,#2708,.T.);
#3822=ORIENTED_EDGE('',*,*,#2712,.F.);
#3823=ORIENTED_EDGE('',*,*,#2707,.T.);
#3824=ORIENTED_EDGE('',*,*,#2706,.T.);
#3825=ORIENTED_EDGE('',*,*,#2703,.T.);
#3826=ORIENTED_EDGE('',*,*,#2702,.T.);
#3827=ORIENTED_EDGE('',*,*,#2699,.T.);
#3828=ORIENTED_EDGE('',*,*,#2698,.T.);
#3829=ORIENTED_EDGE('',*,*,#2695,.T.);
#3830=ORIENTED_EDGE('',*,*,#2694,.T.);
#3831=ORIENTED_EDGE('',*,*,#2305,.T.);
#3832=ORIENTED_EDGE('',*,*,#2713,.F.);
#3833=ORIENTED_EDGE('',*,*,#2714,.T.);
#3834=ORIENTED_EDGE('',*,*,#2715,.T.);
#3835=ORIENTED_EDGE('',*,*,#2716,.F.);
#3836=ORIENTED_EDGE('',*,*,#2717,.F.);
#3837=ORIENTED_EDGE('',*,*,#2301,.T.);
#3838=ORIENTED_EDGE('',*,*,#2306,.T.);
#3839=ORIENTED_EDGE('',*,*,#2718,.F.);
#3840=ORIENTED_EDGE('',*,*,#2719,.F.);
#3841=ORIENTED_EDGE('',*,*,#2716,.T.);
#3842=ORIENTED_EDGE('',*,*,#2720,.T.);
#3843=ORIENTED_EDGE('',*,*,#2721,.T.);
#3844=ORIENTED_EDGE('',*,*,#2722,.T.);
#3845=ORIENTED_EDGE('',*,*,#2439,.T.);
#3846=ORIENTED_EDGE('',*,*,#2723,.T.);
#3847=ORIENTED_EDGE('',*,*,#2724,.T.);
#3848=ORIENTED_EDGE('',*,*,#2725,.F.);
#3849=ORIENTED_EDGE('',*,*,#2726,.F.);
#3850=ORIENTED_EDGE('',*,*,#2727,.F.);
#3851=ORIENTED_EDGE('',*,*,#2714,.F.);
#3852=ORIENTED_EDGE('',*,*,#2728,.F.);
#3853=ORIENTED_EDGE('',*,*,#2441,.F.);
#3854=ORIENTED_EDGE('',*,*,#2729,.F.);
#3855=ORIENTED_EDGE('',*,*,#2730,.F.);
#3856=ORIENTED_EDGE('',*,*,#2731,.F.);
#3857=ORIENTED_EDGE('',*,*,#2732,.F.);
#3858=ORIENTED_EDGE('',*,*,#2733,.F.);
#3859=ORIENTED_EDGE('',*,*,#2734,.T.);
#3860=ORIENTED_EDGE('',*,*,#2735,.F.);
#3861=ORIENTED_EDGE('',*,*,#2728,.T.);
#3862=ORIENTED_EDGE('',*,*,#2713,.T.);
#3863=ORIENTED_EDGE('',*,*,#2304,.F.);
#3864=ORIENTED_EDGE('',*,*,#2292,.F.);
#3865=ORIENTED_EDGE('',*,*,#2296,.F.);
#3866=ORIENTED_EDGE('',*,*,#2299,.F.);
#3867=ORIENTED_EDGE('',*,*,#2302,.F.);
#3868=ORIENTED_EDGE('',*,*,#2717,.T.);
#3869=ORIENTED_EDGE('',*,*,#2723,.F.);
#3870=ORIENTED_EDGE('',*,*,#2438,.F.);
#3871=ORIENTED_EDGE('',*,*,#2432,.T.);
#3872=ORIENTED_EDGE('',*,*,#2429,.T.);
#3873=ORIENTED_EDGE('',*,*,#2426,.T.);
#3874=ORIENTED_EDGE('',*,*,#2423,.T.);
#3875=ORIENTED_EDGE('',*,*,#2436,.T.);
#3876=ORIENTED_EDGE('',*,*,#2442,.F.);
#3877=ORIENTED_EDGE('',*,*,#2288,.F.);
#3878=ORIENTED_EDGE('',*,*,#2420,.T.);
#3879=ORIENTED_EDGE('',*,*,#2729,.T.);
#3880=ORIENTED_EDGE('',*,*,#2440,.T.);
#3881=ORIENTED_EDGE('',*,*,#2722,.F.);
#3882=ORIENTED_EDGE('',*,*,#2736,.F.);
#3883=ORIENTED_EDGE('',*,*,#2730,.T.);
#3884=ORIENTED_EDGE('',*,*,#2736,.T.);
#3885=ORIENTED_EDGE('',*,*,#2721,.F.);
#3886=ORIENTED_EDGE('',*,*,#2737,.F.);
#3887=ORIENTED_EDGE('',*,*,#2731,.T.);
#3888=ORIENTED_EDGE('',*,*,#2737,.T.);
#3889=ORIENTED_EDGE('',*,*,#2720,.F.);
#3890=ORIENTED_EDGE('',*,*,#2715,.F.);
#3891=ORIENTED_EDGE('',*,*,#2738,.F.);
#3892=ORIENTED_EDGE('',*,*,#2739,.T.);
#3893=ORIENTED_EDGE('',*,*,#2740,.F.);
#3894=ORIENTED_EDGE('',*,*,#2741,.F.);
#3895=ORIENTED_EDGE('',*,*,#2558,.T.);
#3896=ORIENTED_EDGE('',*,*,#2559,.T.);
#3897=ORIENTED_EDGE('',*,*,#2593,.T.);
#3898=ORIENTED_EDGE('',*,*,#2594,.T.);
#3899=ORIENTED_EDGE('',*,*,#2710,.T.);
#3900=ORIENTED_EDGE('',*,*,#2711,.T.);
#3901=ORIENTED_EDGE('',*,*,#2742,.F.);
#3902=ORIENTED_EDGE('',*,*,#2741,.T.);
#3903=ORIENTED_EDGE('',*,*,#2743,.F.);
#3904=ORIENTED_EDGE('',*,*,#2734,.F.);
#3905=ORIENTED_EDGE('',*,*,#2744,.F.);
#3906=ORIENTED_EDGE('',*,*,#2732,.T.);
#3907=ORIENTED_EDGE('',*,*,#2745,.F.);
#3908=ORIENTED_EDGE('',*,*,#2739,.F.);
#3909=ORIENTED_EDGE('',*,*,#2744,.T.);
#3910=ORIENTED_EDGE('',*,*,#2738,.T.);
#3911=ORIENTED_EDGE('',*,*,#2742,.T.);
#3912=ORIENTED_EDGE('',*,*,#2733,.T.);
#3913=ORIENTED_EDGE('',*,*,#2745,.T.);
#3914=ORIENTED_EDGE('',*,*,#2735,.T.);
#3915=ORIENTED_EDGE('',*,*,#2743,.T.);
#3916=ORIENTED_EDGE('',*,*,#2740,.T.);
#3917=ORIENTED_EDGE('',*,*,#2746,.F.);
#3918=ORIENTED_EDGE('',*,*,#2747,.T.);
#3919=ORIENTED_EDGE('',*,*,#2748,.F.);
#3920=ORIENTED_EDGE('',*,*,#2749,.F.);
#3921=ORIENTED_EDGE('',*,*,#2750,.F.);
#3922=ORIENTED_EDGE('',*,*,#2751,.F.);
#3923=ORIENTED_EDGE('',*,*,#2752,.F.);
#3924=ORIENTED_EDGE('',*,*,#2726,.T.);
#3925=ORIENTED_EDGE('',*,*,#2753,.F.);
#3926=ORIENTED_EDGE('',*,*,#2747,.F.);
#3927=ORIENTED_EDGE('',*,*,#2754,.F.);
#3928=ORIENTED_EDGE('',*,*,#2749,.T.);
#3929=ORIENTED_EDGE('',*,*,#2755,.F.);
#3930=ORIENTED_EDGE('',*,*,#2724,.F.);
#3931=ORIENTED_EDGE('',*,*,#2754,.T.);
#3932=ORIENTED_EDGE('',*,*,#2727,.T.);
#3933=ORIENTED_EDGE('',*,*,#2752,.T.);
#3934=ORIENTED_EDGE('',*,*,#2746,.T.);
#3935=ORIENTED_EDGE('',*,*,#2755,.T.);
#3936=ORIENTED_EDGE('',*,*,#2748,.T.);
#3937=ORIENTED_EDGE('',*,*,#2753,.T.);
#3938=ORIENTED_EDGE('',*,*,#2725,.T.);
#3939=ORIENTED_EDGE('',*,*,#2756,.F.);
#3940=ORIENTED_EDGE('',*,*,#2757,.F.);
#3941=ORIENTED_EDGE('',*,*,#2758,.T.);
#3942=ORIENTED_EDGE('',*,*,#2759,.T.);
#3943=ORIENTED_EDGE('',*,*,#2760,.T.);
#3944=ORIENTED_EDGE('',*,*,#2758,.F.);
#3945=ORIENTED_EDGE('',*,*,#2760,.F.);
#3946=ORIENTED_EDGE('',*,*,#2759,.F.);
#3947=ORIENTED_EDGE('',*,*,#2761,.F.);
#3948=ORIENTED_EDGE('',*,*,#2762,.T.);
#3949=ORIENTED_EDGE('',*,*,#2763,.F.);
#3950=ORIENTED_EDGE('',*,*,#2762,.F.);
#3951=ORIENTED_EDGE('',*,*,#2761,.T.);
#3952=ORIENTED_EDGE('',*,*,#2756,.T.);
#3953=ORIENTED_EDGE('',*,*,#2757,.T.);
#3954=ORIENTED_EDGE('',*,*,#2764,.F.);
#3955=ORIENTED_EDGE('',*,*,#2765,.F.);
#3956=ORIENTED_EDGE('',*,*,#2766,.T.);
#3957=ORIENTED_EDGE('',*,*,#2767,.T.);
#3958=ORIENTED_EDGE('',*,*,#2768,.T.);
#3959=ORIENTED_EDGE('',*,*,#2766,.F.);
#3960=ORIENTED_EDGE('',*,*,#2768,.F.);
#3961=ORIENTED_EDGE('',*,*,#2767,.F.);
#3962=ORIENTED_EDGE('',*,*,#2763,.T.);
#3963=ORIENTED_EDGE('',*,*,#2769,.F.);
#3964=ORIENTED_EDGE('',*,*,#2770,.F.);
#3965=ORIENTED_EDGE('',*,*,#2771,.T.);
#3966=ORIENTED_EDGE('',*,*,#2772,.T.);
#3967=ORIENTED_EDGE('',*,*,#2773,.T.);
#3968=ORIENTED_EDGE('',*,*,#2771,.F.);
#3969=ORIENTED_EDGE('',*,*,#2773,.F.);
#3970=ORIENTED_EDGE('',*,*,#2772,.F.);
#3971=ORIENTED_EDGE('',*,*,#2764,.T.);
#3972=ORIENTED_EDGE('',*,*,#2765,.T.);
#3973=ORIENTED_EDGE('',*,*,#2774,.T.);
#3974=ORIENTED_EDGE('',*,*,#2775,.T.);
#3975=ORIENTED_EDGE('',*,*,#2769,.T.);
#3976=ORIENTED_EDGE('',*,*,#2770,.T.);
#3977=ORIENTED_EDGE('',*,*,#2774,.F.);
#3978=ORIENTED_EDGE('',*,*,#2775,.F.);
#3979=ORIENTED_EDGE('',*,*,#2776,.T.);
#3980=ORIENTED_EDGE('',*,*,#2777,.F.);
#3981=ORIENTED_EDGE('',*,*,#2778,.F.);
#3982=ORIENTED_EDGE('',*,*,#2776,.F.);
#3983=ORIENTED_EDGE('',*,*,#2779,.T.);
#3984=ORIENTED_EDGE('',*,*,#2780,.T.);
#3985=ORIENTED_EDGE('',*,*,#2781,.T.);
#3986=ORIENTED_EDGE('',*,*,#2782,.T.);
#3987=ORIENTED_EDGE('',*,*,#2783,.T.);
#3988=ORIENTED_EDGE('',*,*,#2784,.T.);
#3989=ORIENTED_EDGE('',*,*,#2785,.T.);
#3990=ORIENTED_EDGE('',*,*,#2786,.T.);
#3991=ORIENTED_EDGE('',*,*,#2777,.T.);
#3992=ORIENTED_EDGE('',*,*,#2787,.T.);
#3993=ORIENTED_EDGE('',*,*,#2788,.F.);
#3994=ORIENTED_EDGE('',*,*,#2789,.F.);
#3995=ORIENTED_EDGE('',*,*,#2787,.F.);
#3996=ORIENTED_EDGE('',*,*,#2778,.T.);
#3997=ORIENTED_EDGE('',*,*,#2780,.F.);
#3998=ORIENTED_EDGE('',*,*,#2790,.T.);
#3999=ORIENTED_EDGE('',*,*,#2791,.F.);
#4000=ORIENTED_EDGE('',*,*,#2792,.F.);
#4001=ORIENTED_EDGE('',*,*,#2793,.F.);
#4002=ORIENTED_EDGE('',*,*,#2790,.F.);
#4003=ORIENTED_EDGE('',*,*,#2779,.F.);
#4004=ORIENTED_EDGE('',*,*,#2793,.T.);
#4005=ORIENTED_EDGE('',*,*,#2794,.F.);
#4006=ORIENTED_EDGE('',*,*,#2795,.F.);
#4007=ORIENTED_EDGE('',*,*,#2782,.F.);
#4008=ORIENTED_EDGE('',*,*,#2796,.T.);
#4009=ORIENTED_EDGE('',*,*,#2797,.F.);
#4010=ORIENTED_EDGE('',*,*,#2798,.F.);
#4011=ORIENTED_EDGE('',*,*,#2799,.F.);
#4012=ORIENTED_EDGE('',*,*,#2796,.F.);
#4013=ORIENTED_EDGE('',*,*,#2781,.F.);
#4014=ORIENTED_EDGE('',*,*,#2799,.T.);
#4015=ORIENTED_EDGE('',*,*,#2800,.F.);
#4016=ORIENTED_EDGE('',*,*,#2801,.F.);
#4017=ORIENTED_EDGE('',*,*,#2784,.F.);
#4018=ORIENTED_EDGE('',*,*,#2802,.T.);
#4019=ORIENTED_EDGE('',*,*,#2803,.F.);
#4020=ORIENTED_EDGE('',*,*,#2804,.F.);
#4021=ORIENTED_EDGE('',*,*,#2805,.F.);
#4022=ORIENTED_EDGE('',*,*,#2802,.F.);
#4023=ORIENTED_EDGE('',*,*,#2783,.F.);
#4024=ORIENTED_EDGE('',*,*,#2805,.T.);
#4025=ORIENTED_EDGE('',*,*,#2806,.F.);
#4026=ORIENTED_EDGE('',*,*,#2807,.F.);
#4027=ORIENTED_EDGE('',*,*,#2786,.F.);
#4028=ORIENTED_EDGE('',*,*,#2808,.T.);
#4029=ORIENTED_EDGE('',*,*,#2809,.F.);
#4030=ORIENTED_EDGE('',*,*,#2810,.F.);
#4031=ORIENTED_EDGE('',*,*,#2811,.F.);
#4032=ORIENTED_EDGE('',*,*,#2808,.F.);
#4033=ORIENTED_EDGE('',*,*,#2785,.F.);
#4034=ORIENTED_EDGE('',*,*,#2811,.T.);
#4035=ORIENTED_EDGE('',*,*,#2812,.F.);
#4036=ORIENTED_EDGE('',*,*,#2813,.F.);
#4037=ORIENTED_EDGE('',*,*,#2247,.T.);
#4038=ORIENTED_EDGE('',*,*,#2814,.T.);
#4039=ORIENTED_EDGE('',*,*,#2815,.T.);
#4040=ORIENTED_EDGE('',*,*,#2816,.F.);
#4041=ORIENTED_EDGE('',*,*,#2817,.F.);
#4042=ORIENTED_EDGE('',*,*,#2818,.T.);
#4043=ORIENTED_EDGE('',*,*,#2239,.F.);
#4044=ORIENTED_EDGE('',*,*,#2236,.F.);
#4045=ORIENTED_EDGE('',*,*,#2819,.T.);
#4046=ORIENTED_EDGE('',*,*,#2219,.T.);
#4047=ORIENTED_EDGE('',*,*,#2216,.T.);
#4048=ORIENTED_EDGE('',*,*,#2820,.T.);
#4049=ORIENTED_EDGE('',*,*,#2817,.T.);
#4050=ORIENTED_EDGE('',*,*,#2821,.T.);
#4051=ORIENTED_EDGE('',*,*,#2788,.T.);
#4052=ORIENTED_EDGE('',*,*,#2789,.T.);
#4053=ORIENTED_EDGE('',*,*,#2822,.T.);
#4054=ORIENTED_EDGE('',*,*,#2823,.T.);
#4055=ORIENTED_EDGE('',*,*,#2791,.T.);
#4056=ORIENTED_EDGE('',*,*,#2795,.T.);
#4057=ORIENTED_EDGE('',*,*,#2824,.F.);
#4058=ORIENTED_EDGE('',*,*,#2825,.T.);
#4059=ORIENTED_EDGE('',*,*,#2823,.F.);
#4060=ORIENTED_EDGE('',*,*,#2826,.T.);
#4061=ORIENTED_EDGE('',*,*,#2827,.T.);
#4062=ORIENTED_EDGE('',*,*,#2824,.T.);
#4063=ORIENTED_EDGE('',*,*,#2794,.T.);
#4064=ORIENTED_EDGE('',*,*,#2792,.T.);
#4065=ORIENTED_EDGE('',*,*,#2828,.T.);
#4066=ORIENTED_EDGE('',*,*,#2829,.T.);
#4067=ORIENTED_EDGE('',*,*,#2797,.T.);
#4068=ORIENTED_EDGE('',*,*,#2801,.T.);
#4069=ORIENTED_EDGE('',*,*,#2830,.F.);
#4070=ORIENTED_EDGE('',*,*,#2831,.T.);
#4071=ORIENTED_EDGE('',*,*,#2829,.F.);
#4072=ORIENTED_EDGE('',*,*,#2832,.T.);
#4073=ORIENTED_EDGE('',*,*,#2833,.T.);
#4074=ORIENTED_EDGE('',*,*,#2830,.T.);
#4075=ORIENTED_EDGE('',*,*,#2800,.T.);
#4076=ORIENTED_EDGE('',*,*,#2798,.T.);
#4077=ORIENTED_EDGE('',*,*,#2834,.T.);
#4078=ORIENTED_EDGE('',*,*,#2835,.T.);
#4079=ORIENTED_EDGE('',*,*,#2803,.T.);
#4080=ORIENTED_EDGE('',*,*,#2807,.T.);
#4081=ORIENTED_EDGE('',*,*,#2836,.F.);
#4082=ORIENTED_EDGE('',*,*,#2837,.T.);
#4083=ORIENTED_EDGE('',*,*,#2835,.F.);
#4084=ORIENTED_EDGE('',*,*,#2838,.T.);
#4085=ORIENTED_EDGE('',*,*,#2839,.T.);
#4086=ORIENTED_EDGE('',*,*,#2836,.T.);
#4087=ORIENTED_EDGE('',*,*,#2806,.T.);
#4088=ORIENTED_EDGE('',*,*,#2804,.T.);
#4089=ORIENTED_EDGE('',*,*,#2840,.T.);
#4090=ORIENTED_EDGE('',*,*,#2841,.T.);
#4091=ORIENTED_EDGE('',*,*,#2809,.T.);
#4092=ORIENTED_EDGE('',*,*,#2813,.T.);
#4093=ORIENTED_EDGE('',*,*,#2842,.F.);
#4094=ORIENTED_EDGE('',*,*,#2843,.T.);
#4095=ORIENTED_EDGE('',*,*,#2841,.F.);
#4096=ORIENTED_EDGE('',*,*,#2844,.T.);
#4097=ORIENTED_EDGE('',*,*,#2845,.T.);
#4098=ORIENTED_EDGE('',*,*,#2842,.T.);
#4099=ORIENTED_EDGE('',*,*,#2812,.T.);
#4100=ORIENTED_EDGE('',*,*,#2810,.T.);
#4101=ORIENTED_EDGE('',*,*,#2215,.T.);
#4102=ORIENTED_EDGE('',*,*,#2218,.T.);
#4103=ORIENTED_EDGE('',*,*,#2222,.T.);
#4104=ORIENTED_EDGE('',*,*,#2225,.T.);
#4105=ORIENTED_EDGE('',*,*,#2228,.T.);
#4106=ORIENTED_EDGE('',*,*,#2232,.T.);
#4107=ORIENTED_EDGE('',*,*,#2846,.T.);
#4108=ORIENTED_EDGE('',*,*,#2847,.F.);
#4109=ORIENTED_EDGE('',*,*,#2814,.F.);
#4110=ORIENTED_EDGE('',*,*,#2249,.F.);
#4111=ORIENTED_EDGE('',*,*,#2246,.F.);
#4112=ORIENTED_EDGE('',*,*,#2243,.F.);
#4113=ORIENTED_EDGE('',*,*,#2240,.F.);
#4114=ORIENTED_EDGE('',*,*,#2818,.F.);
#4115=ORIENTED_EDGE('',*,*,#2820,.F.);
#4116=ORIENTED_EDGE('',*,*,#2847,.T.);
#4117=ORIENTED_EDGE('',*,*,#2848,.F.);
#4118=ORIENTED_EDGE('',*,*,#2849,.T.);
#4119=ORIENTED_EDGE('',*,*,#2815,.F.);
#4120=ORIENTED_EDGE('',*,*,#2220,.F.);
#4121=ORIENTED_EDGE('',*,*,#2821,.F.);
#4122=ORIENTED_EDGE('',*,*,#2819,.F.);
#4123=ORIENTED_EDGE('',*,*,#2235,.T.);
#4124=ORIENTED_EDGE('',*,*,#2238,.T.);
#4125=ORIENTED_EDGE('',*,*,#2242,.T.);
#4126=ORIENTED_EDGE('',*,*,#2245,.T.);
#4127=ORIENTED_EDGE('',*,*,#2248,.T.);
#4128=ORIENTED_EDGE('',*,*,#2816,.T.);
#4129=ORIENTED_EDGE('',*,*,#2849,.F.);
#4130=ORIENTED_EDGE('',*,*,#2850,.T.);
#4131=ORIENTED_EDGE('',*,*,#2851,.F.);
#4132=ORIENTED_EDGE('',*,*,#2233,.F.);
#4133=ORIENTED_EDGE('',*,*,#2229,.F.);
#4134=ORIENTED_EDGE('',*,*,#2226,.F.);
#4135=ORIENTED_EDGE('',*,*,#2223,.F.);
#4136=ORIENTED_EDGE('',*,*,#2230,.T.);
#4137=ORIENTED_EDGE('',*,*,#2851,.T.);
#4138=ORIENTED_EDGE('',*,*,#2852,.T.);
#4139=ORIENTED_EDGE('',*,*,#2853,.F.);
#4140=ORIENTED_EDGE('',*,*,#2826,.F.);
#4141=ORIENTED_EDGE('',*,*,#2822,.F.);
#4142=ORIENTED_EDGE('',*,*,#2854,.T.);
#4143=ORIENTED_EDGE('',*,*,#2855,.F.);
#4144=ORIENTED_EDGE('',*,*,#2827,.F.);
#4145=ORIENTED_EDGE('',*,*,#2853,.T.);
#4146=ORIENTED_EDGE('',*,*,#2856,.F.);
#4147=ORIENTED_EDGE('',*,*,#2854,.F.);
#4148=ORIENTED_EDGE('',*,*,#2825,.F.);
#4149=ORIENTED_EDGE('',*,*,#2857,.F.);
#4150=ORIENTED_EDGE('',*,*,#2832,.F.);
#4151=ORIENTED_EDGE('',*,*,#2828,.F.);
#4152=ORIENTED_EDGE('',*,*,#2858,.T.);
#4153=ORIENTED_EDGE('',*,*,#2859,.F.);
#4154=ORIENTED_EDGE('',*,*,#2833,.F.);
#4155=ORIENTED_EDGE('',*,*,#2857,.T.);
#4156=ORIENTED_EDGE('',*,*,#2860,.F.);
#4157=ORIENTED_EDGE('',*,*,#2858,.F.);
#4158=ORIENTED_EDGE('',*,*,#2831,.F.);
#4159=ORIENTED_EDGE('',*,*,#2861,.F.);
#4160=ORIENTED_EDGE('',*,*,#2838,.F.);
#4161=ORIENTED_EDGE('',*,*,#2834,.F.);
#4162=ORIENTED_EDGE('',*,*,#2862,.T.);
#4163=ORIENTED_EDGE('',*,*,#2863,.F.);
#4164=ORIENTED_EDGE('',*,*,#2839,.F.);
#4165=ORIENTED_EDGE('',*,*,#2861,.T.);
#4166=ORIENTED_EDGE('',*,*,#2864,.F.);
#4167=ORIENTED_EDGE('',*,*,#2862,.F.);
#4168=ORIENTED_EDGE('',*,*,#2837,.F.);
#4169=ORIENTED_EDGE('',*,*,#2865,.F.);
#4170=ORIENTED_EDGE('',*,*,#2844,.F.);
#4171=ORIENTED_EDGE('',*,*,#2840,.F.);
#4172=ORIENTED_EDGE('',*,*,#2866,.T.);
#4173=ORIENTED_EDGE('',*,*,#2867,.F.);
#4174=ORIENTED_EDGE('',*,*,#2845,.F.);
#4175=ORIENTED_EDGE('',*,*,#2865,.T.);
#4176=ORIENTED_EDGE('',*,*,#2868,.F.);
#4177=ORIENTED_EDGE('',*,*,#2866,.F.);
#4178=ORIENTED_EDGE('',*,*,#2843,.F.);
#4179=ORIENTED_EDGE('',*,*,#2852,.F.);
#4180=ORIENTED_EDGE('',*,*,#2850,.F.);
#4181=ORIENTED_EDGE('',*,*,#2848,.T.);
#4182=ORIENTED_EDGE('',*,*,#2846,.F.);
#4183=ORIENTED_EDGE('',*,*,#2231,.F.);
#4184=ORIENTED_EDGE('',*,*,#2869,.F.);
#4185=ORIENTED_EDGE('',*,*,#2870,.F.);
#4186=ORIENTED_EDGE('',*,*,#2750,.T.);
#4187=ORIENTED_EDGE('',*,*,#2871,.T.);
#4188=ORIENTED_EDGE('',*,*,#2870,.T.);
#4189=ORIENTED_EDGE('',*,*,#2869,.T.);
#4190=ORIENTED_EDGE('',*,*,#2871,.F.);
#4191=ORIENTED_EDGE('',*,*,#2751,.T.);
#4192=ORIENTED_EDGE('',*,*,#2868,.T.);
#4193=ORIENTED_EDGE('',*,*,#2867,.T.);
#4194=ORIENTED_EDGE('',*,*,#2864,.T.);
#4195=ORIENTED_EDGE('',*,*,#2863,.T.);
#4196=ORIENTED_EDGE('',*,*,#2860,.T.);
#4197=ORIENTED_EDGE('',*,*,#2859,.T.);
#4198=ORIENTED_EDGE('',*,*,#2856,.T.);
#4199=ORIENTED_EDGE('',*,*,#2855,.T.);
#4200=ORIENTED_EDGE('',*,*,#2872,.F.);
#4201=ORIENTED_EDGE('',*,*,#2873,.T.);
#4202=ORIENTED_EDGE('',*,*,#2443,.F.);
#4203=ORIENTED_EDGE('',*,*,#2873,.F.);
#4204=ORIENTED_EDGE('',*,*,#2874,.T.);
#4205=ORIENTED_EDGE('',*,*,#2875,.T.);
#4206=ORIENTED_EDGE('',*,*,#2876,.F.);
#4207=ORIENTED_EDGE('',*,*,#2875,.F.);
#4208=ORIENTED_EDGE('',*,*,#2874,.F.);
#4209=ORIENTED_EDGE('',*,*,#2499,.T.);
#4210=ORIENTED_EDGE('',*,*,#2876,.T.);
#4211=ORIENTED_EDGE('',*,*,#2872,.T.);
#4212=ORIENTED_EDGE('',*,*,#2877,.F.);
#4213=ORIENTED_EDGE('',*,*,#2878,.T.);
#4214=ORIENTED_EDGE('',*,*,#2444,.F.);
#4215=ORIENTED_EDGE('',*,*,#2878,.F.);
#4216=ORIENTED_EDGE('',*,*,#2879,.T.);
#4217=ORIENTED_EDGE('',*,*,#2880,.T.);
#4218=ORIENTED_EDGE('',*,*,#2881,.F.);
#4219=ORIENTED_EDGE('',*,*,#2880,.F.);
#4220=ORIENTED_EDGE('',*,*,#2879,.F.);
#4221=ORIENTED_EDGE('',*,*,#2554,.T.);
#4222=ORIENTED_EDGE('',*,*,#2881,.T.);
#4223=ORIENTED_EDGE('',*,*,#2877,.T.);
#4224=ORIENTED_EDGE('',*,*,#2882,.F.);
#4225=ORIENTED_EDGE('',*,*,#2883,.T.);
#4226=ORIENTED_EDGE('',*,*,#2719,.T.);
#4227=ORIENTED_EDGE('',*,*,#2883,.F.);
#4228=ORIENTED_EDGE('',*,*,#2884,.F.);
#4229=ORIENTED_EDGE('',*,*,#2885,.T.);
#4230=ORIENTED_EDGE('',*,*,#2886,.T.);
#4231=ORIENTED_EDGE('',*,*,#2885,.F.);
#4232=ORIENTED_EDGE('',*,*,#2884,.T.);
#4233=ORIENTED_EDGE('',*,*,#2416,.T.);
#4234=ORIENTED_EDGE('',*,*,#2886,.F.);
#4235=ORIENTED_EDGE('',*,*,#2882,.T.);
#4236=ORIENTED_EDGE('',*,*,#2887,.F.);
#4237=ORIENTED_EDGE('',*,*,#2888,.T.);
#4238=ORIENTED_EDGE('',*,*,#2718,.T.);
#4239=ORIENTED_EDGE('',*,*,#2888,.F.);
#4240=ORIENTED_EDGE('',*,*,#2889,.F.);
#4241=ORIENTED_EDGE('',*,*,#2890,.T.);
#4242=ORIENTED_EDGE('',*,*,#2891,.T.);
#4243=ORIENTED_EDGE('',*,*,#2890,.F.);
#4244=ORIENTED_EDGE('',*,*,#2889,.T.);
#4245=ORIENTED_EDGE('',*,*,#2361,.T.);
#4246=ORIENTED_EDGE('',*,*,#2891,.F.);
#4247=ORIENTED_EDGE('',*,*,#2887,.T.);
#4248=CYLINDRICAL_SURFACE('',#4618,0.109964836805555);
#4249=CYLINDRICAL_SURFACE('',#4620,0.109964836805555);
#4250=CYLINDRICAL_SURFACE('',#4622,0.109964836805555);
#4251=CYLINDRICAL_SURFACE('',#4623,0.109964836805555);
#4252=CYLINDRICAL_SURFACE('',#4624,0.109964836805555);
#4253=CYLINDRICAL_SURFACE('',#4625,0.109964836805555);
#4254=CYLINDRICAL_SURFACE('',#4627,0.125);
#4255=CYLINDRICAL_SURFACE('',#4629,0.125);
#4256=CYLINDRICAL_SURFACE('',#4631,0.125);
#4257=CYLINDRICAL_SURFACE('',#4632,0.125);
#4258=CYLINDRICAL_SURFACE('',#4633,0.125);
#4259=CYLINDRICAL_SURFACE('',#4634,0.109964836805555);
#4260=CYLINDRICAL_SURFACE('',#4636,0.109964836805555);
#4261=CYLINDRICAL_SURFACE('',#4638,0.109964836805555);
#4262=CYLINDRICAL_SURFACE('',#4639,0.109964836805555);
#4263=CYLINDRICAL_SURFACE('',#4640,0.109964836805555);
#4264=CYLINDRICAL_SURFACE('',#4641,0.109964836805555);
#4265=CYLINDRICAL_SURFACE('',#4643,0.125);
#4266=CYLINDRICAL_SURFACE('',#4645,0.125);
#4267=CYLINDRICAL_SURFACE('',#4647,0.125);
#4268=CYLINDRICAL_SURFACE('',#4648,0.125);
#4269=CYLINDRICAL_SURFACE('',#4649,0.125);
#4270=CYLINDRICAL_SURFACE('',#4650,0.0529999999999999);
#4271=CYLINDRICAL_SURFACE('',#4654,0.0199999999999996);
#4272=CYLINDRICAL_SURFACE('',#4658,0.0200000000000003);
#4273=CYLINDRICAL_SURFACE('',#4664,0.00600000000000378);
#4274=CYLINDRICAL_SURFACE('',#4668,0.00299999999999923);
#4275=CYLINDRICAL_SURFACE('',#4672,0.00599999999999534);
#4276=CYLINDRICAL_SURFACE('',#4676,0.00299999999999656);
#4277=CYLINDRICAL_SURFACE('',#4680,0.00600000000000378);
#4278=CYLINDRICAL_SURFACE('',#4684,0.00299999999999945);
#4279=CYLINDRICAL_SURFACE('',#4688,0.00599999999999601);
#4280=CYLINDRICAL_SURFACE('',#4692,0.00300000000000011);
#4281=CYLINDRICAL_SURFACE('',#4703,0.0675);
#4282=CYLINDRICAL_SURFACE('',#4706,0.00600000000000378);
#4283=CYLINDRICAL_SURFACE('',#4710,0.00299999999999923);
#4284=CYLINDRICAL_SURFACE('',#4714,0.00599999999999534);
#4285=CYLINDRICAL_SURFACE('',#4718,0.00299999999999656);
#4286=CYLINDRICAL_SURFACE('',#4722,0.00600000000000378);
#4287=CYLINDRICAL_SURFACE('',#4726,0.00299999999999945);
#4288=CYLINDRICAL_SURFACE('',#4730,0.00599999999999601);
#4289=CYLINDRICAL_SURFACE('',#4734,0.00300000000000011);
#4290=CYLINDRICAL_SURFACE('',#4745,0.0675);
#4291=CYLINDRICAL_SURFACE('',#4748,0.0529999999999999);
#4292=CYLINDRICAL_SURFACE('',#4752,0.0199999999999996);
#4293=CYLINDRICAL_SURFACE('',#4756,0.0200000000000003);
#4294=CYLINDRICAL_SURFACE('',#4765,0.00600000000000378);
#4295=CYLINDRICAL_SURFACE('',#4769,0.00299999999999923);
#4296=CYLINDRICAL_SURFACE('',#4773,0.00599999999999534);
#4297=CYLINDRICAL_SURFACE('',#4777,0.00299999999999656);
#4298=CYLINDRICAL_SURFACE('',#4781,0.00600000000000378);
#4299=CYLINDRICAL_SURFACE('',#4785,0.00299999999999945);
#4300=CYLINDRICAL_SURFACE('',#4789,0.00599999999999601);
#4301=CYLINDRICAL_SURFACE('',#4793,0.00300000000000011);
#4302=CYLINDRICAL_SURFACE('',#4804,0.0675);
#4303=CYLINDRICAL_SURFACE('',#4807,0.00600000000000378);
#4304=CYLINDRICAL_SURFACE('',#4811,0.00299999999999923);
#4305=CYLINDRICAL_SURFACE('',#4815,0.00599999999999534);
#4306=CYLINDRICAL_SURFACE('',#4819,0.00299999999999656);
#4307=CYLINDRICAL_SURFACE('',#4823,0.00600000000000378);
#4308=CYLINDRICAL_SURFACE('',#4827,0.00299999999999945);
#4309=CYLINDRICAL_SURFACE('',#4831,0.00599999999999601);
#4310=CYLINDRICAL_SURFACE('',#4835,0.00300000000000011);
#4311=CYLINDRICAL_SURFACE('',#4846,0.0675);
#4312=CYLINDRICAL_SURFACE('',#4849,0.0754999999999999);
#4313=CYLINDRICAL_SURFACE('',#4857,0.0250000000000004);
#4314=CYLINDRICAL_SURFACE('',#4863,0.0375000000000014);
#4315=CYLINDRICAL_SURFACE('',#4869,0.0250000000000004);
#4316=CYLINDRICAL_SURFACE('',#4875,0.0375000000000014);
#4317=CYLINDRICAL_SURFACE('',#4884,0.0200000000000005);
#4318=CYLINDRICAL_SURFACE('',#4890,0.0375000000000005);
#4319=CYLINDRICAL_SURFACE('',#4894,0.0375000000000005);
#4320=CYLINDRICAL_SURFACE('',#4897,0.0185000000000002);
#4321=CYLINDRICAL_SURFACE('',#4903,0.025);
#4322=CYLINDRICAL_SURFACE('',#4907,0.0805);
#4323=CYLINDRICAL_SURFACE('',#4913,0.09085);
#4324=CYLINDRICAL_SURFACE('',#4926,0.095);
#4325=CYLINDRICAL_SURFACE('',#4927,0.095);
#4326=CYLINDRICAL_SURFACE('',#4928,0.095);
#4327=CYLINDRICAL_SURFACE('',#4929,0.095);
#4328=CYLINDRICAL_SURFACE('',#4930,0.105);
#4329=CYLINDRICAL_SURFACE('',#4949,0.125);
#4330=CYLINDRICAL_SURFACE('',#4964,0.109964836805555);
#4331=CYLINDRICAL_SURFACE('',#4977,0.105);
#4332=CYLINDRICAL_SURFACE('',#4990,0.0600000000000002);
#4333=CYLINDRICAL_SURFACE('',#4992,0.0600000000000001);
#4334=CYLINDRICAL_SURFACE('',#5005,0.0185000000000002);
#4335=CYLINDRICAL_SURFACE('',#5011,0.025);
#4336=CYLINDRICAL_SURFACE('',#5015,0.0805);
#4337=CYLINDRICAL_SURFACE('',#5021,0.09085);
#4338=CYLINDRICAL_SURFACE('',#5034,0.095);
#4339=CYLINDRICAL_SURFACE('',#5035,0.095);
#4340=CYLINDRICAL_SURFACE('',#5036,0.095);
#4341=CYLINDRICAL_SURFACE('',#5037,0.095);
#4342=CYLINDRICAL_SURFACE('',#5038,0.105);
#4343=CYLINDRICAL_SURFACE('',#5057,0.125);
#4344=CYLINDRICAL_SURFACE('',#5072,0.109964836805555);
#4345=CYLINDRICAL_SURFACE('',#5085,0.105);
#4346=CYLINDRICAL_SURFACE('',#5086,0.0745);
#4347=CYLINDRICAL_SURFACE('',#5088,0.075);
#4348=CYLINDRICAL_SURFACE('',#5093,0.0745);
#4349=CYLINDRICAL_SURFACE('',#5095,0.075);
#4350=CYLINDRICAL_SURFACE('',#5100,0.0745);
#4351=CYLINDRICAL_SURFACE('',#5102,0.075);
#4352=CYLINDRICAL_SURFACE('',#5107,0.0745);
#4353=CYLINDRICAL_SURFACE('',#5109,0.075);
#4354=ADVANCED_FACE('',(#362),#4248,.T.);
#4355=ADVANCED_FACE('',(#363),#4249,.T.);
#4356=ADVANCED_FACE('',(#364),#4250,.T.);
#4357=ADVANCED_FACE('',(#365),#4251,.T.);
#4358=ADVANCED_FACE('',(#366),#4252,.T.);
#4359=ADVANCED_FACE('',(#367),#4253,.T.);
#4360=ADVANCED_FACE('',(#368),#4254,.T.);
#4361=ADVANCED_FACE('',(#369),#4255,.T.);
#4362=ADVANCED_FACE('',(#370),#4256,.T.);
#4363=ADVANCED_FACE('',(#371),#4257,.T.);
#4364=ADVANCED_FACE('',(#372),#4258,.T.);
#4365=ADVANCED_FACE('',(#373),#4259,.T.);
#4366=ADVANCED_FACE('',(#374),#4260,.T.);
#4367=ADVANCED_FACE('',(#375),#4261,.T.);
#4368=ADVANCED_FACE('',(#376),#4262,.T.);
#4369=ADVANCED_FACE('',(#377),#4263,.T.);
#4370=ADVANCED_FACE('',(#378),#4264,.T.);
#4371=ADVANCED_FACE('',(#379),#4265,.T.);
#4372=ADVANCED_FACE('',(#380),#4266,.T.);
#4373=ADVANCED_FACE('',(#381),#4267,.T.);
#4374=ADVANCED_FACE('',(#382),#4268,.T.);
#4375=ADVANCED_FACE('',(#383),#4269,.T.);
#4376=ADVANCED_FACE('',(#384),#4270,.F.);
#4377=ADVANCED_FACE('',(#385),#4271,.T.);
#4378=ADVANCED_FACE('',(#386),#166,.F.);
#4379=ADVANCED_FACE('',(#387),#4272,.T.);
#4380=ADVANCED_FACE('',(#388),#167,.F.);
#4381=ADVANCED_FACE('',(#389),#168,.F.);
#4382=ADVANCED_FACE('',(#390,#114),#169,.F.);
#4383=ADVANCED_FACE('',(#391),#4273,.T.);
#4384=ADVANCED_FACE('',(#392),#170,.T.);
#4385=ADVANCED_FACE('',(#393),#4274,.F.);
#4386=ADVANCED_FACE('',(#394),#171,.T.);
#4387=ADVANCED_FACE('',(#395),#4275,.T.);
#4388=ADVANCED_FACE('',(#396),#172,.T.);
#4389=ADVANCED_FACE('',(#397),#4276,.F.);
#4390=ADVANCED_FACE('',(#398),#173,.T.);
#4391=ADVANCED_FACE('',(#399),#4277,.T.);
#4392=ADVANCED_FACE('',(#400),#174,.T.);
#4393=ADVANCED_FACE('',(#401),#4278,.F.);
#4394=ADVANCED_FACE('',(#402),#175,.T.);
#4395=ADVANCED_FACE('',(#403),#4279,.T.);
#4396=ADVANCED_FACE('',(#404),#176,.T.);
#4397=ADVANCED_FACE('',(#405),#4280,.F.);
#4398=ADVANCED_FACE('',(#406),#177,.T.);
#4399=ADVANCED_FACE('',(#407),#108,.T.);
#4400=ADVANCED_FACE('',(#408,#115),#178,.T.);
#4401=ADVANCED_FACE('',(#409),#4281,.T.);
#4402=ADVANCED_FACE('',(#410),#179,.T.);
#4403=ADVANCED_FACE('',(#411),#4282,.T.);
#4404=ADVANCED_FACE('',(#412),#180,.T.);
#4405=ADVANCED_FACE('',(#413),#4283,.F.);
#4406=ADVANCED_FACE('',(#414),#181,.T.);
#4407=ADVANCED_FACE('',(#415),#4284,.T.);
#4408=ADVANCED_FACE('',(#416),#182,.T.);
#4409=ADVANCED_FACE('',(#417),#4285,.F.);
#4410=ADVANCED_FACE('',(#418),#183,.T.);
#4411=ADVANCED_FACE('',(#419),#4286,.T.);
#4412=ADVANCED_FACE('',(#420),#184,.T.);
#4413=ADVANCED_FACE('',(#421),#4287,.F.);
#4414=ADVANCED_FACE('',(#422),#185,.T.);
#4415=ADVANCED_FACE('',(#423),#4288,.T.);
#4416=ADVANCED_FACE('',(#424),#186,.T.);
#4417=ADVANCED_FACE('',(#425),#4289,.F.);
#4418=ADVANCED_FACE('',(#426),#187,.T.);
#4419=ADVANCED_FACE('',(#427),#109,.T.);
#4420=ADVANCED_FACE('',(#428,#116),#188,.T.);
#4421=ADVANCED_FACE('',(#429),#4290,.T.);
#4422=ADVANCED_FACE('',(#430),#189,.T.);
#4423=ADVANCED_FACE('',(#431),#4291,.F.);
#4424=ADVANCED_FACE('',(#432),#4292,.T.);
#4425=ADVANCED_FACE('',(#433),#190,.T.);
#4426=ADVANCED_FACE('',(#434),#4293,.T.);
#4427=ADVANCED_FACE('',(#435),#191,.T.);
#4428=ADVANCED_FACE('',(#436),#192,.T.);
#4429=ADVANCED_FACE('',(#437,#117),#193,.T.);
#4430=ADVANCED_FACE('',(#438,#118,#119),#194,.T.);
#4431=ADVANCED_FACE('',(#439),#4294,.T.);
#4432=ADVANCED_FACE('',(#440),#195,.F.);
#4433=ADVANCED_FACE('',(#441),#4295,.F.);
#4434=ADVANCED_FACE('',(#442),#196,.F.);
#4435=ADVANCED_FACE('',(#443),#4296,.T.);
#4436=ADVANCED_FACE('',(#444),#197,.F.);
#4437=ADVANCED_FACE('',(#445),#4297,.F.);
#4438=ADVANCED_FACE('',(#446),#198,.F.);
#4439=ADVANCED_FACE('',(#447),#4298,.T.);
#4440=ADVANCED_FACE('',(#448),#199,.F.);
#4441=ADVANCED_FACE('',(#449),#4299,.F.);
#4442=ADVANCED_FACE('',(#450),#200,.F.);
#4443=ADVANCED_FACE('',(#451),#4300,.T.);
#4444=ADVANCED_FACE('',(#452),#201,.F.);
#4445=ADVANCED_FACE('',(#453),#4301,.F.);
#4446=ADVANCED_FACE('',(#454),#202,.F.);
#4447=ADVANCED_FACE('',(#455),#110,.T.);
#4448=ADVANCED_FACE('',(#456,#120),#203,.F.);
#4449=ADVANCED_FACE('',(#457),#4302,.T.);
#4450=ADVANCED_FACE('',(#458),#204,.F.);
#4451=ADVANCED_FACE('',(#459),#4303,.T.);
#4452=ADVANCED_FACE('',(#460),#205,.F.);
#4453=ADVANCED_FACE('',(#461),#4304,.F.);
#4454=ADVANCED_FACE('',(#462),#206,.F.);
#4455=ADVANCED_FACE('',(#463),#4305,.T.);
#4456=ADVANCED_FACE('',(#464),#207,.F.);
#4457=ADVANCED_FACE('',(#465),#4306,.F.);
#4458=ADVANCED_FACE('',(#466),#208,.F.);
#4459=ADVANCED_FACE('',(#467),#4307,.T.);
#4460=ADVANCED_FACE('',(#468),#209,.F.);
#4461=ADVANCED_FACE('',(#469),#4308,.F.);
#4462=ADVANCED_FACE('',(#470),#210,.F.);
#4463=ADVANCED_FACE('',(#471),#4309,.T.);
#4464=ADVANCED_FACE('',(#472),#211,.F.);
#4465=ADVANCED_FACE('',(#473),#4310,.F.);
#4466=ADVANCED_FACE('',(#474),#212,.F.);
#4467=ADVANCED_FACE('',(#475),#111,.T.);
#4468=ADVANCED_FACE('',(#476,#121),#213,.F.);
#4469=ADVANCED_FACE('',(#477),#4311,.T.);
#4470=ADVANCED_FACE('',(#478),#214,.F.);
#4471=ADVANCED_FACE('',(#479),#4312,.T.);
#4472=ADVANCED_FACE('',(#480,#122),#215,.T.);
#4473=ADVANCED_FACE('',(#481),#4313,.T.);
#4474=ADVANCED_FACE('',(#482,#123),#216,.T.);
#4475=ADVANCED_FACE('',(#483),#4314,.T.);
#4476=ADVANCED_FACE('',(#484,#124),#217,.T.);
#4477=ADVANCED_FACE('',(#485),#4315,.T.);
#4478=ADVANCED_FACE('',(#486,#125),#218,.T.);
#4479=ADVANCED_FACE('',(#487),#4316,.T.);
#4480=ADVANCED_FACE('',(#488),#219,.T.);
#4481=ADVANCED_FACE('',(#489,#126),#220,.T.);
#4482=ADVANCED_FACE('',(#490),#4317,.T.);
#4483=ADVANCED_FACE('',(#491,#127),#221,.T.);
#4484=ADVANCED_FACE('',(#492),#4318,.T.);
#4485=ADVANCED_FACE('',(#493),#222,.T.);
#4486=ADVANCED_FACE('',(#494),#4319,.T.);
#4487=ADVANCED_FACE('',(#495),#4320,.F.);
#4488=ADVANCED_FACE('',(#496),#223,.F.);
#4489=ADVANCED_FACE('',(#497),#4321,.T.);
#4490=ADVANCED_FACE('',(#498,#128),#224,.T.);
#4491=ADVANCED_FACE('',(#499),#4322,.F.);
#4492=ADVANCED_FACE('',(#500,#129),#225,.F.);
#4493=ADVANCED_FACE('',(#501),#4323,.F.);
#4494=ADVANCED_FACE('',(#502,#130),#226,.F.);
#4495=ADVANCED_FACE('',(#503,#131),#227,.T.);
#4496=ADVANCED_FACE('',(#504),#112,.T.);
#4497=ADVANCED_FACE('',(#505),#4324,.T.);
#4498=ADVANCED_FACE('',(#506),#4325,.T.);
#4499=ADVANCED_FACE('',(#507),#4326,.T.);
#4500=ADVANCED_FACE('',(#508),#4327,.T.);
#4501=ADVANCED_FACE('',(#509),#4328,.T.);
#4502=ADVANCED_FACE('',(#510),#72,.F.);
#4503=ADVANCED_FACE('',(#511),#73,.F.);
#4504=ADVANCED_FACE('',(#512),#74,.F.);
#4505=ADVANCED_FACE('',(#513),#75,.F.);
#4506=ADVANCED_FACE('',(#514),#76,.F.);
#4507=ADVANCED_FACE('',(#515),#77,.F.);
#4508=ADVANCED_FACE('',(#516),#78,.F.);
#4509=ADVANCED_FACE('',(#517),#79,.F.);
#4510=ADVANCED_FACE('',(#518),#4329,.T.);
#4511=ADVANCED_FACE('',(#519),#36,.T.);
#4512=ADVANCED_FACE('',(#520,#132),#228,.T.);
#4513=ADVANCED_FACE('',(#521),#20,.F.);
#4514=ADVANCED_FACE('',(#522),#21,.F.);
#4515=ADVANCED_FACE('',(#523),#22,.F.);
#4516=ADVANCED_FACE('',(#524),#23,.F.);
#4517=ADVANCED_FACE('',(#525),#24,.F.);
#4518=ADVANCED_FACE('',(#526),#25,.F.);
#4519=ADVANCED_FACE('',(#527),#26,.F.);
#4520=ADVANCED_FACE('',(#528),#27,.F.);
#4521=ADVANCED_FACE('',(#529),#80,.T.);
#4522=ADVANCED_FACE('',(#530),#37,.T.);
#4523=ADVANCED_FACE('',(#531),#81,.T.);
#4524=ADVANCED_FACE('',(#532),#4330,.T.);
#4525=ADVANCED_FACE('',(#533),#82,.T.);
#4526=ADVANCED_FACE('',(#534),#83,.T.);
#4527=ADVANCED_FACE('',(#535),#84,.T.);
#4528=ADVANCED_FACE('',(#536),#85,.T.);
#4529=ADVANCED_FACE('',(#537),#86,.T.);
#4530=ADVANCED_FACE('',(#538),#87,.T.);
#4531=ADVANCED_FACE('',(#539),#88,.T.);
#4532=ADVANCED_FACE('',(#540),#89,.T.);
#4533=ADVANCED_FACE('',(#541,#133),#229,.F.);
#4534=ADVANCED_FACE('',(#542,#134,#135,#136,#137),#4331,.T.);
#4535=ADVANCED_FACE('',(#543,#138,#139),#230,.T.);
#4536=ADVANCED_FACE('',(#544,#140),#231,.T.);
#4537=ADVANCED_FACE('',(#545,#141),#232,.F.);
#4538=ADVANCED_FACE('',(#546,#142,#143),#233,.T.);
#4539=ADVANCED_FACE('',(#547),#4332,.T.);
#4540=ADVANCED_FACE('',(#548),#234,.T.);
#4541=ADVANCED_FACE('',(#549),#4333,.T.);
#4542=ADVANCED_FACE('',(#550,#144,#145,#146),#235,.T.);
#4543=ADVANCED_FACE('',(#551),#236,.T.);
#4544=ADVANCED_FACE('',(#552),#237,.T.);
#4545=ADVANCED_FACE('',(#553),#238,.F.);
#4546=ADVANCED_FACE('',(#554),#239,.T.);
#4547=ADVANCED_FACE('',(#555,#147),#240,.T.);
#4548=ADVANCED_FACE('',(#556),#241,.T.);
#4549=ADVANCED_FACE('',(#557),#242,.T.);
#4550=ADVANCED_FACE('',(#558),#243,.F.);
#4551=ADVANCED_FACE('',(#559),#244,.T.);
#4552=ADVANCED_FACE('',(#560),#4334,.F.);
#4553=ADVANCED_FACE('',(#561),#245,.F.);
#4554=ADVANCED_FACE('',(#562),#4335,.T.);
#4555=ADVANCED_FACE('',(#563,#148),#246,.T.);
#4556=ADVANCED_FACE('',(#564),#4336,.F.);
#4557=ADVANCED_FACE('',(#565,#149),#247,.F.);
#4558=ADVANCED_FACE('',(#566),#4337,.F.);
#4559=ADVANCED_FACE('',(#567,#150),#248,.F.);
#4560=ADVANCED_FACE('',(#568,#151),#249,.T.);
#4561=ADVANCED_FACE('',(#569),#113,.T.);
#4562=ADVANCED_FACE('',(#570),#4338,.T.);
#4563=ADVANCED_FACE('',(#571),#4339,.T.);
#4564=ADVANCED_FACE('',(#572),#4340,.T.);
#4565=ADVANCED_FACE('',(#573),#4341,.T.);
#4566=ADVANCED_FACE('',(#574),#4342,.T.);
#4567=ADVANCED_FACE('',(#575),#90,.F.);
#4568=ADVANCED_FACE('',(#576),#91,.F.);
#4569=ADVANCED_FACE('',(#577),#92,.F.);
#4570=ADVANCED_FACE('',(#578),#93,.F.);
#4571=ADVANCED_FACE('',(#579),#94,.F.);
#4572=ADVANCED_FACE('',(#580),#95,.F.);
#4573=ADVANCED_FACE('',(#581),#96,.F.);
#4574=ADVANCED_FACE('',(#582),#97,.F.);
#4575=ADVANCED_FACE('',(#583),#4343,.T.);
#4576=ADVANCED_FACE('',(#584),#38,.T.);
#4577=ADVANCED_FACE('',(#585,#152),#250,.T.);
#4578=ADVANCED_FACE('',(#586),#28,.F.);
#4579=ADVANCED_FACE('',(#587),#29,.F.);
#4580=ADVANCED_FACE('',(#588),#30,.F.);
#4581=ADVANCED_FACE('',(#589),#31,.F.);
#4582=ADVANCED_FACE('',(#590),#32,.F.);
#4583=ADVANCED_FACE('',(#591),#33,.F.);
#4584=ADVANCED_FACE('',(#592),#34,.F.);
#4585=ADVANCED_FACE('',(#593),#35,.F.);
#4586=ADVANCED_FACE('',(#594),#98,.T.);
#4587=ADVANCED_FACE('',(#595),#39,.T.);
#4588=ADVANCED_FACE('',(#596),#99,.T.);
#4589=ADVANCED_FACE('',(#597),#4344,.T.);
#4590=ADVANCED_FACE('',(#598),#100,.T.);
#4591=ADVANCED_FACE('',(#599),#101,.T.);
#4592=ADVANCED_FACE('',(#600),#102,.T.);
#4593=ADVANCED_FACE('',(#601),#103,.T.);
#4594=ADVANCED_FACE('',(#602),#104,.T.);
#4595=ADVANCED_FACE('',(#603),#105,.T.);
#4596=ADVANCED_FACE('',(#604),#106,.T.);
#4597=ADVANCED_FACE('',(#605),#107,.T.);
#4598=ADVANCED_FACE('',(#606,#153),#251,.F.);
#4599=ADVANCED_FACE('',(#607,#154,#155,#156,#157),#4345,.T.);
#4600=ADVANCED_FACE('',(#608),#4346,.T.);
#4601=ADVANCED_FACE('',(#609),#4347,.T.);
#4602=ADVANCED_FACE('',(#610,#158),#252,.F.);
#4603=ADVANCED_FACE('',(#611,#159),#253,.T.);
#4604=ADVANCED_FACE('',(#612),#4348,.T.);
#4605=ADVANCED_FACE('',(#613),#4349,.T.);
#4606=ADVANCED_FACE('',(#614,#160),#254,.F.);
#4607=ADVANCED_FACE('',(#615,#161),#255,.T.);
#4608=ADVANCED_FACE('',(#616),#4350,.T.);
#4609=ADVANCED_FACE('',(#617),#4351,.T.);
#4610=ADVANCED_FACE('',(#618,#162),#256,.T.);
#4611=ADVANCED_FACE('',(#619,#163),#257,.F.);
#4612=ADVANCED_FACE('',(#620),#4352,.T.);
#4613=ADVANCED_FACE('',(#621),#4353,.T.);
#4614=ADVANCED_FACE('',(#622,#164),#258,.T.);
#4615=ADVANCED_FACE('',(#623,#165),#259,.F.);
#4616=CLOSED_SHELL('',(#4354,#4355,#4356,#4357,#4358,#4359,#4360,#4361,
#4362,#4363,#4364,#4365,#4366,#4367,#4368,#4369,#4370,#4371,#4372,#4373,
#4374,#4375,#4376,#4377,#4378,#4379,#4380,#4381,#4382,#4383,#4384,#4385,
#4386,#4387,#4388,#4389,#4390,#4391,#4392,#4393,#4394,#4395,#4396,#4397,
#4398,#4399,#4400,#4401,#4402,#4403,#4404,#4405,#4406,#4407,#4408,#4409,
#4410,#4411,#4412,#4413,#4414,#4415,#4416,#4417,#4418,#4419,#4420,#4421,
#4422,#4423,#4424,#4425,#4426,#4427,#4428,#4429,#4430,#4431,#4432,#4433,
#4434,#4435,#4436,#4437,#4438,#4439,#4440,#4441,#4442,#4443,#4444,#4445,
#4446,#4447,#4448,#4449,#4450,#4451,#4452,#4453,#4454,#4455,#4456,#4457,
#4458,#4459,#4460,#4461,#4462,#4463,#4464,#4465,#4466,#4467,#4468,#4469,
#4470,#4471,#4472,#4473,#4474,#4475,#4476,#4477,#4478,#4479,#4480,#4481,
#4482,#4483,#4484,#4485,#4486,#4487,#4488,#4489,#4490,#4491,#4492,#4493,
#4494,#4495,#4496,#4497,#4498,#4499,#4500,#4501,#4502,#4503,#4504,#4505,
#4506,#4507,#4508,#4509,#4510,#4511,#4512,#4513,#4514,#4515,#4516,#4517,
#4518,#4519,#4520,#4521,#4522,#4523,#4524,#4525,#4526,#4527,#4528,#4529,
#4530,#4531,#4532,#4533,#4534,#4535,#4536,#4537,#4538,#4539,#4540,#4541,
#4542,#4543,#4544,#4545,#4546,#4547,#4548,#4549,#4550,#4551,#4552,#4553,
#4554,#4555,#4556,#4557,#4558,#4559,#4560,#4561,#4562,#4563,#4564,#4565,
#4566,#4567,#4568,#4569,#4570,#4571,#4572,#4573,#4574,#4575,#4576,#4577,
#4578,#4579,#4580,#4581,#4582,#4583,#4584,#4585,#4586,#4587,#4588,#4589,
#4590,#4591,#4592,#4593,#4594,#4595,#4596,#4597,#4598,#4599,#4600,#4601,
#4602,#4603,#4604,#4605,#4606,#4607,#4608,#4609,#4610,#4611,#4612,#4613,
#4614,#4615));
#4617=AXIS2_PLACEMENT_3D('placement',#6380,#5116,#5117);
#4618=AXIS2_PLACEMENT_3D('',#6381,#5118,#5119);
#4619=AXIS2_PLACEMENT_3D('',#6389,#5121,#5122);
#4620=AXIS2_PLACEMENT_3D('',#6390,#5123,#5124);
#4621=AXIS2_PLACEMENT_3D('',#6408,#5126,#5127);
#4622=AXIS2_PLACEMENT_3D('',#6420,#5128,#5129);
#4623=AXIS2_PLACEMENT_3D('',#6450,#5131,#5132);
#4624=AXIS2_PLACEMENT_3D('',#6480,#5134,#5135);
#4625=AXIS2_PLACEMENT_3D('',#6510,#5137,#5138);
#4626=AXIS2_PLACEMENT_3D('',#6515,#5140,#5141);
#4627=AXIS2_PLACEMENT_3D('',#6542,#5142,#5143);
#4628=AXIS2_PLACEMENT_3D('',#6553,#5145,#5146);
#4629=AXIS2_PLACEMENT_3D('',#6554,#5147,#5148);
#4630=AXIS2_PLACEMENT_3D('',#6595,#5150,#5151);
#4631=AXIS2_PLACEMENT_3D('',#6630,#5152,#5153);
#4632=AXIS2_PLACEMENT_3D('',#6708,#5155,#5156);
#4633=AXIS2_PLACEMENT_3D('',#6786,#5158,#5159);
#4634=AXIS2_PLACEMENT_3D('',#6862,#5161,#5162);
#4635=AXIS2_PLACEMENT_3D('',#6870,#5164,#5165);
#4636=AXIS2_PLACEMENT_3D('',#6871,#5166,#5167);
#4637=AXIS2_PLACEMENT_3D('',#6889,#5169,#5170);
#4638=AXIS2_PLACEMENT_3D('',#6901,#5171,#5172);
#4639=AXIS2_PLACEMENT_3D('',#6931,#5174,#5175);
#4640=AXIS2_PLACEMENT_3D('',#6961,#5177,#5178);
#4641=AXIS2_PLACEMENT_3D('',#6991,#5180,#5181);
#4642=AXIS2_PLACEMENT_3D('',#6996,#5183,#5184);
#4643=AXIS2_PLACEMENT_3D('',#7023,#5185,#5186);
#4644=AXIS2_PLACEMENT_3D('',#7034,#5188,#5189);
#4645=AXIS2_PLACEMENT_3D('',#7035,#5190,#5191);
#4646=AXIS2_PLACEMENT_3D('',#7076,#5193,#5194);
#4647=AXIS2_PLACEMENT_3D('',#7111,#5195,#5196);
#4648=AXIS2_PLACEMENT_3D('',#7189,#5198,#5199);
#4649=AXIS2_PLACEMENT_3D('',#7267,#5201,#5202);
#4650=AXIS2_PLACEMENT_3D('',#7343,#5204,#5205);
#4651=AXIS2_PLACEMENT_3D('',#7346,#5206,#5207);
#4652=AXIS2_PLACEMENT_3D('',#7349,#5209,#5210);
#4653=AXIS2_PLACEMENT_3D('',#7350,#5211,#5212);
#4654=AXIS2_PLACEMENT_3D('',#7351,#5213,#5214);
#4655=AXIS2_PLACEMENT_3D('',#7354,#5215,#5216);
#4656=AXIS2_PLACEMENT_3D('',#7358,#5218,#5219);
#4657=AXIS2_PLACEMENT_3D('',#7360,#5221,#5222);
#4658=AXIS2_PLACEMENT_3D('',#7366,#5226,#5227);
#4659=AXIS2_PLACEMENT_3D('',#7368,#5228,#5229);
#4660=AXIS2_PLACEMENT_3D('',#7371,#5231,#5232);
#4661=AXIS2_PLACEMENT_3D('',#7372,#5233,#5234);
#4662=AXIS2_PLACEMENT_3D('',#7378,#5238,#5239);
#4663=AXIS2_PLACEMENT_3D('',#7384,#5243,#5244);
#4664=AXIS2_PLACEMENT_3D('',#7386,#5246,#5247);
#4665=AXIS2_PLACEMENT_3D('',#7389,#5248,#5249);
#4666=AXIS2_PLACEMENT_3D('',#7393,#5251,#5252);
#4667=AXIS2_PLACEMENT_3D('',#7395,#5254,#5255);
#4668=AXIS2_PLACEMENT_3D('',#7401,#5259,#5260);
#4669=AXIS2_PLACEMENT_3D('',#7403,#5261,#5262);
#4670=AXIS2_PLACEMENT_3D('',#7406,#5264,#5265);
#4671=AXIS2_PLACEMENT_3D('',#7407,#5266,#5267);
#4672=AXIS2_PLACEMENT_3D('',#7413,#5271,#5272);
#4673=AXIS2_PLACEMENT_3D('',#7415,#5273,#5274);
#4674=AXIS2_PLACEMENT_3D('',#7418,#5276,#5277);
#4675=AXIS2_PLACEMENT_3D('',#7419,#5278,#5279);
#4676=AXIS2_PLACEMENT_3D('',#7425,#5283,#5284);
#4677=AXIS2_PLACEMENT_3D('',#7427,#5285,#5286);
#4678=AXIS2_PLACEMENT_3D('',#7430,#5288,#5289);
#4679=AXIS2_PLACEMENT_3D('',#7431,#5290,#5291);
#4680=AXIS2_PLACEMENT_3D('',#7437,#5295,#5296);
#4681=AXIS2_PLACEMENT_3D('',#7439,#5297,#5298);
#4682=AXIS2_PLACEMENT_3D('',#7442,#5300,#5301);
#4683=AXIS2_PLACEMENT_3D('',#7443,#5302,#5303);
#4684=AXIS2_PLACEMENT_3D('',#7449,#5307,#5308);
#4685=AXIS2_PLACEMENT_3D('',#7451,#5309,#5310);
#4686=AXIS2_PLACEMENT_3D('',#7454,#5312,#5313);
#4687=AXIS2_PLACEMENT_3D('',#7455,#5314,#5315);
#4688=AXIS2_PLACEMENT_3D('',#7461,#5319,#5320);
#4689=AXIS2_PLACEMENT_3D('',#7463,#5321,#5322);
#4690=AXIS2_PLACEMENT_3D('',#7466,#5324,#5325);
#4691=AXIS2_PLACEMENT_3D('',#7467,#5326,#5327);
#4692=AXIS2_PLACEMENT_3D('',#7473,#5331,#5332);
#4693=AXIS2_PLACEMENT_3D('',#7475,#5333,#5334);
#4694=AXIS2_PLACEMENT_3D('',#7478,#5336,#5337);
#4695=AXIS2_PLACEMENT_3D('',#7479,#5338,#5339);
#4696=AXIS2_PLACEMENT_3D('',#7482,#5342,#5343);
#4697=AXIS2_PLACEMENT_3D('',#7485,#5344,#5345);
#4698=AXIS2_PLACEMENT_3D('',#7486,#5346,#5347);
#4699=AXIS2_PLACEMENT_3D('',#7488,#5348,#5349);
#4700=AXIS2_PLACEMENT_3D('',#7490,#5350,#5351);
#4701=AXIS2_PLACEMENT_3D('',#7491,#5352,#5353);
#4702=AXIS2_PLACEMENT_3D('',#7492,#5354,#5355);
#4703=AXIS2_PLACEMENT_3D('',#7493,#5356,#5357);
#4704=AXIS2_PLACEMENT_3D('',#7496,#5359,#5360);
#4705=AXIS2_PLACEMENT_3D('',#7497,#5361,#5362);
#4706=AXIS2_PLACEMENT_3D('',#7498,#5363,#5364);
#4707=AXIS2_PLACEMENT_3D('',#7501,#5365,#5366);
#4708=AXIS2_PLACEMENT_3D('',#7505,#5368,#5369);
#4709=AXIS2_PLACEMENT_3D('',#7507,#5371,#5372);
#4710=AXIS2_PLACEMENT_3D('',#7513,#5376,#5377);
#4711=AXIS2_PLACEMENT_3D('',#7515,#5378,#5379);
#4712=AXIS2_PLACEMENT_3D('',#7518,#5381,#5382);
#4713=AXIS2_PLACEMENT_3D('',#7519,#5383,#5384);
#4714=AXIS2_PLACEMENT_3D('',#7525,#5388,#5389);
#4715=AXIS2_PLACEMENT_3D('',#7527,#5390,#5391);
#4716=AXIS2_PLACEMENT_3D('',#7530,#5393,#5394);
#4717=AXIS2_PLACEMENT_3D('',#7531,#5395,#5396);
#4718=AXIS2_PLACEMENT_3D('',#7537,#5400,#5401);
#4719=AXIS2_PLACEMENT_3D('',#7539,#5402,#5403);
#4720=AXIS2_PLACEMENT_3D('',#7542,#5405,#5406);
#4721=AXIS2_PLACEMENT_3D('',#7543,#5407,#5408);
#4722=AXIS2_PLACEMENT_3D('',#7549,#5412,#5413);
#4723=AXIS2_PLACEMENT_3D('',#7551,#5414,#5415);
#4724=AXIS2_PLACEMENT_3D('',#7554,#5417,#5418);
#4725=AXIS2_PLACEMENT_3D('',#7555,#5419,#5420);
#4726=AXIS2_PLACEMENT_3D('',#7561,#5424,#5425);
#4727=AXIS2_PLACEMENT_3D('',#7563,#5426,#5427);
#4728=AXIS2_PLACEMENT_3D('',#7566,#5429,#5430);
#4729=AXIS2_PLACEMENT_3D('',#7567,#5431,#5432);
#4730=AXIS2_PLACEMENT_3D('',#7573,#5436,#5437);
#4731=AXIS2_PLACEMENT_3D('',#7575,#5438,#5439);
#4732=AXIS2_PLACEMENT_3D('',#7578,#5441,#5442);
#4733=AXIS2_PLACEMENT_3D('',#7579,#5443,#5444);
#4734=AXIS2_PLACEMENT_3D('',#7585,#5448,#5449);
#4735=AXIS2_PLACEMENT_3D('',#7587,#5450,#5451);
#4736=AXIS2_PLACEMENT_3D('',#7590,#5453,#5454);
#4737=AXIS2_PLACEMENT_3D('',#7591,#5455,#5456);
#4738=AXIS2_PLACEMENT_3D('',#7594,#5459,#5460);
#4739=AXIS2_PLACEMENT_3D('',#7597,#5461,#5462);
#4740=AXIS2_PLACEMENT_3D('',#7598,#5463,#5464);
#4741=AXIS2_PLACEMENT_3D('',#7600,#5465,#5466);
#4742=AXIS2_PLACEMENT_3D('',#7602,#5467,#5468);
#4743=AXIS2_PLACEMENT_3D('',#7603,#5469,#5470);
#4744=AXIS2_PLACEMENT_3D('',#7604,#5471,#5472);
#4745=AXIS2_PLACEMENT_3D('',#7605,#5473,#5474);
#4746=AXIS2_PLACEMENT_3D('',#7608,#5476,#5477);
#4747=AXIS2_PLACEMENT_3D('',#7609,#5478,#5479);
#4748=AXIS2_PLACEMENT_3D('',#7610,#5480,#5481);
#4749=AXIS2_PLACEMENT_3D('',#7613,#5482,#5483);
#4750=AXIS2_PLACEMENT_3D('',#7614,#5484,#5485);
#4751=AXIS2_PLACEMENT_3D('',#7617,#5487,#5488);
#4752=AXIS2_PLACEMENT_3D('',#7618,#5489,#5490);
#4753=AXIS2_PLACEMENT_3D('',#7621,#5491,#5492);
#4754=AXIS2_PLACEMENT_3D('',#7625,#5494,#5495);
#4755=AXIS2_PLACEMENT_3D('',#7627,#5497,#5498);
#4756=AXIS2_PLACEMENT_3D('',#7633,#5502,#5503);
#4757=AXIS2_PLACEMENT_3D('',#7635,#5504,#5505);
#4758=AXIS2_PLACEMENT_3D('',#7637,#5506,#5507);
#4759=AXIS2_PLACEMENT_3D('',#7639,#5509,#5510);
#4760=AXIS2_PLACEMENT_3D('',#7645,#5514,#5515);
#4761=AXIS2_PLACEMENT_3D('',#7651,#5519,#5520);
#4762=AXIS2_PLACEMENT_3D('',#7653,#5522,#5523);
#4763=AXIS2_PLACEMENT_3D('',#7664,#5529,#5530);
#4764=AXIS2_PLACEMENT_3D('',#7666,#5531,#5532);
#4765=AXIS2_PLACEMENT_3D('',#7667,#5533,#5534);
#4766=AXIS2_PLACEMENT_3D('',#7670,#5535,#5536);
#4767=AXIS2_PLACEMENT_3D('',#7674,#5538,#5539);
#4768=AXIS2_PLACEMENT_3D('',#7676,#5541,#5542);
#4769=AXIS2_PLACEMENT_3D('',#7682,#5546,#5547);
#4770=AXIS2_PLACEMENT_3D('',#7684,#5548,#5549);
#4771=AXIS2_PLACEMENT_3D('',#7686,#5550,#5551);
#4772=AXIS2_PLACEMENT_3D('',#7688,#5553,#5554);
#4773=AXIS2_PLACEMENT_3D('',#7694,#5558,#5559);
#4774=AXIS2_PLACEMENT_3D('',#7696,#5560,#5561);
#4775=AXIS2_PLACEMENT_3D('',#7698,#5562,#5563);
#4776=AXIS2_PLACEMENT_3D('',#7700,#5565,#5566);
#4777=AXIS2_PLACEMENT_3D('',#7706,#5570,#5571);
#4778=AXIS2_PLACEMENT_3D('',#7708,#5572,#5573);
#4779=AXIS2_PLACEMENT_3D('',#7710,#5574,#5575);
#4780=AXIS2_PLACEMENT_3D('',#7712,#5577,#5578);
#4781=AXIS2_PLACEMENT_3D('',#7718,#5582,#5583);
#4782=AXIS2_PLACEMENT_3D('',#7720,#5584,#5585);
#4783=AXIS2_PLACEMENT_3D('',#7722,#5586,#5587);
#4784=AXIS2_PLACEMENT_3D('',#7724,#5589,#5590);
#4785=AXIS2_PLACEMENT_3D('',#7730,#5594,#5595);
#4786=AXIS2_PLACEMENT_3D('',#7732,#5596,#5597);
#4787=AXIS2_PLACEMENT_3D('',#7734,#5598,#5599);
#4788=AXIS2_PLACEMENT_3D('',#7736,#5601,#5602);
#4789=AXIS2_PLACEMENT_3D('',#7742,#5606,#5607);
#4790=AXIS2_PLACEMENT_3D('',#7744,#5608,#5609);
#4791=AXIS2_PLACEMENT_3D('',#7746,#5610,#5611);
#4792=AXIS2_PLACEMENT_3D('',#7748,#5613,#5614);
#4793=AXIS2_PLACEMENT_3D('',#7754,#5618,#5619);
#4794=AXIS2_PLACEMENT_3D('',#7756,#5620,#5621);
#4795=AXIS2_PLACEMENT_3D('',#7758,#5622,#5623);
#4796=AXIS2_PLACEMENT_3D('',#7760,#5625,#5626);
#4797=AXIS2_PLACEMENT_3D('',#7763,#5629,#5630);
#4798=AXIS2_PLACEMENT_3D('',#7766,#5631,#5632);
#4799=AXIS2_PLACEMENT_3D('',#7768,#5633,#5634);
#4800=AXIS2_PLACEMENT_3D('',#7770,#5635,#5636);
#4801=AXIS2_PLACEMENT_3D('',#7771,#5637,#5638);
#4802=AXIS2_PLACEMENT_3D('',#7772,#5639,#5640);
#4803=AXIS2_PLACEMENT_3D('',#7773,#5641,#5642);
#4804=AXIS2_PLACEMENT_3D('',#7774,#5643,#5644);
#4805=AXIS2_PLACEMENT_3D('',#7777,#5646,#5647);
#4806=AXIS2_PLACEMENT_3D('',#7778,#5648,#5649);
#4807=AXIS2_PLACEMENT_3D('',#7779,#5650,#5651);
#4808=AXIS2_PLACEMENT_3D('',#7782,#5652,#5653);
#4809=AXIS2_PLACEMENT_3D('',#7786,#5655,#5656);
#4810=AXIS2_PLACEMENT_3D('',#7788,#5658,#5659);
#4811=AXIS2_PLACEMENT_3D('',#7794,#5663,#5664);
#4812=AXIS2_PLACEMENT_3D('',#7796,#5665,#5666);
#4813=AXIS2_PLACEMENT_3D('',#7798,#5667,#5668);
#4814=AXIS2_PLACEMENT_3D('',#7800,#5670,#5671);
#4815=AXIS2_PLACEMENT_3D('',#7806,#5675,#5676);
#4816=AXIS2_PLACEMENT_3D('',#7808,#5677,#5678);
#4817=AXIS2_PLACEMENT_3D('',#7810,#5679,#5680);
#4818=AXIS2_PLACEMENT_3D('',#7812,#5682,#5683);
#4819=AXIS2_PLACEMENT_3D('',#7818,#5687,#5688);
#4820=AXIS2_PLACEMENT_3D('',#7820,#5689,#5690);
#4821=AXIS2_PLACEMENT_3D('',#7822,#5691,#5692);
#4822=AXIS2_PLACEMENT_3D('',#7824,#5694,#5695);
#4823=AXIS2_PLACEMENT_3D('',#7830,#5699,#5700);
#4824=AXIS2_PLACEMENT_3D('',#7832,#5701,#5702);
#4825=AXIS2_PLACEMENT_3D('',#7834,#5703,#5704);
#4826=AXIS2_PLACEMENT_3D('',#7836,#5706,#5707);
#4827=AXIS2_PLACEMENT_3D('',#7842,#5711,#5712);
#4828=AXIS2_PLACEMENT_3D('',#7844,#5713,#5714);
#4829=AXIS2_PLACEMENT_3D('',#7846,#5715,#5716);
#4830=AXIS2_PLACEMENT_3D('',#7848,#5718,#5719);
#4831=AXIS2_PLACEMENT_3D('',#7854,#5723,#5724);
#4832=AXIS2_PLACEMENT_3D('',#7856,#5725,#5726);
#4833=AXIS2_PLACEMENT_3D('',#7858,#5727,#5728);
#4834=AXIS2_PLACEMENT_3D('',#7860,#5730,#5731);
#4835=AXIS2_PLACEMENT_3D('',#7866,#5735,#5736);
#4836=AXIS2_PLACEMENT_3D('',#7868,#5737,#5738);
#4837=AXIS2_PLACEMENT_3D('',#7870,#5739,#5740);
#4838=AXIS2_PLACEMENT_3D('',#7872,#5742,#5743);
#4839=AXIS2_PLACEMENT_3D('',#7875,#5746,#5747);
#4840=AXIS2_PLACEMENT_3D('',#7878,#5748,#5749);
#4841=AXIS2_PLACEMENT_3D('',#7880,#5750,#5751);
#4842=AXIS2_PLACEMENT_3D('',#7882,#5752,#5753);
#4843=AXIS2_PLACEMENT_3D('',#7883,#5754,#5755);
#4844=AXIS2_PLACEMENT_3D('',#7884,#5756,#5757);
#4845=AXIS2_PLACEMENT_3D('',#7885,#5758,#5759);
#4846=AXIS2_PLACEMENT_3D('',#7886,#5760,#5761);
#4847=AXIS2_PLACEMENT_3D('',#7889,#5763,#5764);
#4848=AXIS2_PLACEMENT_3D('',#7890,#5765,#5766);
#4849=AXIS2_PLACEMENT_3D('',#7891,#5767,#5768);
#4850=AXIS2_PLACEMENT_3D('',#7894,#5769,#5770);
#4851=AXIS2_PLACEMENT_3D('',#7895,#5771,#5772);
#4852=AXIS2_PLACEMENT_3D('',#7899,#5774,#5775);
#4853=AXIS2_PLACEMENT_3D('',#7900,#5776,#5777);
#4854=AXIS2_PLACEMENT_3D('',#7901,#5778,#5779);
#4855=AXIS2_PLACEMENT_3D('',#7904,#5780,#5781);
#4856=AXIS2_PLACEMENT_3D('',#7905,#5782,#5783);
#4857=AXIS2_PLACEMENT_3D('',#7906,#5784,#5785);
#4858=AXIS2_PLACEMENT_3D('',#7909,#5786,#5787);
#4859=AXIS2_PLACEMENT_3D('',#7910,#5788,#5789);
#4860=AXIS2_PLACEMENT_3D('',#7912,#5791,#5792);
#4861=AXIS2_PLACEMENT_3D('',#7915,#5793,#5794);
#4862=AXIS2_PLACEMENT_3D('',#7916,#5795,#5796);
#4863=AXIS2_PLACEMENT_3D('',#7917,#5797,#5798);
#4864=AXIS2_PLACEMENT_3D('',#7920,#5799,#5800);
#4865=AXIS2_PLACEMENT_3D('',#7921,#5801,#5802);
#4866=AXIS2_PLACEMENT_3D('',#7923,#5804,#5805);
#4867=AXIS2_PLACEMENT_3D('',#7926,#5806,#5807);
#4868=AXIS2_PLACEMENT_3D('',#7927,#5808,#5809);
#4869=AXIS2_PLACEMENT_3D('',#7928,#5810,#5811);
#4870=AXIS2_PLACEMENT_3D('',#7931,#5812,#5813);
#4871=AXIS2_PLACEMENT_3D('',#7932,#5814,#5815);
#4872=AXIS2_PLACEMENT_3D('',#7934,#5817,#5818);
#4873=AXIS2_PLACEMENT_3D('',#7937,#5819,#5820);
#4874=AXIS2_PLACEMENT_3D('',#7938,#5821,#5822);
#4875=AXIS2_PLACEMENT_3D('',#7939,#5823,#5824);
#4876=AXIS2_PLACEMENT_3D('',#7942,#5825,#5826);
#4877=AXIS2_PLACEMENT_3D('',#7943,#5827,#5828);
#4878=AXIS2_PLACEMENT_3D('',#7945,#5830,#5831);
#4879=AXIS2_PLACEMENT_3D('',#7946,#5832,#5833);
#4880=AXIS2_PLACEMENT_3D('',#7949,#5834,#5835);
#4881=AXIS2_PLACEMENT_3D('',#7950,#5836,#5837);
#4882=AXIS2_PLACEMENT_3D('',#7953,#5838,#5839);
#4883=AXIS2_PLACEMENT_3D('',#7954,#5840,#5841);
#4884=AXIS2_PLACEMENT_3D('',#7955,#5842,#5843);
#4885=AXIS2_PLACEMENT_3D('',#7958,#5844,#5845);
#4886=AXIS2_PLACEMENT_3D('',#7959,#5846,#5847);
#4887=AXIS2_PLACEMENT_3D('',#7961,#5849,#5850);
#4888=AXIS2_PLACEMENT_3D('',#7964,#5851,#5852);
#4889=AXIS2_PLACEMENT_3D('',#7965,#5853,#5854);
#4890=AXIS2_PLACEMENT_3D('',#7966,#5855,#5856);
#4891=AXIS2_PLACEMENT_3D('',#7969,#5857,#5858);
#4892=AXIS2_PLACEMENT_3D('',#7970,#5859,#5860);
#4893=AXIS2_PLACEMENT_3D('',#7972,#5862,#5863);
#4894=AXIS2_PLACEMENT_3D('',#7973,#5864,#5865);
#4895=AXIS2_PLACEMENT_3D('',#7977,#5867,#5868);
#4896=AXIS2_PLACEMENT_3D('',#7978,#5869,#5870);
#4897=AXIS2_PLACEMENT_3D('',#7979,#5871,#5872);
#4898=AXIS2_PLACEMENT_3D('',#7982,#5873,#5874);
#4899=AXIS2_PLACEMENT_3D('',#7983,#5875,#5876);
#4900=AXIS2_PLACEMENT_3D('',#7987,#5878,#5879);
#4901=AXIS2_PLACEMENT_3D('',#7988,#5880,#5881);
#4902=AXIS2_PLACEMENT_3D('',#7989,#5882,#5883);
#4903=AXIS2_PLACEMENT_3D('',#7990,#5884,#5885);
#4904=AXIS2_PLACEMENT_3D('',#7992,#5886,#5887);
#4905=AXIS2_PLACEMENT_3D('',#7995,#5889,#5890);
#4906=AXIS2_PLACEMENT_3D('',#7996,#5891,#5892);
#4907=AXIS2_PLACEMENT_3D('',#7997,#5893,#5894);
#4908=AXIS2_PLACEMENT_3D('',#8000,#5895,#5896);
#4909=AXIS2_PLACEMENT_3D('',#8001,#5897,#5898);
#4910=AXIS2_PLACEMENT_3D('',#8005,#5900,#5901);
#4911=AXIS2_PLACEMENT_3D('',#8006,#5902,#5903);
#4912=AXIS2_PLACEMENT_3D('',#8007,#5904,#5905);
#4913=AXIS2_PLACEMENT_3D('',#8008,#5906,#5907);
#4914=AXIS2_PLACEMENT_3D('',#8011,#5908,#5909);
#4915=AXIS2_PLACEMENT_3D('',#8012,#5910,#5911);
#4916=AXIS2_PLACEMENT_3D('',#8016,#5913,#5914);
#4917=AXIS2_PLACEMENT_3D('',#8017,#5915,#5916);
#4918=AXIS2_PLACEMENT_3D('',#8018,#5917,#5918);
#4919=AXIS2_PLACEMENT_3D('',#8019,#5919,#5920);
#4920=AXIS2_PLACEMENT_3D('',#8022,#5921,#5922);
#4921=AXIS2_PLACEMENT_3D('',#8023,#5923,#5924);
#4922=AXIS2_PLACEMENT_3D('',#8024,#5925,#5926);
#4923=AXIS2_PLACEMENT_3D('',#8026,#5927,#5928);
#4924=AXIS2_PLACEMENT_3D('',#8028,#5929,#5930);
#4925=AXIS2_PLACEMENT_3D('',#8029,#5931,#5932);
#4926=AXIS2_PLACEMENT_3D('',#8030,#5933,#5934);
#4927=AXIS2_PLACEMENT_3D('',#8077,#5935,#5936);
#4928=AXIS2_PLACEMENT_3D('',#8124,#5937,#5938);
#4929=AXIS2_PLACEMENT_3D('',#8171,#5939,#5940);
#4930=AXIS2_PLACEMENT_3D('',#8218,#5941,#5942);
#4931=AXIS2_PLACEMENT_3D('',#8222,#5944,#5945);
#4932=AXIS2_PLACEMENT_3D('',#8223,#5946,#5947);
#4933=AXIS2_PLACEMENT_3D('',#8255,#5948,#5949);
#4934=AXIS2_PLACEMENT_3D('',#8257,#5950,#5951);
#4935=AXIS2_PLACEMENT_3D('',#8269,#5952,#5953);
#4936=AXIS2_PLACEMENT_3D('',#8301,#5954,#5955);
#4937=AXIS2_PLACEMENT_3D('',#8343,#5956,#5957);
#4938=AXIS2_PLACEMENT_3D('',#8345,#5958,#5959);
#4939=AXIS2_PLACEMENT_3D('',#8357,#5960,#5961);
#4940=AXIS2_PLACEMENT_3D('',#8389,#5962,#5963);
#4941=AXIS2_PLACEMENT_3D('',#8431,#5964,#5965);
#4942=AXIS2_PLACEMENT_3D('',#8433,#5966,#5967);
#4943=AXIS2_PLACEMENT_3D('',#8445,#5968,#5969);
#4944=AXIS2_PLACEMENT_3D('',#8477,#5970,#5971);
#4945=AXIS2_PLACEMENT_3D('',#8519,#5972,#5973);
#4946=AXIS2_PLACEMENT_3D('',#8521,#5974,#5975);
#4947=AXIS2_PLACEMENT_3D('',#8533,#5976,#5977);
#4948=AXIS2_PLACEMENT_3D('',#8565,#5978,#5979);
#4949=AXIS2_PLACEMENT_3D('',#8576,#5980,#5981);
#4950=AXIS2_PLACEMENT_3D('',#8593,#5982,#5983);
#4951=AXIS2_PLACEMENT_3D('',#8604,#5984,#5985);
#4952=AXIS2_PLACEMENT_3D('',#8607,#5986,#5987);
#4953=AXIS2_PLACEMENT_3D('',#8642,#5988,#5989);
#4954=AXIS2_PLACEMENT_3D('',#8706,#5992,#5993);
#4955=AXIS2_PLACEMENT_3D('',#8744,#5994,#5995);
#4956=AXIS2_PLACEMENT_3D('',#8806,#5998,#5999);
#4957=AXIS2_PLACEMENT_3D('',#8844,#6000,#6001);
#4958=AXIS2_PLACEMENT_3D('',#8906,#6004,#6005);
#4959=AXIS2_PLACEMENT_3D('',#8944,#6006,#6007);
#4960=AXIS2_PLACEMENT_3D('',#9006,#6010,#6011);
#4961=AXIS2_PLACEMENT_3D('',#9044,#6012,#6013);
#4962=AXIS2_PLACEMENT_3D('',#9274,#6014,#6015);
#4963=AXIS2_PLACEMENT_3D('',#9276,#6016,#6017);
#4964=AXIS2_PLACEMENT_3D('',#9485,#6018,#6019);
#4965=AXIS2_PLACEMENT_3D('',#9486,#6020,#6021);
#4966=AXIS2_PLACEMENT_3D('',#9518,#6022,#6023);
#4967=AXIS2_PLACEMENT_3D('',#9520,#6024,#6025);
#4968=AXIS2_PLACEMENT_3D('',#9602,#6026,#6027);
#4969=AXIS2_PLACEMENT_3D('',#9604,#6028,#6029);
#4970=AXIS2_PLACEMENT_3D('',#9686,#6030,#6031);
#4971=AXIS2_PLACEMENT_3D('',#9688,#6032,#6033);
#4972=AXIS2_PLACEMENT_3D('',#9770,#6034,#6035);
#4973=AXIS2_PLACEMENT_3D('',#9772,#6036,#6037);
#4974=AXIS2_PLACEMENT_3D('',#9823,#6038,#6039);
#4975=AXIS2_PLACEMENT_3D('',#9826,#6040,#6041);
#4976=AXIS2_PLACEMENT_3D('',#9827,#6042,#6043);
#4977=AXIS2_PLACEMENT_3D('',#9828,#6044,#6045);
#4978=AXIS2_PLACEMENT_3D('',#9831,#6046,#6047);
#4979=AXIS2_PLACEMENT_3D('',#9832,#6048,#6049);
#4980=AXIS2_PLACEMENT_3D('',#9834,#6051,#6052);
#4981=AXIS2_PLACEMENT_3D('',#9845,#6058,#6059);
#4982=AXIS2_PLACEMENT_3D('',#9847,#6060,#6061);
#4983=AXIS2_PLACEMENT_3D('',#9848,#6062,#6063);
#4984=AXIS2_PLACEMENT_3D('',#9850,#6064,#6065);
#4985=AXIS2_PLACEMENT_3D('',#9853,#6067,#6068);
#4986=AXIS2_PLACEMENT_3D('',#9863,#6074,#6075);
#4987=AXIS2_PLACEMENT_3D('',#9866,#6077,#6078);
#4988=AXIS2_PLACEMENT_3D('',#9869,#6080,#6081);
#4989=AXIS2_PLACEMENT_3D('',#9878,#6086,#6087);
#4990=AXIS2_PLACEMENT_3D('',#9879,#6088,#6089);
#4991=AXIS2_PLACEMENT_3D('',#9881,#6091,#6092);
#4992=AXIS2_PLACEMENT_3D('',#9883,#6094,#6095);
#4993=AXIS2_PLACEMENT_3D('',#9884,#6096,#6097);
#4994=AXIS2_PLACEMENT_3D('',#9893,#6102,#6103);
#4995=AXIS2_PLACEMENT_3D('',#9896,#6106,#6107);
#4996=AXIS2_PLACEMENT_3D('',#9899,#6110,#6111);
#4997=AXIS2_PLACEMENT_3D('',#9900,#6112,#6113);
#4998=AXIS2_PLACEMENT_3D('',#9901,#6114,#6115);
#4999=AXIS2_PLACEMENT_3D('',#9912,#6120,#6121);
#5000=AXIS2_PLACEMENT_3D('',#9913,#6122,#6123);
#5001=AXIS2_PLACEMENT_3D('',#9914,#6124,#6125);
#5002=AXIS2_PLACEMENT_3D('',#9917,#6128,#6129);
#5003=AXIS2_PLACEMENT_3D('',#9920,#6132,#6133);
#5004=AXIS2_PLACEMENT_3D('',#9921,#6134,#6135);
#5005=AXIS2_PLACEMENT_3D('',#9922,#6136,#6137);
#5006=AXIS2_PLACEMENT_3D('',#9925,#6138,#6139);
#5007=AXIS2_PLACEMENT_3D('',#9926,#6140,#6141);
#5008=AXIS2_PLACEMENT_3D('',#9930,#6143,#6144);
#5009=AXIS2_PLACEMENT_3D('',#9931,#6145,#6146);
#5010=AXIS2_PLACEMENT_3D('',#9932,#6147,#6148);
#5011=AXIS2_PLACEMENT_3D('',#9933,#6149,#6150);
#5012=AXIS2_PLACEMENT_3D('',#9935,#6151,#6152);
#5013=AXIS2_PLACEMENT_3D('',#9938,#6154,#6155);
#5014=AXIS2_PLACEMENT_3D('',#9939,#6156,#6157);
#5015=AXIS2_PLACEMENT_3D('',#9940,#6158,#6159);
#5016=AXIS2_PLACEMENT_3D('',#9943,#6160,#6161);
#5017=AXIS2_PLACEMENT_3D('',#9944,#6162,#6163);
#5018=AXIS2_PLACEMENT_3D('',#9948,#6165,#6166);
#5019=AXIS2_PLACEMENT_3D('',#9949,#6167,#6168);
#5020=AXIS2_PLACEMENT_3D('',#9950,#6169,#6170);
#5021=AXIS2_PLACEMENT_3D('',#9951,#6171,#6172);
#5022=AXIS2_PLACEMENT_3D('',#9954,#6173,#6174);
#5023=AXIS2_PLACEMENT_3D('',#9955,#6175,#6176);
#5024=AXIS2_PLACEMENT_3D('',#9959,#6178,#6179);
#5025=AXIS2_PLACEMENT_3D('',#9960,#6180,#6181);
#5026=AXIS2_PLACEMENT_3D('',#9961,#6182,#6183);
#5027=AXIS2_PLACEMENT_3D('',#9962,#6184,#6185);
#5028=AXIS2_PLACEMENT_3D('',#9965,#6186,#6187);
#5029=AXIS2_PLACEMENT_3D('',#9966,#6188,#6189);
#5030=AXIS2_PLACEMENT_3D('',#9967,#6190,#6191);
#5031=AXIS2_PLACEMENT_3D('',#9969,#6192,#6193);
#5032=AXIS2_PLACEMENT_3D('',#9971,#6194,#6195);
#5033=AXIS2_PLACEMENT_3D('',#9972,#6196,#6197);
#5034=AXIS2_PLACEMENT_3D('',#9973,#6198,#6199);
#5035=AXIS2_PLACEMENT_3D('',#10020,#6200,#6201);
#5036=AXIS2_PLACEMENT_3D('',#10067,#6202,#6203);
#5037=AXIS2_PLACEMENT_3D('',#10114,#6204,#6205);
#5038=AXIS2_PLACEMENT_3D('',#10161,#6206,#6207);
#5039=AXIS2_PLACEMENT_3D('',#10165,#6209,#6210);
#5040=AXIS2_PLACEMENT_3D('',#10166,#6211,#6212);
#5041=AXIS2_PLACEMENT_3D('',#10198,#6213,#6214);
#5042=AXIS2_PLACEMENT_3D('',#10200,#6215,#6216);
#5043=AXIS2_PLACEMENT_3D('',#10212,#6217,#6218);
#5044=AXIS2_PLACEMENT_3D('',#10244,#6219,#6220);
#5045=AXIS2_PLACEMENT_3D('',#10286,#6221,#6222);
#5046=AXIS2_PLACEMENT_3D('',#10288,#6223,#6224);
#5047=AXIS2_PLACEMENT_3D('',#10300,#6225,#6226);
#5048=AXIS2_PLACEMENT_3D('',#10332,#6227,#6228);
#5049=AXIS2_PLACEMENT_3D('',#10374,#6229,#6230);
#5050=AXIS2_PLACEMENT_3D('',#10376,#6231,#6232);
#5051=AXIS2_PLACEMENT_3D('',#10388,#6233,#6234);
#5052=AXIS2_PLACEMENT_3D('',#10420,#6235,#6236);
#5053=AXIS2_PLACEMENT_3D('',#10462,#6237,#6238);
#5054=AXIS2_PLACEMENT_3D('',#10464,#6239,#6240);
#5055=AXIS2_PLACEMENT_3D('',#10476,#6241,#6242);
#5056=AXIS2_PLACEMENT_3D('',#10508,#6243,#6244);
#5057=AXIS2_PLACEMENT_3D('',#10519,#6245,#6246);
#5058=AXIS2_PLACEMENT_3D('',#10536,#6247,#6248);
#5059=AXIS2_PLACEMENT_3D('',#10547,#6249,#6250);
#5060=AXIS2_PLACEMENT_3D('',#10550,#6251,#6252);
#5061=AXIS2_PLACEMENT_3D('',#10585,#6253,#6254);
#5062=AXIS2_PLACEMENT_3D('',#10649,#6257,#6258);
#5063=AXIS2_PLACEMENT_3D('',#10687,#6259,#6260);
#5064=AXIS2_PLACEMENT_3D('',#10749,#6263,#6264);
#5065=AXIS2_PLACEMENT_3D('',#10787,#6265,#6266);
#5066=AXIS2_PLACEMENT_3D('',#10849,#6269,#6270);
#5067=AXIS2_PLACEMENT_3D('',#10887,#6271,#6272);
#5068=AXIS2_PLACEMENT_3D('',#10949,#6275,#6276);
#5069=AXIS2_PLACEMENT_3D('',#10987,#6277,#6278);
#5070=AXIS2_PLACEMENT_3D('',#11217,#6279,#6280);
#5071=AXIS2_PLACEMENT_3D('',#11219,#6281,#6282);
#5072=AXIS2_PLACEMENT_3D('',#11428,#6283,#6284);
#5073=AXIS2_PLACEMENT_3D('',#11429,#6285,#6286);
#5074=AXIS2_PLACEMENT_3D('',#11461,#6287,#6288);
#5075=AXIS2_PLACEMENT_3D('',#11463,#6289,#6290);
#5076=AXIS2_PLACEMENT_3D('',#11545,#6291,#6292);
#5077=AXIS2_PLACEMENT_3D('',#11547,#6293,#6294);
#5078=AXIS2_PLACEMENT_3D('',#11629,#6295,#6296);
#5079=AXIS2_PLACEMENT_3D('',#11631,#6297,#6298);
#5080=AXIS2_PLACEMENT_3D('',#11713,#6299,#6300);
#5081=AXIS2_PLACEMENT_3D('',#11715,#6301,#6302);
#5082=AXIS2_PLACEMENT_3D('',#11766,#6303,#6304);
#5083=AXIS2_PLACEMENT_3D('',#11769,#6305,#6306);
#5084=AXIS2_PLACEMENT_3D('',#11770,#6307,#6308);
#5085=AXIS2_PLACEMENT_3D('',#11771,#6309,#6310);
#5086=AXIS2_PLACEMENT_3D('',#11773,#6312,#6313);
#5087=AXIS2_PLACEMENT_3D('',#11775,#6314,#6315);
#5088=AXIS2_PLACEMENT_3D('',#11777,#6317,#6318);
#5089=AXIS2_PLACEMENT_3D('',#11779,#6319,#6320);
#5090=AXIS2_PLACEMENT_3D('',#11782,#6322,#6323);
#5091=AXIS2_PLACEMENT_3D('',#11783,#6324,#6325);
#5092=AXIS2_PLACEMENT_3D('',#11784,#6326,#6327);
#5093=AXIS2_PLACEMENT_3D('',#11785,#6328,#6329);
#5094=AXIS2_PLACEMENT_3D('',#11787,#6330,#6331);
#5095=AXIS2_PLACEMENT_3D('',#11789,#6333,#6334);
#5096=AXIS2_PLACEMENT_3D('',#11791,#6335,#6336);
#5097=AXIS2_PLACEMENT_3D('',#11794,#6338,#6339);
#5098=AXIS2_PLACEMENT_3D('',#11795,#6340,#6341);
#5099=AXIS2_PLACEMENT_3D('',#11796,#6342,#6343);
#5100=AXIS2_PLACEMENT_3D('',#11797,#6344,#6345);
#5101=AXIS2_PLACEMENT_3D('',#11799,#6346,#6347);
#5102=AXIS2_PLACEMENT_3D('',#11801,#6349,#6350);
#5103=AXIS2_PLACEMENT_3D('',#11803,#6351,#6352);
#5104=AXIS2_PLACEMENT_3D('',#11806,#6354,#6355);
#5105=AXIS2_PLACEMENT_3D('',#11807,#6356,#6357);
#5106=AXIS2_PLACEMENT_3D('',#11808,#6358,#6359);
#5107=AXIS2_PLACEMENT_3D('',#11809,#6360,#6361);
#5108=AXIS2_PLACEMENT_3D('',#11811,#6362,#6363);
#5109=AXIS2_PLACEMENT_3D('',#11813,#6365,#6366);
#5110=AXIS2_PLACEMENT_3D('',#11815,#6367,#6368);
#5111=AXIS2_PLACEMENT_3D('',#11818,#6370,#6371);
#5112=AXIS2_PLACEMENT_3D('',#11819,#6372,#6373);
#5113=AXIS2_PLACEMENT_3D('',#11820,#6374,#6375);
#5114=AXIS2_PLACEMENT_3D('placement',#11821,#6376,#6377);
#5115=AXIS2_PLACEMENT_3D('',#11822,#6378,#6379);
#5116=DIRECTION('axis',(0.,0.,1.));
#5117=DIRECTION('refdir',(1.,0.,0.));
#5118=DIRECTION('center_axis',(1.,-1.5466392367499E-15,-5.699373059445E-15));
#5119=DIRECTION('ref_axis',(1.56304187615363E-15,1.,5.18287469633161E-16));
#5120=DIRECTION('',(-1.,1.5466392367499E-15,5.699373059445E-15));
#5121=DIRECTION('center_axis',(-1.,-2.69052076007085E-17,-3.06161699786839E-16));
#5122=DIRECTION('ref_axis',(1.56304187615363E-15,1.,5.18287469633161E-16));
#5123=DIRECTION('center_axis',(1.,-1.5466392367499E-15,-5.699373059445E-15));
#5124=DIRECTION('ref_axis',(1.56304187615363E-15,1.,5.18287469633161E-16));
#5125=DIRECTION('',(-1.,1.5466392367499E-15,5.699373059445E-15));
#5126=DIRECTION('center_axis',(-1.,-2.69052076007085E-17,-3.06161699786839E-16));
#5127=DIRECTION('ref_axis',(1.56304187615363E-15,1.,5.18287469633161E-16));
#5128=DIRECTION('center_axis',(1.,-1.5466392367499E-15,-5.699373059445E-15));
#5129=DIRECTION('ref_axis',(1.56304187615363E-15,1.,5.18287469633161E-16));
#5130=DIRECTION('',(-1.,1.5466392367499E-15,5.699373059445E-15));
#5131=DIRECTION('center_axis',(1.,-1.5466392367499E-15,-5.699373059445E-15));
#5132=DIRECTION('ref_axis',(1.56304187615363E-15,1.,5.18287469633161E-16));
#5133=DIRECTION('',(-1.,1.5466392367499E-15,5.699373059445E-15));
#5134=DIRECTION('center_axis',(1.,-1.5466392367499E-15,-5.699373059445E-15));
#5135=DIRECTION('ref_axis',(1.56304187615363E-15,1.,5.18287469633161E-16));
#5136=DIRECTION('',(-1.,1.5466392367499E-15,5.699373059445E-15));
#5137=DIRECTION('center_axis',(1.,-1.5466392367499E-15,-5.699373059445E-15));
#5138=DIRECTION('ref_axis',(1.56304187615363E-15,1.,5.18287469633161E-16));
#5139=DIRECTION('',(-1.,1.5466392367499E-15,5.699373059445E-15));
#5140=DIRECTION('center_axis',(-1.,-2.69052076007085E-17,-3.06161699786839E-16));
#5141=DIRECTION('ref_axis',(1.56304187615363E-15,1.,5.18287469633161E-16));
#5142=DIRECTION('center_axis',(1.,2.69052076007085E-17,3.06161699786839E-16));
#5143=DIRECTION('ref_axis',(-2.69052076007087E-17,1.,6.73555739531044E-16));
#5144=DIRECTION('',(-1.,-2.69052076007085E-17,-3.06161699786839E-16));
#5145=DIRECTION('center_axis',(1.,2.69052076007085E-17,3.06161699786839E-16));
#5146=DIRECTION('ref_axis',(2.69052076007104E-17,-1.,-6.00065932717636E-15));
#5147=DIRECTION('center_axis',(1.,2.69052076007085E-17,3.06161699786839E-16));
#5148=DIRECTION('ref_axis',(-2.69052076007087E-17,1.,6.73555739531044E-16));
#5149=DIRECTION('',(-1.,-2.69052076007085E-17,-3.06161699786839E-16));
#5150=DIRECTION('center_axis',(1.,2.69052076007085E-17,3.06161699786839E-16));
#5151=DIRECTION('ref_axis',(2.69052076007104E-17,-1.,-6.00065932717636E-15));
#5152=DIRECTION('center_axis',(1.,2.69052076007085E-17,3.06161699786839E-16));
#5153=DIRECTION('ref_axis',(-2.69052076007087E-17,1.,6.73555739531044E-16));
#5154=DIRECTION('',(-1.,-2.69052076007085E-17,-3.06161699786839E-16));
#5155=DIRECTION('center_axis',(1.,2.69052076007085E-17,3.06161699786839E-16));
#5156=DIRECTION('ref_axis',(-2.69052076007087E-17,1.,6.73555739531044E-16));
#5157=DIRECTION('',(-1.,-2.69052076007085E-17,-3.06161699786839E-16));
#5158=DIRECTION('center_axis',(1.,2.69052076007085E-17,3.06161699786839E-16));
#5159=DIRECTION('ref_axis',(-2.69052076007087E-17,1.,6.73555739531044E-16));
#5160=DIRECTION('',(-1.,-2.69052076007085E-17,-3.06161699786839E-16));
#5161=DIRECTION('center_axis',(-1.,-1.17924519700569E-15,5.82183773935974E-15));
#5162=DIRECTION('ref_axis',(-1.19564783640942E-15,1.,-5.1828746963316E-16));
#5163=DIRECTION('',(1.,1.17924519700569E-15,-5.82183773935974E-15));
#5164=DIRECTION('center_axis',(1.,-3.94299247344914E-16,1.83697019872103E-16));
#5165=DIRECTION('ref_axis',(-1.19564783640942E-15,1.,-5.1828746963316E-16));
#5166=DIRECTION('center_axis',(-1.,-1.17924519700569E-15,5.82183773935974E-15));
#5167=DIRECTION('ref_axis',(-1.19564783640942E-15,1.,-5.1828746963316E-16));
#5168=DIRECTION('',(1.,1.17924519700569E-15,-5.82183773935974E-15));
#5169=DIRECTION('center_axis',(1.,-3.94299247344914E-16,1.83697019872103E-16));
#5170=DIRECTION('ref_axis',(-1.19564783640942E-15,1.,-5.1828746963316E-16));
#5171=DIRECTION('center_axis',(-1.,-1.17924519700569E-15,5.82183773935974E-15));
#5172=DIRECTION('ref_axis',(-1.19564783640942E-15,1.,-5.1828746963316E-16));
#5173=DIRECTION('',(1.,1.17924519700569E-15,-5.82183773935974E-15));
#5174=DIRECTION('center_axis',(-1.,-1.17924519700569E-15,5.82183773935974E-15));
#5175=DIRECTION('ref_axis',(-1.19564783640942E-15,1.,-5.1828746963316E-16));
#5176=DIRECTION('',(1.,1.17924519700569E-15,-5.82183773935974E-15));
#5177=DIRECTION('center_axis',(-1.,-1.17924519700569E-15,5.82183773935974E-15));
#5178=DIRECTION('ref_axis',(-1.19564783640942E-15,1.,-5.1828746963316E-16));
#5179=DIRECTION('',(1.,1.17924519700569E-15,-5.82183773935974E-15));
#5180=DIRECTION('center_axis',(-1.,-1.17924519700569E-15,5.82183773935974E-15));
#5181=DIRECTION('ref_axis',(-1.19564783640942E-15,1.,-5.1828746963316E-16));
#5182=DIRECTION('',(1.,1.17924519700569E-15,-5.82183773935974E-15));
#5183=DIRECTION('center_axis',(1.,-3.94299247344914E-16,1.83697019872103E-16));
#5184=DIRECTION('ref_axis',(-1.19564783640942E-15,1.,-5.1828746963316E-16));
#5185=DIRECTION('center_axis',(-1.,3.94299247344914E-16,-1.83697019872103E-16));
#5186=DIRECTION('ref_axis',(3.94299247344915E-16,1.,-6.73555739531044E-16));
#5187=DIRECTION('',(1.,-3.94299247344914E-16,1.83697019872103E-16));
#5188=DIRECTION('center_axis',(-1.,3.94299247344914E-16,-1.83697019872103E-16));
#5189=DIRECTION('ref_axis',(-3.94299247344916E-16,-1.,6.00065932717636E-15));
#5190=DIRECTION('center_axis',(-1.,3.94299247344914E-16,-1.83697019872103E-16));
#5191=DIRECTION('ref_axis',(3.94299247344915E-16,1.,-6.73555739531044E-16));
#5192=DIRECTION('',(1.,-3.94299247344914E-16,1.83697019872103E-16));
#5193=DIRECTION('center_axis',(-1.,3.94299247344914E-16,-1.83697019872103E-16));
#5194=DIRECTION('ref_axis',(-3.94299247344916E-16,-1.,6.00065932717636E-15));
#5195=DIRECTION('center_axis',(-1.,3.94299247344914E-16,-1.83697019872103E-16));
#5196=DIRECTION('ref_axis',(3.94299247344915E-16,1.,-6.73555739531044E-16));
#5197=DIRECTION('',(1.,-3.94299247344914E-16,1.83697019872103E-16));
#5198=DIRECTION('center_axis',(-1.,3.94299247344914E-16,-1.83697019872103E-16));
#5199=DIRECTION('ref_axis',(3.94299247344915E-16,1.,-6.73555739531044E-16));
#5200=DIRECTION('',(1.,-3.94299247344914E-16,1.83697019872103E-16));
#5201=DIRECTION('center_axis',(-1.,3.94299247344914E-16,-1.83697019872103E-16));
#5202=DIRECTION('ref_axis',(3.94299247344915E-16,1.,-6.73555739531044E-16));
#5203=DIRECTION('',(1.,-3.94299247344914E-16,1.83697019872103E-16));
#5204=DIRECTION('center_axis',(8.15778644068135E-32,4.44089209850063E-16,
1.));
#5205=DIRECTION('ref_axis',(-1.83697019872103E-16,-1.,4.44089209850063E-16));
#5206=DIRECTION('center_axis',(8.15778644068135E-32,4.44089209850063E-16,
1.));
#5207=DIRECTION('ref_axis',(-1.83697019872103E-16,-1.,4.44089209850063E-16));
#5208=DIRECTION('',(-8.15778644068135E-32,-4.44089209850063E-16,-1.));
#5209=DIRECTION('center_axis',(-8.15778644068135E-32,-4.44089209850063E-16,
-1.));
#5210=DIRECTION('ref_axis',(-1.83697019872103E-16,-1.,4.44089209850063E-16));
#5211=DIRECTION('center_axis',(8.15778644068135E-32,4.44089209850063E-16,
1.));
#5212=DIRECTION('ref_axis',(-1.83697019872103E-16,-1.,4.44089209850063E-16));
#5213=DIRECTION('center_axis',(8.15778644068135E-32,4.44089209850063E-16,
1.));
#5214=DIRECTION('ref_axis',(-5.734812142998E-15,-1.,4.44089209850063E-16));
#5215=DIRECTION('center_axis',(8.15778644068135E-32,4.44089209850063E-16,
1.));
#5216=DIRECTION('ref_axis',(-5.734812142998E-15,-1.,4.44089209850063E-16));
#5217=DIRECTION('',(-8.15778644068135E-32,-4.44089209850063E-16,-1.));
#5218=DIRECTION('center_axis',(8.15778644068135E-32,4.44089209850063E-16,
1.));
#5219=DIRECTION('ref_axis',(-5.734812142998E-15,-1.,4.44089209850063E-16));
#5220=DIRECTION('',(-8.15778644068135E-32,-4.44089209850063E-16,-1.));
#5221=DIRECTION('center_axis',(1.83697019872103E-16,1.,-4.44089209850063E-16));
#5222=DIRECTION('ref_axis',(1.,-1.83697019872103E-16,0.));
#5223=DIRECTION('',(1.,-1.83697019872103E-16,0.));
#5224=DIRECTION('',(-8.15778644068135E-32,-4.44089209850063E-16,-1.));
#5225=DIRECTION('',(1.,-1.83697019872103E-16,0.));
#5226=DIRECTION('center_axis',(8.15778644068135E-32,4.44089209850063E-16,
1.));
#5227=DIRECTION('ref_axis',(-1.,1.83697019872103E-16,0.));
#5228=DIRECTION('center_axis',(8.15778644068135E-32,4.44089209850063E-16,
1.));
#5229=DIRECTION('ref_axis',(-1.,1.83697019872103E-16,0.));
#5230=DIRECTION('',(-8.15778644068135E-32,-4.44089209850063E-16,-1.));
#5231=DIRECTION('center_axis',(8.15778644068135E-32,4.44089209850063E-16,
1.));
#5232=DIRECTION('ref_axis',(-1.,1.83697019872103E-16,0.));
#5233=DIRECTION('center_axis',(1.,-1.83697019872103E-16,0.));
#5234=DIRECTION('ref_axis',(-1.83697019872103E-16,-1.,4.44089209850063E-16));
#5235=DIRECTION('',(-1.83697019872103E-16,-1.,4.44089209850063E-16));
#5236=DIRECTION('',(0.,0.,1.));
#5237=DIRECTION('',(-1.83697019872103E-16,-1.,4.44089209850063E-16));
#5238=DIRECTION('center_axis',(-1.,1.83697019872103E-16,0.));
#5239=DIRECTION('ref_axis',(1.83697019872103E-16,1.,-4.44089209850063E-16));
#5240=DIRECTION('',(1.83697019872103E-16,1.,-4.44089209850063E-16));
#5241=DIRECTION('',(1.83697019872103E-16,1.,-4.44089209850063E-16));
#5242=DIRECTION('',(0.,0.,-1.));
#5243=DIRECTION('center_axis',(-8.15778644068135E-32,-4.44089209850063E-16,
-1.));
#5244=DIRECTION('ref_axis',(1.83697019872103E-16,1.,-4.44089209850063E-16));
#5245=DIRECTION('',(1.,-1.83697019872103E-16,0.));
#5246=DIRECTION('center_axis',(2.46859416567414E-15,-1.,2.44383080507409E-15));
#5247=DIRECTION('ref_axis',(-5.17981613478165E-13,2.44383080507281E-15,
1.));
#5248=DIRECTION('center_axis',(-1.42764438639889E-15,1.,-2.11076389768655E-15));
#5249=DIRECTION('ref_axis',(-5.17981613478165E-13,2.44383080507281E-15,
1.));
#5250=DIRECTION('',(-2.46859416567414E-15,1.,-2.44383080507409E-15));
#5251=DIRECTION('center_axis',(-1.42764438639889E-15,1.,-2.11076389768655E-15));
#5252=DIRECTION('ref_axis',(-5.17981613478165E-13,2.44383080507281E-15,
1.));
#5253=DIRECTION('',(-2.46859416567414E-15,1.,-2.44383080507409E-15));
#5254=DIRECTION('center_axis',(-1.,-2.46859416567414E-15,1.22464679914739E-16));
#5255=DIRECTION('ref_axis',(1.22464679914733E-16,2.44383080507409E-15,1.));
#5256=DIRECTION('',(1.22464679914733E-16,2.11076389768655E-15,1.));
#5257=DIRECTION('',(-2.46859416567414E-15,1.,-2.44383080507409E-15));
#5258=DIRECTION('',(1.22464679914733E-16,2.11076389768655E-15,1.));
#5259=DIRECTION('center_axis',(2.46859416567414E-15,-1.,2.44383080507409E-15));
#5260=DIRECTION('ref_axis',(1.,2.46859416567414E-15,-1.22464679914739E-16));
#5261=DIRECTION('center_axis',(1.42764438639889E-15,-1.,2.11076389768655E-15));
#5262=DIRECTION('ref_axis',(1.,2.46859416567414E-15,-1.22464679914739E-16));
#5263=DIRECTION('',(-2.46859416567414E-15,1.,-2.44383080507409E-15));
#5264=DIRECTION('center_axis',(1.42764438639889E-15,-1.,2.11076389768655E-15));
#5265=DIRECTION('ref_axis',(1.,2.46859416567414E-15,-1.22464679914739E-16));
#5266=DIRECTION('center_axis',(1.,2.46859416567414E-15,-1.22464679914739E-16));
#5267=DIRECTION('ref_axis',(-1.22464679914733E-16,-2.44383080507409E-15,
-1.));
#5268=DIRECTION('',(-1.22464679914733E-16,-2.11076389768655E-15,-1.));
#5269=DIRECTION('',(-2.46859416567414E-15,1.,-2.44383080507409E-15));
#5270=DIRECTION('',(-1.22464679914733E-16,-2.11076389768655E-15,-1.));
#5271=DIRECTION('center_axis',(2.46859416567414E-15,-1.,2.44383080507409E-15));
#5272=DIRECTION('ref_axis',(1.,2.46859416567124E-15,-1.18436035761433E-12));
#5273=DIRECTION('center_axis',(-1.42764438639889E-15,1.,-2.11076389768655E-15));
#5274=DIRECTION('ref_axis',(1.,2.46859416567124E-15,-1.18436035761433E-12));
#5275=DIRECTION('',(-2.46859416567414E-15,1.,-2.44383080507409E-15));
#5276=DIRECTION('center_axis',(-1.42764438639889E-15,1.,-2.11076389768655E-15));
#5277=DIRECTION('ref_axis',(1.,2.46859416567124E-15,-1.18436035761433E-12));
#5278=DIRECTION('center_axis',(1.22464679914733E-16,2.44383080507409E-15,
1.));
#5279=DIRECTION('ref_axis',(1.,2.46859416567414E-15,-1.22464679914739E-16));
#5280=DIRECTION('',(1.,1.42764438639889E-15,-1.22464679914736E-16));
#5281=DIRECTION('',(-2.46859416567414E-15,1.,-2.44383080507409E-15));
#5282=DIRECTION('',(1.,1.42764438639889E-15,-1.22464679914736E-16));
#5283=DIRECTION('center_axis',(2.46859416567414E-15,-1.,2.44383080507409E-15));
#5284=DIRECTION('ref_axis',(8.140410867128E-13,-2.44383080507208E-15,-1.));
#5285=DIRECTION('center_axis',(1.42764438639889E-15,-1.,2.11076389768655E-15));
#5286=DIRECTION('ref_axis',(8.140410867128E-13,-2.44383080507208E-15,-1.));
#5287=DIRECTION('',(-2.46859416567414E-15,1.,-2.44383080507409E-15));
#5288=DIRECTION('center_axis',(1.42764438639889E-15,-1.,2.11076389768655E-15));
#5289=DIRECTION('ref_axis',(8.140410867128E-13,-2.44383080507208E-15,-1.));
#5290=DIRECTION('center_axis',(-1.6929930652758E-13,-2.44383080507451E-15,
-1.));
#5291=DIRECTION('ref_axis',(-1.,-2.46859416567372E-15,1.6929930652758E-13));
#5292=DIRECTION('',(-1.,-1.42764438639853E-15,1.6929930652758E-13));
#5293=DIRECTION('',(-2.46859416567414E-15,1.,-2.44383080507409E-15));
#5294=DIRECTION('',(-1.,-1.42764438639853E-15,1.6929930652758E-13));
#5295=DIRECTION('center_axis',(2.46859416567414E-15,-1.,2.44383080507409E-15));
#5296=DIRECTION('ref_axis',(5.17981613478165E-13,-2.44383080507281E-15,
-1.));
#5297=DIRECTION('center_axis',(-1.42764438639889E-15,1.,-2.11076389768655E-15));
#5298=DIRECTION('ref_axis',(5.17981613478165E-13,-2.44383080507281E-15,
-1.));
#5299=DIRECTION('',(-2.46859416567414E-15,1.,-2.44383080507409E-15));
#5300=DIRECTION('center_axis',(-1.42764438639889E-15,1.,-2.11076389768655E-15));
#5301=DIRECTION('ref_axis',(5.17981613478165E-13,-2.44383080507281E-15,
-1.));
#5302=DIRECTION('center_axis',(1.,2.46859416567414E-15,-1.22464679914739E-16));
#5303=DIRECTION('ref_axis',(-1.22464679914733E-16,-2.44383080507409E-15,
-1.));
#5304=DIRECTION('',(-1.22464679914733E-16,-2.11076389768655E-15,-1.));
#5305=DIRECTION('',(-2.46859416567414E-15,1.,-2.44383080507409E-15));
#5306=DIRECTION('',(-1.22464679914733E-16,-2.11076389768655E-15,-1.));
#5307=DIRECTION('center_axis',(2.46859416567414E-15,-1.,2.44383080507409E-15));
#5308=DIRECTION('ref_axis',(-1.,-2.46859416567414E-15,1.22464679914739E-16));
#5309=DIRECTION('center_axis',(1.42764438639889E-15,-1.,2.11076389768655E-15));
#5310=DIRECTION('ref_axis',(-1.,-2.46859416567414E-15,1.22464679914739E-16));
#5311=DIRECTION('',(-2.46859416567414E-15,1.,-2.44383080507409E-15));
#5312=DIRECTION('center_axis',(1.42764438639889E-15,-1.,2.11076389768655E-15));
#5313=DIRECTION('ref_axis',(-1.,-2.46859416567414E-15,1.22464679914739E-16));
#5314=DIRECTION('center_axis',(-1.,-2.46859416567414E-15,1.22464679914739E-16));
#5315=DIRECTION('ref_axis',(1.22464679914733E-16,2.44383080507409E-15,1.));
#5316=DIRECTION('',(1.22464679914733E-16,2.11076389768655E-15,1.));
#5317=DIRECTION('',(-2.46859416567414E-15,1.,-2.44383080507409E-15));
#5318=DIRECTION('',(1.22464679914733E-16,2.11076389768655E-15,1.));
#5319=DIRECTION('center_axis',(2.46859416567414E-15,-1.,2.44383080507409E-15));
#5320=DIRECTION('ref_axis',(-1.,-2.46859416567124E-15,1.1843603576142E-12));
#5321=DIRECTION('center_axis',(-1.42764438639889E-15,1.,-2.11076389768655E-15));
#5322=DIRECTION('ref_axis',(-1.,-2.46859416567124E-15,1.1843603576142E-12));
#5323=DIRECTION('',(-2.46859416567414E-15,1.,-2.44383080507409E-15));
#5324=DIRECTION('center_axis',(-1.42764438639889E-15,1.,-2.11076389768655E-15));
#5325=DIRECTION('ref_axis',(-1.,-2.46859416567124E-15,1.1843603576142E-12));
#5326=DIRECTION('center_axis',(1.69054377167752E-13,-2.44383080507368E-15,
-1.));
#5327=DIRECTION('ref_axis',(-1.,-2.46859416567455E-15,-1.69054377167752E-13));
#5328=DIRECTION('',(-1.,-1.42764438639924E-15,-1.69054377167752E-13));
#5329=DIRECTION('',(-2.46859416567414E-15,1.,-2.44383080507409E-15));
#5330=DIRECTION('',(-1.,-1.42764438639924E-15,-1.69054377167752E-13));
#5331=DIRECTION('center_axis',(2.46859416567414E-15,-1.,2.44383080507409E-15));
#5332=DIRECTION('ref_axis',(2.22167069604938E-13,2.44383080507464E-15,1.));
#5333=DIRECTION('center_axis',(1.42764438639889E-15,-1.,2.11076389768655E-15));
#5334=DIRECTION('ref_axis',(2.22167069604938E-13,2.44383080507464E-15,1.));
#5335=DIRECTION('',(-2.46859416567414E-15,1.,-2.44383080507409E-15));
#5336=DIRECTION('center_axis',(1.42764438639889E-15,-1.,2.11076389768655E-15));
#5337=DIRECTION('ref_axis',(2.22167069604938E-13,2.44383080507464E-15,1.));
#5338=DIRECTION('center_axis',(1.22464679914733E-16,2.44383080507409E-15,
1.));
#5339=DIRECTION('ref_axis',(1.,2.46859416567414E-15,-1.22464679914739E-16));
#5340=DIRECTION('',(1.,1.42764438639889E-15,-1.22464679914736E-16));
#5341=DIRECTION('',(1.,1.42764438639889E-15,-1.22464679914736E-16));
#5342=DIRECTION('center_axis',(1.42764438639889E-15,-1.,2.11076389768655E-15));
#5343=DIRECTION('ref_axis',(1.,1.43917799488446E-15,0.));
#5344=DIRECTION('center_axis',(1.42764438639889E-15,-1.,2.11076389768655E-15));
#5345=DIRECTION('ref_axis',(1.85964884314941E-16,-2.11076389768655E-15,
-1.));
#5346=DIRECTION('center_axis',(1.42764438639889E-15,-1.,2.11076389768655E-15));
#5347=DIRECTION('ref_axis',(1.85964884314941E-16,-2.11076389768655E-15,
-1.));
#5348=DIRECTION('center_axis',(-2.5699607051508E-16,-2.11076389768655E-15,
-1.));
#5349=DIRECTION('ref_axis',(-1.,-1.39984549146706E-15,2.56996070515083E-16));
#5350=DIRECTION('center_axis',(-1.42764438639889E-15,1.,-2.11076389768655E-15));
#5351=DIRECTION('ref_axis',(1.85964884314941E-16,-2.13543552045599E-15,
-1.));
#5352=DIRECTION('center_axis',(-1.42764438639889E-15,1.,-2.11076389768655E-15));
#5353=DIRECTION('ref_axis',(1.85964884314941E-16,-2.13543552045599E-15,
-1.));
#5354=DIRECTION('center_axis',(1.42764438639889E-15,-1.,2.11076389768655E-15));
#5355=DIRECTION('ref_axis',(-1.,-1.42764438639889E-15,1.22464679914736E-16));
#5356=DIRECTION('center_axis',(-2.46859416567414E-15,1.,-2.44383080507409E-15));
#5357=DIRECTION('ref_axis',(-1.22464679914733E-16,-2.44383080507409E-15,
-1.));
#5358=DIRECTION('',(-2.46859416567414E-15,1.,-2.44383080507409E-15));
#5359=DIRECTION('center_axis',(1.83697019872103E-16,1.,1.83697019872103E-16));
#5360=DIRECTION('ref_axis',(-1.22464679914733E-16,-2.44383080507409E-15,
-1.));
#5361=DIRECTION('center_axis',(1.42764438639889E-15,-1.,2.11076389768655E-15));
#5362=DIRECTION('ref_axis',(-1.,-1.42764438639889E-15,1.22464679914736E-16));
#5363=DIRECTION('center_axis',(2.46859416567414E-15,-1.,2.44383080507409E-15));
#5364=DIRECTION('ref_axis',(-5.17981613478165E-13,2.44383080507281E-15,
1.));
#5365=DIRECTION('center_axis',(-1.42764438639889E-15,1.,-2.11076389768655E-15));
#5366=DIRECTION('ref_axis',(-5.17981613478165E-13,2.44383080507281E-15,
1.));
#5367=DIRECTION('',(-2.46859416567414E-15,1.,-2.44383080507409E-15));
#5368=DIRECTION('center_axis',(-1.42764438639889E-15,1.,-2.11076389768655E-15));
#5369=DIRECTION('ref_axis',(-5.17981613478165E-13,2.44383080507281E-15,
1.));
#5370=DIRECTION('',(-2.46859416567414E-15,1.,-2.44383080507409E-15));
#5371=DIRECTION('center_axis',(-1.,-2.46859416567414E-15,1.22464679914739E-16));
#5372=DIRECTION('ref_axis',(1.22464679914733E-16,2.44383080507409E-15,1.));
#5373=DIRECTION('',(1.22464679914733E-16,2.11076389768655E-15,1.));
#5374=DIRECTION('',(-2.46859416567414E-15,1.,-2.44383080507409E-15));
#5375=DIRECTION('',(1.22464679914733E-16,2.11076389768655E-15,1.));
#5376=DIRECTION('center_axis',(2.46859416567414E-15,-1.,2.44383080507409E-15));
#5377=DIRECTION('ref_axis',(1.,2.46859416567414E-15,-1.22464679914739E-16));
#5378=DIRECTION('center_axis',(1.42764438639889E-15,-1.,2.11076389768655E-15));
#5379=DIRECTION('ref_axis',(1.,2.46859416567414E-15,-1.22464679914739E-16));
#5380=DIRECTION('',(-2.46859416567414E-15,1.,-2.44383080507409E-15));
#5381=DIRECTION('center_axis',(1.42764438639889E-15,-1.,2.11076389768655E-15));
#5382=DIRECTION('ref_axis',(1.,2.46859416567414E-15,-1.22464679914739E-16));
#5383=DIRECTION('center_axis',(1.,2.46859416567414E-15,-1.22464679914739E-16));
#5384=DIRECTION('ref_axis',(-1.22464679914733E-16,-2.44383080507409E-15,
-1.));
#5385=DIRECTION('',(-1.22464679914733E-16,-2.11076389768655E-15,-1.));
#5386=DIRECTION('',(-2.46859416567414E-15,1.,-2.44383080507409E-15));
#5387=DIRECTION('',(-1.22464679914733E-16,-2.11076389768655E-15,-1.));
#5388=DIRECTION('center_axis',(2.46859416567414E-15,-1.,2.44383080507409E-15));
#5389=DIRECTION('ref_axis',(1.,2.46859416567124E-15,-1.18436035761433E-12));
#5390=DIRECTION('center_axis',(-1.42764438639889E-15,1.,-2.11076389768655E-15));
#5391=DIRECTION('ref_axis',(1.,2.46859416567124E-15,-1.18436035761433E-12));
#5392=DIRECTION('',(-2.46859416567414E-15,1.,-2.44383080507409E-15));
#5393=DIRECTION('center_axis',(-1.42764438639889E-15,1.,-2.11076389768655E-15));
#5394=DIRECTION('ref_axis',(1.,2.46859416567124E-15,-1.18436035761433E-12));
#5395=DIRECTION('center_axis',(1.22464679914733E-16,2.44383080507409E-15,
1.));
#5396=DIRECTION('ref_axis',(1.,2.46859416567414E-15,-1.22464679914739E-16));
#5397=DIRECTION('',(1.,1.42764438639889E-15,-1.22464679914736E-16));
#5398=DIRECTION('',(-2.46859416567414E-15,1.,-2.44383080507409E-15));
#5399=DIRECTION('',(1.,1.42764438639889E-15,-1.22464679914736E-16));
#5400=DIRECTION('center_axis',(2.46859416567414E-15,-1.,2.44383080507409E-15));
#5401=DIRECTION('ref_axis',(8.140410867128E-13,-2.44383080507208E-15,-1.));
#5402=DIRECTION('center_axis',(1.42764438639889E-15,-1.,2.11076389768655E-15));
#5403=DIRECTION('ref_axis',(8.140410867128E-13,-2.44383080507208E-15,-1.));
#5404=DIRECTION('',(-2.46859416567414E-15,1.,-2.44383080507409E-15));
#5405=DIRECTION('center_axis',(1.42764438639889E-15,-1.,2.11076389768655E-15));
#5406=DIRECTION('ref_axis',(8.140410867128E-13,-2.44383080507208E-15,-1.));
#5407=DIRECTION('center_axis',(-1.6929930652758E-13,-2.44383080507451E-15,
-1.));
#5408=DIRECTION('ref_axis',(-1.,-2.46859416567372E-15,1.6929930652758E-13));
#5409=DIRECTION('',(-1.,-1.42764438639853E-15,1.6929930652758E-13));
#5410=DIRECTION('',(-2.46859416567414E-15,1.,-2.44383080507409E-15));
#5411=DIRECTION('',(-1.,-1.42764438639853E-15,1.6929930652758E-13));
#5412=DIRECTION('center_axis',(2.46859416567414E-15,-1.,2.44383080507409E-15));
#5413=DIRECTION('ref_axis',(5.17981613478165E-13,-2.44383080507281E-15,
-1.));
#5414=DIRECTION('center_axis',(-1.42764438639889E-15,1.,-2.11076389768655E-15));
#5415=DIRECTION('ref_axis',(5.17981613478165E-13,-2.44383080507281E-15,
-1.));
#5416=DIRECTION('',(-2.46859416567414E-15,1.,-2.44383080507409E-15));
#5417=DIRECTION('center_axis',(-1.42764438639889E-15,1.,-2.11076389768655E-15));
#5418=DIRECTION('ref_axis',(5.17981613478165E-13,-2.44383080507281E-15,
-1.));
#5419=DIRECTION('center_axis',(1.,2.46859416567414E-15,-1.22464679914739E-16));
#5420=DIRECTION('ref_axis',(-1.22464679914733E-16,-2.44383080507409E-15,
-1.));
#5421=DIRECTION('',(-1.22464679914733E-16,-2.11076389768655E-15,-1.));
#5422=DIRECTION('',(-2.46859416567414E-15,1.,-2.44383080507409E-15));
#5423=DIRECTION('',(-1.22464679914733E-16,-2.11076389768655E-15,-1.));
#5424=DIRECTION('center_axis',(2.46859416567414E-15,-1.,2.44383080507409E-15));
#5425=DIRECTION('ref_axis',(-1.,-2.46859416567414E-15,1.22464679914739E-16));
#5426=DIRECTION('center_axis',(1.42764438639889E-15,-1.,2.11076389768655E-15));
#5427=DIRECTION('ref_axis',(-1.,-2.46859416567414E-15,1.22464679914739E-16));
#5428=DIRECTION('',(-2.46859416567414E-15,1.,-2.44383080507409E-15));
#5429=DIRECTION('center_axis',(1.42764438639889E-15,-1.,2.11076389768655E-15));
#5430=DIRECTION('ref_axis',(-1.,-2.46859416567414E-15,1.22464679914739E-16));
#5431=DIRECTION('center_axis',(-1.,-2.46859416567414E-15,1.22464679914739E-16));
#5432=DIRECTION('ref_axis',(1.22464679914733E-16,2.44383080507409E-15,1.));
#5433=DIRECTION('',(1.22464679914733E-16,2.11076389768655E-15,1.));
#5434=DIRECTION('',(-2.46859416567414E-15,1.,-2.44383080507409E-15));
#5435=DIRECTION('',(1.22464679914733E-16,2.11076389768655E-15,1.));
#5436=DIRECTION('center_axis',(2.46859416567414E-15,-1.,2.44383080507409E-15));
#5437=DIRECTION('ref_axis',(-1.,-2.46859416567124E-15,1.1843603576142E-12));
#5438=DIRECTION('center_axis',(-1.42764438639889E-15,1.,-2.11076389768655E-15));
#5439=DIRECTION('ref_axis',(-1.,-2.46859416567124E-15,1.1843603576142E-12));
#5440=DIRECTION('',(-2.46859416567414E-15,1.,-2.44383080507409E-15));
#5441=DIRECTION('center_axis',(-1.42764438639889E-15,1.,-2.11076389768655E-15));
#5442=DIRECTION('ref_axis',(-1.,-2.46859416567124E-15,1.1843603576142E-12));
#5443=DIRECTION('center_axis',(1.69054377167752E-13,-2.44383080507368E-15,
-1.));
#5444=DIRECTION('ref_axis',(-1.,-2.46859416567455E-15,-1.69054377167752E-13));
#5445=DIRECTION('',(-1.,-1.42764438639924E-15,-1.69054377167752E-13));
#5446=DIRECTION('',(-2.46859416567414E-15,1.,-2.44383080507409E-15));
#5447=DIRECTION('',(-1.,-1.42764438639924E-15,-1.69054377167752E-13));
#5448=DIRECTION('center_axis',(2.46859416567414E-15,-1.,2.44383080507409E-15));
#5449=DIRECTION('ref_axis',(2.22167069604938E-13,2.44383080507464E-15,1.));
#5450=DIRECTION('center_axis',(1.42764438639889E-15,-1.,2.11076389768655E-15));
#5451=DIRECTION('ref_axis',(2.22167069604938E-13,2.44383080507464E-15,1.));
#5452=DIRECTION('',(-2.46859416567414E-15,1.,-2.44383080507409E-15));
#5453=DIRECTION('center_axis',(1.42764438639889E-15,-1.,2.11076389768655E-15));
#5454=DIRECTION('ref_axis',(2.22167069604938E-13,2.44383080507464E-15,1.));
#5455=DIRECTION('center_axis',(1.22464679914733E-16,2.44383080507409E-15,
1.));
#5456=DIRECTION('ref_axis',(1.,2.46859416567414E-15,-1.22464679914739E-16));
#5457=DIRECTION('',(1.,1.42764438639889E-15,-1.22464679914736E-16));
#5458=DIRECTION('',(1.,1.42764438639889E-15,-1.22464679914736E-16));
#5459=DIRECTION('center_axis',(1.42764438639889E-15,-1.,2.11076389768655E-15));
#5460=DIRECTION('ref_axis',(1.,1.43917799488446E-15,0.));
#5461=DIRECTION('center_axis',(1.42764438639889E-15,-1.,2.11076389768655E-15));
#5462=DIRECTION('ref_axis',(1.85964884314941E-16,-2.11076389768655E-15,
-1.));
#5463=DIRECTION('center_axis',(1.42764438639889E-15,-1.,2.11076389768655E-15));
#5464=DIRECTION('ref_axis',(1.85964884314941E-16,-2.11076389768655E-15,
-1.));
#5465=DIRECTION('center_axis',(-2.5699607051508E-16,-2.11076389768655E-15,
-1.));
#5466=DIRECTION('ref_axis',(-1.,-1.39984549146706E-15,2.56996070515083E-16));
#5467=DIRECTION('center_axis',(-1.42764438639889E-15,1.,-2.11076389768655E-15));
#5468=DIRECTION('ref_axis',(1.85964884314941E-16,-2.13543552045599E-15,
-1.));
#5469=DIRECTION('center_axis',(-1.42764438639889E-15,1.,-2.11076389768655E-15));
#5470=DIRECTION('ref_axis',(1.85964884314941E-16,-2.13543552045599E-15,
-1.));
#5471=DIRECTION('center_axis',(1.42764438639889E-15,-1.,2.11076389768655E-15));
#5472=DIRECTION('ref_axis',(-1.,-1.42764438639889E-15,1.22464679914736E-16));
#5473=DIRECTION('center_axis',(-2.46859416567414E-15,1.,-2.44383080507409E-15));
#5474=DIRECTION('ref_axis',(-1.22464679914733E-16,-2.44383080507409E-15,
-1.));
#5475=DIRECTION('',(-2.46859416567414E-15,1.,-2.44383080507409E-15));
#5476=DIRECTION('center_axis',(1.83697019872103E-16,1.,1.83697019872103E-16));
#5477=DIRECTION('ref_axis',(-1.22464679914733E-16,-2.44383080507409E-15,
-1.));
#5478=DIRECTION('center_axis',(1.42764438639889E-15,-1.,2.11076389768655E-15));
#5479=DIRECTION('ref_axis',(-1.,-1.42764438639889E-15,1.22464679914736E-16));
#5480=DIRECTION('center_axis',(0.,0.,-1.));
#5481=DIRECTION('ref_axis',(1.83697019872103E-16,1.,0.));
#5482=DIRECTION('center_axis',(0.,0.,-1.));
#5483=DIRECTION('ref_axis',(1.83697019872103E-16,1.,0.));
#5484=DIRECTION('center_axis',(0.,0.,-1.));
#5485=DIRECTION('ref_axis',(1.83697019872103E-16,1.,0.));
#5486=DIRECTION('',(0.,0.,-1.));
#5487=DIRECTION('center_axis',(0.,0.,1.));
#5488=DIRECTION('ref_axis',(1.83697019872103E-16,1.,0.));
#5489=DIRECTION('center_axis',(0.,0.,-1.));
#5490=DIRECTION('ref_axis',(-5.3674181032538E-15,1.,0.));
#5491=DIRECTION('center_axis',(0.,0.,-1.));
#5492=DIRECTION('ref_axis',(-5.3674181032538E-15,1.,0.));
#5493=DIRECTION('',(0.,0.,-1.));
#5494=DIRECTION('center_axis',(0.,0.,-1.));
#5495=DIRECTION('ref_axis',(-5.3674181032538E-15,1.,0.));
#5496=DIRECTION('',(0.,0.,-1.));
#5497=DIRECTION('center_axis',(1.83697019872103E-16,1.,0.));
#5498=DIRECTION('ref_axis',(1.,-1.83697019872103E-16,0.));
#5499=DIRECTION('',(1.,-1.83697019872103E-16,0.));
#5500=DIRECTION('',(1.,-1.83697019872103E-16,0.));
#5501=DIRECTION('',(0.,0.,-1.));
#5502=DIRECTION('center_axis',(0.,0.,-1.));
#5503=DIRECTION('ref_axis',(-1.,1.83697019872103E-16,0.));
#5504=DIRECTION('center_axis',(0.,0.,-1.));
#5505=DIRECTION('ref_axis',(-1.,1.83697019872103E-16,0.));
#5506=DIRECTION('center_axis',(0.,0.,-1.));
#5507=DIRECTION('ref_axis',(-1.,1.83697019872103E-16,0.));
#5508=DIRECTION('',(0.,0.,-1.));
#5509=DIRECTION('center_axis',(-1.,1.83697019872103E-16,0.));
#5510=DIRECTION('ref_axis',(1.83697019872103E-16,1.,0.));
#5511=DIRECTION('',(1.83697019872103E-16,1.,0.));
#5512=DIRECTION('',(1.83697019872103E-16,1.,0.));
#5513=DIRECTION('',(0.,0.,-1.));
#5514=DIRECTION('center_axis',(1.,-1.83697019872103E-16,0.));
#5515=DIRECTION('ref_axis',(-1.83697019872103E-16,-1.,0.));
#5516=DIRECTION('',(-1.83697019872103E-16,-1.,0.));
#5517=DIRECTION('',(0.,0.,1.));
#5518=DIRECTION('',(-1.83697019872103E-16,-1.,0.));
#5519=DIRECTION('center_axis',(0.,0.,1.));
#5520=DIRECTION('ref_axis',(-1.83697019872103E-16,-1.,0.));
#5521=DIRECTION('',(-1.,1.83697019872103E-16,0.));
#5522=DIRECTION('center_axis',(1.83697019872103E-16,1.,0.));
#5523=DIRECTION('ref_axis',(-3.06161699786838E-16,5.62409918498197E-32,
-1.));
#5524=DIRECTION('',(-1.,1.83697019872103E-16,3.06161699786838E-16));
#5525=DIRECTION('',(-3.06161699786838E-16,5.62409918498197E-32,-1.));
#5526=DIRECTION('',(-1.,1.83697019872103E-16,3.06161699786838E-16));
#5527=DIRECTION('',(-3.06161699786838E-16,5.62409918498197E-32,-1.));
#5528=DIRECTION('',(-1.,1.83697019872103E-16,3.06161699786838E-16));
#5529=DIRECTION('center_axis',(-1.83697019872103E-16,-1.,-2.6039218997796E-16));
#5530=DIRECTION('ref_axis',(-4.78332692969217E-32,-2.6039218997796E-16,
1.));
#5531=DIRECTION('center_axis',(-1.83697019872103E-16,-1.,-2.6039218997796E-16));
#5532=DIRECTION('ref_axis',(-4.78332692969217E-32,-2.6039218997796E-16,
1.));
#5533=DIRECTION('center_axis',(-2.83598820541834E-15,-1.,-2.88792001492416E-15));
#5534=DIRECTION('ref_axis',(-5.17981613478165E-13,-2.88792001492269E-15,
1.));
#5535=DIRECTION('center_axis',(-1.79503842614309E-15,-1.,-2.55485310753661E-15));
#5536=DIRECTION('ref_axis',(-5.17981613478165E-13,-2.88792001492269E-15,
1.));
#5537=DIRECTION('',(-2.83598820541834E-15,-1.,-2.88792001492416E-15));
#5538=DIRECTION('center_axis',(1.79503842614309E-15,1.,2.55485310753661E-15));
#5539=DIRECTION('ref_axis',(-5.17981613478165E-13,-2.88792001492269E-15,
1.));
#5540=DIRECTION('',(-2.83598820541834E-15,-1.,-2.88792001492416E-15));
#5541=DIRECTION('center_axis',(1.,-2.83598820541834E-15,-1.2246467991474E-16));
#5542=DIRECTION('ref_axis',(1.22464679914732E-16,-2.88792001492416E-15,
1.));
#5543=DIRECTION('',(-1.22464679914733E-16,2.55485310753661E-15,-1.));
#5544=DIRECTION('',(1.22464679914733E-16,-2.55485310753661E-15,1.));
#5545=DIRECTION('',(-2.83598820541834E-15,-1.,-2.88792001492416E-15));
#5546=DIRECTION('center_axis',(-2.83598820541834E-15,-1.,-2.88792001492416E-15));
#5547=DIRECTION('ref_axis',(1.,-2.83598820541834E-15,-1.2246467991474E-16));
#5548=DIRECTION('center_axis',(1.79503842614309E-15,1.,2.55485310753661E-15));
#5549=DIRECTION('ref_axis',(1.,-2.83598820541834E-15,-1.2246467991474E-16));
#5550=DIRECTION('center_axis',(-1.79503842614309E-15,-1.,-2.55485310753661E-15));
#5551=DIRECTION('ref_axis',(1.,-2.83598820541834E-15,-1.2246467991474E-16));
#5552=DIRECTION('',(-2.83598820541834E-15,-1.,-2.88792001492416E-15));
#5553=DIRECTION('center_axis',(-1.,2.83598820541834E-15,1.2246467991474E-16));
#5554=DIRECTION('ref_axis',(-1.22464679914732E-16,2.88792001492416E-15,
-1.));
#5555=DIRECTION('',(1.22464679914733E-16,-2.55485310753661E-15,1.));
#5556=DIRECTION('',(-1.22464679914733E-16,2.55485310753661E-15,-1.));
#5557=DIRECTION('',(-2.83598820541834E-15,-1.,-2.88792001492416E-15));
#5558=DIRECTION('center_axis',(-2.83598820541834E-15,-1.,-2.88792001492416E-15));
#5559=DIRECTION('ref_axis',(1.,-2.83598820541492E-15,-1.18436035761433E-12));
#5560=DIRECTION('center_axis',(-1.79503842614309E-15,-1.,-2.55485310753661E-15));
#5561=DIRECTION('ref_axis',(1.,-2.83598820541492E-15,-1.18436035761433E-12));
#5562=DIRECTION('center_axis',(1.79503842614309E-15,1.,2.55485310753661E-15));
#5563=DIRECTION('ref_axis',(1.,-2.83598820541492E-15,-1.18436035761433E-12));
#5564=DIRECTION('',(-2.83598820541834E-15,-1.,-2.88792001492416E-15));
#5565=DIRECTION('center_axis',(-1.22464679914732E-16,2.88792001492416E-15,
-1.));
#5566=DIRECTION('ref_axis',(1.,-2.83598820541834E-15,-1.2246467991474E-16));
#5567=DIRECTION('',(-1.,1.79503842614309E-15,1.22464679914737E-16));
#5568=DIRECTION('',(1.,-1.79503842614309E-15,-1.22464679914737E-16));
#5569=DIRECTION('',(-2.83598820541834E-15,-1.,-2.88792001492416E-15));
#5570=DIRECTION('center_axis',(-2.83598820541834E-15,-1.,-2.88792001492416E-15));
#5571=DIRECTION('ref_axis',(8.140410867128E-13,2.88792001492185E-15,-1.));
#5572=DIRECTION('center_axis',(1.79503842614309E-15,1.,2.55485310753661E-15));
#5573=DIRECTION('ref_axis',(8.140410867128E-13,2.88792001492185E-15,-1.));
#5574=DIRECTION('center_axis',(-1.79503842614309E-15,-1.,-2.55485310753661E-15));
#5575=DIRECTION('ref_axis',(8.140410867128E-13,2.88792001492185E-15,-1.));
#5576=DIRECTION('',(-2.83598820541834E-15,-1.,-2.88792001492416E-15));
#5577=DIRECTION('center_axis',(1.6929930652758E-13,-2.88792001492464E-15,
1.));
#5578=DIRECTION('ref_axis',(-1.,2.83598820541785E-15,1.6929930652758E-13));
#5579=DIRECTION('',(1.,-1.79503842614266E-15,-1.6929930652758E-13));
#5580=DIRECTION('',(-1.,1.79503842614266E-15,1.6929930652758E-13));
#5581=DIRECTION('',(-2.83598820541834E-15,-1.,-2.88792001492416E-15));
#5582=DIRECTION('center_axis',(-2.83598820541834E-15,-1.,-2.88792001492416E-15));
#5583=DIRECTION('ref_axis',(5.17981613478165E-13,2.88792001492269E-15,-1.));
#5584=DIRECTION('center_axis',(-1.79503842614309E-15,-1.,-2.55485310753661E-15));
#5585=DIRECTION('ref_axis',(5.17981613478165E-13,2.88792001492269E-15,-1.));
#5586=DIRECTION('center_axis',(1.79503842614309E-15,1.,2.55485310753661E-15));
#5587=DIRECTION('ref_axis',(5.17981613478165E-13,2.88792001492269E-15,-1.));
#5588=DIRECTION('',(-2.83598820541834E-15,-1.,-2.88792001492416E-15));
#5589=DIRECTION('center_axis',(-1.,2.83598820541834E-15,1.2246467991474E-16));
#5590=DIRECTION('ref_axis',(-1.22464679914732E-16,2.88792001492416E-15,
-1.));
#5591=DIRECTION('',(1.22464679914733E-16,-2.55485310753661E-15,1.));
#5592=DIRECTION('',(-1.22464679914733E-16,2.55485310753661E-15,-1.));
#5593=DIRECTION('',(-2.83598820541834E-15,-1.,-2.88792001492416E-15));
#5594=DIRECTION('center_axis',(-2.83598820541834E-15,-1.,-2.88792001492416E-15));
#5595=DIRECTION('ref_axis',(-1.,2.83598820541834E-15,1.2246467991474E-16));
#5596=DIRECTION('center_axis',(1.79503842614309E-15,1.,2.55485310753661E-15));
#5597=DIRECTION('ref_axis',(-1.,2.83598820541834E-15,1.2246467991474E-16));
#5598=DIRECTION('center_axis',(-1.79503842614309E-15,-1.,-2.55485310753661E-15));
#5599=DIRECTION('ref_axis',(-1.,2.83598820541834E-15,1.2246467991474E-16));
#5600=DIRECTION('',(-2.83598820541834E-15,-1.,-2.88792001492416E-15));
#5601=DIRECTION('center_axis',(1.,-2.83598820541834E-15,-1.2246467991474E-16));
#5602=DIRECTION('ref_axis',(1.22464679914732E-16,-2.88792001492416E-15,
1.));
#5603=DIRECTION('',(-1.22464679914733E-16,2.55485310753661E-15,-1.));
#5604=DIRECTION('',(1.22464679914733E-16,-2.55485310753661E-15,1.));
#5605=DIRECTION('',(-2.83598820541834E-15,-1.,-2.88792001492416E-15));
#5606=DIRECTION('center_axis',(-2.83598820541834E-15,-1.,-2.88792001492416E-15));
#5607=DIRECTION('ref_axis',(-1.,2.83598820541492E-15,1.1843603576142E-12));
#5608=DIRECTION('center_axis',(-1.79503842614309E-15,-1.,-2.55485310753661E-15));
#5609=DIRECTION('ref_axis',(-1.,2.83598820541492E-15,1.1843603576142E-12));
#5610=DIRECTION('center_axis',(1.79503842614309E-15,1.,2.55485310753661E-15));
#5611=DIRECTION('ref_axis',(-1.,2.83598820541492E-15,1.1843603576142E-12));
#5612=DIRECTION('',(-2.83598820541834E-15,-1.,-2.88792001492416E-15));
#5613=DIRECTION('center_axis',(-1.69054377167752E-13,-2.88792001492368E-15,
1.));
#5614=DIRECTION('ref_axis',(-1.,2.83598820541883E-15,-1.69054377167752E-13));
#5615=DIRECTION('',(1.,-1.79503842614353E-15,1.69054377167752E-13));
#5616=DIRECTION('',(-1.,1.79503842614353E-15,-1.69054377167752E-13));
#5617=DIRECTION('',(-2.83598820541834E-15,-1.,-2.88792001492416E-15));
#5618=DIRECTION('center_axis',(-2.83598820541834E-15,-1.,-2.88792001492416E-15));
#5619=DIRECTION('ref_axis',(2.22167069604938E-13,-2.88792001492479E-15,
1.));
#5620=DIRECTION('center_axis',(1.79503842614309E-15,1.,2.55485310753661E-15));
#5621=DIRECTION('ref_axis',(2.22167069604938E-13,-2.88792001492479E-15,
1.));
#5622=DIRECTION('center_axis',(-1.79503842614309E-15,-1.,-2.55485310753661E-15));
#5623=DIRECTION('ref_axis',(2.22167069604938E-13,-2.88792001492479E-15,
1.));
#5624=DIRECTION('',(-2.83598820541834E-15,-1.,-2.88792001492416E-15));
#5625=DIRECTION('center_axis',(-1.22464679914732E-16,2.88792001492416E-15,
-1.));
#5626=DIRECTION('ref_axis',(1.,-2.83598820541834E-15,-1.2246467991474E-16));
#5627=DIRECTION('',(-1.,1.79503842614309E-15,1.22464679914737E-16));
#5628=DIRECTION('',(1.,-1.79503842614309E-15,-1.22464679914737E-16));
#5629=DIRECTION('center_axis',(1.79503842614309E-15,1.,2.55485310753661E-15));
#5630=DIRECTION('ref_axis',(1.,-1.64477485129653E-15,0.));
#5631=DIRECTION('center_axis',(-1.79503842614309E-15,-1.,-2.55485310753661E-15));
#5632=DIRECTION('ref_axis',(1.85964884314942E-16,2.55485310753661E-15,-1.));
#5633=DIRECTION('center_axis',(2.56996070515078E-16,-2.55485310753661E-15,
1.));
#5634=DIRECTION('ref_axis',(-1.,1.889704211126E-15,2.56996070515083E-16));
#5635=DIRECTION('center_axis',(1.79503842614309E-15,1.,2.55485310753661E-15));
#5636=DIRECTION('ref_axis',(1.85964884314942E-16,2.57952473030605E-15,-1.));
#5637=DIRECTION('center_axis',(1.79503842614309E-15,1.,2.55485310753661E-15));
#5638=DIRECTION('ref_axis',(1.85964884314942E-16,2.57952473030605E-15,-1.));
#5639=DIRECTION('center_axis',(-1.79503842614309E-15,-1.,-2.55485310753661E-15));
#5640=DIRECTION('ref_axis',(1.85964884314942E-16,2.55485310753661E-15,-1.));
#5641=DIRECTION('center_axis',(-1.79503842614309E-15,-1.,-2.55485310753661E-15));
#5642=DIRECTION('ref_axis',(-1.,1.79503842614309E-15,1.22464679914737E-16));
#5643=DIRECTION('center_axis',(2.83598820541834E-15,1.,2.88792001492416E-15));
#5644=DIRECTION('ref_axis',(-1.22464679914732E-16,2.88792001492416E-15,
-1.));
#5645=DIRECTION('',(-2.83598820541834E-15,-1.,-2.88792001492416E-15));
#5646=DIRECTION('center_axis',(-1.83697019872103E-16,-1.,-2.6039218997796E-16));
#5647=DIRECTION('ref_axis',(-1.22464679914732E-16,2.88792001492416E-15,
-1.));
#5648=DIRECTION('center_axis',(-1.79503842614309E-15,-1.,-2.55485310753661E-15));
#5649=DIRECTION('ref_axis',(-1.,1.79503842614309E-15,1.22464679914737E-16));
#5650=DIRECTION('center_axis',(-2.83598820541834E-15,-1.,-2.88792001492416E-15));
#5651=DIRECTION('ref_axis',(-5.17981613478165E-13,-2.88792001492269E-15,
1.));
#5652=DIRECTION('center_axis',(-1.79503842614309E-15,-1.,-2.55485310753661E-15));
#5653=DIRECTION('ref_axis',(-5.17981613478165E-13,-2.88792001492269E-15,
1.));
#5654=DIRECTION('',(-2.83598820541834E-15,-1.,-2.88792001492416E-15));
#5655=DIRECTION('center_axis',(1.79503842614309E-15,1.,2.55485310753661E-15));
#5656=DIRECTION('ref_axis',(-5.17981613478165E-13,-2.88792001492269E-15,
1.));
#5657=DIRECTION('',(-2.83598820541834E-15,-1.,-2.88792001492416E-15));
#5658=DIRECTION('center_axis',(1.,-2.83598820541834E-15,-1.2246467991474E-16));
#5659=DIRECTION('ref_axis',(1.22464679914732E-16,-2.88792001492416E-15,
1.));
#5660=DIRECTION('',(-1.22464679914733E-16,2.55485310753661E-15,-1.));
#5661=DIRECTION('',(1.22464679914733E-16,-2.55485310753661E-15,1.));
#5662=DIRECTION('',(-2.83598820541834E-15,-1.,-2.88792001492416E-15));
#5663=DIRECTION('center_axis',(-2.83598820541834E-15,-1.,-2.88792001492416E-15));
#5664=DIRECTION('ref_axis',(1.,-2.83598820541834E-15,-1.2246467991474E-16));
#5665=DIRECTION('center_axis',(1.79503842614309E-15,1.,2.55485310753661E-15));
#5666=DIRECTION('ref_axis',(1.,-2.83598820541834E-15,-1.2246467991474E-16));
#5667=DIRECTION('center_axis',(-1.79503842614309E-15,-1.,-2.55485310753661E-15));
#5668=DIRECTION('ref_axis',(1.,-2.83598820541834E-15,-1.2246467991474E-16));
#5669=DIRECTION('',(-2.83598820541834E-15,-1.,-2.88792001492416E-15));
#5670=DIRECTION('center_axis',(-1.,2.83598820541834E-15,1.2246467991474E-16));
#5671=DIRECTION('ref_axis',(-1.22464679914732E-16,2.88792001492416E-15,
-1.));
#5672=DIRECTION('',(1.22464679914733E-16,-2.55485310753661E-15,1.));
#5673=DIRECTION('',(-1.22464679914733E-16,2.55485310753661E-15,-1.));
#5674=DIRECTION('',(-2.83598820541834E-15,-1.,-2.88792001492416E-15));
#5675=DIRECTION('center_axis',(-2.83598820541834E-15,-1.,-2.88792001492416E-15));
#5676=DIRECTION('ref_axis',(1.,-2.83598820541492E-15,-1.18436035761433E-12));
#5677=DIRECTION('center_axis',(-1.79503842614309E-15,-1.,-2.55485310753661E-15));
#5678=DIRECTION('ref_axis',(1.,-2.83598820541492E-15,-1.18436035761433E-12));
#5679=DIRECTION('center_axis',(1.79503842614309E-15,1.,2.55485310753661E-15));
#5680=DIRECTION('ref_axis',(1.,-2.83598820541492E-15,-1.18436035761433E-12));
#5681=DIRECTION('',(-2.83598820541834E-15,-1.,-2.88792001492416E-15));
#5682=DIRECTION('center_axis',(-1.22464679914732E-16,2.88792001492416E-15,
-1.));
#5683=DIRECTION('ref_axis',(1.,-2.83598820541834E-15,-1.2246467991474E-16));
#5684=DIRECTION('',(-1.,1.79503842614309E-15,1.22464679914737E-16));
#5685=DIRECTION('',(1.,-1.79503842614309E-15,-1.22464679914737E-16));
#5686=DIRECTION('',(-2.83598820541834E-15,-1.,-2.88792001492416E-15));
#5687=DIRECTION('center_axis',(-2.83598820541834E-15,-1.,-2.88792001492416E-15));
#5688=DIRECTION('ref_axis',(8.140410867128E-13,2.88792001492185E-15,-1.));
#5689=DIRECTION('center_axis',(1.79503842614309E-15,1.,2.55485310753661E-15));
#5690=DIRECTION('ref_axis',(8.140410867128E-13,2.88792001492185E-15,-1.));
#5691=DIRECTION('center_axis',(-1.79503842614309E-15,-1.,-2.55485310753661E-15));
#5692=DIRECTION('ref_axis',(8.140410867128E-13,2.88792001492185E-15,-1.));
#5693=DIRECTION('',(-2.83598820541834E-15,-1.,-2.88792001492416E-15));
#5694=DIRECTION('center_axis',(1.6929930652758E-13,-2.88792001492464E-15,
1.));
#5695=DIRECTION('ref_axis',(-1.,2.83598820541785E-15,1.6929930652758E-13));
#5696=DIRECTION('',(1.,-1.79503842614266E-15,-1.6929930652758E-13));
#5697=DIRECTION('',(-1.,1.79503842614266E-15,1.6929930652758E-13));
#5698=DIRECTION('',(-2.83598820541834E-15,-1.,-2.88792001492416E-15));
#5699=DIRECTION('center_axis',(-2.83598820541834E-15,-1.,-2.88792001492416E-15));
#5700=DIRECTION('ref_axis',(5.17981613478165E-13,2.88792001492269E-15,-1.));
#5701=DIRECTION('center_axis',(-1.79503842614309E-15,-1.,-2.55485310753661E-15));
#5702=DIRECTION('ref_axis',(5.17981613478165E-13,2.88792001492269E-15,-1.));
#5703=DIRECTION('center_axis',(1.79503842614309E-15,1.,2.55485310753661E-15));
#5704=DIRECTION('ref_axis',(5.17981613478165E-13,2.88792001492269E-15,-1.));
#5705=DIRECTION('',(-2.83598820541834E-15,-1.,-2.88792001492416E-15));
#5706=DIRECTION('center_axis',(-1.,2.83598820541834E-15,1.2246467991474E-16));
#5707=DIRECTION('ref_axis',(-1.22464679914732E-16,2.88792001492416E-15,
-1.));
#5708=DIRECTION('',(1.22464679914733E-16,-2.55485310753661E-15,1.));
#5709=DIRECTION('',(-1.22464679914733E-16,2.55485310753661E-15,-1.));
#5710=DIRECTION('',(-2.83598820541834E-15,-1.,-2.88792001492416E-15));
#5711=DIRECTION('center_axis',(-2.83598820541834E-15,-1.,-2.88792001492416E-15));
#5712=DIRECTION('ref_axis',(-1.,2.83598820541834E-15,1.2246467991474E-16));
#5713=DIRECTION('center_axis',(1.79503842614309E-15,1.,2.55485310753661E-15));
#5714=DIRECTION('ref_axis',(-1.,2.83598820541834E-15,1.2246467991474E-16));
#5715=DIRECTION('center_axis',(-1.79503842614309E-15,-1.,-2.55485310753661E-15));
#5716=DIRECTION('ref_axis',(-1.,2.83598820541834E-15,1.2246467991474E-16));
#5717=DIRECTION('',(-2.83598820541834E-15,-1.,-2.88792001492416E-15));
#5718=DIRECTION('center_axis',(1.,-2.83598820541834E-15,-1.2246467991474E-16));
#5719=DIRECTION('ref_axis',(1.22464679914732E-16,-2.88792001492416E-15,
1.));
#5720=DIRECTION('',(-1.22464679914733E-16,2.55485310753661E-15,-1.));
#5721=DIRECTION('',(1.22464679914733E-16,-2.55485310753661E-15,1.));
#5722=DIRECTION('',(-2.83598820541834E-15,-1.,-2.88792001492416E-15));
#5723=DIRECTION('center_axis',(-2.83598820541834E-15,-1.,-2.88792001492416E-15));
#5724=DIRECTION('ref_axis',(-1.,2.83598820541492E-15,1.1843603576142E-12));
#5725=DIRECTION('center_axis',(-1.79503842614309E-15,-1.,-2.55485310753661E-15));
#5726=DIRECTION('ref_axis',(-1.,2.83598820541492E-15,1.1843603576142E-12));
#5727=DIRECTION('center_axis',(1.79503842614309E-15,1.,2.55485310753661E-15));
#5728=DIRECTION('ref_axis',(-1.,2.83598820541492E-15,1.1843603576142E-12));
#5729=DIRECTION('',(-2.83598820541834E-15,-1.,-2.88792001492416E-15));
#5730=DIRECTION('center_axis',(-1.69054377167752E-13,-2.88792001492368E-15,
1.));
#5731=DIRECTION('ref_axis',(-1.,2.83598820541883E-15,-1.69054377167752E-13));
#5732=DIRECTION('',(1.,-1.79503842614353E-15,1.69054377167752E-13));
#5733=DIRECTION('',(-1.,1.79503842614353E-15,-1.69054377167752E-13));
#5734=DIRECTION('',(-2.83598820541834E-15,-1.,-2.88792001492416E-15));
#5735=DIRECTION('center_axis',(-2.83598820541834E-15,-1.,-2.88792001492416E-15));
#5736=DIRECTION('ref_axis',(2.22167069604938E-13,-2.88792001492479E-15,
1.));
#5737=DIRECTION('center_axis',(1.79503842614309E-15,1.,2.55485310753661E-15));
#5738=DIRECTION('ref_axis',(2.22167069604938E-13,-2.88792001492479E-15,
1.));
#5739=DIRECTION('center_axis',(-1.79503842614309E-15,-1.,-2.55485310753661E-15));
#5740=DIRECTION('ref_axis',(2.22167069604938E-13,-2.88792001492479E-15,
1.));
#5741=DIRECTION('',(-2.83598820541834E-15,-1.,-2.88792001492416E-15));
#5742=DIRECTION('center_axis',(-1.22464679914732E-16,2.88792001492416E-15,
-1.));
#5743=DIRECTION('ref_axis',(1.,-2.83598820541834E-15,-1.2246467991474E-16));
#5744=DIRECTION('',(-1.,1.79503842614309E-15,1.22464679914737E-16));
#5745=DIRECTION('',(1.,-1.79503842614309E-15,-1.22464679914737E-16));
#5746=DIRECTION('center_axis',(1.79503842614309E-15,1.,2.55485310753661E-15));
#5747=DIRECTION('ref_axis',(1.,-1.64477485129653E-15,0.));
#5748=DIRECTION('center_axis',(-1.79503842614309E-15,-1.,-2.55485310753661E-15));
#5749=DIRECTION('ref_axis',(1.85964884314942E-16,2.55485310753661E-15,-1.));
#5750=DIRECTION('center_axis',(2.56996070515078E-16,-2.55485310753661E-15,
1.));
#5751=DIRECTION('ref_axis',(-1.,1.889704211126E-15,2.56996070515083E-16));
#5752=DIRECTION('center_axis',(1.79503842614309E-15,1.,2.55485310753661E-15));
#5753=DIRECTION('ref_axis',(1.85964884314942E-16,2.57952473030605E-15,-1.));
#5754=DIRECTION('center_axis',(1.79503842614309E-15,1.,2.55485310753661E-15));
#5755=DIRECTION('ref_axis',(1.85964884314942E-16,2.57952473030605E-15,-1.));
#5756=DIRECTION('center_axis',(-1.79503842614309E-15,-1.,-2.55485310753661E-15));
#5757=DIRECTION('ref_axis',(1.85964884314942E-16,2.55485310753661E-15,-1.));
#5758=DIRECTION('center_axis',(-1.79503842614309E-15,-1.,-2.55485310753661E-15));
#5759=DIRECTION('ref_axis',(-1.,1.79503842614309E-15,1.22464679914737E-16));
#5760=DIRECTION('center_axis',(2.83598820541834E-15,1.,2.88792001492416E-15));
#5761=DIRECTION('ref_axis',(-1.22464679914732E-16,2.88792001492416E-15,
-1.));
#5762=DIRECTION('',(-2.83598820541834E-15,-1.,-2.88792001492416E-15));
#5763=DIRECTION('center_axis',(-1.83697019872103E-16,-1.,-2.6039218997796E-16));
#5764=DIRECTION('ref_axis',(-1.22464679914732E-16,2.88792001492416E-15,
-1.));
#5765=DIRECTION('center_axis',(-1.79503842614309E-15,-1.,-2.55485310753661E-15));
#5766=DIRECTION('ref_axis',(-1.,1.79503842614309E-15,1.22464679914737E-16));
#5767=DIRECTION('center_axis',(1.,-3.67394039744206E-16,0.));
#5768=DIRECTION('ref_axis',(3.67394039744206E-16,1.,0.));
#5769=DIRECTION('center_axis',(1.,-3.67394039744206E-16,0.));
#5770=DIRECTION('ref_axis',(0.,0.,1.));
#5771=DIRECTION('center_axis',(1.,-3.67394039744206E-16,0.));
#5772=DIRECTION('ref_axis',(0.,0.,1.));
#5773=DIRECTION('',(-1.,3.67394039744206E-16,0.));
#5774=DIRECTION('center_axis',(-1.,3.67394039744206E-16,0.));
#5775=DIRECTION('ref_axis',(3.67394039744206E-16,1.,0.));
#5776=DIRECTION('center_axis',(-1.,3.67394039744206E-16,0.));
#5777=DIRECTION('ref_axis',(3.67394039744206E-16,1.,0.));
#5778=DIRECTION('center_axis',(1.,-3.67394039744206E-16,0.));
#5779=DIRECTION('ref_axis',(0.,0.,1.));
#5780=DIRECTION('center_axis',(1.,-3.67394039744206E-16,0.));
#5781=DIRECTION('ref_axis',(0.,0.,1.));
#5782=DIRECTION('center_axis',(1.,-3.67394039744206E-16,0.));
#5783=DIRECTION('ref_axis',(0.,0.,1.));
#5784=DIRECTION('center_axis',(1.,-3.67394039744206E-16,0.));
#5785=DIRECTION('ref_axis',(3.67394039744206E-16,1.,0.));
#5786=DIRECTION('center_axis',(1.,-3.67394039744206E-16,0.));
#5787=DIRECTION('ref_axis',(0.,0.,1.));
#5788=DIRECTION('center_axis',(1.,-3.67394039744206E-16,0.));
#5789=DIRECTION('ref_axis',(0.,0.,1.));
#5790=DIRECTION('',(-1.,3.67394039744206E-16,0.));
#5791=DIRECTION('center_axis',(-1.,3.67394039744206E-16,0.));
#5792=DIRECTION('ref_axis',(0.,0.,-1.));
#5793=DIRECTION('center_axis',(1.,-3.67394039744206E-16,0.));
#5794=DIRECTION('ref_axis',(0.,0.,1.));
#5795=DIRECTION('center_axis',(1.,-3.67394039744206E-16,0.));
#5796=DIRECTION('ref_axis',(0.,0.,1.));
#5797=DIRECTION('center_axis',(1.,-3.67394039744206E-16,0.));
#5798=DIRECTION('ref_axis',(3.67394039744206E-16,1.,0.));
#5799=DIRECTION('center_axis',(1.,-3.67394039744206E-16,0.));
#5800=DIRECTION('ref_axis',(0.,0.,1.));
#5801=DIRECTION('center_axis',(1.,-3.67394039744206E-16,0.));
#5802=DIRECTION('ref_axis',(0.,0.,1.));
#5803=DIRECTION('',(-1.,3.67394039744206E-16,0.));
#5804=DIRECTION('center_axis',(1.,-3.67394039744206E-16,0.));
#5805=DIRECTION('ref_axis',(0.,0.,1.));
#5806=DIRECTION('center_axis',(1.,-3.67394039744206E-16,0.));
#5807=DIRECTION('ref_axis',(0.,0.,1.));
#5808=DIRECTION('center_axis',(1.,-3.67394039744206E-16,0.));
#5809=DIRECTION('ref_axis',(0.,0.,1.));
#5810=DIRECTION('center_axis',(1.,-3.67394039744206E-16,0.));
#5811=DIRECTION('ref_axis',(3.67394039744206E-16,1.,0.));
#5812=DIRECTION('center_axis',(1.,-3.67394039744206E-16,0.));
#5813=DIRECTION('ref_axis',(0.,0.,1.));
#5814=DIRECTION('center_axis',(1.,-3.67394039744206E-16,0.));
#5815=DIRECTION('ref_axis',(0.,0.,1.));
#5816=DIRECTION('',(-1.,3.67394039744206E-16,0.));
#5817=DIRECTION('center_axis',(-1.,3.67394039744206E-16,0.));
#5818=DIRECTION('ref_axis',(0.,0.,-1.));
#5819=DIRECTION('center_axis',(1.,-3.67394039744206E-16,0.));
#5820=DIRECTION('ref_axis',(0.,0.,1.));
#5821=DIRECTION('center_axis',(1.,-3.67394039744206E-16,0.));
#5822=DIRECTION('ref_axis',(0.,0.,1.));
#5823=DIRECTION('center_axis',(1.,-3.67394039744206E-16,0.));
#5824=DIRECTION('ref_axis',(3.67394039744206E-16,1.,0.));
#5825=DIRECTION('center_axis',(1.,-3.67394039744206E-16,0.));
#5826=DIRECTION('ref_axis',(0.,0.,1.));
#5827=DIRECTION('center_axis',(1.,-3.67394039744206E-16,0.));
#5828=DIRECTION('ref_axis',(0.,0.,1.));
#5829=DIRECTION('',(-1.,3.67394039744206E-16,0.));
#5830=DIRECTION('center_axis',(1.,-3.67394039744206E-16,0.));
#5831=DIRECTION('ref_axis',(0.,0.,1.));
#5832=DIRECTION('center_axis',(1.,-3.67394039744206E-16,-1.49975978266186E-32));
#5833=DIRECTION('ref_axis',(1.49975978266186E-32,-4.59169004331693E-48,
1.));
#5834=DIRECTION('center_axis',(1.,-3.67394039744206E-16,-1.49975978266186E-32));
#5835=DIRECTION('ref_axis',(1.49975978266186E-32,-4.59169004331694E-48,
1.));
#5836=DIRECTION('center_axis',(1.,-3.67394039744206E-16,-1.49975978266186E-32));
#5837=DIRECTION('ref_axis',(1.49975978266186E-32,-4.59169004331694E-48,
1.));
#5838=DIRECTION('center_axis',(1.,-3.67394039744206E-16,-1.49975978266186E-32));
#5839=DIRECTION('ref_axis',(1.49975978266186E-32,-4.59169004331693E-48,
1.));
#5840=DIRECTION('center_axis',(1.,-3.67394039744206E-16,-1.49975978266186E-32));
#5841=DIRECTION('ref_axis',(1.49975978266186E-32,-4.59169004331693E-48,
1.));
#5842=DIRECTION('center_axis',(1.,-3.67394039744206E-16,-1.49975978266186E-32));
#5843=DIRECTION('ref_axis',(-3.67394039744206E-16,-1.,0.));
#5844=DIRECTION('center_axis',(1.,-3.67394039744206E-16,-1.49975978266186E-32));
#5845=DIRECTION('ref_axis',(1.49975978266186E-32,-4.59169004331693E-48,
1.));
#5846=DIRECTION('center_axis',(1.,-3.67394039744206E-16,-1.49975978266186E-32));
#5847=DIRECTION('ref_axis',(1.49975978266186E-32,-4.59169004331693E-48,
1.));
#5848=DIRECTION('',(-1.,3.67394039744206E-16,1.49975978266186E-32));
#5849=DIRECTION('center_axis',(-1.,3.67394039744206E-16,1.49975978266186E-32));
#5850=DIRECTION('ref_axis',(-1.49975978266186E-32,4.59169004331693E-48,
-1.));
#5851=DIRECTION('center_axis',(1.,-3.67394039744206E-16,-1.49975978266186E-32));
#5852=DIRECTION('ref_axis',(1.49975978266186E-32,-4.59169004331694E-48,
1.));
#5853=DIRECTION('center_axis',(1.,-3.67394039744206E-16,-1.49975978266186E-32));
#5854=DIRECTION('ref_axis',(1.49975978266186E-32,-4.59169004331694E-48,
1.));
#5855=DIRECTION('center_axis',(1.,-3.67394039744206E-16,-1.49975978266186E-32));
#5856=DIRECTION('ref_axis',(-3.67394039744206E-16,-1.,0.));
#5857=DIRECTION('center_axis',(1.,-3.67394039744206E-16,-1.49975978266186E-32));
#5858=DIRECTION('ref_axis',(1.49975978266186E-32,-4.59169004331694E-48,
1.));
#5859=DIRECTION('center_axis',(1.,-3.67394039744206E-16,-1.49975978266186E-32));
#5860=DIRECTION('ref_axis',(1.49975978266186E-32,-4.59169004331694E-48,
1.));
#5861=DIRECTION('',(-1.,3.67394039744206E-16,1.49975978266186E-32));
#5862=DIRECTION('center_axis',(1.,-3.67394039744206E-16,-1.49975978266186E-32));
#5863=DIRECTION('ref_axis',(1.49975978266186E-32,-4.59169004331693E-48,
1.));
#5864=DIRECTION('center_axis',(1.,-3.67394039744206E-16,-1.49975978266186E-32));
#5865=DIRECTION('ref_axis',(-3.67394039744206E-16,-1.,0.));
#5866=DIRECTION('',(-1.,3.67394039744206E-16,1.49975978266186E-32));
#5867=DIRECTION('center_axis',(-1.,3.67394039744206E-16,0.));
#5868=DIRECTION('ref_axis',(-3.67394039744206E-16,-1.,0.));
#5869=DIRECTION('center_axis',(-1.,3.67394039744206E-16,0.));
#5870=DIRECTION('ref_axis',(-3.67394039744206E-16,-1.,0.));
#5871=DIRECTION('center_axis',(-1.,1.83697019872103E-16,-1.32565230872677E-15));
#5872=DIRECTION('ref_axis',(-1.83697019872115E-16,-1.,9.00180830777145E-15));
#5873=DIRECTION('center_axis',(-1.,4.61252776028392E-16,-1.55091076241555E-16));
#5874=DIRECTION('ref_axis',(-1.83697019872115E-16,-1.,9.00180830777145E-15));
#5875=DIRECTION('center_axis',(-1.,4.61252776028392E-16,-1.55091076241555E-16));
#5876=DIRECTION('ref_axis',(-1.83697019872115E-16,-1.,9.00180830777145E-15));
#5877=DIRECTION('',(-1.,1.83697019872103E-16,-1.32565230872677E-15));
#5878=DIRECTION('center_axis',(-1.,9.33847712186384E-16,-6.27686012399561E-16));
#5879=DIRECTION('ref_axis',(9.33847712186389E-16,1.,-9.00180830777145E-15));
#5880=DIRECTION('center_axis',(-1.,9.33847712186384E-16,-6.27686012399561E-16));
#5881=DIRECTION('ref_axis',(9.33847712186389E-16,1.,-9.00180830777145E-15));
#5882=DIRECTION('center_axis',(-1.,9.26158667590177E-16,-6.33874755611153E-16));
#5883=DIRECTION('ref_axis',(6.33874755611153E-16,-1.16440903577926E-31,
-1.));
#5884=DIRECTION('center_axis',(1.,-1.83697019872103E-16,-1.22464679914735E-16));
#5885=DIRECTION('ref_axis',(1.22464679914735E-16,-2.24963967399279E-32,
1.));
#5886=DIRECTION('center_axis',(1.,-7.38808532184678E-16,4.32646832397842E-16));
#5887=DIRECTION('ref_axis',(4.32646832397841E-16,-8.88178419700124E-15,
-1.));
#5888=DIRECTION('',(-1.,1.83697019872103E-16,1.22464679914735E-16));
#5889=DIRECTION('center_axis',(-1.,5.44519502875279E-16,-2.10602227472812E-16));
#5890=DIRECTION('ref_axis',(1.22464679914735E-16,-2.24963967399279E-32,
1.));
#5891=DIRECTION('center_axis',(1.,-4.61252776028392E-16,1.55091076241555E-16));
#5892=DIRECTION('ref_axis',(-1.55091076241555E-16,2.84897685143308E-32,
1.));
#5893=DIRECTION('center_axis',(-1.,1.83697019872103E-16,1.22464679914735E-16));
#5894=DIRECTION('ref_axis',(-1.83697019872103E-16,-1.,2.75831807360287E-15));
#5895=DIRECTION('center_axis',(-1.,4.56048605600462E-16,-1.68968864049368E-16));
#5896=DIRECTION('ref_axis',(-1.83697019872103E-16,-1.,2.75831807360287E-15));
#5897=DIRECTION('center_axis',(-1.,4.56048605600462E-16,-1.68968864049368E-16));
#5898=DIRECTION('ref_axis',(-1.83697019872103E-16,-1.,2.75831807360287E-15));
#5899=DIRECTION('',(-1.,1.83697019872103E-16,1.22464679914735E-16));
#5900=DIRECTION('center_axis',(-1.,5.28486779072462E-16,-4.99301996854452E-17));
#5901=DIRECTION('ref_axis',(5.28486779072462E-16,1.,-2.75831807360287E-15));
#5902=DIRECTION('center_axis',(-1.,5.28486779072462E-16,-4.99301996854452E-17));
#5903=DIRECTION('ref_axis',(5.28486779072462E-16,1.,-2.75831807360287E-15));
#5904=DIRECTION('center_axis',(-1.,5.44519502875279E-16,-2.10602227472812E-16));
#5905=DIRECTION('ref_axis',(2.10602227472812E-16,-3.86870015651822E-32,
-1.));
#5906=DIRECTION('center_axis',(-1.,1.83697019872103E-16,1.22464679914735E-16));
#5907=DIRECTION('ref_axis',(1.22464679914735E-16,-2.44407930572407E-15,
1.));
#5908=DIRECTION('center_axis',(-1.,3.94299247344914E-16,-1.83697019872103E-16));
#5909=DIRECTION('ref_axis',(1.22464679914735E-16,-2.44407930572407E-15,
1.));
#5910=DIRECTION('center_axis',(-1.,3.94299247344914E-16,-1.83697019872103E-16));
#5911=DIRECTION('ref_axis',(1.22464679914735E-16,-2.44407930572407E-15,
1.));
#5912=DIRECTION('',(-1.,1.83697019872103E-16,1.22464679914735E-16));
#5913=DIRECTION('center_axis',(-1.,4.89206933087612E-16,-1.83045233300773E-16));
#5914=DIRECTION('ref_axis',(1.83045233300773E-16,2.44407930572407E-15,-1.));
#5915=DIRECTION('center_axis',(-1.,4.89206933087612E-16,-1.83045233300773E-16));
#5916=DIRECTION('ref_axis',(1.83045233300773E-16,2.44407930572407E-15,-1.));
#5917=DIRECTION('center_axis',(-1.,4.56048605600462E-16,-1.68968864049368E-16));
#5918=DIRECTION('ref_axis',(1.68968864049368E-16,-3.10390767770435E-32,
-1.));
#5919=DIRECTION('center_axis',(1.,-3.94299247344914E-16,1.83697019872103E-16));
#5920=DIRECTION('ref_axis',(3.94299247344915E-16,1.,-6.73555739531044E-16));
#5921=DIRECTION('center_axis',(1.,-3.94299247344914E-16,1.83697019872103E-16));
#5922=DIRECTION('ref_axis',(-3.94299247344915E-16,-1.,6.73555739531044E-16));
#5923=DIRECTION('center_axis',(1.,-3.94299247344914E-16,1.83697019872103E-16));
#5924=DIRECTION('ref_axis',(-3.94299247344915E-16,-1.,6.73555739531044E-16));
#5925=DIRECTION('center_axis',(1.,-3.94299247344914E-16,1.83697019872103E-16));
#5926=DIRECTION('ref_axis',(0.,-1.,5.28677630773884E-16));
#5927=DIRECTION('center_axis',(-1.83697019872103E-16,5.28677630773884E-16,
1.));
#5928=DIRECTION('ref_axis',(2.44929359829471E-16,1.,-5.28677630773884E-16));
#5929=DIRECTION('center_axis',(-1.,3.94299247344914E-16,-1.83697019872103E-16));
#5930=DIRECTION('ref_axis',(-3.94299247344915E-16,-1.,6.73555739531044E-16));
#5931=DIRECTION('center_axis',(-1.,3.94299247344914E-16,-1.83697019872103E-16));
#5932=DIRECTION('ref_axis',(-3.94299247344915E-16,-1.,6.73555739531044E-16));
#5933=DIRECTION('center_axis',(-1.,3.94299247344914E-16,-1.83697019872103E-16));
#5934=DIRECTION('ref_axis',(3.94299247344915E-16,1.,-6.73555739531044E-16));
#5935=DIRECTION('center_axis',(-1.,3.94299247344914E-16,-1.83697019872103E-16));
#5936=DIRECTION('ref_axis',(3.94299247344915E-16,1.,-6.73555739531044E-16));
#5937=DIRECTION('center_axis',(-1.,3.94299247344914E-16,-1.83697019872103E-16));
#5938=DIRECTION('ref_axis',(3.94299247344915E-16,1.,-6.73555739531044E-16));
#5939=DIRECTION('center_axis',(-1.,3.94299247344914E-16,-1.83697019872103E-16));
#5940=DIRECTION('ref_axis',(3.94299247344915E-16,1.,-6.73555739531044E-16));
#5941=DIRECTION('center_axis',(1.,-3.94299247344914E-16,1.83697019872103E-16));
#5942=DIRECTION('ref_axis',(-3.94299247344915E-16,-1.,6.73555739531044E-16));
#5943=DIRECTION('',(-1.,3.94299247344914E-16,-1.83697019872103E-16));
#5944=DIRECTION('center_axis',(-1.,3.94299247344914E-16,-1.83697019872103E-16));
#5945=DIRECTION('ref_axis',(3.94299247344915E-16,1.,-6.73555739531044E-16));
#5946=DIRECTION('center_axis',(-1.,3.94299247344914E-16,-1.83697019872103E-16));
#5947=DIRECTION('ref_axis',(3.94299247344915E-16,1.,-6.73555739531044E-16));
#5948=DIRECTION('center_axis',(0.994588904163464,-0.093946804964825,-0.0443498540225435));
#5949=DIRECTION('ref_axis',(-0.0940393339183061,-0.995568482665156,8.43068200833862E-17));
#5950=DIRECTION('center_axis',(1.37571567048577E-5,0.391287684401656,-0.920268410761953));
#5951=DIRECTION('ref_axis',(0.997675464181609,-0.0627165681389987,-0.026651458700749));
#5952=DIRECTION('center_axis',(-0.99505751518053,0.0836283935381213,0.0535428172305341));
#5953=DIRECTION('ref_axis',(0.0837485262309676,0.996486921316151,-5.85548829755744E-16));
#5954=DIRECTION('center_axis',(-9.13464356866614E-6,0.571749416857201,-0.820428305362515));
#5955=DIRECTION('ref_axis',(0.99985990626288,0.0137377254806094,0.00956257008362707));
#5956=DIRECTION('center_axis',(0.9945889041661,0.0939468049420152,0.0443498540117538));
#5957=DIRECTION('ref_axis',(0.0940393338954287,-0.995568482667317,1.24642657024866E-15));
#5958=DIRECTION('center_axis',(1.37571564088603E-5,-0.391287684394564,0.920268410764969));
#5959=DIRECTION('ref_axis',(0.997675464161342,0.0627165684121489,0.0266514588166399));
#5960=DIRECTION('center_axis',(-0.995057515183671,-0.0836283935116046,-0.053542817213584));
#5961=DIRECTION('ref_axis',(-0.0837485262043364,0.996486921318389,-9.12087891781024E-16));
#5962=DIRECTION('center_axis',(-9.1346432936416E-6,-0.571749416861892,0.820428305359246));
#5963=DIRECTION('ref_axis',(0.999859906302878,-0.013737723520169,-0.00956256871786442));
#5964=DIRECTION('center_axis',(0.994588904166845,0.0443498540087047,-0.0939468049355613));
#5965=DIRECTION('ref_axis',(-0.0940393338889557,-8.49464299783076E-16,-0.995568482667929));
#5966=DIRECTION('center_axis',(1.37571561121501E-5,0.920268410766595,0.39128768439074));
#5967=DIRECTION('ref_axis',(0.997675464206526,0.0266514585578054,-0.0627165678033656));
#5968=DIRECTION('center_axis',(-0.995057515184117,-0.0535428172111742,0.083628393507841));
#5969=DIRECTION('ref_axis',(0.0837485262005567,8.19446107614286E-16,0.996486921318707));
#5970=DIRECTION('center_axis',(-9.13464360574709E-6,0.820428305361607,0.571749416858504));
#5971=DIRECTION('ref_axis',(0.999859906221717,-0.00956257148947532,0.0137377274979404));
#5972=DIRECTION('center_axis',(0.994588904165713,-0.0443498540133397,0.0939468049453643));
#5973=DIRECTION('ref_axis',(0.0940393338987878,-7.91784592758555E-16,-0.995568482667));
#5974=DIRECTION('center_axis',(1.37571560481071E-5,-0.92026841076778,-0.391287684387953));
#5975=DIRECTION('ref_axis',(0.99767546416542,-0.0266514587931594,0.0627165683572566));
#5976=DIRECTION('center_axis',(-0.995057515182811,0.0535428172182236,-0.0836283935188661));
#5977=DIRECTION('ref_axis',(-0.0837485262116292,1.32437510873441E-15,0.996486921317776));
#5978=DIRECTION('center_axis',(-9.13464353187798E-6,-0.820428305362276,
-0.571749416857545));
#5979=DIRECTION('ref_axis',(0.999859906194234,0.00956257242815643,-0.0137377288447997));
#5980=DIRECTION('center_axis',(-1.,3.94299247344914E-16,-1.83697019872103E-16));
#5981=DIRECTION('ref_axis',(3.94299247344915E-16,1.,-6.73555739531044E-16));
#5982=DIRECTION('center_axis',(1.,-3.94299247344914E-16,1.83697019872103E-16));
#5983=DIRECTION('ref_axis',(-3.94299247344915E-16,-1.,6.73555739531044E-16));
#5984=DIRECTION('center_axis',(-1.,3.94299247344914E-16,-1.83697019872103E-16));
#5985=DIRECTION('ref_axis',(3.02112818900402E-16,0.325727040549303,-0.945463851797092));
#5986=DIRECTION('center_axis',(1.,-3.94299247344914E-16,1.83697019872103E-16));
#5987=DIRECTION('ref_axis',(-3.94299247344915E-16,-1.,6.73555739531044E-16));
#5988=DIRECTION('center_axis',(1.,-3.94299247344914E-16,1.83697019872103E-16));
#5989=DIRECTION('ref_axis',(-3.94299247344915E-16,-1.,6.73555739531044E-16));
#5990=DIRECTION('',(1.23864083936723E-11,0.398623023944102,-0.917114870003567));
#5991=DIRECTION('',(-4.14679560530387E-13,0.565047747338555,-0.825058205963449));
#5992=DIRECTION('center_axis',(-1.36704308240118E-5,-0.571554088270217,
0.820564393569889));
#5993=DIRECTION('ref_axis',(0.99923489354682,-0.0321004504448461,-0.0223425289462266));
#5994=DIRECTION('center_axis',(1.41662385962025E-5,-0.391178126222764,0.920314985950009));
#5995=DIRECTION('ref_axis',(0.994678971216922,0.0948191473702539,0.0402873864978193));
#5996=DIRECTION('',(1.24731368700745E-11,-0.39862302394408,0.917114870003577));
#5997=DIRECTION('',(-4.37273220914671E-13,-0.565047747338538,0.825058205963461));
#5998=DIRECTION('center_axis',(-1.36704309978022E-5,0.571554088266507,-0.820564393572474));
#5999=DIRECTION('ref_axis',(0.99923489348575,0.0321004517253515,0.0223425298377209));
#6000=DIRECTION('center_axis',(1.41662381555995E-5,0.391178126216261,-0.920314985952773));
#6001=DIRECTION('ref_axis',(0.994678971261791,-0.0948191469716773,-0.0402873863280897));
#6002=DIRECTION('',(1.24519059668289E-11,0.917114870003578,0.398623023944076));
#6003=DIRECTION('',(-3.27452624467258E-13,0.825058205963457,0.565047747338542));
#6004=DIRECTION('center_axis',(-1.36704304142617E-5,-0.820564393567957,
-0.571554088272991));
#6005=DIRECTION('ref_axis',(0.999234893505019,0.0223425295570861,-0.0321004513208916));
#6006=DIRECTION('center_axis',(1.41662385493866E-5,-0.92031498595024,-0.391178126222221));
#6007=DIRECTION('ref_axis',(0.994678971134204,-0.0402873868102121,0.0948191481052459));
#6008=DIRECTION('',(1.27134685005142E-11,-0.917114870003584,-0.398623023944064));
#6009=DIRECTION('',(-2.84205782724035E-13,-0.825058205963462,-0.565047747338536));
#6010=DIRECTION('center_axis',(-1.36704307076584E-5,0.820564393569628,0.571554088270593));
#6011=DIRECTION('ref_axis',(0.999234893568492,-0.0223425286298771,0.0321004499904376));
#6012=DIRECTION('center_axis',(1.41662382672368E-5,0.92031498595197,0.391178126218151));
#6013=DIRECTION('ref_axis',(0.994678971180994,0.0402873866333378,-0.0948191476895671));
#6014=DIRECTION('center_axis',(1.,-3.94299247344914E-16,1.83697019872103E-16));
#6015=DIRECTION('ref_axis',(4.31416328683262E-16,0.953030466742699,-0.302874445043146));
#6016=DIRECTION('center_axis',(-1.,3.94299247344914E-16,-1.83697019872103E-16));
#6017=DIRECTION('ref_axis',(-3.94299247344915E-16,-1.,6.73555739531044E-16));
#6018=DIRECTION('center_axis',(-1.,-1.17924519700569E-15,5.82183773935974E-15));
#6019=DIRECTION('ref_axis',(-1.19564783640942E-15,1.,-5.1828746963316E-16));
#6020=DIRECTION('center_axis',(1.,-3.94299247344914E-16,1.83697019872103E-16));
#6021=DIRECTION('ref_axis',(-1.19564783640942E-15,1.,-5.1828746963316E-16));
#6022=DIRECTION('center_axis',(-0.993831310928222,-0.102933630801195,-0.0412794509262841));
#6023=DIRECTION('ref_axis',(-0.103021442136288,0.994679135430195,-5.81343717053585E-16));
#6024=DIRECTION('center_axis',(0.993824540414251,0.0897201652984958,0.0652922262540757));
#6025=DIRECTION('ref_axis',(0.0899120208260141,-0.995949711838395,9.37144395510118E-16));
#6026=DIRECTION('center_axis',(-0.993831310928177,0.102933630801568,0.041279450926433));
#6027=DIRECTION('ref_axis',(0.103021442136663,0.994679135430156,-8.87836863228161E-16));
#6028=DIRECTION('center_axis',(0.993824540416318,-0.0897201652835212,-0.0652922262431945));
#6029=DIRECTION('ref_axis',(-0.0899120208109432,-0.995949711839756,8.72886232393386E-16));
#6030=DIRECTION('center_axis',(-0.993831310927725,0.0412794509279476,-0.10293363080532));
#6031=DIRECTION('ref_axis',(-0.103021442140424,2.36146247077196E-16,0.994679135429766));
#6032=DIRECTION('center_axis',(0.993824540414336,-0.0652922262536256,0.089720165297886));
#6033=DIRECTION('ref_axis',(0.0899120208254004,4.74199438570423E-16,-0.995949711838451));
#6034=DIRECTION('center_axis',(-0.99383131092737,-0.0412794509291373,0.102933630808279));
#6035=DIRECTION('ref_axis',(0.103021442143391,4.70623365510885E-16,0.994679135429459));
#6036=DIRECTION('center_axis',(0.993824540413398,0.0652922262585609,-0.0897201653046802));
#6037=DIRECTION('ref_axis',(-0.0899120208322382,-1.00075894616116E-17,-0.995949711837833));
#6038=DIRECTION('center_axis',(1.,-3.94299247344914E-16,1.83697019872103E-16));
#6039=DIRECTION('ref_axis',(-3.94299247344915E-16,-1.,6.73555739531044E-16));
#6040=DIRECTION('center_axis',(-1.,3.94299247344914E-16,-1.83697019872103E-16));
#6041=DIRECTION('ref_axis',(3.94299247344915E-16,1.,-6.73555739531044E-16));
#6042=DIRECTION('center_axis',(-1.,3.94299247344914E-16,-1.83697019872103E-16));
#6043=DIRECTION('ref_axis',(3.94299247344915E-16,1.,-6.73555739531044E-16));
#6044=DIRECTION('center_axis',(-1.,3.94299247344914E-16,-1.83697019872103E-16));
#6045=DIRECTION('ref_axis',(3.94299247344915E-16,1.,-6.73555739531044E-16));
#6046=DIRECTION('center_axis',(-1.,3.67394039744206E-16,0.));
#6047=DIRECTION('ref_axis',(3.94299247344915E-16,1.,-6.73555739531044E-16));
#6048=DIRECTION('center_axis',(-1.,3.67394039744206E-16,0.));
#6049=DIRECTION('ref_axis',(3.94299247344915E-16,1.,-6.73555739531044E-16));
#6050=DIRECTION('',(1.,-3.94299247344915E-16,1.83697019872103E-16));
#6051=DIRECTION('center_axis',(-1.83697019872103E-16,-1.,0.));
#6052=DIRECTION('ref_axis',(3.06161699786838E-16,-5.62409918498197E-32,
1.));
#6053=DIRECTION('',(-1.,1.83697019872103E-16,3.06161699786838E-16));
#6054=DIRECTION('',(3.06161699786838E-16,-5.62409918498197E-32,1.));
#6055=DIRECTION('',(-1.,1.83697019872103E-16,3.06161699786838E-16));
#6056=DIRECTION('',(3.06161699786838E-16,-5.62409918498197E-32,1.));
#6057=DIRECTION('',(-1.,1.83697019872103E-16,3.06161699786838E-16));
#6058=DIRECTION('center_axis',(-1.83697019872103E-16,-1.,-1.83697019872103E-16));
#6059=DIRECTION('ref_axis',(-3.37445951098918E-32,-1.83697019872103E-16,
1.));
#6060=DIRECTION('center_axis',(-1.83697019872103E-16,-1.,-1.83697019872103E-16));
#6061=DIRECTION('ref_axis',(-3.37445951098918E-32,-1.83697019872103E-16,
1.));
#6062=DIRECTION('center_axis',(-1.,1.83697019872103E-16,3.06161699786838E-16));
#6063=DIRECTION('ref_axis',(-1.83697019872103E-16,-1.,0.));
#6064=DIRECTION('center_axis',(-1.,1.83697019872103E-16,3.06161699786838E-16));
#6065=DIRECTION('ref_axis',(-1.83697019872102E-16,-1.,1.85037170770859E-15));
#6066=DIRECTION('',(1.83697019872103E-16,1.,0.));
#6067=DIRECTION('center_axis',(-1.,1.83697019872103E-16,3.06161699786838E-16));
#6068=DIRECTION('ref_axis',(3.06161699786838E-16,-5.62409918498197E-32,
1.));
#6069=DIRECTION('',(-1.83697019872103E-16,-1.,-7.36222164870793E-17));
#6070=DIRECTION('',(0.,0.,1.));
#6071=DIRECTION('',(1.83697019872103E-16,1.,0.));
#6072=DIRECTION('',(0.,0.,1.));
#6073=DIRECTION('',(-1.83697019872103E-16,-1.,0.));
#6074=DIRECTION('center_axis',(-1.,1.83697019872103E-16,3.06161699786838E-16));
#6075=DIRECTION('ref_axis',(-1.83697019872103E-16,-1.,0.));
#6076=DIRECTION('',(-1.83697019872103E-16,-1.,-7.36222164870793E-17));
#6077=DIRECTION('center_axis',(-1.,1.83697019872103E-16,3.06161699786838E-16));
#6078=DIRECTION('ref_axis',(3.06161699786838E-16,-5.62409918498197E-32,
1.));
#6079=DIRECTION('',(1.83697019872103E-16,1.,0.));
#6080=DIRECTION('center_axis',(-1.,1.83697019872103E-16,3.06161699786838E-16));
#6081=DIRECTION('ref_axis',(-1.83697019872102E-16,-1.,1.85037170770859E-15));
#6082=DIRECTION('',(0.,0.,1.));
#6083=DIRECTION('',(3.67394039744206E-16,1.,0.));
#6084=DIRECTION('',(0.,0.,1.));
#6085=DIRECTION('',(-3.67394039744206E-16,-1.,0.));
#6086=DIRECTION('center_axis',(-3.06161699786838E-16,7.36222164870794E-17,
-1.));
#6087=DIRECTION('ref_axis',(-1.83697019872103E-16,-1.,-7.36222164870793E-17));
#6088=DIRECTION('center_axis',(-1.,1.83697019872103E-16,3.06161699786838E-16));
#6089=DIRECTION('ref_axis',(3.06161699786838E-16,-5.62409918498197E-32,
1.));
#6090=DIRECTION('',(-1.,1.83697019872103E-16,3.06161699786838E-16));
#6091=DIRECTION('center_axis',(3.06161699786838E-16,-5.62409918498197E-32,
1.));
#6092=DIRECTION('ref_axis',(1.83697019872103E-16,1.,0.));
#6093=DIRECTION('',(-1.,1.83697019872103E-16,3.06161699786838E-16));
#6094=DIRECTION('center_axis',(-1.,1.83697019872103E-16,3.06161699786838E-16));
#6095=DIRECTION('ref_axis',(-1.83697019872102E-16,-1.,1.85037170770859E-15));
#6096=DIRECTION('center_axis',(1.,-3.67394039744206E-16,0.));
#6097=DIRECTION('ref_axis',(3.67394039744206E-16,1.,0.));
#6098=DIRECTION('',(-3.67394039744206E-16,-1.,0.));
#6099=DIRECTION('',(0.,0.,1.));
#6100=DIRECTION('',(3.67394039744206E-16,1.,0.));
#6101=DIRECTION('',(0.,0.,1.));
#6102=DIRECTION('center_axis',(-3.67394039744206E-16,-1.,0.));
#6103=DIRECTION('ref_axis',(1.,-3.67394039744206E-16,0.));
#6104=DIRECTION('',(-1.,3.67394039744206E-16,0.));
#6105=DIRECTION('',(1.,-3.67394039744206E-16,0.));
#6106=DIRECTION('center_axis',(3.67394039744206E-16,1.,0.));
#6107=DIRECTION('ref_axis',(-1.,3.67394039744206E-16,0.));
#6108=DIRECTION('',(1.,-3.67394039744206E-16,0.));
#6109=DIRECTION('',(-1.,3.67394039744206E-16,0.));
#6110=DIRECTION('center_axis',(0.,0.,1.));
#6111=DIRECTION('ref_axis',(-1.,3.67394039744206E-16,0.));
#6112=DIRECTION('center_axis',(0.,0.,1.));
#6113=DIRECTION('ref_axis',(-1.,3.67394039744206E-16,0.));
#6114=DIRECTION('center_axis',(-1.,1.83697019872103E-16,0.));
#6115=DIRECTION('ref_axis',(-1.83697019872103E-16,-1.,0.));
#6116=DIRECTION('',(1.83697019872103E-16,1.,0.));
#6117=DIRECTION('',(0.,0.,1.));
#6118=DIRECTION('',(-1.83697019872103E-16,-1.,0.));
#6119=DIRECTION('',(0.,0.,1.));
#6120=DIRECTION('center_axis',(-1.,2.44929359829471E-16,0.));
#6121=DIRECTION('ref_axis',(-2.69052076007087E-17,1.,6.73555739531044E-16));
#6122=DIRECTION('center_axis',(-1.,2.44929359829471E-16,0.));
#6123=DIRECTION('ref_axis',(-2.69052076007087E-17,1.,6.73555739531044E-16));
#6124=DIRECTION('center_axis',(-1.83697019872103E-16,-1.,0.));
#6125=DIRECTION('ref_axis',(1.,-1.83697019872103E-16,0.));
#6126=DIRECTION('',(-1.,1.83697019872103E-16,0.));
#6127=DIRECTION('',(1.,-1.83697019872103E-16,0.));
#6128=DIRECTION('center_axis',(1.83697019872103E-16,1.,0.));
#6129=DIRECTION('ref_axis',(-1.,1.83697019872103E-16,0.));
#6130=DIRECTION('',(1.,-1.83697019872103E-16,0.));
#6131=DIRECTION('',(-1.,1.83697019872103E-16,0.));
#6132=DIRECTION('center_axis',(0.,0.,1.));
#6133=DIRECTION('ref_axis',(-1.83697019872103E-16,-1.,0.));
#6134=DIRECTION('center_axis',(0.,0.,1.));
#6135=DIRECTION('ref_axis',(-1.83697019872103E-16,-1.,0.));
#6136=DIRECTION('center_axis',(1.,-1.83697019872103E-16,1.44811698864151E-15));
#6137=DIRECTION('ref_axis',(-1.8369701987209E-16,-1.,-9.00180830777145E-15));
#6138=DIRECTION('center_axis',(1.,9.38587362841862E-17,2.77555756156291E-16));
#6139=DIRECTION('ref_axis',(-1.8369701987209E-16,-1.,-9.00180830777145E-15));
#6140=DIRECTION('center_axis',(1.,9.38587362841862E-17,2.77555756156291E-16));
#6141=DIRECTION('ref_axis',(-1.8369701987209E-16,-1.,-9.00180830777145E-15));
#6142=DIRECTION('',(1.,-1.83697019872103E-16,1.44811698864151E-15));
#6143=DIRECTION('center_axis',(1.,5.66453672442178E-16,7.50150692314297E-16));
#6144=DIRECTION('ref_axis',(-5.66453672442184E-16,1.,9.00180830777145E-15));
#6145=DIRECTION('center_axis',(1.,5.66453672442178E-16,7.50150692314297E-16));
#6146=DIRECTION('ref_axis',(-5.66453672442184E-16,1.,9.00180830777145E-15));
#6147=DIRECTION('center_axis',(1.,5.58764627845971E-16,7.56339435525888E-16));
#6148=DIRECTION('ref_axis',(-7.56339435525888E-16,1.38937300317854E-31,
1.));
#6149=DIRECTION('center_axis',(-1.,1.83697019872103E-16,0.));
#6150=DIRECTION('ref_axis',(0.,0.,-1.));
#6151=DIRECTION('center_axis',(-1.,-3.71414492440472E-16,-5.55111512312578E-16));
#6152=DIRECTION('ref_axis',(-5.55111512312579E-16,-8.88178419700124E-15,
1.));
#6153=DIRECTION('',(1.,-1.83697019872103E-16,0.));
#6154=DIRECTION('center_axis',(1.,1.77125463131073E-16,3.33066907387547E-16));
#6155=DIRECTION('ref_axis',(0.,0.,-1.));
#6156=DIRECTION('center_axis',(-1.,-9.38587362841862E-17,-2.77555756156291E-16));
#6157=DIRECTION('ref_axis',(2.77555756156291E-16,-5.09861652542587E-32,
-1.));
#6158=DIRECTION('center_axis',(1.,-1.83697019872103E-16,0.));
#6159=DIRECTION('ref_axis',(-1.83697019872103E-16,-1.,-2.75831807360287E-15));
#6160=DIRECTION('center_axis',(1.,8.86545658562557E-17,2.91433543964104E-16));
#6161=DIRECTION('ref_axis',(-1.83697019872103E-16,-1.,-2.75831807360287E-15));
#6162=DIRECTION('center_axis',(1.,8.86545658562557E-17,2.91433543964104E-16));
#6163=DIRECTION('ref_axis',(-1.83697019872103E-16,-1.,-2.75831807360287E-15));
#6164=DIRECTION('',(1.,-1.83697019872103E-16,0.));
#6165=DIRECTION('center_axis',(1.,1.61092739328256E-16,1.72394879600181E-16));
#6166=DIRECTION('ref_axis',(-1.61092739328256E-16,1.,2.75831807360287E-15));
#6167=DIRECTION('center_axis',(1.,1.61092739328256E-16,1.72394879600181E-16));
#6168=DIRECTION('ref_axis',(-1.61092739328256E-16,1.,2.75831807360287E-15));
#6169=DIRECTION('center_axis',(1.,1.77125463131073E-16,3.33066907387547E-16));
#6170=DIRECTION('ref_axis',(-3.33066907387547E-16,6.11833983051101E-32,
1.));
#6171=DIRECTION('center_axis',(1.,-1.83697019872103E-16,0.));
#6172=DIRECTION('ref_axis',(-4.48970084792589E-31,-2.44407930572407E-15,
-1.));
#6173=DIRECTION('center_axis',(1.,2.69052076007085E-17,3.06161699786839E-16));
#6174=DIRECTION('ref_axis',(-4.48970084792589E-31,-2.44407930572407E-15,
-1.));
#6175=DIRECTION('center_axis',(1.,2.69052076007085E-17,3.06161699786839E-16));
#6176=DIRECTION('ref_axis',(-4.48970084792589E-31,-2.44407930572407E-15,
-1.));
#6177=DIRECTION('',(1.,-1.83697019872103E-16,0.));
#6178=DIRECTION('center_axis',(1.,1.21812893343406E-16,3.05509913215508E-16));
#6179=DIRECTION('ref_axis',(-3.05509913215508E-16,2.44407930572407E-15,
1.));
#6180=DIRECTION('center_axis',(1.,1.21812893343406E-16,3.05509913215508E-16));
#6181=DIRECTION('ref_axis',(-3.05509913215508E-16,2.44407930572407E-15,
1.));
#6182=DIRECTION('center_axis',(1.,8.86545658562557E-17,2.91433543964104E-16));
#6183=DIRECTION('ref_axis',(-2.91433543964104E-16,5.35354735169713E-32,
1.));
#6184=DIRECTION('center_axis',(-1.,-2.69052076007085E-17,-3.06161699786839E-16));
#6185=DIRECTION('ref_axis',(-2.69052076007087E-17,1.,6.73555739531044E-16));
#6186=DIRECTION('center_axis',(-1.,-2.69052076007085E-17,-3.06161699786839E-16));
#6187=DIRECTION('ref_axis',(2.69052076007087E-17,-1.,-6.73555739531044E-16));
#6188=DIRECTION('center_axis',(-1.,-2.69052076007085E-17,-3.06161699786839E-16));
#6189=DIRECTION('ref_axis',(2.69052076007087E-17,-1.,-6.73555739531044E-16));
#6190=DIRECTION('center_axis',(-1.,-2.69052076007085E-17,-3.06161699786839E-16));
#6191=DIRECTION('ref_axis',(0.,-1.,-5.28677630773884E-16));
#6192=DIRECTION('center_axis',(3.06161699786839E-16,5.28677630773884E-16,
-1.));
#6193=DIRECTION('ref_axis',(2.44929359829471E-16,1.,5.28677630773884E-16));
#6194=DIRECTION('center_axis',(1.,2.69052076007085E-17,3.06161699786839E-16));
#6195=DIRECTION('ref_axis',(2.69052076007087E-17,-1.,-6.73555739531044E-16));
#6196=DIRECTION('center_axis',(1.,2.69052076007085E-17,3.06161699786839E-16));
#6197=DIRECTION('ref_axis',(2.69052076007087E-17,-1.,-6.73555739531044E-16));
#6198=DIRECTION('center_axis',(1.,2.69052076007085E-17,3.06161699786839E-16));
#6199=DIRECTION('ref_axis',(-2.69052076007088E-17,1.,6.73555739531044E-16));
#6200=DIRECTION('center_axis',(1.,2.69052076007085E-17,3.06161699786839E-16));
#6201=DIRECTION('ref_axis',(-2.69052076007088E-17,1.,6.73555739531044E-16));
#6202=DIRECTION('center_axis',(1.,2.69052076007085E-17,3.06161699786839E-16));
#6203=DIRECTION('ref_axis',(-2.69052076007088E-17,1.,6.73555739531044E-16));
#6204=DIRECTION('center_axis',(1.,2.69052076007085E-17,3.06161699786839E-16));
#6205=DIRECTION('ref_axis',(-2.69052076007088E-17,1.,6.73555739531044E-16));
#6206=DIRECTION('center_axis',(-1.,-2.69052076007085E-17,-3.06161699786839E-16));
#6207=DIRECTION('ref_axis',(2.69052076007087E-17,-1.,-6.73555739531044E-16));
#6208=DIRECTION('',(1.,2.69052076007085E-17,3.06161699786839E-16));
#6209=DIRECTION('center_axis',(1.,2.69052076007085E-17,3.06161699786839E-16));
#6210=DIRECTION('ref_axis',(-2.69052076007087E-17,1.,6.73555739531044E-16));
#6211=DIRECTION('center_axis',(1.,2.69052076007085E-17,3.06161699786839E-16));
#6212=DIRECTION('ref_axis',(-2.69052076007087E-17,1.,6.73555739531044E-16));
#6213=DIRECTION('center_axis',(-0.994588904163464,-0.0939468049648246,0.0443498540225434));
#6214=DIRECTION('ref_axis',(0.0940393339183058,-0.995568482665156,-7.2790323155686E-17));
#6215=DIRECTION('center_axis',(-1.37571567048266E-5,0.391287684401656,0.920268410761953));
#6216=DIRECTION('ref_axis',(-0.997675464181609,-0.0627165681389983,0.0266514587007489));
#6217=DIRECTION('center_axis',(0.99505751518053,0.083628393538121,-0.053542817230534));
#6218=DIRECTION('ref_axis',(-0.0837485262309672,0.996486921316151,5.75292593297537E-16));
#6219=DIRECTION('center_axis',(9.13464356877572E-6,0.571749416857201,0.820428305362515));
#6220=DIRECTION('ref_axis',(-0.99985990626288,0.0137377254806098,-0.00956257008362719));
#6221=DIRECTION('center_axis',(-0.9945889041661,0.0939468049420156,-0.0443498540117539));
#6222=DIRECTION('ref_axis',(-0.0940393338954291,-0.995568482667317,-1.25794306717356E-15));
#6223=DIRECTION('center_axis',(-1.37571564088914E-5,-0.391287684394564,
-0.920268410764969));
#6224=DIRECTION('ref_axis',(-0.997675464161342,0.0627165684121493,-0.0266514588166401));
#6225=DIRECTION('center_axis',(0.995057515183671,-0.0836283935116049,0.0535428172135841));
#6226=DIRECTION('ref_axis',(0.0837485262043368,0.996486921318389,9.22344128235969E-16));
#6227=DIRECTION('center_axis',(9.13464329353202E-6,-0.571749416861892,-0.820428305359246));
#6228=DIRECTION('ref_axis',(-0.999859906302878,-0.0137377235201687,0.0095625687178643));
#6229=DIRECTION('center_axis',(-0.994588904166845,0.0443498540087051,0.0939468049355612));
#6230=DIRECTION('ref_axis',(0.0940393338889556,-8.84013790555394E-16,0.995568482667929));
#6231=DIRECTION('center_axis',(-1.37571561117641E-5,0.920268410766595,-0.39128768439074));
#6232=DIRECTION('ref_axis',(-0.997675464206526,0.0266514585578058,0.0627165678033654));
#6233=DIRECTION('center_axis',(0.995057515184117,-0.0535428172111745,-0.0836283935078409));
#6234=DIRECTION('ref_axis',(-0.0837485262005565,8.50214816977732E-16,-0.996486921318707));
#6235=DIRECTION('center_axis',(9.13464360611853E-6,0.820428305361607,-0.571749416858504));
#6236=DIRECTION('ref_axis',(-0.999859906221717,-0.00956257148947495,-0.0137377274979405));
#6237=DIRECTION('center_axis',(-0.994588904165713,-0.0443498540133393,-0.0939468049453645));
#6238=DIRECTION('ref_axis',(-0.0940393338987879,-7.57235101982625E-16,0.995568482667));
#6239=DIRECTION('center_axis',(-1.37571560484932E-5,-0.92026841076778,0.391287684387953));
#6240=DIRECTION('ref_axis',(-0.99767546416542,-0.026651458793159,-0.0627165683572567));
#6241=DIRECTION('center_axis',(0.995057515182811,0.0535428172182232,0.0836283935188662));
#6242=DIRECTION('ref_axis',(0.0837485262116293,1.29360639936689E-15,-0.996486921317776));
#6243=DIRECTION('center_axis',(9.13464353150654E-6,-0.820428305362276,0.571749416857545));
#6244=DIRECTION('ref_axis',(-0.999859906194234,0.0095625724281568,0.0137377288447996));
#6245=DIRECTION('center_axis',(1.,2.69052076007085E-17,3.06161699786839E-16));
#6246=DIRECTION('ref_axis',(-2.69052076007087E-17,1.,6.73555739531044E-16));
#6247=DIRECTION('center_axis',(-1.,-2.69052076007085E-17,-3.06161699786839E-16));
#6248=DIRECTION('ref_axis',(2.69052076007087E-17,-1.,-6.73555739531044E-16));
#6249=DIRECTION('center_axis',(1.,2.69052076007085E-17,3.06161699786839E-16));
#6250=DIRECTION('ref_axis',(-2.98228573600353E-16,0.325727040549303,0.945463851797092));
#6251=DIRECTION('center_axis',(-1.,-2.69052076007085E-17,-3.06161699786839E-16));
#6252=DIRECTION('ref_axis',(2.69052076007088E-17,-1.,-6.73555739531044E-16));
#6253=DIRECTION('center_axis',(-1.,-2.69052076007085E-17,-3.06161699786839E-16));
#6254=DIRECTION('ref_axis',(2.69052076007087E-17,-1.,-6.73555739531044E-16));
#6255=DIRECTION('',(-1.23863742561282E-11,0.398623023944102,0.917114870003567));
#6256=DIRECTION('',(4.14786115215826E-13,0.565047747338555,0.825058205963449));
#6257=DIRECTION('center_axis',(1.36704308239023E-5,-0.571554088270217,-0.820564393569889));
#6258=DIRECTION('ref_axis',(-0.99923489354682,-0.0321004504448457,0.0223425289462265));
#6259=DIRECTION('center_axis',(-1.41662385962336E-5,-0.391178126222764,
-0.920314985950009));
#6260=DIRECTION('ref_axis',(-0.994678971216921,0.0948191473702543,-0.0402873864978194));
#6261=DIRECTION('',(-1.24731710076186E-11,-0.39862302394408,-0.917114870003577));
#6262=DIRECTION('',(4.37166666229233E-13,-0.565047747338538,-0.825058205963461));
#6263=DIRECTION('center_axis',(1.36704309979117E-5,0.571554088266507,0.820564393572474));
#6264=DIRECTION('ref_axis',(-0.99923489348575,0.0321004517253519,-0.022342529837721));
#6265=DIRECTION('center_axis',(-1.41662381555685E-5,0.391178126216261,0.920314985952773));
#6266=DIRECTION('ref_axis',(-0.994678971261791,-0.094819146971677,0.0402873863280895));
#6267=DIRECTION('',(-1.24515202070509E-11,0.917114870003578,-0.398623023944076));
#6268=DIRECTION('',(3.27824944326085E-13,0.825058205963457,-0.565047747338542));
#6269=DIRECTION('center_axis',(1.36704304138902E-5,-0.820564393567957,0.571554088272991));
#6270=DIRECTION('ref_axis',(-0.999234893505019,0.0223425295570865,0.0321004513208914));
#6271=DIRECTION('center_axis',(-1.41662385497726E-5,-0.92031498595024,0.391178126222221));
#6272=DIRECTION('ref_axis',(-0.994678971134204,-0.0402873868102117,-0.094819148105246));
#6273=DIRECTION('',(-1.27138542602922E-11,-0.917114870003584,0.398623023944064));
#6274=DIRECTION('',(2.83833462865208E-13,-0.825058205963462,0.565047747338536));
#6275=DIRECTION('center_axis',(1.36704307080299E-5,0.820564393569628,-0.571554088270593));
#6276=DIRECTION('ref_axis',(-0.999234893568492,-0.0223425286298767,-0.0321004499904378));
#6277=DIRECTION('center_axis',(-1.41662382668508E-5,0.92031498595197,-0.391178126218151));
#6278=DIRECTION('ref_axis',(-0.994678971180994,0.0402873866333382,0.094819147689567));
#6279=DIRECTION('center_axis',(-1.,-2.69052076007085E-17,-3.06161699786839E-16));
#6280=DIRECTION('ref_axis',(-1.18370037473918E-16,0.953030466742699,0.302874445043146));
#6281=DIRECTION('center_axis',(1.,2.69052076007085E-17,3.06161699786839E-16));
#6282=DIRECTION('ref_axis',(2.69052076007087E-17,-1.,-6.73555739531044E-16));
#6283=DIRECTION('center_axis',(1.,-1.5466392367499E-15,-5.699373059445E-15));
#6284=DIRECTION('ref_axis',(1.56304187615363E-15,1.,5.18287469633161E-16));
#6285=DIRECTION('center_axis',(-1.,-2.69052076007085E-17,-3.06161699786839E-16));
#6286=DIRECTION('ref_axis',(1.56304187615363E-15,1.,5.18287469633161E-16));
#6287=DIRECTION('center_axis',(0.993831310928222,-0.102933630801195,0.0412794509262842));
#6288=DIRECTION('ref_axis',(0.103021442136289,0.994679135430195,5.9396020498916E-16));
#6289=DIRECTION('center_axis',(-0.993824540414251,0.0897201652984962,-0.0652922262540758));
#6290=DIRECTION('ref_axis',(-0.0899120208260145,-0.995949711838395,-9.48155442361063E-16));
#6291=DIRECTION('center_axis',(0.993831310928177,0.102933630801568,-0.0412794509264329));
#6292=DIRECTION('ref_axis',(-0.103021442136662,0.994679135430156,8.75220375292541E-16));
#6293=DIRECTION('center_axis',(-0.993824540416318,-0.0897201652835208,0.0652922262431944));
#6294=DIRECTION('ref_axis',(0.0899120208109429,-0.995949711839756,-8.61875185544287E-16));
#6295=DIRECTION('center_axis',(0.993831310927725,0.0412794509279472,0.10293363080532));
#6296=DIRECTION('ref_axis',(0.103021442140424,1.98296783268952E-16,-0.994679135429766));
#6297=DIRECTION('center_axis',(-0.993824540414336,-0.0652922262536253,-0.0897201652978862));
#6298=DIRECTION('ref_axis',(-0.0899120208254006,5.07232579123032E-16,0.995949711838451));
#6299=DIRECTION('center_axis',(0.99383131092737,-0.0412794509291377,-0.102933630808279));
#6300=DIRECTION('ref_axis',(-0.10302144214339,5.08472829320219E-16,-0.994679135429459));
#6301=DIRECTION('center_axis',(-0.993824540413398,0.0652922262585612,0.0897201653046801));
#6302=DIRECTION('ref_axis',(0.0899120208322381,-4.30407300167328E-17,0.995949711837833));
#6303=DIRECTION('center_axis',(-1.,-2.69052076007085E-17,-3.06161699786839E-16));
#6304=DIRECTION('ref_axis',(2.69052076007087E-17,-1.,-6.73555739531044E-16));
#6305=DIRECTION('center_axis',(1.,2.69052076007085E-17,3.06161699786839E-16));
#6306=DIRECTION('ref_axis',(-2.69052076007087E-17,1.,6.73555739531044E-16));
#6307=DIRECTION('center_axis',(1.,2.69052076007085E-17,3.06161699786839E-16));
#6308=DIRECTION('ref_axis',(-2.69052076007087E-17,1.,6.73555739531044E-16));
#6309=DIRECTION('center_axis',(1.,2.69052076007085E-17,3.06161699786839E-16));
#6310=DIRECTION('ref_axis',(-2.69052076007087E-17,1.,6.73555739531044E-16));
#6311=DIRECTION('',(-1.,-2.69052076007086E-17,-3.06161699786839E-16));
#6312=DIRECTION('center_axis',(-1.83697019872103E-16,-1.,-2.6039218997796E-16));
#6313=DIRECTION('ref_axis',(-4.78332692969217E-32,-2.6039218997796E-16,
1.));
#6314=DIRECTION('center_axis',(1.83697019872103E-16,1.,2.6039218997796E-16));
#6315=DIRECTION('ref_axis',(-4.78332692969217E-32,-2.6039218997796E-16,
1.));
#6316=DIRECTION('',(-1.83697019872103E-16,-1.,-2.6039218997796E-16));
#6317=DIRECTION('center_axis',(-1.83697019872103E-16,-1.,-2.6039218997796E-16));
#6318=DIRECTION('ref_axis',(-4.78332692969217E-32,-2.6039218997796E-16,
1.));
#6319=DIRECTION('center_axis',(-1.83697019872103E-16,-1.,-2.6039218997796E-16));
#6320=DIRECTION('ref_axis',(-4.78332692969217E-32,-2.6039218997796E-16,
1.));
#6321=DIRECTION('',(-1.83697019872103E-16,-1.,-2.6039218997796E-16));
#6322=DIRECTION('center_axis',(-1.83697019872103E-16,-1.,-2.6039218997796E-16));
#6323=DIRECTION('ref_axis',(-4.78332692969217E-32,-2.6039218997796E-16,
1.));
#6324=DIRECTION('center_axis',(-1.83697019872103E-16,-1.,-2.6039218997796E-16));
#6325=DIRECTION('ref_axis',(4.78332692969217E-32,2.6039218997796E-16,-1.));
#6326=DIRECTION('center_axis',(-1.83697019872103E-16,-1.,-2.6039218997796E-16));
#6327=DIRECTION('ref_axis',(4.78332692969217E-32,2.6039218997796E-16,-1.));
#6328=DIRECTION('center_axis',(-1.83697019872103E-16,-1.,-2.6039218997796E-16));
#6329=DIRECTION('ref_axis',(-4.78332692969217E-32,-2.6039218997796E-16,
1.));
#6330=DIRECTION('center_axis',(1.83697019872103E-16,1.,2.6039218997796E-16));
#6331=DIRECTION('ref_axis',(-4.78332692969217E-32,-2.6039218997796E-16,
1.));
#6332=DIRECTION('',(-1.83697019872103E-16,-1.,-2.6039218997796E-16));
#6333=DIRECTION('center_axis',(-1.83697019872103E-16,-1.,-2.6039218997796E-16));
#6334=DIRECTION('ref_axis',(-4.78332692969217E-32,-2.6039218997796E-16,
1.));
#6335=DIRECTION('center_axis',(-1.83697019872103E-16,-1.,-2.6039218997796E-16));
#6336=DIRECTION('ref_axis',(-4.78332692969217E-32,-2.6039218997796E-16,
1.));
#6337=DIRECTION('',(-1.83697019872103E-16,-1.,-2.6039218997796E-16));
#6338=DIRECTION('center_axis',(-1.83697019872103E-16,-1.,-2.6039218997796E-16));
#6339=DIRECTION('ref_axis',(-4.78332692969217E-32,-2.6039218997796E-16,
1.));
#6340=DIRECTION('center_axis',(-1.83697019872103E-16,-1.,-2.6039218997796E-16));
#6341=DIRECTION('ref_axis',(4.78332692969217E-32,2.6039218997796E-16,-1.));
#6342=DIRECTION('center_axis',(-1.83697019872103E-16,-1.,-2.6039218997796E-16));
#6343=DIRECTION('ref_axis',(4.78332692969217E-32,2.6039218997796E-16,-1.));
#6344=DIRECTION('center_axis',(-1.83697019872103E-16,-1.,-1.83697019872103E-16));
#6345=DIRECTION('ref_axis',(-3.37445951098918E-32,-1.83697019872103E-16,
1.));
#6346=DIRECTION('center_axis',(-1.83697019872103E-16,-1.,-1.83697019872103E-16));
#6347=DIRECTION('ref_axis',(-3.37445951098918E-32,-1.83697019872103E-16,
1.));
#6348=DIRECTION('',(1.83697019872103E-16,1.,1.83697019872103E-16));
#6349=DIRECTION('center_axis',(-1.83697019872103E-16,-1.,-1.83697019872103E-16));
#6350=DIRECTION('ref_axis',(-3.37445951098918E-32,-1.83697019872103E-16,
1.));
#6351=DIRECTION('center_axis',(-1.83697019872103E-16,-1.,-1.83697019872103E-16));
#6352=DIRECTION('ref_axis',(-3.37445951098918E-32,-1.83697019872103E-16,
1.));
#6353=DIRECTION('',(1.83697019872103E-16,1.,1.83697019872103E-16));
#6354=DIRECTION('center_axis',(-1.83697019872103E-16,-1.,-1.83697019872103E-16));
#6355=DIRECTION('ref_axis',(-3.37445951098918E-32,-1.83697019872103E-16,
1.));
#6356=DIRECTION('center_axis',(-1.83697019872103E-16,-1.,-1.83697019872103E-16));
#6357=DIRECTION('ref_axis',(3.37445951098918E-32,1.83697019872103E-16,-1.));
#6358=DIRECTION('center_axis',(-1.83697019872103E-16,-1.,-1.83697019872103E-16));
#6359=DIRECTION('ref_axis',(3.37445951098918E-32,1.83697019872103E-16,-1.));
#6360=DIRECTION('center_axis',(-1.83697019872103E-16,-1.,-1.83697019872103E-16));
#6361=DIRECTION('ref_axis',(-3.37445951098918E-32,-1.83697019872103E-16,
1.));
#6362=DIRECTION('center_axis',(-1.83697019872103E-16,-1.,-1.83697019872103E-16));
#6363=DIRECTION('ref_axis',(-3.37445951098918E-32,-1.83697019872103E-16,
1.));
#6364=DIRECTION('',(1.83697019872103E-16,1.,1.83697019872103E-16));
#6365=DIRECTION('center_axis',(-1.83697019872103E-16,-1.,-1.83697019872103E-16));
#6366=DIRECTION('ref_axis',(-3.37445951098918E-32,-1.83697019872103E-16,
1.));
#6367=DIRECTION('center_axis',(-1.83697019872103E-16,-1.,-1.83697019872103E-16));
#6368=DIRECTION('ref_axis',(-3.37445951098918E-32,-1.83697019872103E-16,
1.));
#6369=DIRECTION('',(1.83697019872103E-16,1.,1.83697019872103E-16));
#6370=DIRECTION('center_axis',(-1.83697019872103E-16,-1.,-1.83697019872103E-16));
#6371=DIRECTION('ref_axis',(-3.37445951098918E-32,-1.83697019872103E-16,
1.));
#6372=DIRECTION('center_axis',(-1.83697019872103E-16,-1.,-1.83697019872103E-16));
#6373=DIRECTION('ref_axis',(3.37445951098918E-32,1.83697019872103E-16,-1.));
#6374=DIRECTION('center_axis',(-1.83697019872103E-16,-1.,-1.83697019872103E-16));
#6375=DIRECTION('ref_axis',(3.37445951098918E-32,1.83697019872103E-16,-1.));
#6376=DIRECTION('axis',(0.,0.,1.));
#6377=DIRECTION('refdir',(1.,0.,0.));
#6378=DIRECTION('',(0.,0.,1.));
#6379=DIRECTION('',(1.,0.,0.));
#6380=CARTESIAN_POINT('',(0.,0.,0.));
#6381=CARTESIAN_POINT('Origin',(-0.316217301000313,0.170000000000001,0.208));
#6382=CARTESIAN_POINT('',(-0.298856189889202,0.0600351631944447,0.208));
#6383=CARTESIAN_POINT('',(-0.299,0.0600351631944465,0.208));
#6384=CARTESIAN_POINT('',(-0.316217301000313,0.0600351631944466,0.208));
#6385=CARTESIAN_POINT('',(-0.299,0.0601044939603019,0.211904239484344));
#6386=CARTESIAN_POINT('Ctrl Pts',(-0.299,0.0601044939603019,0.211904239484344));
#6387=CARTESIAN_POINT('Ctrl Pts',(-0.298927387665383,0.0600351631944447,
0.209952735323659));
#6388=CARTESIAN_POINT('Ctrl Pts',(-0.298856189889202,0.0600351631944447,
0.208));
#6389=CARTESIAN_POINT('Origin',(-0.299,0.170000000000001,0.208));
#6390=CARTESIAN_POINT('Origin',(-0.316217301000313,0.170000000000001,0.208));
#6391=CARTESIAN_POINT('',(-0.271078412111424,0.0600351631944447,0.208));
#6392=CARTESIAN_POINT('',(-0.278022856555869,0.0600351631944447,0.208));
#6393=CARTESIAN_POINT('',(-0.316217301000313,0.0600351631944466,0.208));
#6394=CARTESIAN_POINT('Ctrl Pts',(-0.298856189889202,0.0600351631944447,
0.208));
#6395=CARTESIAN_POINT('Ctrl Pts',(-0.296541375074387,0.0600351631944447,
0.144511771868919));
#6396=CARTESIAN_POINT('Ctrl Pts',(-0.294226560259572,0.115017581597222,
0.112767657803379));
#6397=CARTESIAN_POINT('Ctrl Pts',(-0.291911745444757,0.17,0.0810235437378383));
#6398=CARTESIAN_POINT('Ctrl Pts',(-0.289596930629942,0.224982418402778,
0.112767657803379));
#6399=CARTESIAN_POINT('Ctrl Pts',(-0.287282115815128,0.279964836805556,
0.144511771868919));
#6400=CARTESIAN_POINT('Ctrl Pts',(-0.284967301000313,0.279964836805556,
0.208));
#6401=CARTESIAN_POINT('Ctrl Pts',(-0.282652486185499,0.279964836805556,
0.271488228131081));
#6402=CARTESIAN_POINT('Ctrl Pts',(-0.280337671370684,0.224982418402778,
0.303232342196621));
#6403=CARTESIAN_POINT('Ctrl Pts',(-0.278022856555869,0.17,0.334976456262161));
#6404=CARTESIAN_POINT('Ctrl Pts',(-0.275708041741054,0.115017581597222,
0.303232342196621));
#6405=CARTESIAN_POINT('Ctrl Pts',(-0.273393226926239,0.0600351631944446,
0.271488228131081));
#6406=CARTESIAN_POINT('Ctrl Pts',(-0.271078412111424,0.0600351631944447,
0.208));
#6407=CARTESIAN_POINT('',(-0.299,0.166584164041178,0.0980882290272105));
#6408=CARTESIAN_POINT('Origin',(-0.299,0.170000000000001,0.208));
#6409=CARTESIAN_POINT('Ctrl Pts',(-0.299,0.166584164041178,0.0980882290272105));
#6410=CARTESIAN_POINT('Ctrl Pts',(-0.297682722035954,0.197872683411472,
0.0971158450084885));
#6411=CARTESIAN_POINT('Ctrl Pts',(-0.296541375074387,0.224982418402778,
0.112767657803379));
#6412=CARTESIAN_POINT('Ctrl Pts',(-0.294226560259572,0.279964836805556,
0.144511771868919));
#6413=CARTESIAN_POINT('Ctrl Pts',(-0.291911745444757,0.279964836805556,
0.208));
#6414=CARTESIAN_POINT('Ctrl Pts',(-0.289596930629942,0.279964836805556,
0.271488228131081));
#6415=CARTESIAN_POINT('Ctrl Pts',(-0.287282115815128,0.224982418402778,
0.303232342196621));
#6416=CARTESIAN_POINT('Ctrl Pts',(-0.284967301000313,0.17,0.334976456262161));
#6417=CARTESIAN_POINT('Ctrl Pts',(-0.282652486185498,0.115017581597222,
0.303232342196621));
#6418=CARTESIAN_POINT('Ctrl Pts',(-0.280337671370684,0.0600351631944446,
0.271488228131081));
#6419=CARTESIAN_POINT('Ctrl Pts',(-0.278022856555869,0.0600351631944447,
0.208));
#6420=CARTESIAN_POINT('Origin',(-0.316217301000313,0.170000000000001,0.208));
#6421=CARTESIAN_POINT('',(-0.243300634333647,0.0600351631944447,0.208));
#6422=CARTESIAN_POINT('',(-0.250245078778091,0.0600351631944447,0.208));
#6423=CARTESIAN_POINT('',(-0.316217301000313,0.0600351631944466,0.208));
#6424=CARTESIAN_POINT('Ctrl Pts',(-0.271078412111424,0.0600351631944447,
0.208));
#6425=CARTESIAN_POINT('Ctrl Pts',(-0.268763597296609,0.0600351631944447,
0.144511771868919));
#6426=CARTESIAN_POINT('Ctrl Pts',(-0.266448782481794,0.115017581597222,
0.112767657803379));
#6427=CARTESIAN_POINT('Ctrl Pts',(-0.26413396766698,0.17,0.0810235437378383));
#6428=CARTESIAN_POINT('Ctrl Pts',(-0.261819152852165,0.224982418402778,
0.112767657803379));
#6429=CARTESIAN_POINT('Ctrl Pts',(-0.259504338037351,0.279964836805556,
0.144511771868919));
#6430=CARTESIAN_POINT('Ctrl Pts',(-0.257189523222536,0.279964836805556,
0.208));
#6431=CARTESIAN_POINT('Ctrl Pts',(-0.254874708407721,0.279964836805556,
0.271488228131081));
#6432=CARTESIAN_POINT('Ctrl Pts',(-0.252559893592906,0.224982418402778,
0.303232342196621));
#6433=CARTESIAN_POINT('Ctrl Pts',(-0.250245078778091,0.17,0.334976456262161));
#6434=CARTESIAN_POINT('Ctrl Pts',(-0.247930263963276,0.115017581597222,
0.303232342196621));
#6435=CARTESIAN_POINT('Ctrl Pts',(-0.245615449148461,0.0600351631944446,
0.271488228131081));
#6436=CARTESIAN_POINT('Ctrl Pts',(-0.243300634333647,0.0600351631944447,
0.208));
#6437=CARTESIAN_POINT('Ctrl Pts',(-0.278022856555869,0.0600351631944447,
0.208));
#6438=CARTESIAN_POINT('Ctrl Pts',(-0.275708041741054,0.0600351631944446,
0.144511771868919));
#6439=CARTESIAN_POINT('Ctrl Pts',(-0.273393226926239,0.115017581597222,
0.112767657803379));
#6440=CARTESIAN_POINT('Ctrl Pts',(-0.271078412111424,0.17,0.0810235437378382));
#6441=CARTESIAN_POINT('Ctrl Pts',(-0.268763597296609,0.224982418402778,
0.112767657803379));
#6442=CARTESIAN_POINT('Ctrl Pts',(-0.266448782481794,0.279964836805556,
0.144511771868919));
#6443=CARTESIAN_POINT('Ctrl Pts',(-0.26413396766698,0.279964836805556,0.208));
#6444=CARTESIAN_POINT('Ctrl Pts',(-0.261819152852165,0.279964836805556,
0.271488228131081));
#6445=CARTESIAN_POINT('Ctrl Pts',(-0.259504338037351,0.224982418402778,
0.303232342196621));
#6446=CARTESIAN_POINT('Ctrl Pts',(-0.257189523222536,0.17,0.334976456262161));
#6447=CARTESIAN_POINT('Ctrl Pts',(-0.254874708407721,0.115017581597222,
0.303232342196621));
#6448=CARTESIAN_POINT('Ctrl Pts',(-0.252559893592906,0.0600351631944446,
0.271488228131081));
#6449=CARTESIAN_POINT('Ctrl Pts',(-0.250245078778091,0.0600351631944447,
0.208));
#6450=CARTESIAN_POINT('Origin',(-0.316217301000313,0.170000000000001,0.208));
#6451=CARTESIAN_POINT('',(-0.215522856555869,0.0600351631944447,0.207999999999999));
#6452=CARTESIAN_POINT('',(-0.222467301000313,0.0600351631944447,0.207999999999999));
#6453=CARTESIAN_POINT('',(-0.316217301000313,0.0600351631944466,0.208));
#6454=CARTESIAN_POINT('Ctrl Pts',(-0.243300634333647,0.0600351631944447,
0.208));
#6455=CARTESIAN_POINT('Ctrl Pts',(-0.240985819518832,0.0600351631944447,
0.144511771868919));
#6456=CARTESIAN_POINT('Ctrl Pts',(-0.238671004704017,0.115017581597222,
0.112767657803379));
#6457=CARTESIAN_POINT('Ctrl Pts',(-0.236356189889202,0.17,0.0810235437378383));
#6458=CARTESIAN_POINT('Ctrl Pts',(-0.234041375074387,0.224982418402778,
0.112767657803379));
#6459=CARTESIAN_POINT('Ctrl Pts',(-0.231726560259572,0.279964836805556,
0.144511771868919));
#6460=CARTESIAN_POINT('Ctrl Pts',(-0.229411745444757,0.279964836805556,
0.208));
#6461=CARTESIAN_POINT('Ctrl Pts',(-0.227096930629942,0.279964836805556,
0.271488228131081));
#6462=CARTESIAN_POINT('Ctrl Pts',(-0.224782115815128,0.224982418402778,
0.303232342196621));
#6463=CARTESIAN_POINT('Ctrl Pts',(-0.222467301000313,0.17,0.334976456262161));
#6464=CARTESIAN_POINT('Ctrl Pts',(-0.220152486185498,0.115017581597222,
0.303232342196621));
#6465=CARTESIAN_POINT('Ctrl Pts',(-0.217837671370684,0.0600351631944446,
0.271488228131081));
#6466=CARTESIAN_POINT('Ctrl Pts',(-0.215522856555869,0.0600351631944447,
0.208));
#6467=CARTESIAN_POINT('Ctrl Pts',(-0.250245078778091,0.0600351631944447,
0.208));
#6468=CARTESIAN_POINT('Ctrl Pts',(-0.247930263963276,0.0600351631944446,
0.144511771868919));
#6469=CARTESIAN_POINT('Ctrl Pts',(-0.245615449148461,0.115017581597222,
0.112767657803379));
#6470=CARTESIAN_POINT('Ctrl Pts',(-0.243300634333647,0.17,0.0810235437378382));
#6471=CARTESIAN_POINT('Ctrl Pts',(-0.240985819518832,0.224982418402778,
0.112767657803379));
#6472=CARTESIAN_POINT('Ctrl Pts',(-0.238671004704017,0.279964836805556,
0.144511771868919));
#6473=CARTESIAN_POINT('Ctrl Pts',(-0.236356189889202,0.279964836805556,
0.208));
#6474=CARTESIAN_POINT('Ctrl Pts',(-0.234041375074387,0.279964836805556,
0.271488228131081));
#6475=CARTESIAN_POINT('Ctrl Pts',(-0.231726560259572,0.224982418402778,
0.303232342196621));
#6476=CARTESIAN_POINT('Ctrl Pts',(-0.229411745444757,0.17,0.334976456262161));
#6477=CARTESIAN_POINT('Ctrl Pts',(-0.227096930629942,0.115017581597222,
0.303232342196621));
#6478=CARTESIAN_POINT('Ctrl Pts',(-0.224782115815128,0.0600351631944446,
0.271488228131081));
#6479=CARTESIAN_POINT('Ctrl Pts',(-0.222467301000313,0.0600351631944447,
0.208));
#6480=CARTESIAN_POINT('Origin',(-0.316217301000313,0.170000000000001,0.208));
#6481=CARTESIAN_POINT('',(-0.187745078778091,0.0600351631944447,0.207999999999999));
#6482=CARTESIAN_POINT('',(-0.194689523222535,0.0600351631944447,0.207999999999999));
#6483=CARTESIAN_POINT('',(-0.316217301000313,0.0600351631944466,0.208));
#6484=CARTESIAN_POINT('Ctrl Pts',(-0.215522856555869,0.0600351631944447,
0.208));
#6485=CARTESIAN_POINT('Ctrl Pts',(-0.213208041741054,0.0600351631944447,
0.144511771868919));
#6486=CARTESIAN_POINT('Ctrl Pts',(-0.210893226926239,0.115017581597222,
0.112767657803379));
#6487=CARTESIAN_POINT('Ctrl Pts',(-0.208578412111424,0.17,0.0810235437378383));
#6488=CARTESIAN_POINT('Ctrl Pts',(-0.206263597296609,0.224982418402778,
0.112767657803379));
#6489=CARTESIAN_POINT('Ctrl Pts',(-0.203948782481794,0.279964836805556,
0.144511771868919));
#6490=CARTESIAN_POINT('Ctrl Pts',(-0.20163396766698,0.279964836805556,0.208));
#6491=CARTESIAN_POINT('Ctrl Pts',(-0.199319152852165,0.279964836805556,
0.271488228131081));
#6492=CARTESIAN_POINT('Ctrl Pts',(-0.19700433803735,0.224982418402778,0.303232342196621));
#6493=CARTESIAN_POINT('Ctrl Pts',(-0.194689523222535,0.17,0.334976456262161));
#6494=CARTESIAN_POINT('Ctrl Pts',(-0.192374708407721,0.115017581597222,
0.303232342196621));
#6495=CARTESIAN_POINT('Ctrl Pts',(-0.190059893592905,0.0600351631944446,
0.271488228131081));
#6496=CARTESIAN_POINT('Ctrl Pts',(-0.187745078778091,0.0600351631944447,
0.208));
#6497=CARTESIAN_POINT('Ctrl Pts',(-0.222467301000313,0.0600351631944447,
0.208));
#6498=CARTESIAN_POINT('Ctrl Pts',(-0.220152486185499,0.0600351631944446,
0.144511771868919));
#6499=CARTESIAN_POINT('Ctrl Pts',(-0.217837671370683,0.115017581597222,
0.112767657803379));
#6500=CARTESIAN_POINT('Ctrl Pts',(-0.215522856555869,0.17,0.0810235437378383));
#6501=CARTESIAN_POINT('Ctrl Pts',(-0.213208041741054,0.224982418402778,
0.112767657803379));
#6502=CARTESIAN_POINT('Ctrl Pts',(-0.210893226926239,0.279964836805556,
0.144511771868919));
#6503=CARTESIAN_POINT('Ctrl Pts',(-0.208578412111424,0.279964836805556,
0.208));
#6504=CARTESIAN_POINT('Ctrl Pts',(-0.206263597296609,0.279964836805556,
0.271488228131081));
#6505=CARTESIAN_POINT('Ctrl Pts',(-0.203948782481794,0.224982418402778,
0.303232342196621));
#6506=CARTESIAN_POINT('Ctrl Pts',(-0.20163396766698,0.17,0.334976456262161));
#6507=CARTESIAN_POINT('Ctrl Pts',(-0.199319152852165,0.115017581597222,
0.303232342196621));
#6508=CARTESIAN_POINT('Ctrl Pts',(-0.19700433803735,0.0600351631944446,
0.271488228131081));
#6509=CARTESIAN_POINT('Ctrl Pts',(-0.194689523222535,0.0600351631944447,
0.208));
#6510=CARTESIAN_POINT('Origin',(-0.316217301000313,0.170000000000001,0.208));
#6511=CARTESIAN_POINT('',(-0.159999999999998,0.0600351631944463,0.207999999999999));
#6512=CARTESIAN_POINT('',(-0.166911745444757,0.0600351631944447,0.207999999999999));
#6513=CARTESIAN_POINT('',(-0.316217301000313,0.0600351631944466,0.208));
#6514=CARTESIAN_POINT('',(-0.16,0.0600388032533095,0.208894731081414));
#6515=CARTESIAN_POINT('Origin',(-0.16,0.170000000000001,0.207999999999999));
#6516=CARTESIAN_POINT('Ctrl Pts',(-0.187745078778091,0.0600351631944447,
0.208));
#6517=CARTESIAN_POINT('Ctrl Pts',(-0.185430263963276,0.0600351631944447,
0.144511771868919));
#6518=CARTESIAN_POINT('Ctrl Pts',(-0.183115449148461,0.115017581597222,
0.112767657803379));
#6519=CARTESIAN_POINT('Ctrl Pts',(-0.180800634333647,0.17,0.0810235437378383));
#6520=CARTESIAN_POINT('Ctrl Pts',(-0.178485819518832,0.224982418402778,
0.112767657803379));
#6521=CARTESIAN_POINT('Ctrl Pts',(-0.176171004704017,0.279964836805556,
0.144511771868919));
#6522=CARTESIAN_POINT('Ctrl Pts',(-0.173856189889202,0.279964836805556,
0.208));
#6523=CARTESIAN_POINT('Ctrl Pts',(-0.171541375074387,0.279964836805556,
0.271488228131081));
#6524=CARTESIAN_POINT('Ctrl Pts',(-0.169226560259572,0.224982418402778,
0.303232342196621));
#6525=CARTESIAN_POINT('Ctrl Pts',(-0.166911745444757,0.17,0.334976456262161));
#6526=CARTESIAN_POINT('Ctrl Pts',(-0.164596930629942,0.115017581597222,
0.303232342196621));
#6527=CARTESIAN_POINT('Ctrl Pts',(-0.162303813460331,0.0605505344454231,
0.271785777861566));
#6528=CARTESIAN_POINT('Ctrl Pts',(-0.16,0.0600388032533095,0.208894731081414));
#6529=CARTESIAN_POINT('Ctrl Pts',(-0.194689523222535,0.0600351631944447,
0.208));
#6530=CARTESIAN_POINT('Ctrl Pts',(-0.192374708407721,0.0600351631944446,
0.144511771868919));
#6531=CARTESIAN_POINT('Ctrl Pts',(-0.190059893592905,0.115017581597222,
0.112767657803379));
#6532=CARTESIAN_POINT('Ctrl Pts',(-0.187745078778091,0.17,0.0810235437378383));
#6533=CARTESIAN_POINT('Ctrl Pts',(-0.185430263963276,0.224982418402778,
0.112767657803379));
#6534=CARTESIAN_POINT('Ctrl Pts',(-0.183115449148461,0.279964836805556,
0.144511771868919));
#6535=CARTESIAN_POINT('Ctrl Pts',(-0.180800634333647,0.279964836805556,
0.208));
#6536=CARTESIAN_POINT('Ctrl Pts',(-0.178485819518832,0.279964836805556,
0.271488228131081));
#6537=CARTESIAN_POINT('Ctrl Pts',(-0.176171004704017,0.224982418402778,
0.303232342196621));
#6538=CARTESIAN_POINT('Ctrl Pts',(-0.173856189889202,0.17,0.334976456262161));
#6539=CARTESIAN_POINT('Ctrl Pts',(-0.171541375074387,0.115017581597222,
0.303232342196621));
#6540=CARTESIAN_POINT('Ctrl Pts',(-0.169226560259572,0.0600351631944446,
0.271488228131081));
#6541=CARTESIAN_POINT('Ctrl Pts',(-0.166911745444757,0.0600351631944447,
0.208));
#6542=CARTESIAN_POINT('Origin',(-0.339,0.17,0.208));
#6543=CARTESIAN_POINT('',(-0.286703412073491,0.0450000000000002,0.208));
#6544=CARTESIAN_POINT('',(-0.289000000000002,0.0450000000000002,0.208));
#6545=CARTESIAN_POINT('',(-0.339,0.0450000000000002,0.208));
#6546=CARTESIAN_POINT('',(-0.289000000000001,0.0615016005018589,0.270073322017931));
#6547=CARTESIAN_POINT('Ctrl Pts',(-0.286703412073492,0.0450000000000002,
0.208));
#6548=CARTESIAN_POINT('Ctrl Pts',(-0.286924254895971,0.0450000000000002,
0.214885197802366));
#6549=CARTESIAN_POINT('Ctrl Pts',(-0.287155643366262,0.0455688261083668,
0.221770764458554));
#6550=CARTESIAN_POINT('Ctrl Pts',(-0.28790863978424,0.0491440428900937,
0.243182717056579));
#6551=CARTESIAN_POINT('Ctrl Pts',(-0.288451968259604,0.054153623004,0.25722974007083));
#6552=CARTESIAN_POINT('Ctrl Pts',(-0.289000000000001,0.061501600501858,
0.270073322017929));
#6553=CARTESIAN_POINT('Origin',(-0.289000000000001,0.17,0.208));
#6554=CARTESIAN_POINT('Origin',(-0.339,0.17,0.208));
#6555=CARTESIAN_POINT('',(-0.258925634295713,0.0450000000000002,0.207999999999998));
#6556=CARTESIAN_POINT('',(-0.262397856593801,0.0450000000000002,0.207999999999998));
#6557=CARTESIAN_POINT('',(-0.339,0.0450000000000002,0.208));
#6558=CARTESIAN_POINT('Ctrl Pts',(-0.258925634295713,0.0450000000000002,
0.207999999999996));
#6559=CARTESIAN_POINT('Ctrl Pts',(-0.259292291831727,0.0449999999999999,
0.219431250664374));
#6560=CARTESIAN_POINT('Ctrl Pts',(-0.259686960544579,0.0465679429604107,
0.230830551104815));
#6561=CARTESIAN_POINT('Ctrl Pts',(-0.260690362975916,0.054144291652918,
0.257739335994992));
#6562=CARTESIAN_POINT('Ctrl Pts',(-0.261305793439734,0.0617030991144396,
0.272562479445773));
#6563=CARTESIAN_POINT('Ctrl Pts',(-0.262491189089852,0.0817552280839177,
0.297942356262758));
#6564=CARTESIAN_POINT('Ctrl Pts',(-0.263050499478627,0.0938713599386558,
0.308404280436816));
#6565=CARTESIAN_POINT('Ctrl Pts',(-0.264090872711496,0.121961437226128,
0.324581860009377));
#6566=CARTESIAN_POINT('Ctrl Pts',(-0.264677654233759,0.137804538327235,
0.329911451902882));
#6567=CARTESIAN_POINT('Ctrl Pts',(-0.265883980371371,0.170375344042772,
0.334055386090847));
#6568=CARTESIAN_POINT('Ctrl Pts',(-0.266491350515306,0.186774337928987,
0.332934946308432));
#6569=CARTESIAN_POINT('Ctrl Pts',(-0.267640192565527,0.217793073284979,
0.324583675098583));
#6570=CARTESIAN_POINT('Ctrl Pts',(-0.268135645369386,0.232166269312705,
0.317595902444009));
#6571=CARTESIAN_POINT('Ctrl Pts',(-0.269238566647833,0.258116816485678,
0.298192775401588));
#6572=CARTESIAN_POINT('Ctrl Pts',(-0.269844763518387,0.269278135218981,
0.285737417751395));
#6573=CARTESIAN_POINT('Ctrl Pts',(-0.271054309140252,0.285861226600376,
0.257601769543887));
#6574=CARTESIAN_POINT('Ctrl Pts',(-0.271646009410553,0.291280173378158,
0.242283011166502));
#6575=CARTESIAN_POINT('Ctrl Pts',(-0.272755744409612,0.296011448168735,
0.210416500716894));
#6576=CARTESIAN_POINT('Ctrl Pts',(-0.273253113486862,0.295273381397302,
0.194168270806678));
#6577=CARTESIAN_POINT('Ctrl Pts',(-0.274413615284984,0.28756872487177,0.162435690946517));
#6578=CARTESIAN_POINT('Ctrl Pts',(-0.275029771364931,0.28051578150179,0.147297864254283));
#6579=CARTESIAN_POINT('Ctrl Pts',(-0.276224459253951,0.26129615293116,0.121147639769795));
#6580=CARTESIAN_POINT('Ctrl Pts',(-0.276792667069553,0.2495064190884,0.110239479271759));
#6581=CARTESIAN_POINT('Ctrl Pts',(-0.277858457271986,0.221791169223737,
0.0930128361869531));
#6582=CARTESIAN_POINT('Ctrl Pts',(-0.278426842211366,0.205967386277391,
0.0871246631871599));
#6583=CARTESIAN_POINT('Ctrl Pts',(-0.279635903722592,0.173322725474288,
0.0819817593237374));
#6584=CARTESIAN_POINT('Ctrl Pts',(-0.280246014289342,0.156849740172013,
0.0826256862172758));
#6585=CARTESIAN_POINT('Ctrl Pts',(-0.281404119798347,0.125580891428889,
0.0900925252340351));
#6586=CARTESIAN_POINT('Ctrl Pts',(-0.281909136841834,0.11103289043631,0.0966533979081994));
#6587=CARTESIAN_POINT('Ctrl Pts',(-0.282996998506143,0.0845482151509435,
0.115278633638199));
#6588=CARTESIAN_POINT('Ctrl Pts',(-0.283599166499142,0.0730298929041432,
0.127402267242583));
#6589=CARTESIAN_POINT('Ctrl Pts',(-0.284809486301745,0.0556103372651737,
0.155079119152524));
#6590=CARTESIAN_POINT('Ctrl Pts',(-0.285405782742682,0.0497384853625076,
0.170279687053254));
#6591=CARTESIAN_POINT('Ctrl Pts',(-0.286223073327008,0.0456400505159001,
0.193394053290113));
#6592=CARTESIAN_POINT('Ctrl Pts',(-0.286469150106575,0.0450000000000002,
0.200696434678317));
#6593=CARTESIAN_POINT('Ctrl Pts',(-0.286703412073492,0.0450000000000002,
0.208));
#6594=CARTESIAN_POINT('',(-0.289000000000001,0.0496962576832603,0.174058733309032));
#6595=CARTESIAN_POINT('Origin',(-0.289000000000001,0.17,0.208));
#6596=CARTESIAN_POINT('Ctrl Pts',(-0.289000000000002,0.0496962576832535,
0.174058733309055));
#6597=CARTESIAN_POINT('Ctrl Pts',(-0.288525549472039,0.0532849415313116,
0.161338757332783));
#6598=CARTESIAN_POINT('Ctrl Pts',(-0.288035008336161,0.0588681305152447,
0.149268653925827));
#6599=CARTESIAN_POINT('Ctrl Pts',(-0.287063486032075,0.0735287995122942,
0.127443927273235));
#6600=CARTESIAN_POINT('Ctrl Pts',(-0.286588431419186,0.0824784806396604,
0.117800291015204));
#6601=CARTESIAN_POINT('Ctrl Pts',(-0.285593164724697,0.105239506669999,
0.0999120308460127));
#6602=CARTESIAN_POINT('Ctrl Pts',(-0.285102582451102,0.119472401852892,
0.0925707754400939));
#6603=CARTESIAN_POINT('Ctrl Pts',(-0.283961474588267,0.150282314149442,
0.0835006137408867));
#6604=CARTESIAN_POINT('Ctrl Pts',(-0.283356705294634,0.166611085077541,
0.08199454156309));
#6605=CARTESIAN_POINT('Ctrl Pts',(-0.282148335758444,0.199237062554648,
0.0853451090150386));
#6606=CARTESIAN_POINT('Ctrl Pts',(-0.281556869681471,0.215206646632943,
0.0902907584589192));
#6607=CARTESIAN_POINT('Ctrl Pts',(-0.280503216009329,0.243655295780783,
0.105772061927783));
#6608=CARTESIAN_POINT('Ctrl Pts',(-0.279962630534781,0.255999757133054,
0.115914046603643));
#6609=CARTESIAN_POINT('Ctrl Pts',(-0.278784573613565,0.276630434786732,
0.140731099258297));
#6610=CARTESIAN_POINT('Ctrl Pts',(-0.27817012685377,0.284542345348551,0.155319709682836));
#6611=CARTESIAN_POINT('Ctrl Pts',(-0.276985273487977,0.294247311817311,
0.186656616802899));
#6612=CARTESIAN_POINT('Ctrl Pts',(-0.276462195932046,0.295971381529886,
0.203090823722869));
#6613=CARTESIAN_POINT('Ctrl Pts',(-0.275373355687775,0.293021083860501,
0.235334147808505));
#6614=CARTESIAN_POINT('Ctrl Pts',(-0.274792208002465,0.288512470089273,
0.250849490151889));
#6615=CARTESIAN_POINT('Ctrl Pts',(-0.273584357673726,0.273599544225457,
0.279896554861655));
#6616=CARTESIAN_POINT('Ctrl Pts',(-0.272968775488931,0.263117194286895,
0.293036520468257));
#6617=CARTESIAN_POINT('Ctrl Pts',(-0.271834852125338,0.238165468819105,
0.313982866850118));
#6618=CARTESIAN_POINT('Ctrl Pts',(-0.27134658018596,0.224115536988271,0.321799875690268));
#6619=CARTESIAN_POINT('Ctrl Pts',(-0.27021594114402,0.193588282855874,0.331817851250032));
#6620=CARTESIAN_POINT('Ctrl Pts',(-0.26961510838917,0.177365798474918,0.333829172325558));
#6621=CARTESIAN_POINT('Ctrl Pts',(-0.268405138293999,0.144696605905318,
0.331526746635012));
#6622=CARTESIAN_POINT('Ctrl Pts',(-0.267808027028076,0.128574601725401,
0.327092930816469));
#6623=CARTESIAN_POINT('Ctrl Pts',(-0.26673714972647,0.0996609145820467,
0.312534562383743));
#6624=CARTESIAN_POINT('Ctrl Pts',(-0.266216811395145,0.0870132619689606,
0.302806859351926));
#6625=CARTESIAN_POINT('Ctrl Pts',(-0.26504861227855,0.0656392312453244,
0.278726317724479));
#6626=CARTESIAN_POINT('Ctrl Pts',(-0.264436022884126,0.0572781351987022,
0.264454951581968));
#6627=CARTESIAN_POINT('Ctrl Pts',(-0.263332089571001,0.0473286654409178,
0.235782046067909));
#6628=CARTESIAN_POINT('Ctrl Pts',(-0.262844683343467,0.0449999999999999,
0.221930679386812));
#6629=CARTESIAN_POINT('Ctrl Pts',(-0.262397856593801,0.0450000000000002,
0.207999999999997));
#6630=CARTESIAN_POINT('Origin',(-0.339,0.17,0.208));
#6631=CARTESIAN_POINT('',(-0.231147856517935,0.0450000000000002,0.207999999999999));
#6632=CARTESIAN_POINT('',(-0.234620078815856,0.0450000000000002,0.207999999997376));
#6633=CARTESIAN_POINT('',(-0.339,0.0450000000000002,0.208));
#6634=CARTESIAN_POINT('Ctrl Pts',(-0.231147856517937,0.0450000000000002,
0.207999999999999));
#6635=CARTESIAN_POINT('Ctrl Pts',(-0.231599289681323,0.0450000000000001,
0.222074293153736));
#6636=CARTESIAN_POINT('Ctrl Pts',(-0.232091932592179,0.0473769417951016,
0.23606105109714));
#6637=CARTESIAN_POINT('Ctrl Pts',(-0.23320237926365,0.0574739063866688,
0.264851866845711));
#6638=CARTESIAN_POINT('Ctrl Pts',(-0.233815969245886,0.0659005667105217,
0.27911657467582));
#6639=CARTESIAN_POINT('Ctrl Pts',(-0.235007176750978,0.0878099034975616,
0.303605387765258));
#6640=CARTESIAN_POINT('Ctrl Pts',(-0.235540068136636,0.101089713704917,
0.313578946140864));
#6641=CARTESIAN_POINT('Ctrl Pts',(-0.236623112387123,0.130331908468083,
0.327611969792485));
#6642=CARTESIAN_POINT('Ctrl Pts',(-0.237201120929318,0.145938139107327,
0.331699418662899));
#6643=CARTESIAN_POINT('Ctrl Pts',(-0.238406000077927,0.178469876119778,
0.333814684201056));
#6644=CARTESIAN_POINT('Ctrl Pts',(-0.239021954303807,0.195100640218526,
0.331576164589492));
#6645=CARTESIAN_POINT('Ctrl Pts',(-0.240162861161771,0.22590512538355,0.320937005414008));
#6646=CARTESIAN_POINT('Ctrl Pts',(-0.240651768982932,0.239863747046914,
0.312877104726534));
#6647=CARTESIAN_POINT('Ctrl Pts',(-0.241777076480192,0.26414039602815,0.291809618881829));
#6648=CARTESIAN_POINT('Ctrl Pts',(-0.242375733627759,0.274180802765523,
0.278942167688223));
#6649=CARTESIAN_POINT('Ctrl Pts',(-0.243586035167308,0.288978615526293,
0.249752221207469));
#6650=CARTESIAN_POINT('Ctrl Pts',(-0.244185730368775,0.293457453780983,
0.233641433635528));
#6651=CARTESIAN_POINT('Ctrl Pts',(-0.245265065912944,0.295820847815776,
0.201355587801219));
#6652=CARTESIAN_POINT('Ctrl Pts',(-0.245777185331722,0.293972679188402,
0.185508491689367));
#6653=CARTESIAN_POINT('Ctrl Pts',(-0.246940404191585,0.284302433969724,
0.154826035388635));
#6654=CARTESIAN_POINT('Ctrl Pts',(-0.247551839772456,0.276371667704662,
0.140342190577403));
#6655=CARTESIAN_POINT('Ctrl Pts',(-0.24875506001996,0.255211345957961,0.115046413209299));
#6656=CARTESIAN_POINT('Ctrl Pts',(-0.249310464880013,0.242109574223916,
0.104552180533852));
#6657=CARTESIAN_POINT('Ctrl Pts',(-0.25038207401257,0.213176127644879,0.0896152955340733));
#6658=CARTESIAN_POINT('Ctrl Pts',(-0.250953657761494,0.197743366423919,
0.0850798854002204));
#6659=CARTESIAN_POINT('Ctrl Pts',(-0.252139801152683,0.165717494861816,
0.0820231998328794));
#6660=CARTESIAN_POINT('Ctrl Pts',(-0.252743735887247,0.1494112570286,0.0836431607306564));
#6661=CARTESIAN_POINT('Ctrl Pts',(-0.253882517795565,0.118664145503989,
0.0929263194199081));
#6662=CARTESIAN_POINT('Ctrl Pts',(-0.25437216913235,0.104472548308727,0.100373497533525));
#6663=CARTESIAN_POINT('Ctrl Pts',(-0.255495144251363,0.0790096456575604,
0.12068338314529));
#6664=CARTESIAN_POINT('Ctrl Pts',(-0.256109850472772,0.0681798278918293,
0.133595428272752));
#6665=CARTESIAN_POINT('Ctrl Pts',(-0.257321712971266,0.0525347834205084,
0.162344891180973));
#6666=CARTESIAN_POINT('Ctrl Pts',(-0.257907435565095,0.047649670974839,
0.177785493445191));
#6667=CARTESIAN_POINT('Ctrl Pts',(-0.258615088244773,0.0452718597297767,
0.198475090598425));
#6668=CARTESIAN_POINT('Ctrl Pts',(-0.258772962111774,0.0450000000000004,
0.203240152369253));
#6669=CARTESIAN_POINT('Ctrl Pts',(-0.258925634295713,0.0450000000000002,
0.207999999999996));
#6670=CARTESIAN_POINT('Ctrl Pts',(-0.2623978565938,0.0450000000000002,0.207999999999997));
#6671=CARTESIAN_POINT('Ctrl Pts',(-0.262315744645867,0.0450000000000003,
0.205440002816863));
#6672=CARTESIAN_POINT('Ctrl Pts',(-0.262232093432444,0.0450786415627945,
0.202877419812537));
#6673=CARTESIAN_POINT('Ctrl Pts',(-0.261617765142559,0.0462177572004235,
0.184382227941611));
#6674=CARTESIAN_POINT('Ctrl Pts',(-0.261042929947447,0.0502423227076397,
0.168784224170162));
#6675=CARTESIAN_POINT('Ctrl Pts',(-0.259841210181223,0.0642088974194652,
0.139381915391607));
#6676=CARTESIAN_POINT('Ctrl Pts',(-0.25922504335541,0.0742392434203635,
0.125962757886839));
#6677=CARTESIAN_POINT('Ctrl Pts',(-0.258077451012925,0.0985264753657452,
0.104206609404277));
#6678=CARTESIAN_POINT('Ctrl Pts',(-0.257586792653427,0.112398726390123,
0.0959124347058023));
#6679=CARTESIAN_POINT('Ctrl Pts',(-0.256466689475141,0.142641512203846,
0.0849666267498944));
#6680=CARTESIAN_POINT('Ctrl Pts',(-0.255870261574088,0.158745065532287,
0.0824652036316257));
#6681=CARTESIAN_POINT('Ctrl Pts',(-0.254659934512119,0.191423896205437,
0.0837413546634003));
#6682=CARTESIAN_POINT('Ctrl Pts',(-0.254057896194259,0.207678930787657,
0.0876689741639306));
#6683=CARTESIAN_POINT('Ctrl Pts',(-0.252970493552891,0.237038802104583,
0.101318361527043));
#6684=CARTESIAN_POINT('Ctrl Pts',(-0.252465124797262,0.249986219975161,
0.110647946454473));
#6685=CARTESIAN_POINT('Ctrl Pts',(-0.251306741605001,0.272067536900081,
0.134014105969141));
#6686=CARTESIAN_POINT('Ctrl Pts',(-0.250696555548371,0.280850113092946,
0.147967201778774));
#6687=CARTESIAN_POINT('Ctrl Pts',(-0.249487805135496,0.292689338102766,
0.178816930350201));
#6688=CARTESIAN_POINT('Ctrl Pts',(-0.248920147292456,0.295487032683001,
0.19546187759075));
#6689=CARTESIAN_POINT('Ctrl Pts',(-0.247854042451112,0.294400655520556,
0.228072516968851));
#6690=CARTESIAN_POINT('Ctrl Pts',(-0.247285650395509,0.290836062359684,
0.243735208688486));
#6691=CARTESIAN_POINT('Ctrl Pts',(-0.246090759899133,0.277774038908784,
0.273446844818641));
#6692=CARTESIAN_POINT('Ctrl Pts',(-0.245474596054764,0.268178668106001,
0.28711704241888));
#6693=CARTESIAN_POINT('Ctrl Pts',(-0.24431443581846,0.244531928813894,0.309634807658714));
#6694=CARTESIAN_POINT('Ctrl Pts',(-0.243817302850487,0.230825048930476,
0.318385433668308));
#6695=CARTESIAN_POINT('Ctrl Pts',(-0.242707287777093,0.200854641948842,
0.330197528784943));
#6696=CARTESIAN_POINT('Ctrl Pts',(-0.242115455035727,0.18487515793198,0.333151623590528));
#6697=CARTESIAN_POINT('Ctrl Pts',(-0.240905874308325,0.152216478292121,
0.332831883590879));
#6698=CARTESIAN_POINT('Ctrl Pts',(-0.24029978114345,0.135851962840487,0.329380477826357));
#6699=CARTESIAN_POINT('Ctrl Pts',(-0.239197269639458,0.106084152232728,
0.316584731157508));
#6700=CARTESIAN_POINT('Ctrl Pts',(-0.238701607991825,0.0928537702903766,
0.307621099132204));
#6701=CARTESIAN_POINT('Ctrl Pts',(-0.237552509898729,0.0701293964814992,
0.284915689425747));
#6702=CARTESIAN_POINT('Ctrl Pts',(-0.236945058383045,0.0609696890320732,
0.271265584997941));
#6703=CARTESIAN_POINT('Ctrl Pts',(-0.235738813048732,0.0482971212947658,
0.240975087694814));
#6704=CARTESIAN_POINT('Ctrl Pts',(-0.2351521944236,0.0450044134933299,0.224587174689221));
#6705=CARTESIAN_POINT('Ctrl Pts',(-0.234620790762072,0.0450000014779022,
0.208022195427809));
#6706=CARTESIAN_POINT('Ctrl Pts',(-0.234620434774202,0.0449999999999998,
0.208011097677711));
#6707=CARTESIAN_POINT('Ctrl Pts',(-0.234620078815855,0.0450000000000002,
0.207999999994753));
#6708=CARTESIAN_POINT('Origin',(-0.339,0.17,0.208));
#6709=CARTESIAN_POINT('',(-0.203370078740157,0.0450000000000002,0.208));
#6710=CARTESIAN_POINT('',(-0.206842301038248,0.0450000000000002,0.208000000000001));
#6711=CARTESIAN_POINT('',(-0.339,0.0450000000000002,0.208));
#6712=CARTESIAN_POINT('Ctrl Pts',(-0.203370078740157,0.0450000000000002,
0.208));
#6713=CARTESIAN_POINT('Ctrl Pts',(-0.20339738888217,0.0450000000000002,
0.208851445963512));
#6714=CARTESIAN_POINT('Ctrl Pts',(-0.203424872066031,0.0450086995031852,
0.209703264177392));
#6715=CARTESIAN_POINT('Ctrl Pts',(-0.203968406938922,0.0453511441470246,
0.226451293949686));
#6716=CARTESIAN_POINT('Ctrl Pts',(-0.204533717769502,0.048705970029137,
0.242139031774968));
#6717=CARTESIAN_POINT('Ctrl Pts',(-0.205725171320913,0.0613537832682003,
0.271982658942969));
#6718=CARTESIAN_POINT('Ctrl Pts',(-0.206341154448657,0.0707490332659399,
0.285762762157099));
#6719=CARTESIAN_POINT('Ctrl Pts',(-0.207506908653927,0.0941003195454987,
0.308625509965653));
#6720=CARTESIAN_POINT('Ctrl Pts',(-0.208008323900828,0.107732619338106,
0.317585633370346));
#6721=CARTESIAN_POINT('Ctrl Pts',(-0.209113710116128,0.137578047151197,
0.329788386005373));
#6722=CARTESIAN_POINT('Ctrl Pts',(-0.209703321197054,0.1534975463362,0.33294484524969));
#6723=CARTESIAN_POINT('Ctrl Pts',(-0.210918240712084,0.186300373242005,
0.333055903386043));
#6724=CARTESIAN_POINT('Ctrl Pts',(-0.211531831477808,0.202867323916566,
0.329755799992205));
#6725=CARTESIAN_POINT('Ctrl Pts',(-0.212644644231016,0.232913268253187,
0.317170257891251));
#6726=CARTESIAN_POINT('Ctrl Pts',(-0.2131380662577,0.246234494971544,0.308322212411426));
#6727=CARTESIAN_POINT('Ctrl Pts',(-0.214284184833905,0.269160404973163,
0.285826051823514));
#6728=CARTESIAN_POINT('Ctrl Pts',(-0.214890670387184,0.278436959319225,
0.2722735247103));
#6729=CARTESIAN_POINT('Ctrl Pts',(-0.216097803099015,0.291388074883618,
0.242116181377067));
#6730=CARTESIAN_POINT('Ctrl Pts',(-0.216686285937771,0.294834609557972,
0.22575895992917));
#6731=CARTESIAN_POINT('Ctrl Pts',(-0.217731391934864,0.295146976867538,
0.193356124926748));
#6732=CARTESIAN_POINT('Ctrl Pts',(-0.218283725079129,0.292284015053775,
0.17761929919823));
#6733=CARTESIAN_POINT('Ctrl Pts',(-0.219466531911299,0.280607128800479,
0.147484685100423));
#6734=CARTESIAN_POINT('Ctrl Pts',(-0.220081656470921,0.27168407318894,0.133458727835276));
#6735=CARTESIAN_POINT('Ctrl Pts',(-0.221260151465527,0.24903285489089,0.109794577088878));
#6736=CARTESIAN_POINT('Ctrl Pts',(-0.221774754858238,0.23557374481184,0.10034059418707));
#6737=CARTESIAN_POINT('Ctrl Pts',(-0.222869240936335,0.206022620703225,
0.087233826068114));
#6738=CARTESIAN_POINT('Ctrl Pts',(-0.223453363086759,0.190251322641754,
0.0836138000274462));
#6739=CARTESIAN_POINT('Ctrl Pts',(-0.224663868754467,0.157567669613634,
0.0825076905841171));
#6740=CARTESIAN_POINT('Ctrl Pts',(-0.225278930501297,0.140961002449237,
0.0852821727006821));
#6741=CARTESIAN_POINT('Ctrl Pts',(-0.226405848991956,0.110534203201459,
0.0969070169251796));
#6742=CARTESIAN_POINT('Ctrl Pts',(-0.226894676249797,0.0969001252457635,
0.105363513554642));
#6743=CARTESIAN_POINT('Ctrl Pts',(-0.228030554592292,0.0732977554836055,
0.127149861026487));
#6744=CARTESIAN_POINT('Ctrl Pts',(-0.228633414878417,0.0636342342175933,
0.140365948040053));
#6745=CARTESIAN_POINT('Ctrl Pts',(-0.229842745686812,0.049753360116452,
0.170055024900532));
#6746=CARTESIAN_POINT('Ctrl Pts',(-0.230437128679623,0.0457898506793039,
0.18629771942872));
#6747=CARTESIAN_POINT('Ctrl Pts',(-0.231036902789834,0.0450354482061067,
0.204561271132827));
#6748=CARTESIAN_POINT('Ctrl Pts',(-0.231092728147408,0.0450000000000002,
0.206281267503567));
#6749=CARTESIAN_POINT('Ctrl Pts',(-0.231147856517935,0.0450000000000002,
0.207999999999999));
#6750=CARTESIAN_POINT('Ctrl Pts',(-0.234620078815856,0.0450000000000002,
0.207999999994753));
#6751=CARTESIAN_POINT('Ctrl Pts',(-0.234111641735415,0.0450000000006656,
0.192148500591189));
#6752=CARTESIAN_POINT('Ctrl Pts',(-0.233551874094655,0.0480152971621121,
0.17643755532289));
#6753=CARTESIAN_POINT('Ctrl Pts',(-0.23236664173943,0.0599909322760637,
0.146399803635227));
#6754=CARTESIAN_POINT('Ctrl Pts',(-0.231751184868326,0.0690614769522351,
0.132448638774535));
#6755=CARTESIAN_POINT('Ctrl Pts',(-0.230576600955743,0.0919318708093316,
0.109032964566158));
#6756=CARTESIAN_POINT('Ctrl Pts',(-0.230066570565526,0.105444722763458,
0.0997332206491642));
#6757=CARTESIAN_POINT('Ctrl Pts',(-0.22895122803181,0.13555897117379,0.0867023472085757));
#6758=CARTESIAN_POINT('Ctrl Pts',(-0.228345449985154,0.151914978433483,
0.0832114573009502));
#6759=CARTESIAN_POINT('Ctrl Pts',(-0.227135768128667,0.184576388558648,
0.0828127470930506));
#6760=CARTESIAN_POINT('Ctrl Pts',(-0.226543538035575,0.200566601072121,
0.0857296130904377));
#6761=CARTESIAN_POINT('Ctrl Pts',(-0.225432679596109,0.230559778937717,
0.0974700800658898));
#6762=CARTESIAN_POINT('Ctrl Pts',(-0.224936239532934,0.244280327075654,
0.106182544635448));
#6763=CARTESIAN_POINT('Ctrl Pts',(-0.223777110217882,0.267980786092415,
0.128637153834034));
#6764=CARTESIAN_POINT('Ctrl Pts',(-0.22316092547412,0.27761258564705,0.142286970863152));
#6765=CARTESIAN_POINT('Ctrl Pts',(-0.22196542907415,0.290750139854647,0.171973889495186));
#6766=CARTESIAN_POINT('Ctrl Pts',(-0.22139648395319,0.29435304183178,0.187631706480794));
#6767=CARTESIAN_POINT('Ctrl Pts',(-0.220329432650757,0.295515578781897,
0.220227882721468));
#6768=CARTESIAN_POINT('Ctrl Pts',(-0.219763944772904,0.292762666596645,
0.236863994466365));
#6769=CARTESIAN_POINT('Ctrl Pts',(-0.218556133454957,0.281011391342814,
0.26773522277079));
#6770=CARTESIAN_POINT('Ctrl Pts',(-0.217945722948659,0.272263708201137,
0.281715461741));
#6771=CARTESIAN_POINT('Ctrl Pts',(-0.216786505268867,0.250241367386608,
0.305141687875357));
#6772=CARTESIAN_POINT('Ctrl Pts',(-0.216280056274531,0.237319391379685,
0.314504634155912));
#6773=CARTESIAN_POINT('Ctrl Pts',(-0.215194035807076,0.207996838758391,
0.328230997012525));
#6774=CARTESIAN_POINT('Ctrl Pts',(-0.214592390352864,0.191752411494672,
0.332201533839274));
#6775=CARTESIAN_POINT('Ctrl Pts',(-0.213382047144069,0.159073144857222,
0.333564306706624));
#6776=CARTESIAN_POINT('Ctrl Pts',(-0.212785226424002,0.142958985415381,
0.331104075236326));
#6777=CARTESIAN_POINT('Ctrl Pts',(-0.211664222832942,0.11269188845679,0.320236624477746));
#6778=CARTESIAN_POINT('Ctrl Pts',(-0.211173946304685,0.0988046587171268,
0.311983200079069));
#6779=CARTESIAN_POINT('Ctrl Pts',(-0.210027500787256,0.0744604681951778,
0.290295691112785));
#6780=CARTESIAN_POINT('Ctrl Pts',(-0.209411360192301,0.0643913883900325,
0.276899714377548));
#6781=CARTESIAN_POINT('Ctrl Pts',(-0.208209075854008,0.0503439768791806,
0.247526475131525));
#6782=CARTESIAN_POINT('Ctrl Pts',(-0.207633684173585,0.0462781778977374,
0.231934928022546));
#6783=CARTESIAN_POINT('Ctrl Pts',(-0.207014942090718,0.045085239556998,
0.213333202257178));
#6784=CARTESIAN_POINT('Ctrl Pts',(-0.20692778825545,0.0450000000000002,
0.210665227664657));
#6785=CARTESIAN_POINT('Ctrl Pts',(-0.206842301038248,0.0450000000000002,
0.208000000000002));
#6786=CARTESIAN_POINT('Origin',(-0.339,0.17,0.208));
#6787=CARTESIAN_POINT('',(-0.175592300962379,0.0450000000000002,0.208000000000001));
#6788=CARTESIAN_POINT('',(-0.179064523260469,0.0450000000000002,0.208000000000001));
#6789=CARTESIAN_POINT('',(-0.339,0.0450000000000002,0.208));
#6790=CARTESIAN_POINT('Ctrl Pts',(-0.175592300962379,0.0450000000000002,
0.208000000000003));
#6791=CARTESIAN_POINT('Ctrl Pts',(-0.17570218653774,0.0450000000000002,
0.211425893191795));
#6792=CARTESIAN_POINT('Ctrl Pts',(-0.175814804376733,0.0451408365829674,
0.214855657894217));
#6793=CARTESIAN_POINT('Ctrl Pts',(-0.17646561442337,0.0467391389738311,
0.234223126781953));
#6794=CARTESIAN_POINT('Ctrl Pts',(-0.177044922927727,0.0511028423877661,
0.249764793171689));
#6795=CARTESIAN_POINT('Ctrl Pts',(-0.17825105215852,0.0657330567181727,
0.278921422937818));
#6796=CARTESIAN_POINT('Ctrl Pts',(-0.178866872964819,0.0760807098350051,
0.292146595272947));
#6797=CARTESIAN_POINT('Ctrl Pts',(-0.180004935551091,0.100834415464096,
0.313336316653662));
#6798=CARTESIAN_POINT('Ctrl Pts',(-0.18049343850045,0.114830713527871,0.321295935785273));
#6799=CARTESIAN_POINT('Ctrl Pts',(-0.181620930864051,0.145273007345121,
0.331593562524637));
#6800=CARTESIAN_POINT('Ctrl Pts',(-0.182220492921492,0.161461182896021,
0.333753120994977));
#6801=CARTESIAN_POINT('Ctrl Pts',(-0.183430696711824,0.194136685234974,
0.331760104349543));
#6802=CARTESIAN_POINT('Ctrl Pts',(-0.184029356046363,0.21030048726753,0.32747837621));
#6803=CARTESIAN_POINT('Ctrl Pts',(-0.185105250202716,0.239349629489054,
0.313193407039895));
#6804=CARTESIAN_POINT('Ctrl Pts',(-0.185620574060123,0.252087299547219,
0.303586429419756));
#6805=CARTESIAN_POINT('Ctrl Pts',(-0.186785830297603,0.27367658901089,0.279721917374486));
#6806=CARTESIAN_POINT('Ctrl Pts',(-0.187397754592688,0.282166629766354,
0.265545733239565));
#6807=CARTESIAN_POINT('Ctrl Pts',(-0.188598580036288,0.293275090475532,
0.234521173792222));
#6808=CARTESIAN_POINT('Ctrl Pts',(-0.189149061186067,0.295702187168337,
0.217949339059363));
#6809=CARTESIAN_POINT('Ctrl Pts',(-0.190223004315549,0.293981396800447,
0.185460604676845));
#6810=CARTESIAN_POINT('Ctrl Pts',(-0.190795922802054,0.2900969267884,0.169841473793969));
#6811=CARTESIAN_POINT('Ctrl Pts',(-0.191995665713661,0.276405312512467,
0.140342048761186));
#6812=CARTESIAN_POINT('Ctrl Pts',(-0.192611889021323,0.266506887822121,
0.126844965522495));
#6813=CARTESIAN_POINT('Ctrl Pts',(-0.193763353010048,0.242413721030802,
0.104856067487062));
#6814=CARTESIAN_POINT('Ctrl Pts',(-0.194255554481379,0.22859215498703,0.0964232494401941));
#6815=CARTESIAN_POINT('Ctrl Pts',(-0.1953725937035,0.198432095989758,0.0852121040576524));
#6816=CARTESIAN_POINT('Ctrl Pts',(-0.195967663148686,0.182365220969754,
0.0825714881326809));
#6817=CARTESIAN_POINT('Ctrl Pts',(-0.197177872182365,0.149689577060402,
0.0835544290693073));
#6818=CARTESIAN_POINT('Ctrl Pts',(-0.197781208786424,0.133399488750828,
0.0873365129744779));
#6819=CARTESIAN_POINT('Ctrl Pts',(-0.198873272951074,0.103913756305254,
0.100724948866583));
#6820=CARTESIAN_POINT('Ctrl Pts',(-0.199375233928536,0.090880001770952,
0.109941896095405));
#6821=CARTESIAN_POINT('Ctrl Pts',(-0.200530784411307,0.0685999862202568,
0.133105021763332));
#6822=CARTESIAN_POINT('Ctrl Pts',(-0.201140181799897,0.0597002148676428,
0.146965866679835));
#6823=CARTESIAN_POINT('Ctrl Pts',(-0.202313218144892,0.0479530816272306,
0.176755310017092));
#6824=CARTESIAN_POINT('Ctrl Pts',(-0.20286690982476,0.0450000000000002,
0.192312745727348));
#6825=CARTESIAN_POINT('Ctrl Pts',(-0.203370078740157,0.0450000000000002,
0.208));
#6826=CARTESIAN_POINT('Ctrl Pts',(-0.206842301038246,0.0450000000000002,
0.208000000000002));
#6827=CARTESIAN_POINT('Ctrl Pts',(-0.206399369782277,0.0450000000000002,
0.194190770087229));
#6828=CARTESIAN_POINT('Ctrl Pts',(-0.205916515630683,0.0472882326780728,
0.180457979222132));
#6829=CARTESIAN_POINT('Ctrl Pts',(-0.204817418273401,0.0571171647940651,
0.151866251450179));
#6830=CARTESIAN_POINT('Ctrl Pts',(-0.204204644143722,0.0654402164483879,
0.137567160892253));
#6831=CARTESIAN_POINT('Ctrl Pts',(-0.203035586599537,0.0867509091162115,
0.113423287897643));
#6832=CARTESIAN_POINT('Ctrl Pts',(-0.202513698422364,0.0993722706288172,
0.103660130986588));
#6833=CARTESIAN_POINT('Ctrl Pts',(-0.201444294966116,0.128246163947527,
0.0890218493352284));
#6834=CARTESIAN_POINT('Ctrl Pts',(-0.200847646930757,0.144355660902196,
0.0845436130731578));
#6835=CARTESIAN_POINT('Ctrl Pts',(-0.199637765803051,0.177022451350271,
0.0821506435433095));
#6836=CARTESIAN_POINT('Ctrl Pts',(-0.199036570557615,0.193254722977045,
0.0841185069406819));
#6837=CARTESIAN_POINT('Ctrl Pts',(-0.197905015619456,0.223806706307325,
0.0940546454041489));
#6838=CARTESIAN_POINT('Ctrl Pts',(-0.197416731941785,0.2378723598639,0.101830118694319));
#6839=CARTESIAN_POINT('Ctrl Pts',(-0.196284022909571,0.262881666643704,
0.122705361384496));
#6840=CARTESIAN_POINT('Ctrl Pts',(-0.195668520556983,0.273403179397312,
0.135820227407445));
#6841=CARTESIAN_POINT('Ctrl Pts',(-0.194460186992137,0.288398416573674,
0.164834835469581));
#6842=CARTESIAN_POINT('Ctrl Pts',(-0.193878511374193,0.292949270498738,
0.18034224975934));
#6843=CARTESIAN_POINT('Ctrl Pts',(-0.192788680658728,0.295982459107019,
0.212568596574889));
#6844=CARTESIAN_POINT('Ctrl Pts',(-0.192267168339356,0.294305097445664,
0.228993762438651));
#6845=CARTESIAN_POINT('Ctrl Pts',(-0.191083418450932,0.284694113007151,
0.260350527089587));
#6846=CARTESIAN_POINT('Ctrl Pts',(-0.190468841493733,0.276821660136363,
0.274965977575971));
#6847=CARTESIAN_POINT('Ctrl Pts',(-0.189289946968416,0.25625585765157,0.299846599838317));
#6848=CARTESIAN_POINT('Ctrl Pts',(-0.188747386942818,0.243937319423418,
0.310024562840982));
#6849=CARTESIAN_POINT('Ctrl Pts',(-0.187695228232227,0.215529034237464,
0.325584887014069));
#6850=CARTESIAN_POINT('Ctrl Pts',(-0.1871042754583,0.19957330934146,0.330574218456433));
#6851=CARTESIAN_POINT('Ctrl Pts',(-0.185896101527797,0.166952613217864,
0.334014736910559));
#6852=CARTESIAN_POINT('Ctrl Pts',(-0.185291020918521,0.150615436767397,
0.332552248190097));
#6853=CARTESIAN_POINT('Ctrl Pts',(-0.184149028051607,0.119781629360729,
0.323563507722336));
#6854=CARTESIAN_POINT('Ctrl Pts',(-0.183658027577758,0.105532916410969,
0.316262595937281));
#6855=CARTESIAN_POINT('Ctrl Pts',(-0.182539464853511,0.0798688298030513,
0.296206428791573));
#6856=CARTESIAN_POINT('Ctrl Pts',(-0.181925208255008,0.0689024522629798,
0.283387244341521));
#6857=CARTESIAN_POINT('Ctrl Pts',(-0.180711941856344,0.0529685311879661,
0.254760795142581));
#6858=CARTESIAN_POINT('Ctrl Pts',(-0.180124489807437,0.0479343645343065,
0.239352330292322));
#6859=CARTESIAN_POINT('Ctrl Pts',(-0.179400431355146,0.0453172682002463,
0.21828940307896));
#6860=CARTESIAN_POINT('Ctrl Pts',(-0.179229454162602,0.0450000000000002,
0.213142036640176));
#6861=CARTESIAN_POINT('Ctrl Pts',(-0.179064523260469,0.0450000000000002,
0.208000000000002));
#6862=CARTESIAN_POINT('Origin',(1.05621730100031,0.170000000000002,0.208));
#6863=CARTESIAN_POINT('',(1.0388561898892,0.0600351631944458,0.208));
#6864=CARTESIAN_POINT('',(1.039,0.0600351631944477,0.208));
#6865=CARTESIAN_POINT('',(1.05621730100031,0.0600351631944477,0.208));
#6866=CARTESIAN_POINT('',(1.039,0.060104493960303,0.204095760515656));
#6867=CARTESIAN_POINT('Ctrl Pts',(1.039,0.060104493960303,0.204095760515656));
#6868=CARTESIAN_POINT('Ctrl Pts',(1.03892738766538,0.0600351631944459,0.206047264676341));
#6869=CARTESIAN_POINT('Ctrl Pts',(1.0388561898892,0.0600351631944458,0.208));
#6870=CARTESIAN_POINT('Origin',(1.039,0.170000000000002,0.208));
#6871=CARTESIAN_POINT('Origin',(1.05621730100031,0.170000000000002,0.208));
#6872=CARTESIAN_POINT('',(1.01107841211142,0.0600351631944458,0.208));
#6873=CARTESIAN_POINT('',(1.01802285655587,0.0600351631944458,0.208));
#6874=CARTESIAN_POINT('',(1.05621730100031,0.0600351631944477,0.208));
#6875=CARTESIAN_POINT('Ctrl Pts',(1.0388561898892,0.0600351631944458,0.208));
#6876=CARTESIAN_POINT('Ctrl Pts',(1.03654137507439,0.0600351631944458,0.27148822813108));
#6877=CARTESIAN_POINT('Ctrl Pts',(1.03422656025957,0.115017581597224,0.303232342196621));
#6878=CARTESIAN_POINT('Ctrl Pts',(1.03191174544476,0.170000000000001,0.334976456262161));
#6879=CARTESIAN_POINT('Ctrl Pts',(1.02959693062994,0.224982418402779,0.303232342196621));
#6880=CARTESIAN_POINT('Ctrl Pts',(1.02728211581513,0.279964836805557,0.27148822813108));
#6881=CARTESIAN_POINT('Ctrl Pts',(1.02496730100031,0.279964836805557,0.208));
#6882=CARTESIAN_POINT('Ctrl Pts',(1.0226524861855,0.279964836805557,0.144511771868919));
#6883=CARTESIAN_POINT('Ctrl Pts',(1.02033767137068,0.224982418402779,0.112767657803378));
#6884=CARTESIAN_POINT('Ctrl Pts',(1.01802285655587,0.170000000000001,0.0810235437378381));
#6885=CARTESIAN_POINT('Ctrl Pts',(1.01570804174105,0.115017581597224,0.112767657803378));
#6886=CARTESIAN_POINT('Ctrl Pts',(1.01339322692624,0.0600351631944457,0.144511771868919));
#6887=CARTESIAN_POINT('Ctrl Pts',(1.01107841211142,0.0600351631944458,0.208));
#6888=CARTESIAN_POINT('',(1.039,0.166584164041179,0.317911770972789));
#6889=CARTESIAN_POINT('Origin',(1.039,0.170000000000002,0.208));
#6890=CARTESIAN_POINT('Ctrl Pts',(1.039,0.166584164041179,0.317911770972789));
#6891=CARTESIAN_POINT('Ctrl Pts',(1.03768272203595,0.197872683411473,0.318884154991511));
#6892=CARTESIAN_POINT('Ctrl Pts',(1.03654137507439,0.224982418402779,0.303232342196621));
#6893=CARTESIAN_POINT('Ctrl Pts',(1.03422656025957,0.279964836805557,0.27148822813108));
#6894=CARTESIAN_POINT('Ctrl Pts',(1.03191174544476,0.279964836805557,0.208));
#6895=CARTESIAN_POINT('Ctrl Pts',(1.02959693062994,0.279964836805557,0.144511771868919));
#6896=CARTESIAN_POINT('Ctrl Pts',(1.02728211581513,0.224982418402779,0.112767657803378));
#6897=CARTESIAN_POINT('Ctrl Pts',(1.02496730100031,0.170000000000001,0.081023543737838));
#6898=CARTESIAN_POINT('Ctrl Pts',(1.0226524861855,0.115017581597223,0.112767657803378));
#6899=CARTESIAN_POINT('Ctrl Pts',(1.02033767137068,0.0600351631944457,0.144511771868919));
#6900=CARTESIAN_POINT('Ctrl Pts',(1.01802285655587,0.0600351631944458,0.208));
#6901=CARTESIAN_POINT('Origin',(1.05621730100031,0.170000000000002,0.208));
#6902=CARTESIAN_POINT('',(0.983300634333646,0.0600351631944458,0.208));
#6903=CARTESIAN_POINT('',(0.990245078778091,0.0600351631944458,0.208));
#6904=CARTESIAN_POINT('',(1.05621730100031,0.0600351631944477,0.208));
#6905=CARTESIAN_POINT('Ctrl Pts',(1.01107841211142,0.0600351631944458,0.208));
#6906=CARTESIAN_POINT('Ctrl Pts',(1.00876359729661,0.0600351631944458,0.27148822813108));
#6907=CARTESIAN_POINT('Ctrl Pts',(1.00644878248179,0.115017581597224,0.303232342196621));
#6908=CARTESIAN_POINT('Ctrl Pts',(1.00413396766698,0.170000000000001,0.334976456262161));
#6909=CARTESIAN_POINT('Ctrl Pts',(1.00181915285216,0.224982418402779,0.303232342196621));
#6910=CARTESIAN_POINT('Ctrl Pts',(0.999504338037349,0.279964836805557,0.27148822813108));
#6911=CARTESIAN_POINT('Ctrl Pts',(0.997189523222535,0.279964836805557,0.208));
#6912=CARTESIAN_POINT('Ctrl Pts',(0.99487470840772,0.279964836805557,0.144511771868919));
#6913=CARTESIAN_POINT('Ctrl Pts',(0.992559893592905,0.224982418402779,0.112767657803378));
#6914=CARTESIAN_POINT('Ctrl Pts',(0.99024507877809,0.170000000000001,0.0810235437378381));
#6915=CARTESIAN_POINT('Ctrl Pts',(0.987930263963276,0.115017581597224,0.112767657803379));
#6916=CARTESIAN_POINT('Ctrl Pts',(0.985615449148461,0.0600351631944458,
0.144511771868919));
#6917=CARTESIAN_POINT('Ctrl Pts',(0.983300634333646,0.0600351631944458,
0.208));
#6918=CARTESIAN_POINT('Ctrl Pts',(1.01802285655587,0.0600351631944458,0.208));
#6919=CARTESIAN_POINT('Ctrl Pts',(1.01570804174105,0.0600351631944457,0.27148822813108));
#6920=CARTESIAN_POINT('Ctrl Pts',(1.01339322692624,0.115017581597224,0.303232342196621));
#6921=CARTESIAN_POINT('Ctrl Pts',(1.01107841211142,0.170000000000001,0.334976456262161));
#6922=CARTESIAN_POINT('Ctrl Pts',(1.00876359729661,0.224982418402779,0.303232342196621));
#6923=CARTESIAN_POINT('Ctrl Pts',(1.00644878248179,0.279964836805557,0.27148822813108));
#6924=CARTESIAN_POINT('Ctrl Pts',(1.00413396766698,0.279964836805557,0.208));
#6925=CARTESIAN_POINT('Ctrl Pts',(1.00181915285216,0.279964836805557,0.144511771868919));
#6926=CARTESIAN_POINT('Ctrl Pts',(0.999504338037349,0.224982418402779,0.112767657803378));
#6927=CARTESIAN_POINT('Ctrl Pts',(0.997189523222534,0.170000000000001,0.081023543737838));
#6928=CARTESIAN_POINT('Ctrl Pts',(0.994874708407719,0.115017581597224,0.112767657803379));
#6929=CARTESIAN_POINT('Ctrl Pts',(0.992559893592905,0.0600351631944458,
0.144511771868919));
#6930=CARTESIAN_POINT('Ctrl Pts',(0.990245078778091,0.0600351631944458,
0.208));
#6931=CARTESIAN_POINT('Origin',(1.05621730100031,0.170000000000002,0.208));
#6932=CARTESIAN_POINT('',(0.955522856555868,0.0600351631944458,0.208));
#6933=CARTESIAN_POINT('',(0.962467301000312,0.0600351631944458,0.208));
#6934=CARTESIAN_POINT('',(1.05621730100031,0.0600351631944477,0.208));
#6935=CARTESIAN_POINT('Ctrl Pts',(0.983300634333646,0.0600351631944458,
0.208));
#6936=CARTESIAN_POINT('Ctrl Pts',(0.980985819518831,0.0600351631944459,
0.27148822813108));
#6937=CARTESIAN_POINT('Ctrl Pts',(0.978671004704016,0.115017581597224,0.303232342196621));
#6938=CARTESIAN_POINT('Ctrl Pts',(0.976356189889201,0.170000000000001,0.334976456262161));
#6939=CARTESIAN_POINT('Ctrl Pts',(0.974041375074386,0.224982418402779,0.303232342196621));
#6940=CARTESIAN_POINT('Ctrl Pts',(0.971726560259571,0.279964836805557,0.27148822813108));
#6941=CARTESIAN_POINT('Ctrl Pts',(0.969411745444757,0.279964836805557,0.208));
#6942=CARTESIAN_POINT('Ctrl Pts',(0.967096930629942,0.279964836805557,0.144511771868919));
#6943=CARTESIAN_POINT('Ctrl Pts',(0.964782115815128,0.224982418402779,0.112767657803378));
#6944=CARTESIAN_POINT('Ctrl Pts',(0.962467301000312,0.170000000000001,0.0810235437378381));
#6945=CARTESIAN_POINT('Ctrl Pts',(0.960152486185498,0.115017581597224,0.112767657803379));
#6946=CARTESIAN_POINT('Ctrl Pts',(0.957837671370683,0.0600351631944458,
0.144511771868919));
#6947=CARTESIAN_POINT('Ctrl Pts',(0.955522856555868,0.0600351631944458,
0.208));
#6948=CARTESIAN_POINT('Ctrl Pts',(0.990245078778091,0.0600351631944458,
0.208));
#6949=CARTESIAN_POINT('Ctrl Pts',(0.987930263963276,0.0600351631944458,
0.27148822813108));
#6950=CARTESIAN_POINT('Ctrl Pts',(0.985615449148461,0.115017581597224,0.303232342196621));
#6951=CARTESIAN_POINT('Ctrl Pts',(0.983300634333646,0.170000000000001,0.334976456262161));
#6952=CARTESIAN_POINT('Ctrl Pts',(0.980985819518831,0.224982418402779,0.303232342196621));
#6953=CARTESIAN_POINT('Ctrl Pts',(0.978671004704016,0.279964836805557,0.27148822813108));
#6954=CARTESIAN_POINT('Ctrl Pts',(0.976356189889201,0.279964836805557,0.208));
#6955=CARTESIAN_POINT('Ctrl Pts',(0.974041375074386,0.279964836805557,0.144511771868919));
#6956=CARTESIAN_POINT('Ctrl Pts',(0.971726560259571,0.224982418402779,0.112767657803378));
#6957=CARTESIAN_POINT('Ctrl Pts',(0.969411745444757,0.170000000000001,0.081023543737838));
#6958=CARTESIAN_POINT('Ctrl Pts',(0.967096930629942,0.115017581597224,0.112767657803379));
#6959=CARTESIAN_POINT('Ctrl Pts',(0.964782115815128,0.0600351631944458,
0.144511771868919));
#6960=CARTESIAN_POINT('Ctrl Pts',(0.962467301000312,0.0600351631944458,
0.208));
#6961=CARTESIAN_POINT('Origin',(1.05621730100031,0.170000000000002,0.208));
#6962=CARTESIAN_POINT('',(0.92774507877809,0.0600351631944458,0.208));
#6963=CARTESIAN_POINT('',(0.934689523222534,0.0600351631944458,0.208));
#6964=CARTESIAN_POINT('',(1.05621730100031,0.0600351631944477,0.208));
#6965=CARTESIAN_POINT('Ctrl Pts',(0.955522856555868,0.0600351631944458,
0.208));
#6966=CARTESIAN_POINT('Ctrl Pts',(0.953208041741053,0.0600351631944459,
0.27148822813108));
#6967=CARTESIAN_POINT('Ctrl Pts',(0.950893226926238,0.115017581597224,0.303232342196621));
#6968=CARTESIAN_POINT('Ctrl Pts',(0.948578412111424,0.170000000000001,0.334976456262161));
#6969=CARTESIAN_POINT('Ctrl Pts',(0.946263597296609,0.224982418402779,0.303232342196621));
#6970=CARTESIAN_POINT('Ctrl Pts',(0.943948782481794,0.279964836805557,0.27148822813108));
#6971=CARTESIAN_POINT('Ctrl Pts',(0.941633967666979,0.279964836805557,0.208));
#6972=CARTESIAN_POINT('Ctrl Pts',(0.939319152852164,0.279964836805557,0.144511771868919));
#6973=CARTESIAN_POINT('Ctrl Pts',(0.937004338037349,0.224982418402779,0.112767657803378));
#6974=CARTESIAN_POINT('Ctrl Pts',(0.934689523222534,0.170000000000001,0.0810235437378381));
#6975=CARTESIAN_POINT('Ctrl Pts',(0.932374708407719,0.115017581597224,0.112767657803378));
#6976=CARTESIAN_POINT('Ctrl Pts',(0.930059893592905,0.0600351631944458,
0.144511771868919));
#6977=CARTESIAN_POINT('Ctrl Pts',(0.92774507877809,0.0600351631944458,0.208));
#6978=CARTESIAN_POINT('Ctrl Pts',(0.962467301000312,0.0600351631944458,
0.208));
#6979=CARTESIAN_POINT('Ctrl Pts',(0.960152486185498,0.0600351631944458,
0.27148822813108));
#6980=CARTESIAN_POINT('Ctrl Pts',(0.957837671370683,0.115017581597224,0.303232342196621));
#6981=CARTESIAN_POINT('Ctrl Pts',(0.955522856555868,0.170000000000001,0.334976456262161));
#6982=CARTESIAN_POINT('Ctrl Pts',(0.953208041741053,0.224982418402779,0.303232342196621));
#6983=CARTESIAN_POINT('Ctrl Pts',(0.950893226926238,0.279964836805557,0.27148822813108));
#6984=CARTESIAN_POINT('Ctrl Pts',(0.948578412111424,0.279964836805557,0.208));
#6985=CARTESIAN_POINT('Ctrl Pts',(0.946263597296609,0.279964836805557,0.144511771868919));
#6986=CARTESIAN_POINT('Ctrl Pts',(0.943948782481794,0.224982418402779,0.112767657803378));
#6987=CARTESIAN_POINT('Ctrl Pts',(0.941633967666979,0.170000000000001,0.081023543737838));
#6988=CARTESIAN_POINT('Ctrl Pts',(0.939319152852164,0.115017581597224,0.112767657803379));
#6989=CARTESIAN_POINT('Ctrl Pts',(0.937004338037349,0.0600351631944458,
0.144511771868919));
#6990=CARTESIAN_POINT('Ctrl Pts',(0.934689523222534,0.0600351631944458,
0.208));
#6991=CARTESIAN_POINT('Origin',(1.05621730100031,0.170000000000002,0.208));
#6992=CARTESIAN_POINT('',(0.899999999999999,0.0600351631944475,0.208000000000001));
#6993=CARTESIAN_POINT('',(0.906911745444757,0.0600351631944458,0.208));
#6994=CARTESIAN_POINT('',(1.05621730100031,0.0600351631944477,0.208));
#6995=CARTESIAN_POINT('',(0.899999999999999,0.0600388032533107,0.207105268918585));
#6996=CARTESIAN_POINT('Origin',(0.899999999999999,0.170000000000002,0.208000000000001));
#6997=CARTESIAN_POINT('Ctrl Pts',(0.92774507877809,0.0600351631944458,0.208));
#6998=CARTESIAN_POINT('Ctrl Pts',(0.925430263963275,0.0600351631944459,
0.27148822813108));
#6999=CARTESIAN_POINT('Ctrl Pts',(0.923115449148461,0.115017581597224,0.303232342196621));
#7000=CARTESIAN_POINT('Ctrl Pts',(0.920800634333646,0.170000000000001,0.334976456262161));
#7001=CARTESIAN_POINT('Ctrl Pts',(0.918485819518831,0.224982418402779,0.303232342196621));
#7002=CARTESIAN_POINT('Ctrl Pts',(0.916171004704016,0.279964836805557,0.27148822813108));
#7003=CARTESIAN_POINT('Ctrl Pts',(0.913856189889201,0.279964836805557,0.208));
#7004=CARTESIAN_POINT('Ctrl Pts',(0.911541375074386,0.279964836805557,0.144511771868919));
#7005=CARTESIAN_POINT('Ctrl Pts',(0.909226560259571,0.224982418402779,0.112767657803378));
#7006=CARTESIAN_POINT('Ctrl Pts',(0.906911745444757,0.170000000000001,0.0810235437378381));
#7007=CARTESIAN_POINT('Ctrl Pts',(0.904596930629942,0.115017581597224,0.112767657803378));
#7008=CARTESIAN_POINT('Ctrl Pts',(0.90230381346033,0.0605505344454243,0.144214222138434));
#7009=CARTESIAN_POINT('Ctrl Pts',(0.899999999999999,0.0600388032533107,
0.207105268918585));
#7010=CARTESIAN_POINT('Ctrl Pts',(0.934689523222534,0.0600351631944458,
0.208));
#7011=CARTESIAN_POINT('Ctrl Pts',(0.932374708407719,0.0600351631944458,
0.27148822813108));
#7012=CARTESIAN_POINT('Ctrl Pts',(0.930059893592905,0.115017581597224,0.303232342196621));
#7013=CARTESIAN_POINT('Ctrl Pts',(0.92774507877809,0.170000000000001,0.334976456262161));
#7014=CARTESIAN_POINT('Ctrl Pts',(0.925430263963276,0.224982418402779,0.303232342196621));
#7015=CARTESIAN_POINT('Ctrl Pts',(0.923115449148461,0.279964836805557,0.27148822813108));
#7016=CARTESIAN_POINT('Ctrl Pts',(0.920800634333646,0.279964836805557,0.208));
#7017=CARTESIAN_POINT('Ctrl Pts',(0.918485819518831,0.279964836805557,0.144511771868919));
#7018=CARTESIAN_POINT('Ctrl Pts',(0.916171004704016,0.224982418402779,0.112767657803378));
#7019=CARTESIAN_POINT('Ctrl Pts',(0.913856189889201,0.170000000000001,0.081023543737838));
#7020=CARTESIAN_POINT('Ctrl Pts',(0.911541375074386,0.115017581597224,0.112767657803378));
#7021=CARTESIAN_POINT('Ctrl Pts',(0.909226560259571,0.0600351631944458,
0.144511771868919));
#7022=CARTESIAN_POINT('Ctrl Pts',(0.906911745444757,0.0600351631944458,
0.208));
#7023=CARTESIAN_POINT('Origin',(1.079,0.170000000000001,0.208));
#7024=CARTESIAN_POINT('',(1.02670341207349,0.0450000000000013,0.208));
#7025=CARTESIAN_POINT('',(1.029,0.0450000000000013,0.208));
#7026=CARTESIAN_POINT('',(1.079,0.0450000000000013,0.208));
#7027=CARTESIAN_POINT('',(1.029,0.06150160050186,0.145926677982069));
#7028=CARTESIAN_POINT('Ctrl Pts',(1.02670341207349,0.0450000000000013,0.208));
#7029=CARTESIAN_POINT('Ctrl Pts',(1.02692425489597,0.0450000000000013,0.201114802197634));
#7030=CARTESIAN_POINT('Ctrl Pts',(1.02715564336626,0.0455688261083679,0.194229235541446));
#7031=CARTESIAN_POINT('Ctrl Pts',(1.02790863978424,0.0491440428900948,0.172817282943421));
#7032=CARTESIAN_POINT('Ctrl Pts',(1.0284519682596,0.0541536230040011,0.15877025992917));
#7033=CARTESIAN_POINT('Ctrl Pts',(1.029,0.0615016005018591,0.14592667798207));
#7034=CARTESIAN_POINT('Origin',(1.029,0.170000000000001,0.208));
#7035=CARTESIAN_POINT('Origin',(1.079,0.170000000000001,0.208));
#7036=CARTESIAN_POINT('',(0.998925634295714,0.0450000000000013,0.208000000000001));
#7037=CARTESIAN_POINT('',(1.0023978565938,0.0450000000000013,0.208000000000001));
#7038=CARTESIAN_POINT('',(1.079,0.0450000000000013,0.208));
#7039=CARTESIAN_POINT('Ctrl Pts',(0.998925634295713,0.0450000000000013,
0.208000000000003));
#7040=CARTESIAN_POINT('Ctrl Pts',(0.999292291831726,0.045000000000001,0.196568749335625));
#7041=CARTESIAN_POINT('Ctrl Pts',(0.999686960544578,0.0465679429604118,
0.185169448895185));
#7042=CARTESIAN_POINT('Ctrl Pts',(1.00069036297592,0.0541442916529191,0.158260664005008));
#7043=CARTESIAN_POINT('Ctrl Pts',(1.00130579343973,0.0617030991144407,0.143437520554227));
#7044=CARTESIAN_POINT('Ctrl Pts',(1.00249118908985,0.0817552280839188,0.118057643737242));
#7045=CARTESIAN_POINT('Ctrl Pts',(1.00305049947863,0.0938713599386569,0.107595719563183));
#7046=CARTESIAN_POINT('Ctrl Pts',(1.0040908727115,0.121961437226129,0.0914181399906226));
#7047=CARTESIAN_POINT('Ctrl Pts',(1.00467765423376,0.137804538327236,0.0860885480971175));
#7048=CARTESIAN_POINT('Ctrl Pts',(1.00588398037137,0.170375344042773,0.0819446139091527));
#7049=CARTESIAN_POINT('Ctrl Pts',(1.0064913505153,0.186774337928988,0.0830650536915672));
#7050=CARTESIAN_POINT('Ctrl Pts',(1.00764019256553,0.21779307328498,0.0914163249014167));
#7051=CARTESIAN_POINT('Ctrl Pts',(1.00813564536939,0.232166269312706,0.0984040975559902));
#7052=CARTESIAN_POINT('Ctrl Pts',(1.00923856664783,0.258116816485679,0.117807224598411));
#7053=CARTESIAN_POINT('Ctrl Pts',(1.00984476351839,0.269278135218982,0.130262582248604));
#7054=CARTESIAN_POINT('Ctrl Pts',(1.01105430914025,0.285861226600377,0.158398230456113));
#7055=CARTESIAN_POINT('Ctrl Pts',(1.01164600941055,0.291280173378159,0.173716988833498));
#7056=CARTESIAN_POINT('Ctrl Pts',(1.01275574440961,0.296011448168736,0.205583499283105));
#7057=CARTESIAN_POINT('Ctrl Pts',(1.01325311348686,0.295273381397304,0.221831729193321));
#7058=CARTESIAN_POINT('Ctrl Pts',(1.01441361528498,0.287568724871771,0.253564309053482));
#7059=CARTESIAN_POINT('Ctrl Pts',(1.01502977136493,0.280515781501791,0.268702135745716));
#7060=CARTESIAN_POINT('Ctrl Pts',(1.01622445925395,0.261296152931161,0.294852360230205));
#7061=CARTESIAN_POINT('Ctrl Pts',(1.01679266706955,0.249506419088401,0.30576052072824));
#7062=CARTESIAN_POINT('Ctrl Pts',(1.01785845727199,0.221791169223738,0.322987163813046));
#7063=CARTESIAN_POINT('Ctrl Pts',(1.01842684221137,0.205967386277393,0.32887533681284));
#7064=CARTESIAN_POINT('Ctrl Pts',(1.01963590372259,0.173322725474289,0.334018240676262));
#7065=CARTESIAN_POINT('Ctrl Pts',(1.02024601428934,0.156849740172015,0.333374313782724));
#7066=CARTESIAN_POINT('Ctrl Pts',(1.02140411979835,0.12558089142889,0.325907474765964));
#7067=CARTESIAN_POINT('Ctrl Pts',(1.02190913684183,0.111032890436312,0.3193466020918));
#7068=CARTESIAN_POINT('Ctrl Pts',(1.02299699850614,0.0845482151509446,0.300721366361801));
#7069=CARTESIAN_POINT('Ctrl Pts',(1.02359916649914,0.0730298929041444,0.288597732757416));
#7070=CARTESIAN_POINT('Ctrl Pts',(1.02480948630174,0.0556103372651748,0.260920880847475));
#7071=CARTESIAN_POINT('Ctrl Pts',(1.02540578274268,0.0497384853625087,0.245720312946745));
#7072=CARTESIAN_POINT('Ctrl Pts',(1.02622307332701,0.0456400505159011,0.222605946709887));
#7073=CARTESIAN_POINT('Ctrl Pts',(1.02646915010657,0.0450000000000013,0.215303565321683));
#7074=CARTESIAN_POINT('Ctrl Pts',(1.02670341207349,0.0450000000000013,0.208));
#7075=CARTESIAN_POINT('',(1.029,0.0496962576832614,0.241941266690968));
#7076=CARTESIAN_POINT('Origin',(1.029,0.170000000000001,0.208));
#7077=CARTESIAN_POINT('Ctrl Pts',(1.029,0.0496962576832546,0.241941266690944));
#7078=CARTESIAN_POINT('Ctrl Pts',(1.02852554947204,0.0532849415313128,0.254661242667216));
#7079=CARTESIAN_POINT('Ctrl Pts',(1.02803500833616,0.0588681305152458,0.266731346074172));
#7080=CARTESIAN_POINT('Ctrl Pts',(1.02706348603207,0.0735287995122954,0.288556072726764));
#7081=CARTESIAN_POINT('Ctrl Pts',(1.02658843141919,0.0824784806396615,0.298199708984795));
#7082=CARTESIAN_POINT('Ctrl Pts',(1.0255931647247,0.10523950667,0.316087969153987));
#7083=CARTESIAN_POINT('Ctrl Pts',(1.0251025824511,0.119472401852893,0.323429224559906));
#7084=CARTESIAN_POINT('Ctrl Pts',(1.02396147458827,0.150282314149443,0.332499386259113));
#7085=CARTESIAN_POINT('Ctrl Pts',(1.02335670529463,0.166611085077542,0.334005458436909));
#7086=CARTESIAN_POINT('Ctrl Pts',(1.02214833575844,0.199237062554649,0.330654890984961));
#7087=CARTESIAN_POINT('Ctrl Pts',(1.02155686968147,0.215206646632944,0.32570924154108));
#7088=CARTESIAN_POINT('Ctrl Pts',(1.02050321600933,0.243655295780784,0.310227938072216));
#7089=CARTESIAN_POINT('Ctrl Pts',(1.01996263053478,0.255999757133055,0.300085953396357));
#7090=CARTESIAN_POINT('Ctrl Pts',(1.01878457361356,0.276630434786733,0.275268900741702));
#7091=CARTESIAN_POINT('Ctrl Pts',(1.01817012685377,0.284542345348552,0.260680290317163));
#7092=CARTESIAN_POINT('Ctrl Pts',(1.01698527348798,0.294247311817312,0.229343383197101));
#7093=CARTESIAN_POINT('Ctrl Pts',(1.01646219593205,0.295971381529887,0.21290917627713));
#7094=CARTESIAN_POINT('Ctrl Pts',(1.01537335568777,0.293021083860502,0.180665852191494));
#7095=CARTESIAN_POINT('Ctrl Pts',(1.01479220800246,0.288512470089274,0.165150509848111));
#7096=CARTESIAN_POINT('Ctrl Pts',(1.01358435767373,0.273599544225458,0.136103445138344));
#7097=CARTESIAN_POINT('Ctrl Pts',(1.01296877548893,0.263117194286896,0.122963479531742));
#7098=CARTESIAN_POINT('Ctrl Pts',(1.01183485212534,0.238165468819106,0.102017133149882));
#7099=CARTESIAN_POINT('Ctrl Pts',(1.01134658018596,0.224115536988272,0.0942001243097314));
#7100=CARTESIAN_POINT('Ctrl Pts',(1.01021594114402,0.193588282855875,0.084182148749967));
#7101=CARTESIAN_POINT('Ctrl Pts',(1.00961510838917,0.177365798474919,0.0821708276744411));
#7102=CARTESIAN_POINT('Ctrl Pts',(1.008405138294,0.144696605905319,0.0844732533649879));
#7103=CARTESIAN_POINT('Ctrl Pts',(1.00780802702808,0.128574601725402,0.0889070691835303));
#7104=CARTESIAN_POINT('Ctrl Pts',(1.00673714972647,0.0996609145820478,0.103465437616257));
#7105=CARTESIAN_POINT('Ctrl Pts',(1.00621681139514,0.0870132619689618,0.113193140648073));
#7106=CARTESIAN_POINT('Ctrl Pts',(1.00504861227855,0.0656392312453255,0.13727368227552));
#7107=CARTESIAN_POINT('Ctrl Pts',(1.00443602288413,0.0572781351987033,0.151545048418031));
#7108=CARTESIAN_POINT('Ctrl Pts',(1.003332089571,0.0473286654409189,0.18021795393209));
#7109=CARTESIAN_POINT('Ctrl Pts',(1.00284468334347,0.045000000000001,0.194069320613187));
#7110=CARTESIAN_POINT('Ctrl Pts',(1.0023978565938,0.0450000000000013,0.208000000000003));
#7111=CARTESIAN_POINT('Origin',(1.079,0.170000000000001,0.208));
#7112=CARTESIAN_POINT('',(0.971147856517936,0.0450000000000014,0.208));
#7113=CARTESIAN_POINT('',(0.974620078815855,0.0450000000000014,0.208000000002623));
#7114=CARTESIAN_POINT('',(1.079,0.0450000000000013,0.208));
#7115=CARTESIAN_POINT('Ctrl Pts',(0.971147856517936,0.0450000000000014,
0.208000000000001));
#7116=CARTESIAN_POINT('Ctrl Pts',(0.971599289681323,0.0450000000000013,
0.193925706846263));
#7117=CARTESIAN_POINT('Ctrl Pts',(0.972091932592178,0.0473769417951027,
0.17993894890286));
#7118=CARTESIAN_POINT('Ctrl Pts',(0.973202379263649,0.0574739063866699,
0.151148133154289));
#7119=CARTESIAN_POINT('Ctrl Pts',(0.973815969245885,0.0659005667105228,
0.136883425324179));
#7120=CARTESIAN_POINT('Ctrl Pts',(0.975007176750978,0.0878099034975627,
0.112394612234742));
#7121=CARTESIAN_POINT('Ctrl Pts',(0.975540068136636,0.101089713704918,0.102421053859136));
#7122=CARTESIAN_POINT('Ctrl Pts',(0.976623112387123,0.130331908468084,0.0883880302075142));
#7123=CARTESIAN_POINT('Ctrl Pts',(0.977201120929317,0.145938139107328,0.0843005813371007));
#7124=CARTESIAN_POINT('Ctrl Pts',(0.978406000077927,0.178469876119779,0.0821853157989435));
#7125=CARTESIAN_POINT('Ctrl Pts',(0.979021954303806,0.195100640218527,0.0844238354105073));
#7126=CARTESIAN_POINT('Ctrl Pts',(0.98016286116177,0.225905125383551,0.0950629945859916));
#7127=CARTESIAN_POINT('Ctrl Pts',(0.980651768982931,0.239863747046916,0.103122895273466));
#7128=CARTESIAN_POINT('Ctrl Pts',(0.981777076480191,0.264140396028151,0.12419038111817));
#7129=CARTESIAN_POINT('Ctrl Pts',(0.982375733627758,0.274180802765524,0.137057832311776));
#7130=CARTESIAN_POINT('Ctrl Pts',(0.983586035167307,0.288978615526294,0.16624777879253));
#7131=CARTESIAN_POINT('Ctrl Pts',(0.984185730368774,0.293457453780984,0.182358566364472));
#7132=CARTESIAN_POINT('Ctrl Pts',(0.985265065912944,0.295820847815777,0.214644412198781));
#7133=CARTESIAN_POINT('Ctrl Pts',(0.985777185331721,0.293972679188403,0.230491508310633));
#7134=CARTESIAN_POINT('Ctrl Pts',(0.986940404191584,0.284302433969725,0.261173964611365));
#7135=CARTESIAN_POINT('Ctrl Pts',(0.987551839772455,0.276371667704663,0.275657809422596));
#7136=CARTESIAN_POINT('Ctrl Pts',(0.988755060019959,0.255211345957962,0.300953586790701));
#7137=CARTESIAN_POINT('Ctrl Pts',(0.989310464880012,0.242109574223917,0.311447819466147));
#7138=CARTESIAN_POINT('Ctrl Pts',(0.99038207401257,0.21317612764488,0.326384704465926));
#7139=CARTESIAN_POINT('Ctrl Pts',(0.990953657761493,0.19774336642392,0.330920114599779));
#7140=CARTESIAN_POINT('Ctrl Pts',(0.992139801152683,0.165717494861817,0.33397680016712));
#7141=CARTESIAN_POINT('Ctrl Pts',(0.992743735887246,0.149411257028601,0.332356839269343));
#7142=CARTESIAN_POINT('Ctrl Pts',(0.993882517795565,0.11866414550399,0.323073680580091));
#7143=CARTESIAN_POINT('Ctrl Pts',(0.994372169132349,0.104472548308728,0.315626502466474));
#7144=CARTESIAN_POINT('Ctrl Pts',(0.995495144251362,0.0790096456575615,
0.29531661685471));
#7145=CARTESIAN_POINT('Ctrl Pts',(0.996109850472771,0.0681798278918304,
0.282404571727247));
#7146=CARTESIAN_POINT('Ctrl Pts',(0.997321712971265,0.0525347834205095,
0.253655108819027));
#7147=CARTESIAN_POINT('Ctrl Pts',(0.997907435565094,0.0476496709748401,
0.238214506554808));
#7148=CARTESIAN_POINT('Ctrl Pts',(0.998615088244772,0.0452718597297779,
0.217524909401574));
#7149=CARTESIAN_POINT('Ctrl Pts',(0.998772962111773,0.0450000000000015,
0.212759847630747));
#7150=CARTESIAN_POINT('Ctrl Pts',(0.998925634295713,0.0450000000000013,
0.208000000000003));
#7151=CARTESIAN_POINT('Ctrl Pts',(1.0023978565938,0.0450000000000013,0.208000000000003));
#7152=CARTESIAN_POINT('Ctrl Pts',(1.00231574464587,0.0450000000000014,0.210559997183137));
#7153=CARTESIAN_POINT('Ctrl Pts',(1.00223209343244,0.0450786415627956,0.213122580187463));
#7154=CARTESIAN_POINT('Ctrl Pts',(1.00161776514256,0.0462177572004246,0.231617772058388));
#7155=CARTESIAN_POINT('Ctrl Pts',(1.00104292994745,0.0502423227076408,0.247215775829838));
#7156=CARTESIAN_POINT('Ctrl Pts',(0.999841210181223,0.0642088974194664,
0.276618084608392));
#7157=CARTESIAN_POINT('Ctrl Pts',(0.999225043355409,0.0742392434203646,
0.290037242113161));
#7158=CARTESIAN_POINT('Ctrl Pts',(0.998077451012924,0.0985264753657463,
0.311793390595723));
#7159=CARTESIAN_POINT('Ctrl Pts',(0.997586792653427,0.112398726390124,0.320087565294197));
#7160=CARTESIAN_POINT('Ctrl Pts',(0.99646668947514,0.142641512203847,0.331033373250105));
#7161=CARTESIAN_POINT('Ctrl Pts',(0.995870261574087,0.158745065532288,0.333534796368374));
#7162=CARTESIAN_POINT('Ctrl Pts',(0.994659934512119,0.191423896205438,0.332258645336599));
#7163=CARTESIAN_POINT('Ctrl Pts',(0.994057896194258,0.207678930787658,0.328331025836069));
#7164=CARTESIAN_POINT('Ctrl Pts',(0.992970493552891,0.237038802104584,0.314681638472956));
#7165=CARTESIAN_POINT('Ctrl Pts',(0.992465124797262,0.249986219975162,0.305352053545526));
#7166=CARTESIAN_POINT('Ctrl Pts',(0.991306741605001,0.272067536900082,0.281985894030858));
#7167=CARTESIAN_POINT('Ctrl Pts',(0.990696555548371,0.280850113092947,0.268032798221225));
#7168=CARTESIAN_POINT('Ctrl Pts',(0.989487805135497,0.292689338102767,0.237183069649799));
#7169=CARTESIAN_POINT('Ctrl Pts',(0.988920147292456,0.295487032683002,0.220538122409249));
#7170=CARTESIAN_POINT('Ctrl Pts',(0.987854042451112,0.294400655520557,0.187927483031148));
#7171=CARTESIAN_POINT('Ctrl Pts',(0.987285650395508,0.290836062359685,0.172264791311514));
#7172=CARTESIAN_POINT('Ctrl Pts',(0.986090759899131,0.277774038908785,0.142553155181359));
#7173=CARTESIAN_POINT('Ctrl Pts',(0.985474596054763,0.268178668106002,0.128882957581119));
#7174=CARTESIAN_POINT('Ctrl Pts',(0.984314435818459,0.244531928813895,0.106365192341285));
#7175=CARTESIAN_POINT('Ctrl Pts',(0.983817302850486,0.230825048930477,0.097614566331691));
#7176=CARTESIAN_POINT('Ctrl Pts',(0.982707287777092,0.200854641948843,0.0858024712150561));
#7177=CARTESIAN_POINT('Ctrl Pts',(0.982115455035727,0.184875157931982,0.0828483764094712));
#7178=CARTESIAN_POINT('Ctrl Pts',(0.980905874308324,0.152216478292122,0.0831681164091208));
#7179=CARTESIAN_POINT('Ctrl Pts',(0.980299781143449,0.135851962840489,0.0866195221736421));
#7180=CARTESIAN_POINT('Ctrl Pts',(0.979197269639458,0.106084152232729,0.099415268842491));
#7181=CARTESIAN_POINT('Ctrl Pts',(0.978701607991824,0.0928537702903777,
0.108378900867795));
#7182=CARTESIAN_POINT('Ctrl Pts',(0.977552509898729,0.0701293964815004,
0.131084310574252));
#7183=CARTESIAN_POINT('Ctrl Pts',(0.976945058383044,0.0609696890320743,
0.144734415002059));
#7184=CARTESIAN_POINT('Ctrl Pts',(0.975738813048731,0.0482971212947669,
0.175024912305185));
#7185=CARTESIAN_POINT('Ctrl Pts',(0.975152194423599,0.0450044134933311,
0.191412825310778));
#7186=CARTESIAN_POINT('Ctrl Pts',(0.974620790762071,0.0450000014779034,
0.207977804572191));
#7187=CARTESIAN_POINT('Ctrl Pts',(0.974620434774203,0.0450000000000009,
0.207988902322288));
#7188=CARTESIAN_POINT('Ctrl Pts',(0.974620078815856,0.0450000000000014,
0.208000000005247));
#7189=CARTESIAN_POINT('Origin',(1.079,0.170000000000001,0.208));
#7190=CARTESIAN_POINT('',(0.943370078740156,0.0450000000000014,0.208));
#7191=CARTESIAN_POINT('',(0.946842301038246,0.0450000000000014,0.207999999999998));
#7192=CARTESIAN_POINT('',(1.079,0.0450000000000013,0.208));
#7193=CARTESIAN_POINT('Ctrl Pts',(0.943370078740156,0.0450000000000014,
0.208));
#7194=CARTESIAN_POINT('Ctrl Pts',(0.943397388882169,0.0450000000000014,
0.207148554036488));
#7195=CARTESIAN_POINT('Ctrl Pts',(0.94342487206603,0.0450086995031864,0.206296735822608));
#7196=CARTESIAN_POINT('Ctrl Pts',(0.943968406938922,0.0453511441470257,
0.189548706050313));
#7197=CARTESIAN_POINT('Ctrl Pts',(0.944533717769501,0.0487059700291381,
0.173860968225031));
#7198=CARTESIAN_POINT('Ctrl Pts',(0.945725171320912,0.0613537832682015,
0.14401734105703));
#7199=CARTESIAN_POINT('Ctrl Pts',(0.946341154448656,0.070749033265941,0.1302372378429));
#7200=CARTESIAN_POINT('Ctrl Pts',(0.947506908653926,0.0941003195454998,
0.107374490034347));
#7201=CARTESIAN_POINT('Ctrl Pts',(0.948008323900828,0.107732619338107,0.0984143666296535));
#7202=CARTESIAN_POINT('Ctrl Pts',(0.949113710116127,0.137578047151198,0.0862116139946266));
#7203=CARTESIAN_POINT('Ctrl Pts',(0.949703321197053,0.153497546336201,0.0830551547503094));
#7204=CARTESIAN_POINT('Ctrl Pts',(0.950918240712083,0.186300373242006,0.0829440966139565));
#7205=CARTESIAN_POINT('Ctrl Pts',(0.951531831477808,0.202867323916567,0.0862442000077941));
#7206=CARTESIAN_POINT('Ctrl Pts',(0.952644644231016,0.232913268253188,0.098829742108748));
#7207=CARTESIAN_POINT('Ctrl Pts',(0.953138066257699,0.246234494971545,0.107677787588573));
#7208=CARTESIAN_POINT('Ctrl Pts',(0.954284184833904,0.269160404973164,0.130173948176485));
#7209=CARTESIAN_POINT('Ctrl Pts',(0.954890670387184,0.278436959319226,0.1437264752897));
#7210=CARTESIAN_POINT('Ctrl Pts',(0.956097803099015,0.291388074883619,0.173883818622932));
#7211=CARTESIAN_POINT('Ctrl Pts',(0.95668628593777,0.294834609557973,0.19024104007083));
#7212=CARTESIAN_POINT('Ctrl Pts',(0.957731391934863,0.295146976867539,0.222643875073251));
#7213=CARTESIAN_POINT('Ctrl Pts',(0.958283725079128,0.292284015053776,0.238380700801769));
#7214=CARTESIAN_POINT('Ctrl Pts',(0.959466531911298,0.280607128800481,0.268515314899577));
#7215=CARTESIAN_POINT('Ctrl Pts',(0.96008165647092,0.271684073188941,0.282541272164724));
#7216=CARTESIAN_POINT('Ctrl Pts',(0.961260151465527,0.249032854890891,0.306205422911122));
#7217=CARTESIAN_POINT('Ctrl Pts',(0.961774754858237,0.235573744811841,0.315659405812929));
#7218=CARTESIAN_POINT('Ctrl Pts',(0.962869240936334,0.206022620703226,0.328766173931885));
#7219=CARTESIAN_POINT('Ctrl Pts',(0.963453363086758,0.190251322641755,0.332386199972553));
#7220=CARTESIAN_POINT('Ctrl Pts',(0.964663868754466,0.157567669613635,0.333492309415882));
#7221=CARTESIAN_POINT('Ctrl Pts',(0.965278930501296,0.140961002449238,0.330717827299317));
#7222=CARTESIAN_POINT('Ctrl Pts',(0.966405848991955,0.11053420320146,0.31909298307482));
#7223=CARTESIAN_POINT('Ctrl Pts',(0.966894676249797,0.0969001252457646,
0.310636486445357));
#7224=CARTESIAN_POINT('Ctrl Pts',(0.968030554592292,0.0732977554836066,
0.288850138973513));
#7225=CARTESIAN_POINT('Ctrl Pts',(0.968633414878417,0.0636342342175944,
0.275634051959947));
#7226=CARTESIAN_POINT('Ctrl Pts',(0.969842745686812,0.0497533601164532,
0.245944975099467));
#7227=CARTESIAN_POINT('Ctrl Pts',(0.970437128679622,0.045789850679305,0.22970228057128));
#7228=CARTESIAN_POINT('Ctrl Pts',(0.971036902789833,0.0450354482061078,
0.211438728867172));
#7229=CARTESIAN_POINT('Ctrl Pts',(0.97109272814741,0.0450000000000014,0.209718732496432));
#7230=CARTESIAN_POINT('Ctrl Pts',(0.971147856517936,0.0450000000000014,
0.208000000000001));
#7231=CARTESIAN_POINT('Ctrl Pts',(0.974620078815855,0.0450000000000014,
0.208000000005247));
#7232=CARTESIAN_POINT('Ctrl Pts',(0.974111641735415,0.0450000000006668,
0.22385149940881));
#7233=CARTESIAN_POINT('Ctrl Pts',(0.973551874094655,0.0480152971621132,
0.239562444677109));
#7234=CARTESIAN_POINT('Ctrl Pts',(0.97236664173943,0.0599909322760648,0.269600196364773));
#7235=CARTESIAN_POINT('Ctrl Pts',(0.971751184868325,0.0690614769522363,
0.283551361225464));
#7236=CARTESIAN_POINT('Ctrl Pts',(0.970576600955742,0.0919318708093328,
0.306967035433842));
#7237=CARTESIAN_POINT('Ctrl Pts',(0.970066570565525,0.105444722763459,0.316266779350835));
#7238=CARTESIAN_POINT('Ctrl Pts',(0.968951228031809,0.135558971173792,0.329297652791424));
#7239=CARTESIAN_POINT('Ctrl Pts',(0.968345449985153,0.151914978433484,0.332788542699049));
#7240=CARTESIAN_POINT('Ctrl Pts',(0.967135768128666,0.184576388558649,0.333187252906949));
#7241=CARTESIAN_POINT('Ctrl Pts',(0.966543538035574,0.200566601072122,0.330270386909562));
#7242=CARTESIAN_POINT('Ctrl Pts',(0.965432679596108,0.230559778937718,0.31852991993411));
#7243=CARTESIAN_POINT('Ctrl Pts',(0.964936239532934,0.244280327075655,0.309817455364551));
#7244=CARTESIAN_POINT('Ctrl Pts',(0.963777110217881,0.267980786092416,0.287362846165965));
#7245=CARTESIAN_POINT('Ctrl Pts',(0.963160925474121,0.277612585647051,0.273713029136847));
#7246=CARTESIAN_POINT('Ctrl Pts',(0.961965429074149,0.290750139854648,0.244026110504814));
#7247=CARTESIAN_POINT('Ctrl Pts',(0.961396483953189,0.294353041831782,0.228368293519206));
#7248=CARTESIAN_POINT('Ctrl Pts',(0.960329432650756,0.295515578781899,0.195772117278531));
#7249=CARTESIAN_POINT('Ctrl Pts',(0.959763944772903,0.292762666596646,0.179136005533635));
#7250=CARTESIAN_POINT('Ctrl Pts',(0.958556133454956,0.281011391342815,0.14826477722921));
#7251=CARTESIAN_POINT('Ctrl Pts',(0.95794572294866,0.272263708201139,0.134284538258999));
#7252=CARTESIAN_POINT('Ctrl Pts',(0.956786505268866,0.250241367386609,0.110858312124642));
#7253=CARTESIAN_POINT('Ctrl Pts',(0.95628005627453,0.237319391379686,0.101495365844087));
#7254=CARTESIAN_POINT('Ctrl Pts',(0.955194035807075,0.207996838758392,0.0877690029874743));
#7255=CARTESIAN_POINT('Ctrl Pts',(0.954592390352864,0.191752411494673,0.0837984661607251));
#7256=CARTESIAN_POINT('Ctrl Pts',(0.953382047144069,0.159073144857223,0.0824356932933752));
#7257=CARTESIAN_POINT('Ctrl Pts',(0.952785226424001,0.142958985415383,0.0848959247636737));
#7258=CARTESIAN_POINT('Ctrl Pts',(0.951664222832941,0.112691888456791,0.0957633755222533));
#7259=CARTESIAN_POINT('Ctrl Pts',(0.951173946304684,0.098804658717128,0.10401679992093));
#7260=CARTESIAN_POINT('Ctrl Pts',(0.950027500787256,0.0744604681951789,
0.125704308887215));
#7261=CARTESIAN_POINT('Ctrl Pts',(0.9494113601923,0.0643913883900337,0.139100285622451));
#7262=CARTESIAN_POINT('Ctrl Pts',(0.948209075854007,0.0503439768791817,
0.168473524868474));
#7263=CARTESIAN_POINT('Ctrl Pts',(0.947633684173585,0.0462781778977385,
0.184065071977454));
#7264=CARTESIAN_POINT('Ctrl Pts',(0.947014942090718,0.0450852395569991,
0.202666797742822));
#7265=CARTESIAN_POINT('Ctrl Pts',(0.946927788255448,0.0450000000000014,
0.205334772335342));
#7266=CARTESIAN_POINT('Ctrl Pts',(0.946842301038246,0.0450000000000014,
0.207999999999997));
#7267=CARTESIAN_POINT('Origin',(1.079,0.170000000000001,0.208));
#7268=CARTESIAN_POINT('',(0.915592300962379,0.0450000000000014,0.207999999999998));
#7269=CARTESIAN_POINT('',(0.919064523260468,0.0450000000000014,0.207999999999998));
#7270=CARTESIAN_POINT('',(1.079,0.0450000000000013,0.208));
#7271=CARTESIAN_POINT('Ctrl Pts',(0.915592300962379,0.0450000000000014,
0.207999999999996));
#7272=CARTESIAN_POINT('Ctrl Pts',(0.915702186537739,0.0450000000000014,
0.204574106808205));
#7273=CARTESIAN_POINT('Ctrl Pts',(0.915814804376732,0.0451408365829685,
0.201144342105782));
#7274=CARTESIAN_POINT('Ctrl Pts',(0.91646561442337,0.0467391389738322,0.181776873218047));
#7275=CARTESIAN_POINT('Ctrl Pts',(0.917044922927726,0.0511028423877672,
0.166235206828311));
#7276=CARTESIAN_POINT('Ctrl Pts',(0.918251052158519,0.0657330567181738,
0.137078577062182));
#7277=CARTESIAN_POINT('Ctrl Pts',(0.918866872964818,0.0760807098350062,
0.123853404727053));
#7278=CARTESIAN_POINT('Ctrl Pts',(0.92000493555109,0.100834415464097,0.102663683346337));
#7279=CARTESIAN_POINT('Ctrl Pts',(0.920493438500449,0.114830713527872,0.0947040642147264));
#7280=CARTESIAN_POINT('Ctrl Pts',(0.921620930864051,0.145273007345122,0.0844064374753624));
#7281=CARTESIAN_POINT('Ctrl Pts',(0.922220492921491,0.161461182896022,0.0822468790050224));
#7282=CARTESIAN_POINT('Ctrl Pts',(0.923430696711823,0.194136685234975,0.0842398956504564));
#7283=CARTESIAN_POINT('Ctrl Pts',(0.924029356046362,0.210300487267531,0.0885216237899991));
#7284=CARTESIAN_POINT('Ctrl Pts',(0.925105250202715,0.239349629489055,0.102806592960105));
#7285=CARTESIAN_POINT('Ctrl Pts',(0.925620574060122,0.25208729954722,0.112413570580244));
#7286=CARTESIAN_POINT('Ctrl Pts',(0.926785830297602,0.273676589010891,0.136278082625514));
#7287=CARTESIAN_POINT('Ctrl Pts',(0.927397754592687,0.282166629766356,0.150454266760435));
#7288=CARTESIAN_POINT('Ctrl Pts',(0.928598580036287,0.293275090475533,0.181478826207778));
#7289=CARTESIAN_POINT('Ctrl Pts',(0.929149061186067,0.295702187168338,0.198050660940636));
#7290=CARTESIAN_POINT('Ctrl Pts',(0.930223004315549,0.293981396800448,0.230539395323154));
#7291=CARTESIAN_POINT('Ctrl Pts',(0.930795922802053,0.290096926788401,0.24615852620603));
#7292=CARTESIAN_POINT('Ctrl Pts',(0.931995665713661,0.276405312512468,0.275657951238814));
#7293=CARTESIAN_POINT('Ctrl Pts',(0.932611889021322,0.266506887822122,0.289155034477504));
#7294=CARTESIAN_POINT('Ctrl Pts',(0.933763353010047,0.242413721030803,0.311143932512937));
#7295=CARTESIAN_POINT('Ctrl Pts',(0.934255554481378,0.228592154987032,0.319576750559805));
#7296=CARTESIAN_POINT('Ctrl Pts',(0.9353725937035,0.198432095989759,0.330787895942347));
#7297=CARTESIAN_POINT('Ctrl Pts',(0.935967663148685,0.182365220969755,0.333428511867318));
#7298=CARTESIAN_POINT('Ctrl Pts',(0.937177872182364,0.149689577060403,0.332445570930692));
#7299=CARTESIAN_POINT('Ctrl Pts',(0.937781208786422,0.133399488750829,0.328663487025522));
#7300=CARTESIAN_POINT('Ctrl Pts',(0.938873272951073,0.103913756305255,0.315275051133417));
#7301=CARTESIAN_POINT('Ctrl Pts',(0.939375233928535,0.0908800017709531,
0.306058103904594));
#7302=CARTESIAN_POINT('Ctrl Pts',(0.940530784411306,0.0685999862202579,
0.282894978236668));
#7303=CARTESIAN_POINT('Ctrl Pts',(0.941140181799896,0.0597002148676439,
0.269034133320164));
#7304=CARTESIAN_POINT('Ctrl Pts',(0.942313218144892,0.0479530816272318,
0.239244689982907));
#7305=CARTESIAN_POINT('Ctrl Pts',(0.942866909824758,0.0450000000000014,
0.223687254272652));
#7306=CARTESIAN_POINT('Ctrl Pts',(0.943370078740156,0.0450000000000014,
0.208));
#7307=CARTESIAN_POINT('Ctrl Pts',(0.946842301038246,0.0450000000000014,
0.207999999999997));
#7308=CARTESIAN_POINT('Ctrl Pts',(0.946399369782277,0.0450000000000014,
0.22180922991277));
#7309=CARTESIAN_POINT('Ctrl Pts',(0.945916515630682,0.047288232678074,0.235542020777867));
#7310=CARTESIAN_POINT('Ctrl Pts',(0.9448174182734,0.0571171647940663,0.26413374854982));
#7311=CARTESIAN_POINT('Ctrl Pts',(0.944204644143722,0.065440216448389,0.278432839107747));
#7312=CARTESIAN_POINT('Ctrl Pts',(0.943035586599536,0.0867509091162127,
0.302576712102356));
#7313=CARTESIAN_POINT('Ctrl Pts',(0.942513698422363,0.0993722706288184,
0.312339869013412));
#7314=CARTESIAN_POINT('Ctrl Pts',(0.941444294966115,0.128246163947529,0.326978150664771));
#7315=CARTESIAN_POINT('Ctrl Pts',(0.940847646930757,0.144355660902197,0.331456386926842));
#7316=CARTESIAN_POINT('Ctrl Pts',(0.939637765803051,0.177022451350272,0.33384935645669));
#7317=CARTESIAN_POINT('Ctrl Pts',(0.939036570557614,0.193254722977046,0.331881493059318));
#7318=CARTESIAN_POINT('Ctrl Pts',(0.937905015619456,0.223806706307327,0.321945354595851));
#7319=CARTESIAN_POINT('Ctrl Pts',(0.937416731941784,0.237872359863901,0.314169881305681));
#7320=CARTESIAN_POINT('Ctrl Pts',(0.936284022909572,0.262881666643705,0.293294638615504));
#7321=CARTESIAN_POINT('Ctrl Pts',(0.935668520556982,0.273403179397314,0.280179772592554));
#7322=CARTESIAN_POINT('Ctrl Pts',(0.934460186992136,0.288398416573676,0.251165164530419));
#7323=CARTESIAN_POINT('Ctrl Pts',(0.933878511374193,0.292949270498739,0.235657750240659));
#7324=CARTESIAN_POINT('Ctrl Pts',(0.932788680658727,0.29598245910702,0.203431403425111));
#7325=CARTESIAN_POINT('Ctrl Pts',(0.932267168339354,0.294305097445665,0.187006237561349));
#7326=CARTESIAN_POINT('Ctrl Pts',(0.93108341845093,0.284694113007152,0.155649472910412));
#7327=CARTESIAN_POINT('Ctrl Pts',(0.930468841493732,0.276821660136364,0.141034022424028));
#7328=CARTESIAN_POINT('Ctrl Pts',(0.929289946968415,0.256255857651571,0.116153400161682));
#7329=CARTESIAN_POINT('Ctrl Pts',(0.928747386942817,0.243937319423419,0.105975437159017));
#7330=CARTESIAN_POINT('Ctrl Pts',(0.927695228232226,0.215529034237465,0.0904151129859303));
#7331=CARTESIAN_POINT('Ctrl Pts',(0.9271042754583,0.199573309341461,0.0854257815435669));
#7332=CARTESIAN_POINT('Ctrl Pts',(0.925896101527796,0.166952613217865,0.0819852630894403));
#7333=CARTESIAN_POINT('Ctrl Pts',(0.92529102091852,0.150615436767398,0.0834477518099022));
#7334=CARTESIAN_POINT('Ctrl Pts',(0.924149028051606,0.11978162936073,0.0924364922776632));
#7335=CARTESIAN_POINT('Ctrl Pts',(0.923658027577758,0.10553291641097,0.0997374040627184));
#7336=CARTESIAN_POINT('Ctrl Pts',(0.92253946485351,0.0798688298030525,0.119793571208426));
#7337=CARTESIAN_POINT('Ctrl Pts',(0.921925208255007,0.0689024522629809,
0.132612755658478));
#7338=CARTESIAN_POINT('Ctrl Pts',(0.920711941856343,0.0529685311879673,
0.161239204857418));
#7339=CARTESIAN_POINT('Ctrl Pts',(0.920124489807437,0.0479343645343077,
0.176647669707678));
#7340=CARTESIAN_POINT('Ctrl Pts',(0.919400431355145,0.0453172682002475,
0.197710596921039));
#7341=CARTESIAN_POINT('Ctrl Pts',(0.919229454162601,0.0450000000000014,
0.202857963359824));
#7342=CARTESIAN_POINT('Ctrl Pts',(0.919064523260468,0.0450000000000014,
0.207999999999997));
#7343=CARTESIAN_POINT('Origin',(0.369999999999999,-0.125000000000001,0.0400000000000002));
#7344=CARTESIAN_POINT('',(0.369999999999999,-0.178000000000001,0.0400000000000002));
#7345=CARTESIAN_POINT('',(0.369999999999999,-0.0720000000000008,0.0400000000000002));
#7346=CARTESIAN_POINT('Origin',(0.369999999999999,-0.125000000000001,0.0400000000000002));
#7347=CARTESIAN_POINT('',(0.369999999999999,-0.0720000000000008,1.52655665885959E-16));
#7348=CARTESIAN_POINT('',(0.369999999999999,-0.0720000000000008,0.0400000000000002));
#7349=CARTESIAN_POINT('Origin',(0.369999999999999,-0.125000000000001,1.66533453693773E-16));
#7350=CARTESIAN_POINT('Origin',(0.369999999999999,-0.125000000000001,0.0400000000000002));
#7351=CARTESIAN_POINT('Origin',(0.44,-0.195000000000001,0.0400000000000002));
#7352=CARTESIAN_POINT('',(0.44,-0.215000000000001,0.0400000000000002));
#7353=CARTESIAN_POINT('',(0.459999999999999,-0.195000000000001,0.0400000000000002));
#7354=CARTESIAN_POINT('Origin',(0.44,-0.195000000000001,0.0400000000000002));
#7355=CARTESIAN_POINT('',(0.44,-0.215000000000001,2.22044604925031E-16));
#7356=CARTESIAN_POINT('',(0.44,-0.215000000000001,0.0400000000000002));
#7357=CARTESIAN_POINT('',(0.459999999999999,-0.195000000000001,1.94289029309402E-16));
#7358=CARTESIAN_POINT('Origin',(0.44,-0.195000000000001,1.94289029309402E-16));
#7359=CARTESIAN_POINT('',(0.459999999999999,-0.195000000000001,0.0400000000000002));
#7360=CARTESIAN_POINT('Origin',(0.3,-0.215000000000001,0.0400000000000002));
#7361=CARTESIAN_POINT('',(0.3,-0.215000000000001,0.0400000000000002));
#7362=CARTESIAN_POINT('',(0.3,-0.215000000000001,0.0400000000000002));
#7363=CARTESIAN_POINT('',(0.3,-0.215000000000001,2.22044604925031E-16));
#7364=CARTESIAN_POINT('',(0.3,-0.215000000000001,0.0400000000000002));
#7365=CARTESIAN_POINT('',(0.3,-0.215000000000001,2.22044604925031E-16));
#7366=CARTESIAN_POINT('Origin',(0.3,-0.195000000000001,0.0400000000000002));
#7367=CARTESIAN_POINT('',(0.279999999999999,-0.195000000000001,0.0400000000000002));
#7368=CARTESIAN_POINT('Origin',(0.3,-0.195000000000001,0.0400000000000002));
#7369=CARTESIAN_POINT('',(0.279999999999999,-0.195000000000001,1.94289029309402E-16));
#7370=CARTESIAN_POINT('',(0.279999999999999,-0.195000000000001,0.0400000000000002));
#7371=CARTESIAN_POINT('Origin',(0.3,-0.195000000000001,1.94289029309402E-16));
#7372=CARTESIAN_POINT('Origin',(0.279999999999999,-7.45931094670027E-16,
0.0400000000000001));
#7373=CARTESIAN_POINT('',(0.279999999999999,-7.45931094670027E-16,0.0400000000000001));
#7374=CARTESIAN_POINT('',(0.279999999999999,-7.45931094670027E-16,0.0400000000000001));
#7375=CARTESIAN_POINT('',(0.279999999999999,-7.45931094670027E-16,1.11022302462516E-16));
#7376=CARTESIAN_POINT('',(0.279999999999999,-1.07552855510562E-16,0.0199999999999999));
#7377=CARTESIAN_POINT('',(0.279999999999999,-7.45931094670027E-16,1.11022302462516E-16));
#7378=CARTESIAN_POINT('Origin',(0.459999999999999,-0.195000000000001,0.0400000000000002));
#7379=CARTESIAN_POINT('',(0.459999999999999,-7.90166543307436E-16,0.0400000000000001));
#7380=CARTESIAN_POINT('',(0.459999999999999,-0.195000000000001,0.0400000000000002));
#7381=CARTESIAN_POINT('',(0.459999999999999,-7.90166543307436E-16,1.11022302462516E-16));
#7382=CARTESIAN_POINT('',(0.459999999999999,-0.195000000000001,1.94289029309402E-16));
#7383=CARTESIAN_POINT('',(0.459999999999999,-1.37910516340156E-16,0.02));
#7384=CARTESIAN_POINT('Origin',(0.369999999999999,-0.102908070754374,0.0400000000000002));
#7385=CARTESIAN_POINT('',(0.555,-1.61329283265843E-16,0.0400000000000001));
#7386=CARTESIAN_POINT('Origin',(0.0990000000005766,-0.0949999999999991,
0.0660000000028861));
#7387=CARTESIAN_POINT('',(0.093000000000572,-0.0450000000000019,0.0660000000028861));
#7388=CARTESIAN_POINT('',(0.0990000000005731,-0.0450000000000019,0.0720000000028899));
#7389=CARTESIAN_POINT('Origin',(0.0990000000005766,-0.0449999999999984,
0.066000000002886));
#7390=CARTESIAN_POINT('',(0.0930000000005728,-0.0949999999999991,0.0660000000028861));
#7391=CARTESIAN_POINT('',(0.0930000000005728,-0.0949999999999991,0.0660000000028861));
#7392=CARTESIAN_POINT('',(0.0990000000005731,-0.0949999999999991,0.0720000000028899));
#7393=CARTESIAN_POINT('Origin',(0.0990000000005766,-0.0949999999999991,
0.0660000000028861));
#7394=CARTESIAN_POINT('',(0.0990000000005731,-0.0949999999999991,0.0720000000028899));
#7395=CARTESIAN_POINT('Origin',(0.0930000000005711,-0.0949999999999991,
0.0450000000028888));
#7396=CARTESIAN_POINT('',(0.0930000000005702,-0.0450000000000019,0.0450000000028888));
#7397=CARTESIAN_POINT('',(0.0930000000005711,-0.0449999999999984,0.0600000000014433));
#7398=CARTESIAN_POINT('',(0.0930000000005711,-0.0949999999999991,0.0450000000028888));
#7399=CARTESIAN_POINT('',(0.0930000000005711,-0.0949999999999991,0.0450000000028888));
#7400=CARTESIAN_POINT('',(0.0930000000005711,-0.0949999999999991,0.0600000000014435));
#7401=CARTESIAN_POINT('Origin',(0.0900000000005718,-0.0949999999999991,
0.0450000000028888));
#7402=CARTESIAN_POINT('',(0.0870000000005717,-0.0450000000000019,0.0450000000028888));
#7403=CARTESIAN_POINT('Origin',(0.0900000000005718,-0.0449999999999985,
0.0450000000028887));
#7404=CARTESIAN_POINT('',(0.0870000000005726,-0.0949999999999991,0.0450000000028888));
#7405=CARTESIAN_POINT('',(0.0870000000005726,-0.0949999999999991,0.0450000000028888));
#7406=CARTESIAN_POINT('Origin',(0.0900000000005718,-0.0949999999999991,
0.0450000000028888));
#7407=CARTESIAN_POINT('Origin',(0.0870000000005717,-0.0949999999999991,
0.0660000000028861));
#7408=CARTESIAN_POINT('',(0.0870000000005717,-0.0450000000000019,0.0660000000028861));
#7409=CARTESIAN_POINT('',(0.0870000000005717,-0.0449999999999984,0.070500000001442));
#7410=CARTESIAN_POINT('',(0.0870000000005717,-0.0949999999999991,0.0660000000028861));
#7411=CARTESIAN_POINT('',(0.0870000000005717,-0.0949999999999991,0.0660000000028861));
#7412=CARTESIAN_POINT('',(0.0870000000005717,-0.0949999999999991,0.0705000000014439));
#7413=CARTESIAN_POINT('Origin',(0.0810000000005768,-0.0949999999999991,
0.0660000000028932));
#7414=CARTESIAN_POINT('',(0.0810000000005697,-0.0450000000000019,0.0720000000028899));
#7415=CARTESIAN_POINT('Origin',(0.0810000000005768,-0.0449999999999984,
0.0660000000028931));
#7416=CARTESIAN_POINT('',(0.0810000000005697,-0.0949999999999991,0.0720000000028899));
#7417=CARTESIAN_POINT('',(0.0810000000005697,-0.0949999999999991,0.0720000000028899));
#7418=CARTESIAN_POINT('Origin',(0.0810000000005768,-0.0949999999999991,
0.0660000000028932));
#7419=CARTESIAN_POINT('Origin',(0.0600000000005707,-0.0949999999999991,
0.0720000000028899));
#7420=CARTESIAN_POINT('',(0.0600000000005707,-0.0450000000000019,0.0720000000028899));
#7421=CARTESIAN_POINT('',(0.0750000000002835,-0.0449999999999984,0.0720000000028896));
#7422=CARTESIAN_POINT('',(0.0600000000005707,-0.0949999999999991,0.0720000000028899));
#7423=CARTESIAN_POINT('',(0.0600000000005707,-0.0949999999999991,0.0720000000028899));
#7424=CARTESIAN_POINT('',(0.0750000000002835,-0.0949999999999991,0.0720000000028899));
#7425=CARTESIAN_POINT('Origin',(0.0600000000005689,-0.0949999999999991,
0.0750000000028864));
#7426=CARTESIAN_POINT('',(0.0600000000005716,-0.0450000000000019,0.0780000000028865));
#7427=CARTESIAN_POINT('Origin',(0.0600000000005689,-0.0449999999999985,
0.0750000000028863));
#7428=CARTESIAN_POINT('',(0.0600000000005716,-0.0949999999999991,0.0780000000028865));
#7429=CARTESIAN_POINT('',(0.0600000000005716,-0.0949999999999991,0.0780000000028865));
#7430=CARTESIAN_POINT('Origin',(0.0600000000005689,-0.0949999999999991,
0.0750000000028864));
#7431=CARTESIAN_POINT('Origin',(0.0810000000005688,-0.0949999999999991,
0.078000000002883));
#7432=CARTESIAN_POINT('',(0.0810000000005688,-0.0450000000000019,0.078000000002883));
#7433=CARTESIAN_POINT('',(0.085500000000283,-0.0449999999999984,0.078000000002882));
#7434=CARTESIAN_POINT('',(0.0810000000005688,-0.0949999999999991,0.078000000002883));
#7435=CARTESIAN_POINT('',(0.0810000000005688,-0.0949999999999991,0.078000000002883));
#7436=CARTESIAN_POINT('',(0.0855000000002821,-0.0949999999999991,0.078000000002883));
#7437=CARTESIAN_POINT('Origin',(0.0810000000005653,-0.0949999999999991,
0.0840000000028868));
#7438=CARTESIAN_POINT('',(0.0870000000005691,-0.0450000000000019,0.0840000000028868));
#7439=CARTESIAN_POINT('Origin',(0.0810000000005653,-0.0449999999999983,
0.0840000000028867));
#7440=CARTESIAN_POINT('',(0.0870000000005691,-0.0949999999999991,0.0840000000028868));
#7441=CARTESIAN_POINT('',(0.0870000000005691,-0.0949999999999991,0.0840000000028868));
#7442=CARTESIAN_POINT('Origin',(0.0810000000005653,-0.0949999999999991,
0.0840000000028868));
#7443=CARTESIAN_POINT('Origin',(0.0870000000005717,-0.0949999999999991,
0.105000000002888));
#7444=CARTESIAN_POINT('',(0.0870000000005717,-0.0450000000000019,0.105000000002888));
#7445=CARTESIAN_POINT('',(0.0870000000005717,-0.0449999999999983,0.0900000000014428));
#7446=CARTESIAN_POINT('',(0.0870000000005717,-0.0949999999999991,0.105000000002888));
#7447=CARTESIAN_POINT('',(0.0870000000005717,-0.0949999999999991,0.105000000002888));
#7448=CARTESIAN_POINT('',(0.0870000000005717,-0.0949999999999991,0.0900000000014445));
#7449=CARTESIAN_POINT('Origin',(0.0900000000005718,-0.0949999999999991,
0.105000000002888));
#7450=CARTESIAN_POINT('',(0.0930000000005711,-0.0450000000000019,0.105000000002888));
#7451=CARTESIAN_POINT('Origin',(0.0900000000005718,-0.0449999999999982,
0.105000000002887));
#7452=CARTESIAN_POINT('',(0.0930000000005711,-0.0949999999999991,0.105000000002888));
#7453=CARTESIAN_POINT('',(0.0930000000005711,-0.0949999999999991,0.105000000002888));
#7454=CARTESIAN_POINT('Origin',(0.0900000000005718,-0.0949999999999991,
0.105000000002888));
#7455=CARTESIAN_POINT('Origin',(0.0930000000005711,-0.0949999999999991,
0.0840000000028868));
#7456=CARTESIAN_POINT('',(0.0930000000005702,-0.0450000000000019,0.0840000000028868));
#7457=CARTESIAN_POINT('',(0.0930000000005711,-0.0449999999999984,0.0795000000014423));
#7458=CARTESIAN_POINT('',(0.0930000000005711,-0.0949999999999991,0.0840000000028868));
#7459=CARTESIAN_POINT('',(0.0930000000005711,-0.0949999999999991,0.0840000000028868));
#7460=CARTESIAN_POINT('',(0.0930000000005711,-0.0949999999999991,0.0795000000014442));
#7461=CARTESIAN_POINT('Origin',(0.0990000000005669,-0.0949999999999991,
0.0840000000028797));
#7462=CARTESIAN_POINT('',(0.099000000000574,-0.0450000000000019,0.078000000002883));
#7463=CARTESIAN_POINT('Origin',(0.0990000000005669,-0.0449999999999983,
0.0840000000028795));
#7464=CARTESIAN_POINT('',(0.099000000000574,-0.0949999999999991,0.078000000002883));
#7465=CARTESIAN_POINT('',(0.099000000000574,-0.0949999999999991,0.078000000002883));
#7466=CARTESIAN_POINT('Origin',(0.0990000000005669,-0.0949999999999991,
0.0840000000028797));
#7467=CARTESIAN_POINT('Origin',(0.120000000000571,-0.0949999999999991,0.0780000000028865));
#7468=CARTESIAN_POINT('',(0.120000000000571,-0.0450000000000019,0.0780000000028865));
#7469=CARTESIAN_POINT('',(0.105000000000284,-0.0449999999999983,0.0780000000028839));
#7470=CARTESIAN_POINT('',(0.120000000000571,-0.0949999999999991,0.0780000000028865));
#7471=CARTESIAN_POINT('',(0.120000000000571,-0.0949999999999991,0.0780000000028865));
#7472=CARTESIAN_POINT('',(0.105000000000283,-0.0949999999999991,0.0780000000028865));
#7473=CARTESIAN_POINT('Origin',(0.12000000000057,-0.0949999999999991,0.0750000000028864));
#7474=CARTESIAN_POINT('',(0.120000000000569,-0.0450000000000019,0.0720000000028863));
#7475=CARTESIAN_POINT('Origin',(0.12000000000057,-0.0449999999999982,0.0750000000028863));
#7476=CARTESIAN_POINT('',(0.12000000000057,-0.0949999999999991,0.0720000000028863));
#7477=CARTESIAN_POINT('',(0.12000000000057,-0.0949999999999991,0.0720000000028863));
#7478=CARTESIAN_POINT('Origin',(0.12000000000057,-0.0949999999999991,0.0750000000028864));
#7479=CARTESIAN_POINT('Origin',(0.0990000000005731,-0.0949999999999991,
0.0720000000028899));
#7480=CARTESIAN_POINT('',(0.0945000000002851,-0.0449999999999984,0.0720000000028896));
#7481=CARTESIAN_POINT('',(0.0945000000002842,-0.0949999999999991,0.0720000000028899));
#7482=CARTESIAN_POINT('Origin',(0.0899999999999963,-0.075000000000003,0.0749999999999981));
#7483=CARTESIAN_POINT('',(0.0899999999999963,-0.0949999999999991,0.122499999999997));
#7484=CARTESIAN_POINT('',(0.042499999999996,-0.0949999999999991,0.0749999999999981));
#7485=CARTESIAN_POINT('Origin',(0.0899999999999963,-0.0949999999999991,
0.0749999999999981));
#7486=CARTESIAN_POINT('Origin',(0.0899999999999963,-0.0949999999999991,
0.0749999999999981));
#7487=CARTESIAN_POINT('',(0.0224999999999964,-0.0750000000000031,0.0749999999999981));
#7488=CARTESIAN_POINT('Origin',(0.042499999999996,-0.0750000000000031,0.0749999999999981));
#7489=CARTESIAN_POINT('',(0.0899999999999963,-0.0749999999999995,0.142499999999997));
#7490=CARTESIAN_POINT('Origin',(0.0899999999999963,-0.075000000000003,0.0749999999999981));
#7491=CARTESIAN_POINT('Origin',(0.0899999999999963,-0.075000000000003,0.0749999999999981));
#7492=CARTESIAN_POINT('Origin',(0.0899999999999954,-0.0949999999999991,
0.0749999999999981));
#7493=CARTESIAN_POINT('Origin',(0.0899999999999963,-0.0259999999999964,
0.0749999999999981));
#7494=CARTESIAN_POINT('',(0.0899999999999963,-0.0259999999999964,0.142499999999997));
#7495=CARTESIAN_POINT('',(0.0899999999999963,-0.0259999999999963,0.142499999999998));
#7496=CARTESIAN_POINT('Origin',(0.0899999999999963,-0.0259999999999999,
0.0749999999999981));
#7497=CARTESIAN_POINT('Origin',(0.0899999999999963,-0.0449999999999984,
0.0749999999999981));
#7498=CARTESIAN_POINT('Origin',(0.659000000000576,-0.0949999999999992,0.0660000000028861));
#7499=CARTESIAN_POINT('',(0.653000000000572,-0.045000000000002,0.0660000000028861));
#7500=CARTESIAN_POINT('',(0.659000000000573,-0.045000000000002,0.0720000000028899));
#7501=CARTESIAN_POINT('Origin',(0.659000000000576,-0.0449999999999985,0.066000000002886));
#7502=CARTESIAN_POINT('',(0.653000000000572,-0.0949999999999992,0.0660000000028861));
#7503=CARTESIAN_POINT('',(0.653000000000572,-0.0949999999999992,0.0660000000028861));
#7504=CARTESIAN_POINT('',(0.659000000000573,-0.0949999999999992,0.0720000000028899));
#7505=CARTESIAN_POINT('Origin',(0.659000000000576,-0.0949999999999992,0.0660000000028861));
#7506=CARTESIAN_POINT('',(0.659000000000573,-0.0949999999999992,0.0720000000028899));
#7507=CARTESIAN_POINT('Origin',(0.653000000000571,-0.0949999999999992,0.0450000000028888));
#7508=CARTESIAN_POINT('',(0.653000000000571,-0.045000000000002,0.0450000000028888));
#7509=CARTESIAN_POINT('',(0.653000000000571,-0.0449999999999985,0.0600000000014433));
#7510=CARTESIAN_POINT('',(0.653000000000571,-0.0949999999999992,0.0450000000028888));
#7511=CARTESIAN_POINT('',(0.653000000000571,-0.0949999999999992,0.0450000000028888));
#7512=CARTESIAN_POINT('',(0.653000000000571,-0.0949999999999992,0.0600000000014435));
#7513=CARTESIAN_POINT('Origin',(0.650000000000571,-0.0949999999999992,0.0450000000028888));
#7514=CARTESIAN_POINT('',(0.647000000000572,-0.045000000000002,0.0450000000028888));
#7515=CARTESIAN_POINT('Origin',(0.650000000000571,-0.0449999999999986,0.0450000000028887));
#7516=CARTESIAN_POINT('',(0.647000000000572,-0.0949999999999992,0.0450000000028888));
#7517=CARTESIAN_POINT('',(0.647000000000572,-0.0949999999999992,0.0450000000028888));
#7518=CARTESIAN_POINT('Origin',(0.650000000000571,-0.0949999999999992,0.0450000000028888));
#7519=CARTESIAN_POINT('Origin',(0.647000000000571,-0.0949999999999992,0.0660000000028861));
#7520=CARTESIAN_POINT('',(0.647000000000571,-0.045000000000002,0.0660000000028861));
#7521=CARTESIAN_POINT('',(0.647000000000571,-0.0449999999999985,0.070500000001442));
#7522=CARTESIAN_POINT('',(0.647000000000571,-0.0949999999999992,0.0660000000028861));
#7523=CARTESIAN_POINT('',(0.647000000000571,-0.0949999999999992,0.0660000000028861));
#7524=CARTESIAN_POINT('',(0.647000000000571,-0.0949999999999992,0.0705000000014439));
#7525=CARTESIAN_POINT('Origin',(0.641000000000576,-0.0949999999999992,0.0660000000028932));
#7526=CARTESIAN_POINT('',(0.641000000000569,-0.045000000000002,0.0720000000028899));
#7527=CARTESIAN_POINT('Origin',(0.641000000000576,-0.0449999999999985,0.0660000000028931));
#7528=CARTESIAN_POINT('',(0.641000000000569,-0.0949999999999992,0.0720000000028899));
#7529=CARTESIAN_POINT('',(0.641000000000569,-0.0949999999999992,0.0720000000028899));
#7530=CARTESIAN_POINT('Origin',(0.641000000000576,-0.0949999999999992,0.0660000000028932));
#7531=CARTESIAN_POINT('Origin',(0.62000000000057,-0.0949999999999992,0.0720000000028899));
#7532=CARTESIAN_POINT('',(0.62000000000057,-0.045000000000002,0.0720000000028899));
#7533=CARTESIAN_POINT('',(0.635000000000283,-0.0449999999999985,0.0720000000028896));
#7534=CARTESIAN_POINT('',(0.62000000000057,-0.0949999999999992,0.0720000000028899));
#7535=CARTESIAN_POINT('',(0.62000000000057,-0.0949999999999992,0.0720000000028899));
#7536=CARTESIAN_POINT('',(0.635000000000283,-0.0949999999999992,0.0720000000028899));
#7537=CARTESIAN_POINT('Origin',(0.620000000000569,-0.0949999999999992,0.0750000000028864));
#7538=CARTESIAN_POINT('',(0.620000000000571,-0.045000000000002,0.0780000000028865));
#7539=CARTESIAN_POINT('Origin',(0.620000000000569,-0.0449999999999986,0.0750000000028863));
#7540=CARTESIAN_POINT('',(0.620000000000571,-0.0949999999999992,0.0780000000028865));
#7541=CARTESIAN_POINT('',(0.620000000000571,-0.0949999999999992,0.0780000000028865));
#7542=CARTESIAN_POINT('Origin',(0.620000000000569,-0.0949999999999992,0.0750000000028864));
#7543=CARTESIAN_POINT('Origin',(0.641000000000568,-0.0949999999999992,0.078000000002883));
#7544=CARTESIAN_POINT('',(0.641000000000568,-0.045000000000002,0.078000000002883));
#7545=CARTESIAN_POINT('',(0.645500000000283,-0.0449999999999985,0.078000000002882));
#7546=CARTESIAN_POINT('',(0.641000000000568,-0.0949999999999992,0.078000000002883));
#7547=CARTESIAN_POINT('',(0.641000000000568,-0.0949999999999992,0.078000000002883));
#7548=CARTESIAN_POINT('',(0.645500000000282,-0.0949999999999992,0.078000000002883));
#7549=CARTESIAN_POINT('Origin',(0.641000000000565,-0.0949999999999992,0.0840000000028868));
#7550=CARTESIAN_POINT('',(0.647000000000569,-0.045000000000002,0.0840000000028868));
#7551=CARTESIAN_POINT('Origin',(0.641000000000565,-0.0449999999999985,0.0840000000028867));
#7552=CARTESIAN_POINT('',(0.647000000000569,-0.0949999999999992,0.0840000000028868));
#7553=CARTESIAN_POINT('',(0.647000000000569,-0.0949999999999992,0.0840000000028868));
#7554=CARTESIAN_POINT('Origin',(0.641000000000565,-0.0949999999999992,0.0840000000028868));
#7555=CARTESIAN_POINT('Origin',(0.647000000000571,-0.0949999999999992,0.105000000002888));
#7556=CARTESIAN_POINT('',(0.647000000000571,-0.045000000000002,0.105000000002888));
#7557=CARTESIAN_POINT('',(0.647000000000571,-0.0449999999999984,0.0900000000014428));
#7558=CARTESIAN_POINT('',(0.647000000000571,-0.0949999999999992,0.105000000002888));
#7559=CARTESIAN_POINT('',(0.647000000000571,-0.0949999999999992,0.105000000002888));
#7560=CARTESIAN_POINT('',(0.647000000000571,-0.0949999999999992,0.0900000000014445));
#7561=CARTESIAN_POINT('Origin',(0.650000000000571,-0.0949999999999992,0.105000000002888));
#7562=CARTESIAN_POINT('',(0.653000000000571,-0.045000000000002,0.105000000002888));
#7563=CARTESIAN_POINT('Origin',(0.650000000000571,-0.0449999999999984,0.105000000002887));
#7564=CARTESIAN_POINT('',(0.653000000000571,-0.0949999999999992,0.105000000002888));
#7565=CARTESIAN_POINT('',(0.653000000000571,-0.0949999999999992,0.105000000002888));
#7566=CARTESIAN_POINT('Origin',(0.650000000000571,-0.0949999999999992,0.105000000002888));
#7567=CARTESIAN_POINT('Origin',(0.653000000000571,-0.0949999999999992,0.0840000000028868));
#7568=CARTESIAN_POINT('',(0.653000000000571,-0.045000000000002,0.0840000000028868));
#7569=CARTESIAN_POINT('',(0.653000000000571,-0.0449999999999985,0.0795000000014423));
#7570=CARTESIAN_POINT('',(0.653000000000571,-0.0949999999999992,0.0840000000028868));
#7571=CARTESIAN_POINT('',(0.653000000000571,-0.0949999999999992,0.0840000000028868));
#7572=CARTESIAN_POINT('',(0.653000000000571,-0.0949999999999992,0.0795000000014442));
#7573=CARTESIAN_POINT('Origin',(0.659000000000566,-0.0949999999999992,0.0840000000028797));
#7574=CARTESIAN_POINT('',(0.659000000000574,-0.045000000000002,0.078000000002883));
#7575=CARTESIAN_POINT('Origin',(0.659000000000566,-0.0449999999999984,0.0840000000028795));
#7576=CARTESIAN_POINT('',(0.659000000000574,-0.0949999999999992,0.078000000002883));
#7577=CARTESIAN_POINT('',(0.659000000000574,-0.0949999999999992,0.078000000002883));
#7578=CARTESIAN_POINT('Origin',(0.659000000000566,-0.0949999999999992,0.0840000000028797));
#7579=CARTESIAN_POINT('Origin',(0.680000000000571,-0.0949999999999992,0.0780000000028865));
#7580=CARTESIAN_POINT('',(0.680000000000571,-0.0450000000000021,0.0780000000028865));
#7581=CARTESIAN_POINT('',(0.665000000000283,-0.0449999999999984,0.0780000000028839));
#7582=CARTESIAN_POINT('',(0.680000000000571,-0.0949999999999992,0.0780000000028865));
#7583=CARTESIAN_POINT('',(0.680000000000571,-0.0949999999999992,0.0780000000028865));
#7584=CARTESIAN_POINT('',(0.665000000000282,-0.0949999999999992,0.0780000000028865));
#7585=CARTESIAN_POINT('Origin',(0.68000000000057,-0.0949999999999992,0.0750000000028864));
#7586=CARTESIAN_POINT('',(0.680000000000569,-0.0450000000000021,0.0720000000028863));
#7587=CARTESIAN_POINT('Origin',(0.68000000000057,-0.0449999999999984,0.0750000000028863));
#7588=CARTESIAN_POINT('',(0.68000000000057,-0.0949999999999992,0.0720000000028863));
#7589=CARTESIAN_POINT('',(0.68000000000057,-0.0949999999999992,0.0720000000028863));
#7590=CARTESIAN_POINT('Origin',(0.68000000000057,-0.0949999999999992,0.0750000000028864));
#7591=CARTESIAN_POINT('Origin',(0.659000000000573,-0.0949999999999992,0.0720000000028899));
#7592=CARTESIAN_POINT('',(0.654500000000284,-0.0449999999999985,0.0720000000028896));
#7593=CARTESIAN_POINT('',(0.654500000000284,-0.0949999999999992,0.0720000000028899));
#7594=CARTESIAN_POINT('Origin',(0.649999999999996,-0.0750000000000032,0.0749999999999981));
#7595=CARTESIAN_POINT('',(0.649999999999996,-0.0949999999999992,0.122499999999997));
#7596=CARTESIAN_POINT('',(0.602499999999996,-0.0949999999999993,0.0749999999999981));
#7597=CARTESIAN_POINT('Origin',(0.649999999999996,-0.0949999999999992,0.0749999999999981));
#7598=CARTESIAN_POINT('Origin',(0.649999999999996,-0.0949999999999992,0.0749999999999981));
#7599=CARTESIAN_POINT('',(0.582499999999996,-0.0750000000000033,0.0749999999999981));
#7600=CARTESIAN_POINT('Origin',(0.602499999999996,-0.0750000000000032,0.0749999999999981));
#7601=CARTESIAN_POINT('',(0.649999999999996,-0.0749999999999996,0.142499999999997));
#7602=CARTESIAN_POINT('Origin',(0.649999999999996,-0.0750000000000032,0.0749999999999981));
#7603=CARTESIAN_POINT('Origin',(0.649999999999996,-0.0750000000000032,0.0749999999999981));
#7604=CARTESIAN_POINT('Origin',(0.649999999999995,-0.0949999999999992,0.0749999999999981));
#7605=CARTESIAN_POINT('Origin',(0.649999999999995,-0.0259999999999966,0.0749999999999981));
#7606=CARTESIAN_POINT('',(0.649999999999995,-0.0259999999999966,0.142499999999997));
#7607=CARTESIAN_POINT('',(0.649999999999995,-0.0259999999999964,0.142499999999998));
#7608=CARTESIAN_POINT('Origin',(0.649999999999995,-0.0260000000000001,0.0749999999999981));
#7609=CARTESIAN_POINT('Origin',(0.649999999999996,-0.0449999999999985,0.0749999999999981));
#7610=CARTESIAN_POINT('Origin',(0.369999999999999,0.879,0.04));
#7611=CARTESIAN_POINT('',(0.369999999999999,0.932,0.04));
#7612=CARTESIAN_POINT('',(0.369999999999999,0.826,0.04));
#7613=CARTESIAN_POINT('Origin',(0.369999999999999,0.879,0.04));
#7614=CARTESIAN_POINT('Origin',(0.369999999999999,0.879,0.04));
#7615=CARTESIAN_POINT('',(0.369999999999999,0.826,-5.55111512312578E-17));
#7616=CARTESIAN_POINT('',(0.369999999999999,0.826,0.04));
#7617=CARTESIAN_POINT('Origin',(0.369999999999999,0.879,-5.55111512312578E-17));
#7618=CARTESIAN_POINT('Origin',(0.44,0.949,0.04));
#7619=CARTESIAN_POINT('',(0.44,0.969,0.04));
#7620=CARTESIAN_POINT('',(0.459999999999999,0.949,0.04));
#7621=CARTESIAN_POINT('Origin',(0.44,0.949,0.04));
#7622=CARTESIAN_POINT('',(0.459999999999999,0.949,-5.55111512312578E-17));
#7623=CARTESIAN_POINT('',(0.459999999999999,0.949,0.04));
#7624=CARTESIAN_POINT('',(0.44,0.969,-5.55111512312578E-17));
#7625=CARTESIAN_POINT('Origin',(0.44,0.949,-5.55111512312578E-17));
#7626=CARTESIAN_POINT('',(0.44,0.969,0.04));
#7627=CARTESIAN_POINT('Origin',(0.3,0.969,0.04));
#7628=CARTESIAN_POINT('',(0.3,0.969,0.04));
#7629=CARTESIAN_POINT('',(0.3,0.969,0.04));
#7630=CARTESIAN_POINT('',(0.3,0.969,-5.55111512312578E-17));
#7631=CARTESIAN_POINT('',(0.3,0.969,-5.55111512312578E-17));
#7632=CARTESIAN_POINT('',(0.3,0.969,0.04));
#7633=CARTESIAN_POINT('Origin',(0.3,0.949,0.04));
#7634=CARTESIAN_POINT('',(0.279999999999999,0.949,0.04));
#7635=CARTESIAN_POINT('Origin',(0.3,0.949,0.04));
#7636=CARTESIAN_POINT('',(0.279999999999999,0.949,-5.55111512312578E-17));
#7637=CARTESIAN_POINT('Origin',(0.3,0.949,-5.55111512312578E-17));
#7638=CARTESIAN_POINT('',(0.279999999999999,0.949,0.04));
#7639=CARTESIAN_POINT('Origin',(0.279999999999999,0.754,0.04));
#7640=CARTESIAN_POINT('',(0.279999999999999,0.754,0.04));
#7641=CARTESIAN_POINT('',(0.279999999999999,0.754,0.04));
#7642=CARTESIAN_POINT('',(0.279999999999999,0.754,-5.55111512312578E-17));
#7643=CARTESIAN_POINT('',(0.279999999999999,0.754,-5.55111512312578E-17));
#7644=CARTESIAN_POINT('',(0.279999999999999,0.754,0.2185));
#7645=CARTESIAN_POINT('Origin',(0.459999999999999,0.949,0.04));
#7646=CARTESIAN_POINT('',(0.459999999999999,0.754,0.04));
#7647=CARTESIAN_POINT('',(0.459999999999999,0.949,0.04));
#7648=CARTESIAN_POINT('',(0.459999999999999,0.754,-5.55111512312578E-17));
#7649=CARTESIAN_POINT('',(0.459999999999999,0.754,0.2185));
#7650=CARTESIAN_POINT('',(0.459999999999999,0.949,-5.55111512312578E-17));
#7651=CARTESIAN_POINT('Origin',(0.369999999999999,0.856908070754373,0.04));
#7652=CARTESIAN_POINT('',(0.555,0.754,0.0399999999999999));
#7653=CARTESIAN_POINT('Origin',(0.739999999999999,0.754,0.397));
#7654=CARTESIAN_POINT('',(-8.88178419700125E-16,0.754,5.55111512312578E-17));
#7655=CARTESIAN_POINT('',(0.739999999999999,0.754,-1.66533453693773E-16));
#7656=CARTESIAN_POINT('',(0.,0.754,0.397));
#7657=CARTESIAN_POINT('',(0.,0.754,0.397));
#7658=CARTESIAN_POINT('',(0.739999999999999,0.754,0.397));
#7659=CARTESIAN_POINT('',(0.739999999999999,0.754,0.397));
#7660=CARTESIAN_POINT('',(0.739999999999999,0.754,-1.66533453693773E-16));
#7661=CARTESIAN_POINT('',(0.739999999999999,0.754,0.397));
#7662=CARTESIAN_POINT('',(0.739999999999999,0.754,-1.66533453693773E-16));
#7663=CARTESIAN_POINT('',(0.65,0.754,0.000500000000000334));
#7664=CARTESIAN_POINT('Origin',(0.65,0.754,0.0750000000000003));
#7665=CARTESIAN_POINT('',(0.0899999999999999,0.754000000000001,0.000500000000000334));
#7666=CARTESIAN_POINT('Origin',(0.0899999999999999,0.754000000000001,0.0750000000000003));
#7667=CARTESIAN_POINT('Origin',(0.659000000000575,0.849000000000002,0.0660000000028964));
#7668=CARTESIAN_POINT('',(0.659000000000573,0.799000000000005,0.0720000000029001));
#7669=CARTESIAN_POINT('',(0.653000000000572,0.799000000000005,0.0660000000028964));
#7670=CARTESIAN_POINT('Origin',(0.659000000000575,0.798999999999998,0.0660000000028964));
#7671=CARTESIAN_POINT('',(0.659000000000573,0.849000000000002,0.0720000000029001));
#7672=CARTESIAN_POINT('',(0.659000000000573,0.849000000000002,0.0720000000029001));
#7673=CARTESIAN_POINT('',(0.653000000000572,0.849000000000002,0.0660000000028964));
#7674=CARTESIAN_POINT('Origin',(0.659000000000575,0.849000000000002,0.0660000000028964));
#7675=CARTESIAN_POINT('',(0.653000000000572,0.849000000000002,0.0660000000028964));
#7676=CARTESIAN_POINT('Origin',(0.65300000000057,0.849000000000002,0.0450000000028991));
#7677=CARTESIAN_POINT('',(0.65300000000057,0.799000000000005,0.0450000000028991));
#7678=CARTESIAN_POINT('',(0.65300000000057,0.798999999999998,0.0600000000014484));
#7679=CARTESIAN_POINT('',(0.65300000000057,0.849000000000002,0.0450000000028991));
#7680=CARTESIAN_POINT('',(0.65300000000057,0.849000000000002,0.0600000000014537));
#7681=CARTESIAN_POINT('',(0.65300000000057,0.849000000000002,0.0450000000028991));
#7682=CARTESIAN_POINT('Origin',(0.650000000000571,0.849000000000002,0.0450000000028991));
#7683=CARTESIAN_POINT('',(0.647000000000571,0.799000000000005,0.0450000000028991));
#7684=CARTESIAN_POINT('Origin',(0.650000000000571,0.798999999999998,0.0450000000028991));
#7685=CARTESIAN_POINT('',(0.647000000000571,0.849000000000002,0.0450000000028991));
#7686=CARTESIAN_POINT('Origin',(0.650000000000571,0.849000000000002,0.0450000000028991));
#7687=CARTESIAN_POINT('',(0.647000000000571,0.849000000000002,0.0450000000028991));
#7688=CARTESIAN_POINT('Origin',(0.647000000000571,0.849000000000002,0.0660000000028964));
#7689=CARTESIAN_POINT('',(0.647000000000571,0.799000000000005,0.0660000000028964));
#7690=CARTESIAN_POINT('',(0.647000000000571,0.798999999999998,0.070500000001447));
#7691=CARTESIAN_POINT('',(0.647000000000571,0.849000000000002,0.0660000000028964));
#7692=CARTESIAN_POINT('',(0.647000000000571,0.849000000000002,0.0705000000014541));
#7693=CARTESIAN_POINT('',(0.647000000000571,0.849000000000002,0.0660000000028964));
#7694=CARTESIAN_POINT('Origin',(0.641000000000576,0.849000000000002,0.0660000000029035));
#7695=CARTESIAN_POINT('',(0.641000000000569,0.799000000000005,0.0720000000029001));
#7696=CARTESIAN_POINT('Origin',(0.641000000000576,0.798999999999998,0.0660000000029035));
#7697=CARTESIAN_POINT('',(0.641000000000569,0.849000000000002,0.0720000000029001));
#7698=CARTESIAN_POINT('Origin',(0.641000000000576,0.849000000000002,0.0660000000029035));
#7699=CARTESIAN_POINT('',(0.641000000000569,0.849000000000002,0.0720000000029001));
#7700=CARTESIAN_POINT('Origin',(0.62000000000057,0.849000000000002,0.0720000000029001));
#7701=CARTESIAN_POINT('',(0.62000000000057,0.799000000000005,0.0720000000029001));
#7702=CARTESIAN_POINT('',(0.635000000000283,0.798999999999998,0.0720000000028992));
#7703=CARTESIAN_POINT('',(0.62000000000057,0.849000000000002,0.0720000000029001));
#7704=CARTESIAN_POINT('',(0.635000000000283,0.849000000000002,0.0720000000029001));
#7705=CARTESIAN_POINT('',(0.62000000000057,0.849000000000002,0.0720000000029001));
#7706=CARTESIAN_POINT('Origin',(0.620000000000568,0.849000000000002,0.0750000000028967));
#7707=CARTESIAN_POINT('',(0.62000000000057,0.799000000000005,0.0780000000028968));
#7708=CARTESIAN_POINT('Origin',(0.620000000000568,0.798999999999998,0.0750000000028967));
#7709=CARTESIAN_POINT('',(0.620000000000571,0.849000000000002,0.0780000000028968));
#7710=CARTESIAN_POINT('Origin',(0.620000000000568,0.849000000000002,0.0750000000028967));
#7711=CARTESIAN_POINT('',(0.620000000000571,0.849000000000002,0.0780000000028968));
#7712=CARTESIAN_POINT('Origin',(0.641000000000568,0.849000000000002,0.0780000000028933));
#7713=CARTESIAN_POINT('',(0.641000000000568,0.799000000000005,0.0780000000028933));
#7714=CARTESIAN_POINT('',(0.645500000000283,0.798999999999998,0.0780000000028924));
#7715=CARTESIAN_POINT('',(0.641000000000568,0.849000000000002,0.0780000000028933));
#7716=CARTESIAN_POINT('',(0.645500000000282,0.849000000000002,0.0780000000028933));
#7717=CARTESIAN_POINT('',(0.641000000000568,0.849000000000002,0.0780000000028933));
#7718=CARTESIAN_POINT('Origin',(0.641000000000565,0.849000000000002,0.084000000002897));
#7719=CARTESIAN_POINT('',(0.647000000000569,0.799000000000005,0.084000000002897));
#7720=CARTESIAN_POINT('Origin',(0.641000000000565,0.798999999999998,0.084000000002897));
#7721=CARTESIAN_POINT('',(0.647000000000569,0.849000000000002,0.084000000002897));
#7722=CARTESIAN_POINT('Origin',(0.641000000000565,0.849000000000002,0.084000000002897));
#7723=CARTESIAN_POINT('',(0.647000000000569,0.849000000000002,0.084000000002897));
#7724=CARTESIAN_POINT('Origin',(0.647000000000571,0.849000000000002,0.105000000002898));
#7725=CARTESIAN_POINT('',(0.647000000000571,0.799000000000005,0.105000000002898));
#7726=CARTESIAN_POINT('',(0.647000000000571,0.798999999999998,0.0900000000014478));
#7727=CARTESIAN_POINT('',(0.647000000000571,0.849000000000002,0.105000000002898));
#7728=CARTESIAN_POINT('',(0.647000000000571,0.849000000000002,0.0900000000014549));
#7729=CARTESIAN_POINT('',(0.647000000000571,0.849000000000002,0.105000000002898));
#7730=CARTESIAN_POINT('Origin',(0.650000000000571,0.849000000000002,0.105000000002898));
#7731=CARTESIAN_POINT('',(0.65300000000057,0.799000000000005,0.105000000002898));
#7732=CARTESIAN_POINT('Origin',(0.650000000000571,0.798999999999998,0.105000000002898));
#7733=CARTESIAN_POINT('',(0.653000000000571,0.849000000000002,0.105000000002898));
#7734=CARTESIAN_POINT('Origin',(0.650000000000571,0.849000000000002,0.105000000002898));
#7735=CARTESIAN_POINT('',(0.653000000000571,0.849000000000002,0.105000000002898));
#7736=CARTESIAN_POINT('Origin',(0.65300000000057,0.849000000000002,0.084000000002897));
#7737=CARTESIAN_POINT('',(0.65300000000057,0.799000000000005,0.084000000002897));
#7738=CARTESIAN_POINT('',(0.65300000000057,0.798999999999998,0.0795000000014474));
#7739=CARTESIAN_POINT('',(0.65300000000057,0.849000000000002,0.084000000002897));
#7740=CARTESIAN_POINT('',(0.65300000000057,0.849000000000002,0.0795000000014545));
#7741=CARTESIAN_POINT('',(0.65300000000057,0.849000000000002,0.084000000002897));
#7742=CARTESIAN_POINT('Origin',(0.659000000000566,0.849000000000002,0.0840000000028899));
#7743=CARTESIAN_POINT('',(0.659000000000574,0.799000000000005,0.0780000000028933));
#7744=CARTESIAN_POINT('Origin',(0.659000000000566,0.798999999999998,0.0840000000028899));
#7745=CARTESIAN_POINT('',(0.659000000000574,0.849000000000002,0.0780000000028933));
#7746=CARTESIAN_POINT('Origin',(0.659000000000566,0.849000000000002,0.0840000000028899));
#7747=CARTESIAN_POINT('',(0.659000000000574,0.849000000000002,0.0780000000028933));
#7748=CARTESIAN_POINT('Origin',(0.680000000000571,0.849000000000002,0.0780000000028968));
#7749=CARTESIAN_POINT('',(0.680000000000571,0.799000000000005,0.0780000000028968));
#7750=CARTESIAN_POINT('',(0.665000000000283,0.798999999999998,0.0780000000028941));
#7751=CARTESIAN_POINT('',(0.680000000000571,0.849000000000002,0.0780000000028968));
#7752=CARTESIAN_POINT('',(0.665000000000282,0.849000000000002,0.0780000000028968));
#7753=CARTESIAN_POINT('',(0.680000000000571,0.849000000000002,0.0780000000028968));
#7754=CARTESIAN_POINT('Origin',(0.68000000000057,0.849000000000002,0.0750000000028967));
#7755=CARTESIAN_POINT('',(0.680000000000569,0.799000000000005,0.0720000000028966));
#7756=CARTESIAN_POINT('Origin',(0.68000000000057,0.798999999999998,0.0750000000028967));
#7757=CARTESIAN_POINT('',(0.680000000000569,0.849000000000002,0.0720000000028966));
#7758=CARTESIAN_POINT('Origin',(0.68000000000057,0.849000000000002,0.0750000000028967));
#7759=CARTESIAN_POINT('',(0.680000000000569,0.849000000000002,0.0720000000028966));
#7760=CARTESIAN_POINT('Origin',(0.659000000000573,0.849000000000002,0.0720000000029001));
#7761=CARTESIAN_POINT('',(0.654500000000284,0.798999999999998,0.0720000000028992));
#7762=CARTESIAN_POINT('',(0.654500000000284,0.849000000000002,0.0720000000029001));
#7763=CARTESIAN_POINT('Origin',(0.649999999999995,0.829000000000006,0.0750000000000083));
#7764=CARTESIAN_POINT('',(0.649999999999995,0.849000000000002,0.122500000000008));
#7765=CARTESIAN_POINT('',(0.602499999999995,0.849000000000002,0.0750000000000084));
#7766=CARTESIAN_POINT('Origin',(0.649999999999995,0.849000000000002,0.0750000000000083));
#7767=CARTESIAN_POINT('',(0.582499999999995,0.829000000000006,0.0750000000000084));
#7768=CARTESIAN_POINT('Origin',(0.602499999999995,0.829000000000006,0.0750000000000084));
#7769=CARTESIAN_POINT('',(0.649999999999995,0.829000000000002,0.142500000000007));
#7770=CARTESIAN_POINT('Origin',(0.649999999999995,0.829000000000006,0.0750000000000083));
#7771=CARTESIAN_POINT('Origin',(0.649999999999995,0.829000000000006,0.0750000000000083));
#7772=CARTESIAN_POINT('Origin',(0.649999999999995,0.849000000000002,0.0750000000000083));
#7773=CARTESIAN_POINT('Origin',(0.649999999999995,0.849000000000002,0.0750000000000083));
#7774=CARTESIAN_POINT('Origin',(0.649999999999995,0.779999999999996,0.0749999999999986));
#7775=CARTESIAN_POINT('',(0.649999999999995,0.779999999999996,0.142499999999998));
#7776=CARTESIAN_POINT('',(0.649999999999995,0.779999999999996,0.142499999999999));
#7777=CARTESIAN_POINT('Origin',(0.649999999999995,0.78,0.0749999999999986));
#7778=CARTESIAN_POINT('Origin',(0.649999999999996,0.798999999999998,0.0749999999999986));
#7779=CARTESIAN_POINT('Origin',(0.0990000000005757,0.849000000000002,0.0660000000028964));
#7780=CARTESIAN_POINT('',(0.0990000000005731,0.799000000000005,0.0720000000029001));
#7781=CARTESIAN_POINT('',(0.093000000000572,0.799000000000005,0.0660000000028964));
#7782=CARTESIAN_POINT('Origin',(0.0990000000005757,0.798999999999998,0.0660000000028964));
#7783=CARTESIAN_POINT('',(0.0990000000005731,0.849000000000002,0.0720000000029001));
#7784=CARTESIAN_POINT('',(0.0990000000005731,0.849000000000002,0.0720000000029001));
#7785=CARTESIAN_POINT('',(0.093000000000572,0.849000000000002,0.0660000000028964));
#7786=CARTESIAN_POINT('Origin',(0.0990000000005757,0.849000000000002,0.0660000000028964));
#7787=CARTESIAN_POINT('',(0.093000000000572,0.849000000000002,0.0660000000028964));
#7788=CARTESIAN_POINT('Origin',(0.0930000000005702,0.849000000000002,0.0450000000028991));
#7789=CARTESIAN_POINT('',(0.0930000000005702,0.799000000000005,0.0450000000028991));
#7790=CARTESIAN_POINT('',(0.0930000000005702,0.798999999999998,0.0600000000014484));
#7791=CARTESIAN_POINT('',(0.0930000000005702,0.849000000000002,0.0450000000028991));
#7792=CARTESIAN_POINT('',(0.0930000000005702,0.849000000000002,0.0600000000014537));
#7793=CARTESIAN_POINT('',(0.0930000000005702,0.849000000000002,0.0450000000028991));
#7794=CARTESIAN_POINT('Origin',(0.090000000000571,0.849000000000002,0.0450000000028991));
#7795=CARTESIAN_POINT('',(0.0870000000005717,0.799000000000005,0.0450000000028991));
#7796=CARTESIAN_POINT('Origin',(0.090000000000571,0.798999999999998,0.0450000000028991));
#7797=CARTESIAN_POINT('',(0.0870000000005717,0.849000000000002,0.0450000000028991));
#7798=CARTESIAN_POINT('Origin',(0.090000000000571,0.849000000000002,0.0450000000028991));
#7799=CARTESIAN_POINT('',(0.0870000000005717,0.849000000000002,0.0450000000028991));
#7800=CARTESIAN_POINT('Origin',(0.0870000000005717,0.849000000000002,0.0660000000028964));
#7801=CARTESIAN_POINT('',(0.0870000000005717,0.799000000000005,0.0660000000028964));
#7802=CARTESIAN_POINT('',(0.0870000000005717,0.798999999999998,0.070500000001447));
#7803=CARTESIAN_POINT('',(0.0870000000005717,0.849000000000002,0.0660000000028964));
#7804=CARTESIAN_POINT('',(0.0870000000005717,0.849000000000002,0.0705000000014541));
#7805=CARTESIAN_POINT('',(0.0870000000005717,0.849000000000002,0.0660000000028964));
#7806=CARTESIAN_POINT('Origin',(0.0810000000005768,0.849000000000002,0.0660000000029035));
#7807=CARTESIAN_POINT('',(0.0810000000005697,0.799000000000005,0.0720000000029001));
#7808=CARTESIAN_POINT('Origin',(0.0810000000005768,0.798999999999998,0.0660000000029035));
#7809=CARTESIAN_POINT('',(0.0810000000005697,0.849000000000002,0.0720000000029001));
#7810=CARTESIAN_POINT('Origin',(0.0810000000005768,0.849000000000002,0.0660000000029035));
#7811=CARTESIAN_POINT('',(0.0810000000005697,0.849000000000002,0.0720000000029001));
#7812=CARTESIAN_POINT('Origin',(0.0600000000005707,0.849000000000002,0.0720000000029001));
#7813=CARTESIAN_POINT('',(0.0600000000005707,0.799000000000005,0.0720000000029001));
#7814=CARTESIAN_POINT('',(0.0750000000002835,0.798999999999998,0.0720000000028992));
#7815=CARTESIAN_POINT('',(0.0600000000005707,0.849000000000002,0.0720000000029001));
#7816=CARTESIAN_POINT('',(0.0750000000002835,0.849000000000002,0.0720000000029001));
#7817=CARTESIAN_POINT('',(0.0600000000005707,0.849000000000002,0.0720000000029001));
#7818=CARTESIAN_POINT('Origin',(0.060000000000568,0.849000000000002,0.0750000000028967));
#7819=CARTESIAN_POINT('',(0.0600000000005707,0.799000000000005,0.0780000000028968));
#7820=CARTESIAN_POINT('Origin',(0.060000000000568,0.798999999999998,0.0750000000028967));
#7821=CARTESIAN_POINT('',(0.0600000000005716,0.849000000000002,0.0780000000028968));
#7822=CARTESIAN_POINT('Origin',(0.060000000000568,0.849000000000002,0.0750000000028967));
#7823=CARTESIAN_POINT('',(0.0600000000005716,0.849000000000002,0.0780000000028968));
#7824=CARTESIAN_POINT('Origin',(0.0810000000005688,0.849000000000002,0.0780000000028933));
#7825=CARTESIAN_POINT('',(0.081000000000568,0.799000000000005,0.0780000000028933));
#7826=CARTESIAN_POINT('',(0.085500000000283,0.798999999999998,0.0780000000028924));
#7827=CARTESIAN_POINT('',(0.0810000000005688,0.849000000000002,0.0780000000028933));
#7828=CARTESIAN_POINT('',(0.0855000000002821,0.849000000000002,0.0780000000028933));
#7829=CARTESIAN_POINT('',(0.0810000000005688,0.849000000000002,0.0780000000028933));
#7830=CARTESIAN_POINT('Origin',(0.0810000000005653,0.849000000000002,0.084000000002897));
#7831=CARTESIAN_POINT('',(0.0870000000005691,0.799000000000005,0.084000000002897));
#7832=CARTESIAN_POINT('Origin',(0.0810000000005653,0.798999999999998,0.084000000002897));
#7833=CARTESIAN_POINT('',(0.0870000000005691,0.849000000000002,0.084000000002897));
#7834=CARTESIAN_POINT('Origin',(0.0810000000005653,0.849000000000002,0.084000000002897));
#7835=CARTESIAN_POINT('',(0.0870000000005691,0.849000000000002,0.084000000002897));
#7836=CARTESIAN_POINT('Origin',(0.0870000000005717,0.849000000000002,0.105000000002898));
#7837=CARTESIAN_POINT('',(0.0870000000005717,0.799000000000005,0.105000000002898));
#7838=CARTESIAN_POINT('',(0.0870000000005717,0.798999999999998,0.0900000000014478));
#7839=CARTESIAN_POINT('',(0.0870000000005717,0.849000000000002,0.105000000002898));
#7840=CARTESIAN_POINT('',(0.0870000000005717,0.849000000000002,0.0900000000014549));
#7841=CARTESIAN_POINT('',(0.0870000000005717,0.849000000000002,0.105000000002898));
#7842=CARTESIAN_POINT('Origin',(0.090000000000571,0.849000000000002,0.105000000002898));
#7843=CARTESIAN_POINT('',(0.0930000000005702,0.799000000000005,0.105000000002898));
#7844=CARTESIAN_POINT('Origin',(0.090000000000571,0.798999999999998,0.105000000002898));
#7845=CARTESIAN_POINT('',(0.0930000000005711,0.849000000000002,0.105000000002898));
#7846=CARTESIAN_POINT('Origin',(0.090000000000571,0.849000000000002,0.105000000002898));
#7847=CARTESIAN_POINT('',(0.0930000000005711,0.849000000000002,0.105000000002898));
#7848=CARTESIAN_POINT('Origin',(0.0930000000005702,0.849000000000002,0.084000000002897));
#7849=CARTESIAN_POINT('',(0.0930000000005702,0.799000000000005,0.084000000002897));
#7850=CARTESIAN_POINT('',(0.0930000000005702,0.798999999999998,0.0795000000014474));
#7851=CARTESIAN_POINT('',(0.0930000000005702,0.849000000000002,0.084000000002897));
#7852=CARTESIAN_POINT('',(0.0930000000005702,0.849000000000002,0.0795000000014545));
#7853=CARTESIAN_POINT('',(0.0930000000005702,0.849000000000002,0.084000000002897));
#7854=CARTESIAN_POINT('Origin',(0.0990000000005669,0.849000000000002,0.0840000000028899));
#7855=CARTESIAN_POINT('',(0.099000000000574,0.799000000000005,0.0780000000028933));
#7856=CARTESIAN_POINT('Origin',(0.0990000000005669,0.798999999999998,0.0840000000028899));
#7857=CARTESIAN_POINT('',(0.099000000000574,0.849000000000002,0.0780000000028933));
#7858=CARTESIAN_POINT('Origin',(0.0990000000005669,0.849000000000002,0.0840000000028899));
#7859=CARTESIAN_POINT('',(0.099000000000574,0.849000000000002,0.0780000000028933));
#7860=CARTESIAN_POINT('Origin',(0.120000000000571,0.849000000000002,0.0780000000028968));
#7861=CARTESIAN_POINT('',(0.120000000000571,0.799000000000005,0.0780000000028968));
#7862=CARTESIAN_POINT('',(0.105000000000284,0.798999999999998,0.0780000000028941));
#7863=CARTESIAN_POINT('',(0.120000000000571,0.849000000000002,0.0780000000028968));
#7864=CARTESIAN_POINT('',(0.105000000000283,0.849000000000002,0.0780000000028968));
#7865=CARTESIAN_POINT('',(0.120000000000571,0.849000000000002,0.0780000000028968));
#7866=CARTESIAN_POINT('Origin',(0.12000000000057,0.849000000000002,0.0750000000028967));
#7867=CARTESIAN_POINT('',(0.120000000000569,0.799000000000005,0.0720000000028966));
#7868=CARTESIAN_POINT('Origin',(0.12000000000057,0.798999999999998,0.0750000000028967));
#7869=CARTESIAN_POINT('',(0.120000000000569,0.849000000000002,0.0720000000028966));
#7870=CARTESIAN_POINT('Origin',(0.12000000000057,0.849000000000002,0.0750000000028967));
#7871=CARTESIAN_POINT('',(0.120000000000569,0.849000000000002,0.0720000000028966));
#7872=CARTESIAN_POINT('Origin',(0.0990000000005731,0.849000000000002,0.0720000000029001));
#7873=CARTESIAN_POINT('',(0.0945000000002851,0.798999999999998,0.0720000000028992));
#7874=CARTESIAN_POINT('',(0.0945000000002842,0.849000000000002,0.0720000000029001));
#7875=CARTESIAN_POINT('Origin',(0.0899999999999954,0.829000000000006,0.0750000000000083));
#7876=CARTESIAN_POINT('',(0.0899999999999954,0.849000000000002,0.122500000000008));
#7877=CARTESIAN_POINT('',(0.0424999999999951,0.849000000000002,0.0750000000000084));
#7878=CARTESIAN_POINT('Origin',(0.0899999999999954,0.849000000000002,0.0750000000000083));
#7879=CARTESIAN_POINT('',(0.0224999999999955,0.829000000000006,0.0750000000000084));
#7880=CARTESIAN_POINT('Origin',(0.0424999999999951,0.829000000000006,0.0750000000000084));
#7881=CARTESIAN_POINT('',(0.0899999999999954,0.829000000000003,0.142500000000007));
#7882=CARTESIAN_POINT('Origin',(0.0899999999999954,0.829000000000006,0.0750000000000083));
#7883=CARTESIAN_POINT('Origin',(0.0899999999999954,0.829000000000006,0.0750000000000083));
#7884=CARTESIAN_POINT('Origin',(0.0899999999999954,0.849000000000002,0.0750000000000083));
#7885=CARTESIAN_POINT('Origin',(0.0899999999999954,0.849000000000002,0.0750000000000083));
#7886=CARTESIAN_POINT('Origin',(0.0899999999999954,0.779999999999996,0.0749999999999986));
#7887=CARTESIAN_POINT('',(0.0899999999999954,0.779999999999996,0.142499999999998));
#7888=CARTESIAN_POINT('',(0.0899999999999954,0.779999999999996,0.142499999999999));
#7889=CARTESIAN_POINT('Origin',(0.0899999999999954,0.780000000000001,0.0749999999999986));
#7890=CARTESIAN_POINT('Origin',(0.0899999999999963,0.798999999999998,0.0749999999999986));
#7891=CARTESIAN_POINT('Origin',(0.825590255480574,0.585,0.223));
#7892=CARTESIAN_POINT('',(0.831180510961147,0.6605,0.223));
#7893=CARTESIAN_POINT('',(0.831180510961147,0.5095,0.223));
#7894=CARTESIAN_POINT('Origin',(0.831180510961147,0.585,0.223));
#7895=CARTESIAN_POINT('Origin',(0.831180510961147,0.585,0.223));
#7896=CARTESIAN_POINT('',(0.82,0.5095,0.223));
#7897=CARTESIAN_POINT('',(0.825590255480574,0.5095,0.223));
#7898=CARTESIAN_POINT('',(0.82,0.6605,0.223));
#7899=CARTESIAN_POINT('Origin',(0.82,0.585,0.223));
#7900=CARTESIAN_POINT('Origin',(0.82,0.585,0.223));
#7901=CARTESIAN_POINT('Origin',(0.831180510961147,0.61,0.223));
#7902=CARTESIAN_POINT('',(0.831180510961147,0.61,0.223));
#7903=CARTESIAN_POINT('',(0.831180510961147,0.56,0.223));
#7904=CARTESIAN_POINT('Origin',(0.831180510961147,0.585,0.223));
#7905=CARTESIAN_POINT('Origin',(0.831180510961147,0.585,0.223));
#7906=CARTESIAN_POINT('Origin',(0.845590255480573,0.585,0.223));
#7907=CARTESIAN_POINT('',(0.859999999999999,0.61,0.223));
#7908=CARTESIAN_POINT('',(0.859999999999999,0.56,0.223));
#7909=CARTESIAN_POINT('Origin',(0.859999999999999,0.585,0.223));
#7910=CARTESIAN_POINT('Origin',(0.859999999999999,0.585,0.223));
#7911=CARTESIAN_POINT('',(0.845590255480573,0.56,0.223));
#7912=CARTESIAN_POINT('Origin',(0.859999999999999,0.622500000000001,0.223));
#7913=CARTESIAN_POINT('',(0.859999999999999,0.622500000000001,0.223));
#7914=CARTESIAN_POINT('',(0.859999999999999,0.547499999999999,0.223));
#7915=CARTESIAN_POINT('Origin',(0.859999999999999,0.585,0.223));
#7916=CARTESIAN_POINT('Origin',(0.859999999999999,0.585,0.223));
#7917=CARTESIAN_POINT('Origin',(0.8725,0.585,0.223));
#7918=CARTESIAN_POINT('',(0.885,0.622500000000001,0.223));
#7919=CARTESIAN_POINT('',(0.885,0.547499999999999,0.223));
#7920=CARTESIAN_POINT('Origin',(0.885,0.585,0.223));
#7921=CARTESIAN_POINT('Origin',(0.885,0.585,0.223));
#7922=CARTESIAN_POINT('',(0.8725,0.547499999999999,0.223));
#7923=CARTESIAN_POINT('Origin',(0.885,0.61,0.223));
#7924=CARTESIAN_POINT('',(0.885,0.61,0.223));
#7925=CARTESIAN_POINT('',(0.885,0.56,0.223));
#7926=CARTESIAN_POINT('Origin',(0.885,0.585,0.223));
#7927=CARTESIAN_POINT('Origin',(0.885,0.585,0.223));
#7928=CARTESIAN_POINT('Origin',(0.91,0.585,0.223));
#7929=CARTESIAN_POINT('',(0.935,0.61,0.223));
#7930=CARTESIAN_POINT('',(0.935,0.56,0.223));
#7931=CARTESIAN_POINT('Origin',(0.935,0.585,0.223));
#7932=CARTESIAN_POINT('Origin',(0.935,0.585,0.223));
#7933=CARTESIAN_POINT('',(0.91,0.56,0.223));
#7934=CARTESIAN_POINT('Origin',(0.935,0.622500000000001,0.223));
#7935=CARTESIAN_POINT('',(0.935,0.622500000000001,0.223));
#7936=CARTESIAN_POINT('',(0.935,0.547499999999999,0.223));
#7937=CARTESIAN_POINT('Origin',(0.935,0.585,0.223));
#7938=CARTESIAN_POINT('Origin',(0.935,0.585,0.223));
#7939=CARTESIAN_POINT('Origin',(0.947500000000002,0.585,0.223));
#7940=CARTESIAN_POINT('',(0.960000000000001,0.622500000000001,0.223));
#7941=CARTESIAN_POINT('',(0.960000000000001,0.547499999999999,0.223));
#7942=CARTESIAN_POINT('Origin',(0.960000000000001,0.585,0.223));
#7943=CARTESIAN_POINT('Origin',(0.960000000000001,0.585,0.223));
#7944=CARTESIAN_POINT('',(0.947500000000002,0.547499999999999,0.223));
#7945=CARTESIAN_POINT('Origin',(0.960000000000001,0.585000000000001,0.223));
#7946=CARTESIAN_POINT('Origin',(0.838180510961146,0.429000000000001,0.326999999999999));
#7947=CARTESIAN_POINT('',(0.838180510961145,0.411500000000001,0.326999999999999));
#7948=CARTESIAN_POINT('',(0.838180510961145,0.486500000000002,0.326999999999999));
#7949=CARTESIAN_POINT('Origin',(0.838180510961145,0.449000000000001,0.326999999999999));
#7950=CARTESIAN_POINT('Origin',(0.838180510961145,0.449000000000001,0.326999999999999));
#7951=CARTESIAN_POINT('',(0.838180510961146,0.429000000000001,0.326999999999999));
#7952=CARTESIAN_POINT('',(0.838180510961146,0.469000000000002,0.326999999999999));
#7953=CARTESIAN_POINT('Origin',(0.838180510961146,0.449000000000001,0.326999999999999));
#7954=CARTESIAN_POINT('Origin',(0.838180510961146,0.449000000000001,0.326999999999999));
#7955=CARTESIAN_POINT('Origin',(0.886590255480572,0.449000000000001,0.326999999999999));
#7956=CARTESIAN_POINT('',(0.934999999999998,0.429000000000001,0.326999999999999));
#7957=CARTESIAN_POINT('',(0.934999999999998,0.469000000000002,0.326999999999999));
#7958=CARTESIAN_POINT('Origin',(0.934999999999998,0.449000000000001,0.326999999999999));
#7959=CARTESIAN_POINT('Origin',(0.934999999999998,0.449000000000001,0.326999999999999));
#7960=CARTESIAN_POINT('',(0.886590255480572,0.469000000000002,0.326999999999999));
#7961=CARTESIAN_POINT('Origin',(0.934999999999998,0.411500000000001,0.326999999999999));
#7962=CARTESIAN_POINT('',(0.934999999999998,0.411500000000001,0.326999999999999));
#7963=CARTESIAN_POINT('',(0.934999999999998,0.486500000000002,0.326999999999999));
#7964=CARTESIAN_POINT('Origin',(0.934999999999998,0.449000000000001,0.326999999999999));
#7965=CARTESIAN_POINT('Origin',(0.934999999999998,0.449000000000001,0.326999999999999));
#7966=CARTESIAN_POINT('Origin',(0.947499999999998,0.449000000000001,0.326999999999999));
#7967=CARTESIAN_POINT('',(0.959999999999998,0.411500000000001,0.326999999999999));
#7968=CARTESIAN_POINT('',(0.959999999999998,0.486500000000002,0.326999999999999));
#7969=CARTESIAN_POINT('Origin',(0.959999999999998,0.449000000000001,0.326999999999999));
#7970=CARTESIAN_POINT('Origin',(0.959999999999998,0.449000000000001,0.326999999999999));
#7971=CARTESIAN_POINT('',(0.947499999999998,0.486500000000002,0.326999999999999));
#7972=CARTESIAN_POINT('Origin',(0.959999999999998,0.449000000000001,0.326999999999999));
#7973=CARTESIAN_POINT('Origin',(0.829090255480573,0.449000000000001,0.326999999999999));
#7974=CARTESIAN_POINT('',(0.82,0.486500000000002,0.326999999999999));
#7975=CARTESIAN_POINT('',(0.829090255480573,0.486500000000002,0.326999999999999));
#7976=CARTESIAN_POINT('',(0.819999999999999,0.411500000000001,0.326999999999999));
#7977=CARTESIAN_POINT('Origin',(0.82,0.449000000000001,0.326999999999999));
#7978=CARTESIAN_POINT('Origin',(0.82,0.449000000000001,0.326999999999999));
#7979=CARTESIAN_POINT('Origin',(1.002,0.170000000000002,0.208));
#7980=CARTESIAN_POINT('',(1.002,0.151500000000001,0.208));
#7981=CARTESIAN_POINT('',(1.002,0.188500000000002,0.207999999999999));
#7982=CARTESIAN_POINT('Origin',(1.002,0.170000000000002,0.208));
#7983=CARTESIAN_POINT('Origin',(1.002,0.170000000000002,0.208));
#7984=CARTESIAN_POINT('',(0.886999999999998,0.188500000000002,0.207999999999999));
#7985=CARTESIAN_POINT('',(1.002,0.188500000000002,0.207999999999999));
#7986=CARTESIAN_POINT('',(0.886999999999998,0.151500000000001,0.208));
#7987=CARTESIAN_POINT('Origin',(0.886999999999998,0.170000000000001,0.207999999999999));
#7988=CARTESIAN_POINT('Origin',(0.886999999999998,0.170000000000001,0.207999999999999));
#7989=CARTESIAN_POINT('Origin',(0.886999999999998,0.170000000000002,0.207999999999999));
#7990=CARTESIAN_POINT('Origin',(0.999999999999998,0.170000000000001,0.208));
#7991=CARTESIAN_POINT('',(1.002,0.170000000000001,0.183));
#7992=CARTESIAN_POINT('Origin',(1.002,0.170000000000002,0.208));
#7993=CARTESIAN_POINT('',(0.999999999999998,0.170000000000001,0.183));
#7994=CARTESIAN_POINT('',(0.999999999999998,0.170000000000001,0.183));
#7995=CARTESIAN_POINT('Origin',(0.999999999999998,0.170000000000001,0.208));
#7996=CARTESIAN_POINT('Origin',(1.002,0.170000000000001,0.208));
#7997=CARTESIAN_POINT('Origin',(1.001,0.170000000000001,0.208));
#7998=CARTESIAN_POINT('',(1.001,0.0895000000000013,0.208));
#7999=CARTESIAN_POINT('',(1.001,0.250500000000001,0.207999999999999));
#8000=CARTESIAN_POINT('Origin',(1.001,0.170000000000001,0.208));
#8001=CARTESIAN_POINT('Origin',(1.001,0.170000000000001,0.208));
#8002=CARTESIAN_POINT('',(0.999999999999998,0.250500000000001,0.207999999999999));
#8003=CARTESIAN_POINT('',(1.001,0.250500000000001,0.207999999999999));
#8004=CARTESIAN_POINT('',(0.999999999999998,0.0895000000000013,0.208));
#8005=CARTESIAN_POINT('Origin',(0.999999999999998,0.170000000000001,0.208));
#8006=CARTESIAN_POINT('Origin',(0.999999999999998,0.170000000000001,0.208));
#8007=CARTESIAN_POINT('Origin',(0.999999999999998,0.170000000000001,0.208));
#8008=CARTESIAN_POINT('Origin',(1.079,0.170000000000002,0.208));
#8009=CARTESIAN_POINT('',(1.079,0.170000000000001,0.29885));
#8010=CARTESIAN_POINT('',(1.079,0.170000000000002,0.11715));
#8011=CARTESIAN_POINT('Origin',(1.079,0.170000000000002,0.208));
#8012=CARTESIAN_POINT('Origin',(1.079,0.170000000000002,0.208));
#8013=CARTESIAN_POINT('',(1.001,0.170000000000002,0.11715));
#8014=CARTESIAN_POINT('',(1.079,0.170000000000002,0.11715));
#8015=CARTESIAN_POINT('',(1.001,0.170000000000001,0.29885));
#8016=CARTESIAN_POINT('Origin',(1.001,0.170000000000001,0.208));
#8017=CARTESIAN_POINT('Origin',(1.001,0.170000000000001,0.208));
#8018=CARTESIAN_POINT('Origin',(1.001,0.170000000000001,0.208));
#8019=CARTESIAN_POINT('Origin',(1.079,0.170000000000001,0.208));
#8020=CARTESIAN_POINT('',(1.079,0.0700000000000013,0.208));
#8021=CARTESIAN_POINT('',(1.079,0.270000000000001,0.208));
#8022=CARTESIAN_POINT('Origin',(1.079,0.170000000000001,0.208));
#8023=CARTESIAN_POINT('Origin',(1.079,0.170000000000001,0.208));
#8024=CARTESIAN_POINT('Origin',(1.074,0.170000000000001,0.208));
#8025=CARTESIAN_POINT('',(1.074,0.275000000000001,0.208));
#8026=CARTESIAN_POINT('Origin',(1.074,0.270000000000001,0.208));
#8027=CARTESIAN_POINT('',(1.074,0.0650000000000013,0.208));
#8028=CARTESIAN_POINT('Origin',(1.074,0.170000000000001,0.208));
#8029=CARTESIAN_POINT('Origin',(1.074,0.170000000000001,0.208));
#8030=CARTESIAN_POINT('Origin',(0.899999999999999,0.170000000000001,0.208));
#8031=CARTESIAN_POINT('',(0.859221259353196,0.118775887631661,0.288006814160267));
#8032=CARTESIAN_POINT('',(0.86078439538963,0.129444805584203,0.293908533952668));
#8033=CARTESIAN_POINT('Ctrl Pts',(0.859221259353196,0.118775887631661,0.288006814160267));
#8034=CARTESIAN_POINT('Ctrl Pts',(0.860722494241014,0.118653580509246,0.287928507407927));
#8035=CARTESIAN_POINT('Ctrl Pts',(0.862241987415604,0.118885021465127,0.288080679016395));
#8036=CARTESIAN_POINT('Ctrl Pts',(0.86356885016894,0.11947088280187,0.288447798373723));
#8037=CARTESIAN_POINT('Ctrl Pts',(0.863769054673988,0.119559280851068,0.288503191404421));
#8038=CARTESIAN_POINT('Ctrl Pts',(0.863964840454377,0.119655825409947,0.288563525888233));
#8039=CARTESIAN_POINT('Ctrl Pts',(0.864155426255682,0.119760601488557,0.28862879799919));
#8040=CARTESIAN_POINT('Ctrl Pts',(0.864168855705059,0.119767984436468,0.288633397337146));
#8041=CARTESIAN_POINT('Ctrl Pts',(0.864182259129017,0.119775408163218,0.28863802113334));
#8042=CARTESIAN_POINT('Ctrl Pts',(0.864195636228532,0.119782872686496,0.288642669378742));
#8043=CARTESIAN_POINT('Ctrl Pts',(0.86554674383036,0.120536801005072,0.289112149305236));
#8044=CARTESIAN_POINT('Ctrl Pts',(0.866565972698922,0.121715919868201,0.289829108656542));
#8045=CARTESIAN_POINT('Ctrl Pts',(0.866889573032717,0.123074408456423,0.290601335213111));
#8046=CARTESIAN_POINT('Ctrl Pts',(0.866909583595714,0.123158413689535,0.290649087599448));
#8047=CARTESIAN_POINT('Ctrl Pts',(0.866926922650617,0.123243095355177,0.290697044156544));
#8048=CARTESIAN_POINT('Ctrl Pts',(0.866941499649965,0.123328391585726,0.290745156602858));
#8049=CARTESIAN_POINT('Ctrl Pts',(0.866942322015852,0.123333203598724,0.290747870881268));
#8050=CARTESIAN_POINT('Ctrl Pts',(0.866943135567685,0.123338017414941,0.290750585569643));
#8051=CARTESIAN_POINT('Ctrl Pts',(0.866943940290742,0.123342833022297,0.290753300658874));
#8052=CARTESIAN_POINT('Ctrl Pts',(0.867164730911902,0.124664083769363,0.291498235494624));
#8053=CARTESIAN_POINT('Ctrl Pts',(0.866681812196783,0.126060810780059,0.292235277549996));
#8054=CARTESIAN_POINT('Ctrl Pts',(0.865718869402894,0.127140702912726,0.292782344002996));
#8055=CARTESIAN_POINT('Ctrl Pts',(0.865615894605839,0.127256183992089,0.292840845979781));
#8056=CARTESIAN_POINT('Ctrl Pts',(0.865507458945311,0.127368078714526,0.292897195695457));
#8057=CARTESIAN_POINT('Ctrl Pts',(0.865393852749359,0.127475940591384,0.292951188170044));
#8058=CARTESIAN_POINT('Ctrl Pts',(0.865384151391365,0.127485151415428,0.292955798836923));
#8059=CARTESIAN_POINT('Ctrl Pts',(0.865374417835765,0.127494331718649,0.29296039264155));
#8060=CARTESIAN_POINT('Ctrl Pts',(0.865364652348688,0.127503481466574,0.292964969591056));
#8061=CARTESIAN_POINT('Ctrl Pts',(0.864342592629941,0.128461097683493,0.293443994926725));
#8062=CARTESIAN_POINT('Ctrl Pts',(0.862978338393198,0.129082916538802,0.293738142180222));
#8063=CARTESIAN_POINT('Ctrl Pts',(0.861533938673962,0.129343181249952,0.29386069952361));
#8064=CARTESIAN_POINT('Ctrl Pts',(0.861286140062123,0.129387831794587,0.293881725240493));
#8065=CARTESIAN_POINT('Ctrl Pts',(0.86103588281424,0.129421777848198,0.293897663154766));
#8066=CARTESIAN_POINT('Ctrl Pts',(0.86078439538963,0.129444805584203,0.293908533952668));
#8067=CARTESIAN_POINT('Ctrl Pts',(0.86078439538963,0.129444805584203,0.293908533952668));
#8068=CARTESIAN_POINT('Ctrl Pts',(0.859066266765933,0.129602128362609,0.293982801962733));
#8069=CARTESIAN_POINT('Ctrl Pts',(0.857296086385968,0.129238665783742,0.293815947711308));
#8070=CARTESIAN_POINT('Ctrl Pts',(0.854413367223476,0.127568042091029,0.29300230700805));
#8071=CARTESIAN_POINT('Ctrl Pts',(0.853316620779364,0.12622496835776,0.2923309199491));
#8072=CARTESIAN_POINT('Ctrl Pts',(0.852801916439057,0.123201469827215,0.290691323779509));
#8073=CARTESIAN_POINT('Ctrl Pts',(0.853449536449121,0.121669917826815,0.289797008195286));
#8074=CARTESIAN_POINT('Ctrl Pts',(0.855827539146178,0.119544733875825,0.288503500004069));
#8075=CARTESIAN_POINT('Ctrl Pts',(0.85749276554681,0.11891670976768,0.288096975092122));
#8076=CARTESIAN_POINT('Ctrl Pts',(0.859221259353196,0.118775887631661,0.288006814160267));
#8077=CARTESIAN_POINT('Origin',(0.899999999999999,0.170000000000001,0.208));
#8078=CARTESIAN_POINT('',(0.859221259353392,0.22122411236836,0.127993185839743));
#8079=CARTESIAN_POINT('',(0.860784395389476,0.210555194415783,0.122091466047323));
#8080=CARTESIAN_POINT('Ctrl Pts',(0.859221259353392,0.22122411236836,0.127993185839743));
#8081=CARTESIAN_POINT('Ctrl Pts',(0.86072249424149,0.221346419490758,0.128071492592073));
#8082=CARTESIAN_POINT('Ctrl Pts',(0.862241987416346,0.221114978534826,0.127919320983569));
#8083=CARTESIAN_POINT('Ctrl Pts',(0.863568850169815,0.220529117197809,0.127552201626073));
#8084=CARTESIAN_POINT('Ctrl Pts',(0.863769054674606,0.220440719148692,0.127496808595427));
#8085=CARTESIAN_POINT('Ctrl Pts',(0.863964840454748,0.220344174589911,0.127436474111676));
#8086=CARTESIAN_POINT('Ctrl Pts',(0.864155426255816,0.220239398511417,0.127371202000791));
#8087=CARTESIAN_POINT('Ctrl Pts',(0.864168855705194,0.220232015563505,0.127366602662834));
#8088=CARTESIAN_POINT('Ctrl Pts',(0.864182259129151,0.220224591836755,0.12736197886664));
#8089=CARTESIAN_POINT('Ctrl Pts',(0.864195636228666,0.220217127313476,0.127357330621238));
#8090=CARTESIAN_POINT('Ctrl Pts',(0.865546743830657,0.219463198994707,0.126887850694623));
#8091=CARTESIAN_POINT('Ctrl Pts',(0.866565972699204,0.218284080131264,0.126170891343134));
#8092=CARTESIAN_POINT('Ctrl Pts',(0.866889573032845,0.216925591542784,0.125398664786436));
#8093=CARTESIAN_POINT('Ctrl Pts',(0.866909583595779,0.216841586309882,0.125350912400219));
#8094=CARTESIAN_POINT('Ctrl Pts',(0.866926922650631,0.216756904644455,0.125302955843245));
#8095=CARTESIAN_POINT('Ctrl Pts',(0.866941499649944,0.216671608414123,0.125254843397054));
#8096=CARTESIAN_POINT('Ctrl Pts',(0.866942322015832,0.216666796401126,0.125252129118645));
#8097=CARTESIAN_POINT('Ctrl Pts',(0.866943135567665,0.216661982584911,0.125249414430271));
#8098=CARTESIAN_POINT('Ctrl Pts',(0.866943940290721,0.216657166977556,0.125246699341041));
#8099=CARTESIAN_POINT('Ctrl Pts',(0.867164730911891,0.215335916230662,0.12450176450539));
#8100=CARTESIAN_POINT('Ctrl Pts',(0.866681812196866,0.213939189220126,0.1237647224501));
#8101=CARTESIAN_POINT('Ctrl Pts',(0.865718869403149,0.212859297087535,0.123217655997134));
#8102=CARTESIAN_POINT('Ctrl Pts',(0.865615894605989,0.212743816008043,0.123159154020283));
#8103=CARTESIAN_POINT('Ctrl Pts',(0.865507458945345,0.212631921285484,0.123102804304545));
#8104=CARTESIAN_POINT('Ctrl Pts',(0.865393852749264,0.212524059408512,0.123048811829902));
#8105=CARTESIAN_POINT('Ctrl Pts',(0.86538415139127,0.212514848584468,0.123044201163023));
#8106=CARTESIAN_POINT('Ctrl Pts',(0.865374417835669,0.212505668281247,0.123039607358396));
#8107=CARTESIAN_POINT('Ctrl Pts',(0.865364652348591,0.212496518533322,0.12303503040889));
#8108=CARTESIAN_POINT('Ctrl Pts',(0.86434259262992,0.211538902316549,0.122556005073296));
#8109=CARTESIAN_POINT('Ctrl Pts',(0.862978338393378,0.210917083461289,0.122261857819819));
#8110=CARTESIAN_POINT('Ctrl Pts',(0.86153393867433,0.210656818750111,0.122139300476418));
#8111=CARTESIAN_POINT('Ctrl Pts',(0.861286140062321,0.210612168205436,0.122118274759516));
#8112=CARTESIAN_POINT('Ctrl Pts',(0.861035882814263,0.210578222151798,0.12210233684523));
#8113=CARTESIAN_POINT('Ctrl Pts',(0.860784395389476,0.210555194415783,0.122091466047323));
#8114=CARTESIAN_POINT('Ctrl Pts',(0.860784395389476,0.210555194415783,0.122091466047323));
#8115=CARTESIAN_POINT('Ctrl Pts',(0.859066266765772,0.210397871637415,0.122017198037276));
#8116=CARTESIAN_POINT('Ctrl Pts',(0.857296086385801,0.210761334216268,0.122184052288694));
#8117=CARTESIAN_POINT('Ctrl Pts',(0.854413367223368,0.212431957909045,0.122997692991985));
#8118=CARTESIAN_POINT('Ctrl Pts',(0.853316620779563,0.21377503164247,0.123669080051017));
#8119=CARTESIAN_POINT('Ctrl Pts',(0.852801916438986,0.216798530173014,0.125308676220618));
#8120=CARTESIAN_POINT('Ctrl Pts',(0.853449536449186,0.218330082173369,0.126202991804821));
#8121=CARTESIAN_POINT('Ctrl Pts',(0.855827539146349,0.220455266124245,0.127496499995973));
#8122=CARTESIAN_POINT('Ctrl Pts',(0.857492765546996,0.221083290232385,0.127903024907917));
#8123=CARTESIAN_POINT('Ctrl Pts',(0.859221259353392,0.22122411236836,0.127993185839743));
#8124=CARTESIAN_POINT('Origin',(0.899999999999999,0.170000000000001,0.208));
#8125=CARTESIAN_POINT('',(0.859221259353341,0.0899931858397454,0.156775887631641));
#8126=CARTESIAN_POINT('',(0.860784395389505,0.0840914660473245,0.167444805584219));
#8127=CARTESIAN_POINT('Ctrl Pts',(0.859221259353341,0.0899931858397453,
0.156775887631641));
#8128=CARTESIAN_POINT('Ctrl Pts',(0.860722494240779,0.0900714925920373,
0.156653580509302));
#8129=CARTESIAN_POINT('Ctrl Pts',(0.862241987414941,0.0899193209836681,
0.156885021465031));
#8130=CARTESIAN_POINT('Ctrl Pts',(0.863568850167999,0.0895522016265422,
0.157470882801446));
#8131=CARTESIAN_POINT('Ctrl Pts',(0.863769054673405,0.0894968085957643,
0.157559280850772));
#8132=CARTESIAN_POINT('Ctrl Pts',(0.863964840454138,0.089436474111854,0.157655825409807));
#8133=CARTESIAN_POINT('Ctrl Pts',(0.864155426255768,0.0893712020007822,
0.157760601488601));
#8134=CARTESIAN_POINT('Ctrl Pts',(0.864168855705145,0.0893666026628259,
0.157767984436512));
#8135=CARTESIAN_POINT('Ctrl Pts',(0.864182259129102,0.0893619788666323,
0.157775408163262));
#8136=CARTESIAN_POINT('Ctrl Pts',(0.864195636228616,0.0893573306212309,
0.15778287268654));
#8137=CARTESIAN_POINT('Ctrl Pts',(0.865546743830436,0.0888878506947124,
0.158536801005155));
#8138=CARTESIAN_POINT('Ctrl Pts',(0.866565972698835,0.0881708913433362,
0.159715919868407));
#8139=CARTESIAN_POINT('Ctrl Pts',(0.866889573032664,0.0873986647867605,
0.16107440845665));
#8140=CARTESIAN_POINT('Ctrl Pts',(0.866909583595656,0.0873509124004404,
0.161158413689732));
#8141=CARTESIAN_POINT('Ctrl Pts',(0.866926922650556,0.0873029558433623,
0.161243095355342));
#8142=CARTESIAN_POINT('Ctrl Pts',(0.866941499649904,0.0872548433970666,
0.161328391585859));
#8143=CARTESIAN_POINT('Ctrl Pts',(0.866942322015792,0.0872521291186574,
0.161333203598856));
#8144=CARTESIAN_POINT('Ctrl Pts',(0.866943135567625,0.0872494144302838,
0.161338017415071));
#8145=CARTESIAN_POINT('Ctrl Pts',(0.866943940290681,0.0872466993410539,
0.161342833022425));
#8146=CARTESIAN_POINT('Ctrl Pts',(0.867164730911904,0.0865017645054154,
0.162664083769297));
#8147=CARTESIAN_POINT('Ctrl Pts',(0.866681812196895,0.0857647224501299,
0.164060810779821));
#8148=CARTESIAN_POINT('Ctrl Pts',(0.865718869403192,0.0852176559971609,
0.165140702912417));
#8149=CARTESIAN_POINT('Ctrl Pts',(0.865615894606024,0.0851591540203041,
0.16525618399192));
#8150=CARTESIAN_POINT('Ctrl Pts',(0.865507458945372,0.085102804304561,0.165368078714489));
#8151=CARTESIAN_POINT('Ctrl Pts',(0.865393852749282,0.0850488118299126,
0.165475940591471));
#8152=CARTESIAN_POINT('Ctrl Pts',(0.865384151391288,0.0850442011630337,
0.165485151415515));
#8153=CARTESIAN_POINT('Ctrl Pts',(0.865374417835686,0.085039607358407,0.165494331718735));
#8154=CARTESIAN_POINT('Ctrl Pts',(0.865364652348608,0.0850350304089007,
0.165503481466661));
#8155=CARTESIAN_POINT('Ctrl Pts',(0.864342592629392,0.0845560050730462,
0.166461097683954));
#8156=CARTESIAN_POINT('Ctrl Pts',(0.862978338391959,0.0842618578195017,
0.167082916539387));
#8157=CARTESIAN_POINT('Ctrl Pts',(0.861533938672053,0.0841393004762216,
0.16734318125031));
#8158=CARTESIAN_POINT('Ctrl Pts',(0.861286140060797,0.0841182747594165,
0.16738783179478));
#8159=CARTESIAN_POINT('Ctrl Pts',(0.861035882813513,0.0841023368451967,
0.167421777848277));
#8160=CARTESIAN_POINT('Ctrl Pts',(0.860784395389505,0.0840914660473245,
0.167444805584219));
#8161=CARTESIAN_POINT('Ctrl Pts',(0.860784395389505,0.0840914660473245,
0.167444805584219));
#8162=CARTESIAN_POINT('Ctrl Pts',(0.859066266765796,0.0840171980372822,
0.167602128362577));
#8163=CARTESIAN_POINT('Ctrl Pts',(0.857296086385823,0.0841840522886937,
0.167238665783738));
#8164=CARTESIAN_POINT('Ctrl Pts',(0.85441336722338,0.0849976929919957,0.165568042090937));
#8165=CARTESIAN_POINT('Ctrl Pts',(0.853316620779395,0.0856690800509788,
0.164224968357607));
#8166=CARTESIAN_POINT('Ctrl Pts',(0.852801916439053,0.0873086762205969,
0.161201469827027));
#8167=CARTESIAN_POINT('Ctrl Pts',(0.853449536449056,0.0882029918048317,
0.159669917826619));
#8168=CARTESIAN_POINT('Ctrl Pts',(0.855827539146367,0.0894964999959391,
0.157544733875814));
#8169=CARTESIAN_POINT('Ctrl Pts',(0.857492765546941,0.0899030249079227,
0.15691670976761));
#8170=CARTESIAN_POINT('Ctrl Pts',(0.859221259353341,0.0899931858397454,
0.156775887631641));
#8171=CARTESIAN_POINT('Origin',(0.899999999999999,0.170000000000001,0.208));
#8172=CARTESIAN_POINT('',(0.859221259353287,0.250006814160262,0.259224112368352));
#8173=CARTESIAN_POINT('',(0.860784395389527,0.255908533952676,0.248555194415785));
#8174=CARTESIAN_POINT('Ctrl Pts',(0.859221259353287,0.250006814160262,0.259224112368352));
#8175=CARTESIAN_POINT('Ctrl Pts',(0.860722494241672,0.24992850740791,0.259346419490784));
#8176=CARTESIAN_POINT('Ctrl Pts',(0.862241987416827,0.250080679016545,0.259114978534648));
#8177=CARTESIAN_POINT('Ctrl Pts',(0.8635688501705,0.250447798374175,0.258529117197413));
#8178=CARTESIAN_POINT('Ctrl Pts',(0.863769054675032,0.250503191404761,0.258440719148391));
#8179=CARTESIAN_POINT('Ctrl Pts',(0.863964840454925,0.250563525888438,0.258344174589728));
#8180=CARTESIAN_POINT('Ctrl Pts',(0.864155426255759,0.250628797999234,0.258239398511377));
#8181=CARTESIAN_POINT('Ctrl Pts',(0.864168855705136,0.25063339733719,0.258232015563466));
#8182=CARTESIAN_POINT('Ctrl Pts',(0.864182259129094,0.250638021133383,0.258224591836717));
#8183=CARTESIAN_POINT('Ctrl Pts',(0.864195636228608,0.250642669378785,0.258217127313439));
#8184=CARTESIAN_POINT('Ctrl Pts',(0.865546743830336,0.251112149305245,0.257463198994918));
#8185=CARTESIAN_POINT('Ctrl Pts',(0.866565972698837,0.251829108656514,0.256284080131846));
#8186=CARTESIAN_POINT('Ctrl Pts',(0.866889573032687,0.252601335213021,0.254925591543739));
#8187=CARTESIAN_POINT('Ctrl Pts',(0.86690958359571,0.252649087599408,0.25484158631054));
#8188=CARTESIAN_POINT('Ctrl Pts',(0.866926922650633,0.252697044156554,0.25475690464481));
#8189=CARTESIAN_POINT('Ctrl Pts',(0.866941499649995,0.252745156602918,0.254671608414172));
#8190=CARTESIAN_POINT('Ctrl Pts',(0.866942322015882,0.252747870881327,0.254666796401175));
#8191=CARTESIAN_POINT('Ctrl Pts',(0.866943135567715,0.252750585569701,0.254661982584959));
#8192=CARTESIAN_POINT('Ctrl Pts',(0.866943940290771,0.252753300658932,0.254657166977604));
#8193=CARTESIAN_POINT('Ctrl Pts',(0.867164730911943,0.253498235494752,0.25333591623041));
#8194=CARTESIAN_POINT('Ctrl Pts',(0.866681812196648,0.254235277550204,0.251939189219551));
#8195=CARTESIAN_POINT('Ctrl Pts',(0.865718869402525,0.254782344003212,0.250859297086852));
#8196=CARTESIAN_POINT('Ctrl Pts',(0.865615894605557,0.254840845979934,0.250743816007611));
#8197=CARTESIAN_POINT('Ctrl Pts',(0.865507458945129,0.254897195695552,0.25063192128529));
#8198=CARTESIAN_POINT('Ctrl Pts',(0.865393852749285,0.254951188170084,0.250524059408541));
#8199=CARTESIAN_POINT('Ctrl Pts',(0.865384151391291,0.254955798836963,0.250514848584496));
#8200=CARTESIAN_POINT('Ctrl Pts',(0.86537441783569,0.25496039264159,0.250505668281276));
#8201=CARTESIAN_POINT('Ctrl Pts',(0.865364652348612,0.254964969591096,0.25049651853335));
#8202=CARTESIAN_POINT('Ctrl Pts',(0.864342592629728,0.255443994926806,0.249538902316346));
#8203=CARTESIAN_POINT('Ctrl Pts',(0.862978338392798,0.255738142180312,0.248917083461011));
#8204=CARTESIAN_POINT('Ctrl Pts',(0.861533938673383,0.255860699523665,0.248656818749936));
#8205=CARTESIAN_POINT('Ctrl Pts',(0.861286140061699,0.255881725240526,0.248612168205348));
#8206=CARTESIAN_POINT('Ctrl Pts',(0.861035882813976,0.255897663154783,0.24857822215177));
#8207=CARTESIAN_POINT('Ctrl Pts',(0.860784395389526,0.255908533952676,0.248555194415785));
#8208=CARTESIAN_POINT('Ctrl Pts',(0.860784395389527,0.255908533952676,0.248555194415785));
#8209=CARTESIAN_POINT('Ctrl Pts',(0.859066266765827,0.255982801962726,0.248397871637412));
#8210=CARTESIAN_POINT('Ctrl Pts',(0.857296086385851,0.255815947711315,0.248761334216249));
#8211=CARTESIAN_POINT('Ctrl Pts',(0.854413367223409,0.255002307008028,0.250431957909019));
#8212=CARTESIAN_POINT('Ctrl Pts',(0.853316620779274,0.254330919949069,0.251775031642306));
#8213=CARTESIAN_POINT('Ctrl Pts',(0.852801916439098,0.252691323779462,0.254798530172874));
#8214=CARTESIAN_POINT('Ctrl Pts',(0.853449536449065,0.251797008195215,0.256330082173307));
#8215=CARTESIAN_POINT('Ctrl Pts',(0.855827539146294,0.250503500004072,0.258455266124173));
#8216=CARTESIAN_POINT('Ctrl Pts',(0.857492765546889,0.250096975092096,0.259083290232364));
#8217=CARTESIAN_POINT('Ctrl Pts',(0.859221259353287,0.250006814160262,0.259224112368352));
#8218=CARTESIAN_POINT('Origin',(1.039,0.170000000000001,0.208));
#8219=CARTESIAN_POINT('',(1.039,0.275000000000001,0.208));
#8220=CARTESIAN_POINT('',(1.039,0.275000000000001,0.208));
#8221=CARTESIAN_POINT('',(1.039,0.0650000000000014,0.208));
#8222=CARTESIAN_POINT('Origin',(1.039,0.170000000000001,0.208));
#8223=CARTESIAN_POINT('Origin',(1.039,0.170000000000001,0.208));
#8224=CARTESIAN_POINT('Ctrl Pts',(0.862825437091068,0.128987704048707,0.293696529192997));
#8225=CARTESIAN_POINT('Ctrl Pts',(0.863928844664001,0.131442215449486,0.294872540781219));
#8226=CARTESIAN_POINT('Ctrl Pts',(0.863957065439807,0.130243430395348,0.297543274770311));
#8227=CARTESIAN_POINT('Ctrl Pts',(0.860532762572119,0.129830283614083,0.294083759934454));
#8228=CARTESIAN_POINT('Ctrl Pts',(0.860719219924752,0.13258613525208,0.295361801163768));
#8229=CARTESIAN_POINT('Ctrl Pts',(0.860720721355467,0.131450211871422,0.298033334173677));
#8230=CARTESIAN_POINT('Ctrl Pts',(0.857823387565003,0.129562517948941,0.293974201691164));
#8231=CARTESIAN_POINT('Ctrl Pts',(0.857021450570983,0.132252829004655,0.295245076648936));
#8232=CARTESIAN_POINT('Ctrl Pts',(0.857002903199009,0.131098967303347,0.297920727780385));
#8233=CARTESIAN_POINT('Ctrl Pts',(0.854366232743098,0.127522256765904,0.29297962096701));
#8234=CARTESIAN_POINT('Ctrl Pts',(0.852094000534288,0.129345969083487,0.29389267243293));
#8235=CARTESIAN_POINT('Ctrl Pts',(0.85206635906518,0.128047828992989,0.296555939378244));
#8236=CARTESIAN_POINT('Ctrl Pts',(0.853303679789834,0.126179072058452,0.292306537041068));
#8237=CARTESIAN_POINT('Ctrl Pts',(0.850465974861325,0.12735029254087,0.292930496685985));
#8238=CARTESIAN_POINT('Ctrl Pts',(0.850458547572586,0.125973086164595,0.295590369311057));
#8239=CARTESIAN_POINT('Ctrl Pts',(0.852813012236539,0.123203287148151,0.290691798666629));
#8240=CARTESIAN_POINT('Ctrl Pts',(0.849703125609515,0.122763047751705,0.290458264710643));
#8241=CARTESIAN_POINT('Ctrl Pts',(0.849711068966936,0.121282290741361,0.293079675065439));
#8242=CARTESIAN_POINT('Ctrl Pts',(0.85343654260379,0.121697830154707,0.289813540891347));
#8243=CARTESIAN_POINT('Ctrl Pts',(0.85069203498995,0.120467439463445,0.289092830309053));
#8244=CARTESIAN_POINT('Ctrl Pts',(0.850680012006311,0.118939563637787,0.291659729563778));
#8245=CARTESIAN_POINT('Ctrl Pts',(0.856263207357798,0.119140979051337,0.288258381363153));
#8246=CARTESIAN_POINT('Ctrl Pts',(0.854838078234819,0.116785354536246,0.286779654367806));
#8247=CARTESIAN_POINT('Ctrl Pts',(0.85480773187415,0.115153759168127,0.289213551411412));
#8248=CARTESIAN_POINT('Ctrl Pts',(0.858935650270512,0.118467366189982,0.287799810221567));
#8249=CARTESIAN_POINT('Ctrl Pts',(0.858551792532779,0.11594226541283,0.286157280683313));
#8250=CARTESIAN_POINT('Ctrl Pts',(0.858538353246537,0.114284876393584,0.288540262254815));
#8251=CARTESIAN_POINT('Ctrl Pts',(0.861279438308885,0.118858251780777,0.288064283021703));
#8252=CARTESIAN_POINT('Ctrl Pts',(0.861765331652945,0.116433265436127,0.286516888523155));
#8253=CARTESIAN_POINT('Ctrl Pts',(0.861778733277099,0.114792324382285,0.288930246209399));
#8254=CARTESIAN_POINT('',(0.861095919275352,0.130899881169204,0.297812458793579));
#8255=CARTESIAN_POINT('Origin',(0.86078439538963,0.12816411523423,0.296621435024857));
#8256=CARTESIAN_POINT('',(0.85999999510537,0.130953252009658,0.297835135093067));
#8257=CARTESIAN_POINT('Origin',(0.86023493749977,0.124491725347691,0.295087770791662));
#8258=CARTESIAN_POINT('',(0.858923495453139,0.114694426233664,0.288847895295526));
#8259=CARTESIAN_POINT('Ctrl Pts',(0.858923495453139,0.114694426233664,0.288847895295526));
#8260=CARTESIAN_POINT('Ctrl Pts',(0.856471687947352,0.114895090077355,0.288987711131852));
#8261=CARTESIAN_POINT('Ctrl Pts',(0.854134608422474,0.115805116238384,0.28963086021259));
#8262=CARTESIAN_POINT('Ctrl Pts',(0.850800485021177,0.118798047650249,0.291568143943352));
#8263=CARTESIAN_POINT('Ctrl Pts',(0.849861573902943,0.120910317946509,0.292855371729842));
#8264=CARTESIAN_POINT('Ctrl Pts',(0.850174055585711,0.12519253585658,0.295188746829271));
#8265=CARTESIAN_POINT('Ctrl Pts',(0.851388307394843,0.127273116931801,0.296192774542129));
#8266=CARTESIAN_POINT('Ctrl Pts',(0.855131491078865,0.130170612803747,0.297513659259451));
#8267=CARTESIAN_POINT('Ctrl Pts',(0.85753731939036,0.130956998208317,0.297836724596533));
#8268=CARTESIAN_POINT('Ctrl Pts',(0.85999999510537,0.130953252012176,0.297835135087274));
#8269=CARTESIAN_POINT('Origin',(0.859221259353196,0.117158284083187,0.290533345133749));
#8270=CARTESIAN_POINT('Ctrl Pts',(0.859221259353196,0.118775887631661,0.288006814160267));
#8271=CARTESIAN_POINT('Ctrl Pts',(0.858932090065385,0.116335530770599,0.286444383317571));
#8272=CARTESIAN_POINT('Ctrl Pts',(0.858923490341224,0.114693459023602,0.288849310976984));
#8273=CARTESIAN_POINT('Ctrl Pts',(0.860962674789208,0.118634020054419,0.287915983887942));
#8274=CARTESIAN_POINT('Ctrl Pts',(0.861323729849751,0.116145145722298,0.286316425853192));
#8275=CARTESIAN_POINT('Ctrl Pts',(0.861336465860937,0.114495969791743,0.288711705128766));
#8276=CARTESIAN_POINT('Ctrl Pts',(0.862741966650538,0.118971715259843,0.288137552890002));
#8277=CARTESIAN_POINT('Ctrl Pts',(0.863776114307467,0.116586475938777,0.28662351251702));
#8278=CARTESIAN_POINT('Ctrl Pts',(0.863801604289698,0.114951802334454,0.28904165639386));
#8279=CARTESIAN_POINT('Ctrl Pts',(0.865649229386424,0.12059412576955,0.289147845431936));
#8280=CARTESIAN_POINT('Ctrl Pts',(0.867929256009643,0.118857136571767,0.288095131424276));
#8281=CARTESIAN_POINT('Ctrl Pts',(0.867956526797183,0.117292698006992,0.290608697770241));
#8282=CARTESIAN_POINT('Ctrl Pts',(0.866700358458111,0.121886409841659,0.289932154486594));
#8283=CARTESIAN_POINT('Ctrl Pts',(0.869536470764062,0.120743485198832,0.289279301023159));
#8284=CARTESIAN_POINT('Ctrl Pts',(0.869543676039108,0.119224090446514,0.291857691814015));
#8285=CARTESIAN_POINT('Ctrl Pts',(0.867187322048083,0.124799280807521,0.291574460699562));
#8286=CARTESIAN_POINT('Ctrl Pts',(0.870293171068356,0.125217403585687,0.291818685297196));
#8287=CARTESIAN_POINT('Ctrl Pts',(0.870285098993575,0.123784315694426,0.294463451742831));
#8288=CARTESIAN_POINT('Ctrl Pts',(0.866579506344686,0.12635023825403,0.292387694250066));
#8289=CARTESIAN_POINT('Ctrl Pts',(0.86932842863463,0.12760453759391,0.293045255900393));
#8290=CARTESIAN_POINT('Ctrl Pts',(0.869339959531991,0.12624236023806,0.295701334180293));
#8291=CARTESIAN_POINT('Ctrl Pts',(0.86420812100309,0.128601579119935,0.293514650148144));
#8292=CARTESIAN_POINT('Ctrl Pts',(0.86584543615627,0.130903681417535,0.294637559746195));
#8293=CARTESIAN_POINT('Ctrl Pts',(0.865878122360415,0.129676988902341,0.297305524161542));
#8294=CARTESIAN_POINT('Ctrl Pts',(0.862526796387632,0.129285260627793,0.293833216909907));
#8295=CARTESIAN_POINT('Ctrl Pts',(0.86346896630994,0.13184550747894,0.295047749491987));
#8296=CARTESIAN_POINT('Ctrl Pts',(0.863496932142668,0.130668495662836,0.297715924628419));
#8297=CARTESIAN_POINT('Ctrl Pts',(0.86078439538963,0.129444805584203,0.293908533952668));
#8298=CARTESIAN_POINT('Ctrl Pts',(0.861086935871798,0.132064016636989,0.295144995670433));
#8299=CARTESIAN_POINT('Ctrl Pts',(0.861095924617376,0.130899195810445,0.297814030422247));
#8300=CARTESIAN_POINT('',(0.859999999999999,0.11465127284471,0.288817810077462));
#8301=CARTESIAN_POINT('Origin',(0.8600273506475,0.12121138848777,0.293389497847251));
#8302=CARTESIAN_POINT('Ctrl Pts',(0.861095919275352,0.130899881169204,0.297812458793579));
#8303=CARTESIAN_POINT('Ctrl Pts',(0.863531335327798,0.130665881029447,0.297712947212014));
#8304=CARTESIAN_POINT('Ctrl Pts',(0.865867293877099,0.129655347709603,0.297291947209968));
#8305=CARTESIAN_POINT('Ctrl Pts',(0.869221519334966,0.126392478104395,0.295771042747187));
#8306=CARTESIAN_POINT('Ctrl Pts',(0.870139835745057,0.124180240889337,0.294664265471106));
#8307=CARTESIAN_POINT('Ctrl Pts',(0.869822980418471,0.119960065565792,0.292294108222086));
#8308=CARTESIAN_POINT('Ctrl Pts',(0.868586193936598,0.117981261397728,0.291051182256152));
#8309=CARTESIAN_POINT('Ctrl Pts',(0.864896041132102,0.115357777120691,0.289322079747037));
#8310=CARTESIAN_POINT('Ctrl Pts',(0.862461760982917,0.114654611521715,0.28882013895302));
#8311=CARTESIAN_POINT('Ctrl Pts',(0.859999999999999,0.11465127284131,0.288817810082427));
#8312=CARTESIAN_POINT('Ctrl Pts',(0.862825437090855,0.211012295951183,0.122303470806948));
#8313=CARTESIAN_POINT('Ctrl Pts',(0.863928844663819,0.208557784550287,0.121127459218707));
#8314=CARTESIAN_POINT('Ctrl Pts',(0.863957065439621,0.209756569604461,0.11845672522961));
#8315=CARTESIAN_POINT('Ctrl Pts',(0.860532762572022,0.210169716385991,0.12191624006558));
#8316=CARTESIAN_POINT('Ctrl Pts',(0.86071921992441,0.207413864748076,0.1206381988363));
#8317=CARTESIAN_POINT('Ctrl Pts',(0.860720721355127,0.208549788128727,0.117966665826374));
#8318=CARTESIAN_POINT('Ctrl Pts',(0.857823387564804,0.210437482051066,0.122025798308836));
#8319=CARTESIAN_POINT('Ctrl Pts',(0.857021450570906,0.207747170995242,0.120754923351014));
#8320=CARTESIAN_POINT('Ctrl Pts',(0.857002903198933,0.208901032696546,0.118079272219559));
#8321=CARTESIAN_POINT('Ctrl Pts',(0.854366232743009,0.212477743234183,0.123020379033031));
#8322=CARTESIAN_POINT('Ctrl Pts',(0.85209400053396,0.210654030916734,0.12210732756719));
#8323=CARTESIAN_POINT('Ctrl Pts',(0.852066359064862,0.211952171007254,0.119444060621858));
#8324=CARTESIAN_POINT('Ctrl Pts',(0.853303679790043,0.213820927941781,0.123693462959051));
#8325=CARTESIAN_POINT('Ctrl Pts',(0.850465974861601,0.21264970745932,0.12306950331412));
#8326=CARTESIAN_POINT('Ctrl Pts',(0.850458547572861,0.214026913835606,0.120409630689045));
#8327=CARTESIAN_POINT('Ctrl Pts',(0.852813012236474,0.216796712852068,0.125308201333493));
#8328=CARTESIAN_POINT('Ctrl Pts',(0.849703125609421,0.217236952248151,0.125541735289292));
#8329=CARTESIAN_POINT('Ctrl Pts',(0.84971106896685,0.218717709258508,0.122920324934485));
#8330=CARTESIAN_POINT('Ctrl Pts',(0.853436542603863,0.218302169845468,0.126186459108755));
#8331=CARTESIAN_POINT('Ctrl Pts',(0.850692034989887,0.219532560536667,0.126907169691026));
#8332=CARTESIAN_POINT('Ctrl Pts',(0.850680012006256,0.221060436362337,0.124340270436287));
#8333=CARTESIAN_POINT('Ctrl Pts',(0.856263207357991,0.220859020948712,0.127741618636877));
#8334=CARTESIAN_POINT('Ctrl Pts',(0.854838078235395,0.223214645464087,0.129220345632409));
#8335=CARTESIAN_POINT('Ctrl Pts',(0.854807731874729,0.224846240832221,0.126786448588816));
#8336=CARTESIAN_POINT('Ctrl Pts',(0.858935650270765,0.221532633810071,0.128200189778463));
#8337=CARTESIAN_POINT('Ctrl Pts',(0.858551792532323,0.224057734587005,0.12984271931661));
#8338=CARTESIAN_POINT('Ctrl Pts',(0.858538353246078,0.225715123606239,0.12745973774507));
#8339=CARTESIAN_POINT('Ctrl Pts',(0.861279438309018,0.221141748219164,0.127935716978257));
#8340=CARTESIAN_POINT('Ctrl Pts',(0.861765331653981,0.223566734563973,0.129483111476898));
#8341=CARTESIAN_POINT('Ctrl Pts',(0.861778733278153,0.225207675617831,0.127069753790658));
#8342=CARTESIAN_POINT('',(0.861095919275106,0.209100118830772,0.118187541206409));
#8343=CARTESIAN_POINT('Origin',(0.860784395389476,0.211835884765755,0.119378564975133));
#8344=CARTESIAN_POINT('',(0.859999995105371,0.209046747990343,0.118164864906932));
#8345=CARTESIAN_POINT('Origin',(0.860234937491115,0.215508274784226,0.120912229264367));
#8346=CARTESIAN_POINT('',(0.858923495453428,0.225305573766365,0.127152104704491));
#8347=CARTESIAN_POINT('Ctrl Pts',(0.858923495453428,0.225305573766365,0.127152104704491));
#8348=CARTESIAN_POINT('Ctrl Pts',(0.856471687947609,0.225104909922735,0.127012288868208));
#8349=CARTESIAN_POINT('Ctrl Pts',(0.854134608422684,0.22419488376171,0.126369139787476));
#8350=CARTESIAN_POINT('Ctrl Pts',(0.850800485021243,0.221201952349947,0.124431856056765));
#8351=CARTESIAN_POINT('Ctrl Pts',(0.849861573902836,0.219089682053641,0.123144628270243));
#8352=CARTESIAN_POINT('Ctrl Pts',(0.850174055585877,0.21480746414367,0.120811253170859));
#8353=CARTESIAN_POINT('Ctrl Pts',(0.851388307394829,0.212726883068297,0.119807225457909));
#8354=CARTESIAN_POINT('Ctrl Pts',(0.855131491078802,0.20982938719618,0.118486340740515));
#8355=CARTESIAN_POINT('Ctrl Pts',(0.857537319390339,0.209043001791681,0.118163275403464));
#8356=CARTESIAN_POINT('Ctrl Pts',(0.859999995105371,0.209046747987825,0.118164864912725));
#8357=CARTESIAN_POINT('Origin',(0.859221259353392,0.222841715916835,0.125466654866262));
#8358=CARTESIAN_POINT('Ctrl Pts',(0.859221259353392,0.22122411236836,0.127993185839743));
#8359=CARTESIAN_POINT('Ctrl Pts',(0.858932090065672,0.22366446922943,0.129555616682446));
#8360=CARTESIAN_POINT('Ctrl Pts',(0.858923490341513,0.225306540976427,0.127150689023031));
#8361=CARTESIAN_POINT('Ctrl Pts',(0.860962674789422,0.22136597994556,0.128084016112042));
#8362=CARTESIAN_POINT('Ctrl Pts',(0.861323729849786,0.223854854277651,0.12968357414678));
#8363=CARTESIAN_POINT('Ctrl Pts',(0.861336465860967,0.225504030208198,0.127288294871195));
#8364=CARTESIAN_POINT('Ctrl Pts',(0.862741966650723,0.22102828474021,0.127862447110028));
#8365=CARTESIAN_POINT('Ctrl Pts',(0.863776114307758,0.223413524061268,0.129376487483007));
#8366=CARTESIAN_POINT('Ctrl Pts',(0.863801604289989,0.225048197665592,0.126958343606161));
#8367=CARTESIAN_POINT('Ctrl Pts',(0.865649229386509,0.219405874230341,0.126852154567995));
#8368=CARTESIAN_POINT('Ctrl Pts',(0.867929256009942,0.221142863427966,0.127904868575551));
#8369=CARTESIAN_POINT('Ctrl Pts',(0.867956526797476,0.222707301992734,0.12539130222957));
#8370=CARTESIAN_POINT('Ctrl Pts',(0.86670035845805,0.21811359015818,0.126067845513309));
#8371=CARTESIAN_POINT('Ctrl Pts',(0.869536470763992,0.219256514800942,0.126720698976709));
#8372=CARTESIAN_POINT('Ctrl Pts',(0.869543676039038,0.220775909553257,0.124142308185847));
#8373=CARTESIAN_POINT('Ctrl Pts',(0.867187322048101,0.215200719192345,0.124425539300363));
#8374=CARTESIAN_POINT('Ctrl Pts',(0.870293171068369,0.214782596414363,0.12418131470283));
#8375=CARTESIAN_POINT('Ctrl Pts',(0.870285098993582,0.216215684305619,0.121536548257192));
#8376=CARTESIAN_POINT('Ctrl Pts',(0.866579506344644,0.213649761745827,0.123612305749859));
#8377=CARTESIAN_POINT('Ctrl Pts',(0.869328428634623,0.212395462405933,0.122954744099526));
#8378=CARTESIAN_POINT('Ctrl Pts',(0.869339959531975,0.213757639761783,0.120298665819623));
#8379=CARTESIAN_POINT('Ctrl Pts',(0.864208121002942,0.211398420880001,0.122485349851824));
#8380=CARTESIAN_POINT('Ctrl Pts',(0.865845436155938,0.20909631858227,0.12136244025371));
#8381=CARTESIAN_POINT('Ctrl Pts',(0.865878122360087,0.21032301109745,0.118694475838362));
#8382=CARTESIAN_POINT('Ctrl Pts',(0.862526796387483,0.210714739372151,0.122166783090064));
#8383=CARTESIAN_POINT('Ctrl Pts',(0.863468966309885,0.208154492520988,0.120952250507985));
#8384=CARTESIAN_POINT('Ctrl Pts',(0.863496932142602,0.209331504337103,0.118284075371549));
#8385=CARTESIAN_POINT('Ctrl Pts',(0.860784395389476,0.210555194415783,0.122091466047323));
#8386=CARTESIAN_POINT('Ctrl Pts',(0.861086935871571,0.207935983362988,0.120855004329555));
#8387=CARTESIAN_POINT('Ctrl Pts',(0.861095924617146,0.209100804189534,0.11818596957774));
#8388=CARTESIAN_POINT('',(0.859999999999999,0.225348727155291,0.127182189922536));
#8389=CARTESIAN_POINT('Origin',(0.860027350642348,0.218788611577326,0.122610502198055));
#8390=CARTESIAN_POINT('Ctrl Pts',(0.861095919275106,0.209100118830772,0.118187541206409));
#8391=CARTESIAN_POINT('Ctrl Pts',(0.863531335327586,0.209334118970472,0.118287052787949));
#8392=CARTESIAN_POINT('Ctrl Pts',(0.865867293876917,0.2103446522903,0.11870805278999));
#8393=CARTESIAN_POINT('Ctrl Pts',(0.869221519334928,0.213607521895463,0.120228957252741));
#8394=CARTESIAN_POINT('Ctrl Pts',(0.870139835745105,0.215819759110561,0.121335734528838));
#8395=CARTESIAN_POINT('Ctrl Pts',(0.869822980418395,0.220039934434104,0.123705891777851));
#8396=CARTESIAN_POINT('Ctrl Pts',(0.868586193936593,0.222018738602211,0.124948817743805));
#8397=CARTESIAN_POINT('Ctrl Pts',(0.864896041132124,0.224642222879388,0.12667792025301));
#8398=CARTESIAN_POINT('Ctrl Pts',(0.862461760982945,0.225345388478284,0.127179861046976));
#8399=CARTESIAN_POINT('Ctrl Pts',(0.859999999999999,0.225348727158692,0.127182189917571));
#8400=CARTESIAN_POINT('Ctrl Pts',(0.862825437090936,0.0843034708069381,
0.166987704048844));
#8401=CARTESIAN_POINT('Ctrl Pts',(0.863928844663478,0.0831274592187037,
0.169442215449732));
#8402=CARTESIAN_POINT('Ctrl Pts',(0.863957065439266,0.0804567252296058,
0.168243430395574));
#8403=CARTESIAN_POINT('Ctrl Pts',(0.860532762572004,0.0839162400655881,
0.167830283613996));
#8404=CARTESIAN_POINT('Ctrl Pts',(0.860719219924754,0.082638198836283,0.170586135251938));
#8405=CARTESIAN_POINT('Ctrl Pts',(0.860720721355483,0.0799666658263672,
0.169450211871288));
#8406=CARTESIAN_POINT('Ctrl Pts',(0.857823387564834,0.0840257983088325,
0.167562517948947));
#8407=CARTESIAN_POINT('Ctrl Pts',(0.857021450570791,0.0827549233510491,
0.170252829004688));
#8408=CARTESIAN_POINT('Ctrl Pts',(0.857002903198811,0.0800792722195946,
0.169098967303379));
#8409=CARTESIAN_POINT('Ctrl Pts',(0.854366232743005,0.0850203790330424,
0.165522256765799));
#8410=CARTESIAN_POINT('Ctrl Pts',(0.852094000534053,0.084107327567174,0.167345969083289));
#8411=CARTESIAN_POINT('Ctrl Pts',(0.852066359064954,0.0814440606218505,
0.166047828992776));
#8412=CARTESIAN_POINT('Ctrl Pts',(0.853303679789874,0.0856934629590149,
0.164179072058292));
#8413=CARTESIAN_POINT('Ctrl Pts',(0.850465974861343,0.0850695033141527,
0.165350292540623));
#8414=CARTESIAN_POINT('Ctrl Pts',(0.850458547572608,0.0824096306890768,
0.163973086164336));
#8415=CARTESIAN_POINT('Ctrl Pts',(0.852813012236536,0.0873082013334764,
0.161203287147965));
#8416=CARTESIAN_POINT('Ctrl Pts',(0.849703125609524,0.0875417352893913,
0.160763047751657));
#8417=CARTESIAN_POINT('Ctrl Pts',(0.849711068966946,0.0849203249345921,
0.159282290741304));
#8418=CARTESIAN_POINT('Ctrl Pts',(0.853436542603727,0.0881864591087656,
0.159697830154519));
#8419=CARTESIAN_POINT('Ctrl Pts',(0.850692034989936,0.0889071696911548,
0.158467439463113));
#8420=CARTESIAN_POINT('Ctrl Pts',(0.850680012006293,0.0863402704364322,
0.156939563637444));
#8421=CARTESIAN_POINT('Ctrl Pts',(0.856263207358043,0.0897416186368401,
0.157140979051352));
#8422=CARTESIAN_POINT('Ctrl Pts',(0.854838078235448,0.0912203456323295,
0.154785354536047));
#8423=CARTESIAN_POINT('Ctrl Pts',(0.854807731874788,0.0887864485887363,
0.15315375916792));
#8424=CARTESIAN_POINT('Ctrl Pts',(0.858935650270555,0.0902001897785077,
0.156467366189861));
#8425=CARTESIAN_POINT('Ctrl Pts',(0.858551792531816,0.0918427193166733,
0.153942265412907));
#8426=CARTESIAN_POINT('Ctrl Pts',(0.858538353245557,0.0894597377451302,
0.152284876393679));
#8427=CARTESIAN_POINT('Ctrl Pts',(0.861279438309113,0.0899357169782326,
0.15685825178088));
#8428=CARTESIAN_POINT('Ctrl Pts',(0.861765331654459,0.0914831114768541,
0.15443326543607));
#8429=CARTESIAN_POINT('Ctrl Pts',(0.861778733278646,0.0890697537906322,
0.152792324382205));
#8430=CARTESIAN_POINT('',(0.861095919275102,0.0801875412064087,0.168899881169234));
#8431=CARTESIAN_POINT('Origin',(0.860784395389505,0.0813785649751348,0.166164115234247));
#8432=CARTESIAN_POINT('',(0.859999995105371,0.0801648649069338,0.168953252009658));
#8433=CARTESIAN_POINT('Origin',(0.860234937487911,0.0829122292689043,0.162491725205033));
#8434=CARTESIAN_POINT('',(0.858923495453393,0.089152104704494,0.152694426233635));
#8435=CARTESIAN_POINT('Ctrl Pts',(0.858923495453393,0.089152104704494,0.152694426233635));
#8436=CARTESIAN_POINT('Ctrl Pts',(0.856471687947569,0.0890122888682167,
0.152895090077256));
#8437=CARTESIAN_POINT('Ctrl Pts',(0.85413460842272,0.0883691397874493,0.153805116238336));
#8438=CARTESIAN_POINT('Ctrl Pts',(0.850800485021124,0.0864318560567837,
0.156798047650034));
#8439=CARTESIAN_POINT('Ctrl Pts',(0.849861573902919,0.08514462827025,0.15891031794635));
#8440=CARTESIAN_POINT('Ctrl Pts',(0.850174055585752,0.0828112531708148,
0.163192535856414));
#8441=CARTESIAN_POINT('Ctrl Pts',(0.851388307394808,0.0818072254579088,
0.165273116931718));
#8442=CARTESIAN_POINT('Ctrl Pts',(0.855131491078802,0.080486340740539,0.168170612803767));
#8443=CARTESIAN_POINT('Ctrl Pts',(0.857537319390337,0.0801632754034654,
0.168956998208322));
#8444=CARTESIAN_POINT('Ctrl Pts',(0.859999995105371,0.0801648649127267,
0.168953252012176));
#8445=CARTESIAN_POINT('Origin',(0.859221259353341,0.0874666548662635,0.155158284083166));
#8446=CARTESIAN_POINT('Ctrl Pts',(0.859221259353341,0.0899931858397453,
0.156775887631641));
#8447=CARTESIAN_POINT('Ctrl Pts',(0.858932090065634,0.0915556166824512,
0.154335530770565));
#8448=CARTESIAN_POINT('Ctrl Pts',(0.858923490341477,0.0891506890230296,
0.152693459023569));
#8449=CARTESIAN_POINT('Ctrl Pts',(0.860962674789358,0.0900840161120356,
0.156634020054454));
#8450=CARTESIAN_POINT('Ctrl Pts',(0.861323729849824,0.0916835741467893,
0.154145145722352));
#8451=CARTESIAN_POINT('Ctrl Pts',(0.861336465861006,0.0892882948711907,
0.152495969791801));
#8452=CARTESIAN_POINT('Ctrl Pts',(0.862741966650665,0.0898624471099842,
0.156971715259864));
#8453=CARTESIAN_POINT('Ctrl Pts',(0.863776114307707,0.0913764874829398,
0.15458647593883));
#8454=CARTESIAN_POINT('Ctrl Pts',(0.863801604289939,0.0889583436060864,
0.152951802334511));
#8455=CARTESIAN_POINT('Ctrl Pts',(0.865649229386467,0.0888521545680246,
0.158594125769614));
#8456=CARTESIAN_POINT('Ctrl Pts',(0.867929256009715,0.0899048685756698,
0.156857136571859));
#8457=CARTESIAN_POINT('Ctrl Pts',(0.867956526797245,0.0873913022296895,
0.155292698007088));
#8458=CARTESIAN_POINT('Ctrl Pts',(0.86670035845795,0.0880678455133124,0.159886409841818));
#8459=CARTESIAN_POINT('Ctrl Pts',(0.869536470763877,0.0887206989766671,
0.158743485199136));
#8460=CARTESIAN_POINT('Ctrl Pts',(0.869543676038919,0.0861423081858023,
0.157224090446821));
#8461=CARTESIAN_POINT('Ctrl Pts',(0.867187322048121,0.0864255393003857,
0.162799280807619));
#8462=CARTESIAN_POINT('Ctrl Pts',(0.870293171068385,0.0861813147030024,
0.163217403585336));
#8463=CARTESIAN_POINT('Ctrl Pts',(0.870285098993592,0.0835365482573591,
0.161784315694075));
#8464=CARTESIAN_POINT('Ctrl Pts',(0.866579506344669,0.085612305749878,0.16435023825414));
#8465=CARTESIAN_POINT('Ctrl Pts',(0.869328428634619,0.0849547440995302,
0.165604537594065));
#8466=CARTESIAN_POINT('Ctrl Pts',(0.869339959531965,0.0822986658196247,
0.16424236023821));
#8467=CARTESIAN_POINT('Ctrl Pts',(0.864208121002951,0.0844853498518266,
0.166601579119996));
#8468=CARTESIAN_POINT('Ctrl Pts',(0.865845436156,0.0833624402537306,0.16890368141769));
#8469=CARTESIAN_POINT('Ctrl Pts',(0.865878122360146,0.0806944758383785,
0.1676769889025));
#8470=CARTESIAN_POINT('Ctrl Pts',(0.862526796387541,0.0841667830900618,
0.16728526062786));
#8471=CARTESIAN_POINT('Ctrl Pts',(0.863468966309941,0.0829522505079734,
0.169845507479025));
#8472=CARTESIAN_POINT('Ctrl Pts',(0.863496932142658,0.0802840753715397,
0.168668495662911));
#8473=CARTESIAN_POINT('Ctrl Pts',(0.860784395389505,0.0840914660473245,
0.167444805584219));
#8474=CARTESIAN_POINT('Ctrl Pts',(0.86108693587158,0.082855004329553,0.170064016637021));
#8475=CARTESIAN_POINT('Ctrl Pts',(0.861095924617154,0.0801859695777351,
0.168899195810468));
#8476=CARTESIAN_POINT('',(0.859999999999999,0.0891821899225384,0.15265127284471));
#8477=CARTESIAN_POINT('Origin',(0.86002735065362,0.0846105021344987,0.159211388513936));
#8478=CARTESIAN_POINT('Ctrl Pts',(0.861095919275102,0.0801875412064087,
0.168899881169234));
#8479=CARTESIAN_POINT('Ctrl Pts',(0.863531335327587,0.0802870527879418,
0.168665881029552));
#8480=CARTESIAN_POINT('Ctrl Pts',(0.865867293876893,0.0807080527899836,
0.167655347709717));
#8481=CARTESIAN_POINT('Ctrl Pts',(0.86922151933493,0.0822289572527433,0.164392478104539));
#8482=CARTESIAN_POINT('Ctrl Pts',(0.870139835745156,0.0833357345288338,
0.16218024088945));
#8483=CARTESIAN_POINT('Ctrl Pts',(0.869822980418308,0.0857058917778404,
0.157960065565921));
#8484=CARTESIAN_POINT('Ctrl Pts',(0.868586193936614,0.0869488177438396,
0.155981261397743));
#8485=CARTESIAN_POINT('Ctrl Pts',(0.864896041132104,0.0886779202529614,
0.153357777120691));
#8486=CARTESIAN_POINT('Ctrl Pts',(0.862461760982947,0.0891798610469783,
0.152654611521716));
#8487=CARTESIAN_POINT('Ctrl Pts',(0.859999999999999,0.0891821899175734,
0.152651272841309));
#8488=CARTESIAN_POINT('Ctrl Pts',(0.862825437090939,0.255696529193046,0.249012295951194));
#8489=CARTESIAN_POINT('Ctrl Pts',(0.863928844663733,0.256872540781283,0.246557784550304));
#8490=CARTESIAN_POINT('Ctrl Pts',(0.863957065439533,0.25954327477038,0.247756569604467));
#8491=CARTESIAN_POINT('Ctrl Pts',(0.860532762572038,0.256083759934419,0.248169716385993));
#8492=CARTESIAN_POINT('Ctrl Pts',(0.860719219924615,0.257361801163707,0.245413864748077));
#8493=CARTESIAN_POINT('Ctrl Pts',(0.860720721355334,0.260033334173626,0.246549788128725));
#8494=CARTESIAN_POINT('Ctrl Pts',(0.857823387564875,0.255974201691174,0.248437482051044));
#8495=CARTESIAN_POINT('Ctrl Pts',(0.85702145057093,0.257245076648979,0.245747170995252));
#8496=CARTESIAN_POINT('Ctrl Pts',(0.857002903198955,0.259920727780434,0.246901032696552));
#8497=CARTESIAN_POINT('Ctrl Pts',(0.854366232743039,0.254979620966983,0.250477743234155));
#8498=CARTESIAN_POINT('Ctrl Pts',(0.85209400053405,0.25589267243284,0.248654030916678));
#8499=CARTESIAN_POINT('Ctrl Pts',(0.852066359064947,0.258555939378166,0.249952171007191));
#8500=CARTESIAN_POINT('Ctrl Pts',(0.853303679789757,0.254306537041042,0.251820927941603));
#8501=CARTESIAN_POINT('Ctrl Pts',(0.850465974861184,0.254930496685908,0.250649707459273));
#8502=CARTESIAN_POINT('Ctrl Pts',(0.850458547572449,0.257590369310987,0.252026913835556));
#8503=CARTESIAN_POINT('Ctrl Pts',(0.852813012236584,0.252691798666574,0.25479671285195));
#8504=CARTESIAN_POINT('Ctrl Pts',(0.849703125609574,0.25245826471052,0.255236952248494));
#8505=CARTESIAN_POINT('Ctrl Pts',(0.849711068966993,0.255079675065323,0.256717709258845));
#8506=CARTESIAN_POINT('Ctrl Pts',(0.853436542603736,0.251813540891278,0.256302169845411));
#8507=CARTESIAN_POINT('Ctrl Pts',(0.85069203498991,0.251092830308921,0.257532560536755));
#8508=CARTESIAN_POINT('Ctrl Pts',(0.850680012006275,0.25365972956365,0.25906043636242));
#8509=CARTESIAN_POINT('Ctrl Pts',(0.856263207357955,0.250258381363173,0.258859020948632));
#8510=CARTESIAN_POINT('Ctrl Pts',(0.854838078235253,0.24877965436772,0.261214645463885));
#8511=CARTESIAN_POINT('Ctrl Pts',(0.854807731874582,0.251213551411313,0.262846240832016));
#8512=CARTESIAN_POINT('Ctrl Pts',(0.858935650270541,0.249799810221519,0.2595326338101));
#8513=CARTESIAN_POINT('Ctrl Pts',(0.858551792532054,0.248157280683347,0.262057734587104));
#8514=CARTESIAN_POINT('Ctrl Pts',(0.858538353245809,0.250540262254868,0.263715123606343));
#8515=CARTESIAN_POINT('Ctrl Pts',(0.861279438309021,0.25006428302175,0.259141748219151));
#8516=CARTESIAN_POINT('Ctrl Pts',(0.861765331654016,0.248516888523117,0.261566734563918));
#8517=CARTESIAN_POINT('Ctrl Pts',(0.861778733278189,0.250930246209363,0.263207675617773));
#8518=CARTESIAN_POINT('',(0.861095919275173,0.25981245879359,0.247100118830776));
#8519=CARTESIAN_POINT('Origin',(0.860784395389526,0.258621435024866,0.249835884765757));
#8520=CARTESIAN_POINT('',(0.859999995105371,0.259835135093069,0.247046747990341));
#8521=CARTESIAN_POINT('Origin',(0.86023493749209,0.257087770742479,0.253508274768254));
#8522=CARTESIAN_POINT('',(0.858923495453299,0.250847895295516,0.263305573766354));
#8523=CARTESIAN_POINT('Ctrl Pts',(0.858923495453299,0.250847895295516,0.263305573766354));
#8524=CARTESIAN_POINT('Ctrl Pts',(0.856471687947483,0.250987711131811,0.263104909922707));
#8525=CARTESIAN_POINT('Ctrl Pts',(0.854134608422624,0.251630860212574,0.262194883761636));
#8526=CARTESIAN_POINT('Ctrl Pts',(0.850800485021124,0.253568143943273,0.25920195234988));
#8527=CARTESIAN_POINT('Ctrl Pts',(0.849861573902978,0.254855371729791,0.257089682053583));
#8528=CARTESIAN_POINT('Ctrl Pts',(0.850174055585661,0.257188746829257,0.252807464143455));
#8529=CARTESIAN_POINT('Ctrl Pts',(0.851388307394844,0.258192774542105,0.250726883068264));
#8530=CARTESIAN_POINT('Ctrl Pts',(0.855131491078819,0.259513659259479,0.247829387196194));
#8531=CARTESIAN_POINT('Ctrl Pts',(0.857537319390348,0.259836724596538,0.247043001791677));
#8532=CARTESIAN_POINT('Ctrl Pts',(0.859999995105371,0.259835135087276,0.247046747987823));
#8533=CARTESIAN_POINT('Origin',(0.859221259353287,0.252533345133744,0.260841715916826));
#8534=CARTESIAN_POINT('Ctrl Pts',(0.859221259353287,0.250006814160262,0.259224112368352));
#8535=CARTESIAN_POINT('Ctrl Pts',(0.858932090065542,0.248444383317564,0.261664469229415));
#8536=CARTESIAN_POINT('Ctrl Pts',(0.858923490341382,0.25084931097697,0.263306540976414));
#8537=CARTESIAN_POINT('Ctrl Pts',(0.860962674789311,0.249915983887958,0.259365979945559));
#8538=CARTESIAN_POINT('Ctrl Pts',(0.861323729849927,0.248316425853211,0.261854854277672));
#8539=CARTESIAN_POINT('Ctrl Pts',(0.861336465861112,0.250711705128783,0.263504030208227));
#8540=CARTESIAN_POINT('Ctrl Pts',(0.862741966650615,0.250137552890046,0.259028284740092));
#8541=CARTESIAN_POINT('Ctrl Pts',(0.863776114307604,0.248623512517088,0.261413524061124));
#8542=CARTESIAN_POINT('Ctrl Pts',(0.86380160428984,0.251041656393927,0.263048197665445));
#8543=CARTESIAN_POINT('Ctrl Pts',(0.8656492293865,0.251147845431977,0.257405874230386));
#8544=CARTESIAN_POINT('Ctrl Pts',(0.867929256009662,0.250095131424301,0.259142863428197));
#8545=CARTESIAN_POINT('Ctrl Pts',(0.867956526797201,0.252608697770262,0.26070730199297));
#8546=CARTESIAN_POINT('Ctrl Pts',(0.866700358458155,0.251932154486664,0.256113590158227));
#8547=CARTESIAN_POINT('Ctrl Pts',(0.869536470764078,0.251279301023123,0.257256514801239));
#8548=CARTESIAN_POINT('Ctrl Pts',(0.869543676039129,0.253857691813977,0.258775909553554));
#8549=CARTESIAN_POINT('Ctrl Pts',(0.867187322048099,0.25357446069961,0.253200719192395));
#8550=CARTESIAN_POINT('Ctrl Pts',(0.870293171068401,0.253818685297372,0.252782596414005));
#8551=CARTESIAN_POINT('Ctrl Pts',(0.870285098993619,0.256463451743005,0.254215684305261));
#8552=CARTESIAN_POINT('Ctrl Pts',(0.866579506344642,0.25438769425012,0.251649761745869));
#8553=CARTESIAN_POINT('Ctrl Pts',(0.869328428634548,0.255045255900475,0.250395462405929));
#8554=CARTESIAN_POINT('Ctrl Pts',(0.869339959531906,0.257701334180371,0.251757639761774));
#8555=CARTESIAN_POINT('Ctrl Pts',(0.864208121002984,0.255514650148169,0.249398420880018));
#8556=CARTESIAN_POINT('Ctrl Pts',(0.865845436156104,0.25663755974623,0.247096318582395));
#8557=CARTESIAN_POINT('Ctrl Pts',(0.865878122360257,0.259305524161577,0.248323011097576));
#8558=CARTESIAN_POINT('Ctrl Pts',(0.862526796387543,0.255833216909931,0.248714739372161));
#8559=CARTESIAN_POINT('Ctrl Pts',(0.863468966309835,0.257047749492016,0.246154492521001));
#8560=CARTESIAN_POINT('Ctrl Pts',(0.863496932142557,0.259715924628444,0.247331504337101));
#8561=CARTESIAN_POINT('Ctrl Pts',(0.860784395389526,0.255908533952676,0.248555194415785));
#8562=CARTESIAN_POINT('Ctrl Pts',(0.861086935871632,0.257144995670441,0.245935983362996));
#8563=CARTESIAN_POINT('Ctrl Pts',(0.861095924617208,0.259814030422253,0.247100804189535));
#8564=CARTESIAN_POINT('',(0.859999999999999,0.250817810077465,0.263348727155289));
#8565=CARTESIAN_POINT('Origin',(0.860027350656902,0.255389497904158,0.25678861143058));
#8566=CARTESIAN_POINT('Ctrl Pts',(0.861095919275173,0.25981245879359,0.247100118830776));
#8567=CARTESIAN_POINT('Ctrl Pts',(0.86353133532764,0.259712947212045,0.247334118970484));
#8568=CARTESIAN_POINT('Ctrl Pts',(0.865867293876958,0.259291947210005,0.248344652290317));
#8569=CARTESIAN_POINT('Ctrl Pts',(0.869221519334911,0.257771042747245,0.251607521895489));
#8570=CARTESIAN_POINT('Ctrl Pts',(0.870139835745023,0.256664265471155,0.253819759110574));
#8571=CARTESIAN_POINT('Ctrl Pts',(0.869822980418546,0.254294108222144,0.258039934434113));
#8572=CARTESIAN_POINT('Ctrl Pts',(0.868586193936649,0.253051182256164,0.260018738602254));
#8573=CARTESIAN_POINT('Ctrl Pts',(0.864896041132122,0.251322079747072,0.262642222879259));
#8574=CARTESIAN_POINT('Ctrl Pts',(0.862461760982939,0.250820138953026,0.26334538847828));
#8575=CARTESIAN_POINT('Ctrl Pts',(0.859999999999999,0.25081781008243,0.26334872715869));
#8576=CARTESIAN_POINT('Origin',(1.079,0.170000000000001,0.208));
#8577=CARTESIAN_POINT('',(0.91,0.227242128032638,0.319123079413302));
#8578=CARTESIAN_POINT('Ctrl Pts',(0.919064523260468,0.0450000000000014,
0.207999999999997));
#8579=CARTESIAN_POINT('Ctrl Pts',(0.918711524813585,0.0450000000000014,
0.219005402409929));
#8580=CARTESIAN_POINT('Ctrl Pts',(0.918332452539582,0.0464532920133318,
0.229984647764463));
#8581=CARTESIAN_POINT('Ctrl Pts',(0.917346348858858,0.0536485893780943,
0.256574111071776));
#8582=CARTESIAN_POINT('Ctrl Pts',(0.916730637759894,0.0610667509398286,
0.271487205808664));
#8583=CARTESIAN_POINT('Ctrl Pts',(0.915542600262572,0.0808864804440321,
0.297083623163988));
#8584=CARTESIAN_POINT('Ctrl Pts',(0.914980268663069,0.0929118935288998,
0.30767251190108));
#8585=CARTESIAN_POINT('Ctrl Pts',(0.913935039460252,0.120862160737805,0.324122439131056));
#8586=CARTESIAN_POINT('Ctrl Pts',(0.913355069571463,0.136655249603146,0.329602838723763));
#8587=CARTESIAN_POINT('Ctrl Pts',(0.912272815012397,0.165876122697921,0.333599929597549));
#8588=CARTESIAN_POINT('Ctrl Pts',(0.911790894412763,0.178887978888032,0.333352922154496));
#8589=CARTESIAN_POINT('Ctrl Pts',(0.910859488466156,0.204035939446432,0.328934821489576));
#8590=CARTESIAN_POINT('Ctrl Pts',(0.910414799807485,0.21604253323052,0.324892255744282));
#8591=CARTESIAN_POINT('Ctrl Pts',(0.909999999999998,0.227242128032659,0.319123079413292));
#8592=CARTESIAN_POINT('',(0.91,0.13349212598424,0.327549885549294));
#8593=CARTESIAN_POINT('Origin',(0.91,0.170000000000001,0.208));
#8594=CARTESIAN_POINT('Ctrl Pts',(0.909999999999998,0.133492125984263,0.327549885549301));
#8595=CARTESIAN_POINT('Ctrl Pts',(0.910418270282818,0.122198828348126,0.324101163825913));
#8596=CARTESIAN_POINT('Ctrl Pts',(0.910799102000195,0.111453072406926,0.319070455156595));
#8597=CARTESIAN_POINT('Ctrl Pts',(0.91158720522208,0.0915010041627498,0.306019160333809));
#8598=CARTESIAN_POINT('Ctrl Pts',(0.912011976365376,0.0824338548863155,
0.298011027777345));
#8599=CARTESIAN_POINT('Ctrl Pts',(0.913048884150908,0.0640338660666248,
0.276306680863993));
#8600=CARTESIAN_POINT('Ctrl Pts',(0.913662845680616,0.0559869018557356,
0.261811171677088));
#8601=CARTESIAN_POINT('Ctrl Pts',(0.914727049851109,0.0470082581377532,
0.233816391572025));
#8602=CARTESIAN_POINT('Ctrl Pts',(0.915177346788047,0.0450000000000014,
0.220936990829625));
#8603=CARTESIAN_POINT('Ctrl Pts',(0.91559230096238,0.0450000000000014,0.207999999999996));
#8604=CARTESIAN_POINT('Origin',(1.029,0.170000000000001,0.208));
#8605=CARTESIAN_POINT('',(1.03900000000001,0.0808155411265865,0.135397436026975));
#8606=CARTESIAN_POINT('',(1.039,0.237960791798283,0.300770311943803));
#8607=CARTESIAN_POINT('Origin',(1.039,0.170000000000001,0.208));
#8608=CARTESIAN_POINT('Ctrl Pts',(1.03900000000005,0.0808155411266241,0.135397436027017));
#8609=CARTESIAN_POINT('Ctrl Pts',(1.03825597866596,0.0752435914066577,0.141063473763335));
#8610=CARTESIAN_POINT('Ctrl Pts',(1.03750902817111,0.0702678096106524,0.147285506478549));
#8611=CARTESIAN_POINT('Ctrl Pts',(1.03601081516121,0.0615405330420333,0.160838509019119));
#8612=CARTESIAN_POINT('Ctrl Pts',(1.03526417681454,0.0578521104893806,0.168158208705023));
#8613=CARTESIAN_POINT('Ctrl Pts',(1.0329186477013,0.0484771431964638,0.192954389647288));
#8614=CARTESIAN_POINT('Ctrl Pts',(1.03172193729813,0.0469927659112365,0.209063516829491));
#8615=CARTESIAN_POINT('Ctrl Pts',(1.03009667190896,0.047722678563733,0.229038639528023));
#8616=CARTESIAN_POINT('Ctrl Pts',(1.02955232315754,0.0484621251553211,0.235532809449259));
#8617=CARTESIAN_POINT('Ctrl Pts',(1.029,0.0496962576832614,0.241941266690968));
#8618=CARTESIAN_POINT('Ctrl Pts',(1.029,0.061501600501847,0.14592667798209));
#8619=CARTESIAN_POINT('Ctrl Pts',(1.02931744570674,0.0684908049380297,0.134349453525797));
#8620=CARTESIAN_POINT('Ctrl Pts',(1.02963426178062,0.0773130650329802,0.123983534005819));
#8621=CARTESIAN_POINT('Ctrl Pts',(1.03022523369767,0.0973897671685258,0.106946024255937));
#8622=CARTESIAN_POINT('Ctrl Pts',(1.03051530781387,0.109825254296198,0.0989651301666943));
#8623=CARTESIAN_POINT('Ctrl Pts',(1.03104660222811,0.132307249523478,0.0907080646762788));
#8624=CARTESIAN_POINT('Ctrl Pts',(1.03122573642367,0.139856658416742,0.088729321297396));
#8625=CARTESIAN_POINT('Ctrl Pts',(1.03177943109264,0.163084645589341,0.0849642237115951));
#8626=CARTESIAN_POINT('Ctrl Pts',(1.03216151764419,0.178967870321364,0.0854767500701326));
#8627=CARTESIAN_POINT('Ctrl Pts',(1.03271790944708,0.201882400911868,0.0907263995896387));
#8628=CARTESIAN_POINT('Ctrl Pts',(1.03289806877222,0.209267306426257,0.0931783873685171));
#8629=CARTESIAN_POINT('Ctrl Pts',(1.03340635090117,0.23001417892001,0.102342405820727));
#8630=CARTESIAN_POINT('Ctrl Pts',(1.03373223073053,0.243468181309196,0.111260613469443));
#8631=CARTESIAN_POINT('Ctrl Pts',(1.03449345483072,0.265534692191298,0.134639891918655));
#8632=CARTESIAN_POINT('Ctrl Pts',(1.03486623141048,0.27370205757142,0.147456725512097));
#8633=CARTESIAN_POINT('Ctrl Pts',(1.03562137025681,0.285070510565298,0.176070879622421));
#8634=CARTESIAN_POINT('Ctrl Pts',(1.03599601059601,0.287924957852408,0.19169348472787));
#8635=CARTESIAN_POINT('Ctrl Pts',(1.03649917291885,0.287536413321131,0.214921461701258));
#8636=CARTESIAN_POINT('Ctrl Pts',(1.03666474090785,0.286705166844184,0.222212903247916));
#8637=CARTESIAN_POINT('Ctrl Pts',(1.03718070304408,0.282200454604561,0.243592711091067));
#8638=CARTESIAN_POINT('Ctrl Pts',(1.03754313733466,0.276602134966085,0.2570630918534));
#8639=CARTESIAN_POINT('Ctrl Pts',(1.03828300157058,0.260549008955688,0.281559341473065));
#8640=CARTESIAN_POINT('Ctrl Pts',(1.03865379066445,0.250122956801067,0.292289837172319));
#8641=CARTESIAN_POINT('Ctrl Pts',(1.039,0.237960791798285,0.300770311943801));
#8642=CARTESIAN_POINT('Origin',(1.039,0.377000000000001,0.2135));
#8643=CARTESIAN_POINT('Ctrl Pts',(1.039,0.0601044939603031,0.204095760515656));
#8644=CARTESIAN_POINT('Ctrl Pts',(1.039,0.059753303041679,0.191907315626292));
#8645=CARTESIAN_POINT('Ctrl Pts',(1.039,0.0613669836319666,0.179742774465497));
#8646=CARTESIAN_POINT('Ctrl Pts',(1.039,0.0684055542956624,0.156392303222927));
#8647=CARTESIAN_POINT('Ctrl Pts',(1.039,0.0737842674329089,0.145361224554887));
#8648=CARTESIAN_POINT('Ctrl Pts',(1.039,0.0808155411265589,0.135397436026955));
#8649=CARTESIAN_POINT('Ctrl Pts',(1.039,0.237960791798283,0.300770311943803));
#8650=CARTESIAN_POINT('Ctrl Pts',(1.039,0.228795406154229,0.306626018657638));
#8651=CARTESIAN_POINT('Ctrl Pts',(1.039,0.217462993817173,0.312130498430035));
#8652=CARTESIAN_POINT('Ctrl Pts',(1.039,0.191616276444956,0.318369982164965));
#8653=CARTESIAN_POINT('Ctrl Pts',(1.039,0.179035513087269,0.319209200189353));
#8654=CARTESIAN_POINT('Ctrl Pts',(1.039,0.166584164041179,0.31791177097279));
#8655=CARTESIAN_POINT('Ctrl Pts',(0.859999999999999,0.110669986529453,0.294631111626162));
#8656=CARTESIAN_POINT('Ctrl Pts',(0.86266219714396,0.110673879638355,0.294633777853101));
#8657=CARTESIAN_POINT('Ctrl Pts',(0.86519719252108,0.111534927953873,0.295237285558471));
#8658=CARTESIAN_POINT('Ctrl Pts',(0.868944942758191,0.114683659323608,0.297267077330572));
#8659=CARTESIAN_POINT('Ctrl Pts',(0.869999478164869,0.116858488623981,0.2985980121857));
#8660=CARTESIAN_POINT('Ctrl Pts',(0.870000521817633,0.121495453154385,0.301162916327418));
#8661=CARTESIAN_POINT('Ctrl Pts',(0.868944199167907,0.123777995918732,0.302297601963465));
#8662=CARTESIAN_POINT('Ctrl Pts',(0.865197929167836,0.127172103749148,0.303886822348408));
#8663=CARTESIAN_POINT('Ctrl Pts',(0.862639495435645,0.128140294774694,0.304295197701173));
#8664=CARTESIAN_POINT('Ctrl Pts',(0.857360494775096,0.128148870197047,0.304298924999575));
#8665=CARTESIAN_POINT('Ctrl Pts',(0.854802801954829,0.127171430212322,0.303886507115433));
#8666=CARTESIAN_POINT('Ctrl Pts',(0.851055055893414,0.123778656891901,0.302297911313769));
#8667=CARTESIAN_POINT('Ctrl Pts',(0.85000052061462,0.121495444842895,0.30116291201226));
#8668=CARTESIAN_POINT('Ctrl Pts',(0.849999479478028,0.116858479803609,0.298598007024489));
#8669=CARTESIAN_POINT('Ctrl Pts',(0.851055801227282,0.11468427230967,0.297267472630831));
#8670=CARTESIAN_POINT('Ctrl Pts',(0.854802077409253,0.111534303395477,0.295236882798246));
#8671=CARTESIAN_POINT('Ctrl Pts',(0.857337802856039,0.110666093420552,0.294628445399223));
#8672=CARTESIAN_POINT('Ctrl Pts',(0.859999999999999,0.110669986529453,0.294631111626162));
#8673=CARTESIAN_POINT('Ctrl Pts',(0.859999999999999,0.116320464002839,0.286380529566527));
#8674=CARTESIAN_POINT('Ctrl Pts',(0.86266219714396,0.116323986339464,0.286382941867091));
#8675=CARTESIAN_POINT('Ctrl Pts',(0.86519719252108,0.117103030053504,0.28692897264814));
#8676=CARTESIAN_POINT('Ctrl Pts',(0.868944942758191,0.11995188224517,0.288765450918137));
#8677=CARTESIAN_POINT('Ctrl Pts',(0.869999478164869,0.121919584945507,0.289969630072777));
#8678=CARTESIAN_POINT('Ctrl Pts',(0.870000521817633,0.126114933806348,0.292290257629568));
#8679=CARTESIAN_POINT('Ctrl Pts',(0.868944199167907,0.128180091545519,0.293316877966945));
#8680=CARTESIAN_POINT('Ctrl Pts',(0.865197929167836,0.131250951011134,0.294754744029512));
#8681=CARTESIAN_POINT('Ctrl Pts',(0.862639495435645,0.132126933367581,0.295124226491537));
#8682=CARTESIAN_POINT('Ctrl Pts',(0.857360494775096,0.132134692083043,0.29512759880914));
#8683=CARTESIAN_POINT('Ctrl Pts',(0.854802801954829,0.131250341620672,0.294754458818725));
#8684=CARTESIAN_POINT('Ctrl Pts',(0.851055055893414,0.128180689568863,0.293317157855315));
#8685=CARTESIAN_POINT('Ctrl Pts',(0.85000052061462,0.126114926286429,0.292290253725378));
#8686=CARTESIAN_POINT('Ctrl Pts',(0.849999479478028,0.12191957696517,0.289969625403109));
#8687=CARTESIAN_POINT('Ctrl Pts',(0.851055801227282,0.119952436851606,0.288765808570752));
#8688=CARTESIAN_POINT('Ctrl Pts',(0.854802077409253,0.117102464976861,0.286928608246032));
#8689=CARTESIAN_POINT('Ctrl Pts',(0.857337802856039,0.116316941666214,0.286378117265964));
#8690=CARTESIAN_POINT('Ctrl Pts',(0.859999999999999,0.116320464002839,0.286380529566527));
#8691=CARTESIAN_POINT('',(0.861136832444369,0.112442682432016,0.292156199509645));
#8692=CARTESIAN_POINT('',(0.859999995105321,0.129358041608235,0.301505247184071));
#8693=CARTESIAN_POINT('Ctrl Pts',(0.861136832444369,0.112442682432016,0.292156199509645));
#8694=CARTESIAN_POINT('Ctrl Pts',(0.863629539359883,0.11267098190331,0.292315193279667));
#8695=CARTESIAN_POINT('Ctrl Pts',(0.865975864786607,0.113655900175734,0.293009701111961));
#8696=CARTESIAN_POINT('Ctrl Pts',(0.869250785492683,0.116795115011935,0.295034991368577));
#8697=CARTESIAN_POINT('Ctrl Pts',(0.870132814594976,0.118961701688387,0.296348448259393));
#8698=CARTESIAN_POINT('Ctrl Pts',(0.869832548963583,0.123299740339916,0.298713110452571));
#8699=CARTESIAN_POINT('Ctrl Pts',(0.868659019254544,0.125460404468321,0.299762363084371));
#8700=CARTESIAN_POINT('Ctrl Pts',(0.86496385805305,0.128495328675839,0.301149927916761));
#8701=CARTESIAN_POINT('Ctrl Pts',(0.86250825118411,0.129354042711931,0.301503549679519));
#8702=CARTESIAN_POINT('Ctrl Pts',(0.859999995105321,0.129358041620453,0.301505247155961));
#8703=CARTESIAN_POINT('',(0.859999995105321,0.129358041620453,0.301505247155961));
#8704=CARTESIAN_POINT('',(0.86,0.112390063650213,0.292119529640291));
#8705=CARTESIAN_POINT('',(0.86,0.112390063668148,0.292119529614103));
#8706=CARTESIAN_POINT('Origin',(0.85989350879355,0.119106055527258,0.296797469795474));
#8707=CARTESIAN_POINT('Ctrl Pts',(0.859999999999999,0.110669986529453,0.294631111626162));
#8708=CARTESIAN_POINT('Ctrl Pts',(0.86266219714396,0.110673879638355,0.294633777853101));
#8709=CARTESIAN_POINT('Ctrl Pts',(0.86519719252108,0.111534927953873,0.295237285558471));
#8710=CARTESIAN_POINT('Ctrl Pts',(0.868944942758191,0.114683659323608,0.297267077330572));
#8711=CARTESIAN_POINT('Ctrl Pts',(0.869999478164869,0.116858488623981,0.2985980121857));
#8712=CARTESIAN_POINT('Ctrl Pts',(0.870000521817633,0.121495453154385,0.301162916327418));
#8713=CARTESIAN_POINT('Ctrl Pts',(0.868944199167907,0.123777995918732,0.302297601963465));
#8714=CARTESIAN_POINT('Ctrl Pts',(0.865197929167836,0.127172103749148,0.303886822348408));
#8715=CARTESIAN_POINT('Ctrl Pts',(0.862639495435645,0.128140294774694,0.304295197701173));
#8716=CARTESIAN_POINT('Ctrl Pts',(0.857360494775096,0.128148870197047,0.304298924999575));
#8717=CARTESIAN_POINT('Ctrl Pts',(0.854802801954829,0.127171430212322,0.303886507115433));
#8718=CARTESIAN_POINT('Ctrl Pts',(0.851055055893414,0.123778656891901,0.302297911313769));
#8719=CARTESIAN_POINT('Ctrl Pts',(0.85000052061462,0.121495444842895,0.30116291201226));
#8720=CARTESIAN_POINT('Ctrl Pts',(0.849999479478028,0.116858479803609,0.298598007024489));
#8721=CARTESIAN_POINT('Ctrl Pts',(0.851055801227282,0.11468427230967,0.297267472630831));
#8722=CARTESIAN_POINT('Ctrl Pts',(0.854802077409253,0.111534303395477,0.295236882798246));
#8723=CARTESIAN_POINT('Ctrl Pts',(0.857337802856039,0.110666093420552,0.294628445399223));
#8724=CARTESIAN_POINT('Ctrl Pts',(0.859999999999999,0.110669986529453,0.294631111626162));
#8725=CARTESIAN_POINT('Ctrl Pts',(0.859999999999999,0.116320464002839,0.286380529566527));
#8726=CARTESIAN_POINT('Ctrl Pts',(0.86266219714396,0.116323986339464,0.286382941867091));
#8727=CARTESIAN_POINT('Ctrl Pts',(0.86519719252108,0.117103030053504,0.28692897264814));
#8728=CARTESIAN_POINT('Ctrl Pts',(0.868944942758191,0.11995188224517,0.288765450918137));
#8729=CARTESIAN_POINT('Ctrl Pts',(0.869999478164869,0.121919584945507,0.289969630072777));
#8730=CARTESIAN_POINT('Ctrl Pts',(0.870000521817633,0.126114933806348,0.292290257629568));
#8731=CARTESIAN_POINT('Ctrl Pts',(0.868944199167907,0.128180091545519,0.293316877966945));
#8732=CARTESIAN_POINT('Ctrl Pts',(0.865197929167836,0.131250951011134,0.294754744029512));
#8733=CARTESIAN_POINT('Ctrl Pts',(0.862639495435645,0.132126933367581,0.295124226491537));
#8734=CARTESIAN_POINT('Ctrl Pts',(0.857360494775096,0.132134692083043,0.29512759880914));
#8735=CARTESIAN_POINT('Ctrl Pts',(0.854802801954829,0.131250341620672,0.294754458818725));
#8736=CARTESIAN_POINT('Ctrl Pts',(0.851055055893414,0.128180689568863,0.293317157855315));
#8737=CARTESIAN_POINT('Ctrl Pts',(0.85000052061462,0.126114926286429,0.292290253725378));
#8738=CARTESIAN_POINT('Ctrl Pts',(0.849999479478028,0.12191957696517,0.289969625403109));
#8739=CARTESIAN_POINT('Ctrl Pts',(0.851055801227282,0.119952436851606,0.288765808570752));
#8740=CARTESIAN_POINT('Ctrl Pts',(0.854802077409253,0.117102464976861,0.286928608246032));
#8741=CARTESIAN_POINT('Ctrl Pts',(0.857337802856039,0.116316941666214,0.286378117265964));
#8742=CARTESIAN_POINT('Ctrl Pts',(0.859999999999999,0.116320464002839,0.286380529566527));
#8743=CARTESIAN_POINT('',(0.858858624945881,0.129300465790419,0.301480792228322));
#8744=CARTESIAN_POINT('Origin',(0.859657862309362,0.1229155728633,0.298766893387512));
#8745=CARTESIAN_POINT('Ctrl Pts',(0.858858624945881,0.129300465790419,0.301480792228322));
#8746=CARTESIAN_POINT('Ctrl Pts',(0.856382956825815,0.129046327603344,0.301372742849348));
#8747=CARTESIAN_POINT('Ctrl Pts',(0.854032089231646,0.127939573876633,0.300909909922228));
#8748=CARTESIAN_POINT('Ctrl Pts',(0.850740936273853,0.124538727410362,0.299319049352677));
#8749=CARTESIAN_POINT('Ctrl Pts',(0.849865824114637,0.122284199455005,0.298186421742126));
#8750=CARTESIAN_POINT('Ctrl Pts',(0.85016941113049,0.117965447646617,0.295762257186372));
#8751=CARTESIAN_POINT('Ctrl Pts',(0.851355435217513,0.115929126560622,0.294489080500322));
#8752=CARTESIAN_POINT('Ctrl Pts',(0.855019832169639,0.113159268219557,0.292668205377096));
#8753=CARTESIAN_POINT('Ctrl Pts',(0.857493052201113,0.112386524455441,0.292117061613713));
#8754=CARTESIAN_POINT('Ctrl Pts',(0.86,0.112390063668148,0.292119529614103));
#8755=CARTESIAN_POINT('Ctrl Pts',(0.859999999999999,0.229330013470548,0.121368888373836));
#8756=CARTESIAN_POINT('Ctrl Pts',(0.862662197144028,0.229326120361643,0.121366222146895));
#8757=CARTESIAN_POINT('Ctrl Pts',(0.865197192520853,0.228465072046391,0.120762714441697));
#8758=CARTESIAN_POINT('Ctrl Pts',(0.868944942758418,0.225316340676131,0.118732922669257));
#8759=CARTESIAN_POINT('Ctrl Pts',(0.869999478164777,0.223141511375493,0.117401987814006));
#8760=CARTESIAN_POINT('Ctrl Pts',(0.870000521817725,0.218504546846145,0.114837083672873));
#8761=CARTESIAN_POINT('Ctrl Pts',(0.86894419916821,0.216222004081474,0.113702398036629));
#8762=CARTESIAN_POINT('Ctrl Pts',(0.865197929167534,0.212827896250648,0.112113177651495));
#8763=CARTESIAN_POINT('Ctrl Pts',(0.862639495435465,0.211859705225312,0.111704802298828));
#8764=CARTESIAN_POINT('Ctrl Pts',(0.857360494775277,0.21185112980295,0.111701075000421));
#8765=CARTESIAN_POINT('Ctrl Pts',(0.854802801954779,0.212828569787572,0.112113492884515));
#8766=CARTESIAN_POINT('Ctrl Pts',(0.851055055893463,0.216221343108208,0.11370208868628));
#8767=CARTESIAN_POINT('Ctrl Pts',(0.850000520614802,0.218504555157718,0.114837087988077));
#8768=CARTESIAN_POINT('Ctrl Pts',(0.849999479477844,0.223141520195781,0.117401992975171));
#8769=CARTESIAN_POINT('Ctrl Pts',(0.851055801227112,0.225315727690305,0.11873252736915));
#8770=CARTESIAN_POINT('Ctrl Pts',(0.854802077409423,0.22846569660455,0.12076311720177));
#8771=CARTESIAN_POINT('Ctrl Pts',(0.857337802855972,0.229333906579454,0.121371554600778));
#8772=CARTESIAN_POINT('Ctrl Pts',(0.859999999999999,0.229330013470548,0.121368888373836));
#8773=CARTESIAN_POINT('Ctrl Pts',(0.859999999999999,0.223679535997163,0.129619470433471));
#8774=CARTESIAN_POINT('Ctrl Pts',(0.862662197144028,0.223676013660534,0.129617058132905));
#8775=CARTESIAN_POINT('Ctrl Pts',(0.865197192520853,0.222896969946734,0.129071027352011));
#8776=CARTESIAN_POINT('Ctrl Pts',(0.868944942758418,0.220048117754595,0.127234549081709));
#8777=CARTESIAN_POINT('Ctrl Pts',(0.869999478164777,0.218080415054017,0.126030369926958));
#8778=CARTESIAN_POINT('Ctrl Pts',(0.870000521817725,0.213885066194131,0.123709742370695));
#8779=CARTESIAN_POINT('Ctrl Pts',(0.86894419916821,0.211819908454667,0.122683122033141));
#8780=CARTESIAN_POINT('Ctrl Pts',(0.865197929167534,0.208749048988682,0.1212452559704));
#8781=CARTESIAN_POINT('Ctrl Pts',(0.862639495435465,0.207873066632425,0.120875773508463));
#8782=CARTESIAN_POINT('Ctrl Pts',(0.857360494775277,0.207865307916955,0.120872401190857));
#8783=CARTESIAN_POINT('Ctrl Pts',(0.854802801954779,0.208749658379232,0.121245541181228));
#8784=CARTESIAN_POINT('Ctrl Pts',(0.851055055893463,0.211819310431236,0.12268284214473));
#8785=CARTESIAN_POINT('Ctrl Pts',(0.850000520614802,0.213885073714126,0.123709746274926));
#8786=CARTESIAN_POINT('Ctrl Pts',(0.849999479477844,0.218080423034278,0.126030374596584));
#8787=CARTESIAN_POINT('Ctrl Pts',(0.851055801227112,0.220047563148371,0.127234191429231));
#8788=CARTESIAN_POINT('Ctrl Pts',(0.854802077409423,0.222897535023165,0.129071391753982));
#8789=CARTESIAN_POINT('Ctrl Pts',(0.857337802855972,0.223683058333791,0.129621882734037));
#8790=CARTESIAN_POINT('Ctrl Pts',(0.859999999999999,0.223679535997163,0.129619470433471));
#8791=CARTESIAN_POINT('',(0.861136832444435,0.227557317567992,0.123843800490358));
#8792=CARTESIAN_POINT('',(0.85999999510532,0.210641958391767,0.114494752815927));
#8793=CARTESIAN_POINT('Ctrl Pts',(0.861136832444435,0.227557317567992,0.123843800490358));
#8794=CARTESIAN_POINT('Ctrl Pts',(0.863629539359952,0.227329018096736,0.123684806720363));
#8795=CARTESIAN_POINT('Ctrl Pts',(0.865975864786673,0.226344099824274,0.122990298888039));
#8796=CARTESIAN_POINT('Ctrl Pts',(0.869250785492623,0.223204884988007,0.120965008631382));
#8797=CARTESIAN_POINT('Ctrl Pts',(0.870132814594956,0.221038298311563,0.119651551740576));
#8798=CARTESIAN_POINT('Ctrl Pts',(0.869832548963629,0.21670025966005,0.117286889547409));
#8799=CARTESIAN_POINT('Ctrl Pts',(0.868659019254543,0.214539595531643,0.116237636915613));
#8800=CARTESIAN_POINT('Ctrl Pts',(0.864963858053014,0.211504671324182,0.114850072083245));
#8801=CARTESIAN_POINT('Ctrl Pts',(0.862508251184101,0.210645957288075,0.114496450320482));
#8802=CARTESIAN_POINT('Ctrl Pts',(0.85999999510532,0.210641958379549,0.114494752844038));
#8803=CARTESIAN_POINT('',(0.85999999510532,0.210641958379549,0.114494752844038));
#8804=CARTESIAN_POINT('',(0.86,0.227609936349788,0.123880470359708));
#8805=CARTESIAN_POINT('',(0.86,0.227609936331854,0.123880470385896));
#8806=CARTESIAN_POINT('Origin',(0.859893508789454,0.220893944480912,0.119202530210259));
#8807=CARTESIAN_POINT('Ctrl Pts',(0.859999999999999,0.229330013470548,0.121368888373836));
#8808=CARTESIAN_POINT('Ctrl Pts',(0.862662197144028,0.229326120361643,0.121366222146895));
#8809=CARTESIAN_POINT('Ctrl Pts',(0.865197192520853,0.228465072046391,0.120762714441697));
#8810=CARTESIAN_POINT('Ctrl Pts',(0.868944942758418,0.225316340676131,0.118732922669257));
#8811=CARTESIAN_POINT('Ctrl Pts',(0.869999478164777,0.223141511375493,0.117401987814006));
#8812=CARTESIAN_POINT('Ctrl Pts',(0.870000521817725,0.218504546846145,0.114837083672873));
#8813=CARTESIAN_POINT('Ctrl Pts',(0.86894419916821,0.216222004081474,0.113702398036629));
#8814=CARTESIAN_POINT('Ctrl Pts',(0.865197929167534,0.212827896250648,0.112113177651495));
#8815=CARTESIAN_POINT('Ctrl Pts',(0.862639495435465,0.211859705225312,0.111704802298828));
#8816=CARTESIAN_POINT('Ctrl Pts',(0.857360494775277,0.21185112980295,0.111701075000421));
#8817=CARTESIAN_POINT('Ctrl Pts',(0.854802801954779,0.212828569787572,0.112113492884515));
#8818=CARTESIAN_POINT('Ctrl Pts',(0.851055055893463,0.216221343108208,0.11370208868628));
#8819=CARTESIAN_POINT('Ctrl Pts',(0.850000520614802,0.218504555157718,0.114837087988077));
#8820=CARTESIAN_POINT('Ctrl Pts',(0.849999479477844,0.223141520195781,0.117401992975171));
#8821=CARTESIAN_POINT('Ctrl Pts',(0.851055801227112,0.225315727690305,0.11873252736915));
#8822=CARTESIAN_POINT('Ctrl Pts',(0.854802077409423,0.22846569660455,0.12076311720177));
#8823=CARTESIAN_POINT('Ctrl Pts',(0.857337802855972,0.229333906579454,0.121371554600778));
#8824=CARTESIAN_POINT('Ctrl Pts',(0.859999999999999,0.229330013470548,0.121368888373836));
#8825=CARTESIAN_POINT('Ctrl Pts',(0.859999999999999,0.223679535997163,0.129619470433471));
#8826=CARTESIAN_POINT('Ctrl Pts',(0.862662197144028,0.223676013660534,0.129617058132905));
#8827=CARTESIAN_POINT('Ctrl Pts',(0.865197192520853,0.222896969946734,0.129071027352011));
#8828=CARTESIAN_POINT('Ctrl Pts',(0.868944942758418,0.220048117754595,0.127234549081709));
#8829=CARTESIAN_POINT('Ctrl Pts',(0.869999478164777,0.218080415054017,0.126030369926958));
#8830=CARTESIAN_POINT('Ctrl Pts',(0.870000521817725,0.213885066194131,0.123709742370695));
#8831=CARTESIAN_POINT('Ctrl Pts',(0.86894419916821,0.211819908454667,0.122683122033141));
#8832=CARTESIAN_POINT('Ctrl Pts',(0.865197929167534,0.208749048988682,0.1212452559704));
#8833=CARTESIAN_POINT('Ctrl Pts',(0.862639495435465,0.207873066632425,0.120875773508463));
#8834=CARTESIAN_POINT('Ctrl Pts',(0.857360494775277,0.207865307916955,0.120872401190857));
#8835=CARTESIAN_POINT('Ctrl Pts',(0.854802801954779,0.208749658379232,0.121245541181228));
#8836=CARTESIAN_POINT('Ctrl Pts',(0.851055055893463,0.211819310431236,0.12268284214473));
#8837=CARTESIAN_POINT('Ctrl Pts',(0.850000520614802,0.213885073714126,0.123709746274926));
#8838=CARTESIAN_POINT('Ctrl Pts',(0.849999479477844,0.218080423034278,0.126030374596584));
#8839=CARTESIAN_POINT('Ctrl Pts',(0.851055801227112,0.220047563148371,0.127234191429231));
#8840=CARTESIAN_POINT('Ctrl Pts',(0.854802077409423,0.222897535023165,0.129071391753982));
#8841=CARTESIAN_POINT('Ctrl Pts',(0.857337802855972,0.223683058333791,0.129621882734037));
#8842=CARTESIAN_POINT('Ctrl Pts',(0.859999999999999,0.223679535997163,0.129619470433471));
#8843=CARTESIAN_POINT('',(0.858858624945855,0.210699534209584,0.114519207771677));
#8844=CARTESIAN_POINT('Origin',(0.85965786230714,0.217084427104786,0.117233106598868));
#8845=CARTESIAN_POINT('Ctrl Pts',(0.858858624945855,0.210699534209584,0.114519207771677));
#8846=CARTESIAN_POINT('Ctrl Pts',(0.856382956825792,0.21095367239666,0.114627257150652));
#8847=CARTESIAN_POINT('Ctrl Pts',(0.854032089231556,0.212060426123302,0.115090090077737));
#8848=CARTESIAN_POINT('Ctrl Pts',(0.850740936274004,0.215461272589765,0.116680950647377));
#8849=CARTESIAN_POINT('Ctrl Pts',(0.849865824114671,0.217715800545107,0.117813578257931));
#8850=CARTESIAN_POINT('Ctrl Pts',(0.850169411130409,0.222034552353467,0.120237742813676));
#8851=CARTESIAN_POINT('Ctrl Pts',(0.851355435217517,0.224070873439454,0.121510919499729));
#8852=CARTESIAN_POINT('Ctrl Pts',(0.855019832169727,0.226840731780414,0.12333179462288));
#8853=CARTESIAN_POINT('Ctrl Pts',(0.857493052201111,0.227613475544564,0.123882938386288));
#8854=CARTESIAN_POINT('Ctrl Pts',(0.86,0.227609936331854,0.123880470385896));
#8855=CARTESIAN_POINT('Ctrl Pts',(0.859999999999999,0.0833688883738384,
0.148669986529453));
#8856=CARTESIAN_POINT('Ctrl Pts',(0.862662197143969,0.0833662221468973,
0.148673879638357));
#8857=CARTESIAN_POINT('Ctrl Pts',(0.865197192520924,0.0827627144415976,
0.149534927953767));
#8858=CARTESIAN_POINT('Ctrl Pts',(0.868944942758347,0.0807329226693605,
0.152683659323713));
#8859=CARTESIAN_POINT('Ctrl Pts',(0.869999478164686,0.0794019878139923,
0.154858488624536));
#8860=CARTESIAN_POINT('Ctrl Pts',(0.870000521817817,0.0768370836728908,
0.159495453153827));
#8861=CARTESIAN_POINT('Ctrl Pts',(0.868944199168194,0.0757023980366312,
0.161777995918526));
#8862=CARTESIAN_POINT('Ctrl Pts',(0.86519792916755,0.0741131776514964,0.165172103749353));
#8863=CARTESIAN_POINT('Ctrl Pts',(0.862639495435628,0.0737048022988304,
0.166140294774687));
#8864=CARTESIAN_POINT('Ctrl Pts',(0.857360494775112,0.0737010750004224,
0.166148870197053));
#8865=CARTESIAN_POINT('Ctrl Pts',(0.854802801954871,0.074113492884524,0.165171430212414));
#8866=CARTESIAN_POINT('Ctrl Pts',(0.851055055893371,0.0757020886862752,
0.161778656891808));
#8867=CARTESIAN_POINT('Ctrl Pts',(0.850000520614711,0.0768370879878633,
0.159495444842672));
#8868=CARTESIAN_POINT('Ctrl Pts',(0.849999479477937,0.0794019929753885,
0.154858479803831));
#8869=CARTESIAN_POINT('Ctrl Pts',(0.851055801226849,0.0807325273690514,
0.152684272309852));
#8870=CARTESIAN_POINT('Ctrl Pts',(0.854802077409685,0.0827631172018726,
0.149534303395294));
#8871=CARTESIAN_POINT('Ctrl Pts',(0.85733780285603,0.0833715546007795,0.148666093420548));
#8872=CARTESIAN_POINT('Ctrl Pts',(0.859999999999999,0.0833688883738384,
0.148669986529453));
#8873=CARTESIAN_POINT('Ctrl Pts',(0.859999999999999,0.0916194704334729,
0.154320464002838));
#8874=CARTESIAN_POINT('Ctrl Pts',(0.862662197143969,0.0916170581329072,
0.154323986339466));
#8875=CARTESIAN_POINT('Ctrl Pts',(0.865197192520924,0.0910710273519218,
0.155103030053408));
#8876=CARTESIAN_POINT('Ctrl Pts',(0.868944942758347,0.0892345490818024,
0.157951882245264));
#8877=CARTESIAN_POINT('Ctrl Pts',(0.869999478164686,0.0880303699269455,
0.159919584946009));
#8878=CARTESIAN_POINT('Ctrl Pts',(0.870000521817817,0.0857097423707109,
0.164114933805844));
#8879=CARTESIAN_POINT('Ctrl Pts',(0.868944199168194,0.0846831220331427,
0.166180091545333));
#8880=CARTESIAN_POINT('Ctrl Pts',(0.86519792916755,0.0832452559704016,0.169250951011319));
#8881=CARTESIAN_POINT('Ctrl Pts',(0.862639495435628,0.0828757735084658,
0.170126933367574));
#8882=CARTESIAN_POINT('Ctrl Pts',(0.857360494775112,0.0828724011908586,
0.170134692083048));
#8883=CARTESIAN_POINT('Ctrl Pts',(0.854802801954871,0.0832455411812361,
0.169250341620756));
#8884=CARTESIAN_POINT('Ctrl Pts',(0.851055055893371,0.0846828421447253,
0.166180689568778));
#8885=CARTESIAN_POINT('Ctrl Pts',(0.850000520614711,0.0857097462747336,
0.164114926286227));
#8886=CARTESIAN_POINT('Ctrl Pts',(0.849999479477936,0.0880303745967802,
0.159919576965371));
#8887=CARTESIAN_POINT('Ctrl Pts',(0.851055801226849,0.0892341914291419,
0.157952436851771));
#8888=CARTESIAN_POINT('Ctrl Pts',(0.854802077409685,0.0910713917540753,
0.155102464976695));
#8889=CARTESIAN_POINT('Ctrl Pts',(0.85733780285603,0.0916218827340387,0.15431694166621));
#8890=CARTESIAN_POINT('Ctrl Pts',(0.859999999999999,0.0916194704334729,
0.154320464002838));
#8891=CARTESIAN_POINT('',(0.861136832444442,0.0858438004903537,0.150442682432018));
#8892=CARTESIAN_POINT('',(0.859999995105321,0.0764947528159292,0.167358041608234));
#8893=CARTESIAN_POINT('Ctrl Pts',(0.861136832444442,0.0858438004903537,
0.150442682432018));
#8894=CARTESIAN_POINT('Ctrl Pts',(0.863629539359959,0.0856848067203325,
0.150670981903311));
#8895=CARTESIAN_POINT('Ctrl Pts',(0.865975864786722,0.0849902988880234,
0.15165590017576));
#8896=CARTESIAN_POINT('Ctrl Pts',(0.869250785492655,0.0829650086313752,
0.154795115012004));
#8897=CARTESIAN_POINT('Ctrl Pts',(0.870132814594922,0.0816515517405557,
0.156961701688477));
#8898=CARTESIAN_POINT('Ctrl Pts',(0.869832548963691,0.0792868895473932,
0.161299740339985));
#8899=CARTESIAN_POINT('Ctrl Pts',(0.86865901925452,0.0782376369156116,0.163460404468365));
#8900=CARTESIAN_POINT('Ctrl Pts',(0.864963858053009,0.0768500720832368,
0.166495328675838));
#8901=CARTESIAN_POINT('Ctrl Pts',(0.862508251184095,0.0764964503204841,
0.167354042711924));
#8902=CARTESIAN_POINT('Ctrl Pts',(0.859999995105321,0.0764947528440394,
0.167358041620452));
#8903=CARTESIAN_POINT('',(0.859999995105321,0.0764947528440394,0.167358041620452));
#8904=CARTESIAN_POINT('',(0.859999999999999,0.0858804703597097,0.150390063650212));
#8905=CARTESIAN_POINT('',(0.859999999999999,0.0858804703858974,0.150390063668147));
#8906=CARTESIAN_POINT('Origin',(0.859893508791419,0.081202530199281,0.157106055534739));
#8907=CARTESIAN_POINT('Ctrl Pts',(0.859999999999999,0.0833688883738384,
0.148669986529453));
#8908=CARTESIAN_POINT('Ctrl Pts',(0.862662197143969,0.0833662221468973,
0.148673879638357));
#8909=CARTESIAN_POINT('Ctrl Pts',(0.865197192520924,0.0827627144415976,
0.149534927953767));
#8910=CARTESIAN_POINT('Ctrl Pts',(0.868944942758347,0.0807329226693605,
0.152683659323713));
#8911=CARTESIAN_POINT('Ctrl Pts',(0.869999478164686,0.0794019878139923,
0.154858488624536));
#8912=CARTESIAN_POINT('Ctrl Pts',(0.870000521817817,0.0768370836728908,
0.159495453153827));
#8913=CARTESIAN_POINT('Ctrl Pts',(0.868944199168194,0.0757023980366312,
0.161777995918526));
#8914=CARTESIAN_POINT('Ctrl Pts',(0.86519792916755,0.0741131776514964,0.165172103749353));
#8915=CARTESIAN_POINT('Ctrl Pts',(0.862639495435628,0.0737048022988304,
0.166140294774687));
#8916=CARTESIAN_POINT('Ctrl Pts',(0.857360494775112,0.0737010750004224,
0.166148870197053));
#8917=CARTESIAN_POINT('Ctrl Pts',(0.854802801954871,0.074113492884524,0.165171430212414));
#8918=CARTESIAN_POINT('Ctrl Pts',(0.851055055893371,0.0757020886862752,
0.161778656891808));
#8919=CARTESIAN_POINT('Ctrl Pts',(0.850000520614711,0.0768370879878633,
0.159495444842672));
#8920=CARTESIAN_POINT('Ctrl Pts',(0.849999479477937,0.0794019929753885,
0.154858479803831));
#8921=CARTESIAN_POINT('Ctrl Pts',(0.851055801226849,0.0807325273690514,
0.152684272309852));
#8922=CARTESIAN_POINT('Ctrl Pts',(0.854802077409685,0.0827631172018726,
0.149534303395294));
#8923=CARTESIAN_POINT('Ctrl Pts',(0.85733780285603,0.0833715546007795,0.148666093420548));
#8924=CARTESIAN_POINT('Ctrl Pts',(0.859999999999999,0.0833688883738384,
0.148669986529453));
#8925=CARTESIAN_POINT('Ctrl Pts',(0.859999999999999,0.0916194704334729,
0.154320464002838));
#8926=CARTESIAN_POINT('Ctrl Pts',(0.862662197143969,0.0916170581329072,
0.154323986339466));
#8927=CARTESIAN_POINT('Ctrl Pts',(0.865197192520924,0.0910710273519218,
0.155103030053408));
#8928=CARTESIAN_POINT('Ctrl Pts',(0.868944942758347,0.0892345490818024,
0.157951882245264));
#8929=CARTESIAN_POINT('Ctrl Pts',(0.869999478164686,0.0880303699269455,
0.159919584946009));
#8930=CARTESIAN_POINT('Ctrl Pts',(0.870000521817817,0.0857097423707109,
0.164114933805844));
#8931=CARTESIAN_POINT('Ctrl Pts',(0.868944199168194,0.0846831220331427,
0.166180091545333));
#8932=CARTESIAN_POINT('Ctrl Pts',(0.86519792916755,0.0832452559704016,0.169250951011319));
#8933=CARTESIAN_POINT('Ctrl Pts',(0.862639495435628,0.0828757735084658,
0.170126933367574));
#8934=CARTESIAN_POINT('Ctrl Pts',(0.857360494775112,0.0828724011908586,
0.170134692083048));
#8935=CARTESIAN_POINT('Ctrl Pts',(0.854802801954871,0.0832455411812361,
0.169250341620756));
#8936=CARTESIAN_POINT('Ctrl Pts',(0.851055055893371,0.0846828421447253,
0.166180689568778));
#8937=CARTESIAN_POINT('Ctrl Pts',(0.850000520614711,0.0857097462747336,
0.164114926286227));
#8938=CARTESIAN_POINT('Ctrl Pts',(0.849999479477936,0.0880303745967802,
0.159919576965371));
#8939=CARTESIAN_POINT('Ctrl Pts',(0.851055801226849,0.0892341914291419,
0.157952436851771));
#8940=CARTESIAN_POINT('Ctrl Pts',(0.854802077409685,0.0910713917540753,
0.155102464976695));
#8941=CARTESIAN_POINT('Ctrl Pts',(0.85733780285603,0.0916218827340387,0.15431694166621));
#8942=CARTESIAN_POINT('Ctrl Pts',(0.859999999999999,0.0916194704334729,
0.154320464002838));
#8943=CARTESIAN_POINT('',(0.858858624945752,0.0765192077716816,0.167300465790411));
#8944=CARTESIAN_POINT('Origin',(0.859657862312548,0.0792331066345114,0.160915572811478));
#8945=CARTESIAN_POINT('Ctrl Pts',(0.858858624945752,0.0765192077716816,
0.167300465790411));
#8946=CARTESIAN_POINT('Ctrl Pts',(0.856382956825694,0.0766272571506601,
0.167046327603326));
#8947=CARTESIAN_POINT('Ctrl Pts',(0.854032089231536,0.0770900900777849,
0.165939573876601));
#8948=CARTESIAN_POINT('Ctrl Pts',(0.850740936273862,0.0786809506473774,
0.162538727410246));
#8949=CARTESIAN_POINT('Ctrl Pts',(0.849865824114686,0.079813578257923,0.160284199454913));
#8950=CARTESIAN_POINT('Ctrl Pts',(0.850169411130412,0.0822377428136884,
0.155965447646514));
#8951=CARTESIAN_POINT('Ctrl Pts',(0.851355435217478,0.0835109194997268,
0.15392912656056));
#8952=CARTESIAN_POINT('Ctrl Pts',(0.855019832169743,0.0853317946228691,
0.151159268219603));
#8953=CARTESIAN_POINT('Ctrl Pts',(0.857493052201105,0.0858829383862895,
0.150386524455437));
#8954=CARTESIAN_POINT('Ctrl Pts',(0.859999999999999,0.0858804703858974,
0.150390063668147));
#8955=CARTESIAN_POINT('Ctrl Pts',(0.859999999999999,0.256631111626165,0.267330013470546));
#8956=CARTESIAN_POINT('Ctrl Pts',(0.862662197144221,0.256633777853108,0.267326120361638));
#8957=CARTESIAN_POINT('Ctrl Pts',(0.865197192521283,0.257237285558617,0.266465072045904));
#8958=CARTESIAN_POINT('Ctrl Pts',(0.868944942757989,0.259267077330431,0.263316340676614));
#8959=CARTESIAN_POINT('Ctrl Pts',(0.869999478164961,0.26059801218578,0.26114151137588));
#8960=CARTESIAN_POINT('Ctrl Pts',(0.870000521817541,0.263162916327343,0.256504546845754));
#8961=CARTESIAN_POINT('Ctrl Pts',(0.868944199168145,0.264297601963367,0.254222004081482));
#8962=CARTESIAN_POINT('Ctrl Pts',(0.865197929167599,0.265886822348511,0.250827896250636));
#8963=CARTESIAN_POINT('Ctrl Pts',(0.862639495435476,0.266295197701173,0.249859705225311));
#8964=CARTESIAN_POINT('Ctrl Pts',(0.857360494775264,0.266298924999581,0.249851129802946));
#8965=CARTESIAN_POINT('Ctrl Pts',(0.854802801954869,0.265886507115504,0.250828569787531));
#8966=CARTESIAN_POINT('Ctrl Pts',(0.851055055893373,0.264297911313703,0.254221343108244));
#8967=CARTESIAN_POINT('Ctrl Pts',(0.85000052061462,0.26316291201237,0.25650455515691));
#8968=CARTESIAN_POINT('Ctrl Pts',(0.849999479478028,0.260598007024384,0.261141520196584));
#8969=CARTESIAN_POINT('Ctrl Pts',(0.85105580122719,0.2592674726308,0.263315727690382));
#8970=CARTESIAN_POINT('Ctrl Pts',(0.854802077409345,0.257236882798282,0.266465696604469));
#8971=CARTESIAN_POINT('Ctrl Pts',(0.857337802855779,0.256628445399222,0.267333906579454));
#8972=CARTESIAN_POINT('Ctrl Pts',(0.859999999999999,0.256631111626165,0.267330013470546));
#8973=CARTESIAN_POINT('Ctrl Pts',(0.859999999999999,0.24838052956653,0.261679535997161));
#8974=CARTESIAN_POINT('Ctrl Pts',(0.862662197144221,0.248382941867098,0.26167601366053));
#8975=CARTESIAN_POINT('Ctrl Pts',(0.865197192521283,0.248928972648272,0.260896969946294));
#8976=CARTESIAN_POINT('Ctrl Pts',(0.868944942757989,0.250765450918009,0.258048117755032));
#8977=CARTESIAN_POINT('Ctrl Pts',(0.869999478164961,0.251969630072849,0.256080415054367));
#8978=CARTESIAN_POINT('Ctrl Pts',(0.870000521817541,0.254290257629501,0.251885066193777));
#8979=CARTESIAN_POINT('Ctrl Pts',(0.868944199168145,0.255316877966856,0.249819908454675));
#8980=CARTESIAN_POINT('Ctrl Pts',(0.865197929167599,0.256754744029606,0.246749048988671));
#8981=CARTESIAN_POINT('Ctrl Pts',(0.862639495435476,0.257124226491537,0.245873066632424));
#8982=CARTESIAN_POINT('Ctrl Pts',(0.857360494775264,0.257127598809144,0.245865307916951));
#8983=CARTESIAN_POINT('Ctrl Pts',(0.854802801954869,0.25675445881879,0.246749658379195));
#8984=CARTESIAN_POINT('Ctrl Pts',(0.851055055893373,0.255317157855255,0.249819310431269));
#8985=CARTESIAN_POINT('Ctrl Pts',(0.85000052061462,0.254290253725478,0.251885073713395));
#8986=CARTESIAN_POINT('Ctrl Pts',(0.849999479478028,0.251969625403015,0.256080423035005));
#8987=CARTESIAN_POINT('Ctrl Pts',(0.85105580122719,0.250765808570724,0.258047563148441));
#8988=CARTESIAN_POINT('Ctrl Pts',(0.854802077409345,0.248928608246065,0.260897535023091));
#8989=CARTESIAN_POINT('Ctrl Pts',(0.857337802855779,0.248378117265962,0.261683058333792));
#8990=CARTESIAN_POINT('Ctrl Pts',(0.859999999999999,0.24838052956653,0.261679535997161));
#8991=CARTESIAN_POINT('',(0.861136832444377,0.254156199509651,0.265557317567978));
#8992=CARTESIAN_POINT('',(0.85999999510532,0.263505247184074,0.248641958391765));
#8993=CARTESIAN_POINT('Ctrl Pts',(0.861136832444377,0.254156199509651,0.265557317567978));
#8994=CARTESIAN_POINT('Ctrl Pts',(0.863629539359899,0.254315193279685,0.265329018096667));
#8995=CARTESIAN_POINT('Ctrl Pts',(0.865975864786664,0.255009701111972,0.26434409982425));
#8996=CARTESIAN_POINT('Ctrl Pts',(0.869250785492698,0.25703499136861,0.261204884988021));
#8997=CARTESIAN_POINT('Ctrl Pts',(0.870132814595022,0.258348448259426,0.25903829831156));
#8998=CARTESIAN_POINT('Ctrl Pts',(0.869832548963499,0.260713110452595,0.254700259660042));
#8999=CARTESIAN_POINT('Ctrl Pts',(0.868659019254509,0.261762363084387,0.252539595531649));
#9000=CARTESIAN_POINT('Ctrl Pts',(0.864963858053028,0.263149927916774,0.249504671324141));
#9001=CARTESIAN_POINT('Ctrl Pts',(0.862508251184098,0.263503549679519,0.248645957288074));
#9002=CARTESIAN_POINT('Ctrl Pts',(0.85999999510532,0.263505247155964,0.248641958379547));
#9003=CARTESIAN_POINT('',(0.85999999510532,0.263505247155964,0.248641958379547));
#9004=CARTESIAN_POINT('',(0.859999999999999,0.254119529640293,0.265609936349786));
#9005=CARTESIAN_POINT('',(0.859999999999999,0.254119529614106,0.265609936331852));
#9006=CARTESIAN_POINT('Origin',(0.859893508794502,0.25879746979095,0.258893944479248));
#9007=CARTESIAN_POINT('Ctrl Pts',(0.859999999999999,0.256631111626165,0.267330013470546));
#9008=CARTESIAN_POINT('Ctrl Pts',(0.862662197144221,0.256633777853108,0.267326120361638));
#9009=CARTESIAN_POINT('Ctrl Pts',(0.865197192521283,0.257237285558617,0.266465072045904));
#9010=CARTESIAN_POINT('Ctrl Pts',(0.868944942757989,0.259267077330431,0.263316340676614));
#9011=CARTESIAN_POINT('Ctrl Pts',(0.869999478164961,0.26059801218578,0.26114151137588));
#9012=CARTESIAN_POINT('Ctrl Pts',(0.870000521817541,0.263162916327343,0.256504546845754));
#9013=CARTESIAN_POINT('Ctrl Pts',(0.868944199168145,0.264297601963367,0.254222004081482));
#9014=CARTESIAN_POINT('Ctrl Pts',(0.865197929167599,0.265886822348511,0.250827896250636));
#9015=CARTESIAN_POINT('Ctrl Pts',(0.862639495435476,0.266295197701173,0.249859705225311));
#9016=CARTESIAN_POINT('Ctrl Pts',(0.857360494775264,0.266298924999581,0.249851129802946));
#9017=CARTESIAN_POINT('Ctrl Pts',(0.854802801954869,0.265886507115504,0.250828569787531));
#9018=CARTESIAN_POINT('Ctrl Pts',(0.851055055893373,0.264297911313703,0.254221343108244));
#9019=CARTESIAN_POINT('Ctrl Pts',(0.85000052061462,0.26316291201237,0.25650455515691));
#9020=CARTESIAN_POINT('Ctrl Pts',(0.849999479478028,0.260598007024384,0.261141520196584));
#9021=CARTESIAN_POINT('Ctrl Pts',(0.85105580122719,0.2592674726308,0.263315727690382));
#9022=CARTESIAN_POINT('Ctrl Pts',(0.854802077409345,0.257236882798282,0.266465696604469));
#9023=CARTESIAN_POINT('Ctrl Pts',(0.857337802855779,0.256628445399222,0.267333906579454));
#9024=CARTESIAN_POINT('Ctrl Pts',(0.859999999999999,0.256631111626165,0.267330013470546));
#9025=CARTESIAN_POINT('Ctrl Pts',(0.859999999999999,0.24838052956653,0.261679535997161));
#9026=CARTESIAN_POINT('Ctrl Pts',(0.862662197144221,0.248382941867098,0.26167601366053));
#9027=CARTESIAN_POINT('Ctrl Pts',(0.865197192521283,0.248928972648272,0.260896969946294));
#9028=CARTESIAN_POINT('Ctrl Pts',(0.868944942757989,0.250765450918009,0.258048117755032));
#9029=CARTESIAN_POINT('Ctrl Pts',(0.869999478164961,0.251969630072849,0.256080415054367));
#9030=CARTESIAN_POINT('Ctrl Pts',(0.870000521817541,0.254290257629501,0.251885066193777));
#9031=CARTESIAN_POINT('Ctrl Pts',(0.868944199168145,0.255316877966856,0.249819908454675));
#9032=CARTESIAN_POINT('Ctrl Pts',(0.865197929167599,0.256754744029606,0.246749048988671));
#9033=CARTESIAN_POINT('Ctrl Pts',(0.862639495435476,0.257124226491537,0.245873066632424));
#9034=CARTESIAN_POINT('Ctrl Pts',(0.857360494775264,0.257127598809144,0.245865307916951));
#9035=CARTESIAN_POINT('Ctrl Pts',(0.854802801954869,0.25675445881879,0.246749658379195));
#9036=CARTESIAN_POINT('Ctrl Pts',(0.851055055893373,0.255317157855255,0.249819310431269));
#9037=CARTESIAN_POINT('Ctrl Pts',(0.85000052061462,0.254290253725478,0.251885073713395));
#9038=CARTESIAN_POINT('Ctrl Pts',(0.849999479478028,0.251969625403015,0.256080423035005));
#9039=CARTESIAN_POINT('Ctrl Pts',(0.85105580122719,0.250765808570724,0.258047563148441));
#9040=CARTESIAN_POINT('Ctrl Pts',(0.854802077409345,0.248928608246065,0.260897535023091));
#9041=CARTESIAN_POINT('Ctrl Pts',(0.857337802855779,0.248378117265962,0.261683058333792));
#9042=CARTESIAN_POINT('Ctrl Pts',(0.859999999999999,0.24838052956653,0.261679535997161));
#9043=CARTESIAN_POINT('',(0.85885862494575,0.26348079222832,0.24869953420959));
#9044=CARTESIAN_POINT('Origin',(0.859657862309994,0.260766893380762,0.255084427152675));
#9045=CARTESIAN_POINT('Ctrl Pts',(0.85885862494575,0.26348079222832,0.24869953420959));
#9046=CARTESIAN_POINT('Ctrl Pts',(0.856382956825689,0.263372742849339,0.248953672396683));
#9047=CARTESIAN_POINT('Ctrl Pts',(0.854032089231552,0.262909909922206,0.25006042612343));
#9048=CARTESIAN_POINT('Ctrl Pts',(0.850740936273828,0.26131904935263,0.253461272589735));
#9049=CARTESIAN_POINT('Ctrl Pts',(0.849865824114652,0.260186421742097,0.255715800545055));
#9050=CARTESIAN_POINT('Ctrl Pts',(0.850169411130477,0.257762257186336,0.260034552353448));
#9051=CARTESIAN_POINT('Ctrl Pts',(0.851355435217487,0.256489080500289,0.262070873439424));
#9052=CARTESIAN_POINT('Ctrl Pts',(0.855019832169713,0.254668205377127,0.264840731780404));
#9053=CARTESIAN_POINT('Ctrl Pts',(0.857493052201093,0.254117061613712,0.265613475544564));
#9054=CARTESIAN_POINT('Ctrl Pts',(0.859999999999999,0.254119529614106,0.265609936331852));
#9055=CARTESIAN_POINT('Ctrl Pts',(1.04406395465314,0.29500098485678,0.208));
#9056=CARTESIAN_POINT('Ctrl Pts',(1.04174913983833,0.29500098485678,0.13583064774397));
#9057=CARTESIAN_POINT('Ctrl Pts',(1.03943432502351,0.23250049242839,0.0997459716159556));
#9058=CARTESIAN_POINT('Ctrl Pts',(1.0371195102087,0.170000000000001,0.063661295487941));
#9059=CARTESIAN_POINT('Ctrl Pts',(1.03480469539388,0.107499507571612,0.0997459716159557));
#9060=CARTESIAN_POINT('Ctrl Pts',(1.03248988057907,0.044999015143223,0.13583064774397));
#9061=CARTESIAN_POINT('Ctrl Pts',(1.03017506576425,0.044999015143223,0.208));
#9062=CARTESIAN_POINT('Ctrl Pts',(1.02786025094944,0.044999015143223,0.280169352256029));
#9063=CARTESIAN_POINT('Ctrl Pts',(1.02554543613462,0.107499507571612,0.316254028384044));
#9064=CARTESIAN_POINT('Ctrl Pts',(1.02323062131981,0.170000000000001,0.352338704512058));
#9065=CARTESIAN_POINT('Ctrl Pts',(1.02091580650499,0.23250049242839,0.316254028384044));
#9066=CARTESIAN_POINT('Ctrl Pts',(1.01860099169018,0.29500098485678,0.280169352256029));
#9067=CARTESIAN_POINT('Ctrl Pts',(1.01628617687536,0.29500098485678,0.208));
#9068=CARTESIAN_POINT('Ctrl Pts',(1.01397136206055,0.29500098485678,0.13583064774397));
#9069=CARTESIAN_POINT('Ctrl Pts',(1.01165654724573,0.23250049242839,0.0997459716159556));
#9070=CARTESIAN_POINT('Ctrl Pts',(1.00934173243092,0.170000000000001,0.063661295487941));
#9071=CARTESIAN_POINT('Ctrl Pts',(1.0070269176161,0.107499507571612,0.0997459716159557));
#9072=CARTESIAN_POINT('Ctrl Pts',(1.00471210280129,0.044999015143223,0.13583064774397));
#9073=CARTESIAN_POINT('Ctrl Pts',(1.00239728798647,0.044999015143223,0.208));
#9074=CARTESIAN_POINT('Ctrl Pts',(1.00008247317166,0.044999015143223,0.280169352256029));
#9075=CARTESIAN_POINT('Ctrl Pts',(0.997767658356846,0.107499507571612,0.316254028384044));
#9076=CARTESIAN_POINT('Ctrl Pts',(0.995452843542031,0.170000000000001,0.352338704512058));
#9077=CARTESIAN_POINT('Ctrl Pts',(0.993138028727216,0.23250049242839,0.316254028384044));
#9078=CARTESIAN_POINT('Ctrl Pts',(0.990823213912401,0.29500098485678,0.280169352256029));
#9079=CARTESIAN_POINT('Ctrl Pts',(0.988508399097586,0.29500098485678,0.208));
#9080=CARTESIAN_POINT('Ctrl Pts',(0.986193584282772,0.29500098485678,0.13583064774397));
#9081=CARTESIAN_POINT('Ctrl Pts',(0.983878769467957,0.23250049242839,0.0997459716159556));
#9082=CARTESIAN_POINT('Ctrl Pts',(0.981563954653142,0.170000000000001,0.063661295487941));
#9083=CARTESIAN_POINT('Ctrl Pts',(0.979249139838327,0.107499507571612,0.0997459716159557));
#9084=CARTESIAN_POINT('Ctrl Pts',(0.976934325023512,0.044999015143223,0.13583064774397));
#9085=CARTESIAN_POINT('Ctrl Pts',(0.974619510208697,0.044999015143223,0.208));
#9086=CARTESIAN_POINT('Ctrl Pts',(0.972304695393882,0.044999015143223,0.280169352256029));
#9087=CARTESIAN_POINT('Ctrl Pts',(0.969989880579067,0.107499507571612,0.316254028384044));
#9088=CARTESIAN_POINT('Ctrl Pts',(0.967675065764253,0.170000000000001,0.352338704512058));
#9089=CARTESIAN_POINT('Ctrl Pts',(0.965360250949439,0.23250049242839,0.316254028384044));
#9090=CARTESIAN_POINT('Ctrl Pts',(0.963045436134623,0.29500098485678,0.280169352256029));
#9091=CARTESIAN_POINT('Ctrl Pts',(0.960730621319809,0.29500098485678,0.208));
#9092=CARTESIAN_POINT('Ctrl Pts',(0.958415806504994,0.29500098485678,0.13583064774397));
#9093=CARTESIAN_POINT('Ctrl Pts',(0.956100991690179,0.23250049242839,0.0997459716159556));
#9094=CARTESIAN_POINT('Ctrl Pts',(0.953786176875364,0.170000000000001,0.063661295487941));
#9095=CARTESIAN_POINT('Ctrl Pts',(0.951471362060549,0.107499507571612,0.0997459716159557));
#9096=CARTESIAN_POINT('Ctrl Pts',(0.949156547245734,0.044999015143223,0.13583064774397));
#9097=CARTESIAN_POINT('Ctrl Pts',(0.94684173243092,0.044999015143223,0.208));
#9098=CARTESIAN_POINT('Ctrl Pts',(0.944526917616105,0.044999015143223,0.280169352256029));
#9099=CARTESIAN_POINT('Ctrl Pts',(0.94221210280129,0.107499507571612,0.316254028384044));
#9100=CARTESIAN_POINT('Ctrl Pts',(0.939897287986476,0.170000000000001,0.352338704512058));
#9101=CARTESIAN_POINT('Ctrl Pts',(0.93758247317166,0.23250049242839,0.316254028384044));
#9102=CARTESIAN_POINT('Ctrl Pts',(0.935267658356846,0.29500098485678,0.280169352256029));
#9103=CARTESIAN_POINT('Ctrl Pts',(0.932952843542031,0.29500098485678,0.208));
#9104=CARTESIAN_POINT('Ctrl Pts',(0.930638028727216,0.29500098485678,0.13583064774397));
#9105=CARTESIAN_POINT('Ctrl Pts',(0.928323213912401,0.23250049242839,0.0997459716159556));
#9106=CARTESIAN_POINT('Ctrl Pts',(0.926008399097586,0.170000000000001,0.063661295487941));
#9107=CARTESIAN_POINT('Ctrl Pts',(0.923693584282772,0.107499507571612,0.0997459716159557));
#9108=CARTESIAN_POINT('Ctrl Pts',(0.921378769467957,0.044999015143223,0.13583064774397));
#9109=CARTESIAN_POINT('Ctrl Pts',(0.919063954653142,0.044999015143223,0.208));
#9110=CARTESIAN_POINT('Ctrl Pts',(0.916749139838327,0.044999015143223,0.280169352256029));
#9111=CARTESIAN_POINT('Ctrl Pts',(0.914434325023512,0.107499507571612,0.316254028384044));
#9112=CARTESIAN_POINT('Ctrl Pts',(0.912119510208697,0.170000000000001,0.352338704512058));
#9113=CARTESIAN_POINT('Ctrl Pts',(0.909804695393882,0.232500492428391,0.316254028384044));
#9114=CARTESIAN_POINT('Ctrl Pts',(0.907489880579067,0.29500098485678,0.280169352256029));
#9115=CARTESIAN_POINT('Ctrl Pts',(0.905175065764253,0.29500098485678,0.208));
#9116=CARTESIAN_POINT('Ctrl Pts',(0.902860250949439,0.29500098485678,0.13583064774397));
#9117=CARTESIAN_POINT('Ctrl Pts',(0.900545436134624,0.23250049242839,0.0997459716159556));
#9118=CARTESIAN_POINT('Ctrl Pts',(0.898230621319808,0.170000000000001,0.063661295487941));
#9119=CARTESIAN_POINT('Ctrl Pts',(0.895915806504994,0.107499507571612,0.0997459716159557));
#9120=CARTESIAN_POINT('Ctrl Pts',(0.893600991690179,0.044999015143223,0.13583064774397));
#9121=CARTESIAN_POINT('Ctrl Pts',(0.891286176875364,0.044999015143223,0.208));
#9122=CARTESIAN_POINT('Ctrl Pts',(0.888971362060549,0.044999015143223,0.280169352256029));
#9123=CARTESIAN_POINT('Ctrl Pts',(0.886656547245734,0.107499507571612,0.316254028384044));
#9124=CARTESIAN_POINT('Ctrl Pts',(0.88434173243092,0.170000000000001,0.352338704512058));
#9125=CARTESIAN_POINT('Ctrl Pts',(0.882026917616105,0.232500492428391,0.316254028384044));
#9126=CARTESIAN_POINT('Ctrl Pts',(0.87971210280129,0.29500098485678,0.280169352256029));
#9127=CARTESIAN_POINT('Ctrl Pts',(0.877397287986475,0.29500098485678,0.208));
#9128=CARTESIAN_POINT('Ctrl Pts',(0.87508247317166,0.29500098485678,0.13583064774397));
#9129=CARTESIAN_POINT('Ctrl Pts',(0.872767658356846,0.23250049242839,0.0997459716159556));
#9130=CARTESIAN_POINT('Ctrl Pts',(0.870452843542031,0.170000000000001,0.063661295487941));
#9131=CARTESIAN_POINT('Ctrl Pts',(0.868138028727216,0.107499507571612,0.0997459716159557));
#9132=CARTESIAN_POINT('Ctrl Pts',(0.865823213912401,0.044999015143223,0.13583064774397));
#9133=CARTESIAN_POINT('Ctrl Pts',(0.863508399097586,0.044999015143223,0.208));
#9134=CARTESIAN_POINT('Ctrl Pts',(0.861193584282772,0.044999015143223,0.280169352256029));
#9135=CARTESIAN_POINT('Ctrl Pts',(0.858878769467957,0.107499507571612,0.316254028384044));
#9136=CARTESIAN_POINT('Ctrl Pts',(0.856563954653142,0.170000000000001,0.352338704512058));
#9137=CARTESIAN_POINT('Ctrl Pts',(0.854249139838327,0.232500492428391,0.316254028384044));
#9138=CARTESIAN_POINT('Ctrl Pts',(0.851934325023512,0.29500098485678,0.280169352256029));
#9139=CARTESIAN_POINT('Ctrl Pts',(0.849619510208697,0.29500098485678,0.208));
#9140=CARTESIAN_POINT('Ctrl Pts',(0.847304695393882,0.29500098485678,0.13583064774397));
#9141=CARTESIAN_POINT('Ctrl Pts',(0.844989880579067,0.23250049242839,0.0997459716159556));
#9142=CARTESIAN_POINT('Ctrl Pts',(0.842675065764253,0.170000000000001,0.063661295487941));
#9143=CARTESIAN_POINT('Ctrl Pts',(0.840360250949438,0.107499507571612,0.0997459716159557));
#9144=CARTESIAN_POINT('Ctrl Pts',(0.838045436134623,0.044999015143223,0.13583064774397));
#9145=CARTESIAN_POINT('Ctrl Pts',(0.835730621319808,0.044999015143223,0.208));
#9146=CARTESIAN_POINT('Ctrl Pts',(0.835427726109614,0.0449990151432232,
0.217443412484336));
#9147=CARTESIAN_POINT('Ctrl Pts',(0.835101995949471,0.0464177553484913,
0.226779643821405));
#9148=CARTESIAN_POINT('Ctrl Pts',(1.05274507877809,0.279964836805557,0.208));
#9149=CARTESIAN_POINT('Ctrl Pts',(1.05043026396328,0.279964836805557,0.144511771868919));
#9150=CARTESIAN_POINT('Ctrl Pts',(1.04811544914846,0.224982418402779,0.112767657803378));
#9151=CARTESIAN_POINT('Ctrl Pts',(1.04580063433365,0.170000000000001,0.0810235437378381));
#9152=CARTESIAN_POINT('Ctrl Pts',(1.04348581951883,0.115017581597224,0.112767657803378));
#9153=CARTESIAN_POINT('Ctrl Pts',(1.04117100470402,0.0600351631944457,0.144511771868919));
#9154=CARTESIAN_POINT('Ctrl Pts',(1.0388561898892,0.0600351631944458,0.208));
#9155=CARTESIAN_POINT('Ctrl Pts',(1.03654137507439,0.0600351631944458,0.27148822813108));
#9156=CARTESIAN_POINT('Ctrl Pts',(1.03422656025957,0.115017581597224,0.303232342196621));
#9157=CARTESIAN_POINT('Ctrl Pts',(1.03191174544476,0.170000000000001,0.334976456262161));
#9158=CARTESIAN_POINT('Ctrl Pts',(1.02959693062994,0.224982418402779,0.303232342196621));
#9159=CARTESIAN_POINT('Ctrl Pts',(1.02728211581513,0.279964836805557,0.27148822813108));
#9160=CARTESIAN_POINT('Ctrl Pts',(1.02496730100031,0.279964836805557,0.208));
#9161=CARTESIAN_POINT('Ctrl Pts',(1.0226524861855,0.279964836805557,0.144511771868919));
#9162=CARTESIAN_POINT('Ctrl Pts',(1.02033767137068,0.224982418402779,0.112767657803378));
#9163=CARTESIAN_POINT('Ctrl Pts',(1.01802285655587,0.170000000000001,0.0810235437378381));
#9164=CARTESIAN_POINT('Ctrl Pts',(1.01570804174105,0.115017581597224,0.112767657803378));
#9165=CARTESIAN_POINT('Ctrl Pts',(1.01339322692624,0.0600351631944457,0.144511771868919));
#9166=CARTESIAN_POINT('Ctrl Pts',(1.01107841211142,0.0600351631944458,0.208));
#9167=CARTESIAN_POINT('Ctrl Pts',(1.00876359729661,0.0600351631944458,0.27148822813108));
#9168=CARTESIAN_POINT('Ctrl Pts',(1.00644878248179,0.115017581597224,0.303232342196621));
#9169=CARTESIAN_POINT('Ctrl Pts',(1.00413396766698,0.170000000000001,0.334976456262161));
#9170=CARTESIAN_POINT('Ctrl Pts',(1.00181915285216,0.224982418402779,0.303232342196621));
#9171=CARTESIAN_POINT('Ctrl Pts',(0.999504338037349,0.279964836805557,0.27148822813108));
#9172=CARTESIAN_POINT('Ctrl Pts',(0.997189523222535,0.279964836805557,0.208));
#9173=CARTESIAN_POINT('Ctrl Pts',(0.99487470840772,0.279964836805557,0.144511771868919));
#9174=CARTESIAN_POINT('Ctrl Pts',(0.992559893592905,0.224982418402779,0.112767657803378));
#9175=CARTESIAN_POINT('Ctrl Pts',(0.99024507877809,0.170000000000001,0.0810235437378381));
#9176=CARTESIAN_POINT('Ctrl Pts',(0.987930263963276,0.115017581597224,0.112767657803379));
#9177=CARTESIAN_POINT('Ctrl Pts',(0.985615449148461,0.0600351631944458,
0.144511771868919));
#9178=CARTESIAN_POINT('Ctrl Pts',(0.983300634333646,0.0600351631944458,
0.208));
#9179=CARTESIAN_POINT('Ctrl Pts',(0.980985819518831,0.0600351631944459,
0.27148822813108));
#9180=CARTESIAN_POINT('Ctrl Pts',(0.978671004704016,0.115017581597224,0.303232342196621));
#9181=CARTESIAN_POINT('Ctrl Pts',(0.976356189889201,0.170000000000001,0.334976456262161));
#9182=CARTESIAN_POINT('Ctrl Pts',(0.974041375074386,0.224982418402779,0.303232342196621));
#9183=CARTESIAN_POINT('Ctrl Pts',(0.971726560259571,0.279964836805557,0.27148822813108));
#9184=CARTESIAN_POINT('Ctrl Pts',(0.969411745444757,0.279964836805557,0.208));
#9185=CARTESIAN_POINT('Ctrl Pts',(0.967096930629942,0.279964836805557,0.144511771868919));
#9186=CARTESIAN_POINT('Ctrl Pts',(0.964782115815128,0.224982418402779,0.112767657803378));
#9187=CARTESIAN_POINT('Ctrl Pts',(0.962467301000312,0.170000000000001,0.0810235437378381));
#9188=CARTESIAN_POINT('Ctrl Pts',(0.960152486185498,0.115017581597224,0.112767657803379));
#9189=CARTESIAN_POINT('Ctrl Pts',(0.957837671370683,0.0600351631944458,
0.144511771868919));
#9190=CARTESIAN_POINT('Ctrl Pts',(0.955522856555868,0.0600351631944458,
0.208));
#9191=CARTESIAN_POINT('Ctrl Pts',(0.953208041741053,0.0600351631944459,
0.27148822813108));
#9192=CARTESIAN_POINT('Ctrl Pts',(0.950893226926238,0.115017581597224,0.303232342196621));
#9193=CARTESIAN_POINT('Ctrl Pts',(0.948578412111424,0.170000000000001,0.334976456262161));
#9194=CARTESIAN_POINT('Ctrl Pts',(0.946263597296609,0.224982418402779,0.303232342196621));
#9195=CARTESIAN_POINT('Ctrl Pts',(0.943948782481794,0.279964836805557,0.27148822813108));
#9196=CARTESIAN_POINT('Ctrl Pts',(0.941633967666979,0.279964836805557,0.208));
#9197=CARTESIAN_POINT('Ctrl Pts',(0.939319152852164,0.279964836805557,0.144511771868919));
#9198=CARTESIAN_POINT('Ctrl Pts',(0.937004338037349,0.224982418402779,0.112767657803378));
#9199=CARTESIAN_POINT('Ctrl Pts',(0.934689523222534,0.170000000000001,0.0810235437378381));
#9200=CARTESIAN_POINT('Ctrl Pts',(0.932374708407719,0.115017581597224,0.112767657803378));
#9201=CARTESIAN_POINT('Ctrl Pts',(0.930059893592905,0.0600351631944458,
0.144511771868919));
#9202=CARTESIAN_POINT('Ctrl Pts',(0.92774507877809,0.0600351631944458,0.208));
#9203=CARTESIAN_POINT('Ctrl Pts',(0.925430263963275,0.0600351631944459,
0.27148822813108));
#9204=CARTESIAN_POINT('Ctrl Pts',(0.923115449148461,0.115017581597224,0.303232342196621));
#9205=CARTESIAN_POINT('Ctrl Pts',(0.920800634333646,0.170000000000001,0.334976456262161));
#9206=CARTESIAN_POINT('Ctrl Pts',(0.918485819518831,0.224982418402779,0.303232342196621));
#9207=CARTESIAN_POINT('Ctrl Pts',(0.916171004704016,0.279964836805557,0.27148822813108));
#9208=CARTESIAN_POINT('Ctrl Pts',(0.913856189889201,0.279964836805557,0.208));
#9209=CARTESIAN_POINT('Ctrl Pts',(0.911541375074386,0.279964836805557,0.144511771868919));
#9210=CARTESIAN_POINT('Ctrl Pts',(0.909226560259571,0.224982418402779,0.112767657803378));
#9211=CARTESIAN_POINT('Ctrl Pts',(0.906911745444757,0.170000000000001,0.0810235437378381));
#9212=CARTESIAN_POINT('Ctrl Pts',(0.904596930629942,0.115017581597224,0.112767657803378));
#9213=CARTESIAN_POINT('Ctrl Pts',(0.902282115815127,0.0600351631944458,
0.144511771868919));
#9214=CARTESIAN_POINT('Ctrl Pts',(0.899967301000313,0.0600351631944458,
0.208));
#9215=CARTESIAN_POINT('Ctrl Pts',(0.897652486185498,0.0600351631944459,
0.27148822813108));
#9216=CARTESIAN_POINT('Ctrl Pts',(0.895337671370683,0.115017581597224,0.303232342196621));
#9217=CARTESIAN_POINT('Ctrl Pts',(0.893022856555868,0.170000000000001,0.334976456262161));
#9218=CARTESIAN_POINT('Ctrl Pts',(0.890708041741053,0.224982418402779,0.303232342196621));
#9219=CARTESIAN_POINT('Ctrl Pts',(0.888393226926238,0.279964836805557,0.27148822813108));
#9220=CARTESIAN_POINT('Ctrl Pts',(0.886078412111424,0.279964836805557,0.208));
#9221=CARTESIAN_POINT('Ctrl Pts',(0.883763597296609,0.279964836805557,0.144511771868919));
#9222=CARTESIAN_POINT('Ctrl Pts',(0.881448782481794,0.224982418402779,0.112767657803378));
#9223=CARTESIAN_POINT('Ctrl Pts',(0.879133967666979,0.170000000000001,0.0810235437378381));
#9224=CARTESIAN_POINT('Ctrl Pts',(0.876819152852164,0.115017581597224,0.112767657803378));
#9225=CARTESIAN_POINT('Ctrl Pts',(0.874504338037349,0.0600351631944458,
0.144511771868919));
#9226=CARTESIAN_POINT('Ctrl Pts',(0.872189523222534,0.0600351631944458,
0.208));
#9227=CARTESIAN_POINT('Ctrl Pts',(0.869874708407719,0.0600351631944459,
0.27148822813108));
#9228=CARTESIAN_POINT('Ctrl Pts',(0.867559893592905,0.115017581597224,0.303232342196621));
#9229=CARTESIAN_POINT('Ctrl Pts',(0.86524507877809,0.170000000000001,0.334976456262161));
#9230=CARTESIAN_POINT('Ctrl Pts',(0.862930263963276,0.224982418402779,0.303232342196621));
#9231=CARTESIAN_POINT('Ctrl Pts',(0.860615449148461,0.279964836805557,0.27148822813108));
#9232=CARTESIAN_POINT('Ctrl Pts',(0.858300634333646,0.279964836805557,0.208));
#9233=CARTESIAN_POINT('Ctrl Pts',(0.855985819518831,0.279964836805557,0.144511771868919));
#9234=CARTESIAN_POINT('Ctrl Pts',(0.853671004704016,0.224982418402779,0.112767657803378));
#9235=CARTESIAN_POINT('Ctrl Pts',(0.851356189889201,0.170000000000001,0.0810235437378381));
#9236=CARTESIAN_POINT('Ctrl Pts',(0.849041375074386,0.115017581597224,0.112767657803378));
#9237=CARTESIAN_POINT('Ctrl Pts',(0.846726560259571,0.0600351631944458,
0.144511771868919));
#9238=CARTESIAN_POINT('Ctrl Pts',(0.844411745444757,0.0600351631944458,
0.208));
#9239=CARTESIAN_POINT('Ctrl Pts',(0.844108850234562,0.0600351631944459,
0.216307481048388));
#9240=CARTESIAN_POINT('Ctrl Pts',(0.843783120074419,0.0612832456421207,
0.224520673580719));
#9241=CARTESIAN_POINT('',(0.899999999999999,0.0790803252191731,0.137582582142282));
#9242=CARTESIAN_POINT('Ctrl Pts',(0.899999999999999,0.0600388032533093,
0.207105268918586));
#9243=CARTESIAN_POINT('Ctrl Pts',(0.899999999999999,0.0593625788325929,
0.194872719752586));
#9244=CARTESIAN_POINT('Ctrl Pts',(0.899999999999999,0.0606661295607718,
0.182612163102825));
#9245=CARTESIAN_POINT('Ctrl Pts',(0.899999999999999,0.0671378713693727,
0.158978747040975));
#9246=CARTESIAN_POINT('Ctrl Pts',(0.899999999999999,0.0722633503905,0.147763526937274));
#9247=CARTESIAN_POINT('Ctrl Pts',(0.899999999999999,0.0790803252191725,
0.137582582142281));
#9248=CARTESIAN_POINT('Ctrl Pts',(0.909999999999999,0.227242128032638,0.319123079413302));
#9249=CARTESIAN_POINT('Ctrl Pts',(0.909862744538882,0.233024772015852,0.315989906883057));
#9250=CARTESIAN_POINT('Ctrl Pts',(0.909730163181321,0.238561278542413,0.312405939550208));
#9251=CARTESIAN_POINT('Ctrl Pts',(0.909454045246274,0.248708749029834,0.304602716371544));
#9252=CARTESIAN_POINT('Ctrl Pts',(0.909316057328369,0.253327219994092,0.300462937969479));
#9253=CARTESIAN_POINT('Ctrl Pts',(0.908906379850825,0.265761038924648,0.287504516082056));
#9254=CARTESIAN_POINT('Ctrl Pts',(0.908628160271198,0.272650667073659,0.27789351705974));
#9255=CARTESIAN_POINT('Ctrl Pts',(0.907983767088645,0.285141790421674,0.253850097785568));
#9256=CARTESIAN_POINT('Ctrl Pts',(0.907622037842975,0.289612154738285,0.239048157289713));
#9257=CARTESIAN_POINT('Ctrl Pts',(0.906949747893323,0.292866468675133,0.208882666301261));
#9258=CARTESIAN_POINT('Ctrl Pts',(0.906625402525431,0.291874069838686,0.192668864386986));
#9259=CARTESIAN_POINT('Ctrl Pts',(0.905854165892254,0.282483548761,0.161082228807829));
#9260=CARTESIAN_POINT('Ctrl Pts',(0.905468221286728,0.275073979521593,0.14700714416156));
#9261=CARTESIAN_POINT('Ctrl Pts',(0.904634035274055,0.25341291843899,0.120230057304516));
#9262=CARTESIAN_POINT('Ctrl Pts',(0.904264045531622,0.240075403650369,0.110653001651178));
#9263=CARTESIAN_POINT('Ctrl Pts',(0.903687105586932,0.216400451406875,0.0978476025368301));
#9264=CARTESIAN_POINT('Ctrl Pts',(0.903354499023458,0.20284846839405,0.0934197577936262));
#9265=CARTESIAN_POINT('Ctrl Pts',(0.902635786653786,0.173837180581109,0.0894567293299932));
#9266=CARTESIAN_POINT('Ctrl Pts',(0.902254234373539,0.158582079813556,0.090325699729416));
#9267=CARTESIAN_POINT('Ctrl Pts',(0.901723113970762,0.137549710611344,0.0956863910971033));
#9268=CARTESIAN_POINT('Ctrl Pts',(0.901565491725462,0.131334427199501,0.0978384143901167));
#9269=CARTESIAN_POINT('Ctrl Pts',(0.901172254211756,0.115888460241096,0.104682278933851));
#9270=CARTESIAN_POINT('Ctrl Pts',(0.900951799320149,0.106951978617335,0.110131098484685));
#9271=CARTESIAN_POINT('Ctrl Pts',(0.900480697791835,0.0914327144562645,
0.122820436413537));
#9272=CARTESIAN_POINT('Ctrl Pts',(0.900243309633181,0.0847793087689818,
0.129826967759357));
#9273=CARTESIAN_POINT('Ctrl Pts',(0.9,0.079080325219173,0.137582582142282));
#9274=CARTESIAN_POINT('Origin',(0.899999999999999,0.170000000000001,0.208));
#9275=CARTESIAN_POINT('',(0.899999999999999,0.240356738293403,0.298966638811785));
#9276=CARTESIAN_POINT('Origin',(0.899999999999999,0.170000000000001,0.208));
#9277=CARTESIAN_POINT('Ctrl Pts',(0.9,0.240356738293405,0.298966638811786));
#9278=CARTESIAN_POINT('Ctrl Pts',(0.901060026537463,0.231491939489598,0.307163065446984));
#9279=CARTESIAN_POINT('Ctrl Pts',(0.901849938587614,0.222847804622849,0.312463366519829));
#9280=CARTESIAN_POINT('Ctrl Pts',(0.90326353201158,0.208248465051936,0.320295506349637));
#9281=CARTESIAN_POINT('Ctrl Pts',(0.904091575375997,0.199519229749709,0.323750811123932));
#9282=CARTESIAN_POINT('Ctrl Pts',(0.90577566043856,0.18136827611444,0.328605928928154));
#9283=CARTESIAN_POINT('Ctrl Pts',(0.90662620873378,0.172002763433849,0.329972183058937));
#9284=CARTESIAN_POINT('Ctrl Pts',(0.908333766364045,0.152808496033377,0.33051667701977));
#9285=CARTESIAN_POINT('Ctrl Pts',(0.90918379945133,0.143044615397587,0.329613593183325));
#9286=CARTESIAN_POINT('Ctrl Pts',(0.909999999999999,0.13349212598424,0.327549885549293));
#9287=CARTESIAN_POINT('Ctrl Pts',(1.05968952322253,0.279964836805557,0.208));
#9288=CARTESIAN_POINT('Ctrl Pts',(1.05737470840772,0.279964836805557,0.144511771868919));
#9289=CARTESIAN_POINT('Ctrl Pts',(1.05505989359291,0.224982418402779,0.112767657803378));
#9290=CARTESIAN_POINT('Ctrl Pts',(1.05274507877809,0.170000000000001,0.081023543737838));
#9291=CARTESIAN_POINT('Ctrl Pts',(1.05043026396328,0.115017581597223,0.112767657803378));
#9292=CARTESIAN_POINT('Ctrl Pts',(1.04811544914846,0.0600351631944457,0.144511771868919));
#9293=CARTESIAN_POINT('Ctrl Pts',(1.04580063433365,0.0600351631944457,0.208));
#9294=CARTESIAN_POINT('Ctrl Pts',(1.04348581951883,0.0600351631944457,0.27148822813108));
#9295=CARTESIAN_POINT('Ctrl Pts',(1.04117100470402,0.115017581597224,0.303232342196621));
#9296=CARTESIAN_POINT('Ctrl Pts',(1.0388561898892,0.170000000000001,0.334976456262161));
#9297=CARTESIAN_POINT('Ctrl Pts',(1.03654137507439,0.224982418402779,0.303232342196621));
#9298=CARTESIAN_POINT('Ctrl Pts',(1.03422656025957,0.279964836805557,0.27148822813108));
#9299=CARTESIAN_POINT('Ctrl Pts',(1.03191174544476,0.279964836805557,0.208));
#9300=CARTESIAN_POINT('Ctrl Pts',(1.02959693062994,0.279964836805557,0.144511771868919));
#9301=CARTESIAN_POINT('Ctrl Pts',(1.02728211581513,0.224982418402779,0.112767657803378));
#9302=CARTESIAN_POINT('Ctrl Pts',(1.02496730100031,0.170000000000001,0.081023543737838));
#9303=CARTESIAN_POINT('Ctrl Pts',(1.0226524861855,0.115017581597223,0.112767657803378));
#9304=CARTESIAN_POINT('Ctrl Pts',(1.02033767137068,0.0600351631944457,0.144511771868919));
#9305=CARTESIAN_POINT('Ctrl Pts',(1.01802285655587,0.0600351631944458,0.208));
#9306=CARTESIAN_POINT('Ctrl Pts',(1.01570804174105,0.0600351631944457,0.27148822813108));
#9307=CARTESIAN_POINT('Ctrl Pts',(1.01339322692624,0.115017581597224,0.303232342196621));
#9308=CARTESIAN_POINT('Ctrl Pts',(1.01107841211142,0.170000000000001,0.334976456262161));
#9309=CARTESIAN_POINT('Ctrl Pts',(1.00876359729661,0.224982418402779,0.303232342196621));
#9310=CARTESIAN_POINT('Ctrl Pts',(1.00644878248179,0.279964836805557,0.27148822813108));
#9311=CARTESIAN_POINT('Ctrl Pts',(1.00413396766698,0.279964836805557,0.208));
#9312=CARTESIAN_POINT('Ctrl Pts',(1.00181915285216,0.279964836805557,0.144511771868919));
#9313=CARTESIAN_POINT('Ctrl Pts',(0.999504338037349,0.224982418402779,0.112767657803378));
#9314=CARTESIAN_POINT('Ctrl Pts',(0.997189523222534,0.170000000000001,0.081023543737838));
#9315=CARTESIAN_POINT('Ctrl Pts',(0.994874708407719,0.115017581597224,0.112767657803379));
#9316=CARTESIAN_POINT('Ctrl Pts',(0.992559893592905,0.0600351631944458,
0.144511771868919));
#9317=CARTESIAN_POINT('Ctrl Pts',(0.990245078778091,0.0600351631944458,
0.208));
#9318=CARTESIAN_POINT('Ctrl Pts',(0.987930263963276,0.0600351631944458,
0.27148822813108));
#9319=CARTESIAN_POINT('Ctrl Pts',(0.985615449148461,0.115017581597224,0.303232342196621));
#9320=CARTESIAN_POINT('Ctrl Pts',(0.983300634333646,0.170000000000001,0.334976456262161));
#9321=CARTESIAN_POINT('Ctrl Pts',(0.980985819518831,0.224982418402779,0.303232342196621));
#9322=CARTESIAN_POINT('Ctrl Pts',(0.978671004704016,0.279964836805557,0.27148822813108));
#9323=CARTESIAN_POINT('Ctrl Pts',(0.976356189889201,0.279964836805557,0.208));
#9324=CARTESIAN_POINT('Ctrl Pts',(0.974041375074386,0.279964836805557,0.144511771868919));
#9325=CARTESIAN_POINT('Ctrl Pts',(0.971726560259571,0.224982418402779,0.112767657803378));
#9326=CARTESIAN_POINT('Ctrl Pts',(0.969411745444757,0.170000000000001,0.081023543737838));
#9327=CARTESIAN_POINT('Ctrl Pts',(0.967096930629942,0.115017581597224,0.112767657803379));
#9328=CARTESIAN_POINT('Ctrl Pts',(0.964782115815127,0.0600351631944458,
0.144511771868919));
#9329=CARTESIAN_POINT('Ctrl Pts',(0.962467301000312,0.0600351631944458,
0.208));
#9330=CARTESIAN_POINT('Ctrl Pts',(0.960152486185497,0.0600351631944458,
0.27148822813108));
#9331=CARTESIAN_POINT('Ctrl Pts',(0.957837671370683,0.115017581597224,0.303232342196621));
#9332=CARTESIAN_POINT('Ctrl Pts',(0.955522856555868,0.170000000000001,0.334976456262161));
#9333=CARTESIAN_POINT('Ctrl Pts',(0.953208041741053,0.224982418402779,0.303232342196621));
#9334=CARTESIAN_POINT('Ctrl Pts',(0.950893226926238,0.279964836805557,0.27148822813108));
#9335=CARTESIAN_POINT('Ctrl Pts',(0.948578412111424,0.279964836805557,0.208));
#9336=CARTESIAN_POINT('Ctrl Pts',(0.946263597296609,0.279964836805557,0.144511771868919));
#9337=CARTESIAN_POINT('Ctrl Pts',(0.943948782481794,0.224982418402779,0.112767657803378));
#9338=CARTESIAN_POINT('Ctrl Pts',(0.941633967666979,0.170000000000001,0.081023543737838));
#9339=CARTESIAN_POINT('Ctrl Pts',(0.939319152852164,0.115017581597224,0.112767657803379));
#9340=CARTESIAN_POINT('Ctrl Pts',(0.937004338037349,0.0600351631944458,
0.144511771868919));
#9341=CARTESIAN_POINT('Ctrl Pts',(0.934689523222534,0.0600351631944458,
0.208));
#9342=CARTESIAN_POINT('Ctrl Pts',(0.932374708407719,0.0600351631944458,
0.27148822813108));
#9343=CARTESIAN_POINT('Ctrl Pts',(0.930059893592905,0.115017581597224,0.303232342196621));
#9344=CARTESIAN_POINT('Ctrl Pts',(0.92774507877809,0.170000000000001,0.334976456262161));
#9345=CARTESIAN_POINT('Ctrl Pts',(0.925430263963276,0.224982418402779,0.303232342196621));
#9346=CARTESIAN_POINT('Ctrl Pts',(0.923115449148461,0.279964836805557,0.27148822813108));
#9347=CARTESIAN_POINT('Ctrl Pts',(0.920800634333646,0.279964836805557,0.208));
#9348=CARTESIAN_POINT('Ctrl Pts',(0.918485819518831,0.279964836805557,0.144511771868919));
#9349=CARTESIAN_POINT('Ctrl Pts',(0.916171004704016,0.224982418402779,0.112767657803378));
#9350=CARTESIAN_POINT('Ctrl Pts',(0.913856189889201,0.170000000000001,0.081023543737838));
#9351=CARTESIAN_POINT('Ctrl Pts',(0.911541375074386,0.115017581597224,0.112767657803378));
#9352=CARTESIAN_POINT('Ctrl Pts',(0.909226560259571,0.0600351631944458,
0.144511771868919));
#9353=CARTESIAN_POINT('Ctrl Pts',(0.906911745444757,0.0600351631944458,
0.208));
#9354=CARTESIAN_POINT('Ctrl Pts',(0.904596930629942,0.0600351631944458,
0.27148822813108));
#9355=CARTESIAN_POINT('Ctrl Pts',(0.902282115815127,0.115017581597224,0.303232342196621));
#9356=CARTESIAN_POINT('Ctrl Pts',(0.899967301000313,0.170000000000001,0.334976456262161));
#9357=CARTESIAN_POINT('Ctrl Pts',(0.897652486185498,0.224982418402779,0.303232342196621));
#9358=CARTESIAN_POINT('Ctrl Pts',(0.895337671370683,0.279964836805557,0.27148822813108));
#9359=CARTESIAN_POINT('Ctrl Pts',(0.893022856555868,0.279964836805557,0.208));
#9360=CARTESIAN_POINT('Ctrl Pts',(0.890708041741053,0.279964836805557,0.144511771868919));
#9361=CARTESIAN_POINT('Ctrl Pts',(0.888393226926238,0.224982418402779,0.112767657803378));
#9362=CARTESIAN_POINT('Ctrl Pts',(0.886078412111424,0.170000000000001,0.081023543737838));
#9363=CARTESIAN_POINT('Ctrl Pts',(0.883763597296609,0.115017581597224,0.112767657803378));
#9364=CARTESIAN_POINT('Ctrl Pts',(0.881448782481794,0.0600351631944458,
0.144511771868919));
#9365=CARTESIAN_POINT('Ctrl Pts',(0.879133967666979,0.0600351631944458,
0.208));
#9366=CARTESIAN_POINT('Ctrl Pts',(0.876819152852164,0.0600351631944458,
0.27148822813108));
#9367=CARTESIAN_POINT('Ctrl Pts',(0.874504338037349,0.115017581597224,0.303232342196621));
#9368=CARTESIAN_POINT('Ctrl Pts',(0.872189523222534,0.170000000000001,0.334976456262161));
#9369=CARTESIAN_POINT('Ctrl Pts',(0.869874708407719,0.224982418402779,0.303232342196621));
#9370=CARTESIAN_POINT('Ctrl Pts',(0.867559893592905,0.279964836805557,0.27148822813108));
#9371=CARTESIAN_POINT('Ctrl Pts',(0.865245078778091,0.279964836805557,0.208));
#9372=CARTESIAN_POINT('Ctrl Pts',(0.862930263963276,0.279964836805557,0.144511771868919));
#9373=CARTESIAN_POINT('Ctrl Pts',(0.860615449148461,0.224982418402779,0.112767657803378));
#9374=CARTESIAN_POINT('Ctrl Pts',(0.858300634333646,0.170000000000001,0.081023543737838));
#9375=CARTESIAN_POINT('Ctrl Pts',(0.855985819518831,0.115017581597224,0.112767657803378));
#9376=CARTESIAN_POINT('Ctrl Pts',(0.853671004704016,0.0600351631944458,
0.144511771868919));
#9377=CARTESIAN_POINT('Ctrl Pts',(0.851356189889201,0.0600351631944458,
0.208));
#9378=CARTESIAN_POINT('Ctrl Pts',(0.851053288503453,0.0600351631944459,
0.216307650424792));
#9379=CARTESIAN_POINT('Ctrl Pts',(0.850727551311987,0.0612832962466679,
0.22452100658805));
#9380=CARTESIAN_POINT('Ctrl Pts',(1.06837081718232,0.295001279019346,0.208));
#9381=CARTESIAN_POINT('Ctrl Pts',(1.06605600236751,0.295001279019346,0.135830477909133));
#9382=CARTESIAN_POINT('Ctrl Pts',(1.06374118755269,0.232500639509674,0.0997457168636999));
#9383=CARTESIAN_POINT('Ctrl Pts',(1.06142637273788,0.170000000000001,0.0636609558182668));
#9384=CARTESIAN_POINT('Ctrl Pts',(1.05911155792306,0.107499360490329,0.0997457168637));
#9385=CARTESIAN_POINT('Ctrl Pts',(1.05679674310825,0.0449987209806562,0.135830477909133));
#9386=CARTESIAN_POINT('Ctrl Pts',(1.05448192829343,0.0449987209806561,0.208));
#9387=CARTESIAN_POINT('Ctrl Pts',(1.05216711347862,0.0449987209806562,0.280169522090866));
#9388=CARTESIAN_POINT('Ctrl Pts',(1.0498522986638,0.107499360490329,0.316254283136299));
#9389=CARTESIAN_POINT('Ctrl Pts',(1.04753748384899,0.170000000000001,0.352339044181733));
#9390=CARTESIAN_POINT('Ctrl Pts',(1.04522266903417,0.232500639509674,0.316254283136299));
#9391=CARTESIAN_POINT('Ctrl Pts',(1.04290785421936,0.295001279019347,0.280169522090866));
#9392=CARTESIAN_POINT('Ctrl Pts',(1.04059303940454,0.295001279019346,0.208));
#9393=CARTESIAN_POINT('Ctrl Pts',(1.03827822458973,0.295001279019346,0.135830477909133));
#9394=CARTESIAN_POINT('Ctrl Pts',(1.03596340977491,0.232500639509674,0.0997457168636999));
#9395=CARTESIAN_POINT('Ctrl Pts',(1.0336485949601,0.170000000000001,0.0636609558182668));
#9396=CARTESIAN_POINT('Ctrl Pts',(1.03133378014528,0.107499360490329,0.0997457168637));
#9397=CARTESIAN_POINT('Ctrl Pts',(1.02901896533047,0.0449987209806562,0.135830477909133));
#9398=CARTESIAN_POINT('Ctrl Pts',(1.02670415051565,0.0449987209806562,0.208));
#9399=CARTESIAN_POINT('Ctrl Pts',(1.02438933570084,0.0449987209806562,0.280169522090866));
#9400=CARTESIAN_POINT('Ctrl Pts',(1.02207452088602,0.107499360490329,0.316254283136299));
#9401=CARTESIAN_POINT('Ctrl Pts',(1.01975970607121,0.170000000000001,0.352339044181733));
#9402=CARTESIAN_POINT('Ctrl Pts',(1.01744489125639,0.232500639509674,0.316254283136299));
#9403=CARTESIAN_POINT('Ctrl Pts',(1.01513007644158,0.295001279019347,0.280169522090866));
#9404=CARTESIAN_POINT('Ctrl Pts',(1.01281526162676,0.295001279019347,0.208));
#9405=CARTESIAN_POINT('Ctrl Pts',(1.01050044681195,0.295001279019346,0.135830477909133));
#9406=CARTESIAN_POINT('Ctrl Pts',(1.00818563199714,0.232500639509674,0.0997457168636999));
#9407=CARTESIAN_POINT('Ctrl Pts',(1.00587081718232,0.170000000000001,0.0636609558182668));
#9408=CARTESIAN_POINT('Ctrl Pts',(1.00355600236751,0.107499360490329,0.0997457168637));
#9409=CARTESIAN_POINT('Ctrl Pts',(1.00124118755269,0.0449987209806562,0.135830477909133));
#9410=CARTESIAN_POINT('Ctrl Pts',(0.998926372737876,0.0449987209806562,
0.208));
#9411=CARTESIAN_POINT('Ctrl Pts',(0.996611557923061,0.0449987209806562,
0.280169522090866));
#9412=CARTESIAN_POINT('Ctrl Pts',(0.994296743108246,0.107499360490329,0.316254283136299));
#9413=CARTESIAN_POINT('Ctrl Pts',(0.991981928293431,0.170000000000001,0.352339044181733));
#9414=CARTESIAN_POINT('Ctrl Pts',(0.989667113478617,0.232500639509674,0.316254283136299));
#9415=CARTESIAN_POINT('Ctrl Pts',(0.987352298663802,0.295001279019347,0.280169522090866));
#9416=CARTESIAN_POINT('Ctrl Pts',(0.985037483848987,0.295001279019347,0.208));
#9417=CARTESIAN_POINT('Ctrl Pts',(0.982722669034172,0.295001279019346,0.135830477909133));
#9418=CARTESIAN_POINT('Ctrl Pts',(0.980407854219357,0.232500639509674,0.0997457168636999));
#9419=CARTESIAN_POINT('Ctrl Pts',(0.978093039404543,0.170000000000001,0.0636609558182667));
#9420=CARTESIAN_POINT('Ctrl Pts',(0.975778224589727,0.107499360490329,0.0997457168637));
#9421=CARTESIAN_POINT('Ctrl Pts',(0.973463409774913,0.0449987209806562,
0.135830477909133));
#9422=CARTESIAN_POINT('Ctrl Pts',(0.971148594960098,0.0449987209806562,
0.208));
#9423=CARTESIAN_POINT('Ctrl Pts',(0.968833780145284,0.0449987209806562,
0.280169522090866));
#9424=CARTESIAN_POINT('Ctrl Pts',(0.966518965330469,0.107499360490329,0.316254283136299));
#9425=CARTESIAN_POINT('Ctrl Pts',(0.964204150515654,0.170000000000001,0.352339044181733));
#9426=CARTESIAN_POINT('Ctrl Pts',(0.961889335700839,0.232500639509674,0.316254283136299));
#9427=CARTESIAN_POINT('Ctrl Pts',(0.959574520886024,0.295001279019347,0.280169522090866));
#9428=CARTESIAN_POINT('Ctrl Pts',(0.957259706071209,0.295001279019347,0.208));
#9429=CARTESIAN_POINT('Ctrl Pts',(0.954944891256394,0.295001279019346,0.135830477909133));
#9430=CARTESIAN_POINT('Ctrl Pts',(0.952630076441579,0.232500639509674,0.0997457168636999));
#9431=CARTESIAN_POINT('Ctrl Pts',(0.950315261626764,0.170000000000001,0.0636609558182667));
#9432=CARTESIAN_POINT('Ctrl Pts',(0.94800044681195,0.107499360490329,0.0997457168637));
#9433=CARTESIAN_POINT('Ctrl Pts',(0.945685631997135,0.0449987209806562,
0.135830477909133));
#9434=CARTESIAN_POINT('Ctrl Pts',(0.94337081718232,0.0449987209806562,0.208));
#9435=CARTESIAN_POINT('Ctrl Pts',(0.941056002367505,0.0449987209806562,
0.280169522090866));
#9436=CARTESIAN_POINT('Ctrl Pts',(0.93874118755269,0.107499360490329,0.316254283136299));
#9437=CARTESIAN_POINT('Ctrl Pts',(0.936426372737876,0.170000000000001,0.352339044181733));
#9438=CARTESIAN_POINT('Ctrl Pts',(0.934111557923061,0.232500639509674,0.316254283136299));
#9439=CARTESIAN_POINT('Ctrl Pts',(0.931796743108246,0.295001279019347,0.280169522090866));
#9440=CARTESIAN_POINT('Ctrl Pts',(0.929481928293431,0.295001279019347,0.208));
#9441=CARTESIAN_POINT('Ctrl Pts',(0.927167113478617,0.295001279019346,0.135830477909133));
#9442=CARTESIAN_POINT('Ctrl Pts',(0.924852298663802,0.232500639509674,0.0997457168636999));
#9443=CARTESIAN_POINT('Ctrl Pts',(0.922537483848987,0.170000000000001,0.0636609558182667));
#9444=CARTESIAN_POINT('Ctrl Pts',(0.920222669034172,0.107499360490329,0.0997457168637));
#9445=CARTESIAN_POINT('Ctrl Pts',(0.917907854219357,0.0449987209806562,
0.135830477909133));
#9446=CARTESIAN_POINT('Ctrl Pts',(0.915593039404542,0.0449987209806562,
0.208));
#9447=CARTESIAN_POINT('Ctrl Pts',(0.913278224589727,0.0449987209806562,
0.280169522090866));
#9448=CARTESIAN_POINT('Ctrl Pts',(0.910963409774912,0.107499360490329,0.316254283136299));
#9449=CARTESIAN_POINT('Ctrl Pts',(0.908648594960098,0.170000000000001,0.352339044181733));
#9450=CARTESIAN_POINT('Ctrl Pts',(0.906333780145284,0.232500639509674,0.316254283136299));
#9451=CARTESIAN_POINT('Ctrl Pts',(0.904018965330469,0.295001279019347,0.280169522090866));
#9452=CARTESIAN_POINT('Ctrl Pts',(0.901704150515654,0.295001279019347,0.208));
#9453=CARTESIAN_POINT('Ctrl Pts',(0.899389335700839,0.295001279019346,0.135830477909133));
#9454=CARTESIAN_POINT('Ctrl Pts',(0.897074520886024,0.232500639509674,0.0997457168636999));
#9455=CARTESIAN_POINT('Ctrl Pts',(0.894759706071209,0.170000000000001,0.0636609558182668));
#9456=CARTESIAN_POINT('Ctrl Pts',(0.892444891256394,0.107499360490329,0.0997457168637));
#9457=CARTESIAN_POINT('Ctrl Pts',(0.890130076441579,0.0449987209806562,
0.135830477909133));
#9458=CARTESIAN_POINT('Ctrl Pts',(0.887815261626764,0.0449987209806562,
0.208));
#9459=CARTESIAN_POINT('Ctrl Pts',(0.88550044681195,0.0449987209806562,0.280169522090866));
#9460=CARTESIAN_POINT('Ctrl Pts',(0.883185631997135,0.107499360490329,0.316254283136299));
#9461=CARTESIAN_POINT('Ctrl Pts',(0.880870817182321,0.170000000000001,0.352339044181733));
#9462=CARTESIAN_POINT('Ctrl Pts',(0.878556002367506,0.232500639509674,0.316254283136299));
#9463=CARTESIAN_POINT('Ctrl Pts',(0.876241187552691,0.295001279019346,0.280169522090866));
#9464=CARTESIAN_POINT('Ctrl Pts',(0.873926372737876,0.295001279019346,0.208));
#9465=CARTESIAN_POINT('Ctrl Pts',(0.871611557923061,0.295001279019346,0.135830477909133));
#9466=CARTESIAN_POINT('Ctrl Pts',(0.869296743108246,0.232500639509674,0.0997457168636999));
#9467=CARTESIAN_POINT('Ctrl Pts',(0.866981928293431,0.170000000000001,0.0636609558182668));
#9468=CARTESIAN_POINT('Ctrl Pts',(0.864667113478617,0.107499360490329,0.0997457168637));
#9469=CARTESIAN_POINT('Ctrl Pts',(0.862352298663802,0.0449987209806562,
0.135830477909133));
#9470=CARTESIAN_POINT('Ctrl Pts',(0.860037483848987,0.0449987209806562,
0.208));
#9471=CARTESIAN_POINT('Ctrl Pts',(0.859734582463238,0.0449987209806563,
0.217443627244052));
#9472=CARTESIAN_POINT('Ctrl Pts',(0.859408845271773,0.0464175220487645,
0.226780066557502));
#9473=CARTESIAN_POINT('',(0.899999999999999,0.169223320124513,0.317962093932607));
#9474=CARTESIAN_POINT('Ctrl Pts',(0.899999999999999,0.240356738293403,0.298966638811784));
#9475=CARTESIAN_POINT('Ctrl Pts',(0.899999999999999,0.231501546313831,0.304945808843315));
#9476=CARTESIAN_POINT('Ctrl Pts',(0.899999999999999,0.220236270410982,0.31084817947473));
#9477=CARTESIAN_POINT('Ctrl Pts',(0.899999999999999,0.194351217586899,0.317807973760808));
#9478=CARTESIAN_POINT('Ctrl Pts',(0.899999999999999,0.181748068116985,0.318964369709627));
#9479=CARTESIAN_POINT('Ctrl Pts',(0.899999999999999,0.169223320124514,0.317962093932606));
#9480=CARTESIAN_POINT('Ctrl Pts',(0.906911745444757,0.0600351631944458,
0.208));
#9481=CARTESIAN_POINT('Ctrl Pts',(0.904596930629942,0.0600351631944458,
0.27148822813108));
#9482=CARTESIAN_POINT('Ctrl Pts',(0.902282115815127,0.115017581597224,0.303232342196621));
#9483=CARTESIAN_POINT('Ctrl Pts',(0.901222968021755,0.140174888675474,0.317756920210335));
#9484=CARTESIAN_POINT('Ctrl Pts',(0.9,0.169223320124513,0.317962093932607));
#9485=CARTESIAN_POINT('Origin',(1.05621730100031,0.170000000000002,0.208));
#9486=CARTESIAN_POINT('Origin',(0.899999999999999,0.170000000000002,0.208000000000001));
#9487=CARTESIAN_POINT('Ctrl Pts',(0.858858621193334,0.129300927498528,0.301479731267178));
#9488=CARTESIAN_POINT('Ctrl Pts',(0.85886871945864,0.128066044045427,0.304315889756956));
#9489=CARTESIAN_POINT('Ctrl Pts',(0.858525659645508,0.130920796812905,0.305456736240069));
#9490=CARTESIAN_POINT('Ctrl Pts',(0.861464299963204,0.129568410161793,0.301593452954088));
#9491=CARTESIAN_POINT('Ctrl Pts',(0.861452111176505,0.128334851114965,0.304435913766893));
#9492=CARTESIAN_POINT('Ctrl Pts',(0.86190228849324,0.131280813838979,0.30560109958434));
#9493=CARTESIAN_POINT('Ctrl Pts',(0.864139304372478,0.128880484057696,0.301313923089155));
#9494=CARTESIAN_POINT('Ctrl Pts',(0.864094135427815,0.127653866580986,0.304143416099034));
#9495=CARTESIAN_POINT('Ctrl Pts',(0.865339901579901,0.130365394676845,0.305255260683924));
#9496=CARTESIAN_POINT('Ctrl Pts',(0.868260614311242,0.126002776688484,0.3000168929796));
#9497=CARTESIAN_POINT('Ctrl Pts',(0.868219647848176,0.124732076240556,0.302776568637167));
#9498=CARTESIAN_POINT('Ctrl Pts',(0.870712599955922,0.126474719594907,0.30357739123618));
#9499=CARTESIAN_POINT('Ctrl Pts',(0.869632259295777,0.123838877186895,0.298986992619286));
#9500=CARTESIAN_POINT('Ctrl Pts',(0.869624095190977,0.122506864462217,0.301689793889152));
#9501=CARTESIAN_POINT('Ctrl Pts',(0.872518549714723,0.12353846275489,0.302223908518661));
#9502=CARTESIAN_POINT('Ctrl Pts',(0.870235600701427,0.119377665521057,0.296588973956173));
#9503=CARTESIAN_POINT('Ctrl Pts',(0.8702384621765,0.1178797037243,0.299190310386958));
#9504=CARTESIAN_POINT('Ctrl Pts',(0.873314227713504,0.117474265888772,0.298982782371849));
#9505=CARTESIAN_POINT('Ctrl Pts',(0.869448188855728,0.117102844911292,0.295225579583252));
#9506=CARTESIAN_POINT('Ctrl Pts',(0.869425098829212,0.115500301298519,0.297782719169886));
#9507=CARTESIAN_POINT('Ctrl Pts',(0.872272699415243,0.114402319842289,0.297112520280017));
#9508=CARTESIAN_POINT('Ctrl Pts',(0.866195365986218,0.113762959213337,0.293083218376066));
#9509=CARTESIAN_POINT('Ctrl Pts',(0.866148438472092,0.112042763432251,0.295618897212111));
#9510=CARTESIAN_POINT('Ctrl Pts',(0.868016462946318,0.109940555299918,0.29416847615282));
#9511=CARTESIAN_POINT('Ctrl Pts',(0.863728850968153,0.112680727848055,0.292320572386856));
#9512=CARTESIAN_POINT('Ctrl Pts',(0.863691614466163,0.110940042114678,0.294871472363627));
#9513=CARTESIAN_POINT('Ctrl Pts',(0.864811641708267,0.108524136112085,0.293122648203385));
#9514=CARTESIAN_POINT('Ctrl Pts',(0.861136836198916,0.112443335792058,0.292155244557787));
#9515=CARTESIAN_POINT('Ctrl Pts',(0.861126732550328,0.110697119443306,0.294708566491132));
#9516=CARTESIAN_POINT('Ctrl Pts',(0.861469979857642,0.108213589538689,0.292896637404616));
#9517=CARTESIAN_POINT('',(0.858526058394487,0.130917479456594,0.305455408202798));
#9518=CARTESIAN_POINT('Origin',(0.858526058393453,0.132034122900584,0.30267096796839));
#9519=CARTESIAN_POINT('',(0.861469580891686,0.108216477482822,0.292898741718409));
#9520=CARTESIAN_POINT('Origin',(0.861469580891686,0.109981720983313,0.290473063383597));
#9521=CARTESIAN_POINT('Ctrl Pts',(0.858526058394487,0.130917479456594,0.305455408202798));
#9522=CARTESIAN_POINT('Ctrl Pts',(0.861928161933252,0.131280207614626,0.305600872994845));
#9523=CARTESIAN_POINT('Ctrl Pts',(0.865432519799753,0.130328066002851,0.305240770456082));
#9524=CARTESIAN_POINT('Ctrl Pts',(0.870792433368256,0.126377665964231,0.303533877547383));
#9525=CARTESIAN_POINT('Ctrl Pts',(0.872536676874811,0.123457219030638,0.302182052323418));
#9526=CARTESIAN_POINT('Ctrl Pts',(0.873298771538863,0.117479689402244,0.298984099791822));
#9527=CARTESIAN_POINT('Ctrl Pts',(0.872291432017669,0.114452253627339,0.297143709744479));
#9528=CARTESIAN_POINT('Ctrl Pts',(0.868079054207453,0.109985943831928,0.294200151834814));
#9529=CARTESIAN_POINT('Ctrl Pts',(0.864894463786777,0.108534761772284,0.29313036734874));
#9530=CARTESIAN_POINT('Ctrl Pts',(0.861469580891686,0.108216477482822,0.292898741718409));
#9531=CARTESIAN_POINT('Ctrl Pts',(0.861136836525901,0.112443392271619,0.292155161970294));
#9532=CARTESIAN_POINT('Ctrl Pts',(0.861126723834712,0.110697674907477,0.294707935871747));
#9533=CARTESIAN_POINT('Ctrl Pts',(0.861469889793257,0.108214241254706,0.292897112746449));
#9534=CARTESIAN_POINT('Ctrl Pts',(0.858541398352671,0.112205686609941,0.291989616240747));
#9535=CARTESIAN_POINT('Ctrl Pts',(0.858552977548684,0.110453921208322,0.294544472196884));
#9536=CARTESIAN_POINT('Ctrl Pts',(0.858125124038304,0.107903413480147,0.292670900934111));
#9537=CARTESIAN_POINT('Ctrl Pts',(0.855851786490343,0.112806887067796,0.29242307754863));
#9538=CARTESIAN_POINT('Ctrl Pts',(0.855896860707211,0.111062501550653,0.294964848103095));
#9539=CARTESIAN_POINT('Ctrl Pts',(0.854638902208953,0.108686869460646,0.2932651044835));
#9540=CARTESIAN_POINT('Ctrl Pts',(0.851755029025433,0.115426233095617,0.294165604769049));
#9541=CARTESIAN_POINT('Ctrl Pts',(0.851795866741539,0.113764112576059,0.296708186451119));
#9542=CARTESIAN_POINT('Ctrl Pts',(0.849310228153662,0.112156373047433,0.29565587772938));
#9543=CARTESIAN_POINT('Ctrl Pts',(0.850370910567639,0.117455481004926,0.295455588419029));
#9544=CARTESIAN_POINT('Ctrl Pts',(0.85037922532681,0.115874163032433,0.298019733771689));
#9545=CARTESIAN_POINT('Ctrl Pts',(0.847486394213958,0.11487310118373,0.297430148162647));
#9546=CARTESIAN_POINT('Ctrl Pts',(0.849763871808428,0.121840307544164,0.297951110007696));
#9547=CARTESIAN_POINT('Ctrl Pts',(0.84976110990058,0.120432377402086,0.300601436679052));
#9548=CARTESIAN_POINT('Ctrl Pts',(0.846685902546843,0.120817315032606,0.300832052187628));
#9549=CARTESIAN_POINT('Ctrl Pts',(0.850529936014881,0.124196068843969,0.299151090156732));
#9550=CARTESIAN_POINT('Ctrl Pts',(0.850553070403715,0.122881371203249,0.301866331321785));
#9551=CARTESIAN_POINT('Ctrl Pts',(0.847699415263525,0.124023063285616,0.302437504160971));
#9552=CARTESIAN_POINT('Ctrl Pts',(0.853818995575313,0.127830200232266,0.300862925039453));
#9553=CARTESIAN_POINT('Ctrl Pts',(0.853866252798225,0.126597217765682,0.303667475778019));
#9554=CARTESIAN_POINT('Ctrl Pts',(0.852002843793589,0.128947994018028,0.304680161371555));
#9555=CARTESIAN_POINT('Ctrl Pts',(0.856244126899028,0.129032579901875,0.301365533538866));
#9556=CARTESIAN_POINT('Ctrl Pts',(0.856281530933234,0.127797080589697,0.304194886194064));
#9557=CARTESIAN_POINT('Ctrl Pts',(0.855147816517695,0.130559892235887,0.30531201471948));
#9558=CARTESIAN_POINT('Ctrl Pts',(0.858858620867322,0.129300967442117,0.30147963953306));
#9559=CARTESIAN_POINT('Ctrl Pts',(0.858868728170251,0.128066283039547,0.304315084087105));
#9560=CARTESIAN_POINT('Ctrl Pts',(0.858525749661712,0.130920047797759,0.305456436792475));
#9561=CARTESIAN_POINT('Ctrl Pts',(0.861469580891686,0.108216477482822,0.292898741718409));
#9562=CARTESIAN_POINT('Ctrl Pts',(0.858047454077568,0.10789844932395,0.292667302482478));
#9563=CARTESIAN_POINT('Ctrl Pts',(0.854518552217955,0.108731152420204,0.293297702587151));
#9564=CARTESIAN_POINT('Ctrl Pts',(0.84922439218658,0.11225363885398,0.29572073600236));
#9565=CARTESIAN_POINT('Ctrl Pts',(0.847461934897682,0.114963852889321,0.297484204281744));
#9566=CARTESIAN_POINT('Ctrl Pts',(0.846702672595133,0.120826609573725,0.300835219495137));
#9567=CARTESIAN_POINT('Ctrl Pts',(0.847685951119885,0.123979483642296,0.302416190073765));
#9568=CARTESIAN_POINT('Ctrl Pts',(0.851941850548429,0.128897849633119,0.304658771506229));
#9569=CARTESIAN_POINT('Ctrl Pts',(0.855126692605629,0.13055504319414,0.305310060469572));
#9570=CARTESIAN_POINT('Ctrl Pts',(0.858526058394487,0.130917479456594,0.305455408202798));
#9571=CARTESIAN_POINT('Ctrl Pts',(0.858858621193308,0.210699072501479,0.114520268732811));
#9572=CARTESIAN_POINT('Ctrl Pts',(0.858868719458611,0.211933955954567,0.111684110243037));
#9573=CARTESIAN_POINT('Ctrl Pts',(0.858525659645481,0.209079203187095,0.11054326375993));
#9574=CARTESIAN_POINT('Ctrl Pts',(0.861464299963239,0.210431589838198,0.114406547045919));
#9575=CARTESIAN_POINT('Ctrl Pts',(0.861452111176539,0.211665148884994,0.11156408623312));
#9576=CARTESIAN_POINT('Ctrl Pts',(0.861902288493213,0.208719186161011,0.110398900415653));
#9577=CARTESIAN_POINT('Ctrl Pts',(0.864139304372398,0.211119515942268,0.114686076910816));
#9578=CARTESIAN_POINT('Ctrl Pts',(0.864094135427743,0.212346133418958,0.111856583900941));
#9579=CARTESIAN_POINT('Ctrl Pts',(0.865339901579881,0.20963460532315,0.110744739316073));
#9580=CARTESIAN_POINT('Ctrl Pts',(0.868260614311274,0.21399722331155,0.115983107020404));
#9581=CARTESIAN_POINT('Ctrl Pts',(0.868219647848214,0.21526792375948,0.113223431362839));
#9582=CARTESIAN_POINT('Ctrl Pts',(0.870712599955892,0.213525280405081,0.112422608763813));
#9583=CARTESIAN_POINT('Ctrl Pts',(0.869632259295813,0.216161122813155,0.117013007380729));
#9584=CARTESIAN_POINT('Ctrl Pts',(0.869624095191015,0.217493135537828,0.11431020611087));
#9585=CARTESIAN_POINT('Ctrl Pts',(0.87251854971475,0.21646153724508,0.113776091481322));
#9586=CARTESIAN_POINT('Ctrl Pts',(0.870235600701426,0.220622334478829,0.119411026043751));
#9587=CARTESIAN_POINT('Ctrl Pts',(0.870238462176515,0.222120296275582,0.11680968961297));
#9588=CARTESIAN_POINT('Ctrl Pts',(0.873314227713518,0.222525734111198,0.117017217628131));
#9589=CARTESIAN_POINT('Ctrl Pts',(0.869448188855604,0.222897155088739,0.120774420416749));
#9590=CARTESIAN_POINT('Ctrl Pts',(0.869425098829097,0.224499698701509,0.118217280830116));
#9591=CARTESIAN_POINT('Ctrl Pts',(0.872272699415143,0.225597680157693,0.118887479719969));
#9592=CARTESIAN_POINT('Ctrl Pts',(0.86619536598621,0.226237040786708,0.122916781623951));
#9593=CARTESIAN_POINT('Ctrl Pts',(0.866148438472097,0.227957236567795,0.120381102787926));
#9594=CARTESIAN_POINT('Ctrl Pts',(0.868016462946365,0.230059444700087,0.12183152384718));
#9595=CARTESIAN_POINT('Ctrl Pts',(0.863728850968204,0.227319272152005,0.123679427613161));
#9596=CARTESIAN_POINT('Ctrl Pts',(0.863691614466216,0.229059957885378,0.121128527636401));
#9597=CARTESIAN_POINT('Ctrl Pts',(0.8648116417083,0.231475863887984,0.122877351796662));
#9598=CARTESIAN_POINT('Ctrl Pts',(0.861136836198983,0.227556664207955,0.123844755442208));
#9599=CARTESIAN_POINT('Ctrl Pts',(0.861126732550398,0.229302880556712,0.121291433508875));
#9600=CARTESIAN_POINT('Ctrl Pts',(0.861469979857652,0.231786410461327,0.123103362595393));
#9601=CARTESIAN_POINT('',(0.858526058394441,0.209082520543411,0.110544591797202));
#9602=CARTESIAN_POINT('Origin',(0.858526058393426,0.207965877099418,0.113329032031609));
#9603=CARTESIAN_POINT('',(0.861469580891697,0.231783522517192,0.123101258281598));
#9604=CARTESIAN_POINT('Origin',(0.861469580891697,0.2300182790167,0.12552693661641));
#9605=CARTESIAN_POINT('Ctrl Pts',(0.858526058394441,0.209082520543411,0.110544591797202));
#9606=CARTESIAN_POINT('Ctrl Pts',(0.861928161933204,0.208719792385373,0.110399127005152));
#9607=CARTESIAN_POINT('Ctrl Pts',(0.865432519799707,0.20967193399714,0.110759229543913));
#9608=CARTESIAN_POINT('Ctrl Pts',(0.870792433368226,0.213622334035748,0.112466122452606));
#9609=CARTESIAN_POINT('Ctrl Pts',(0.872536676874836,0.216542780969325,0.113817947676562));
#9610=CARTESIAN_POINT('Ctrl Pts',(0.873298771538873,0.222520310597719,0.117015900208155));
#9611=CARTESIAN_POINT('Ctrl Pts',(0.872291432017586,0.225547746372619,0.11885629025549));
#9612=CARTESIAN_POINT('Ctrl Pts',(0.868079054207483,0.230014056168095,0.121799848165198));
#9613=CARTESIAN_POINT('Ctrl Pts',(0.864894463786801,0.231465238227782,0.122869632651305));
#9614=CARTESIAN_POINT('Ctrl Pts',(0.861469580891697,0.231783522517192,0.123101258281598));
#9615=CARTESIAN_POINT('Ctrl Pts',(0.861136836525968,0.227556607728385,0.123844838029715));
#9616=CARTESIAN_POINT('Ctrl Pts',(0.861126723834779,0.229302325092522,0.121292064128258));
#9617=CARTESIAN_POINT('Ctrl Pts',(0.861469889793268,0.231785758745302,0.123102887253554));
#9618=CARTESIAN_POINT('Ctrl Pts',(0.858541398352571,0.227794313390046,0.124010383759233));
#9619=CARTESIAN_POINT('Ctrl Pts',(0.85855297754859,0.22954607879167,0.121455527803109));
#9620=CARTESIAN_POINT('Ctrl Pts',(0.858125124038297,0.232096586519822,0.123329099065864));
#9621=CARTESIAN_POINT('Ctrl Pts',(0.85585178649049,0.227193112932246,0.1235769224514));
#9622=CARTESIAN_POINT('Ctrl Pts',(0.855896860707353,0.228937498449385,0.121035151896933));
#9623=CARTESIAN_POINT('Ctrl Pts',(0.854638902209029,0.231313130539339,0.122734895516487));
#9624=CARTESIAN_POINT('Ctrl Pts',(0.851755029025373,0.224573766904342,0.121834395230935));
#9625=CARTESIAN_POINT('Ctrl Pts',(0.851795866741491,0.226235887423895,0.119291813548857));
#9626=CARTESIAN_POINT('Ctrl Pts',(0.849310228153728,0.227843626952613,0.120344122270648));
#9627=CARTESIAN_POINT('Ctrl Pts',(0.85037091056759,0.222544518994979,0.120544411580924));
#9628=CARTESIAN_POINT('Ctrl Pts',(0.850379225326762,0.224125836967473,0.11798026622826));
#9629=CARTESIAN_POINT('Ctrl Pts',(0.847486394213934,0.225126898816371,0.118569851837413));
#9630=CARTESIAN_POINT('Ctrl Pts',(0.849763871808421,0.218159692456132,0.118048889992477));
#9631=CARTESIAN_POINT('Ctrl Pts',(0.849761109900586,0.219567622598215,0.115398563321127));
#9632=CARTESIAN_POINT('Ctrl Pts',(0.846685902546827,0.219182684967516,0.115167947812435));
#9633=CARTESIAN_POINT('Ctrl Pts',(0.850529936015142,0.215803931156031,0.116848909843271));
#9634=CARTESIAN_POINT('Ctrl Pts',(0.850553070403968,0.217118628796741,0.114133668678224));
#9635=CARTESIAN_POINT('Ctrl Pts',(0.847699415263691,0.215976936714557,0.113562495839108));
#9636=CARTESIAN_POINT('Ctrl Pts',(0.853818995575329,0.212169799767614,0.115137074960493));
#9637=CARTESIAN_POINT('Ctrl Pts',(0.853866252798257,0.213402782234204,0.112332524221928));
#9638=CARTESIAN_POINT('Ctrl Pts',(0.852002843793511,0.211052005981915,0.111319838628415));
#9639=CARTESIAN_POINT('Ctrl Pts',(0.856244126898844,0.210967420098145,0.114634466461149));
#9640=CARTESIAN_POINT('Ctrl Pts',(0.856281530933045,0.212202919410338,0.111805113805954));
#9641=CARTESIAN_POINT('Ctrl Pts',(0.855147816517638,0.209440107764142,0.11068798528053));
#9642=CARTESIAN_POINT('Ctrl Pts',(0.858858620867281,0.210699032557884,0.114520360466946));
#9643=CARTESIAN_POINT('Ctrl Pts',(0.858868728170211,0.211933716960461,0.111684915912904));
#9644=CARTESIAN_POINT('Ctrl Pts',(0.858525749661666,0.209079952202252,0.110543563207528));
#9645=CARTESIAN_POINT('Ctrl Pts',(0.861469580891697,0.231783522517192,0.123101258281598));
#9646=CARTESIAN_POINT('Ctrl Pts',(0.858047454077569,0.232101550676011,0.12333269751749));
#9647=CARTESIAN_POINT('Ctrl Pts',(0.85451855221803,0.231268847579783,0.122702297412838));
#9648=CARTESIAN_POINT('Ctrl Pts',(0.849224392186629,0.227746361146069,0.12027926399767));
#9649=CARTESIAN_POINT('Ctrl Pts',(0.847461934897653,0.225036147110757,0.118515795718303));
#9650=CARTESIAN_POINT('Ctrl Pts',(0.846702672595106,0.219173390426406,0.115164780504931));
#9651=CARTESIAN_POINT('Ctrl Pts',(0.847685951120067,0.21602051635786,0.113583809926306));
#9652=CARTESIAN_POINT('Ctrl Pts',(0.851941850548333,0.211102150366832,0.111341228493745));
#9653=CARTESIAN_POINT('Ctrl Pts',(0.855126692605587,0.20944495680587,0.11068993953043));
#9654=CARTESIAN_POINT('Ctrl Pts',(0.858526058394441,0.209082520543411,0.110544591797202));
#9655=CARTESIAN_POINT('Ctrl Pts',(0.858858621193205,0.0765202687328231,
0.167300927498519));
#9656=CARTESIAN_POINT('Ctrl Pts',(0.85886871945851,0.0736841102430412,0.166066044045418));
#9657=CARTESIAN_POINT('Ctrl Pts',(0.858525659645365,0.0725432637599329,
0.168920796812901));
#9658=CARTESIAN_POINT('Ctrl Pts',(0.861464299963212,0.0764065470459089,
0.167568410161812));
#9659=CARTESIAN_POINT('Ctrl Pts',(0.861452111176517,0.073564086233098,0.166334851114994));
#9660=CARTESIAN_POINT('Ctrl Pts',(0.861902288493106,0.072398900415654,0.169280813838993));
#9661=CARTESIAN_POINT('Ctrl Pts',(0.864139304372298,0.07668607691079,0.166880484057808));
#9662=CARTESIAN_POINT('Ctrl Pts',(0.864094135427638,0.0738565839009077,
0.165653866581105));
#9663=CARTESIAN_POINT('Ctrl Pts',(0.865339901579775,0.0727447393160421,
0.168365394676931));
#9664=CARTESIAN_POINT('Ctrl Pts',(0.868260614311202,0.0779831070203837,
0.16400277668852));
#9665=CARTESIAN_POINT('Ctrl Pts',(0.868219647848139,0.075223431362808,0.162732076240588));
#9666=CARTESIAN_POINT('Ctrl Pts',(0.87071259995582,0.0744226087637786,0.164474719594998));
#9667=CARTESIAN_POINT('Ctrl Pts',(0.869632259295838,0.0790130073807312,
0.161838877186872));
#9668=CARTESIAN_POINT('Ctrl Pts',(0.86962409519105,0.0763102061108598,0.160506864462197));
#9669=CARTESIAN_POINT('Ctrl Pts',(0.872518549714782,0.0757760914812699,
0.161538462755031));
#9670=CARTESIAN_POINT('Ctrl Pts',(0.870235600701425,0.0814110260436441,
0.157377665521378));
#9671=CARTESIAN_POINT('Ctrl Pts',(0.870238462176491,0.0788096896128538,
0.155879703724621));
#9672=CARTESIAN_POINT('Ctrl Pts',(0.873314227713516,0.0790172176280629,
0.155474265888925));
#9673=CARTESIAN_POINT('Ctrl Pts',(0.869448188855561,0.0827744204167783,
0.155102844911245));
#9674=CARTESIAN_POINT('Ctrl Pts',(0.869425098829055,0.0802172808301467,
0.153500301298471));
#9675=CARTESIAN_POINT('Ctrl Pts',(0.872272699415203,0.0808874797199133,
0.152402319842398));
#9676=CARTESIAN_POINT('Ctrl Pts',(0.866195365986378,0.0849167816238798,
0.15176295921341));
#9677=CARTESIAN_POINT('Ctrl Pts',(0.86614843847225,0.0823811027878315,0.150042763432319));
#9678=CARTESIAN_POINT('Ctrl Pts',(0.86801646294648,0.083831523847152,0.147940555299956));
#9679=CARTESIAN_POINT('Ctrl Pts',(0.863728850968145,0.0856794276131378,
0.150680727848041));
#9680=CARTESIAN_POINT('Ctrl Pts',(0.863691614466154,0.083128527636329,0.148940042114669));
#9681=CARTESIAN_POINT('Ctrl Pts',(0.864811641708306,0.0848773517966251,
0.146524136112071));
#9682=CARTESIAN_POINT('Ctrl Pts',(0.86113683619899,0.0858447554422101,0.15044333579206));
#9683=CARTESIAN_POINT('Ctrl Pts',(0.861126732550402,0.0832914335088622,
0.148697119443302));
#9684=CARTESIAN_POINT('Ctrl Pts',(0.861469979857714,0.0851033625953864,
0.146213589538685));
#9685=CARTESIAN_POINT('',(0.858526058394343,0.0725445917972058,0.168917479456584));
#9686=CARTESIAN_POINT('Origin',(0.85852605839331,0.0753290320316143,0.170034122900575));
#9687=CARTESIAN_POINT('',(0.861469580891757,0.0851012582815893,0.146216477482824));
#9688=CARTESIAN_POINT('Origin',(0.861469580891757,0.0875269366164012,0.147981720983315));
#9689=CARTESIAN_POINT('Ctrl Pts',(0.858526058394343,0.0725445917972058,
0.168917479456584));
#9690=CARTESIAN_POINT('Ctrl Pts',(0.861928161933104,0.0723991270051532,
0.169280207614631));
#9691=CARTESIAN_POINT('Ctrl Pts',(0.865432519799628,0.0727592295438888,
0.168328066002925));
#9692=CARTESIAN_POINT('Ctrl Pts',(0.870792433368146,0.0744661224525744,
0.164377665964326));
#9693=CARTESIAN_POINT('Ctrl Pts',(0.872536676874855,0.0758179476765105,
0.161457219030784));
#9694=CARTESIAN_POINT('Ctrl Pts',(0.87329877153888,0.0790159002080971,0.155479689402384));
#9695=CARTESIAN_POINT('Ctrl Pts',(0.872291432017624,0.0808562902554451,
0.152452253627457));
#9696=CARTESIAN_POINT('Ctrl Pts',(0.868079054207605,0.08379984816516,0.147985943831963));
#9697=CARTESIAN_POINT('Ctrl Pts',(0.864894463786864,0.0848696326512591,
0.146534761772285));
#9698=CARTESIAN_POINT('Ctrl Pts',(0.861469580891757,0.0851012582815893,
0.146216477482824));
#9699=CARTESIAN_POINT('Ctrl Pts',(0.861136836525975,0.0858448380297056,
0.150443392271622));
#9700=CARTESIAN_POINT('Ctrl Pts',(0.861126723834786,0.0832920641282501,
0.14869767490748));
#9701=CARTESIAN_POINT('Ctrl Pts',(0.861469889793328,0.0851028872535494,
0.146214241254708));
#9702=CARTESIAN_POINT('Ctrl Pts',(0.858541398352564,0.0860103837592579,
0.150205686609926));
#9703=CARTESIAN_POINT('Ctrl Pts',(0.858552977548582,0.0834555278031248,
0.148453921208297));
#9704=CARTESIAN_POINT('Ctrl Pts',(0.858125124038339,0.0853290990658958,
0.145903413480138));
#9705=CARTESIAN_POINT('Ctrl Pts',(0.855851786490584,0.0855769224514409,
0.1508068870677));
#9706=CARTESIAN_POINT('Ctrl Pts',(0.85589686070744,0.0830351518969867,0.149062501550552));
#9707=CARTESIAN_POINT('Ctrl Pts',(0.854638902209066,0.0847348955165123,
0.14668686946063));
#9708=CARTESIAN_POINT('Ctrl Pts',(0.85175502902534,0.0838343952309044,0.153426233095682));
#9709=CARTESIAN_POINT('Ctrl Pts',(0.851795866741455,0.0812918135488143,
0.151764112576132));
#9710=CARTESIAN_POINT('Ctrl Pts',(0.849310228153738,0.0823441222706492,
0.150156373047389));
#9711=CARTESIAN_POINT('Ctrl Pts',(0.850370910567581,0.0825444115810788,
0.15545548100474));
#9712=CARTESIAN_POINT('Ctrl Pts',(0.850379225326759,0.0799802662284156,
0.153874163032236));
#9713=CARTESIAN_POINT('Ctrl Pts',(0.847486394213884,0.0805698518374558,
0.152873101183562));
#9714=CARTESIAN_POINT('Ctrl Pts',(0.849763871808451,0.0800488899924024,
0.159840307543991));
#9715=CARTESIAN_POINT('Ctrl Pts',(0.849761109900598,0.0773985633210549,
0.158432377401908));
#9716=CARTESIAN_POINT('Ctrl Pts',(0.84668590254687,0.0771679478124311,0.158817315032492));
#9717=CARTESIAN_POINT('Ctrl Pts',(0.850529936014937,0.078848909843302,0.162196068843902));
#9718=CARTESIAN_POINT('Ctrl Pts',(0.85055307040377,0.0761336686782525,0.160881371203182));
#9719=CARTESIAN_POINT('Ctrl Pts',(0.847699415263548,0.0755624958390957,
0.162023063285478));
#9720=CARTESIAN_POINT('Ctrl Pts',(0.853818995575236,0.0771370749605557,
0.165830200232246));
#9721=CARTESIAN_POINT('Ctrl Pts',(0.853866252798149,0.0743325242219871,
0.16459721776566));
#9722=CARTESIAN_POINT('Ctrl Pts',(0.852002843793445,0.0733198386284715,
0.166947994017964));
#9723=CARTESIAN_POINT('Ctrl Pts',(0.856244126898888,0.0766344664611528,
0.167032579901859));
#9724=CARTESIAN_POINT('Ctrl Pts',(0.856281530933098,0.0738051138059597,
0.165797080589663));
#9725=CARTESIAN_POINT('Ctrl Pts',(0.855147816517563,0.0726879852805344,
0.168559892235853));
#9726=CARTESIAN_POINT('Ctrl Pts',(0.858858620867192,0.0765203604669449,
0.16730096744211));
#9727=CARTESIAN_POINT('Ctrl Pts',(0.858868728170122,0.0736849159128982,
0.166066283039538));
#9728=CARTESIAN_POINT('Ctrl Pts',(0.858525749661569,0.0725435632075291,
0.16892004779775));
#9729=CARTESIAN_POINT('Ctrl Pts',(0.861469580891757,0.0851012582815893,
0.146216477482824));
#9730=CARTESIAN_POINT('Ctrl Pts',(0.858047454077624,0.0853326975175196,
0.145898449323952));
#9731=CARTESIAN_POINT('Ctrl Pts',(0.854518552218077,0.0847022974128557,
0.146731152420195));
#9732=CARTESIAN_POINT('Ctrl Pts',(0.849224392186641,0.0822792639976722,
0.150253638853931));
#9733=CARTESIAN_POINT('Ctrl Pts',(0.847461934897606,0.0805157957183455,
0.152963852889175));
#9734=CARTESIAN_POINT('Ctrl Pts',(0.846702672595163,0.0771647805049279,
0.158826609573601));
#9735=CARTESIAN_POINT('Ctrl Pts',(0.8476859511199,0.075583809926305,0.16197948364215));
#9736=CARTESIAN_POINT('Ctrl Pts',(0.851941850548302,0.0733412284937927,
0.166897849633066));
#9737=CARTESIAN_POINT('Ctrl Pts',(0.85512669260549,0.0726899395304378,0.168555043194116));
#9738=CARTESIAN_POINT('Ctrl Pts',(0.858526058394343,0.0725445917972058,
0.168917479456584));
#9739=CARTESIAN_POINT('Ctrl Pts',(0.858858621193202,0.263479731267179,0.248699072501482));
#9740=CARTESIAN_POINT('Ctrl Pts',(0.858868719458508,0.266315889756963,0.249933955954583));
#9741=CARTESIAN_POINT('Ctrl Pts',(0.858525659645353,0.267456736240069,0.247079203187099));
#9742=CARTESIAN_POINT('Ctrl Pts',(0.861464299963136,0.263593452954095,0.24843158983819));
#9743=CARTESIAN_POINT('Ctrl Pts',(0.861452111176437,0.266435913766902,0.24966514888501));
#9744=CARTESIAN_POINT('Ctrl Pts',(0.861902288493081,0.267601099584351,0.246719186160999));
#9745=CARTESIAN_POINT('Ctrl Pts',(0.864139304372351,0.263313923089193,0.249119515942225));
#9746=CARTESIAN_POINT('Ctrl Pts',(0.8640941354277,0.266143416099075,0.250346133418923));
#9747=CARTESIAN_POINT('Ctrl Pts',(0.865339901579772,0.267255260683962,0.247634605323064));
#9748=CARTESIAN_POINT('Ctrl Pts',(0.868260614311146,0.262016892979649,0.251997223311426));
#9749=CARTESIAN_POINT('Ctrl Pts',(0.868219647848077,0.264776568637226,0.253267923759365));
#9750=CARTESIAN_POINT('Ctrl Pts',(0.870712599955811,0.265577391236236,0.251525280404975));
#9751=CARTESIAN_POINT('Ctrl Pts',(0.869632259295683,0.260986992619382,0.254161122812931));
#9752=CARTESIAN_POINT('Ctrl Pts',(0.86962409519088,0.263689793889252,0.255493135537608));
#9753=CARTESIAN_POINT('Ctrl Pts',(0.872518549714636,0.264223908518729,0.254461537244978));
#9754=CARTESIAN_POINT('Ctrl Pts',(0.870235600701451,0.258588973956172,0.258622334478962));
#9755=CARTESIAN_POINT('Ctrl Pts',(0.870238462176533,0.261190310386966,0.260120296275718));
#9756=CARTESIAN_POINT('Ctrl Pts',(0.873314227713524,0.260982782371927,0.260525734111097));
#9757=CARTESIAN_POINT('Ctrl Pts',(0.869448188855681,0.257225579583262,0.260897155088702));
#9758=CARTESIAN_POINT('Ctrl Pts',(0.869425098829169,0.259782719169896,0.262499698701477));
#9759=CARTESIAN_POINT('Ctrl Pts',(0.872272699415265,0.259112520280075,0.263597680157623));
#9760=CARTESIAN_POINT('Ctrl Pts',(0.866195365986339,0.255083218376114,0.264237040786598));
#9761=CARTESIAN_POINT('Ctrl Pts',(0.866148438472215,0.257618897212163,0.265957236567688));
#9762=CARTESIAN_POINT('Ctrl Pts',(0.868016462946445,0.256168476152856,0.268059444700036));
#9763=CARTESIAN_POINT('Ctrl Pts',(0.86372885096813,0.254320572386882,0.265319272151932));
#9764=CARTESIAN_POINT('Ctrl Pts',(0.86369161446614,0.256871472363661,0.26705995788531));
#9765=CARTESIAN_POINT('Ctrl Pts',(0.864811641708268,0.255122648203398,0.269475863887901));
#9766=CARTESIAN_POINT('Ctrl Pts',(0.861136836198924,0.254155244557795,0.265556664207937));
#9767=CARTESIAN_POINT('Ctrl Pts',(0.861126732550336,0.256708566491143,0.267302880556695));
#9768=CARTESIAN_POINT('Ctrl Pts',(0.861469979857674,0.254896637404619,0.26978641046131));
#9769=CARTESIAN_POINT('',(0.858526058394331,0.267455408202796,0.247082520543418));
#9770=CARTESIAN_POINT('Origin',(0.858526058393299,0.264670967968388,0.245965877099427));
#9771=CARTESIAN_POINT('',(0.861469580891717,0.254898741718417,0.26978352251717));
#9772=CARTESIAN_POINT('Origin',(0.861469580891717,0.252473063383605,0.268018279016679));
#9773=CARTESIAN_POINT('Ctrl Pts',(0.858526058394331,0.267455408202796,0.247082520543418));
#9774=CARTESIAN_POINT('Ctrl Pts',(0.861928161933093,0.267600872994853,0.246719792385361));
#9775=CARTESIAN_POINT('Ctrl Pts',(0.865432519799621,0.267240770456117,0.247671933997067));
#9776=CARTESIAN_POINT('Ctrl Pts',(0.870792433368139,0.265533877547437,0.251622334035653));
#9777=CARTESIAN_POINT('Ctrl Pts',(0.87253667687471,0.264182052323484,0.254542780969231));
#9778=CARTESIAN_POINT('Ctrl Pts',(0.873298771538885,0.260984099791896,0.260520310597632));
#9779=CARTESIAN_POINT('Ctrl Pts',(0.872291432017696,0.259143709744549,0.263547746372555));
#9780=CARTESIAN_POINT('Ctrl Pts',(0.868079054207561,0.256200151834842,0.268014056168037));
#9781=CARTESIAN_POINT('Ctrl Pts',(0.864894463786827,0.255130367348765,0.269465238227684));
#9782=CARTESIAN_POINT('Ctrl Pts',(0.861469580891717,0.254898741718417,0.26978352251717));
#9783=CARTESIAN_POINT('Ctrl Pts',(0.86113683652591,0.254155161970297,0.265556607728372));
#9784=CARTESIAN_POINT('Ctrl Pts',(0.861126723834719,0.256707935871756,0.267302325092514));
#9785=CARTESIAN_POINT('Ctrl Pts',(0.861469889793289,0.254897112746457,0.269785758745286));
#9786=CARTESIAN_POINT('Ctrl Pts',(0.858541398352621,0.253989616240743,0.265794313390078));
#9787=CARTESIAN_POINT('Ctrl Pts',(0.85855297754864,0.256544472196878,0.267546078791711));
#9788=CARTESIAN_POINT('Ctrl Pts',(0.858125124038325,0.254670900934095,0.270096586519877));
#9789=CARTESIAN_POINT('Ctrl Pts',(0.855851786490505,0.254423077548593,0.265193112932258));
#9790=CARTESIAN_POINT('Ctrl Pts',(0.855896860707365,0.256964848103059,0.266937498449402));
#9791=CARTESIAN_POINT('Ctrl Pts',(0.854638902209021,0.255265104483508,0.269313130539345));
#9792=CARTESIAN_POINT('Ctrl Pts',(0.851755029025356,0.256165604769081,0.262573766904325));
#9793=CARTESIAN_POINT('Ctrl Pts',(0.851795866741472,0.258708186451167,0.264235887423879));
#9794=CARTESIAN_POINT('Ctrl Pts',(0.849310228153716,0.257655877729359,0.265843626952602));
#9795=CARTESIAN_POINT('Ctrl Pts',(0.85037091056763,0.257455588418927,0.260544518995248));
#9796=CARTESIAN_POINT('Ctrl Pts',(0.850379225326811,0.260019733771591,0.262125836967742));
#9797=CARTESIAN_POINT('Ctrl Pts',(0.847486394213935,0.259430148162581,0.263126898816383));
#9798=CARTESIAN_POINT('Ctrl Pts',(0.849763871808441,0.25995111000767,0.256159692455878));
#9799=CARTESIAN_POINT('Ctrl Pts',(0.849761109900591,0.262601436679028,0.257567622597963));
#9800=CARTESIAN_POINT('Ctrl Pts',(0.846685902546864,0.262832052187594,0.257182684967465));
#9801=CARTESIAN_POINT('Ctrl Pts',(0.850529936014778,0.26115109015665,0.253803931156193));
#9802=CARTESIAN_POINT('Ctrl Pts',(0.850553070403613,0.263866331321707,0.25511862879692));
#9803=CARTESIAN_POINT('Ctrl Pts',(0.84769941526349,0.264437504160928,0.253976936714476));
#9804=CARTESIAN_POINT('Ctrl Pts',(0.853818995575303,0.262862925039452,0.250169799767734));
#9805=CARTESIAN_POINT('Ctrl Pts',(0.853866252798216,0.265667475778017,0.251402782234326));
#9806=CARTESIAN_POINT('Ctrl Pts',(0.852002843793478,0.266680161371508,0.249052005982087));
#9807=CARTESIAN_POINT('Ctrl Pts',(0.856244126898815,0.26336553353886,0.248967420098164));
#9808=CARTESIAN_POINT('Ctrl Pts',(0.856281530933026,0.26619488619407,0.250202919410381));
#9809=CARTESIAN_POINT('Ctrl Pts',(0.855147816517523,0.267312014719463,0.247440107764159));
#9810=CARTESIAN_POINT('Ctrl Pts',(0.858858620867189,0.263479639533054,0.24869903255789));
#9811=CARTESIAN_POINT('Ctrl Pts',(0.85886872817012,0.266315084087102,0.249933716960466));
#9812=CARTESIAN_POINT('Ctrl Pts',(0.858525749661556,0.267456436792472,0.247079952202252));
#9813=CARTESIAN_POINT('Ctrl Pts',(0.861469580891717,0.254898741718417,0.26978352251717));
#9814=CARTESIAN_POINT('Ctrl Pts',(0.858047454077582,0.254667302482469,0.270101550676066));
#9815=CARTESIAN_POINT('Ctrl Pts',(0.854518552218027,0.255297702587161,0.269268847579785));
#9816=CARTESIAN_POINT('Ctrl Pts',(0.849224392186612,0.257720736002344,0.265746361146047));
#9817=CARTESIAN_POINT('Ctrl Pts',(0.847461934897654,0.259484204281691,0.26303614711077));
#9818=CARTESIAN_POINT('Ctrl Pts',(0.846702672595158,0.2628352194951,0.25717339042635));
#9819=CARTESIAN_POINT('Ctrl Pts',(0.847685951119844,0.264416190073718,0.254020516357806));
#9820=CARTESIAN_POINT('Ctrl Pts',(0.851941850548334,0.26665877150619,0.249102150366978));
#9821=CARTESIAN_POINT('Ctrl Pts',(0.855126692605479,0.26731006046956,0.247444956805896));
#9822=CARTESIAN_POINT('Ctrl Pts',(0.858526058394331,0.267455408202796,0.247082520543418));
#9823=CARTESIAN_POINT('Origin',(0.899999999999999,0.377000000000001,0.213499999999999));
#9824=CARTESIAN_POINT('',(0.899999999999999,0.275000000000001,0.208));
#9825=CARTESIAN_POINT('',(0.899999999999999,0.0650000000000014,0.208));
#9826=CARTESIAN_POINT('Origin',(0.899999999999999,0.170000000000001,0.208));
#9827=CARTESIAN_POINT('Origin',(0.899999999999999,0.170000000000001,0.208));
#9828=CARTESIAN_POINT('Origin',(0.899999999999999,0.170000000000001,0.208));
#9829=CARTESIAN_POINT('',(0.819999999999999,0.275000000000001,0.208));
#9830=CARTESIAN_POINT('',(0.82,0.0650000000000014,0.208));
#9831=CARTESIAN_POINT('Origin',(0.82,0.170000000000001,0.208));
#9832=CARTESIAN_POINT('Origin',(0.82,0.170000000000001,0.208));
#9833=CARTESIAN_POINT('',(0.899999999999999,0.0650000000000014,0.208));
#9834=CARTESIAN_POINT('Origin',(0.739999999999999,-1.92554305833426E-16,
-2.22044604925031E-16));
#9835=CARTESIAN_POINT('',(0.739999999999999,-1.92554305833426E-16,-2.22044604925031E-16));
#9836=CARTESIAN_POINT('',(0.739999999999999,-1.92554305833426E-16,-2.22044604925031E-16));
#9837=CARTESIAN_POINT('',(0.739999999999999,-1.92554305833426E-16,0.397));
#9838=CARTESIAN_POINT('',(0.739999999999999,-1.92554305833426E-16,-2.22044604925031E-16));
#9839=CARTESIAN_POINT('',(0.,-1.12757025938492E-17,0.397));
#9840=CARTESIAN_POINT('',(0.739999999999999,-1.92554305833426E-16,0.397));
#9841=CARTESIAN_POINT('',(0.,-1.12757025938492E-17,0.));
#9842=CARTESIAN_POINT('',(0.,-1.12757025938492E-17,0.));
#9843=CARTESIAN_POINT('',(0.739999999999999,-1.92554305833426E-16,-2.22044604925031E-16));
#9844=CARTESIAN_POINT('',(0.0899999999999999,8.84708972748172E-17,0.000499999999999889));
#9845=CARTESIAN_POINT('Origin',(0.0899999999999999,7.45931094670027E-17,
0.0749999999999999));
#9846=CARTESIAN_POINT('',(0.65,-4.85722573273506E-17,0.000499999999999889));
#9847=CARTESIAN_POINT('Origin',(0.65,-6.24500451351651E-17,0.0749999999999999));
#9848=CARTESIAN_POINT('Origin',(0.,0.377,0.21902288051716));
#9849=CARTESIAN_POINT('',(0.,0.06,0.457));
#9850=CARTESIAN_POINT('Origin',(0.,0.06,0.397));
#9851=CARTESIAN_POINT('',(0.,0.694,0.457));
#9852=CARTESIAN_POINT('',(0.,0.06,0.457));
#9853=CARTESIAN_POINT('Origin',(0.,0.694,0.397));
#9854=CARTESIAN_POINT('',(-8.88178419700125E-16,0.754,5.55111512312578E-17));
#9855=CARTESIAN_POINT('',(0.,0.296,0.0819999999999998));
#9856=CARTESIAN_POINT('',(0.,0.296,0.334));
#9857=CARTESIAN_POINT('',(0.,0.296,0.0819999999999998));
#9858=CARTESIAN_POINT('',(0.,0.0439999999999998,0.334));
#9859=CARTESIAN_POINT('',(0.,0.296,0.334));
#9860=CARTESIAN_POINT('',(0.,0.0439999999999998,0.0819999999999998));
#9861=CARTESIAN_POINT('',(0.,0.0439999999999998,0.0819999999999998));
#9862=CARTESIAN_POINT('',(0.,0.296,0.0819999999999998));
#9863=CARTESIAN_POINT('Origin',(0.739999999999999,0.377,0.21902288051716));
#9864=CARTESIAN_POINT('',(0.739999999999999,0.754,-1.66533453693773E-16));
#9865=CARTESIAN_POINT('',(0.739999999999999,0.694,0.457));
#9866=CARTESIAN_POINT('Origin',(0.739999999999999,0.694,0.397));
#9867=CARTESIAN_POINT('',(0.739999999999999,0.0599999999999999,0.457));
#9868=CARTESIAN_POINT('',(0.739999999999999,0.0599999999999999,0.457));
#9869=CARTESIAN_POINT('Origin',(0.739999999999999,0.0599999999999999,0.397));
#9870=CARTESIAN_POINT('',(0.74,0.71,0.0489999999999998));
#9871=CARTESIAN_POINT('',(0.74,0.71,0.367));
#9872=CARTESIAN_POINT('',(0.74,0.71,0.0489999999999998));
#9873=CARTESIAN_POINT('',(0.74,0.0440000000000001,0.0489999999999998));
#9874=CARTESIAN_POINT('',(0.74,0.0440000000000001,0.0489999999999998));
#9875=CARTESIAN_POINT('',(0.74,0.0440000000000001,0.367));
#9876=CARTESIAN_POINT('',(0.74,0.0440000000000001,0.0489999999999998));
#9877=CARTESIAN_POINT('',(0.74,0.0440000000000001,0.367));
#9878=CARTESIAN_POINT('Origin',(0.739999999999999,0.754,-1.66533453693773E-16));
#9879=CARTESIAN_POINT('Origin',(0.739999999999999,0.694,0.397));
#9880=CARTESIAN_POINT('',(0.739999999999999,0.694,0.457));
#9881=CARTESIAN_POINT('Origin',(0.739999999999999,0.0599999999999999,0.457));
#9882=CARTESIAN_POINT('',(0.739999999999999,0.0599999999999999,0.457));
#9883=CARTESIAN_POINT('Origin',(0.739999999999999,0.0599999999999999,0.397));
#9884=CARTESIAN_POINT('Origin',(0.82,0.044,0.0489999999999998));
#9885=CARTESIAN_POINT('',(0.82,0.71,0.0489999999999998));
#9886=CARTESIAN_POINT('',(0.82,0.044,0.0489999999999998));
#9887=CARTESIAN_POINT('',(0.82,0.71,0.0489999999999998));
#9888=CARTESIAN_POINT('',(0.82,0.71,0.367));
#9889=CARTESIAN_POINT('',(0.82,0.71,0.0489999999999998));
#9890=CARTESIAN_POINT('',(0.82,0.044,0.367));
#9891=CARTESIAN_POINT('',(0.82,0.71,0.367));
#9892=CARTESIAN_POINT('',(0.82,0.044,0.0489999999999998));
#9893=CARTESIAN_POINT('Origin',(0.74,0.0440000000000001,0.0489999999999998));
#9894=CARTESIAN_POINT('',(0.82,0.044,0.0489999999999998));
#9895=CARTESIAN_POINT('',(0.82,0.044,0.367));
#9896=CARTESIAN_POINT('Origin',(0.82,0.71,0.0489999999999998));
#9897=CARTESIAN_POINT('',(0.74,0.71,0.0489999999999998));
#9898=CARTESIAN_POINT('',(0.74,0.71,0.367));
#9899=CARTESIAN_POINT('Origin',(0.779999999999999,0.377,0.0489999999999998));
#9900=CARTESIAN_POINT('Origin',(0.779999999999999,0.377,0.367));
#9901=CARTESIAN_POINT('Origin',(-0.0800000000000001,0.296,0.0819999999999998));
#9902=CARTESIAN_POINT('',(-0.0800000000000001,0.0439999999999998,0.0819999999999998));
#9903=CARTESIAN_POINT('',(-0.0800000000000001,0.296,0.0819999999999998));
#9904=CARTESIAN_POINT('',(-0.0800000000000001,0.0439999999999998,0.0819999999999998));
#9905=CARTESIAN_POINT('',(-0.0800000000000001,0.0439999999999998,0.334));
#9906=CARTESIAN_POINT('',(-0.0800000000000001,0.0439999999999998,0.0819999999999998));
#9907=CARTESIAN_POINT('',(-0.0800000000000001,0.296,0.334));
#9908=CARTESIAN_POINT('',(-0.0800000000000001,0.0439999999999998,0.334));
#9909=CARTESIAN_POINT('',(-0.0800000000000001,0.296,0.0819999999999998));
#9910=CARTESIAN_POINT('',(-0.0800000000000001,0.275,0.208));
#9911=CARTESIAN_POINT('',(-0.0800000000000001,0.0650000000000003,0.208));
#9912=CARTESIAN_POINT('Origin',(-0.0800000000000001,0.17,0.208));
#9913=CARTESIAN_POINT('Origin',(-0.0800000000000001,0.17,0.208));
#9914=CARTESIAN_POINT('Origin',(-0.0800000000000001,0.0439999999999998,
0.0819999999999998));
#9915=CARTESIAN_POINT('',(0.,0.0439999999999998,0.0819999999999998));
#9916=CARTESIAN_POINT('',(0.,0.0439999999999998,0.334));
#9917=CARTESIAN_POINT('Origin',(0.,0.296,0.0819999999999998));
#9918=CARTESIAN_POINT('',(-0.0800000000000001,0.296,0.0819999999999998));
#9919=CARTESIAN_POINT('',(-0.0800000000000001,0.296,0.334));
#9920=CARTESIAN_POINT('Origin',(-0.04,0.169999999999999,0.0819999999999998));
#9921=CARTESIAN_POINT('Origin',(-0.04,0.169999999999999,0.334));
#9922=CARTESIAN_POINT('Origin',(-0.262,0.17,0.208));
#9923=CARTESIAN_POINT('',(-0.262,0.1515,0.208));
#9924=CARTESIAN_POINT('',(-0.262,0.188500000000001,0.208));
#9925=CARTESIAN_POINT('Origin',(-0.262,0.17,0.208));
#9926=CARTESIAN_POINT('Origin',(-0.262,0.17,0.208));
#9927=CARTESIAN_POINT('',(-0.146999999999999,0.188500000000001,0.208));
#9928=CARTESIAN_POINT('',(-0.262,0.188500000000001,0.208));
#9929=CARTESIAN_POINT('',(-0.146999999999999,0.1515,0.208));
#9930=CARTESIAN_POINT('Origin',(-0.146999999999999,0.17,0.208));
#9931=CARTESIAN_POINT('Origin',(-0.146999999999999,0.17,0.208));
#9932=CARTESIAN_POINT('Origin',(-0.146999999999999,0.17,0.208));
#9933=CARTESIAN_POINT('Origin',(-0.26,0.17,0.208));
#9934=CARTESIAN_POINT('',(-0.262,0.17,0.233));
#9935=CARTESIAN_POINT('Origin',(-0.262,0.17,0.208));
#9936=CARTESIAN_POINT('',(-0.26,0.17,0.233));
#9937=CARTESIAN_POINT('',(-0.26,0.17,0.233));
#9938=CARTESIAN_POINT('Origin',(-0.26,0.17,0.208));
#9939=CARTESIAN_POINT('Origin',(-0.262,0.17,0.208));
#9940=CARTESIAN_POINT('Origin',(-0.261,0.17,0.208));
#9941=CARTESIAN_POINT('',(-0.261,0.0895000000000002,0.208));
#9942=CARTESIAN_POINT('',(-0.261,0.2505,0.208));
#9943=CARTESIAN_POINT('Origin',(-0.261,0.17,0.208));
#9944=CARTESIAN_POINT('Origin',(-0.261,0.17,0.208));
#9945=CARTESIAN_POINT('',(-0.26,0.2505,0.208));
#9946=CARTESIAN_POINT('',(-0.261,0.2505,0.208));
#9947=CARTESIAN_POINT('',(-0.26,0.0895000000000002,0.208));
#9948=CARTESIAN_POINT('Origin',(-0.26,0.17,0.208));
#9949=CARTESIAN_POINT('Origin',(-0.26,0.17,0.208));
#9950=CARTESIAN_POINT('Origin',(-0.26,0.17,0.208));
#9951=CARTESIAN_POINT('Origin',(-0.339,0.17,0.208));
#9952=CARTESIAN_POINT('',(-0.339,0.17,0.11715));
#9953=CARTESIAN_POINT('',(-0.339,0.170000000000001,0.29885));
#9954=CARTESIAN_POINT('Origin',(-0.339,0.17,0.208));
#9955=CARTESIAN_POINT('Origin',(-0.339,0.17,0.208));
#9956=CARTESIAN_POINT('',(-0.261,0.170000000000001,0.29885));
#9957=CARTESIAN_POINT('',(-0.339,0.170000000000001,0.29885));
#9958=CARTESIAN_POINT('',(-0.261,0.17,0.11715));
#9959=CARTESIAN_POINT('Origin',(-0.261,0.17,0.208));
#9960=CARTESIAN_POINT('Origin',(-0.261,0.17,0.208));
#9961=CARTESIAN_POINT('Origin',(-0.261,0.17,0.208));
#9962=CARTESIAN_POINT('Origin',(-0.339,0.17,0.208));
#9963=CARTESIAN_POINT('',(-0.339,0.0700000000000002,0.208));
#9964=CARTESIAN_POINT('',(-0.339000000000001,0.27,0.208));
#9965=CARTESIAN_POINT('Origin',(-0.339,0.17,0.208));
#9966=CARTESIAN_POINT('Origin',(-0.339,0.17,0.208));
#9967=CARTESIAN_POINT('Origin',(-0.334000000000001,0.17,0.208));
#9968=CARTESIAN_POINT('',(-0.334000000000001,0.275,0.208));
#9969=CARTESIAN_POINT('Origin',(-0.334000000000001,0.27,0.208));
#9970=CARTESIAN_POINT('',(-0.334000000000001,0.0650000000000002,0.208));
#9971=CARTESIAN_POINT('Origin',(-0.334000000000001,0.17,0.208));
#9972=CARTESIAN_POINT('Origin',(-0.334000000000001,0.17,0.208));
#9973=CARTESIAN_POINT('Origin',(-0.16,0.17,0.208));
#9974=CARTESIAN_POINT('',(-0.119221259353196,0.118775887631659,0.127993185839732));
#9975=CARTESIAN_POINT('',(-0.120784395389631,0.129444805584202,0.122091466047331));
#9976=CARTESIAN_POINT('Ctrl Pts',(-0.119221259353196,0.118775887631659,
0.127993185839732));
#9977=CARTESIAN_POINT('Ctrl Pts',(-0.120722494241015,0.118653580509245,
0.128071492592073));
#9978=CARTESIAN_POINT('Ctrl Pts',(-0.122241987415605,0.118885021465126,
0.127919320983604));
#9979=CARTESIAN_POINT('Ctrl Pts',(-0.123568850168941,0.119470882801869,
0.127552201626277));
#9980=CARTESIAN_POINT('Ctrl Pts',(-0.123769054673988,0.119559280851067,
0.127496808595579));
#9981=CARTESIAN_POINT('Ctrl Pts',(-0.123964840454378,0.119655825409946,
0.127436474111766));
#9982=CARTESIAN_POINT('Ctrl Pts',(-0.124155426255682,0.119760601488556,
0.127371202000809));
#9983=CARTESIAN_POINT('Ctrl Pts',(-0.12416885570506,0.119767984436467,0.127366602662853));
#9984=CARTESIAN_POINT('Ctrl Pts',(-0.124182259129018,0.119775408163217,
0.127361978866659));
#9985=CARTESIAN_POINT('Ctrl Pts',(-0.124195636228533,0.119782872686494,
0.127357330621258));
#9986=CARTESIAN_POINT('Ctrl Pts',(-0.12554674383036,0.120536801005071,0.126887850694763));
#9987=CARTESIAN_POINT('Ctrl Pts',(-0.126565972698923,0.121715919868199,
0.126170891343458));
#9988=CARTESIAN_POINT('Ctrl Pts',(-0.126889573032718,0.123074408456422,
0.125398664786889));
#9989=CARTESIAN_POINT('Ctrl Pts',(-0.126909583595715,0.123158413689534,
0.125350912400552));
#9990=CARTESIAN_POINT('Ctrl Pts',(-0.126926922650617,0.123243095355175,
0.125302955843456));
#9991=CARTESIAN_POINT('Ctrl Pts',(-0.126941499649965,0.123328391585724,
0.125254843397142));
#9992=CARTESIAN_POINT('Ctrl Pts',(-0.126942322015853,0.123333203598723,
0.125252129118731));
#9993=CARTESIAN_POINT('Ctrl Pts',(-0.126943135567686,0.12333801741494,0.125249414430357));
#9994=CARTESIAN_POINT('Ctrl Pts',(-0.126943940290742,0.123342833022296,
0.125246699341126));
#9995=CARTESIAN_POINT('Ctrl Pts',(-0.127164730911903,0.124664083769362,
0.124501764505375));
#9996=CARTESIAN_POINT('Ctrl Pts',(-0.126681812196784,0.126060810780057,
0.123764722450003));
#9997=CARTESIAN_POINT('Ctrl Pts',(-0.125718869402894,0.127140702912725,
0.123217655997004));
#9998=CARTESIAN_POINT('Ctrl Pts',(-0.125615894605839,0.127256183992087,
0.123159154020219));
#9999=CARTESIAN_POINT('Ctrl Pts',(-0.125507458945312,0.127368078714524,
0.123102804304542));
#10000=CARTESIAN_POINT('Ctrl Pts',(-0.125393852749359,0.127475940591383,
0.123048811829955));
#10001=CARTESIAN_POINT('Ctrl Pts',(-0.125384151391366,0.127485151415427,
0.123044201163076));
#10002=CARTESIAN_POINT('Ctrl Pts',(-0.125374417835765,0.127494331718648,
0.12303960735845));
#10003=CARTESIAN_POINT('Ctrl Pts',(-0.125364652348688,0.127503481466573,
0.123035030408944));
#10004=CARTESIAN_POINT('Ctrl Pts',(-0.124342592629941,0.128461097683492,
0.122556005073275));
#10005=CARTESIAN_POINT('Ctrl Pts',(-0.122978338393199,0.129082916538801,
0.122261857819778));
#10006=CARTESIAN_POINT('Ctrl Pts',(-0.121533938673962,0.129343181249951,
0.12213930047639));
#10007=CARTESIAN_POINT('Ctrl Pts',(-0.121286140062123,0.129387831794585,
0.122118274759507));
#10008=CARTESIAN_POINT('Ctrl Pts',(-0.121035882814241,0.129421777848196,
0.122102336845233));
#10009=CARTESIAN_POINT('Ctrl Pts',(-0.120784395389631,0.129444805584202,
0.122091466047332));
#10010=CARTESIAN_POINT('Ctrl Pts',(-0.120784395389631,0.129444805584202,
0.122091466047331));
#10011=CARTESIAN_POINT('Ctrl Pts',(-0.119066266765934,0.129602128362607,
0.122017198037266));
#10012=CARTESIAN_POINT('Ctrl Pts',(-0.117296086385968,0.129238665783741,
0.122184052288692));
#10013=CARTESIAN_POINT('Ctrl Pts',(-0.114413367223476,0.127568042091028,
0.12299769299195));
#10014=CARTESIAN_POINT('Ctrl Pts',(-0.113316620779365,0.126224968357758,
0.123669080050899));
#10015=CARTESIAN_POINT('Ctrl Pts',(-0.112801916439058,0.123201469827214,
0.12530867622049));
#10016=CARTESIAN_POINT('Ctrl Pts',(-0.113449536449122,0.121669917826813,
0.126202991804714));
#10017=CARTESIAN_POINT('Ctrl Pts',(-0.115827539146178,0.119544733875824,
0.12749649999593));
#10018=CARTESIAN_POINT('Ctrl Pts',(-0.11749276554681,0.118916709767679,
0.127903024907877));
#10019=CARTESIAN_POINT('Ctrl Pts',(-0.119221259353196,0.118775887631659,
0.127993185839732));
#10020=CARTESIAN_POINT('Origin',(-0.16,0.17,0.208));
#10021=CARTESIAN_POINT('',(-0.119221259353392,0.221224112368359,0.288006814160256));
#10022=CARTESIAN_POINT('',(-0.120784395389476,0.210555194415782,0.293908533952676));
#10023=CARTESIAN_POINT('Ctrl Pts',(-0.119221259353392,0.221224112368359,
0.288006814160256));
#10024=CARTESIAN_POINT('Ctrl Pts',(-0.12072249424149,0.221346419490757,
0.287928507407926));
#10025=CARTESIAN_POINT('Ctrl Pts',(-0.122241987416347,0.221114978534824,
0.28808067901643));
#10026=CARTESIAN_POINT('Ctrl Pts',(-0.123568850169816,0.220529117197808,
0.288447798373926));
#10027=CARTESIAN_POINT('Ctrl Pts',(-0.123769054674607,0.22044071914869,
0.288503191404573));
#10028=CARTESIAN_POINT('Ctrl Pts',(-0.123964840454748,0.22034417458991,
0.288563525888324));
#10029=CARTESIAN_POINT('Ctrl Pts',(-0.124155426255817,0.220239398511416,
0.288628797999208));
#10030=CARTESIAN_POINT('Ctrl Pts',(-0.124168855705195,0.220232015563504,
0.288633397337165));
#10031=CARTESIAN_POINT('Ctrl Pts',(-0.124182259129153,0.220224591836753,
0.288638021133359));
#10032=CARTESIAN_POINT('Ctrl Pts',(-0.124195636228667,0.220217127313475,
0.288642669378761));
#10033=CARTESIAN_POINT('Ctrl Pts',(-0.125546743830659,0.219463198994705,
0.289112149305376));
#10034=CARTESIAN_POINT('Ctrl Pts',(-0.126565972699206,0.218284080131262,
0.289829108656867));
#10035=CARTESIAN_POINT('Ctrl Pts',(-0.126889573032846,0.21692559154278,
0.290601335213564));
#10036=CARTESIAN_POINT('Ctrl Pts',(-0.126909583595779,0.216841586309879,
0.290649087599781));
#10037=CARTESIAN_POINT('Ctrl Pts',(-0.126926922650632,0.216756904644453,
0.290697044156754));
#10038=CARTESIAN_POINT('Ctrl Pts',(-0.126941499649945,0.216671608414122,
0.290745156602945));
#10039=CARTESIAN_POINT('Ctrl Pts',(-0.126942322015832,0.216666796401125,
0.290747870881355));
#10040=CARTESIAN_POINT('Ctrl Pts',(-0.126943135567665,0.216661982584909,
0.290750585569728));
#10041=CARTESIAN_POINT('Ctrl Pts',(-0.126943940290721,0.216657166977555,
0.290753300658959));
#10042=CARTESIAN_POINT('Ctrl Pts',(-0.127164730911891,0.215335916230661,
0.291498235494609));
#10043=CARTESIAN_POINT('Ctrl Pts',(-0.126681812196867,0.213939189220125,
0.292235277549899));
#10044=CARTESIAN_POINT('Ctrl Pts',(-0.12571886940315,0.212859297087535,
0.292782344002865));
#10045=CARTESIAN_POINT('Ctrl Pts',(-0.12561589460599,0.212743816008042,
0.292840845979716));
#10046=CARTESIAN_POINT('Ctrl Pts',(-0.125507458945346,0.212631921285483,
0.292897195695454));
#10047=CARTESIAN_POINT('Ctrl Pts',(-0.125393852749265,0.212524059408511,
0.292951188170098));
#10048=CARTESIAN_POINT('Ctrl Pts',(-0.125384151391271,0.212514848584467,
0.292955798836977));
#10049=CARTESIAN_POINT('Ctrl Pts',(-0.125374417835669,0.212505668281246,
0.292960392641603));
#10050=CARTESIAN_POINT('Ctrl Pts',(-0.125364652348591,0.212496518533321,
0.29296496959111));
#10051=CARTESIAN_POINT('Ctrl Pts',(-0.12434259262992,0.211538902316548,
0.293443994926704));
#10052=CARTESIAN_POINT('Ctrl Pts',(-0.122978338393378,0.210917083461287,
0.29373814218018));
#10053=CARTESIAN_POINT('Ctrl Pts',(-0.121533938674331,0.21065681875011,
0.293860699523582));
#10054=CARTESIAN_POINT('Ctrl Pts',(-0.121286140062321,0.210612168205434,
0.293881725240484));
#10055=CARTESIAN_POINT('Ctrl Pts',(-0.121035882814264,0.210578222151797,
0.29389766315477));
#10056=CARTESIAN_POINT('Ctrl Pts',(-0.120784395389476,0.210555194415782,
0.293908533952676));
#10057=CARTESIAN_POINT('Ctrl Pts',(-0.120784395389476,0.210555194415782,
0.293908533952676));
#10058=CARTESIAN_POINT('Ctrl Pts',(-0.119066266765773,0.210397871637414,
0.293982801962723));
#10059=CARTESIAN_POINT('Ctrl Pts',(-0.117296086385801,0.210761334216267,
0.293815947711305));
#10060=CARTESIAN_POINT('Ctrl Pts',(-0.114413367223369,0.212431957909044,
0.293002307008015));
#10061=CARTESIAN_POINT('Ctrl Pts',(-0.113316620779564,0.213775031642469,
0.292330919948983));
#10062=CARTESIAN_POINT('Ctrl Pts',(-0.112801916438986,0.216798530173013,
0.290691323779381));
#10063=CARTESIAN_POINT('Ctrl Pts',(-0.113449536449187,0.218330082173368,
0.289797008195178));
#10064=CARTESIAN_POINT('Ctrl Pts',(-0.115827539146349,0.220455266124244,
0.288503500004026));
#10065=CARTESIAN_POINT('Ctrl Pts',(-0.117492765546997,0.221083290232383,
0.288096975092082));
#10066=CARTESIAN_POINT('Ctrl Pts',(-0.119221259353392,0.221224112368359,
0.288006814160256));
#10067=CARTESIAN_POINT('Origin',(-0.16,0.17,0.208));
#10068=CARTESIAN_POINT('',(-0.119221259353342,0.0899931858397442,0.259224112368359));
#10069=CARTESIAN_POINT('',(-0.120784395389506,0.0840914660473233,0.24855519441578));
#10070=CARTESIAN_POINT('Ctrl Pts',(-0.119221259353342,0.0899931858397442,
0.259224112368359));
#10071=CARTESIAN_POINT('Ctrl Pts',(-0.120722494240779,0.0900714925920361,
0.259346419490697));
#10072=CARTESIAN_POINT('Ctrl Pts',(-0.122241987414942,0.0899193209836669,
0.259114978534969));
#10073=CARTESIAN_POINT('Ctrl Pts',(-0.123568850168,0.089552201626541,0.258529117198553));
#10074=CARTESIAN_POINT('Ctrl Pts',(-0.123769054673405,0.0894968085957632,
0.258440719149228));
#10075=CARTESIAN_POINT('Ctrl Pts',(-0.123964840454139,0.0894364741118528,
0.258344174590193));
#10076=CARTESIAN_POINT('Ctrl Pts',(-0.124155426255769,0.0893712020007811,
0.258239398511398));
#10077=CARTESIAN_POINT('Ctrl Pts',(-0.124168855705146,0.0893666026628248,
0.258232015563487));
#10078=CARTESIAN_POINT('Ctrl Pts',(-0.124182259129103,0.0893619788666311,
0.258224591836738));
#10079=CARTESIAN_POINT('Ctrl Pts',(-0.124195636228617,0.0893573306212297,
0.25821712731346));
#10080=CARTESIAN_POINT('Ctrl Pts',(-0.125546743830436,0.0888878506947112,
0.257463198994845));
#10081=CARTESIAN_POINT('Ctrl Pts',(-0.126565972698835,0.088170891343335,
0.256284080131592));
#10082=CARTESIAN_POINT('Ctrl Pts',(-0.126889573032665,0.0873986647867593,
0.25492559154335));
#10083=CARTESIAN_POINT('Ctrl Pts',(-0.126909583595657,0.0873509124004393,
0.254841586310268));
#10084=CARTESIAN_POINT('Ctrl Pts',(-0.126926922650556,0.0873029558433612,
0.254756904644657));
#10085=CARTESIAN_POINT('Ctrl Pts',(-0.126941499649905,0.0872548433970654,
0.25467160841414));
#10086=CARTESIAN_POINT('Ctrl Pts',(-0.126942322015792,0.0872521291186562,
0.254666796401143));
#10087=CARTESIAN_POINT('Ctrl Pts',(-0.126943135567626,0.0872494144302826,
0.254661982584928));
#10088=CARTESIAN_POINT('Ctrl Pts',(-0.126943940290682,0.0872466993410527,
0.254657166977574));
#10089=CARTESIAN_POINT('Ctrl Pts',(-0.127164730911904,0.0865017645054142,
0.253335916230702));
#10090=CARTESIAN_POINT('Ctrl Pts',(-0.126681812196896,0.0857647224501287,
0.251939189220178));
#10091=CARTESIAN_POINT('Ctrl Pts',(-0.125718869403193,0.0852176559971597,
0.250859297087583));
#10092=CARTESIAN_POINT('Ctrl Pts',(-0.125615894606025,0.0851591540203029,
0.25074381600808));
#10093=CARTESIAN_POINT('Ctrl Pts',(-0.125507458945372,0.0851028043045598,
0.25063192128551));
#10094=CARTESIAN_POINT('Ctrl Pts',(-0.125393852749282,0.0850488118299114,
0.250524059408529));
#10095=CARTESIAN_POINT('Ctrl Pts',(-0.125384151391288,0.0850442011630325,
0.250514848584485));
#10096=CARTESIAN_POINT('Ctrl Pts',(-0.125374417835687,0.0850396073584058,
0.250505668281264));
#10097=CARTESIAN_POINT('Ctrl Pts',(-0.125364652348609,0.0850350304088995,
0.250496518533339));
#10098=CARTESIAN_POINT('Ctrl Pts',(-0.124342592629392,0.084556005073045,
0.249538902316046));
#10099=CARTESIAN_POINT('Ctrl Pts',(-0.12297833839196,0.0842618578195006,
0.248917083460613));
#10100=CARTESIAN_POINT('Ctrl Pts',(-0.121533938672054,0.0841393004762204,
0.248656818749689));
#10101=CARTESIAN_POINT('Ctrl Pts',(-0.121286140060798,0.0841182747594154,
0.248612168205219));
#10102=CARTESIAN_POINT('Ctrl Pts',(-0.121035882813513,0.0841023368451955,
0.248578222151723));
#10103=CARTESIAN_POINT('Ctrl Pts',(-0.120784395389506,0.0840914660473233,
0.24855519441578));
#10104=CARTESIAN_POINT('Ctrl Pts',(-0.120784395389506,0.0840914660473233,
0.24855519441578));
#10105=CARTESIAN_POINT('Ctrl Pts',(-0.119066266765797,0.084017198037281,
0.248397871637423));
#10106=CARTESIAN_POINT('Ctrl Pts',(-0.117296086385823,0.0841840522886925,
0.248761334216261));
#10107=CARTESIAN_POINT('Ctrl Pts',(-0.11441336722338,0.0849976929919946,
0.250431957909062));
#10108=CARTESIAN_POINT('Ctrl Pts',(-0.113316620779397,0.0856690800509776,
0.251775031642393));
#10109=CARTESIAN_POINT('Ctrl Pts',(-0.112801916439054,0.0873086762205958,
0.254798530172973));
#10110=CARTESIAN_POINT('Ctrl Pts',(-0.113449536449057,0.0882029918048305,
0.256330082173381));
#10111=CARTESIAN_POINT('Ctrl Pts',(-0.115827539146368,0.089496499995938,
0.258455266124185));
#10112=CARTESIAN_POINT('Ctrl Pts',(-0.117492765546942,0.0899030249079215,
0.259083290232389));
#10113=CARTESIAN_POINT('Ctrl Pts',(-0.119221259353342,0.0899931858397442,
0.259224112368359));
#10114=CARTESIAN_POINT('Origin',(-0.16,0.17,0.208));
#10115=CARTESIAN_POINT('',(-0.119221259353287,0.25000681416026,0.156775887631648));
#10116=CARTESIAN_POINT('',(-0.120784395389528,0.255908533952675,0.167444805584214));
#10117=CARTESIAN_POINT('Ctrl Pts',(-0.119221259353287,0.25000681416026,
0.156775887631648));
#10118=CARTESIAN_POINT('Ctrl Pts',(-0.120722494241672,0.249928507407909,
0.156653580509216));
#10119=CARTESIAN_POINT('Ctrl Pts',(-0.122241987416828,0.250080679016544,
0.156885021465352));
#10120=CARTESIAN_POINT('Ctrl Pts',(-0.123568850170501,0.250447798374174,
0.157470882802586));
#10121=CARTESIAN_POINT('Ctrl Pts',(-0.123769054675033,0.25050319140476,
0.157559280851609));
#10122=CARTESIAN_POINT('Ctrl Pts',(-0.123964840454926,0.250563525888437,
0.157655825410271));
#10123=CARTESIAN_POINT('Ctrl Pts',(-0.12415542625576,0.250628797999232,
0.157760601488622));
#10124=CARTESIAN_POINT('Ctrl Pts',(-0.124168855705138,0.250633397337189,
0.157767984436534));
#10125=CARTESIAN_POINT('Ctrl Pts',(-0.124182259129095,0.250638021133382,
0.157775408163283));
#10126=CARTESIAN_POINT('Ctrl Pts',(-0.124195636228609,0.250642669378784,
0.15778287268656));
#10127=CARTESIAN_POINT('Ctrl Pts',(-0.125546743830338,0.251112149305244,
0.158536801005082));
#10128=CARTESIAN_POINT('Ctrl Pts',(-0.126565972698838,0.251829108656513,
0.159715919868155));
#10129=CARTESIAN_POINT('Ctrl Pts',(-0.126889573032688,0.252601335213021,
0.161074408456263));
#10130=CARTESIAN_POINT('Ctrl Pts',(-0.126909583595711,0.252649087599408,
0.161158413689461));
#10131=CARTESIAN_POINT('Ctrl Pts',(-0.126926922650633,0.252697044156553,
0.16124309535519));
#10132=CARTESIAN_POINT('Ctrl Pts',(-0.126941499649995,0.252745156602917,
0.161328391585827));
#10133=CARTESIAN_POINT('Ctrl Pts',(-0.126942322015883,0.252747870881326,
0.161333203598825));
#10134=CARTESIAN_POINT('Ctrl Pts',(-0.126943135567715,0.2527505855697,0.161338017415041));
#10135=CARTESIAN_POINT('Ctrl Pts',(-0.126943940290772,0.252753300658931,
0.161342833022396));
#10136=CARTESIAN_POINT('Ctrl Pts',(-0.127164730911944,0.253498235494751,
0.162664083769589));
#10137=CARTESIAN_POINT('Ctrl Pts',(-0.126681812196649,0.254235277550203,
0.164060810780449));
#10138=CARTESIAN_POINT('Ctrl Pts',(-0.125718869402526,0.254782344003211,
0.165140702913148));
#10139=CARTESIAN_POINT('Ctrl Pts',(-0.125615894605558,0.254840845979933,
0.165256183992388));
#10140=CARTESIAN_POINT('Ctrl Pts',(-0.125507458945129,0.25489719569555,
0.165368078714709));
#10141=CARTESIAN_POINT('Ctrl Pts',(-0.125393852749286,0.254951188170083,
0.165475940591459));
#10142=CARTESIAN_POINT('Ctrl Pts',(-0.125384151391292,0.254955798836962,
0.165485151415503));
#10143=CARTESIAN_POINT('Ctrl Pts',(-0.125374417835691,0.254960392641589,
0.165494331718724));
#10144=CARTESIAN_POINT('Ctrl Pts',(-0.125364652348613,0.254964969591095,
0.165503481466649));
#10145=CARTESIAN_POINT('Ctrl Pts',(-0.124342592629728,0.255443994926805,
0.166461097683653));
#10146=CARTESIAN_POINT('Ctrl Pts',(-0.122978338392799,0.255738142180311,
0.167082916538989));
#10147=CARTESIAN_POINT('Ctrl Pts',(-0.121533938673383,0.255860699523664,
0.167343181250063));
#10148=CARTESIAN_POINT('Ctrl Pts',(-0.1212861400617,0.255881725240524,0.167387831794651));
#10149=CARTESIAN_POINT('Ctrl Pts',(-0.121035882813977,0.255897663154782,
0.167421777848229));
#10150=CARTESIAN_POINT('Ctrl Pts',(-0.120784395389527,0.255908533952675,
0.167444805584214));
#10151=CARTESIAN_POINT('Ctrl Pts',(-0.120784395389528,0.255908533952675,
0.167444805584214));
#10152=CARTESIAN_POINT('Ctrl Pts',(-0.119066266765827,0.255982801962725,
0.167602128362588));
#10153=CARTESIAN_POINT('Ctrl Pts',(-0.117296086385852,0.255815947711314,
0.167238665783751));
#10154=CARTESIAN_POINT('Ctrl Pts',(-0.11441336722341,0.255002307008027,
0.16556804209098));
#10155=CARTESIAN_POINT('Ctrl Pts',(-0.113316620779274,0.254330919949068,
0.164224968357693));
#10156=CARTESIAN_POINT('Ctrl Pts',(-0.112801916439099,0.252691323779461,
0.161201469827126));
#10157=CARTESIAN_POINT('Ctrl Pts',(-0.113449536449066,0.251797008195214,
0.159669917826693));
#10158=CARTESIAN_POINT('Ctrl Pts',(-0.115827539146295,0.250503500004071,
0.157544733875827));
#10159=CARTESIAN_POINT('Ctrl Pts',(-0.117492765546889,0.250096975092095,
0.156916709767636));
#10160=CARTESIAN_POINT('Ctrl Pts',(-0.119221259353287,0.25000681416026,
0.156775887631648));
#10161=CARTESIAN_POINT('Origin',(-0.299,0.17,0.208));
#10162=CARTESIAN_POINT('',(-0.299,0.275,0.208));
#10163=CARTESIAN_POINT('',(-0.299,0.275,0.208));
#10164=CARTESIAN_POINT('',(-0.299,0.0650000000000003,0.208));
#10165=CARTESIAN_POINT('Origin',(-0.299,0.17,0.208));
#10166=CARTESIAN_POINT('Origin',(-0.299,0.17,0.208));
#10167=CARTESIAN_POINT('Ctrl Pts',(-0.122825437091069,0.128987704048705,
0.122303470807003));
#10168=CARTESIAN_POINT('Ctrl Pts',(-0.123928844664001,0.131442215449485,
0.12112745921878));
#10169=CARTESIAN_POINT('Ctrl Pts',(-0.123957065439809,0.130243430395347,
0.118456725229689));
#10170=CARTESIAN_POINT('Ctrl Pts',(-0.12053276257212,0.129830283614081,
0.121916240065546));
#10171=CARTESIAN_POINT('Ctrl Pts',(-0.120719219924753,0.132586135252079,
0.120638198836232));
#10172=CARTESIAN_POINT('Ctrl Pts',(-0.120720721355467,0.131450211871421,
0.117966665826322));
#10173=CARTESIAN_POINT('Ctrl Pts',(-0.117823387565004,0.12956251794894,
0.122025798308835));
#10174=CARTESIAN_POINT('Ctrl Pts',(-0.117021450570983,0.132252829004654,
0.120754923351063));
#10175=CARTESIAN_POINT('Ctrl Pts',(-0.117002903199008,0.131098967303345,
0.118079272219615));
#10176=CARTESIAN_POINT('Ctrl Pts',(-0.1143662327431,0.127522256765903,0.12302037903299));
#10177=CARTESIAN_POINT('Ctrl Pts',(-0.112094000534289,0.129345969083486,
0.12210732756707));
#10178=CARTESIAN_POINT('Ctrl Pts',(-0.112066359065181,0.128047828992988,
0.119444060621755));
#10179=CARTESIAN_POINT('Ctrl Pts',(-0.113303679789834,0.126179072058451,
0.123693462958931));
#10180=CARTESIAN_POINT('Ctrl Pts',(-0.110465974861325,0.127350292540869,
0.123069503314014));
#10181=CARTESIAN_POINT('Ctrl Pts',(-0.110458547572587,0.125973086164594,
0.120409630688943));
#10182=CARTESIAN_POINT('Ctrl Pts',(-0.11281301223654,0.12320328714815,0.125308201333371));
#10183=CARTESIAN_POINT('Ctrl Pts',(-0.109703125609515,0.122763047751704,
0.125541735289356));
#10184=CARTESIAN_POINT('Ctrl Pts',(-0.109711068966937,0.121282290741359,
0.12292032493456));
#10185=CARTESIAN_POINT('Ctrl Pts',(-0.11343654260379,0.121697830154706,
0.126186459108653));
#10186=CARTESIAN_POINT('Ctrl Pts',(-0.110692034989951,0.120467439463444,
0.126907169690946));
#10187=CARTESIAN_POINT('Ctrl Pts',(-0.110680012006312,0.118939563637786,
0.124340270436221));
#10188=CARTESIAN_POINT('Ctrl Pts',(-0.116263207357798,0.119140979051336,
0.127741618636846));
#10189=CARTESIAN_POINT('Ctrl Pts',(-0.114838078234819,0.116785354536245,
0.129220345632193));
#10190=CARTESIAN_POINT('Ctrl Pts',(-0.11480773187415,0.115153759168126,
0.126786448588588));
#10191=CARTESIAN_POINT('Ctrl Pts',(-0.118935650270512,0.11846736618998,
0.128200189778433));
#10192=CARTESIAN_POINT('Ctrl Pts',(-0.11855179253278,0.115942265412829,
0.129842719316686));
#10193=CARTESIAN_POINT('Ctrl Pts',(-0.118538353246538,0.114284876393583,
0.127459737745184));
#10194=CARTESIAN_POINT('Ctrl Pts',(-0.121279438308886,0.118858251780776,
0.127935716978297));
#10195=CARTESIAN_POINT('Ctrl Pts',(-0.121765331652945,0.116433265436126,
0.129483111476845));
#10196=CARTESIAN_POINT('Ctrl Pts',(-0.121778733277099,0.114792324382283,
0.1270697537906));
#10197=CARTESIAN_POINT('',(-0.121095919275352,0.130899881169203,0.11818754120642));
#10198=CARTESIAN_POINT('Origin',(-0.120784395389631,0.128164115234229,0.119378564975142));
#10199=CARTESIAN_POINT('',(-0.119999995105371,0.130953252009657,0.118164864906933));
#10200=CARTESIAN_POINT('Origin',(-0.120234937499771,0.12449172534769,0.120912229208337));
#10201=CARTESIAN_POINT('',(-0.11892349545314,0.114694426233663,0.127152104704474));
#10202=CARTESIAN_POINT('Ctrl Pts',(-0.11892349545314,0.114694426233663,
0.127152104704474));
#10203=CARTESIAN_POINT('Ctrl Pts',(-0.116471687947353,0.114895090077354,
0.127012288868147));
#10204=CARTESIAN_POINT('Ctrl Pts',(-0.114134608422475,0.115805116238383,
0.126369139787409));
#10205=CARTESIAN_POINT('Ctrl Pts',(-0.110800485021176,0.118798047650247,
0.124431856056647));
#10206=CARTESIAN_POINT('Ctrl Pts',(-0.109861573902943,0.120910317946508,
0.123144628270158));
#10207=CARTESIAN_POINT('Ctrl Pts',(-0.110174055585712,0.125192535856579,
0.120811253170728));
#10208=CARTESIAN_POINT('Ctrl Pts',(-0.111388307394844,0.1272731169318,0.119807225457871));
#10209=CARTESIAN_POINT('Ctrl Pts',(-0.115131491078866,0.130170612803746,
0.118486340740549));
#10210=CARTESIAN_POINT('Ctrl Pts',(-0.117537319390361,0.130956998208315,
0.118163275403467));
#10211=CARTESIAN_POINT('Ctrl Pts',(-0.119999995105371,0.130953252012175,
0.118164864912726));
#10212=CARTESIAN_POINT('Origin',(-0.119221259353196,0.117158284083186,0.12546665486625));
#10213=CARTESIAN_POINT('Ctrl Pts',(-0.119221259353196,0.118775887631659,
0.127993185839732));
#10214=CARTESIAN_POINT('Ctrl Pts',(-0.118932090065385,0.116335530770598,
0.129555616682428));
#10215=CARTESIAN_POINT('Ctrl Pts',(-0.118923490341224,0.114693459023601,
0.127150689023016));
#10216=CARTESIAN_POINT('Ctrl Pts',(-0.120962674789209,0.118634020054418,
0.128084016112057));
#10217=CARTESIAN_POINT('Ctrl Pts',(-0.121323729849752,0.116145145722297,
0.129683574146808));
#10218=CARTESIAN_POINT('Ctrl Pts',(-0.121336465860938,0.114495969791742,
0.127288294871233));
#10219=CARTESIAN_POINT('Ctrl Pts',(-0.122741966650539,0.118971715259842,
0.127862447109998));
#10220=CARTESIAN_POINT('Ctrl Pts',(-0.123776114307468,0.116586475938775,
0.12937648748298));
#10221=CARTESIAN_POINT('Ctrl Pts',(-0.123801604289699,0.114951802334453,
0.126958343606139));
#10222=CARTESIAN_POINT('Ctrl Pts',(-0.125649229386425,0.120594125769549,
0.126852154568064));
#10223=CARTESIAN_POINT('Ctrl Pts',(-0.127929256009644,0.118857136571766,
0.127904868575723));
#10224=CARTESIAN_POINT('Ctrl Pts',(-0.127956526797184,0.117292698006991,
0.125391302229758));
#10225=CARTESIAN_POINT('Ctrl Pts',(-0.126700358458112,0.121886409841658,
0.126067845513405));
#10226=CARTESIAN_POINT('Ctrl Pts',(-0.129536470764063,0.120743485198831,
0.126720698976841));
#10227=CARTESIAN_POINT('Ctrl Pts',(-0.129543676039108,0.119224090446513,
0.124142308185984));
#10228=CARTESIAN_POINT('Ctrl Pts',(-0.127187322048083,0.12479928080752,
0.124425539300437));
#10229=CARTESIAN_POINT('Ctrl Pts',(-0.130293171068357,0.125217403585685,
0.124181314702803));
#10230=CARTESIAN_POINT('Ctrl Pts',(-0.130285098993576,0.123784315694425,
0.121536548257169));
#10231=CARTESIAN_POINT('Ctrl Pts',(-0.126579506344687,0.126350238254029,
0.123612305749934));
#10232=CARTESIAN_POINT('Ctrl Pts',(-0.129328428634631,0.127604537593909,
0.122954744099606));
#10233=CARTESIAN_POINT('Ctrl Pts',(-0.129339959531992,0.126242360238059,
0.120298665819706));
#10234=CARTESIAN_POINT('Ctrl Pts',(-0.124208121003091,0.128601579119934,
0.122485349851855));
#10235=CARTESIAN_POINT('Ctrl Pts',(-0.125845436156271,0.130903681417533,
0.121362440253805));
#10236=CARTESIAN_POINT('Ctrl Pts',(-0.125878122360415,0.12967698890234,
0.118694475838457));
#10237=CARTESIAN_POINT('Ctrl Pts',(-0.122526796387633,0.129285260627791,
0.122166783090093));
#10238=CARTESIAN_POINT('Ctrl Pts',(-0.12346896630994,0.131845507478939,
0.120952250508012));
#10239=CARTESIAN_POINT('Ctrl Pts',(-0.123496932142668,0.130668495662835,
0.118284075371581));
#10240=CARTESIAN_POINT('Ctrl Pts',(-0.120784395389631,0.129444805584202,
0.122091466047332));
#10241=CARTESIAN_POINT('Ctrl Pts',(-0.121086935871799,0.132064016636988,
0.120855004329567));
#10242=CARTESIAN_POINT('Ctrl Pts',(-0.121095924617377,0.130899195810444,
0.118185969577753));
#10243=CARTESIAN_POINT('',(-0.119999999999999,0.114651272844709,0.127182189922537));
#10244=CARTESIAN_POINT('Origin',(-0.120027350647501,0.121211388487769,0.122610502152749));
#10245=CARTESIAN_POINT('Ctrl Pts',(-0.121095919275352,0.130899881169203,
0.11818754120642));
#10246=CARTESIAN_POINT('Ctrl Pts',(-0.123531335327798,0.130665881029446,
0.118287052787986));
#10247=CARTESIAN_POINT('Ctrl Pts',(-0.1258672938771,0.129655347709602,0.118708052790032));
#10248=CARTESIAN_POINT('Ctrl Pts',(-0.129221519334966,0.126392478104394,
0.120228957252813));
#10249=CARTESIAN_POINT('Ctrl Pts',(-0.130139835745058,0.124180240889336,
0.121335734528893));
#10250=CARTESIAN_POINT('Ctrl Pts',(-0.129822980418471,0.119960065565791,
0.123705891777914));
#10251=CARTESIAN_POINT('Ctrl Pts',(-0.128586193936599,0.117981261397727,
0.124948817743847));
#10252=CARTESIAN_POINT('Ctrl Pts',(-0.124896041132103,0.11535777712069,
0.126677920252963));
#10253=CARTESIAN_POINT('Ctrl Pts',(-0.122461760982917,0.114654611521713,
0.127179861046979));
#10254=CARTESIAN_POINT('Ctrl Pts',(-0.119999999999999,0.114651272841309,
0.127182189917572));
#10255=CARTESIAN_POINT('Ctrl Pts',(-0.122825437090856,0.211012295951181,
0.293696529193051));
#10256=CARTESIAN_POINT('Ctrl Pts',(-0.123928844663821,0.208557784550286,
0.294872540781293));
#10257=CARTESIAN_POINT('Ctrl Pts',(-0.123957065439622,0.20975656960446,
0.297543274770389));
#10258=CARTESIAN_POINT('Ctrl Pts',(-0.120532762572022,0.210169716385989,
0.29408375993442));
#10259=CARTESIAN_POINT('Ctrl Pts',(-0.12071921992441,0.207413864748075,
0.2953618011637));
#10260=CARTESIAN_POINT('Ctrl Pts',(-0.120720721355128,0.208549788128726,
0.298033334173625));
#10261=CARTESIAN_POINT('Ctrl Pts',(-0.117823387564805,0.210437482051065,
0.293974201691163));
#10262=CARTESIAN_POINT('Ctrl Pts',(-0.117021450570907,0.207747170995241,
0.295245076648985));
#10263=CARTESIAN_POINT('Ctrl Pts',(-0.117002903198934,0.208901032696544,
0.29792072778044));
#10264=CARTESIAN_POINT('Ctrl Pts',(-0.11436623274301,0.212477743234181,
0.292979620966968));
#10265=CARTESIAN_POINT('Ctrl Pts',(-0.11209400053396,0.210654030916733,
0.29389267243281));
#10266=CARTESIAN_POINT('Ctrl Pts',(-0.112066359064863,0.211952171007253,
0.296555939378141));
#10267=CARTESIAN_POINT('Ctrl Pts',(-0.113303679790043,0.21382092794178,
0.292306537040948));
#10268=CARTESIAN_POINT('Ctrl Pts',(-0.110465974861603,0.212649707459319,
0.29293049668588));
#10269=CARTESIAN_POINT('Ctrl Pts',(-0.110458547572861,0.214026913835604,
0.295590369310955));
#10270=CARTESIAN_POINT('Ctrl Pts',(-0.112813012236475,0.216796712852067,
0.290691798666507));
#10271=CARTESIAN_POINT('Ctrl Pts',(-0.109703125609422,0.217236952248149,
0.290458264710707));
#10272=CARTESIAN_POINT('Ctrl Pts',(-0.109711068966851,0.218717709258507,
0.293079675065514));
#10273=CARTESIAN_POINT('Ctrl Pts',(-0.113436542603862,0.218302169845466,
0.289813540891245));
#10274=CARTESIAN_POINT('Ctrl Pts',(-0.110692034989888,0.219532560536665,
0.289092830308973));
#10275=CARTESIAN_POINT('Ctrl Pts',(-0.110680012006257,0.221060436362336,
0.291659729563712));
#10276=CARTESIAN_POINT('Ctrl Pts',(-0.116263207357992,0.220859020948711,
0.288258381363122));
#10277=CARTESIAN_POINT('Ctrl Pts',(-0.114838078235396,0.223214645464086,
0.28677965436759));
#10278=CARTESIAN_POINT('Ctrl Pts',(-0.11480773187473,0.224846240832219,
0.289213551411183));
#10279=CARTESIAN_POINT('Ctrl Pts',(-0.118935650270766,0.22153263381007,
0.287799810221536));
#10280=CARTESIAN_POINT('Ctrl Pts',(-0.118551792532323,0.224057734587004,
0.286157280683389));
#10281=CARTESIAN_POINT('Ctrl Pts',(-0.118538353246079,0.225715123606238,
0.288540262254929));
#10282=CARTESIAN_POINT('Ctrl Pts',(-0.121279438309019,0.221141748219163,
0.288064283021742));
#10283=CARTESIAN_POINT('Ctrl Pts',(-0.121765331653982,0.223566734563972,
0.286516888523102));
#10284=CARTESIAN_POINT('Ctrl Pts',(-0.121778733278154,0.22520767561783,
0.288930246209342));
#10285=CARTESIAN_POINT('',(-0.121095919275106,0.209100118830771,0.297812458793591));
#10286=CARTESIAN_POINT('Origin',(-0.120784395389476,0.211835884765754,0.296621435024866));
#10287=CARTESIAN_POINT('',(-0.119999995105371,0.209046747990342,0.297835135093068));
#10288=CARTESIAN_POINT('Origin',(-0.120234937491116,0.215508274784225,0.295087770735633));
#10289=CARTESIAN_POINT('',(-0.118923495453429,0.225305573766363,0.288847895295508));
#10290=CARTESIAN_POINT('Ctrl Pts',(-0.118923495453429,0.225305573766363,
0.288847895295508));
#10291=CARTESIAN_POINT('Ctrl Pts',(-0.11647168794761,0.225104909922734,
0.288987711131792));
#10292=CARTESIAN_POINT('Ctrl Pts',(-0.114134608422685,0.224194883761708,
0.289630860212523));
#10293=CARTESIAN_POINT('Ctrl Pts',(-0.110800485021244,0.221201952349946,
0.291568143943234));
#10294=CARTESIAN_POINT('Ctrl Pts',(-0.109861573902837,0.21908968205364,
0.292855371729757));
#10295=CARTESIAN_POINT('Ctrl Pts',(-0.110174055585878,0.214807464143669,
0.295188746829141));
#10296=CARTESIAN_POINT('Ctrl Pts',(-0.111388307394829,0.212726883068296,
0.29619277454209));
#10297=CARTESIAN_POINT('Ctrl Pts',(-0.115131491078802,0.209829387196179,
0.297513659259484));
#10298=CARTESIAN_POINT('Ctrl Pts',(-0.11753731939034,0.209043001791679,
0.297836724596535));
#10299=CARTESIAN_POINT('Ctrl Pts',(-0.119999995105371,0.209046747987824,
0.297835135087275));
#10300=CARTESIAN_POINT('Origin',(-0.119221259353392,0.222841715916833,0.290533345133738));
#10301=CARTESIAN_POINT('Ctrl Pts',(-0.119221259353392,0.221224112368359,
0.288006814160256));
#10302=CARTESIAN_POINT('Ctrl Pts',(-0.118932090065672,0.223664469229429,
0.286444383317554));
#10303=CARTESIAN_POINT('Ctrl Pts',(-0.118923490341514,0.225306540976426,
0.288849310976968));
#10304=CARTESIAN_POINT('Ctrl Pts',(-0.120962674789423,0.221365979945559,
0.287915983887958));
#10305=CARTESIAN_POINT('Ctrl Pts',(-0.121323729849786,0.22385485427765,
0.286316425853219));
#10306=CARTESIAN_POINT('Ctrl Pts',(-0.121336465860968,0.225504030208197,
0.288711705128804));
#10307=CARTESIAN_POINT('Ctrl Pts',(-0.122741966650723,0.221028284740209,
0.288137552889971));
#10308=CARTESIAN_POINT('Ctrl Pts',(-0.123776114307757,0.223413524061267,
0.286623512516992));
#10309=CARTESIAN_POINT('Ctrl Pts',(-0.12380160428999,0.225048197665591,
0.289041656393838));
#10310=CARTESIAN_POINT('Ctrl Pts',(-0.125649229386511,0.21940587423034,
0.289147845432005));
#10311=CARTESIAN_POINT('Ctrl Pts',(-0.127929256009943,0.221142863427965,
0.288095131424449));
#10312=CARTESIAN_POINT('Ctrl Pts',(-0.127956526797476,0.222707301992732,
0.29060869777043));
#10313=CARTESIAN_POINT('Ctrl Pts',(-0.12670035845805,0.218113590158179,
0.289932154486691));
#10314=CARTESIAN_POINT('Ctrl Pts',(-0.129536470763993,0.219256514800941,
0.28927930102329));
#10315=CARTESIAN_POINT('Ctrl Pts',(-0.129543676039039,0.220775909553255,
0.291857691814152));
#10316=CARTESIAN_POINT('Ctrl Pts',(-0.127187322048101,0.215200719192344,
0.291574460699636));
#10317=CARTESIAN_POINT('Ctrl Pts',(-0.130293171068369,0.214782596414362,
0.29181868529717));
#10318=CARTESIAN_POINT('Ctrl Pts',(-0.130285098993583,0.216215684305618,
0.294463451742808));
#10319=CARTESIAN_POINT('Ctrl Pts',(-0.126579506344645,0.213649761745826,
0.29238769425014));
#10320=CARTESIAN_POINT('Ctrl Pts',(-0.129328428634624,0.212395462405932,
0.293045255900474));
#10321=CARTESIAN_POINT('Ctrl Pts',(-0.129339959531976,0.213757639761782,
0.295701334180376));
#10322=CARTESIAN_POINT('Ctrl Pts',(-0.124208121002942,0.21139842088,0.293514650148176));
#10323=CARTESIAN_POINT('Ctrl Pts',(-0.125845436155939,0.209096318582268,
0.294637559746289));
#10324=CARTESIAN_POINT('Ctrl Pts',(-0.125878122360088,0.210323011097449,
0.297305524161638));
#10325=CARTESIAN_POINT('Ctrl Pts',(-0.122526796387484,0.21071473937215,
0.293833216909935));
#10326=CARTESIAN_POINT('Ctrl Pts',(-0.123468966309885,0.208154492520987,
0.295047749492015));
#10327=CARTESIAN_POINT('Ctrl Pts',(-0.123496932142602,0.209331504337101,
0.29771592462845));
#10328=CARTESIAN_POINT('Ctrl Pts',(-0.120784395389476,0.210555194415782,
0.293908533952676));
#10329=CARTESIAN_POINT('Ctrl Pts',(-0.121086935871571,0.207935983362986,
0.295144995670444));
#10330=CARTESIAN_POINT('Ctrl Pts',(-0.121095924617147,0.209100804189533,
0.297814030422259));
#10331=CARTESIAN_POINT('',(-0.119999999999999,0.22534872715529,0.288817810077463));
#10332=CARTESIAN_POINT('Origin',(-0.120027350642348,0.218788611577325,0.293389497801944));
#10333=CARTESIAN_POINT('Ctrl Pts',(-0.121095919275106,0.209100118830771,
0.297812458793591));
#10334=CARTESIAN_POINT('Ctrl Pts',(-0.123531335327587,0.209334118970471,
0.29771294721205));
#10335=CARTESIAN_POINT('Ctrl Pts',(-0.125867293876918,0.210344652290299,
0.297291947210009));
#10336=CARTESIAN_POINT('Ctrl Pts',(-0.129221519334929,0.213607521895462,
0.295771042747258));
#10337=CARTESIAN_POINT('Ctrl Pts',(-0.130139835745106,0.21581975911056,
0.294664265471162));
#10338=CARTESIAN_POINT('Ctrl Pts',(-0.129822980418396,0.220039934434103,
0.292294108222148));
#10339=CARTESIAN_POINT('Ctrl Pts',(-0.128586193936593,0.22201873860221,
0.291051182256195));
#10340=CARTESIAN_POINT('Ctrl Pts',(-0.124896041132125,0.224642222879387,
0.28932207974699));
#10341=CARTESIAN_POINT('Ctrl Pts',(-0.122461760982945,0.225345388478283,
0.288820138953024));
#10342=CARTESIAN_POINT('Ctrl Pts',(-0.119999999999999,0.225348727158691,
0.288817810082428));
#10343=CARTESIAN_POINT('Ctrl Pts',(-0.122825437090937,0.084303470806937,
0.249012295951156));
#10344=CARTESIAN_POINT('Ctrl Pts',(-0.123928844663479,0.0831274592187025,
0.246557784550268));
#10345=CARTESIAN_POINT('Ctrl Pts',(-0.123957065439266,0.0804567252296046,
0.247756569604426));
#10346=CARTESIAN_POINT('Ctrl Pts',(-0.120532762572005,0.083916240065587,
0.248169716386003));
#10347=CARTESIAN_POINT('Ctrl Pts',(-0.120719219924755,0.0826381988362818,
0.245413864748061));
#10348=CARTESIAN_POINT('Ctrl Pts',(-0.120720721355484,0.079966665826366,
0.246549788128712));
#10349=CARTESIAN_POINT('Ctrl Pts',(-0.117823387564835,0.0840257983088313,
0.248437482051053));
#10350=CARTESIAN_POINT('Ctrl Pts',(-0.117021450570792,0.0827549233510479,
0.245747170995311));
#10351=CARTESIAN_POINT('Ctrl Pts',(-0.117002903198811,0.0800792722195934,
0.24690103269662));
#10352=CARTESIAN_POINT('Ctrl Pts',(-0.114366232743006,0.0850203790330412,
0.2504777432342));
#10353=CARTESIAN_POINT('Ctrl Pts',(-0.112094000534054,0.0841073275671728,
0.248654030916711));
#10354=CARTESIAN_POINT('Ctrl Pts',(-0.112066359064954,0.0814440606218493,
0.249952171007224));
#10355=CARTESIAN_POINT('Ctrl Pts',(-0.113303679789874,0.0856934629590138,
0.251820927941708));
#10356=CARTESIAN_POINT('Ctrl Pts',(-0.110465974861344,0.0850695033141515,
0.250649707459376));
#10357=CARTESIAN_POINT('Ctrl Pts',(-0.110458547572609,0.0824096306890756,
0.252026913835664));
#10358=CARTESIAN_POINT('Ctrl Pts',(-0.112813012236537,0.0873082013334752,
0.254796712852034));
#10359=CARTESIAN_POINT('Ctrl Pts',(-0.109703125609524,0.0875417352893901,
0.255236952248343));
#10360=CARTESIAN_POINT('Ctrl Pts',(-0.109711068966947,0.0849203249345909,
0.256717709258696));
#10361=CARTESIAN_POINT('Ctrl Pts',(-0.113436542603727,0.0881864591087645,
0.25630216984548));
#10362=CARTESIAN_POINT('Ctrl Pts',(-0.110692034989937,0.0889071696911536,
0.257532560536886));
#10363=CARTESIAN_POINT('Ctrl Pts',(-0.110680012006294,0.0863402704364311,
0.259060436362556));
#10364=CARTESIAN_POINT('Ctrl Pts',(-0.116263207358044,0.0897416186368389,
0.258859020948648));
#10365=CARTESIAN_POINT('Ctrl Pts',(-0.114838078235449,0.0912203456323283,
0.261214645463953));
#10366=CARTESIAN_POINT('Ctrl Pts',(-0.114807731874788,0.0887864485887351,
0.262846240832079));
#10367=CARTESIAN_POINT('Ctrl Pts',(-0.118935650270554,0.0902001897785065,
0.259532633810139));
#10368=CARTESIAN_POINT('Ctrl Pts',(-0.118551792531816,0.0918427193166721,
0.262057734587092));
#10369=CARTESIAN_POINT('Ctrl Pts',(-0.118538353245558,0.0894597377451291,
0.263715123606321));
#10370=CARTESIAN_POINT('Ctrl Pts',(-0.121279438309114,0.0899357169782314,
0.25914174821912));
#10371=CARTESIAN_POINT('Ctrl Pts',(-0.121765331654459,0.0914831114768529,
0.261566734563929));
#10372=CARTESIAN_POINT('Ctrl Pts',(-0.121778733278648,0.089069753790631,
0.263207675617794));
#10373=CARTESIAN_POINT('',(-0.121095919275103,0.0801875412064075,0.247100118830766));
#10374=CARTESIAN_POINT('Origin',(-0.120784395389506,0.0813785649751336,
0.249835884765752));
#10375=CARTESIAN_POINT('',(-0.119999995105371,0.0801648649069327,0.247046747990342));
#10376=CARTESIAN_POINT('Origin',(-0.120234937487912,0.0829122292689031,
0.253508274794966));
#10377=CARTESIAN_POINT('',(-0.118923495453393,0.0891521047044928,0.263305573766364));
#10378=CARTESIAN_POINT('Ctrl Pts',(-0.118923495453393,0.0891521047044928,
0.263305573766364));
#10379=CARTESIAN_POINT('Ctrl Pts',(-0.11647168794757,0.0890122888682155,
0.263104909922743));
#10380=CARTESIAN_POINT('Ctrl Pts',(-0.114134608422721,0.0883691397874482,
0.262194883761663));
#10381=CARTESIAN_POINT('Ctrl Pts',(-0.110800485021125,0.0864318560567825,
0.259201952349965));
#10382=CARTESIAN_POINT('Ctrl Pts',(-0.109861573902919,0.0851446282702488,
0.257089682053649));
#10383=CARTESIAN_POINT('Ctrl Pts',(-0.110174055585753,0.0828112531708136,
0.252807464143586));
#10384=CARTESIAN_POINT('Ctrl Pts',(-0.111388307394809,0.0818072254579077,
0.250726883068281));
#10385=CARTESIAN_POINT('Ctrl Pts',(-0.115131491078802,0.0804863407405378,
0.247829387196232));
#10386=CARTESIAN_POINT('Ctrl Pts',(-0.117537319390339,0.0801632754034642,
0.247043001791678));
#10387=CARTESIAN_POINT('Ctrl Pts',(-0.119999995105371,0.0801648649127255,
0.247046747987824));
#10388=CARTESIAN_POINT('Origin',(-0.119221259353342,0.0874666548662623,
0.260841715916833));
#10389=CARTESIAN_POINT('Ctrl Pts',(-0.119221259353342,0.0899931858397442,
0.259224112368359));
#10390=CARTESIAN_POINT('Ctrl Pts',(-0.118932090065635,0.0915556166824501,
0.261664469229434));
#10391=CARTESIAN_POINT('Ctrl Pts',(-0.118923490341477,0.0891506890230284,
0.263306540976431));
#10392=CARTESIAN_POINT('Ctrl Pts',(-0.120962674789358,0.0900840161120344,
0.259365979945546));
#10393=CARTESIAN_POINT('Ctrl Pts',(-0.121323729849824,0.0916835741467881,
0.261854854277648));
#10394=CARTESIAN_POINT('Ctrl Pts',(-0.121336465861007,0.0892882948711896,
0.263504030208199));
#10395=CARTESIAN_POINT('Ctrl Pts',(-0.122741966650666,0.089862447109983,
0.259028284740135));
#10396=CARTESIAN_POINT('Ctrl Pts',(-0.123776114307708,0.0913764874829387,
0.261413524061169));
#10397=CARTESIAN_POINT('Ctrl Pts',(-0.12380160428994,0.0889583436060852,
0.263048197665488));
#10398=CARTESIAN_POINT('Ctrl Pts',(-0.125649229386467,0.0888521545680234,
0.257405874230385));
#10399=CARTESIAN_POINT('Ctrl Pts',(-0.127929256009716,0.0899048685756687,
0.259142863428141));
#10400=CARTESIAN_POINT('Ctrl Pts',(-0.127956526797246,0.0873913022296883,
0.260707301992911));
#10401=CARTESIAN_POINT('Ctrl Pts',(-0.126700358457951,0.0880678455133112,
0.256113590158181));
#10402=CARTESIAN_POINT('Ctrl Pts',(-0.129536470763878,0.0887206989766659,
0.257256514800863));
#10403=CARTESIAN_POINT('Ctrl Pts',(-0.12954367603892,0.0861423081858012,
0.258775909553178));
#10404=CARTESIAN_POINT('Ctrl Pts',(-0.127187322048122,0.0864255393003845,
0.253200719192381));
#10405=CARTESIAN_POINT('Ctrl Pts',(-0.130293171068385,0.0861813147030012,
0.252782596414663));
#10406=CARTESIAN_POINT('Ctrl Pts',(-0.130285098993593,0.0835365482573579,
0.254215684305924));
#10407=CARTESIAN_POINT('Ctrl Pts',(-0.12657950634467,0.0856123057498768,
0.251649761745859));
#10408=CARTESIAN_POINT('Ctrl Pts',(-0.129328428634619,0.084954744099529,
0.250395462405934));
#10409=CARTESIAN_POINT('Ctrl Pts',(-0.129339959531966,0.0822986658196235,
0.25175763976179));
#10410=CARTESIAN_POINT('Ctrl Pts',(-0.124208121002952,0.0844853498518254,
0.249398420880003));
#10411=CARTESIAN_POINT('Ctrl Pts',(-0.125845436156,0.0833624402537294,0.247096318582309));
#10412=CARTESIAN_POINT('Ctrl Pts',(-0.125878122360147,0.0806944758383774,
0.248323011097499));
#10413=CARTESIAN_POINT('Ctrl Pts',(-0.122526796387541,0.0841667830900607,
0.24871473937214));
#10414=CARTESIAN_POINT('Ctrl Pts',(-0.123468966309941,0.0829522505079722,
0.246154492520975));
#10415=CARTESIAN_POINT('Ctrl Pts',(-0.123496932142658,0.0802840753715385,
0.247331504337089));
#10416=CARTESIAN_POINT('Ctrl Pts',(-0.120784395389506,0.0840914660473233,
0.24855519441578));
#10417=CARTESIAN_POINT('Ctrl Pts',(-0.121086935871581,0.0828550043295518,
0.245935983362978));
#10418=CARTESIAN_POINT('Ctrl Pts',(-0.121095924617155,0.0801859695777339,
0.247100804189531));
#10419=CARTESIAN_POINT('',(-0.119999999999999,0.0891821899225372,0.26334872715529));
#10420=CARTESIAN_POINT('Origin',(-0.120027350653621,0.0846105021344975,
0.256788611486063));
#10421=CARTESIAN_POINT('Ctrl Pts',(-0.121095919275103,0.0801875412064075,
0.247100118830766));
#10422=CARTESIAN_POINT('Ctrl Pts',(-0.123531335327588,0.0802870527879406,
0.247334118970447));
#10423=CARTESIAN_POINT('Ctrl Pts',(-0.125867293876894,0.0807080527899825,
0.248344652290282));
#10424=CARTESIAN_POINT('Ctrl Pts',(-0.129221519334931,0.0822289572527421,
0.251607521895461));
#10425=CARTESIAN_POINT('Ctrl Pts',(-0.130139835745156,0.0833357345288327,
0.253819759110549));
#10426=CARTESIAN_POINT('Ctrl Pts',(-0.129822980418309,0.0857058917778392,
0.258039934434079));
#10427=CARTESIAN_POINT('Ctrl Pts',(-0.128586193936615,0.0869488177438384,
0.260018738602256));
#10428=CARTESIAN_POINT('Ctrl Pts',(-0.124896041132105,0.0886779202529602,
0.262642222879309));
#10429=CARTESIAN_POINT('Ctrl Pts',(-0.122461760982948,0.0891798610469771,
0.263345388478283));
#10430=CARTESIAN_POINT('Ctrl Pts',(-0.119999999999999,0.0891821899175722,
0.26334872715869));
#10431=CARTESIAN_POINT('Ctrl Pts',(-0.12282543709094,0.255696529193045,
0.166987704048805));
#10432=CARTESIAN_POINT('Ctrl Pts',(-0.123928844663734,0.256872540781282,
0.169442215449696));
#10433=CARTESIAN_POINT('Ctrl Pts',(-0.123957065439534,0.259543274770379,
0.168243430395532));
#10434=CARTESIAN_POINT('Ctrl Pts',(-0.120532762572039,0.256083759934418,
0.167830283614006));
#10435=CARTESIAN_POINT('Ctrl Pts',(-0.120719219924615,0.257361801163706,
0.170586135251923));
#10436=CARTESIAN_POINT('Ctrl Pts',(-0.120720721355335,0.260033334173625,
0.169450211871275));
#10437=CARTESIAN_POINT('Ctrl Pts',(-0.117823387564876,0.255974201691173,
0.167562517948955));
#10438=CARTESIAN_POINT('Ctrl Pts',(-0.117021450570931,0.257245076648978,
0.170252829004747));
#10439=CARTESIAN_POINT('Ctrl Pts',(-0.117002903198956,0.259920727780433,
0.169098967303448));
#10440=CARTESIAN_POINT('Ctrl Pts',(-0.114366232743039,0.254979620966982,
0.165522256765844));
#10441=CARTESIAN_POINT('Ctrl Pts',(-0.112094000534051,0.255892672432839,
0.167345969083321));
#10442=CARTESIAN_POINT('Ctrl Pts',(-0.112066359064948,0.258555939378165,
0.166047828992808));
#10443=CARTESIAN_POINT('Ctrl Pts',(-0.113303679789758,0.254306537041041,
0.164179072058396));
#10444=CARTESIAN_POINT('Ctrl Pts',(-0.110465974861184,0.254930496685907,
0.165350292540727));
#10445=CARTESIAN_POINT('Ctrl Pts',(-0.11045854757245,0.257590369310986,
0.163973086164443));
#10446=CARTESIAN_POINT('Ctrl Pts',(-0.112813012236585,0.252691798666573,
0.161203287148049));
#10447=CARTESIAN_POINT('Ctrl Pts',(-0.109703125609575,0.252458264710519,
0.160763047751505));
#10448=CARTESIAN_POINT('Ctrl Pts',(-0.109711068966994,0.255079675065322,
0.159282290741154));
#10449=CARTESIAN_POINT('Ctrl Pts',(-0.113436542603737,0.251813540891277,
0.159697830154588));
#10450=CARTESIAN_POINT('Ctrl Pts',(-0.110692034989912,0.25109283030892,
0.158467439463245));
#10451=CARTESIAN_POINT('Ctrl Pts',(-0.110680012006275,0.253659729563649,
0.156939563637579));
#10452=CARTESIAN_POINT('Ctrl Pts',(-0.116263207357957,0.250258381363172,
0.157140979051367));
#10453=CARTESIAN_POINT('Ctrl Pts',(-0.114838078235254,0.248779654367718,
0.154785354536115));
#10454=CARTESIAN_POINT('Ctrl Pts',(-0.114807731874583,0.251213551411312,
0.153153759167983));
#10455=CARTESIAN_POINT('Ctrl Pts',(-0.118935650270542,0.249799810221518,
0.156467366189899));
#10456=CARTESIAN_POINT('Ctrl Pts',(-0.118551792532055,0.248157280683345,
0.153942265412895));
#10457=CARTESIAN_POINT('Ctrl Pts',(-0.11853835324581,0.250540262254867,
0.152284876393657));
#10458=CARTESIAN_POINT('Ctrl Pts',(-0.121279438309021,0.250064283021749,
0.156858251780848));
#10459=CARTESIAN_POINT('Ctrl Pts',(-0.121765331654018,0.248516888523116,
0.154433265436082));
#10460=CARTESIAN_POINT('Ctrl Pts',(-0.121778733278191,0.250930246209362,
0.152792324382227));
#10461=CARTESIAN_POINT('',(-0.121095919275174,0.259812458793589,0.168899881169224));
#10462=CARTESIAN_POINT('Origin',(-0.120784395389528,0.258621435024864,0.166164115234242));
#10463=CARTESIAN_POINT('',(-0.119999995105371,0.259835135093068,0.168953252009658));
#10464=CARTESIAN_POINT('Origin',(-0.120234937492091,0.257087770742478,0.162491725231746));
#10465=CARTESIAN_POINT('',(-0.118923495453299,0.250847895295515,0.152694426233645));
#10466=CARTESIAN_POINT('Ctrl Pts',(-0.118923495453299,0.250847895295515,
0.152694426233645));
#10467=CARTESIAN_POINT('Ctrl Pts',(-0.116471687947484,0.25098771113181,
0.152895090077292));
#10468=CARTESIAN_POINT('Ctrl Pts',(-0.114134608422624,0.251630860212573,
0.153805116238364));
#10469=CARTESIAN_POINT('Ctrl Pts',(-0.110800485021125,0.253568143943272,
0.15679804765012));
#10470=CARTESIAN_POINT('Ctrl Pts',(-0.109861573902979,0.25485537172979,
0.158910317946417));
#10471=CARTESIAN_POINT('Ctrl Pts',(-0.110174055585662,0.257188746829256,
0.163192535856545));
#10472=CARTESIAN_POINT('Ctrl Pts',(-0.111388307394844,0.258192774542103,
0.165273116931736));
#10473=CARTESIAN_POINT('Ctrl Pts',(-0.115131491078819,0.259513659259478,
0.168170612803805));
#10474=CARTESIAN_POINT('Ctrl Pts',(-0.117537319390349,0.259836724596537,
0.168956998208322));
#10475=CARTESIAN_POINT('Ctrl Pts',(-0.119999995105371,0.259835135087275,
0.168953252012176));
#10476=CARTESIAN_POINT('Origin',(-0.119221259353287,0.252533345133742,0.155158284083173));
#10477=CARTESIAN_POINT('Ctrl Pts',(-0.119221259353287,0.25000681416026,
0.156775887631648));
#10478=CARTESIAN_POINT('Ctrl Pts',(-0.118932090065543,0.248444383317563,
0.154335530770584));
#10479=CARTESIAN_POINT('Ctrl Pts',(-0.118923490341383,0.250849310976969,
0.152693459023586));
#10480=CARTESIAN_POINT('Ctrl Pts',(-0.120962674789312,0.249915983887957,
0.15663402005444));
#10481=CARTESIAN_POINT('Ctrl Pts',(-0.121323729849927,0.24831642585321,
0.154145145722328));
#10482=CARTESIAN_POINT('Ctrl Pts',(-0.121336465861113,0.250711705128782,
0.152495969791772));
#10483=CARTESIAN_POINT('Ctrl Pts',(-0.122741966650617,0.250137552890045,
0.156971715259908));
#10484=CARTESIAN_POINT('Ctrl Pts',(-0.123776114307605,0.248623512517087,
0.154586475938875));
#10485=CARTESIAN_POINT('Ctrl Pts',(-0.123801604289841,0.251041656393926,
0.152951802334554));
#10486=CARTESIAN_POINT('Ctrl Pts',(-0.125649229386501,0.251147845431976,
0.158594125769614));
#10487=CARTESIAN_POINT('Ctrl Pts',(-0.127929256009662,0.2500951314243,0.156857136571802));
#10488=CARTESIAN_POINT('Ctrl Pts',(-0.127956526797202,0.252608697770261,
0.155292698007029));
#10489=CARTESIAN_POINT('Ctrl Pts',(-0.126700358458155,0.251932154486663,
0.159886409841773));
#10490=CARTESIAN_POINT('Ctrl Pts',(-0.129536470764078,0.251279301023122,
0.158743485198761));
#10491=CARTESIAN_POINT('Ctrl Pts',(-0.12954367603913,0.253857691813976,
0.157224090446446));
#10492=CARTESIAN_POINT('Ctrl Pts',(-0.127187322048099,0.253574460699609,
0.162799280807604));
#10493=CARTESIAN_POINT('Ctrl Pts',(-0.130293171068401,0.253818685297371,
0.163217403585995));
#10494=CARTESIAN_POINT('Ctrl Pts',(-0.13028509899362,0.256463451743004,
0.161784315694738));
#10495=CARTESIAN_POINT('Ctrl Pts',(-0.126579506344642,0.254387694250119,
0.164350238254131));
#10496=CARTESIAN_POINT('Ctrl Pts',(-0.129328428634548,0.255045255900474,
0.165604537594071));
#10497=CARTESIAN_POINT('Ctrl Pts',(-0.129339959531906,0.25770133418037,
0.164242360238225));
#10498=CARTESIAN_POINT('Ctrl Pts',(-0.124208121002985,0.255514650148167,
0.166601579119981));
#10499=CARTESIAN_POINT('Ctrl Pts',(-0.125845436156105,0.256637559746228,
0.168903681417605));
#10500=CARTESIAN_POINT('Ctrl Pts',(-0.125878122360258,0.259305524161576,
0.167676988902423));
#10501=CARTESIAN_POINT('Ctrl Pts',(-0.122526796387544,0.25583321690993,
0.167285260627839));
#10502=CARTESIAN_POINT('Ctrl Pts',(-0.123468966309836,0.257047749492014,
0.169845507478998));
#10503=CARTESIAN_POINT('Ctrl Pts',(-0.123496932142557,0.259715924628443,
0.168668495662898));
#10504=CARTESIAN_POINT('Ctrl Pts',(-0.120784395389527,0.255908533952675,
0.167444805584214));
#10505=CARTESIAN_POINT('Ctrl Pts',(-0.121086935871633,0.25714499567044,
0.170064016637004));
#10506=CARTESIAN_POINT('Ctrl Pts',(-0.121095924617209,0.259814030422252,
0.168899195810465));
#10507=CARTESIAN_POINT('',(-0.119999999999999,0.250817810077464,0.15265127284471));
#10508=CARTESIAN_POINT('Origin',(-0.120027350656903,0.255389497904157,0.159211388569419));
#10509=CARTESIAN_POINT('Ctrl Pts',(-0.121095919275174,0.259812458793589,
0.168899881169224));
#10510=CARTESIAN_POINT('Ctrl Pts',(-0.123531335327641,0.259712947212044,
0.168665881029516));
#10511=CARTESIAN_POINT('Ctrl Pts',(-0.125867293876959,0.259291947210003,
0.167655347709682));
#10512=CARTESIAN_POINT('Ctrl Pts',(-0.129221519334912,0.257771042747243,
0.16439247810451));
#10513=CARTESIAN_POINT('Ctrl Pts',(-0.130139835745023,0.256664265471154,
0.162180240889425));
#10514=CARTESIAN_POINT('Ctrl Pts',(-0.129822980418546,0.254294108222143,
0.157960065565886));
#10515=CARTESIAN_POINT('Ctrl Pts',(-0.12858619393665,0.253051182256163,
0.155981261397745));
#10516=CARTESIAN_POINT('Ctrl Pts',(-0.124896041132122,0.251322079747071,
0.153357777120741));
#10517=CARTESIAN_POINT('Ctrl Pts',(-0.122461760982939,0.250820138953025,
0.15265461152172));
#10518=CARTESIAN_POINT('Ctrl Pts',(-0.119999999999999,0.250817810082429,
0.15265127284131));
#10519=CARTESIAN_POINT('Origin',(-0.339,0.17,0.208));
#10520=CARTESIAN_POINT('',(-0.17,0.227242128032637,0.096876920586697));
#10521=CARTESIAN_POINT('Ctrl Pts',(-0.179064523260469,0.0450000000000002,
0.208000000000002));
#10522=CARTESIAN_POINT('Ctrl Pts',(-0.178711524813585,0.0450000000000003,
0.196994597590071));
#10523=CARTESIAN_POINT('Ctrl Pts',(-0.178332452539581,0.0464532920133306,
0.186015352235537));
#10524=CARTESIAN_POINT('Ctrl Pts',(-0.177346348858859,0.0536485893780932,
0.159425888928223));
#10525=CARTESIAN_POINT('Ctrl Pts',(-0.176730637759895,0.0610667509398275,
0.144512794191336));
#10526=CARTESIAN_POINT('Ctrl Pts',(-0.175542600262573,0.080886480444031,
0.118916376836012));
#10527=CARTESIAN_POINT('Ctrl Pts',(-0.174980268663069,0.0929118935288987,
0.108327488098919));
#10528=CARTESIAN_POINT('Ctrl Pts',(-0.173935039460254,0.120862160737804,
0.0918775608689439));
#10529=CARTESIAN_POINT('Ctrl Pts',(-0.173355069571463,0.136655249603145,
0.0863971612762361));
#10530=CARTESIAN_POINT('Ctrl Pts',(-0.172272815012398,0.16587612269792,
0.0824000704024507));
#10531=CARTESIAN_POINT('Ctrl Pts',(-0.171790894412764,0.178887978888031,
0.0826470778455035));
#10532=CARTESIAN_POINT('Ctrl Pts',(-0.170859488466157,0.204035939446431,
0.0870651785104234));
#10533=CARTESIAN_POINT('Ctrl Pts',(-0.170414799807486,0.216042533230519,
0.0911077442557175));
#10534=CARTESIAN_POINT('Ctrl Pts',(-0.169999999999999,0.227242128032658,
0.0968769205867077));
#10535=CARTESIAN_POINT('',(-0.170000000000001,0.133492125984239,0.0884501144507057));
#10536=CARTESIAN_POINT('Origin',(-0.170000000000001,0.17,0.208));
#10537=CARTESIAN_POINT('Ctrl Pts',(-0.17,0.133492125984262,0.0884501144506989));
#10538=CARTESIAN_POINT('Ctrl Pts',(-0.17041827028282,0.122198828348125,
0.091898836174086));
#10539=CARTESIAN_POINT('Ctrl Pts',(-0.170799102000196,0.111453072406925,
0.0969295448434042));
#10540=CARTESIAN_POINT('Ctrl Pts',(-0.171587205222081,0.0915010041627487,
0.10998083966619));
#10541=CARTESIAN_POINT('Ctrl Pts',(-0.172011976365377,0.0824338548863144,
0.117988972222655));
#10542=CARTESIAN_POINT('Ctrl Pts',(-0.173048884150909,0.0640338660666237,
0.139693319136006));
#10543=CARTESIAN_POINT('Ctrl Pts',(-0.173662845680616,0.0559869018557345,
0.154188828322911));
#10544=CARTESIAN_POINT('Ctrl Pts',(-0.174727049851109,0.047008258137752,
0.182183608427975));
#10545=CARTESIAN_POINT('Ctrl Pts',(-0.175177346788047,0.0450000000000002,
0.195063009170375));
#10546=CARTESIAN_POINT('Ctrl Pts',(-0.175592300962379,0.0450000000000002,
0.208000000000003));
#10547=CARTESIAN_POINT('Origin',(-0.289000000000001,0.17,0.208));
#10548=CARTESIAN_POINT('',(-0.299000000000008,0.0808155411265854,0.280602563973025));
#10549=CARTESIAN_POINT('',(-0.299,0.237960791798282,0.115229688056197));
#10550=CARTESIAN_POINT('Origin',(-0.299,0.17,0.208));
#10551=CARTESIAN_POINT('Ctrl Pts',(-0.299000000000051,0.0808155411266225,
0.280602563972983));
#10552=CARTESIAN_POINT('Ctrl Pts',(-0.298255978665959,0.0752435914066561,
0.274936526236665));
#10553=CARTESIAN_POINT('Ctrl Pts',(-0.297509028171109,0.0702678096106513,
0.26871449352145));
#10554=CARTESIAN_POINT('Ctrl Pts',(-0.296010815161206,0.0615405330420322,
0.25516149098088));
#10555=CARTESIAN_POINT('Ctrl Pts',(-0.295264176814539,0.0578521104893795,
0.247841791294976));
#10556=CARTESIAN_POINT('Ctrl Pts',(-0.292918647701297,0.0484771431964627,
0.223045610352711));
#10557=CARTESIAN_POINT('Ctrl Pts',(-0.291721937298131,0.0469927659112354,
0.206936483170508));
#10558=CARTESIAN_POINT('Ctrl Pts',(-0.290096671908961,0.0477226785637319,
0.186961360471976));
#10559=CARTESIAN_POINT('Ctrl Pts',(-0.289552323157542,0.0484621251553209,
0.18046719055074));
#10560=CARTESIAN_POINT('Ctrl Pts',(-0.289000000000002,0.0496962576832612,
0.174058733309032));
#10561=CARTESIAN_POINT('Ctrl Pts',(-0.289,0.0615016005018458,0.270073322017909));
#10562=CARTESIAN_POINT('Ctrl Pts',(-0.289317445706737,0.0684908049380286,
0.281650546474203));
#10563=CARTESIAN_POINT('Ctrl Pts',(-0.289634261780625,0.0773130650329791,
0.29201646599418));
#10564=CARTESIAN_POINT('Ctrl Pts',(-0.290225233697667,0.0973897671685247,
0.309053975744063));
#10565=CARTESIAN_POINT('Ctrl Pts',(-0.290515307813867,0.109825254296197,
0.317034869833305));
#10566=CARTESIAN_POINT('Ctrl Pts',(-0.291046602228111,0.132307249523477,
0.325291935323721));
#10567=CARTESIAN_POINT('Ctrl Pts',(-0.291225736423671,0.139856658416741,
0.327270678702603));
#10568=CARTESIAN_POINT('Ctrl Pts',(-0.29177943109264,0.163084645589339,
0.331035776288404));
#10569=CARTESIAN_POINT('Ctrl Pts',(-0.292161517644188,0.178967870321363,
0.330523249929867));
#10570=CARTESIAN_POINT('Ctrl Pts',(-0.292717909447082,0.201882400911867,
0.325273600410361));
#10571=CARTESIAN_POINT('Ctrl Pts',(-0.292898068772222,0.209267306426256,
0.322821612631482));
#10572=CARTESIAN_POINT('Ctrl Pts',(-0.293406350901174,0.230014178920009,
0.313657594179273));
#10573=CARTESIAN_POINT('Ctrl Pts',(-0.293732230730529,0.243468181309195,
0.304739386530557));
#10574=CARTESIAN_POINT('Ctrl Pts',(-0.29449345483072,0.265534692191297,
0.281360108081345));
#10575=CARTESIAN_POINT('Ctrl Pts',(-0.294866231410479,0.273702057571418,
0.268543274487902));
#10576=CARTESIAN_POINT('Ctrl Pts',(-0.295621370256814,0.285070510565297,
0.239929120377578));
#10577=CARTESIAN_POINT('Ctrl Pts',(-0.295996010596013,0.287924957852407,
0.22430651527213));
#10578=CARTESIAN_POINT('Ctrl Pts',(-0.296499172918855,0.28753641332113,
0.201078538298742));
#10579=CARTESIAN_POINT('Ctrl Pts',(-0.296664740907847,0.286705166844183,
0.193787096752084));
#10580=CARTESIAN_POINT('Ctrl Pts',(-0.297180703044083,0.28220045460456,
0.172407288908932));
#10581=CARTESIAN_POINT('Ctrl Pts',(-0.297543137334659,0.276602134966084,
0.158936908146599));
#10582=CARTESIAN_POINT('Ctrl Pts',(-0.298283001570582,0.260549008955686,
0.134440658526934));
#10583=CARTESIAN_POINT('Ctrl Pts',(-0.298653790664448,0.250122956801066,
0.12371016282768));
#10584=CARTESIAN_POINT('Ctrl Pts',(-0.299,0.237960791798284,0.115229688056198));
#10585=CARTESIAN_POINT('Origin',(-0.299,0.377,0.2025));
#10586=CARTESIAN_POINT('Ctrl Pts',(-0.299,0.0601044939603017,0.211904239484344));
#10587=CARTESIAN_POINT('Ctrl Pts',(-0.299,0.0597533030416775,0.224092684373708));
#10588=CARTESIAN_POINT('Ctrl Pts',(-0.299,0.0613669836319655,0.236257225534503));
#10589=CARTESIAN_POINT('Ctrl Pts',(-0.299,0.0684055542956613,0.259607696777072));
#10590=CARTESIAN_POINT('Ctrl Pts',(-0.299,0.0737842674329079,0.270638775445112));
#10591=CARTESIAN_POINT('Ctrl Pts',(-0.299,0.0808155411265579,0.280602563973044));
#10592=CARTESIAN_POINT('Ctrl Pts',(-0.299,0.237960791798282,0.115229688056197));
#10593=CARTESIAN_POINT('Ctrl Pts',(-0.299,0.228795406154228,0.109373981342361));
#10594=CARTESIAN_POINT('Ctrl Pts',(-0.299,0.217462993817172,0.103869501569964));
#10595=CARTESIAN_POINT('Ctrl Pts',(-0.299,0.191616276444955,0.097630017835034));
#10596=CARTESIAN_POINT('Ctrl Pts',(-0.299,0.179035513087268,0.0967907998106467));
#10597=CARTESIAN_POINT('Ctrl Pts',(-0.299,0.166584164041178,0.0980882290272099));
#10598=CARTESIAN_POINT('Ctrl Pts',(-0.12,0.110669986529452,0.121368888373838));
#10599=CARTESIAN_POINT('Ctrl Pts',(-0.122662197143961,0.110673879638354,
0.121366222146898));
#10600=CARTESIAN_POINT('Ctrl Pts',(-0.125197192521081,0.111534927953872,
0.120762714441529));
#10601=CARTESIAN_POINT('Ctrl Pts',(-0.128944942758191,0.114683659323607,
0.118732922669427));
#10602=CARTESIAN_POINT('Ctrl Pts',(-0.12999947816487,0.11685848862398,0.117401987814299));
#10603=CARTESIAN_POINT('Ctrl Pts',(-0.130000521817633,0.121495453154383,
0.114837083672582));
#10604=CARTESIAN_POINT('Ctrl Pts',(-0.128944199167908,0.123777995918731,
0.113702398036534));
#10605=CARTESIAN_POINT('Ctrl Pts',(-0.125197929167837,0.127172103749147,
0.112113177651591));
#10606=CARTESIAN_POINT('Ctrl Pts',(-0.122639495435646,0.128140294774693,
0.111704802298827));
#10607=CARTESIAN_POINT('Ctrl Pts',(-0.117360494775097,0.128148870197046,
0.111701075000424));
#10608=CARTESIAN_POINT('Ctrl Pts',(-0.11480280195483,0.127171430212321,
0.112113492884566));
#10609=CARTESIAN_POINT('Ctrl Pts',(-0.111055055893415,0.1237786568919,0.113702088686231));
#10610=CARTESIAN_POINT('Ctrl Pts',(-0.11000052061462,0.121495444842894,
0.114837087987739));
#10611=CARTESIAN_POINT('Ctrl Pts',(-0.109999479478029,0.116858479803608,
0.117401992975511));
#10612=CARTESIAN_POINT('Ctrl Pts',(-0.111055801227282,0.114684272309669,
0.118732527369168));
#10613=CARTESIAN_POINT('Ctrl Pts',(-0.114802077409253,0.111534303395476,
0.120763117201754));
#10614=CARTESIAN_POINT('Ctrl Pts',(-0.117337802856039,0.11066609342055,
0.121371554600777));
#10615=CARTESIAN_POINT('Ctrl Pts',(-0.12,0.110669986529452,0.121368888373838));
#10616=CARTESIAN_POINT('Ctrl Pts',(-0.12,0.116320464002838,0.129619470433472));
#10617=CARTESIAN_POINT('Ctrl Pts',(-0.122662197143961,0.116323986339463,
0.129617058132908));
#10618=CARTESIAN_POINT('Ctrl Pts',(-0.125197192521081,0.117103030053503,
0.129071027351859));
#10619=CARTESIAN_POINT('Ctrl Pts',(-0.128944942758191,0.119951882245168,
0.127234549081863));
#10620=CARTESIAN_POINT('Ctrl Pts',(-0.12999947816487,0.121919584945506,
0.126030369927223));
#10621=CARTESIAN_POINT('Ctrl Pts',(-0.130000521817633,0.126114933806347,
0.123709742370431));
#10622=CARTESIAN_POINT('Ctrl Pts',(-0.128944199167908,0.128180091545518,
0.122683122033055));
#10623=CARTESIAN_POINT('Ctrl Pts',(-0.125197929167837,0.131250951011133,
0.121245255970487));
#10624=CARTESIAN_POINT('Ctrl Pts',(-0.122639495435646,0.132126933367579,
0.120875773508462));
#10625=CARTESIAN_POINT('Ctrl Pts',(-0.117360494775097,0.132134692083041,
0.12087240119086));
#10626=CARTESIAN_POINT('Ctrl Pts',(-0.11480280195483,0.131250341620671,
0.121245541181274));
#10627=CARTESIAN_POINT('Ctrl Pts',(-0.111055055893415,0.128180689568862,
0.122682842144685));
#10628=CARTESIAN_POINT('Ctrl Pts',(-0.11000052061462,0.126114926286428,
0.123709746274621));
#10629=CARTESIAN_POINT('Ctrl Pts',(-0.109999479478029,0.121919576965169,
0.12603037459689));
#10630=CARTESIAN_POINT('Ctrl Pts',(-0.111055801227282,0.119952436851605,
0.127234191429248));
#10631=CARTESIAN_POINT('Ctrl Pts',(-0.114802077409253,0.11710246497686,
0.129071391753968));
#10632=CARTESIAN_POINT('Ctrl Pts',(-0.117337802856039,0.116316941666212,
0.129621882734036));
#10633=CARTESIAN_POINT('Ctrl Pts',(-0.12,0.116320464002838,0.129619470433472));
#10634=CARTESIAN_POINT('',(-0.121136832444369,0.112442682432014,0.123843800490355));
#10635=CARTESIAN_POINT('',(-0.119999995105321,0.129358041608234,0.114494752815928));
#10636=CARTESIAN_POINT('Ctrl Pts',(-0.121136832444369,0.112442682432014,
0.123843800490355));
#10637=CARTESIAN_POINT('Ctrl Pts',(-0.123629539359883,0.112670981903309,
0.123684806720333));
#10638=CARTESIAN_POINT('Ctrl Pts',(-0.125975864786608,0.113655900175732,
0.122990298888039));
#10639=CARTESIAN_POINT('Ctrl Pts',(-0.129250785492683,0.116795115011934,
0.120965008631422));
#10640=CARTESIAN_POINT('Ctrl Pts',(-0.130132814594977,0.118961701688386,
0.119651551740607));
#10641=CARTESIAN_POINT('Ctrl Pts',(-0.129832548963583,0.123299740339914,
0.117286889547428));
#10642=CARTESIAN_POINT('Ctrl Pts',(-0.128659019254544,0.12546040446832,
0.116237636915628));
#10643=CARTESIAN_POINT('Ctrl Pts',(-0.124963858053051,0.128495328675838,
0.114850072083238));
#10644=CARTESIAN_POINT('Ctrl Pts',(-0.122508251184111,0.12935404271193,
0.114496450320481));
#10645=CARTESIAN_POINT('Ctrl Pts',(-0.119999995105322,0.129358041620452,
0.114494752844038));
#10646=CARTESIAN_POINT('',(-0.119999995105322,0.129358041620452,0.114494752844038));
#10647=CARTESIAN_POINT('',(-0.120000000000001,0.112390063650212,0.123880470359709));
#10648=CARTESIAN_POINT('',(-0.120000000000001,0.112390063668147,0.123880470385897));
#10649=CARTESIAN_POINT('Origin',(-0.119893508793551,0.119106055527257,0.119202530204525));
#10650=CARTESIAN_POINT('Ctrl Pts',(-0.12,0.110669986529452,0.121368888373838));
#10651=CARTESIAN_POINT('Ctrl Pts',(-0.122662197143961,0.110673879638354,
0.121366222146898));
#10652=CARTESIAN_POINT('Ctrl Pts',(-0.125197192521081,0.111534927953872,
0.120762714441529));
#10653=CARTESIAN_POINT('Ctrl Pts',(-0.128944942758191,0.114683659323607,
0.118732922669427));
#10654=CARTESIAN_POINT('Ctrl Pts',(-0.12999947816487,0.11685848862398,0.117401987814299));
#10655=CARTESIAN_POINT('Ctrl Pts',(-0.130000521817633,0.121495453154383,
0.114837083672582));
#10656=CARTESIAN_POINT('Ctrl Pts',(-0.128944199167908,0.123777995918731,
0.113702398036534));
#10657=CARTESIAN_POINT('Ctrl Pts',(-0.125197929167837,0.127172103749147,
0.112113177651591));
#10658=CARTESIAN_POINT('Ctrl Pts',(-0.122639495435646,0.128140294774693,
0.111704802298827));
#10659=CARTESIAN_POINT('Ctrl Pts',(-0.117360494775097,0.128148870197046,
0.111701075000424));
#10660=CARTESIAN_POINT('Ctrl Pts',(-0.11480280195483,0.127171430212321,
0.112113492884566));
#10661=CARTESIAN_POINT('Ctrl Pts',(-0.111055055893415,0.1237786568919,0.113702088686231));
#10662=CARTESIAN_POINT('Ctrl Pts',(-0.11000052061462,0.121495444842894,
0.114837087987739));
#10663=CARTESIAN_POINT('Ctrl Pts',(-0.109999479478029,0.116858479803608,
0.117401992975511));
#10664=CARTESIAN_POINT('Ctrl Pts',(-0.111055801227282,0.114684272309669,
0.118732527369168));
#10665=CARTESIAN_POINT('Ctrl Pts',(-0.114802077409253,0.111534303395476,
0.120763117201754));
#10666=CARTESIAN_POINT('Ctrl Pts',(-0.117337802856039,0.11066609342055,
0.121371554600777));
#10667=CARTESIAN_POINT('Ctrl Pts',(-0.12,0.110669986529452,0.121368888373838));
#10668=CARTESIAN_POINT('Ctrl Pts',(-0.12,0.116320464002838,0.129619470433472));
#10669=CARTESIAN_POINT('Ctrl Pts',(-0.122662197143961,0.116323986339463,
0.129617058132908));
#10670=CARTESIAN_POINT('Ctrl Pts',(-0.125197192521081,0.117103030053503,
0.129071027351859));
#10671=CARTESIAN_POINT('Ctrl Pts',(-0.128944942758191,0.119951882245168,
0.127234549081863));
#10672=CARTESIAN_POINT('Ctrl Pts',(-0.12999947816487,0.121919584945506,
0.126030369927223));
#10673=CARTESIAN_POINT('Ctrl Pts',(-0.130000521817633,0.126114933806347,
0.123709742370431));
#10674=CARTESIAN_POINT('Ctrl Pts',(-0.128944199167908,0.128180091545518,
0.122683122033055));
#10675=CARTESIAN_POINT('Ctrl Pts',(-0.125197929167837,0.131250951011133,
0.121245255970487));
#10676=CARTESIAN_POINT('Ctrl Pts',(-0.122639495435646,0.132126933367579,
0.120875773508462));
#10677=CARTESIAN_POINT('Ctrl Pts',(-0.117360494775097,0.132134692083041,
0.12087240119086));
#10678=CARTESIAN_POINT('Ctrl Pts',(-0.11480280195483,0.131250341620671,
0.121245541181274));
#10679=CARTESIAN_POINT('Ctrl Pts',(-0.111055055893415,0.128180689568862,
0.122682842144685));
#10680=CARTESIAN_POINT('Ctrl Pts',(-0.11000052061462,0.126114926286428,
0.123709746274621));
#10681=CARTESIAN_POINT('Ctrl Pts',(-0.109999479478029,0.121919576965169,
0.12603037459689));
#10682=CARTESIAN_POINT('Ctrl Pts',(-0.111055801227282,0.119952436851605,
0.127234191429248));
#10683=CARTESIAN_POINT('Ctrl Pts',(-0.114802077409253,0.11710246497686,
0.129071391753968));
#10684=CARTESIAN_POINT('Ctrl Pts',(-0.117337802856039,0.116316941666212,
0.129621882734036));
#10685=CARTESIAN_POINT('Ctrl Pts',(-0.12,0.116320464002838,0.129619470433472));
#10686=CARTESIAN_POINT('',(-0.118858624945882,0.129300465790417,0.114519207771677));
#10687=CARTESIAN_POINT('Origin',(-0.119657862309363,0.122915572863299,0.117233106612488));
#10688=CARTESIAN_POINT('Ctrl Pts',(-0.118858624945882,0.129300465790417,
0.114519207771677));
#10689=CARTESIAN_POINT('Ctrl Pts',(-0.116382956825816,0.129046327603342,
0.114627257150652));
#10690=CARTESIAN_POINT('Ctrl Pts',(-0.114032089231647,0.127939573876632,
0.115090090077772));
#10691=CARTESIAN_POINT('Ctrl Pts',(-0.110740936273854,0.12453872741036,
0.116680950647322));
#10692=CARTESIAN_POINT('Ctrl Pts',(-0.109865824114638,0.122284199455003,
0.117813578257874));
#10693=CARTESIAN_POINT('Ctrl Pts',(-0.110169411130491,0.117965447646615,
0.120237742813628));
#10694=CARTESIAN_POINT('Ctrl Pts',(-0.111355435217513,0.115929126560621,
0.121510919499677));
#10695=CARTESIAN_POINT('Ctrl Pts',(-0.115019832169638,0.113159268219556,
0.123331794622903));
#10696=CARTESIAN_POINT('Ctrl Pts',(-0.117493052201113,0.112386524455439,
0.123882938386287));
#10697=CARTESIAN_POINT('Ctrl Pts',(-0.120000000000001,0.112390063668147,
0.123880470385897));
#10698=CARTESIAN_POINT('Ctrl Pts',(-0.120000000000001,0.229330013470547,
0.294631111626163));
#10699=CARTESIAN_POINT('Ctrl Pts',(-0.122662197144028,0.229326120361641,
0.294633777853105));
#10700=CARTESIAN_POINT('Ctrl Pts',(-0.125197192520853,0.228465072046389,
0.295237285558303));
#10701=CARTESIAN_POINT('Ctrl Pts',(-0.128944942758419,0.22531634067613,
0.297267077330742));
#10702=CARTESIAN_POINT('Ctrl Pts',(-0.129999478164779,0.223141511375491,
0.298598012185994));
#10703=CARTESIAN_POINT('Ctrl Pts',(-0.130000521817726,0.218504546846144,
0.301162916327126));
#10704=CARTESIAN_POINT('Ctrl Pts',(-0.128944199168211,0.216222004081473,
0.30229760196337));
#10705=CARTESIAN_POINT('Ctrl Pts',(-0.125197929167535,0.212827896250647,
0.303886822348505));
#10706=CARTESIAN_POINT('Ctrl Pts',(-0.122639495435465,0.211859705225311,
0.304295197701172));
#10707=CARTESIAN_POINT('Ctrl Pts',(-0.117360494775276,0.211851129802949,
0.304298924999578));
#10708=CARTESIAN_POINT('Ctrl Pts',(-0.114802801954781,0.212828569787571,
0.303886507115484));
#10709=CARTESIAN_POINT('Ctrl Pts',(-0.111055055893464,0.216221343108207,
0.302297911313719));
#10710=CARTESIAN_POINT('Ctrl Pts',(-0.110000520614803,0.218504555157717,
0.301162912011923));
#10711=CARTESIAN_POINT('Ctrl Pts',(-0.109999479477845,0.22314152019578,
0.298598007024828));
#10712=CARTESIAN_POINT('Ctrl Pts',(-0.111055801227113,0.225315727690304,
0.297267472630849));
#10713=CARTESIAN_POINT('Ctrl Pts',(-0.114802077409424,0.228465696604549,
0.29523688279823));
#10714=CARTESIAN_POINT('Ctrl Pts',(-0.117337802855973,0.229333906579452,
0.294628445399221));
#10715=CARTESIAN_POINT('Ctrl Pts',(-0.120000000000001,0.229330013470547,
0.294631111626163));
#10716=CARTESIAN_POINT('Ctrl Pts',(-0.120000000000001,0.223679535997162,
0.286380529566528));
#10717=CARTESIAN_POINT('Ctrl Pts',(-0.122662197144028,0.223676013660533,
0.286382941867095));
#10718=CARTESIAN_POINT('Ctrl Pts',(-0.125197192520853,0.222896969946733,
0.286928972647988));
#10719=CARTESIAN_POINT('Ctrl Pts',(-0.128944942758419,0.220048117754594,
0.28876545091829));
#10720=CARTESIAN_POINT('Ctrl Pts',(-0.129999478164779,0.218080415054016,
0.289969630073042));
#10721=CARTESIAN_POINT('Ctrl Pts',(-0.130000521817726,0.21388506619413,
0.292290257629305));
#10722=CARTESIAN_POINT('Ctrl Pts',(-0.128944199168211,0.211819908454666,
0.293316877966859));
#10723=CARTESIAN_POINT('Ctrl Pts',(-0.125197929167535,0.208749048988681,
0.2947547440296));
#10724=CARTESIAN_POINT('Ctrl Pts',(-0.122639495435465,0.207873066632424,
0.295124226491536));
#10725=CARTESIAN_POINT('Ctrl Pts',(-0.117360494775276,0.207865307916954,
0.295127598809142));
#10726=CARTESIAN_POINT('Ctrl Pts',(-0.114802801954781,0.208749658379231,
0.294754458818772));
#10727=CARTESIAN_POINT('Ctrl Pts',(-0.111055055893464,0.211819310431235,
0.29331715785527));
#10728=CARTESIAN_POINT('Ctrl Pts',(-0.110000520614803,0.213885073714125,
0.292290253725073));
#10729=CARTESIAN_POINT('Ctrl Pts',(-0.109999479477845,0.218080423034277,
0.289969625403416));
#10730=CARTESIAN_POINT('Ctrl Pts',(-0.111055801227113,0.22004756314837,
0.288765808570768));
#10731=CARTESIAN_POINT('Ctrl Pts',(-0.114802077409424,0.222897535023164,
0.286928608246017));
#10732=CARTESIAN_POINT('Ctrl Pts',(-0.117337802855973,0.22368305833379,
0.286378117265962));
#10733=CARTESIAN_POINT('Ctrl Pts',(-0.120000000000001,0.223679535997162,
0.286380529566528));
#10734=CARTESIAN_POINT('',(-0.121136832444436,0.227557317567991,0.292156199509641));
#10735=CARTESIAN_POINT('',(-0.119999995105321,0.210641958391766,0.301505247184072));
#10736=CARTESIAN_POINT('Ctrl Pts',(-0.121136832444436,0.227557317567991,
0.292156199509641));
#10737=CARTESIAN_POINT('Ctrl Pts',(-0.123629539359952,0.227329018096735,
0.292315193279636));
#10738=CARTESIAN_POINT('Ctrl Pts',(-0.125975864786674,0.226344099824272,
0.29300970111196));
#10739=CARTESIAN_POINT('Ctrl Pts',(-0.129250785492624,0.223204884988006,
0.295034991368617));
#10740=CARTESIAN_POINT('Ctrl Pts',(-0.130132814594957,0.221038298311562,
0.296348448259423));
#10741=CARTESIAN_POINT('Ctrl Pts',(-0.129832548963629,0.216700259660049,
0.29871311045259));
#10742=CARTESIAN_POINT('Ctrl Pts',(-0.128659019254544,0.214539595531642,
0.299762363084386));
#10743=CARTESIAN_POINT('Ctrl Pts',(-0.124963858053015,0.211504671324181,
0.301149927916755));
#10744=CARTESIAN_POINT('Ctrl Pts',(-0.122508251184102,0.210645957288074,
0.301503549679518));
#10745=CARTESIAN_POINT('Ctrl Pts',(-0.119999995105321,0.210641958379548,
0.301505247155962));
#10746=CARTESIAN_POINT('',(-0.119999995105321,0.210641958379548,0.301505247155962));
#10747=CARTESIAN_POINT('',(-0.120000000000001,0.227609936349787,0.292119529640292));
#10748=CARTESIAN_POINT('',(-0.120000000000001,0.227609936331852,0.292119529614104));
#10749=CARTESIAN_POINT('Origin',(-0.119893508789454,0.220893944480911,0.29679746978974));
#10750=CARTESIAN_POINT('Ctrl Pts',(-0.120000000000001,0.229330013470547,
0.294631111626163));
#10751=CARTESIAN_POINT('Ctrl Pts',(-0.122662197144028,0.229326120361641,
0.294633777853105));
#10752=CARTESIAN_POINT('Ctrl Pts',(-0.125197192520853,0.228465072046389,
0.295237285558303));
#10753=CARTESIAN_POINT('Ctrl Pts',(-0.128944942758419,0.22531634067613,
0.297267077330742));
#10754=CARTESIAN_POINT('Ctrl Pts',(-0.129999478164779,0.223141511375491,
0.298598012185994));
#10755=CARTESIAN_POINT('Ctrl Pts',(-0.130000521817726,0.218504546846144,
0.301162916327126));
#10756=CARTESIAN_POINT('Ctrl Pts',(-0.128944199168211,0.216222004081473,
0.30229760196337));
#10757=CARTESIAN_POINT('Ctrl Pts',(-0.125197929167535,0.212827896250647,
0.303886822348505));
#10758=CARTESIAN_POINT('Ctrl Pts',(-0.122639495435465,0.211859705225311,
0.304295197701172));
#10759=CARTESIAN_POINT('Ctrl Pts',(-0.117360494775276,0.211851129802949,
0.304298924999578));
#10760=CARTESIAN_POINT('Ctrl Pts',(-0.114802801954781,0.212828569787571,
0.303886507115484));
#10761=CARTESIAN_POINT('Ctrl Pts',(-0.111055055893464,0.216221343108207,
0.302297911313719));
#10762=CARTESIAN_POINT('Ctrl Pts',(-0.110000520614803,0.218504555157717,
0.301162912011923));
#10763=CARTESIAN_POINT('Ctrl Pts',(-0.109999479477845,0.22314152019578,
0.298598007024828));
#10764=CARTESIAN_POINT('Ctrl Pts',(-0.111055801227113,0.225315727690304,
0.297267472630849));
#10765=CARTESIAN_POINT('Ctrl Pts',(-0.114802077409424,0.228465696604549,
0.29523688279823));
#10766=CARTESIAN_POINT('Ctrl Pts',(-0.117337802855973,0.229333906579452,
0.294628445399221));
#10767=CARTESIAN_POINT('Ctrl Pts',(-0.120000000000001,0.229330013470547,
0.294631111626163));
#10768=CARTESIAN_POINT('Ctrl Pts',(-0.120000000000001,0.223679535997162,
0.286380529566528));
#10769=CARTESIAN_POINT('Ctrl Pts',(-0.122662197144028,0.223676013660533,
0.286382941867095));
#10770=CARTESIAN_POINT('Ctrl Pts',(-0.125197192520853,0.222896969946733,
0.286928972647988));
#10771=CARTESIAN_POINT('Ctrl Pts',(-0.128944942758419,0.220048117754594,
0.28876545091829));
#10772=CARTESIAN_POINT('Ctrl Pts',(-0.129999478164779,0.218080415054016,
0.289969630073042));
#10773=CARTESIAN_POINT('Ctrl Pts',(-0.130000521817726,0.21388506619413,
0.292290257629305));
#10774=CARTESIAN_POINT('Ctrl Pts',(-0.128944199168211,0.211819908454666,
0.293316877966859));
#10775=CARTESIAN_POINT('Ctrl Pts',(-0.125197929167535,0.208749048988681,
0.2947547440296));
#10776=CARTESIAN_POINT('Ctrl Pts',(-0.122639495435465,0.207873066632424,
0.295124226491536));
#10777=CARTESIAN_POINT('Ctrl Pts',(-0.117360494775276,0.207865307916954,
0.295127598809142));
#10778=CARTESIAN_POINT('Ctrl Pts',(-0.114802801954781,0.208749658379231,
0.294754458818772));
#10779=CARTESIAN_POINT('Ctrl Pts',(-0.111055055893464,0.211819310431235,
0.29331715785527));
#10780=CARTESIAN_POINT('Ctrl Pts',(-0.110000520614803,0.213885073714125,
0.292290253725073));
#10781=CARTESIAN_POINT('Ctrl Pts',(-0.109999479477845,0.218080423034277,
0.289969625403416));
#10782=CARTESIAN_POINT('Ctrl Pts',(-0.111055801227113,0.22004756314837,
0.288765808570768));
#10783=CARTESIAN_POINT('Ctrl Pts',(-0.114802077409424,0.222897535023164,
0.286928608246017));
#10784=CARTESIAN_POINT('Ctrl Pts',(-0.117337802855973,0.22368305833379,
0.286378117265962));
#10785=CARTESIAN_POINT('Ctrl Pts',(-0.120000000000001,0.223679535997162,
0.286380529566528));
#10786=CARTESIAN_POINT('',(-0.118858624945855,0.210699534209583,0.301480792228322));
#10787=CARTESIAN_POINT('Origin',(-0.11965786230714,0.217084427104785,0.298766893401132));
#10788=CARTESIAN_POINT('Ctrl Pts',(-0.118858624945855,0.210699534209583,
0.301480792228322));
#10789=CARTESIAN_POINT('Ctrl Pts',(-0.116382956825793,0.210953672396659,
0.301372742849348));
#10790=CARTESIAN_POINT('Ctrl Pts',(-0.114032089231557,0.212060426123301,
0.300909909922262));
#10791=CARTESIAN_POINT('Ctrl Pts',(-0.110740936274005,0.215461272589764,
0.299319049352623));
#10792=CARTESIAN_POINT('Ctrl Pts',(-0.109865824114672,0.217715800545106,
0.298186421742069));
#10793=CARTESIAN_POINT('Ctrl Pts',(-0.11016941113041,0.222034552353466,
0.295762257186323));
#10794=CARTESIAN_POINT('Ctrl Pts',(-0.111355435217518,0.224070873439453,
0.29448908050027));
#10795=CARTESIAN_POINT('Ctrl Pts',(-0.115019832169728,0.226840731780413,
0.292668205377119));
#10796=CARTESIAN_POINT('Ctrl Pts',(-0.117493052201112,0.227613475544563,
0.292117061613712));
#10797=CARTESIAN_POINT('Ctrl Pts',(-0.120000000000001,0.227609936331852,
0.292119529614104));
#10798=CARTESIAN_POINT('Ctrl Pts',(-0.12,0.0833688883738372,0.267330013470547));
#10799=CARTESIAN_POINT('Ctrl Pts',(-0.12266219714397,0.0833662221468961,
0.267326120361642));
#10800=CARTESIAN_POINT('Ctrl Pts',(-0.125197192520925,0.0827627144415965,
0.266465072046233));
#10801=CARTESIAN_POINT('Ctrl Pts',(-0.128944942758348,0.0807329226693593,
0.263316340676287));
#10802=CARTESIAN_POINT('Ctrl Pts',(-0.129999478164686,0.0794019878139911,
0.261141511375463));
#10803=CARTESIAN_POINT('Ctrl Pts',(-0.130000521817818,0.0768370836728896,
0.256504546846172));
#10804=CARTESIAN_POINT('Ctrl Pts',(-0.128944199168195,0.07570239803663,
0.254222004081473));
#10805=CARTESIAN_POINT('Ctrl Pts',(-0.125197929167551,0.0741131776514952,
0.250827896250647));
#10806=CARTESIAN_POINT('Ctrl Pts',(-0.122639495435629,0.0737048022988293,
0.249859705225312));
#10807=CARTESIAN_POINT('Ctrl Pts',(-0.117360494775113,0.0737010750004212,
0.249851129802947));
#10808=CARTESIAN_POINT('Ctrl Pts',(-0.114802801954871,0.0741134928845228,
0.250828569787585));
#10809=CARTESIAN_POINT('Ctrl Pts',(-0.111055055893372,0.0757020886862741,
0.254221343108192));
#10810=CARTESIAN_POINT('Ctrl Pts',(-0.110000520614712,0.0768370879878621,
0.256504555157327));
#10811=CARTESIAN_POINT('Ctrl Pts',(-0.109999479477938,0.0794019929753873,
0.261141520196169));
#10812=CARTESIAN_POINT('Ctrl Pts',(-0.111055801226851,0.0807325273690502,
0.263315727690147));
#10813=CARTESIAN_POINT('Ctrl Pts',(-0.114802077409686,0.0827631172018714,
0.266465696604705));
#10814=CARTESIAN_POINT('Ctrl Pts',(-0.117337802856031,0.0833715546007783,
0.267333906579451));
#10815=CARTESIAN_POINT('Ctrl Pts',(-0.12,0.0833688883738372,0.267330013470547));
#10816=CARTESIAN_POINT('Ctrl Pts',(-0.12,0.0916194704334717,0.261679535997161));
#10817=CARTESIAN_POINT('Ctrl Pts',(-0.12266219714397,0.091617058132906,
0.261676013660533));
#10818=CARTESIAN_POINT('Ctrl Pts',(-0.125197192520925,0.0910710273519206,
0.260896969946591));
#10819=CARTESIAN_POINT('Ctrl Pts',(-0.128944942758348,0.0892345490818012,
0.258048117754736));
#10820=CARTESIAN_POINT('Ctrl Pts',(-0.129999478164686,0.0880303699269444,
0.25608041505399));
#10821=CARTESIAN_POINT('Ctrl Pts',(-0.130000521817818,0.0857097423707097,
0.251885066194156));
#10822=CARTESIAN_POINT('Ctrl Pts',(-0.128944199168195,0.0846831220331415,
0.249819908454666));
#10823=CARTESIAN_POINT('Ctrl Pts',(-0.125197929167551,0.0832452559704004,
0.246749048988681));
#10824=CARTESIAN_POINT('Ctrl Pts',(-0.122639495435629,0.0828757735084646,
0.245873066632425));
#10825=CARTESIAN_POINT('Ctrl Pts',(-0.117360494775113,0.0828724011908574,
0.245865307916952));
#10826=CARTESIAN_POINT('Ctrl Pts',(-0.114802801954871,0.0832455411812349,
0.246749658379244));
#10827=CARTESIAN_POINT('Ctrl Pts',(-0.111055055893372,0.0846828421447241,
0.249819310431221));
#10828=CARTESIAN_POINT('Ctrl Pts',(-0.110000520614712,0.0857097462747324,
0.251885073713772));
#10829=CARTESIAN_POINT('Ctrl Pts',(-0.109999479477937,0.088030374596779,
0.256080423034629));
#10830=CARTESIAN_POINT('Ctrl Pts',(-0.111055801226851,0.0892341914291407,
0.258047563148228));
#10831=CARTESIAN_POINT('Ctrl Pts',(-0.114802077409686,0.0910713917540741,
0.260897535023305));
#10832=CARTESIAN_POINT('Ctrl Pts',(-0.117337802856031,0.0916218827340376,
0.261683058333789));
#10833=CARTESIAN_POINT('Ctrl Pts',(-0.12,0.0916194704334717,0.261679535997161));
#10834=CARTESIAN_POINT('',(-0.121136832444443,0.0858438004903525,0.265557317567982));
#10835=CARTESIAN_POINT('',(-0.119999995105321,0.0764947528159281,0.248641958391765));
#10836=CARTESIAN_POINT('Ctrl Pts',(-0.121136832444443,0.0858438004903525,
0.265557317567982));
#10837=CARTESIAN_POINT('Ctrl Pts',(-0.12362953935996,0.0856848067203313,
0.265329018096688));
#10838=CARTESIAN_POINT('Ctrl Pts',(-0.125975864786723,0.0849902988880222,
0.26434409982424));
#10839=CARTESIAN_POINT('Ctrl Pts',(-0.129250785492656,0.082965008631374,
0.261204884987995));
#10840=CARTESIAN_POINT('Ctrl Pts',(-0.130132814594923,0.0816515517405546,
0.259038298311523));
#10841=CARTESIAN_POINT('Ctrl Pts',(-0.129832548963692,0.079286889547392,
0.254700259660014));
#10842=CARTESIAN_POINT('Ctrl Pts',(-0.128659019254521,0.0782376369156104,
0.252539595531634));
#10843=CARTESIAN_POINT('Ctrl Pts',(-0.124963858053011,0.0768500720832356,
0.249504671324161));
#10844=CARTESIAN_POINT('Ctrl Pts',(-0.122508251184096,0.0764964503204829,
0.248645957288075));
#10845=CARTESIAN_POINT('Ctrl Pts',(-0.119999995105322,0.0764947528440382,
0.248641958379547));
#10846=CARTESIAN_POINT('',(-0.119999995105322,0.0764947528440382,0.248641958379547));
#10847=CARTESIAN_POINT('',(-0.12,0.0858804703597085,0.265609936349787));
#10848=CARTESIAN_POINT('',(-0.12,0.0858804703858962,0.265609936331852));
#10849=CARTESIAN_POINT('Origin',(-0.11989350879142,0.0812025301992798,0.258893944465261));
#10850=CARTESIAN_POINT('Ctrl Pts',(-0.12,0.0833688883738372,0.267330013470547));
#10851=CARTESIAN_POINT('Ctrl Pts',(-0.12266219714397,0.0833662221468961,
0.267326120361642));
#10852=CARTESIAN_POINT('Ctrl Pts',(-0.125197192520925,0.0827627144415965,
0.266465072046233));
#10853=CARTESIAN_POINT('Ctrl Pts',(-0.128944942758348,0.0807329226693593,
0.263316340676287));
#10854=CARTESIAN_POINT('Ctrl Pts',(-0.129999478164686,0.0794019878139911,
0.261141511375463));
#10855=CARTESIAN_POINT('Ctrl Pts',(-0.130000521817818,0.0768370836728896,
0.256504546846172));
#10856=CARTESIAN_POINT('Ctrl Pts',(-0.128944199168195,0.07570239803663,
0.254222004081473));
#10857=CARTESIAN_POINT('Ctrl Pts',(-0.125197929167551,0.0741131776514952,
0.250827896250647));
#10858=CARTESIAN_POINT('Ctrl Pts',(-0.122639495435629,0.0737048022988293,
0.249859705225312));
#10859=CARTESIAN_POINT('Ctrl Pts',(-0.117360494775113,0.0737010750004212,
0.249851129802947));
#10860=CARTESIAN_POINT('Ctrl Pts',(-0.114802801954871,0.0741134928845228,
0.250828569787585));
#10861=CARTESIAN_POINT('Ctrl Pts',(-0.111055055893372,0.0757020886862741,
0.254221343108192));
#10862=CARTESIAN_POINT('Ctrl Pts',(-0.110000520614712,0.0768370879878621,
0.256504555157327));
#10863=CARTESIAN_POINT('Ctrl Pts',(-0.109999479477938,0.0794019929753873,
0.261141520196169));
#10864=CARTESIAN_POINT('Ctrl Pts',(-0.111055801226851,0.0807325273690502,
0.263315727690147));
#10865=CARTESIAN_POINT('Ctrl Pts',(-0.114802077409686,0.0827631172018714,
0.266465696604705));
#10866=CARTESIAN_POINT('Ctrl Pts',(-0.117337802856031,0.0833715546007783,
0.267333906579451));
#10867=CARTESIAN_POINT('Ctrl Pts',(-0.12,0.0833688883738372,0.267330013470547));
#10868=CARTESIAN_POINT('Ctrl Pts',(-0.12,0.0916194704334717,0.261679535997161));
#10869=CARTESIAN_POINT('Ctrl Pts',(-0.12266219714397,0.091617058132906,
0.261676013660533));
#10870=CARTESIAN_POINT('Ctrl Pts',(-0.125197192520925,0.0910710273519206,
0.260896969946591));
#10871=CARTESIAN_POINT('Ctrl Pts',(-0.128944942758348,0.0892345490818012,
0.258048117754736));
#10872=CARTESIAN_POINT('Ctrl Pts',(-0.129999478164686,0.0880303699269444,
0.25608041505399));
#10873=CARTESIAN_POINT('Ctrl Pts',(-0.130000521817818,0.0857097423707097,
0.251885066194156));
#10874=CARTESIAN_POINT('Ctrl Pts',(-0.128944199168195,0.0846831220331415,
0.249819908454666));
#10875=CARTESIAN_POINT('Ctrl Pts',(-0.125197929167551,0.0832452559704004,
0.246749048988681));
#10876=CARTESIAN_POINT('Ctrl Pts',(-0.122639495435629,0.0828757735084646,
0.245873066632425));
#10877=CARTESIAN_POINT('Ctrl Pts',(-0.117360494775113,0.0828724011908574,
0.245865307916952));
#10878=CARTESIAN_POINT('Ctrl Pts',(-0.114802801954871,0.0832455411812349,
0.246749658379244));
#10879=CARTESIAN_POINT('Ctrl Pts',(-0.111055055893372,0.0846828421447241,
0.249819310431221));
#10880=CARTESIAN_POINT('Ctrl Pts',(-0.110000520614712,0.0857097462747324,
0.251885073713772));
#10881=CARTESIAN_POINT('Ctrl Pts',(-0.109999479477937,0.088030374596779,
0.256080423034629));
#10882=CARTESIAN_POINT('Ctrl Pts',(-0.111055801226851,0.0892341914291407,
0.258047563148228));
#10883=CARTESIAN_POINT('Ctrl Pts',(-0.114802077409686,0.0910713917540741,
0.260897535023305));
#10884=CARTESIAN_POINT('Ctrl Pts',(-0.117337802856031,0.0916218827340376,
0.261683058333789));
#10885=CARTESIAN_POINT('Ctrl Pts',(-0.12,0.0916194704334717,0.261679535997161));
#10886=CARTESIAN_POINT('',(-0.118858624945752,0.0765192077716804,0.248699534209589));
#10887=CARTESIAN_POINT('Origin',(-0.119657862312549,0.0792331066345102,
0.255084427188522));
#10888=CARTESIAN_POINT('Ctrl Pts',(-0.118858624945752,0.0765192077716804,
0.248699534209589));
#10889=CARTESIAN_POINT('Ctrl Pts',(-0.116382956825694,0.0766272571506589,
0.248953672396673));
#10890=CARTESIAN_POINT('Ctrl Pts',(-0.114032089231536,0.0770900900777837,
0.250060426123398));
#10891=CARTESIAN_POINT('Ctrl Pts',(-0.110740936273863,0.0786809506473762,
0.253461272589754));
#10892=CARTESIAN_POINT('Ctrl Pts',(-0.109865824114687,0.0798135782579219,
0.255715800545087));
#10893=CARTESIAN_POINT('Ctrl Pts',(-0.110169411130412,0.0822377428136872,
0.260034552353486));
#10894=CARTESIAN_POINT('Ctrl Pts',(-0.111355435217479,0.0835109194997256,
0.26207087343944));
#10895=CARTESIAN_POINT('Ctrl Pts',(-0.115019832169745,0.085331794622868,
0.264840731780396));
#10896=CARTESIAN_POINT('Ctrl Pts',(-0.117493052201105,0.0858829383862883,
0.265613475544562));
#10897=CARTESIAN_POINT('Ctrl Pts',(-0.12,0.0858804703858962,0.265609936331852));
#10898=CARTESIAN_POINT('Ctrl Pts',(-0.12,0.256631111626164,0.148669986529453));
#10899=CARTESIAN_POINT('Ctrl Pts',(-0.122662197144222,0.256633777853107,
0.148673879638361));
#10900=CARTESIAN_POINT('Ctrl Pts',(-0.125197192521283,0.257237285558616,
0.149534927954095));
#10901=CARTESIAN_POINT('Ctrl Pts',(-0.12894494275799,0.25926707733043,0.152683659323386));
#10902=CARTESIAN_POINT('Ctrl Pts',(-0.129999478164962,0.260598012185779,
0.15485848862412));
#10903=CARTESIAN_POINT('Ctrl Pts',(-0.130000521817541,0.263162916327342,
0.159495453154246));
#10904=CARTESIAN_POINT('Ctrl Pts',(-0.128944199168146,0.264297601963366,
0.161777995918517));
#10905=CARTESIAN_POINT('Ctrl Pts',(-0.1251979291676,0.26588682234851,0.165172103749363));
#10906=CARTESIAN_POINT('Ctrl Pts',(-0.122639495435477,0.266295197701172,
0.166140294774688));
#10907=CARTESIAN_POINT('Ctrl Pts',(-0.117360494775266,0.266298924999579,
0.166148870197053));
#10908=CARTESIAN_POINT('Ctrl Pts',(-0.11480280195487,0.265886507115503,
0.165171430212468));
#10909=CARTESIAN_POINT('Ctrl Pts',(-0.111055055893374,0.264297911313702,
0.161778656891755));
#10910=CARTESIAN_POINT('Ctrl Pts',(-0.11000052061462,0.263162912012369,
0.159495444843089));
#10911=CARTESIAN_POINT('Ctrl Pts',(-0.109999479478029,0.260598007024383,
0.154858479803415));
#10912=CARTESIAN_POINT('Ctrl Pts',(-0.111055801227191,0.259267472630799,
0.152684272309618));
#10913=CARTESIAN_POINT('Ctrl Pts',(-0.114802077409346,0.257236882798281,
0.14953430339553));
#10914=CARTESIAN_POINT('Ctrl Pts',(-0.117337802855779,0.25662844539922,
0.148666093420546));
#10915=CARTESIAN_POINT('Ctrl Pts',(-0.12,0.256631111626164,0.148669986529453));
#10916=CARTESIAN_POINT('Ctrl Pts',(-0.12,0.248380529566529,0.154320464002839));
#10917=CARTESIAN_POINT('Ctrl Pts',(-0.122662197144222,0.248382941867097,
0.15432398633947));
#10918=CARTESIAN_POINT('Ctrl Pts',(-0.125197192521283,0.248928972648271,
0.155103030053705));
#10919=CARTESIAN_POINT('Ctrl Pts',(-0.12894494275799,0.250765450918008,
0.157951882244968));
#10920=CARTESIAN_POINT('Ctrl Pts',(-0.129999478164962,0.251969630072847,
0.159919584945632));
#10921=CARTESIAN_POINT('Ctrl Pts',(-0.130000521817541,0.2542902576295,0.164114933806222));
#10922=CARTESIAN_POINT('Ctrl Pts',(-0.128944199168146,0.255316877966855,
0.166180091545325));
#10923=CARTESIAN_POINT('Ctrl Pts',(-0.1251979291676,0.256754744029604,0.169250951011329));
#10924=CARTESIAN_POINT('Ctrl Pts',(-0.122639495435477,0.257124226491536,
0.170126933367575));
#10925=CARTESIAN_POINT('Ctrl Pts',(-0.117360494775266,0.257127598809143,
0.170134692083048));
#10926=CARTESIAN_POINT('Ctrl Pts',(-0.11480280195487,0.256754458818788,
0.169250341620805));
#10927=CARTESIAN_POINT('Ctrl Pts',(-0.111055055893374,0.255317157855254,
0.166180689568731));
#10928=CARTESIAN_POINT('Ctrl Pts',(-0.11000052061462,0.254290253725477,
0.164114926286604));
#10929=CARTESIAN_POINT('Ctrl Pts',(-0.109999479478029,0.251969625403013,
0.159919576964995));
#10930=CARTESIAN_POINT('Ctrl Pts',(-0.111055801227191,0.250765808570723,
0.157952436851559));
#10931=CARTESIAN_POINT('Ctrl Pts',(-0.114802077409346,0.248928608246064,
0.155102464976908));
#10932=CARTESIAN_POINT('Ctrl Pts',(-0.117337802855779,0.248378117265961,
0.154316941666208));
#10933=CARTESIAN_POINT('Ctrl Pts',(-0.12,0.248380529566529,0.154320464002839));
#10934=CARTESIAN_POINT('',(-0.121136832444377,0.25415619950965,0.150442682432021));
#10935=CARTESIAN_POINT('',(-0.119999995105321,0.263505247184073,0.167358041608235));
#10936=CARTESIAN_POINT('Ctrl Pts',(-0.121136832444377,0.25415619950965,
0.150442682432021));
#10937=CARTESIAN_POINT('Ctrl Pts',(-0.1236295393599,0.254315193279684,0.150670981903332));
#10938=CARTESIAN_POINT('Ctrl Pts',(-0.125975864786665,0.255009701111971,
0.151655900175749));
#10939=CARTESIAN_POINT('Ctrl Pts',(-0.129250785492699,0.257034991368608,
0.154795115011978));
#10940=CARTESIAN_POINT('Ctrl Pts',(-0.130132814595022,0.258348448259425,
0.15696170168844));
#10941=CARTESIAN_POINT('Ctrl Pts',(-0.1298325489635,0.260713110452594,0.161299740339958));
#10942=CARTESIAN_POINT('Ctrl Pts',(-0.12865901925451,0.261762363084386,
0.163460404468351));
#10943=CARTESIAN_POINT('Ctrl Pts',(-0.124963858053029,0.263149927916773,
0.166495328675859));
#10944=CARTESIAN_POINT('Ctrl Pts',(-0.122508251184098,0.263503549679518,
0.167354042711925));
#10945=CARTESIAN_POINT('Ctrl Pts',(-0.119999995105321,0.263505247155962,
0.167358041620453));
#10946=CARTESIAN_POINT('',(-0.119999995105321,0.263505247155962,0.167358041620453));
#10947=CARTESIAN_POINT('',(-0.12,0.254119529640292,0.150390063650213));
#10948=CARTESIAN_POINT('',(-0.12,0.254119529614105,0.150390063668148));
#10949=CARTESIAN_POINT('Origin',(-0.119893508794503,0.258797469790949,0.157106055520752));
#10950=CARTESIAN_POINT('Ctrl Pts',(-0.12,0.256631111626164,0.148669986529453));
#10951=CARTESIAN_POINT('Ctrl Pts',(-0.122662197144222,0.256633777853107,
0.148673879638361));
#10952=CARTESIAN_POINT('Ctrl Pts',(-0.125197192521283,0.257237285558616,
0.149534927954095));
#10953=CARTESIAN_POINT('Ctrl Pts',(-0.12894494275799,0.25926707733043,0.152683659323386));
#10954=CARTESIAN_POINT('Ctrl Pts',(-0.129999478164962,0.260598012185779,
0.15485848862412));
#10955=CARTESIAN_POINT('Ctrl Pts',(-0.130000521817541,0.263162916327342,
0.159495453154246));
#10956=CARTESIAN_POINT('Ctrl Pts',(-0.128944199168146,0.264297601963366,
0.161777995918517));
#10957=CARTESIAN_POINT('Ctrl Pts',(-0.1251979291676,0.26588682234851,0.165172103749363));
#10958=CARTESIAN_POINT('Ctrl Pts',(-0.122639495435477,0.266295197701172,
0.166140294774688));
#10959=CARTESIAN_POINT('Ctrl Pts',(-0.117360494775266,0.266298924999579,
0.166148870197053));
#10960=CARTESIAN_POINT('Ctrl Pts',(-0.11480280195487,0.265886507115503,
0.165171430212468));
#10961=CARTESIAN_POINT('Ctrl Pts',(-0.111055055893374,0.264297911313702,
0.161778656891755));
#10962=CARTESIAN_POINT('Ctrl Pts',(-0.11000052061462,0.263162912012369,
0.159495444843089));
#10963=CARTESIAN_POINT('Ctrl Pts',(-0.109999479478029,0.260598007024383,
0.154858479803415));
#10964=CARTESIAN_POINT('Ctrl Pts',(-0.111055801227191,0.259267472630799,
0.152684272309618));
#10965=CARTESIAN_POINT('Ctrl Pts',(-0.114802077409346,0.257236882798281,
0.14953430339553));
#10966=CARTESIAN_POINT('Ctrl Pts',(-0.117337802855779,0.25662844539922,
0.148666093420546));
#10967=CARTESIAN_POINT('Ctrl Pts',(-0.12,0.256631111626164,0.148669986529453));
#10968=CARTESIAN_POINT('Ctrl Pts',(-0.12,0.248380529566529,0.154320464002839));
#10969=CARTESIAN_POINT('Ctrl Pts',(-0.122662197144222,0.248382941867097,
0.15432398633947));
#10970=CARTESIAN_POINT('Ctrl Pts',(-0.125197192521283,0.248928972648271,
0.155103030053705));
#10971=CARTESIAN_POINT('Ctrl Pts',(-0.12894494275799,0.250765450918008,
0.157951882244968));
#10972=CARTESIAN_POINT('Ctrl Pts',(-0.129999478164962,0.251969630072847,
0.159919584945632));
#10973=CARTESIAN_POINT('Ctrl Pts',(-0.130000521817541,0.2542902576295,0.164114933806222));
#10974=CARTESIAN_POINT('Ctrl Pts',(-0.128944199168146,0.255316877966855,
0.166180091545325));
#10975=CARTESIAN_POINT('Ctrl Pts',(-0.1251979291676,0.256754744029604,0.169250951011329));
#10976=CARTESIAN_POINT('Ctrl Pts',(-0.122639495435477,0.257124226491536,
0.170126933367575));
#10977=CARTESIAN_POINT('Ctrl Pts',(-0.117360494775266,0.257127598809143,
0.170134692083048));
#10978=CARTESIAN_POINT('Ctrl Pts',(-0.11480280195487,0.256754458818788,
0.169250341620805));
#10979=CARTESIAN_POINT('Ctrl Pts',(-0.111055055893374,0.255317157855254,
0.166180689568731));
#10980=CARTESIAN_POINT('Ctrl Pts',(-0.11000052061462,0.254290253725477,
0.164114926286604));
#10981=CARTESIAN_POINT('Ctrl Pts',(-0.109999479478029,0.251969625403013,
0.159919576964995));
#10982=CARTESIAN_POINT('Ctrl Pts',(-0.111055801227191,0.250765808570723,
0.157952436851559));
#10983=CARTESIAN_POINT('Ctrl Pts',(-0.114802077409346,0.248928608246064,
0.155102464976908));
#10984=CARTESIAN_POINT('Ctrl Pts',(-0.117337802855779,0.248378117265961,
0.154316941666208));
#10985=CARTESIAN_POINT('Ctrl Pts',(-0.12,0.248380529566529,0.154320464002839));
#10986=CARTESIAN_POINT('',(-0.11885862494575,0.263480792228319,0.167300465790409));
#10987=CARTESIAN_POINT('Origin',(-0.119657862309994,0.26076689338076,0.160915572847324));
#10988=CARTESIAN_POINT('Ctrl Pts',(-0.11885862494575,0.263480792228319,
0.167300465790409));
#10989=CARTESIAN_POINT('Ctrl Pts',(-0.11638295682569,0.263372742849338,
0.167046327603317));
#10990=CARTESIAN_POINT('Ctrl Pts',(-0.114032089231553,0.262909909922205,
0.165939573876569));
#10991=CARTESIAN_POINT('Ctrl Pts',(-0.11074093627383,0.261319049352628,
0.162538727410264));
#10992=CARTESIAN_POINT('Ctrl Pts',(-0.109865824114652,0.260186421742095,
0.160284199454945));
#10993=CARTESIAN_POINT('Ctrl Pts',(-0.110169411130478,0.257762257186335,
0.155965447646551));
#10994=CARTESIAN_POINT('Ctrl Pts',(-0.111355435217487,0.256489080500288,
0.153929126560575));
#10995=CARTESIAN_POINT('Ctrl Pts',(-0.115019832169714,0.254668205377126,
0.151159268219596));
#10996=CARTESIAN_POINT('Ctrl Pts',(-0.117493052201094,0.254117061613711,
0.150386524455435));
#10997=CARTESIAN_POINT('Ctrl Pts',(-0.12,0.254119529614105,0.150390063668148));
#10998=CARTESIAN_POINT('Ctrl Pts',(-0.304063954653143,0.295000984856779,
0.208));
#10999=CARTESIAN_POINT('Ctrl Pts',(-0.301749139838328,0.295000984856779,
0.280169352256029));
#11000=CARTESIAN_POINT('Ctrl Pts',(-0.299434325023513,0.232500492428389,
0.316254028384044));
#11001=CARTESIAN_POINT('Ctrl Pts',(-0.297119510208699,0.17,0.352338704512058));
#11002=CARTESIAN_POINT('Ctrl Pts',(-0.294804695393883,0.107499507571611,
0.316254028384044));
#11003=CARTESIAN_POINT('Ctrl Pts',(-0.292489880579069,0.0449990151432219,
0.280169352256029));
#11004=CARTESIAN_POINT('Ctrl Pts',(-0.290175065764254,0.0449990151432219,
0.208));
#11005=CARTESIAN_POINT('Ctrl Pts',(-0.287860250949438,0.0449990151432219,
0.13583064774397));
#11006=CARTESIAN_POINT('Ctrl Pts',(-0.285545436134624,0.107499507571611,
0.0997459716159558));
#11007=CARTESIAN_POINT('Ctrl Pts',(-0.283230621319809,0.17,0.0636612954879412));
#11008=CARTESIAN_POINT('Ctrl Pts',(-0.280915806504995,0.232500492428389,
0.0997459716159558));
#11009=CARTESIAN_POINT('Ctrl Pts',(-0.27860099169018,0.295000984856779,
0.135830647743971));
#11010=CARTESIAN_POINT('Ctrl Pts',(-0.276286176875365,0.295000984856779,
0.208));
#11011=CARTESIAN_POINT('Ctrl Pts',(-0.27397136206055,0.295000984856779,
0.280169352256029));
#11012=CARTESIAN_POINT('Ctrl Pts',(-0.271656547245735,0.232500492428389,
0.316254028384044));
#11013=CARTESIAN_POINT('Ctrl Pts',(-0.26934173243092,0.17,0.352338704512058));
#11014=CARTESIAN_POINT('Ctrl Pts',(-0.267026917616105,0.107499507571611,
0.316254028384044));
#11015=CARTESIAN_POINT('Ctrl Pts',(-0.26471210280129,0.0449990151432219,
0.280169352256029));
#11016=CARTESIAN_POINT('Ctrl Pts',(-0.262397287986476,0.0449990151432219,
0.208));
#11017=CARTESIAN_POINT('Ctrl Pts',(-0.260082473171661,0.0449990151432219,
0.13583064774397));
#11018=CARTESIAN_POINT('Ctrl Pts',(-0.257767658356846,0.107499507571611,
0.0997459716159558));
#11019=CARTESIAN_POINT('Ctrl Pts',(-0.255452843542031,0.17,0.0636612954879412));
#11020=CARTESIAN_POINT('Ctrl Pts',(-0.253138028727217,0.232500492428389,
0.0997459716159558));
#11021=CARTESIAN_POINT('Ctrl Pts',(-0.250823213912402,0.295000984856779,
0.135830647743971));
#11022=CARTESIAN_POINT('Ctrl Pts',(-0.248508399097587,0.295000984856779,
0.208));
#11023=CARTESIAN_POINT('Ctrl Pts',(-0.246193584282772,0.295000984856779,
0.280169352256029));
#11024=CARTESIAN_POINT('Ctrl Pts',(-0.243878769467957,0.232500492428389,
0.316254028384044));
#11025=CARTESIAN_POINT('Ctrl Pts',(-0.241563954653143,0.17,0.352338704512058));
#11026=CARTESIAN_POINT('Ctrl Pts',(-0.239249139838328,0.107499507571611,
0.316254028384044));
#11027=CARTESIAN_POINT('Ctrl Pts',(-0.236934325023513,0.0449990151432218,
0.280169352256029));
#11028=CARTESIAN_POINT('Ctrl Pts',(-0.234619510208698,0.0449990151432218,
0.208));
#11029=CARTESIAN_POINT('Ctrl Pts',(-0.232304695393883,0.0449990151432219,
0.13583064774397));
#11030=CARTESIAN_POINT('Ctrl Pts',(-0.229989880579068,0.107499507571611,
0.0997459716159558));
#11031=CARTESIAN_POINT('Ctrl Pts',(-0.227675065764253,0.17,0.0636612954879412));
#11032=CARTESIAN_POINT('Ctrl Pts',(-0.225360250949439,0.232500492428389,
0.0997459716159559));
#11033=CARTESIAN_POINT('Ctrl Pts',(-0.223045436134624,0.295000984856779,
0.135830647743971));
#11034=CARTESIAN_POINT('Ctrl Pts',(-0.220730621319809,0.295000984856779,
0.208));
#11035=CARTESIAN_POINT('Ctrl Pts',(-0.218415806504995,0.295000984856779,
0.280169352256029));
#11036=CARTESIAN_POINT('Ctrl Pts',(-0.21610099169018,0.232500492428389,
0.316254028384044));
#11037=CARTESIAN_POINT('Ctrl Pts',(-0.213786176875365,0.17,0.352338704512058));
#11038=CARTESIAN_POINT('Ctrl Pts',(-0.21147136206055,0.107499507571611,
0.316254028384044));
#11039=CARTESIAN_POINT('Ctrl Pts',(-0.209156547245735,0.0449990151432218,
0.280169352256029));
#11040=CARTESIAN_POINT('Ctrl Pts',(-0.20684173243092,0.0449990151432218,
0.208));
#11041=CARTESIAN_POINT('Ctrl Pts',(-0.204526917616105,0.0449990151432219,
0.13583064774397));
#11042=CARTESIAN_POINT('Ctrl Pts',(-0.20221210280129,0.107499507571611,
0.0997459716159558));
#11043=CARTESIAN_POINT('Ctrl Pts',(-0.199897287986476,0.17,0.0636612954879412));
#11044=CARTESIAN_POINT('Ctrl Pts',(-0.197582473171661,0.232500492428389,
0.0997459716159559));
#11045=CARTESIAN_POINT('Ctrl Pts',(-0.195267658356846,0.295000984856779,
0.135830647743971));
#11046=CARTESIAN_POINT('Ctrl Pts',(-0.192952843542032,0.295000984856779,
0.208));
#11047=CARTESIAN_POINT('Ctrl Pts',(-0.190638028727217,0.295000984856779,
0.280169352256029));
#11048=CARTESIAN_POINT('Ctrl Pts',(-0.188323213912402,0.232500492428389,
0.316254028384044));
#11049=CARTESIAN_POINT('Ctrl Pts',(-0.186008399097587,0.17,0.352338704512058));
#11050=CARTESIAN_POINT('Ctrl Pts',(-0.183693584282772,0.107499507571611,
0.316254028384044));
#11051=CARTESIAN_POINT('Ctrl Pts',(-0.181378769467957,0.0449990151432218,
0.280169352256029));
#11052=CARTESIAN_POINT('Ctrl Pts',(-0.179063954653143,0.0449990151432218,
0.208));
#11053=CARTESIAN_POINT('Ctrl Pts',(-0.176749139838328,0.0449990151432219,
0.13583064774397));
#11054=CARTESIAN_POINT('Ctrl Pts',(-0.174434325023513,0.107499507571611,
0.0997459716159559));
#11055=CARTESIAN_POINT('Ctrl Pts',(-0.172119510208698,0.17,0.0636612954879412));
#11056=CARTESIAN_POINT('Ctrl Pts',(-0.169804695393883,0.232500492428389,
0.0997459716159559));
#11057=CARTESIAN_POINT('Ctrl Pts',(-0.167489880579068,0.295000984856779,
0.135830647743971));
#11058=CARTESIAN_POINT('Ctrl Pts',(-0.165175065764254,0.295000984856779,
0.208));
#11059=CARTESIAN_POINT('Ctrl Pts',(-0.162860250949439,0.295000984856779,
0.280169352256029));
#11060=CARTESIAN_POINT('Ctrl Pts',(-0.160545436134624,0.232500492428389,
0.316254028384044));
#11061=CARTESIAN_POINT('Ctrl Pts',(-0.158230621319809,0.17,0.352338704512058));
#11062=CARTESIAN_POINT('Ctrl Pts',(-0.155915806504995,0.107499507571611,
0.316254028384044));
#11063=CARTESIAN_POINT('Ctrl Pts',(-0.15360099169018,0.0449990151432218,
0.280169352256029));
#11064=CARTESIAN_POINT('Ctrl Pts',(-0.151286176875365,0.0449990151432218,
0.208));
#11065=CARTESIAN_POINT('Ctrl Pts',(-0.14897136206055,0.0449990151432219,
0.13583064774397));
#11066=CARTESIAN_POINT('Ctrl Pts',(-0.146656547245735,0.107499507571611,
0.0997459716159559));
#11067=CARTESIAN_POINT('Ctrl Pts',(-0.14434173243092,0.17,0.0636612954879413));
#11068=CARTESIAN_POINT('Ctrl Pts',(-0.142026917616105,0.232500492428389,
0.0997459716159559));
#11069=CARTESIAN_POINT('Ctrl Pts',(-0.13971210280129,0.295000984856779,
0.135830647743971));
#11070=CARTESIAN_POINT('Ctrl Pts',(-0.137397287986476,0.295000984856779,
0.208));
#11071=CARTESIAN_POINT('Ctrl Pts',(-0.135082473171661,0.295000984856779,
0.280169352256029));
#11072=CARTESIAN_POINT('Ctrl Pts',(-0.132767658356846,0.232500492428389,
0.316254028384044));
#11073=CARTESIAN_POINT('Ctrl Pts',(-0.130452843542031,0.17,0.352338704512058));
#11074=CARTESIAN_POINT('Ctrl Pts',(-0.128138028727216,0.107499507571611,
0.316254028384044));
#11075=CARTESIAN_POINT('Ctrl Pts',(-0.125823213912402,0.0449990151432219,
0.280169352256029));
#11076=CARTESIAN_POINT('Ctrl Pts',(-0.123508399097587,0.0449990151432218,
0.208));
#11077=CARTESIAN_POINT('Ctrl Pts',(-0.121193584282772,0.0449990151432219,
0.135830647743971));
#11078=CARTESIAN_POINT('Ctrl Pts',(-0.118878769467957,0.107499507571611,
0.0997459716159559));
#11079=CARTESIAN_POINT('Ctrl Pts',(-0.116563954653143,0.17,0.0636612954879413));
#11080=CARTESIAN_POINT('Ctrl Pts',(-0.114249139838328,0.232500492428389,
0.0997459716159559));
#11081=CARTESIAN_POINT('Ctrl Pts',(-0.111934325023513,0.295000984856779,
0.135830647743971));
#11082=CARTESIAN_POINT('Ctrl Pts',(-0.109619510208698,0.295000984856779,
0.208));
#11083=CARTESIAN_POINT('Ctrl Pts',(-0.107304695393884,0.295000984856779,
0.280169352256029));
#11084=CARTESIAN_POINT('Ctrl Pts',(-0.104989880579068,0.232500492428389,
0.316254028384044));
#11085=CARTESIAN_POINT('Ctrl Pts',(-0.102675065764253,0.17,0.352338704512058));
#11086=CARTESIAN_POINT('Ctrl Pts',(-0.100360250949438,0.107499507571611,
0.316254028384044));
#11087=CARTESIAN_POINT('Ctrl Pts',(-0.0980454361346244,0.0449990151432219,
0.280169352256029));
#11088=CARTESIAN_POINT('Ctrl Pts',(-0.0957306213198095,0.0449990151432219,
0.208));
#11089=CARTESIAN_POINT('Ctrl Pts',(-0.095427726109615,0.044999015143222,
0.198556587515664));
#11090=CARTESIAN_POINT('Ctrl Pts',(-0.0951019959494719,0.0464177553484901,
0.189220356178595));
#11091=CARTESIAN_POINT('Ctrl Pts',(-0.312745078778091,0.279964836805556,
0.208));
#11092=CARTESIAN_POINT('Ctrl Pts',(-0.310430263963276,0.279964836805556,
0.271488228131081));
#11093=CARTESIAN_POINT('Ctrl Pts',(-0.308115449148461,0.224982418402778,
0.303232342196621));
#11094=CARTESIAN_POINT('Ctrl Pts',(-0.305800634333647,0.17,0.334976456262161));
#11095=CARTESIAN_POINT('Ctrl Pts',(-0.303485819518832,0.115017581597222,
0.303232342196621));
#11096=CARTESIAN_POINT('Ctrl Pts',(-0.301171004704017,0.0600351631944446,
0.271488228131081));
#11097=CARTESIAN_POINT('Ctrl Pts',(-0.298856189889202,0.0600351631944447,
0.208));
#11098=CARTESIAN_POINT('Ctrl Pts',(-0.296541375074387,0.0600351631944447,
0.144511771868919));
#11099=CARTESIAN_POINT('Ctrl Pts',(-0.294226560259572,0.115017581597222,
0.112767657803379));
#11100=CARTESIAN_POINT('Ctrl Pts',(-0.291911745444757,0.17,0.0810235437378382));
#11101=CARTESIAN_POINT('Ctrl Pts',(-0.289596930629942,0.224982418402778,
0.112767657803379));
#11102=CARTESIAN_POINT('Ctrl Pts',(-0.287282115815128,0.279964836805556,
0.144511771868919));
#11103=CARTESIAN_POINT('Ctrl Pts',(-0.284967301000313,0.279964836805556,
0.208));
#11104=CARTESIAN_POINT('Ctrl Pts',(-0.282652486185499,0.279964836805556,
0.271488228131081));
#11105=CARTESIAN_POINT('Ctrl Pts',(-0.280337671370684,0.224982418402778,
0.303232342196621));
#11106=CARTESIAN_POINT('Ctrl Pts',(-0.278022856555869,0.17,0.334976456262161));
#11107=CARTESIAN_POINT('Ctrl Pts',(-0.275708041741054,0.115017581597222,
0.303232342196621));
#11108=CARTESIAN_POINT('Ctrl Pts',(-0.273393226926239,0.0600351631944446,
0.271488228131081));
#11109=CARTESIAN_POINT('Ctrl Pts',(-0.271078412111424,0.0600351631944447,
0.208));
#11110=CARTESIAN_POINT('Ctrl Pts',(-0.268763597296609,0.0600351631944447,
0.144511771868919));
#11111=CARTESIAN_POINT('Ctrl Pts',(-0.266448782481794,0.115017581597222,
0.112767657803379));
#11112=CARTESIAN_POINT('Ctrl Pts',(-0.26413396766698,0.17,0.0810235437378382));
#11113=CARTESIAN_POINT('Ctrl Pts',(-0.261819152852165,0.224982418402778,
0.112767657803379));
#11114=CARTESIAN_POINT('Ctrl Pts',(-0.259504338037351,0.279964836805556,
0.144511771868919));
#11115=CARTESIAN_POINT('Ctrl Pts',(-0.257189523222536,0.279964836805556,
0.208));
#11116=CARTESIAN_POINT('Ctrl Pts',(-0.254874708407721,0.279964836805556,
0.271488228131081));
#11117=CARTESIAN_POINT('Ctrl Pts',(-0.252559893592906,0.224982418402778,
0.303232342196621));
#11118=CARTESIAN_POINT('Ctrl Pts',(-0.250245078778091,0.17,0.334976456262161));
#11119=CARTESIAN_POINT('Ctrl Pts',(-0.247930263963276,0.115017581597222,
0.303232342196621));
#11120=CARTESIAN_POINT('Ctrl Pts',(-0.245615449148461,0.0600351631944446,
0.271488228131081));
#11121=CARTESIAN_POINT('Ctrl Pts',(-0.243300634333647,0.0600351631944447,
0.208));
#11122=CARTESIAN_POINT('Ctrl Pts',(-0.240985819518832,0.0600351631944447,
0.144511771868919));
#11123=CARTESIAN_POINT('Ctrl Pts',(-0.238671004704017,0.115017581597222,
0.112767657803379));
#11124=CARTESIAN_POINT('Ctrl Pts',(-0.236356189889202,0.17,0.0810235437378383));
#11125=CARTESIAN_POINT('Ctrl Pts',(-0.234041375074387,0.224982418402778,
0.112767657803379));
#11126=CARTESIAN_POINT('Ctrl Pts',(-0.231726560259572,0.279964836805556,
0.144511771868919));
#11127=CARTESIAN_POINT('Ctrl Pts',(-0.229411745444757,0.279964836805556,
0.208));
#11128=CARTESIAN_POINT('Ctrl Pts',(-0.227096930629942,0.279964836805556,
0.271488228131081));
#11129=CARTESIAN_POINT('Ctrl Pts',(-0.224782115815128,0.224982418402778,
0.303232342196621));
#11130=CARTESIAN_POINT('Ctrl Pts',(-0.222467301000313,0.17,0.334976456262161));
#11131=CARTESIAN_POINT('Ctrl Pts',(-0.220152486185498,0.115017581597222,
0.303232342196621));
#11132=CARTESIAN_POINT('Ctrl Pts',(-0.217837671370684,0.0600351631944446,
0.271488228131081));
#11133=CARTESIAN_POINT('Ctrl Pts',(-0.215522856555869,0.0600351631944447,
0.208));
#11134=CARTESIAN_POINT('Ctrl Pts',(-0.213208041741054,0.0600351631944447,
0.144511771868919));
#11135=CARTESIAN_POINT('Ctrl Pts',(-0.210893226926239,0.115017581597222,
0.112767657803379));
#11136=CARTESIAN_POINT('Ctrl Pts',(-0.208578412111424,0.17,0.0810235437378383));
#11137=CARTESIAN_POINT('Ctrl Pts',(-0.206263597296609,0.224982418402778,
0.112767657803379));
#11138=CARTESIAN_POINT('Ctrl Pts',(-0.203948782481794,0.279964836805556,
0.144511771868919));
#11139=CARTESIAN_POINT('Ctrl Pts',(-0.20163396766698,0.279964836805556,
0.208));
#11140=CARTESIAN_POINT('Ctrl Pts',(-0.199319152852165,0.279964836805556,
0.271488228131081));
#11141=CARTESIAN_POINT('Ctrl Pts',(-0.19700433803735,0.224982418402778,
0.303232342196621));
#11142=CARTESIAN_POINT('Ctrl Pts',(-0.194689523222535,0.17,0.334976456262161));
#11143=CARTESIAN_POINT('Ctrl Pts',(-0.192374708407721,0.115017581597222,
0.303232342196621));
#11144=CARTESIAN_POINT('Ctrl Pts',(-0.190059893592905,0.0600351631944446,
0.271488228131081));
#11145=CARTESIAN_POINT('Ctrl Pts',(-0.187745078778091,0.0600351631944447,
0.208));
#11146=CARTESIAN_POINT('Ctrl Pts',(-0.185430263963276,0.0600351631944447,
0.144511771868919));
#11147=CARTESIAN_POINT('Ctrl Pts',(-0.183115449148461,0.115017581597222,
0.112767657803379));
#11148=CARTESIAN_POINT('Ctrl Pts',(-0.180800634333647,0.17,0.0810235437378383));
#11149=CARTESIAN_POINT('Ctrl Pts',(-0.178485819518832,0.224982418402778,
0.112767657803379));
#11150=CARTESIAN_POINT('Ctrl Pts',(-0.176171004704017,0.279964836805556,
0.144511771868919));
#11151=CARTESIAN_POINT('Ctrl Pts',(-0.173856189889202,0.279964836805556,
0.208));
#11152=CARTESIAN_POINT('Ctrl Pts',(-0.171541375074387,0.279964836805556,
0.271488228131081));
#11153=CARTESIAN_POINT('Ctrl Pts',(-0.169226560259572,0.224982418402778,
0.303232342196621));
#11154=CARTESIAN_POINT('Ctrl Pts',(-0.166911745444757,0.17,0.334976456262161));
#11155=CARTESIAN_POINT('Ctrl Pts',(-0.164596930629942,0.115017581597222,
0.303232342196621));
#11156=CARTESIAN_POINT('Ctrl Pts',(-0.162282115815128,0.0600351631944446,
0.271488228131081));
#11157=CARTESIAN_POINT('Ctrl Pts',(-0.159967301000313,0.0600351631944447,
0.208));
#11158=CARTESIAN_POINT('Ctrl Pts',(-0.157652486185499,0.0600351631944447,
0.144511771868919));
#11159=CARTESIAN_POINT('Ctrl Pts',(-0.155337671370684,0.115017581597222,
0.112767657803379));
#11160=CARTESIAN_POINT('Ctrl Pts',(-0.153022856555869,0.17,0.0810235437378383));
#11161=CARTESIAN_POINT('Ctrl Pts',(-0.150708041741054,0.224982418402778,
0.112767657803379));
#11162=CARTESIAN_POINT('Ctrl Pts',(-0.148393226926239,0.279964836805556,
0.144511771868919));
#11163=CARTESIAN_POINT('Ctrl Pts',(-0.146078412111424,0.279964836805556,
0.208));
#11164=CARTESIAN_POINT('Ctrl Pts',(-0.143763597296609,0.279964836805556,
0.271488228131081));
#11165=CARTESIAN_POINT('Ctrl Pts',(-0.141448782481794,0.224982418402778,
0.303232342196621));
#11166=CARTESIAN_POINT('Ctrl Pts',(-0.13913396766698,0.17,0.334976456262161));
#11167=CARTESIAN_POINT('Ctrl Pts',(-0.136819152852165,0.115017581597222,
0.303232342196621));
#11168=CARTESIAN_POINT('Ctrl Pts',(-0.13450433803735,0.0600351631944447,
0.271488228131081));
#11169=CARTESIAN_POINT('Ctrl Pts',(-0.132189523222536,0.0600351631944447,
0.208));
#11170=CARTESIAN_POINT('Ctrl Pts',(-0.12987470840772,0.0600351631944447,
0.144511771868919));
#11171=CARTESIAN_POINT('Ctrl Pts',(-0.127559893592906,0.115017581597222,
0.112767657803379));
#11172=CARTESIAN_POINT('Ctrl Pts',(-0.125245078778091,0.17,0.0810235437378383));
#11173=CARTESIAN_POINT('Ctrl Pts',(-0.122930263963276,0.224982418402778,
0.112767657803379));
#11174=CARTESIAN_POINT('Ctrl Pts',(-0.120615449148461,0.279964836805556,
0.144511771868919));
#11175=CARTESIAN_POINT('Ctrl Pts',(-0.118300634333647,0.279964836805556,
0.208));
#11176=CARTESIAN_POINT('Ctrl Pts',(-0.115985819518832,0.279964836805556,
0.271488228131081));
#11177=CARTESIAN_POINT('Ctrl Pts',(-0.113671004704017,0.224982418402778,
0.303232342196621));
#11178=CARTESIAN_POINT('Ctrl Pts',(-0.111356189889202,0.17,0.334976456262161));
#11179=CARTESIAN_POINT('Ctrl Pts',(-0.109041375074387,0.115017581597222,
0.303232342196621));
#11180=CARTESIAN_POINT('Ctrl Pts',(-0.106726560259572,0.0600351631944446,
0.271488228131081));
#11181=CARTESIAN_POINT('Ctrl Pts',(-0.104411745444757,0.0600351631944446,
0.208));
#11182=CARTESIAN_POINT('Ctrl Pts',(-0.104108850234564,0.0600351631944447,
0.199692518951612));
#11183=CARTESIAN_POINT('Ctrl Pts',(-0.10378312007442,0.0612832456421195,
0.191479326419281));
#11184=CARTESIAN_POINT('',(-0.16,0.079080325219172,0.278417417857718));
#11185=CARTESIAN_POINT('Ctrl Pts',(-0.16,0.0600388032533097,0.208894731081414));
#11186=CARTESIAN_POINT('Ctrl Pts',(-0.16,0.0593625788325928,0.221127280247414));
#11187=CARTESIAN_POINT('Ctrl Pts',(-0.16,0.0606661295607706,0.233387836897174));
#11188=CARTESIAN_POINT('Ctrl Pts',(-0.16,0.0671378713693716,0.257021252959025));
#11189=CARTESIAN_POINT('Ctrl Pts',(-0.16,0.0722633503904999,0.268236473062724));
#11190=CARTESIAN_POINT('Ctrl Pts',(-0.16,0.0790803252191723,0.278417417857717));
#11191=CARTESIAN_POINT('Ctrl Pts',(-0.170000000000001,0.227242128032637,
0.096876920586697));
#11192=CARTESIAN_POINT('Ctrl Pts',(-0.169862744538883,0.233024772015851,
0.100010093116943));
#11193=CARTESIAN_POINT('Ctrl Pts',(-0.169730163181322,0.238561278542412,
0.103594060449792));
#11194=CARTESIAN_POINT('Ctrl Pts',(-0.169454045246275,0.248708749029833,
0.111397283628455));
#11195=CARTESIAN_POINT('Ctrl Pts',(-0.16931605732837,0.253327219994091,
0.11553706203052));
#11196=CARTESIAN_POINT('Ctrl Pts',(-0.168906379850826,0.265761038924647,
0.128495483917943));
#11197=CARTESIAN_POINT('Ctrl Pts',(-0.168628160271199,0.272650667073657,
0.138106482940259));
#11198=CARTESIAN_POINT('Ctrl Pts',(-0.167983767088645,0.285141790421672,
0.162149902214431));
#11199=CARTESIAN_POINT('Ctrl Pts',(-0.167622037842976,0.289612154738284,
0.176951842710286));
#11200=CARTESIAN_POINT('Ctrl Pts',(-0.166949747893324,0.292866468675132,
0.207117333698739));
#11201=CARTESIAN_POINT('Ctrl Pts',(-0.166625402525431,0.291874069838685,
0.223331135613014));
#11202=CARTESIAN_POINT('Ctrl Pts',(-0.165854165892256,0.282483548760999,
0.254917771192171));
#11203=CARTESIAN_POINT('Ctrl Pts',(-0.165468221286729,0.275073979521592,
0.268992855838439));
#11204=CARTESIAN_POINT('Ctrl Pts',(-0.164634035274055,0.253412918438988,
0.295769942695484));
#11205=CARTESIAN_POINT('Ctrl Pts',(-0.164264045531622,0.240075403650368,
0.305346998348821));
#11206=CARTESIAN_POINT('Ctrl Pts',(-0.163687105586932,0.216400451406874,
0.318152397463169));
#11207=CARTESIAN_POINT('Ctrl Pts',(-0.163354499023459,0.202848468394049,
0.322580242206373));
#11208=CARTESIAN_POINT('Ctrl Pts',(-0.162635786653786,0.173837180581107,
0.326543270670006));
#11209=CARTESIAN_POINT('Ctrl Pts',(-0.16225423437354,0.158582079813555,
0.325674300270583));
#11210=CARTESIAN_POINT('Ctrl Pts',(-0.161723113970762,0.137549710611342,
0.320313608902896));
#11211=CARTESIAN_POINT('Ctrl Pts',(-0.161565491725463,0.1313344271995,0.318161585609883));
#11212=CARTESIAN_POINT('Ctrl Pts',(-0.161172254211757,0.115888460241095,
0.311317721066149));
#11213=CARTESIAN_POINT('Ctrl Pts',(-0.160951799320149,0.106951978617334,
0.305868901515314));
#11214=CARTESIAN_POINT('Ctrl Pts',(-0.160480697791836,0.0914327144562634,
0.293179563586463));
#11215=CARTESIAN_POINT('Ctrl Pts',(-0.160243309633181,0.0847793087689807,
0.286173032240642));
#11216=CARTESIAN_POINT('Ctrl Pts',(-0.16,0.0790803252191719,0.278417417857718));
#11217=CARTESIAN_POINT('Origin',(-0.16,0.17,0.208));
#11218=CARTESIAN_POINT('',(-0.16,0.240356738293402,0.117033361188215));
#11219=CARTESIAN_POINT('Origin',(-0.16,0.17,0.208));
#11220=CARTESIAN_POINT('Ctrl Pts',(-0.16,0.240356738293402,0.117033361188215));
#11221=CARTESIAN_POINT('Ctrl Pts',(-0.161060026537463,0.231491939489595,
0.108836934553018));
#11222=CARTESIAN_POINT('Ctrl Pts',(-0.161849938587615,0.222847804622848,
0.10353663348017));
#11223=CARTESIAN_POINT('Ctrl Pts',(-0.163263532011581,0.208248465051935,
0.0957044936503621));
#11224=CARTESIAN_POINT('Ctrl Pts',(-0.164091575375998,0.199519229749708,
0.0922491888760679));
#11225=CARTESIAN_POINT('Ctrl Pts',(-0.165775660438561,0.181368276114438,
0.0873940710718452));
#11226=CARTESIAN_POINT('Ctrl Pts',(-0.16662620873378,0.172002763433847,
0.0860278169410627));
#11227=CARTESIAN_POINT('Ctrl Pts',(-0.168333766364046,0.152808496033376,
0.085483322980229));
#11228=CARTESIAN_POINT('Ctrl Pts',(-0.16918379945133,0.143044615397586,
0.0863864068166745));
#11229=CARTESIAN_POINT('Ctrl Pts',(-0.17,0.133492125984239,0.0884501144507059));
#11230=CARTESIAN_POINT('Ctrl Pts',(-0.319689523222535,0.279964836805556,
0.208));
#11231=CARTESIAN_POINT('Ctrl Pts',(-0.31737470840772,0.279964836805556,
0.271488228131081));
#11232=CARTESIAN_POINT('Ctrl Pts',(-0.315059893592906,0.224982418402778,
0.303232342196621));
#11233=CARTESIAN_POINT('Ctrl Pts',(-0.312745078778091,0.17,0.334976456262161));
#11234=CARTESIAN_POINT('Ctrl Pts',(-0.310430263963276,0.115017581597222,
0.303232342196621));
#11235=CARTESIAN_POINT('Ctrl Pts',(-0.308115449148461,0.0600351631944446,
0.271488228131081));
#11236=CARTESIAN_POINT('Ctrl Pts',(-0.305800634333647,0.0600351631944446,
0.208));
#11237=CARTESIAN_POINT('Ctrl Pts',(-0.303485819518832,0.0600351631944446,
0.144511771868919));
#11238=CARTESIAN_POINT('Ctrl Pts',(-0.301171004704017,0.115017581597222,
0.112767657803379));
#11239=CARTESIAN_POINT('Ctrl Pts',(-0.298856189889202,0.17,0.0810235437378382));
#11240=CARTESIAN_POINT('Ctrl Pts',(-0.296541375074387,0.224982418402778,
0.112767657803379));
#11241=CARTESIAN_POINT('Ctrl Pts',(-0.294226560259572,0.279964836805556,
0.144511771868919));
#11242=CARTESIAN_POINT('Ctrl Pts',(-0.291911745444757,0.279964836805556,
0.208));
#11243=CARTESIAN_POINT('Ctrl Pts',(-0.289596930629942,0.279964836805556,
0.271488228131081));
#11244=CARTESIAN_POINT('Ctrl Pts',(-0.287282115815128,0.224982418402778,
0.303232342196621));
#11245=CARTESIAN_POINT('Ctrl Pts',(-0.284967301000314,0.17,0.334976456262161));
#11246=CARTESIAN_POINT('Ctrl Pts',(-0.282652486185498,0.115017581597222,
0.303232342196621));
#11247=CARTESIAN_POINT('Ctrl Pts',(-0.280337671370684,0.0600351631944446,
0.271488228131081));
#11248=CARTESIAN_POINT('Ctrl Pts',(-0.278022856555869,0.0600351631944447,
0.208));
#11249=CARTESIAN_POINT('Ctrl Pts',(-0.275708041741054,0.0600351631944446,
0.144511771868919));
#11250=CARTESIAN_POINT('Ctrl Pts',(-0.273393226926239,0.115017581597222,
0.112767657803379));
#11251=CARTESIAN_POINT('Ctrl Pts',(-0.271078412111424,0.17,0.0810235437378382));
#11252=CARTESIAN_POINT('Ctrl Pts',(-0.268763597296609,0.224982418402778,
0.112767657803379));
#11253=CARTESIAN_POINT('Ctrl Pts',(-0.266448782481794,0.279964836805556,
0.144511771868919));
#11254=CARTESIAN_POINT('Ctrl Pts',(-0.26413396766698,0.279964836805556,
0.208));
#11255=CARTESIAN_POINT('Ctrl Pts',(-0.261819152852165,0.279964836805556,
0.271488228131081));
#11256=CARTESIAN_POINT('Ctrl Pts',(-0.259504338037351,0.224982418402778,
0.303232342196621));
#11257=CARTESIAN_POINT('Ctrl Pts',(-0.257189523222536,0.17,0.334976456262161));
#11258=CARTESIAN_POINT('Ctrl Pts',(-0.254874708407721,0.115017581597222,
0.303232342196621));
#11259=CARTESIAN_POINT('Ctrl Pts',(-0.252559893592906,0.0600351631944446,
0.271488228131081));
#11260=CARTESIAN_POINT('Ctrl Pts',(-0.250245078778091,0.0600351631944447,
0.208));
#11261=CARTESIAN_POINT('Ctrl Pts',(-0.247930263963276,0.0600351631944447,
0.144511771868919));
#11262=CARTESIAN_POINT('Ctrl Pts',(-0.245615449148461,0.115017581597222,
0.112767657803379));
#11263=CARTESIAN_POINT('Ctrl Pts',(-0.243300634333647,0.17,0.0810235437378382));
#11264=CARTESIAN_POINT('Ctrl Pts',(-0.240985819518832,0.224982418402778,
0.112767657803379));
#11265=CARTESIAN_POINT('Ctrl Pts',(-0.238671004704017,0.279964836805556,
0.144511771868919));
#11266=CARTESIAN_POINT('Ctrl Pts',(-0.236356189889202,0.279964836805556,
0.208));
#11267=CARTESIAN_POINT('Ctrl Pts',(-0.234041375074387,0.279964836805556,
0.271488228131081));
#11268=CARTESIAN_POINT('Ctrl Pts',(-0.231726560259572,0.224982418402778,
0.303232342196621));
#11269=CARTESIAN_POINT('Ctrl Pts',(-0.229411745444757,0.17,0.334976456262161));
#11270=CARTESIAN_POINT('Ctrl Pts',(-0.227096930629942,0.115017581597222,
0.303232342196621));
#11271=CARTESIAN_POINT('Ctrl Pts',(-0.224782115815128,0.0600351631944446,
0.271488228131081));
#11272=CARTESIAN_POINT('Ctrl Pts',(-0.222467301000313,0.0600351631944447,
0.208));
#11273=CARTESIAN_POINT('Ctrl Pts',(-0.220152486185498,0.0600351631944447,
0.144511771868919));
#11274=CARTESIAN_POINT('Ctrl Pts',(-0.217837671370683,0.115017581597222,
0.112767657803379));
#11275=CARTESIAN_POINT('Ctrl Pts',(-0.215522856555869,0.17,0.0810235437378383));
#11276=CARTESIAN_POINT('Ctrl Pts',(-0.213208041741054,0.224982418402778,
0.112767657803379));
#11277=CARTESIAN_POINT('Ctrl Pts',(-0.210893226926239,0.279964836805556,
0.144511771868919));
#11278=CARTESIAN_POINT('Ctrl Pts',(-0.208578412111424,0.279964836805556,
0.208));
#11279=CARTESIAN_POINT('Ctrl Pts',(-0.206263597296609,0.279964836805556,
0.271488228131081));
#11280=CARTESIAN_POINT('Ctrl Pts',(-0.203948782481794,0.224982418402778,
0.303232342196621));
#11281=CARTESIAN_POINT('Ctrl Pts',(-0.20163396766698,0.17,0.334976456262161));
#11282=CARTESIAN_POINT('Ctrl Pts',(-0.199319152852165,0.115017581597222,
0.303232342196621));
#11283=CARTESIAN_POINT('Ctrl Pts',(-0.19700433803735,0.0600351631944446,
0.271488228131081));
#11284=CARTESIAN_POINT('Ctrl Pts',(-0.194689523222535,0.0600351631944447,
0.208));
#11285=CARTESIAN_POINT('Ctrl Pts',(-0.19237470840772,0.0600351631944447,
0.144511771868919));
#11286=CARTESIAN_POINT('Ctrl Pts',(-0.190059893592905,0.115017581597222,
0.112767657803379));
#11287=CARTESIAN_POINT('Ctrl Pts',(-0.187745078778091,0.17,0.0810235437378383));
#11288=CARTESIAN_POINT('Ctrl Pts',(-0.185430263963276,0.224982418402778,
0.112767657803379));
#11289=CARTESIAN_POINT('Ctrl Pts',(-0.183115449148461,0.279964836805556,
0.144511771868919));
#11290=CARTESIAN_POINT('Ctrl Pts',(-0.180800634333647,0.279964836805556,
0.208));
#11291=CARTESIAN_POINT('Ctrl Pts',(-0.178485819518832,0.279964836805556,
0.271488228131081));
#11292=CARTESIAN_POINT('Ctrl Pts',(-0.176171004704017,0.224982418402778,
0.303232342196621));
#11293=CARTESIAN_POINT('Ctrl Pts',(-0.173856189889202,0.17,0.334976456262161));
#11294=CARTESIAN_POINT('Ctrl Pts',(-0.171541375074387,0.115017581597222,
0.303232342196621));
#11295=CARTESIAN_POINT('Ctrl Pts',(-0.169226560259572,0.0600351631944446,
0.271488228131081));
#11296=CARTESIAN_POINT('Ctrl Pts',(-0.166911745444757,0.0600351631944447,
0.208));
#11297=CARTESIAN_POINT('Ctrl Pts',(-0.164596930629942,0.0600351631944447,
0.144511771868919));
#11298=CARTESIAN_POINT('Ctrl Pts',(-0.162282115815128,0.115017581597222,
0.112767657803379));
#11299=CARTESIAN_POINT('Ctrl Pts',(-0.159967301000313,0.17,0.0810235437378383));
#11300=CARTESIAN_POINT('Ctrl Pts',(-0.157652486185499,0.224982418402778,
0.112767657803379));
#11301=CARTESIAN_POINT('Ctrl Pts',(-0.155337671370684,0.279964836805556,
0.144511771868919));
#11302=CARTESIAN_POINT('Ctrl Pts',(-0.153022856555869,0.279964836805556,
0.208));
#11303=CARTESIAN_POINT('Ctrl Pts',(-0.150708041741054,0.279964836805556,
0.271488228131081));
#11304=CARTESIAN_POINT('Ctrl Pts',(-0.148393226926239,0.224982418402778,
0.303232342196621));
#11305=CARTESIAN_POINT('Ctrl Pts',(-0.146078412111424,0.17,0.334976456262161));
#11306=CARTESIAN_POINT('Ctrl Pts',(-0.143763597296609,0.115017581597222,
0.303232342196621));
#11307=CARTESIAN_POINT('Ctrl Pts',(-0.141448782481794,0.0600351631944447,
0.271488228131081));
#11308=CARTESIAN_POINT('Ctrl Pts',(-0.13913396766698,0.0600351631944447,
0.208));
#11309=CARTESIAN_POINT('Ctrl Pts',(-0.136819152852165,0.0600351631944447,
0.144511771868919));
#11310=CARTESIAN_POINT('Ctrl Pts',(-0.13450433803735,0.115017581597222,
0.112767657803379));
#11311=CARTESIAN_POINT('Ctrl Pts',(-0.132189523222535,0.17,0.0810235437378383));
#11312=CARTESIAN_POINT('Ctrl Pts',(-0.129874708407721,0.224982418402778,
0.112767657803379));
#11313=CARTESIAN_POINT('Ctrl Pts',(-0.127559893592906,0.279964836805556,
0.144511771868919));
#11314=CARTESIAN_POINT('Ctrl Pts',(-0.125245078778091,0.279964836805556,
0.208));
#11315=CARTESIAN_POINT('Ctrl Pts',(-0.122930263963276,0.279964836805556,
0.271488228131081));
#11316=CARTESIAN_POINT('Ctrl Pts',(-0.120615449148461,0.224982418402778,
0.303232342196621));
#11317=CARTESIAN_POINT('Ctrl Pts',(-0.118300634333647,0.17,0.334976456262161));
#11318=CARTESIAN_POINT('Ctrl Pts',(-0.115985819518832,0.115017581597222,
0.303232342196621));
#11319=CARTESIAN_POINT('Ctrl Pts',(-0.113671004704017,0.0600351631944446,
0.271488228131081));
#11320=CARTESIAN_POINT('Ctrl Pts',(-0.111356189889202,0.0600351631944446,
0.208));
#11321=CARTESIAN_POINT('Ctrl Pts',(-0.111053288503454,0.0600351631944448,
0.199692349575207));
#11322=CARTESIAN_POINT('Ctrl Pts',(-0.110727551311988,0.0612832962466667,
0.19147899341195));
#11323=CARTESIAN_POINT('Ctrl Pts',(-0.328370817182321,0.295001279019345,
0.208));
#11324=CARTESIAN_POINT('Ctrl Pts',(-0.326056002367507,0.295001279019345,
0.280169522090866));
#11325=CARTESIAN_POINT('Ctrl Pts',(-0.323741187552692,0.232500639509673,
0.316254283136299));
#11326=CARTESIAN_POINT('Ctrl Pts',(-0.321426372737877,0.17,0.352339044181733));
#11327=CARTESIAN_POINT('Ctrl Pts',(-0.319111557923062,0.107499360490328,
0.316254283136299));
#11328=CARTESIAN_POINT('Ctrl Pts',(-0.316796743108246,0.0449987209806551,
0.280169522090866));
#11329=CARTESIAN_POINT('Ctrl Pts',(-0.314481928293432,0.044998720980655,
0.208));
#11330=CARTESIAN_POINT('Ctrl Pts',(-0.312167113478617,0.0449987209806551,
0.135830477909133));
#11331=CARTESIAN_POINT('Ctrl Pts',(-0.309852298663802,0.107499360490328,
0.0997457168637001));
#11332=CARTESIAN_POINT('Ctrl Pts',(-0.307537483848987,0.17,0.0636609558182669));
#11333=CARTESIAN_POINT('Ctrl Pts',(-0.305222669034173,0.232500639509673,
0.0997457168637001));
#11334=CARTESIAN_POINT('Ctrl Pts',(-0.302907854219358,0.295001279019345,
0.135830477909133));
#11335=CARTESIAN_POINT('Ctrl Pts',(-0.300593039404543,0.295001279019345,
0.208));
#11336=CARTESIAN_POINT('Ctrl Pts',(-0.298278224589728,0.295001279019345,
0.280169522090866));
#11337=CARTESIAN_POINT('Ctrl Pts',(-0.295963409774913,0.232500639509673,
0.316254283136299));
#11338=CARTESIAN_POINT('Ctrl Pts',(-0.293648594960098,0.17,0.352339044181733));
#11339=CARTESIAN_POINT('Ctrl Pts',(-0.291333780145284,0.107499360490328,
0.316254283136299));
#11340=CARTESIAN_POINT('Ctrl Pts',(-0.289018965330469,0.0449987209806551,
0.280169522090866));
#11341=CARTESIAN_POINT('Ctrl Pts',(-0.286704150515654,0.0449987209806551,
0.208));
#11342=CARTESIAN_POINT('Ctrl Pts',(-0.28438933570084,0.044998720980655,
0.135830477909133));
#11343=CARTESIAN_POINT('Ctrl Pts',(-0.282074520886025,0.107499360490328,
0.0997457168637001));
#11344=CARTESIAN_POINT('Ctrl Pts',(-0.27975970607121,0.17,0.0636609558182669));
#11345=CARTESIAN_POINT('Ctrl Pts',(-0.277444891256395,0.232500639509673,
0.0997457168637001));
#11346=CARTESIAN_POINT('Ctrl Pts',(-0.27513007644158,0.295001279019345,
0.135830477909133));
#11347=CARTESIAN_POINT('Ctrl Pts',(-0.272815261626765,0.295001279019345,
0.208));
#11348=CARTESIAN_POINT('Ctrl Pts',(-0.270500446811951,0.295001279019345,
0.280169522090866));
#11349=CARTESIAN_POINT('Ctrl Pts',(-0.268185631997136,0.232500639509673,
0.3162542831363));
#11350=CARTESIAN_POINT('Ctrl Pts',(-0.265870817182321,0.17,0.352339044181733));
#11351=CARTESIAN_POINT('Ctrl Pts',(-0.263556002367507,0.107499360490328,
0.316254283136299));
#11352=CARTESIAN_POINT('Ctrl Pts',(-0.261241187552692,0.044998720980655,
0.280169522090866));
#11353=CARTESIAN_POINT('Ctrl Pts',(-0.258926372737877,0.044998720980655,
0.208));
#11354=CARTESIAN_POINT('Ctrl Pts',(-0.256611557923062,0.0449987209806551,
0.135830477909133));
#11355=CARTESIAN_POINT('Ctrl Pts',(-0.254296743108247,0.107499360490328,
0.0997457168637001));
#11356=CARTESIAN_POINT('Ctrl Pts',(-0.251981928293432,0.17,0.0636609558182669));
#11357=CARTESIAN_POINT('Ctrl Pts',(-0.249667113478617,0.232500639509673,
0.0997457168637001));
#11358=CARTESIAN_POINT('Ctrl Pts',(-0.247352298663802,0.295001279019345,
0.135830477909133));
#11359=CARTESIAN_POINT('Ctrl Pts',(-0.245037483848987,0.295001279019345,
0.208));
#11360=CARTESIAN_POINT('Ctrl Pts',(-0.242722669034173,0.295001279019345,
0.280169522090866));
#11361=CARTESIAN_POINT('Ctrl Pts',(-0.240407854219358,0.232500639509673,
0.3162542831363));
#11362=CARTESIAN_POINT('Ctrl Pts',(-0.238093039404543,0.17,0.352339044181733));
#11363=CARTESIAN_POINT('Ctrl Pts',(-0.235778224589728,0.107499360490328,
0.316254283136299));
#11364=CARTESIAN_POINT('Ctrl Pts',(-0.233463409774913,0.044998720980655,
0.280169522090866));
#11365=CARTESIAN_POINT('Ctrl Pts',(-0.231148594960099,0.044998720980655,
0.208));
#11366=CARTESIAN_POINT('Ctrl Pts',(-0.228833780145284,0.0449987209806551,
0.135830477909133));
#11367=CARTESIAN_POINT('Ctrl Pts',(-0.226518965330468,0.107499360490328,
0.0997457168637001));
#11368=CARTESIAN_POINT('Ctrl Pts',(-0.224204150515654,0.17,0.0636609558182669));
#11369=CARTESIAN_POINT('Ctrl Pts',(-0.22188933570084,0.232500639509673,
0.0997457168637002));
#11370=CARTESIAN_POINT('Ctrl Pts',(-0.219574520886025,0.295001279019345,
0.135830477909133));
#11371=CARTESIAN_POINT('Ctrl Pts',(-0.21725970607121,0.295001279019345,
0.208));
#11372=CARTESIAN_POINT('Ctrl Pts',(-0.214944891256395,0.295001279019345,
0.280169522090866));
#11373=CARTESIAN_POINT('Ctrl Pts',(-0.21263007644158,0.232500639509673,
0.3162542831363));
#11374=CARTESIAN_POINT('Ctrl Pts',(-0.210315261626765,0.17,0.352339044181733));
#11375=CARTESIAN_POINT('Ctrl Pts',(-0.20800044681195,0.107499360490328,
0.316254283136299));
#11376=CARTESIAN_POINT('Ctrl Pts',(-0.205685631997135,0.044998720980655,
0.280169522090866));
#11377=CARTESIAN_POINT('Ctrl Pts',(-0.203370817182321,0.044998720980655,
0.208));
#11378=CARTESIAN_POINT('Ctrl Pts',(-0.201056002367507,0.0449987209806551,
0.135830477909133));
#11379=CARTESIAN_POINT('Ctrl Pts',(-0.198741187552692,0.107499360490328,
0.0997457168637001));
#11380=CARTESIAN_POINT('Ctrl Pts',(-0.196426372737877,0.17,0.0636609558182669));
#11381=CARTESIAN_POINT('Ctrl Pts',(-0.194111557923062,0.232500639509673,
0.0997457168637002));
#11382=CARTESIAN_POINT('Ctrl Pts',(-0.191796743108247,0.295001279019345,
0.135830477909133));
#11383=CARTESIAN_POINT('Ctrl Pts',(-0.189481928293432,0.295001279019345,
0.208));
#11384=CARTESIAN_POINT('Ctrl Pts',(-0.187167113478617,0.295001279019345,
0.280169522090866));
#11385=CARTESIAN_POINT('Ctrl Pts',(-0.184852298663802,0.232500639509673,
0.3162542831363));
#11386=CARTESIAN_POINT('Ctrl Pts',(-0.182537483848987,0.17,0.352339044181733));
#11387=CARTESIAN_POINT('Ctrl Pts',(-0.180222669034173,0.107499360490328,
0.316254283136299));
#11388=CARTESIAN_POINT('Ctrl Pts',(-0.177907854219358,0.044998720980655,
0.280169522090866));
#11389=CARTESIAN_POINT('Ctrl Pts',(-0.175593039404543,0.044998720980655,
0.208));
#11390=CARTESIAN_POINT('Ctrl Pts',(-0.173278224589728,0.0449987209806551,
0.135830477909133));
#11391=CARTESIAN_POINT('Ctrl Pts',(-0.170963409774913,0.107499360490328,
0.0997457168637002));
#11392=CARTESIAN_POINT('Ctrl Pts',(-0.168648594960098,0.17,0.063660955818267));
#11393=CARTESIAN_POINT('Ctrl Pts',(-0.166333780145284,0.232500639509673,
0.0997457168637002));
#11394=CARTESIAN_POINT('Ctrl Pts',(-0.164018965330469,0.295001279019345,
0.135830477909133));
#11395=CARTESIAN_POINT('Ctrl Pts',(-0.161704150515654,0.295001279019345,
0.208));
#11396=CARTESIAN_POINT('Ctrl Pts',(-0.15938933570084,0.295001279019345,
0.280169522090866));
#11397=CARTESIAN_POINT('Ctrl Pts',(-0.157074520886025,0.232500639509673,
0.3162542831363));
#11398=CARTESIAN_POINT('Ctrl Pts',(-0.15475970607121,0.17,0.352339044181733));
#11399=CARTESIAN_POINT('Ctrl Pts',(-0.152444891256395,0.107499360490328,
0.316254283136299));
#11400=CARTESIAN_POINT('Ctrl Pts',(-0.15013007644158,0.044998720980655,
0.280169522090866));
#11401=CARTESIAN_POINT('Ctrl Pts',(-0.147815261626765,0.044998720980655,
0.208));
#11402=CARTESIAN_POINT('Ctrl Pts',(-0.14550044681195,0.0449987209806551,
0.135830477909133));
#11403=CARTESIAN_POINT('Ctrl Pts',(-0.143185631997135,0.107499360490328,
0.0997457168637002));
#11404=CARTESIAN_POINT('Ctrl Pts',(-0.140870817182321,0.17,0.063660955818267));
#11405=CARTESIAN_POINT('Ctrl Pts',(-0.138556002367507,0.232500639509673,
0.0997457168637002));
#11406=CARTESIAN_POINT('Ctrl Pts',(-0.136241187552692,0.295001279019345,
0.135830477909133));
#11407=CARTESIAN_POINT('Ctrl Pts',(-0.133926372737877,0.295001279019345,
0.208));
#11408=CARTESIAN_POINT('Ctrl Pts',(-0.131611557923062,0.295001279019345,
0.280169522090866));
#11409=CARTESIAN_POINT('Ctrl Pts',(-0.129296743108247,0.232500639509673,
0.3162542831363));
#11410=CARTESIAN_POINT('Ctrl Pts',(-0.126981928293432,0.17,0.352339044181733));
#11411=CARTESIAN_POINT('Ctrl Pts',(-0.124667113478617,0.107499360490328,
0.316254283136299));
#11412=CARTESIAN_POINT('Ctrl Pts',(-0.122352298663802,0.0449987209806551,
0.280169522090866));
#11413=CARTESIAN_POINT('Ctrl Pts',(-0.120037483848987,0.044998720980655,
0.208));
#11414=CARTESIAN_POINT('Ctrl Pts',(-0.119734582463239,0.0449987209806551,
0.198556372755947));
#11415=CARTESIAN_POINT('Ctrl Pts',(-0.119408845271773,0.0464175220487633,
0.189219933442497));
#11416=CARTESIAN_POINT('',(-0.16,0.169223320124512,0.0980379060673928));
#11417=CARTESIAN_POINT('Ctrl Pts',(-0.16,0.240356738293402,0.117033361188215));
#11418=CARTESIAN_POINT('Ctrl Pts',(-0.16,0.23150154631383,0.111054191156683));
#11419=CARTESIAN_POINT('Ctrl Pts',(-0.16,0.220236270410981,0.10515182052527));
#11420=CARTESIAN_POINT('Ctrl Pts',(-0.16,0.194351217586898,0.0981920262391911));
#11421=CARTESIAN_POINT('Ctrl Pts',(-0.16,0.181748068116984,0.0970356302903723));
#11422=CARTESIAN_POINT('Ctrl Pts',(-0.16,0.169223320124512,0.0980379060673927));
#11423=CARTESIAN_POINT('Ctrl Pts',(-0.166911745444757,0.0600351631944447,
0.208));
#11424=CARTESIAN_POINT('Ctrl Pts',(-0.164596930629942,0.0600351631944446,
0.144511771868919));
#11425=CARTESIAN_POINT('Ctrl Pts',(-0.162282115815128,0.115017581597222,
0.112767657803379));
#11426=CARTESIAN_POINT('Ctrl Pts',(-0.161222968021756,0.140174888675473,
0.0982430797896647));
#11427=CARTESIAN_POINT('Ctrl Pts',(-0.16,0.169223320124512,0.0980379060673928));
#11428=CARTESIAN_POINT('Origin',(-0.316217301000313,0.170000000000001,0.208));
#11429=CARTESIAN_POINT('Origin',(-0.16,0.170000000000001,0.207999999999999));
#11430=CARTESIAN_POINT('Ctrl Pts',(-0.118858621193334,0.129300927498527,
0.114520268732821));
#11431=CARTESIAN_POINT('Ctrl Pts',(-0.118868719458639,0.128066044045426,
0.111684110243044));
#11432=CARTESIAN_POINT('Ctrl Pts',(-0.118525659645509,0.130920796812904,
0.110543263759931));
#11433=CARTESIAN_POINT('Ctrl Pts',(-0.121464299963205,0.129568410161792,
0.114406547045911));
#11434=CARTESIAN_POINT('Ctrl Pts',(-0.121452111176506,0.128334851114964,
0.111564086233106));
#11435=CARTESIAN_POINT('Ctrl Pts',(-0.12190228849324,0.131280813838978,
0.110398900415659));
#11436=CARTESIAN_POINT('Ctrl Pts',(-0.124139304372479,0.128880484057695,
0.114686076910844));
#11437=CARTESIAN_POINT('Ctrl Pts',(-0.124094135427816,0.127653866580985,
0.111856583900965));
#11438=CARTESIAN_POINT('Ctrl Pts',(-0.125339901579902,0.130365394676844,
0.110744739316076));
#11439=CARTESIAN_POINT('Ctrl Pts',(-0.128260614311243,0.126002776688483,
0.1159831070204));
#11440=CARTESIAN_POINT('Ctrl Pts',(-0.128219647848177,0.124732076240555,
0.113223431362832));
#11441=CARTESIAN_POINT('Ctrl Pts',(-0.130712599955923,0.126474719594905,
0.112422608763819));
#11442=CARTESIAN_POINT('Ctrl Pts',(-0.129632259295778,0.123838877186894,
0.117013007380713));
#11443=CARTESIAN_POINT('Ctrl Pts',(-0.129624095190978,0.122506864462216,
0.114310206110847));
#11444=CARTESIAN_POINT('Ctrl Pts',(-0.132518549714724,0.123538462754889,
0.113776091481338));
#11445=CARTESIAN_POINT('Ctrl Pts',(-0.130235600701427,0.119377665521055,
0.119411026043826));
#11446=CARTESIAN_POINT('Ctrl Pts',(-0.130238462176502,0.117879703724298,
0.116809689613041));
#11447=CARTESIAN_POINT('Ctrl Pts',(-0.133314227713504,0.117474265888771,
0.11701721762815));
#11448=CARTESIAN_POINT('Ctrl Pts',(-0.129448188855728,0.117102844911291,
0.120774420416748));
#11449=CARTESIAN_POINT('Ctrl Pts',(-0.129425098829213,0.115500301298518,
0.118217280830114));
#11450=CARTESIAN_POINT('Ctrl Pts',(-0.132272699415243,0.114402319842288,
0.118887479719982));
#11451=CARTESIAN_POINT('Ctrl Pts',(-0.126195365986219,0.113762959213336,
0.122916781623934));
#11452=CARTESIAN_POINT('Ctrl Pts',(-0.126148438472093,0.11204276343225,
0.120381102787889));
#11453=CARTESIAN_POINT('Ctrl Pts',(-0.128016462946318,0.109940555299917,
0.121831523847179));
#11454=CARTESIAN_POINT('Ctrl Pts',(-0.123728850968154,0.112680727848053,
0.123679427613143));
#11455=CARTESIAN_POINT('Ctrl Pts',(-0.123691614466164,0.110940042114677,
0.121128527636373));
#11456=CARTESIAN_POINT('Ctrl Pts',(-0.124811641708268,0.108524136112084,
0.122877351796614));
#11457=CARTESIAN_POINT('Ctrl Pts',(-0.121136836198917,0.112443335792057,
0.123844755442213));
#11458=CARTESIAN_POINT('Ctrl Pts',(-0.121126732550329,0.110697119443304,
0.121291433508868));
#11459=CARTESIAN_POINT('Ctrl Pts',(-0.121469979857642,0.108213589538687,
0.123103362595384));
#11460=CARTESIAN_POINT('',(-0.118526058394487,0.130917479456593,0.110544591797201));
#11461=CARTESIAN_POINT('Origin',(-0.118526058393454,0.132034122900583,0.11332903203161));
#11462=CARTESIAN_POINT('',(-0.121469580891687,0.108216477482821,0.123101258281591));
#11463=CARTESIAN_POINT('Origin',(-0.121469580891687,0.109981720983312,0.125526936616402));
#11464=CARTESIAN_POINT('Ctrl Pts',(-0.118526058394487,0.130917479456593,
0.110544591797201));
#11465=CARTESIAN_POINT('Ctrl Pts',(-0.121928161933253,0.131280207614625,
0.110399127005154));
#11466=CARTESIAN_POINT('Ctrl Pts',(-0.125432519799753,0.13032806600285,
0.110759229543917));
#11467=CARTESIAN_POINT('Ctrl Pts',(-0.130792433368256,0.126377665964229,
0.112466122452617));
#11468=CARTESIAN_POINT('Ctrl Pts',(-0.132536676874811,0.123457219030637,
0.113817947676582));
#11469=CARTESIAN_POINT('Ctrl Pts',(-0.133298771538864,0.117479689402243,
0.117015900208178));
#11470=CARTESIAN_POINT('Ctrl Pts',(-0.13229143201767,0.114452253627338,
0.11885629025552));
#11471=CARTESIAN_POINT('Ctrl Pts',(-0.128079054207454,0.109985943831927,
0.121799848165185));
#11472=CARTESIAN_POINT('Ctrl Pts',(-0.124894463786777,0.108534761772282,
0.12286963265126));
#11473=CARTESIAN_POINT('Ctrl Pts',(-0.121469580891687,0.108216477482821,
0.123101258281591));
#11474=CARTESIAN_POINT('Ctrl Pts',(-0.121136836525902,0.112443392271618,
0.123844838029705));
#11475=CARTESIAN_POINT('Ctrl Pts',(-0.121126723834712,0.110697674907475,
0.121292064128253));
#11476=CARTESIAN_POINT('Ctrl Pts',(-0.121469889793258,0.108214241254705,
0.12310288725355));
#11477=CARTESIAN_POINT('Ctrl Pts',(-0.118541398352671,0.11220568660994,
0.124010383759252));
#11478=CARTESIAN_POINT('Ctrl Pts',(-0.118552977548685,0.110453921208321,
0.121455527803116));
#11479=CARTESIAN_POINT('Ctrl Pts',(-0.118125124038305,0.107903413480146,
0.123329099065889));
#11480=CARTESIAN_POINT('Ctrl Pts',(-0.115851786490344,0.112806887067795,
0.123576922451369));
#11481=CARTESIAN_POINT('Ctrl Pts',(-0.115896860707212,0.111062501550652,
0.121035151896904));
#11482=CARTESIAN_POINT('Ctrl Pts',(-0.114638902208954,0.108686869460645,
0.1227348955165));
#11483=CARTESIAN_POINT('Ctrl Pts',(-0.111755029025433,0.115426233095616,
0.121834395230951));
#11484=CARTESIAN_POINT('Ctrl Pts',(-0.11179586674154,0.113764112576057,
0.11929181354888));
#11485=CARTESIAN_POINT('Ctrl Pts',(-0.109310228153663,0.112156373047431,
0.120344122270619));
#11486=CARTESIAN_POINT('Ctrl Pts',(-0.11037091056764,0.117455481004925,
0.120544411580971));
#11487=CARTESIAN_POINT('Ctrl Pts',(-0.110379225326811,0.115874163032431,
0.117980266228311));
#11488=CARTESIAN_POINT('Ctrl Pts',(-0.107486394213959,0.114873101183729,
0.118569851837353));
#11489=CARTESIAN_POINT('Ctrl Pts',(-0.109763871808429,0.121840307544163,
0.118048889992303));
#11490=CARTESIAN_POINT('Ctrl Pts',(-0.109761109900581,0.120432377402085,
0.115398563320947));
#11491=CARTESIAN_POINT('Ctrl Pts',(-0.106685902546843,0.120817315032605,
0.115167947812371));
#11492=CARTESIAN_POINT('Ctrl Pts',(-0.110529936014882,0.124196068843968,
0.116848909843267));
#11493=CARTESIAN_POINT('Ctrl Pts',(-0.110553070403715,0.122881371203248,
0.114133668678215));
#11494=CARTESIAN_POINT('Ctrl Pts',(-0.107699415263526,0.124023063285615,
0.113562495839029));
#11495=CARTESIAN_POINT('Ctrl Pts',(-0.113818995575314,0.127830200232265,
0.115137074960546));
#11496=CARTESIAN_POINT('Ctrl Pts',(-0.113866252798226,0.126597217765681,
0.11233252422198));
#11497=CARTESIAN_POINT('Ctrl Pts',(-0.11200284379359,0.128947994018027,
0.111319838628444));
#11498=CARTESIAN_POINT('Ctrl Pts',(-0.116244126899028,0.129032579901874,
0.114634466461134));
#11499=CARTESIAN_POINT('Ctrl Pts',(-0.116281530933235,0.127797080589696,
0.111805113805935));
#11500=CARTESIAN_POINT('Ctrl Pts',(-0.115147816517696,0.130559892235886,
0.11068798528052));
#11501=CARTESIAN_POINT('Ctrl Pts',(-0.118858620867322,0.129300967442116,
0.114520360466939));
#11502=CARTESIAN_POINT('Ctrl Pts',(-0.118868728170252,0.128066283039546,
0.111684915912894));
#11503=CARTESIAN_POINT('Ctrl Pts',(-0.118525749661712,0.130920047797758,
0.110543563207525));
#11504=CARTESIAN_POINT('Ctrl Pts',(-0.121469580891687,0.108216477482821,
0.123101258281591));
#11505=CARTESIAN_POINT('Ctrl Pts',(-0.118047454077569,0.107898449323948,
0.123332697517521));
#11506=CARTESIAN_POINT('Ctrl Pts',(-0.114518552217956,0.108731152420203,
0.122702297412848));
#11507=CARTESIAN_POINT('Ctrl Pts',(-0.10922439218658,0.112253638853979,
0.120279263997639));
#11508=CARTESIAN_POINT('Ctrl Pts',(-0.107461934897684,0.11496385288932,
0.118515795718256));
#11509=CARTESIAN_POINT('Ctrl Pts',(-0.106702672595134,0.120826609573724,
0.115164780504862));
#11510=CARTESIAN_POINT('Ctrl Pts',(-0.107685951119886,0.123979483642295,
0.113583809926234));
#11511=CARTESIAN_POINT('Ctrl Pts',(-0.11194185054843,0.128897849633118,
0.111341228493771));
#11512=CARTESIAN_POINT('Ctrl Pts',(-0.11512669260563,0.130555043194139,
0.110689939530427));
#11513=CARTESIAN_POINT('Ctrl Pts',(-0.118526058394487,0.130917479456593,
0.110544591797201));
#11514=CARTESIAN_POINT('Ctrl Pts',(-0.118858621193309,0.210699072501477,
0.301479731267188));
#11515=CARTESIAN_POINT('Ctrl Pts',(-0.118868719458612,0.211933955954566,
0.304315889756962));
#11516=CARTESIAN_POINT('Ctrl Pts',(-0.118525659645481,0.209079203187094,
0.30545673624007));
#11517=CARTESIAN_POINT('Ctrl Pts',(-0.12146429996324,0.210431589838196,
0.301593452954081));
#11518=CARTESIAN_POINT('Ctrl Pts',(-0.12145211117654,0.211665148884993,
0.30443591376688));
#11519=CARTESIAN_POINT('Ctrl Pts',(-0.121902288493214,0.20871918616101,
0.305601099584346));
#11520=CARTESIAN_POINT('Ctrl Pts',(-0.124139304372399,0.211119515942267,
0.301313923089184));
#11521=CARTESIAN_POINT('Ctrl Pts',(-0.124094135427744,0.212346133418956,
0.304143416099058));
#11522=CARTESIAN_POINT('Ctrl Pts',(-0.125339901579881,0.209634605323148,
0.305255260683927));
#11523=CARTESIAN_POINT('Ctrl Pts',(-0.128260614311275,0.213997223311549,
0.300016892979596));
#11524=CARTESIAN_POINT('Ctrl Pts',(-0.128219647848216,0.215267923759478,
0.302776568637161));
#11525=CARTESIAN_POINT('Ctrl Pts',(-0.130712599955892,0.21352528040508,
0.303577391236187));
#11526=CARTESIAN_POINT('Ctrl Pts',(-0.129632259295814,0.216161122813154,
0.298986992619271));
#11527=CARTESIAN_POINT('Ctrl Pts',(-0.129624095191016,0.217493135537827,
0.301689793889129));
#11528=CARTESIAN_POINT('Ctrl Pts',(-0.13251854971475,0.216461537245079,
0.302223908518678));
#11529=CARTESIAN_POINT('Ctrl Pts',(-0.130235600701426,0.220622334478828,
0.296588973956249));
#11530=CARTESIAN_POINT('Ctrl Pts',(-0.130238462176516,0.222120296275581,
0.299190310387029));
#11531=CARTESIAN_POINT('Ctrl Pts',(-0.133314227713518,0.222525734111197,
0.298982782371868));
#11532=CARTESIAN_POINT('Ctrl Pts',(-0.129448188855605,0.222897155088737,
0.295225579583251));
#11533=CARTESIAN_POINT('Ctrl Pts',(-0.129425098829097,0.224499698701508,
0.297782719169884));
#11534=CARTESIAN_POINT('Ctrl Pts',(-0.132272699415144,0.225597680157692,
0.29711252028003));
#11535=CARTESIAN_POINT('Ctrl Pts',(-0.12619536598621,0.226237040786706,
0.293083218376048));
#11536=CARTESIAN_POINT('Ctrl Pts',(-0.126148438472097,0.227957236567794,
0.295618897212073));
#11537=CARTESIAN_POINT('Ctrl Pts',(-0.128016462946365,0.230059444700086,
0.294168476152819));
#11538=CARTESIAN_POINT('Ctrl Pts',(-0.123728850968205,0.227319272152004,
0.292320572386838));
#11539=CARTESIAN_POINT('Ctrl Pts',(-0.123691614466217,0.229059957885377,
0.294871472363599));
#11540=CARTESIAN_POINT('Ctrl Pts',(-0.124811641708301,0.231475863887983,
0.293122648203337));
#11541=CARTESIAN_POINT('Ctrl Pts',(-0.121136836198984,0.227556664207954,
0.292155244557791));
#11542=CARTESIAN_POINT('Ctrl Pts',(-0.121126732550398,0.229302880556711,
0.294708566491125));
#11543=CARTESIAN_POINT('Ctrl Pts',(-0.121469979857653,0.231786410461326,
0.292896637404607));
#11544=CARTESIAN_POINT('',(-0.118526058394441,0.20908252054341,0.305455408202798));
#11545=CARTESIAN_POINT('Origin',(-0.118526058393426,0.207965877099417,0.30267096796839));
#11546=CARTESIAN_POINT('',(-0.121469580891698,0.23178352251719,0.292898741718401));
#11547=CARTESIAN_POINT('Origin',(-0.121469580891698,0.230018279016699,0.29047306338359));
#11548=CARTESIAN_POINT('Ctrl Pts',(-0.118526058394441,0.20908252054341,
0.305455408202798));
#11549=CARTESIAN_POINT('Ctrl Pts',(-0.121928161933205,0.208719792385372,
0.305600872994847));
#11550=CARTESIAN_POINT('Ctrl Pts',(-0.125432519799708,0.209671933997139,
0.305240770456087));
#11551=CARTESIAN_POINT('Ctrl Pts',(-0.130792433368226,0.213622334035746,
0.303533877547394));
#11552=CARTESIAN_POINT('Ctrl Pts',(-0.132536676874837,0.216542780969324,
0.302182052323437));
#11553=CARTESIAN_POINT('Ctrl Pts',(-0.133298771538874,0.222520310597718,
0.298984099791845));
#11554=CARTESIAN_POINT('Ctrl Pts',(-0.132291432017587,0.225547746372617,
0.297143709744509));
#11555=CARTESIAN_POINT('Ctrl Pts',(-0.128079054207483,0.230014056168093,
0.294200151834802));
#11556=CARTESIAN_POINT('Ctrl Pts',(-0.124894463786802,0.231465238227781,
0.293130367348694));
#11557=CARTESIAN_POINT('Ctrl Pts',(-0.121469580891698,0.23178352251719,
0.292898741718401));
#11558=CARTESIAN_POINT('Ctrl Pts',(-0.121136836525968,0.227556607728384,
0.292155161970284));
#11559=CARTESIAN_POINT('Ctrl Pts',(-0.12112672383478,0.22930232509252,0.294707935871742));
#11560=CARTESIAN_POINT('Ctrl Pts',(-0.121469889793269,0.231785758745301,
0.292897112746446));
#11561=CARTESIAN_POINT('Ctrl Pts',(-0.118541398352572,0.227794313390045,
0.291989616240767));
#11562=CARTESIAN_POINT('Ctrl Pts',(-0.118552977548591,0.229546078791668,
0.29454447219689));
#11563=CARTESIAN_POINT('Ctrl Pts',(-0.118125124038298,0.232096586519821,
0.292670900934135));
#11564=CARTESIAN_POINT('Ctrl Pts',(-0.11585178649049,0.227193112932245,
0.2924230775486));
#11565=CARTESIAN_POINT('Ctrl Pts',(-0.115896860707354,0.228937498449384,
0.294964848103066));
#11566=CARTESIAN_POINT('Ctrl Pts',(-0.11463890220903,0.231313130539338,
0.293265104483512));
#11567=CARTESIAN_POINT('Ctrl Pts',(-0.111755029025374,0.224573766904341,
0.294165604769064));
#11568=CARTESIAN_POINT('Ctrl Pts',(-0.111795866741492,0.226235887423894,
0.296708186451143));
#11569=CARTESIAN_POINT('Ctrl Pts',(-0.109310228153728,0.227843626952612,
0.295655877729351));
#11570=CARTESIAN_POINT('Ctrl Pts',(-0.110370910567591,0.222544518994977,
0.295455588419076));
#11571=CARTESIAN_POINT('Ctrl Pts',(-0.110379225326763,0.224125836967472,
0.29801973377174));
#11572=CARTESIAN_POINT('Ctrl Pts',(-0.107486394213935,0.22512689881637,
0.297430148162586));
#11573=CARTESIAN_POINT('Ctrl Pts',(-0.109763871808422,0.218159692456131,
0.297951110007523));
#11574=CARTESIAN_POINT('Ctrl Pts',(-0.109761109900586,0.219567622598214,
0.300601436678872));
#11575=CARTESIAN_POINT('Ctrl Pts',(-0.106685902546827,0.219182684967515,
0.300832052187565));
#11576=CARTESIAN_POINT('Ctrl Pts',(-0.110529936015142,0.21580393115603,
0.299151090156729));
#11577=CARTESIAN_POINT('Ctrl Pts',(-0.110553070403968,0.21711862879674,
0.301866331321775));
#11578=CARTESIAN_POINT('Ctrl Pts',(-0.107699415263692,0.215976936714556,
0.302437504160892));
#11579=CARTESIAN_POINT('Ctrl Pts',(-0.11381899557533,0.212169799767613,
0.300862925039506));
#11580=CARTESIAN_POINT('Ctrl Pts',(-0.113866252798258,0.213402782234203,
0.303667475778071));
#11581=CARTESIAN_POINT('Ctrl Pts',(-0.112002843793512,0.211052005981914,
0.304680161371584));
#11582=CARTESIAN_POINT('Ctrl Pts',(-0.116244126898844,0.210967420098144,
0.30136553353885));
#11583=CARTESIAN_POINT('Ctrl Pts',(-0.116281530933046,0.212202919410337,
0.304194886194046));
#11584=CARTESIAN_POINT('Ctrl Pts',(-0.115147816517639,0.20944010776414,
0.305312014719469));
#11585=CARTESIAN_POINT('Ctrl Pts',(-0.118858620867281,0.210699032557883,
0.301479639533053));
#11586=CARTESIAN_POINT('Ctrl Pts',(-0.118868728170212,0.21193371696046,
0.304315084087096));
#11587=CARTESIAN_POINT('Ctrl Pts',(-0.118525749661668,0.209079952202251,
0.305456436792472));
#11588=CARTESIAN_POINT('Ctrl Pts',(-0.121469580891698,0.23178352251719,
0.292898741718401));
#11589=CARTESIAN_POINT('Ctrl Pts',(-0.11804745407757,0.23210155067601,0.292667302482509));
#11590=CARTESIAN_POINT('Ctrl Pts',(-0.114518552218032,0.231268847579782,
0.293297702587162));
#11591=CARTESIAN_POINT('Ctrl Pts',(-0.10922439218663,0.227746361146068,
0.295720736002329));
#11592=CARTESIAN_POINT('Ctrl Pts',(-0.107461934897653,0.225036147110756,
0.297484204281697));
#11593=CARTESIAN_POINT('Ctrl Pts',(-0.106702672595107,0.219173390426405,
0.300835219495068));
#11594=CARTESIAN_POINT('Ctrl Pts',(-0.107685951120068,0.216020516357859,
0.302416190073694));
#11595=CARTESIAN_POINT('Ctrl Pts',(-0.111941850548334,0.211102150366831,
0.304658771506254));
#11596=CARTESIAN_POINT('Ctrl Pts',(-0.115126692605588,0.209444956805869,
0.305310060469569));
#11597=CARTESIAN_POINT('Ctrl Pts',(-0.118526058394441,0.20908252054341,
0.305455408202798));
#11598=CARTESIAN_POINT('Ctrl Pts',(-0.118858621193206,0.0765202687328219,
0.24869907250148));
#11599=CARTESIAN_POINT('Ctrl Pts',(-0.118868719458511,0.07368411024304,
0.249933955954581));
#11600=CARTESIAN_POINT('Ctrl Pts',(-0.118525659645366,0.0725432637599317,
0.247079203187098));
#11601=CARTESIAN_POINT('Ctrl Pts',(-0.121464299963213,0.0764065470459077,
0.248431589838188));
#11602=CARTESIAN_POINT('Ctrl Pts',(-0.121452111176518,0.0735640862330968,
0.249665148885006));
#11603=CARTESIAN_POINT('Ctrl Pts',(-0.121902288493107,0.0723989004156528,
0.246719186161006));
#11604=CARTESIAN_POINT('Ctrl Pts',(-0.124139304372298,0.0766860769107888,
0.249119515942192));
#11605=CARTESIAN_POINT('Ctrl Pts',(-0.124094135427638,0.0738565839009065,
0.250346133418895));
#11606=CARTESIAN_POINT('Ctrl Pts',(-0.125339901579776,0.0727447393160409,
0.247634605323069));
#11607=CARTESIAN_POINT('Ctrl Pts',(-0.128260614311204,0.0779831070203825,
0.251997223311479));
#11608=CARTESIAN_POINT('Ctrl Pts',(-0.128219647848139,0.0752234313628069,
0.253267923759412));
#11609=CARTESIAN_POINT('Ctrl Pts',(-0.130712599955821,0.0744226087637774,
0.251525280405001));
#11610=CARTESIAN_POINT('Ctrl Pts',(-0.129632259295839,0.07901300738073,
0.254161122813127));
#11611=CARTESIAN_POINT('Ctrl Pts',(-0.12962409519105,0.0763102061108586,
0.255493135537803));
#11612=CARTESIAN_POINT('Ctrl Pts',(-0.132518549714783,0.0757760914812688,
0.254461537244969));
#11613=CARTESIAN_POINT('Ctrl Pts',(-0.130235600701425,0.0814110260436429,
0.258622334478622));
#11614=CARTESIAN_POINT('Ctrl Pts',(-0.130238462176492,0.0788096896128526,
0.260120296275378));
#11615=CARTESIAN_POINT('Ctrl Pts',(-0.133314227713517,0.0790172176280617,
0.260525734111074));
#11616=CARTESIAN_POINT('Ctrl Pts',(-0.129448188855562,0.0827744204167771,
0.260897155088755));
#11617=CARTESIAN_POINT('Ctrl Pts',(-0.129425098829056,0.0802172808301455,
0.262499698701529));
#11618=CARTESIAN_POINT('Ctrl Pts',(-0.132272699415203,0.0808874797199121,
0.263597680157601));
#11619=CARTESIAN_POINT('Ctrl Pts',(-0.126195365986379,0.0849167816238786,
0.26423704078659));
#11620=CARTESIAN_POINT('Ctrl Pts',(-0.126148438472249,0.0823811027878304,
0.26595723656768));
#11621=CARTESIAN_POINT('Ctrl Pts',(-0.128016462946481,0.0838315238471508,
0.268059444700044));
#11622=CARTESIAN_POINT('Ctrl Pts',(-0.123728850968146,0.0856794276131366,
0.265319272151959));
#11623=CARTESIAN_POINT('Ctrl Pts',(-0.123691614466154,0.0831285276363278,
0.26705995788533));
#11624=CARTESIAN_POINT('Ctrl Pts',(-0.124811641708307,0.0848773517966239,
0.269475863887929));
#11625=CARTESIAN_POINT('Ctrl Pts',(-0.121136836198991,0.0858447554422089,
0.26555666420794));
#11626=CARTESIAN_POINT('Ctrl Pts',(-0.121126732550403,0.083291433508861,
0.267302880556697));
#11627=CARTESIAN_POINT('Ctrl Pts',(-0.121469979857714,0.0851033625953852,
0.269786410461314));
#11628=CARTESIAN_POINT('',(-0.118526058394344,0.0725445917972046,0.247082520543415));
#11629=CARTESIAN_POINT('Origin',(-0.118526058393311,0.0753290320316131,
0.245965877099424));
#11630=CARTESIAN_POINT('',(-0.121469580891758,0.0851012582815882,0.269783522517176));
#11631=CARTESIAN_POINT('Origin',(-0.121469580891758,0.0875269366164001,
0.268018279016685));
#11632=CARTESIAN_POINT('Ctrl Pts',(-0.118526058394344,0.0725445917972046,
0.247082520543415));
#11633=CARTESIAN_POINT('Ctrl Pts',(-0.121928161933105,0.0723991270051521,
0.246719792385369));
#11634=CARTESIAN_POINT('Ctrl Pts',(-0.125432519799628,0.0727592295438876,
0.247671933997075));
#11635=CARTESIAN_POINT('Ctrl Pts',(-0.130792433368146,0.0744661224525733,
0.251622334035673));
#11636=CARTESIAN_POINT('Ctrl Pts',(-0.132536676874857,0.0758179476765094,
0.254542780969216));
#11637=CARTESIAN_POINT('Ctrl Pts',(-0.133298771538881,0.0790159002080959,
0.260520310597615));
#11638=CARTESIAN_POINT('Ctrl Pts',(-0.132291432017625,0.080856290255444,
0.263547746372542));
#11639=CARTESIAN_POINT('Ctrl Pts',(-0.128079054207606,0.0837998481651588,
0.268014056168037));
#11640=CARTESIAN_POINT('Ctrl Pts',(-0.124894463786864,0.0848696326512579,
0.269465238227715));
#11641=CARTESIAN_POINT('Ctrl Pts',(-0.121469580891758,0.0851012582815882,
0.269783522517176));
#11642=CARTESIAN_POINT('Ctrl Pts',(-0.121136836525976,0.0858448380297045,
0.265556607728377));
#11643=CARTESIAN_POINT('Ctrl Pts',(-0.121126723834786,0.0832920641282489,
0.26730232509252));
#11644=CARTESIAN_POINT('Ctrl Pts',(-0.12146988979333,0.0851028872535482,
0.269785758745292));
#11645=CARTESIAN_POINT('Ctrl Pts',(-0.118541398352565,0.0860103837592567,
0.265794313390074));
#11646=CARTESIAN_POINT('Ctrl Pts',(-0.118552977548583,0.0834555278031237,
0.267546078791703));
#11647=CARTESIAN_POINT('Ctrl Pts',(-0.11812512403834,0.0853290990658946,
0.270096586519861));
#11648=CARTESIAN_POINT('Ctrl Pts',(-0.115851786490585,0.0855769224514397,
0.265193112932299));
#11649=CARTESIAN_POINT('Ctrl Pts',(-0.115896860707441,0.0830351518969855,
0.266937498449448));
#11650=CARTESIAN_POINT('Ctrl Pts',(-0.114638902209067,0.0847348955165111,
0.26931313053937));
#11651=CARTESIAN_POINT('Ctrl Pts',(-0.111755029025341,0.0838343952309033,
0.262573766904317));
#11652=CARTESIAN_POINT('Ctrl Pts',(-0.111795866741455,0.0812918135488131,
0.264235887423868));
#11653=CARTESIAN_POINT('Ctrl Pts',(-0.109310228153738,0.082344122270648,
0.265843626952611));
#11654=CARTESIAN_POINT('Ctrl Pts',(-0.110370910567582,0.0825444115810776,
0.260544518995259));
#11655=CARTESIAN_POINT('Ctrl Pts',(-0.11037922532676,0.0799802662284144,
0.262125836967764));
#11656=CARTESIAN_POINT('Ctrl Pts',(-0.107486394213884,0.0805698518374546,
0.263126898816438));
#11657=CARTESIAN_POINT('Ctrl Pts',(-0.109763871808451,0.0800488899924012,
0.256159692456008));
#11658=CARTESIAN_POINT('Ctrl Pts',(-0.109761109900599,0.0773985633210537,
0.257567622598091));
#11659=CARTESIAN_POINT('Ctrl Pts',(-0.106685902546871,0.0771679478124299,
0.257182684967507));
#11660=CARTESIAN_POINT('Ctrl Pts',(-0.110529936014937,0.0788489098433009,
0.253803931156097));
#11661=CARTESIAN_POINT('Ctrl Pts',(-0.110553070403769,0.0761336686782513,
0.255118628796817));
#11662=CARTESIAN_POINT('Ctrl Pts',(-0.107699415263549,0.0755624958390945,
0.253976936714522));
#11663=CARTESIAN_POINT('Ctrl Pts',(-0.113818995575237,0.0771370749605545,
0.250169799767754));
#11664=CARTESIAN_POINT('Ctrl Pts',(-0.113866252798149,0.0743325242219859,
0.25140278223434));
#11665=CARTESIAN_POINT('Ctrl Pts',(-0.112002843793445,0.0733198386284703,
0.249052005982036));
#11666=CARTESIAN_POINT('Ctrl Pts',(-0.11624412689889,0.0766344664611516,
0.24896742009814));
#11667=CARTESIAN_POINT('Ctrl Pts',(-0.116281530933099,0.0738051138059585,
0.250202919410336));
#11668=CARTESIAN_POINT('Ctrl Pts',(-0.115147816517563,0.0726879852805332,
0.247440107764146));
#11669=CARTESIAN_POINT('Ctrl Pts',(-0.118858620867193,0.0765203604669437,
0.24869903255789));
#11670=CARTESIAN_POINT('Ctrl Pts',(-0.118868728170122,0.0736849159128971,
0.249933716960462));
#11671=CARTESIAN_POINT('Ctrl Pts',(-0.118525749661569,0.0725435632075279,
0.247079952202249));
#11672=CARTESIAN_POINT('Ctrl Pts',(-0.121469580891758,0.0851012582815882,
0.269783522517176));
#11673=CARTESIAN_POINT('Ctrl Pts',(-0.118047454077625,0.0853326975175184,
0.270101550676047));
#11674=CARTESIAN_POINT('Ctrl Pts',(-0.114518552218078,0.0847022974128545,
0.269268847579804));
#11675=CARTESIAN_POINT('Ctrl Pts',(-0.109224392186642,0.0822792639976711,
0.265746361146068));
#11676=CARTESIAN_POINT('Ctrl Pts',(-0.107461934897605,0.0805157957183443,
0.263036147110825));
#11677=CARTESIAN_POINT('Ctrl Pts',(-0.106702672595164,0.0771647805049268,
0.257173390426398));
#11678=CARTESIAN_POINT('Ctrl Pts',(-0.1076859511199,0.0755838099263038,
0.25402051635785));
#11679=CARTESIAN_POINT('Ctrl Pts',(-0.111941850548303,0.0733412284937915,
0.249102150366934));
#11680=CARTESIAN_POINT('Ctrl Pts',(-0.11512669260549,0.0726899395304366,
0.247444956805883));
#11681=CARTESIAN_POINT('Ctrl Pts',(-0.118526058394344,0.0725445917972046,
0.247082520543415));
#11682=CARTESIAN_POINT('Ctrl Pts',(-0.118858621193203,0.263479731267178,
0.167300927498517));
#11683=CARTESIAN_POINT('Ctrl Pts',(-0.118868719458508,0.266315889756962,
0.166066044045417));
#11684=CARTESIAN_POINT('Ctrl Pts',(-0.118525659645353,0.267456736240068,
0.1689207968129));
#11685=CARTESIAN_POINT('Ctrl Pts',(-0.121464299963137,0.263593452954094,
0.16756841016181));
#11686=CARTESIAN_POINT('Ctrl Pts',(-0.121452111176438,0.266435913766901,
0.16633485111499));
#11687=CARTESIAN_POINT('Ctrl Pts',(-0.12190228849308,0.26760109958435,0.169280813839));
#11688=CARTESIAN_POINT('Ctrl Pts',(-0.124139304372353,0.263313923089192,
0.166880484057774));
#11689=CARTESIAN_POINT('Ctrl Pts',(-0.124094135427701,0.266143416099074,
0.165653866581076));
#11690=CARTESIAN_POINT('Ctrl Pts',(-0.125339901579773,0.267255260683961,
0.168365394676936));
#11691=CARTESIAN_POINT('Ctrl Pts',(-0.128260614311147,0.262016892979648,
0.164002776688574));
#11692=CARTESIAN_POINT('Ctrl Pts',(-0.128219647848078,0.264776568637225,
0.162732076240635));
#11693=CARTESIAN_POINT('Ctrl Pts',(-0.130712599955811,0.265577391236235,
0.164474719595025));
#11694=CARTESIAN_POINT('Ctrl Pts',(-0.129632259295684,0.260986992619381,
0.161838877187068));
#11695=CARTESIAN_POINT('Ctrl Pts',(-0.129624095190881,0.263689793889251,
0.160506864462391));
#11696=CARTESIAN_POINT('Ctrl Pts',(-0.132518549714637,0.264223908518728,
0.161538462755022));
#11697=CARTESIAN_POINT('Ctrl Pts',(-0.130235600701452,0.258588973956171,
0.157377665521038));
#11698=CARTESIAN_POINT('Ctrl Pts',(-0.130238462176534,0.261190310386965,
0.155879703724282));
#11699=CARTESIAN_POINT('Ctrl Pts',(-0.133314227713525,0.260982782371926,
0.155474265888902));
#11700=CARTESIAN_POINT('Ctrl Pts',(-0.129448188855681,0.25722557958326,
0.155102844911297));
#11701=CARTESIAN_POINT('Ctrl Pts',(-0.129425098829169,0.259782719169895,
0.153500301298523));
#11702=CARTESIAN_POINT('Ctrl Pts',(-0.132272699415266,0.259112520280074,
0.152402319842377));
#11703=CARTESIAN_POINT('Ctrl Pts',(-0.126195365986341,0.255083218376113,
0.151762959213402));
#11704=CARTESIAN_POINT('Ctrl Pts',(-0.126148438472216,0.257618897212162,
0.150042763432311));
#11705=CARTESIAN_POINT('Ctrl Pts',(-0.128016462946445,0.256168476152855,
0.147940555299964));
#11706=CARTESIAN_POINT('Ctrl Pts',(-0.123728850968131,0.254320572386881,
0.150680727848067));
#11707=CARTESIAN_POINT('Ctrl Pts',(-0.12369161446614,0.25687147236366,0.14894004211469));
#11708=CARTESIAN_POINT('Ctrl Pts',(-0.124811641708269,0.255122648203397,
0.146524136112098));
#11709=CARTESIAN_POINT('Ctrl Pts',(-0.121136836198925,0.254155244557794,
0.150443335792062));
#11710=CARTESIAN_POINT('Ctrl Pts',(-0.121126732550337,0.256708566491142,
0.148697119443304));
#11711=CARTESIAN_POINT('Ctrl Pts',(-0.121469979857674,0.254896637404618,
0.14621358953869));
#11712=CARTESIAN_POINT('',(-0.118526058394332,0.267455408202795,0.168917479456582));
#11713=CARTESIAN_POINT('Origin',(-0.118526058393299,0.264670967968386,0.170034122900572));
#11714=CARTESIAN_POINT('',(-0.121469580891718,0.254898741718416,0.14621647748283));
#11715=CARTESIAN_POINT('Origin',(-0.121469580891718,0.252473063383604,0.14798172098332));
#11716=CARTESIAN_POINT('Ctrl Pts',(-0.118526058394332,0.267455408202795,
0.168917479456582));
#11717=CARTESIAN_POINT('Ctrl Pts',(-0.121928161933093,0.267600872994852,
0.169280207614638));
#11718=CARTESIAN_POINT('Ctrl Pts',(-0.125432519799622,0.267240770456116,
0.168328066002933));
#11719=CARTESIAN_POINT('Ctrl Pts',(-0.13079243336814,0.265533877547436,
0.164377665964346));
#11720=CARTESIAN_POINT('Ctrl Pts',(-0.132536676874711,0.264182052323483,
0.161457219030768));
#11721=CARTESIAN_POINT('Ctrl Pts',(-0.133298771538886,0.260984099791894,
0.155479689402367));
#11722=CARTESIAN_POINT('Ctrl Pts',(-0.132291432017697,0.259143709744548,
0.152452253627444));
#11723=CARTESIAN_POINT('Ctrl Pts',(-0.128079054207561,0.256200151834841,
0.147985943831963));
#11724=CARTESIAN_POINT('Ctrl Pts',(-0.124894463786828,0.255130367348764,
0.146534761772315));
#11725=CARTESIAN_POINT('Ctrl Pts',(-0.121469580891718,0.254898741718416,
0.14621647748283));
#11726=CARTESIAN_POINT('Ctrl Pts',(-0.12113683652591,0.254155161970296,
0.150443392271627));
#11727=CARTESIAN_POINT('Ctrl Pts',(-0.12112672383472,0.256707935871755,
0.148697674907486));
#11728=CARTESIAN_POINT('Ctrl Pts',(-0.121469889793289,0.254897112746456,
0.146214241254714));
#11729=CARTESIAN_POINT('Ctrl Pts',(-0.118541398352622,0.253989616240742,
0.150205686609921));
#11730=CARTESIAN_POINT('Ctrl Pts',(-0.11855297754864,0.256544472196877,
0.148453921208288));
#11731=CARTESIAN_POINT('Ctrl Pts',(-0.118125124038325,0.254670900934094,
0.145903413480122));
#11732=CARTESIAN_POINT('Ctrl Pts',(-0.115851786490506,0.254423077548592,
0.150806887067741));
#11733=CARTESIAN_POINT('Ctrl Pts',(-0.115896860707366,0.256964848103057,
0.149062501550597));
#11734=CARTESIAN_POINT('Ctrl Pts',(-0.114638902209022,0.255265104483506,
0.146686869460654));
#11735=CARTESIAN_POINT('Ctrl Pts',(-0.111755029025357,0.25616560476908,
0.153426233095675));
#11736=CARTESIAN_POINT('Ctrl Pts',(-0.111795866741473,0.258708186451166,
0.15176411257612));
#11737=CARTESIAN_POINT('Ctrl Pts',(-0.109310228153717,0.257655877729358,
0.150156373047398));
#11738=CARTESIAN_POINT('Ctrl Pts',(-0.11037091056763,0.257455588418926,
0.155455481004752));
#11739=CARTESIAN_POINT('Ctrl Pts',(-0.110379225326811,0.26001973377159,
0.153874163032257));
#11740=CARTESIAN_POINT('Ctrl Pts',(-0.107486394213936,0.259430148162579,
0.152873101183617));
#11741=CARTESIAN_POINT('Ctrl Pts',(-0.109763871808441,0.259951110007668,
0.159840307544122));
#11742=CARTESIAN_POINT('Ctrl Pts',(-0.109761109900592,0.262601436679027,
0.158432377402037));
#11743=CARTESIAN_POINT('Ctrl Pts',(-0.106685902546864,0.262832052187593,
0.158817315032535));
#11744=CARTESIAN_POINT('Ctrl Pts',(-0.110529936014778,0.261151090156649,
0.162196068843806));
#11745=CARTESIAN_POINT('Ctrl Pts',(-0.110553070403614,0.263866331321705,
0.160881371203079));
#11746=CARTESIAN_POINT('Ctrl Pts',(-0.107699415263491,0.264437504160926,
0.162023063285523));
#11747=CARTESIAN_POINT('Ctrl Pts',(-0.113818995575303,0.262862925039451,
0.165830200232266));
#11748=CARTESIAN_POINT('Ctrl Pts',(-0.113866252798217,0.265667475778016,
0.164597217765673));
#11749=CARTESIAN_POINT('Ctrl Pts',(-0.112002843793479,0.266680161371507,
0.166947994017913));
#11750=CARTESIAN_POINT('Ctrl Pts',(-0.116244126898816,0.263365533538859,
0.167032579901835));
#11751=CARTESIAN_POINT('Ctrl Pts',(-0.116281530933026,0.266194886194069,
0.165797080589618));
#11752=CARTESIAN_POINT('Ctrl Pts',(-0.115147816517524,0.267312014719462,
0.168559892235841));
#11753=CARTESIAN_POINT('Ctrl Pts',(-0.11885862086719,0.263479639533053,
0.167300967442109));
#11754=CARTESIAN_POINT('Ctrl Pts',(-0.118868728170121,0.266315084087101,
0.166066283039533));
#11755=CARTESIAN_POINT('Ctrl Pts',(-0.118525749661558,0.267456436792471,
0.168920047797747));
#11756=CARTESIAN_POINT('Ctrl Pts',(-0.121469580891718,0.254898741718416,
0.14621647748283));
#11757=CARTESIAN_POINT('Ctrl Pts',(-0.118047454077582,0.254667302482468,
0.145898449323933));
#11758=CARTESIAN_POINT('Ctrl Pts',(-0.114518552218028,0.25529770258716,
0.146731152420215));
#11759=CARTESIAN_POINT('Ctrl Pts',(-0.109224392186613,0.257720736002343,
0.150253638853953));
#11760=CARTESIAN_POINT('Ctrl Pts',(-0.107461934897655,0.25948420428169,
0.15296385288923));
#11761=CARTESIAN_POINT('Ctrl Pts',(-0.106702672595159,0.262835219495099,
0.158826609573649));
#11762=CARTESIAN_POINT('Ctrl Pts',(-0.107685951119845,0.264416190073717,
0.161979483642194));
#11763=CARTESIAN_POINT('Ctrl Pts',(-0.111941850548335,0.266658771506189,
0.166897849633021));
#11764=CARTESIAN_POINT('Ctrl Pts',(-0.11512669260548,0.267310060469558,
0.168555043194103));
#11765=CARTESIAN_POINT('Ctrl Pts',(-0.118526058394332,0.267455408202795,
0.168917479456582));
#11766=CARTESIAN_POINT('Origin',(-0.16,0.377,0.2025));
#11767=CARTESIAN_POINT('',(-0.16,0.275,0.208));
#11768=CARTESIAN_POINT('',(-0.16,0.0650000000000002,0.208));
#11769=CARTESIAN_POINT('Origin',(-0.16,0.17,0.208));
#11770=CARTESIAN_POINT('Origin',(-0.16,0.17,0.208));
#11771=CARTESIAN_POINT('Origin',(-0.16,0.17,0.208));
#11772=CARTESIAN_POINT('',(-0.16,0.0650000000000002,0.208));
#11773=CARTESIAN_POINT('Origin',(0.65,0.754,0.0750000000000003));
#11774=CARTESIAN_POINT('',(0.65,0.77,0.000500000000000334));
#11775=CARTESIAN_POINT('Origin',(0.65,0.77,0.0750000000000003));
#11776=CARTESIAN_POINT('',(0.65,0.754,0.000500000000000347));
#11777=CARTESIAN_POINT('Origin',(0.65,0.77,0.0750000000000003));
#11778=CARTESIAN_POINT('',(0.65,0.78,1.66533453693773E-16));
#11779=CARTESIAN_POINT('Origin',(0.65,0.78,0.0750000000000003));
#11780=CARTESIAN_POINT('',(0.65,0.77,1.66533453693773E-16));
#11781=CARTESIAN_POINT('',(0.65,0.77,3.46944695195361E-16));
#11782=CARTESIAN_POINT('Origin',(0.65,0.77,0.0750000000000003));
#11783=CARTESIAN_POINT('Origin',(0.65,0.78,0.0749999999999999));
#11784=CARTESIAN_POINT('Origin',(0.65,0.77,0.0749999999999999));
#11785=CARTESIAN_POINT('Origin',(0.0899999999999999,0.754000000000001,0.0750000000000003));
#11786=CARTESIAN_POINT('',(0.0899999999999999,0.770000000000001,0.000500000000000334));
#11787=CARTESIAN_POINT('Origin',(0.0899999999999999,0.770000000000001,0.0750000000000003));
#11788=CARTESIAN_POINT('',(0.0899999999999999,0.754000000000001,0.000500000000000347));
#11789=CARTESIAN_POINT('Origin',(0.0899999999999999,0.770000000000001,0.0750000000000003));
#11790=CARTESIAN_POINT('',(0.0899999999999999,0.780000000000001,1.66533453693773E-16));
#11791=CARTESIAN_POINT('Origin',(0.0899999999999999,0.780000000000001,0.0750000000000003));
#11792=CARTESIAN_POINT('',(0.0899999999999999,0.770000000000001,1.66533453693773E-16));
#11793=CARTESIAN_POINT('',(0.0899999999999999,0.770000000000001,3.46944695195361E-16));
#11794=CARTESIAN_POINT('Origin',(0.0899999999999999,0.770000000000001,0.0750000000000003));
#11795=CARTESIAN_POINT('Origin',(0.0899999999999999,0.780000000000001,0.0749999999999999));
#11796=CARTESIAN_POINT('Origin',(0.0899999999999999,0.770000000000001,0.0749999999999999));
#11797=CARTESIAN_POINT('Origin',(0.65,-6.24500451351651E-17,0.0749999999999999));
#11798=CARTESIAN_POINT('',(0.65,-0.016,0.000499999999999889));
#11799=CARTESIAN_POINT('Origin',(0.65,-0.0160000000000001,0.0749999999999999));
#11800=CARTESIAN_POINT('',(0.65,-4.85722573273506E-17,0.000499999999999903));
#11801=CARTESIAN_POINT('Origin',(0.65,-0.0160000000000001,0.0749999999999999));
#11802=CARTESIAN_POINT('',(0.65,-0.0260000000000001,-2.77555756156289E-16));
#11803=CARTESIAN_POINT('Origin',(0.65,-0.0260000000000001,0.0749999999999999));
#11804=CARTESIAN_POINT('',(0.65,-0.016,-2.77555756156289E-16));
#11805=CARTESIAN_POINT('',(0.65,-0.016,-9.71445146547012E-17));
#11806=CARTESIAN_POINT('Origin',(0.65,-0.0160000000000001,0.0749999999999999));
#11807=CARTESIAN_POINT('Origin',(0.65,-0.0260000000000001,0.0749999999999995));
#11808=CARTESIAN_POINT('Origin',(0.65,-0.0160000000000001,0.0749999999999995));
#11809=CARTESIAN_POINT('Origin',(0.0899999999999999,7.45931094670027E-17,
0.0749999999999999));
#11810=CARTESIAN_POINT('',(0.0899999999999999,-0.0159999999999999,0.000499999999999889));
#11811=CARTESIAN_POINT('Origin',(0.0899999999999999,-0.0159999999999999,
0.0749999999999999));
#11812=CARTESIAN_POINT('',(0.0899999999999999,8.84708972748172E-17,0.000499999999999903));
#11813=CARTESIAN_POINT('Origin',(0.0899999999999999,-0.0159999999999999,
0.0749999999999999));
#11814=CARTESIAN_POINT('',(0.0899999999999999,-0.0259999999999999,-2.77555756156289E-16));
#11815=CARTESIAN_POINT('Origin',(0.0899999999999999,-0.0259999999999999,
0.0749999999999999));
#11816=CARTESIAN_POINT('',(0.0899999999999999,-0.0159999999999999,-2.77555756156289E-16));
#11817=CARTESIAN_POINT('',(0.0899999999999999,-0.0159999999999999,-9.71445146547012E-17));
#11818=CARTESIAN_POINT('Origin',(0.0899999999999999,-0.0159999999999999,
0.0749999999999999));
#11819=CARTESIAN_POINT('Origin',(0.0899999999999999,-0.0259999999999999,
0.0749999999999995));
#11820=CARTESIAN_POINT('Origin',(0.0899999999999999,-0.0159999999999999,
0.0749999999999995));
#11821=CARTESIAN_POINT('',(0.,0.,0.));
#11822=CARTESIAN_POINT('',(0.,0.,0.));
#11823=UNCERTAINTY_MEASURE_WITH_UNIT(LENGTH_MEASURE(0.000393700787401575),
#11830,'DISTANCE_ACCURACY_VALUE',
'Maximum model space distance between geometric entities at asserted c
onnectivities');
#11824=UNCERTAINTY_MEASURE_WITH_UNIT(LENGTH_MEASURE(0.000393700787401575),
#11830,'DISTANCE_ACCURACY_VALUE',
'Maximum model space distance between geometric entities at asserted c
onnectivities');
#11825=UNCERTAINTY_MEASURE_WITH_UNIT(LENGTH_MEASURE(0.000393700787401575),
#11830,'DISTANCE_ACCURACY_VALUE',
'Maximum model space distance between geometric entities at asserted c
onnectivities');
#11826=(
GEOMETRIC_REPRESENTATION_CONTEXT(3)
GLOBAL_UNCERTAINTY_ASSIGNED_CONTEXT((#11823))
GLOBAL_UNIT_ASSIGNED_CONTEXT((#11830,#11833,#11834))
REPRESENTATION_CONTEXT('','3D')
);
#11827=(
GEOMETRIC_REPRESENTATION_CONTEXT(3)
GLOBAL_UNCERTAINTY_ASSIGNED_CONTEXT((#11824))
GLOBAL_UNIT_ASSIGNED_CONTEXT((#11830,#11833,#11834))
REPRESENTATION_CONTEXT('','3D')
);
#11828=(
GEOMETRIC_REPRESENTATION_CONTEXT(3)
GLOBAL_UNCERTAINTY_ASSIGNED_CONTEXT((#11825))
GLOBAL_UNIT_ASSIGNED_CONTEXT((#11830,#11833,#11834))
REPRESENTATION_CONTEXT('','3D')
);
#11829=DIMENSIONAL_EXPONENTS(1.,0.,0.,0.,0.,0.,0.);
#11830=(
CONVERSION_BASED_UNIT('inch',#11832)
LENGTH_UNIT()
NAMED_UNIT(#11829)
);
#11831=(
LENGTH_UNIT()
NAMED_UNIT(*)
SI_UNIT(.MILLI.,.METRE.)
);
#11832=LENGTH_MEASURE_WITH_UNIT(LENGTH_MEASURE(25.4),#11831);
#11833=(
NAMED_UNIT(*)
PLANE_ANGLE_UNIT()
SI_UNIT($,.RADIAN.)
);
#11834=(
NAMED_UNIT(*)
SI_UNIT($,.STERADIAN.)
SOLID_ANGLE_UNIT()
);
#11835=SHAPE_DEFINITION_REPRESENTATION(#11837,#11840);
#11836=SHAPE_DEFINITION_REPRESENTATION(#11838,#11841);
#11837=PRODUCT_DEFINITION_SHAPE('',$,#11843);
#11838=PRODUCT_DEFINITION_SHAPE('',$,#11844);
#11839=PRODUCT_DEFINITION_SHAPE($,$,#15);
#11840=SHAPE_REPRESENTATION('',(#4617,#5115),#11826);
#11841=SHAPE_REPRESENTATION('',(#5114),#11827);
#11842=PRODUCT_DEFINITION_CONTEXT('part definition',#11850,'design');
#11843=PRODUCT_DEFINITION('Product','Product',#11845,#11842);
#11844=PRODUCT_DEFINITION('*S2','*S2',#11846,#11842);
#11845=PRODUCT_DEFINITION_FORMATION('',$,#11852);
#11846=PRODUCT_DEFINITION_FORMATION('',$,#11853);
#11847=PRODUCT_RELATED_PRODUCT_CATEGORY('Product','Product',(#11852));
#11848=PRODUCT_RELATED_PRODUCT_CATEGORY('*S2','*S2',(#11853));
#11849=APPLICATION_PROTOCOL_DEFINITION('international standard',
'automotive_design',2009,#11850);
#11850=APPLICATION_CONTEXT(
'Core Data for Automotive Mechanical Design Process');
#11851=PRODUCT_CONTEXT('part definition',#11850,'mechanical');
#11852=PRODUCT('Product','Product',$,(#11851));
#11853=PRODUCT('*S2','*S2',$,(#11851));
#11854=PRESENTATION_STYLE_ASSIGNMENT((#11855));
#11855=SURFACE_STYLE_USAGE(.BOTH.,#11856);
#11856=SURFACE_SIDE_STYLE('',(#11857));
#11857=SURFACE_STYLE_FILL_AREA(#11858);
#11858=FILL_AREA_STYLE('',(#11859));
#11859=FILL_AREA_STYLE_COLOUR('',#11860);
#11860=COLOUR_RGB('',1.,1.,1.);
ENDSEC;
END-ISO-10303-21;
