ISO-10303-21;
HEADER;
FILE_DESCRIPTION (( 'STEP AP203' ),
    '1' );
FILE_NAME ('98952A407_Aluminum Male-Female Threaded Hex Standoff.STEP',
    '2026-01-09T00:17:22',
    ( 'McMaster Carr Supply' ),
    ( 'McMaster Carr Supply' ),
    'SwSTEP 2.0',
    'SolidWorks 2024',
    '' );
FILE_SCHEMA (( 'CONFIG_CONTROL_DESIGN' ));
ENDSEC;

DATA;
#1 = CARTESIAN_POINT ( 'NONE',  ( -17.48075666599056888, 1.728209346468569940, 1.506653605801032469 ) ) ;
#2 = FACE_OUTER_BOUND ( 'NONE', #4575, .T. ) ;
#3 = CARTESIAN_POINT ( 'NONE',  ( -14.52083333333332149, 0.7499999999999995559, -1.299038105676659560 ) ) ;
#4 = ORIENTED_EDGE ( 'NONE', *, *, #5224, .T. ) ;
#5 = CARTESIAN_POINT ( 'NONE',  ( -13.10416666666665542, 0.5876202367904169721, 1.017788105676656452 ) ) ;
#6 = CARTESIAN_POINT ( 'NONE',  ( 16.77083333333333570, 0.5876202367904130863, 1.017788105676651789 ) ) ;
#7 = CARTESIAN_POINT ( 'NONE',  ( 12.85416666666666963, 0.7500000000000002220, -1.299038105676658006 ) ) ;
#8 = DIRECTION ( 'NONE',  ( 1.000000000000000000, 0.000000000000000000, 0.000000000000000000 ) ) ;
#9 = CARTESIAN_POINT ( 'NONE',  ( -11.32670102385148247, 0.6811549392268789749, -0.9637858200463935709 ) ) ;
#10 = CARTESIAN_POINT ( 'NONE',  ( -17.50000000000000355, 0.2199536145622547345, 2.250000000000000000 ) ) ;
#11 = CARTESIAN_POINT ( 'NONE',  ( 14.60416666666666785, 0.5876202367904140855, -1.017788105676651345 ) ) ;
#12 = ORIENTED_EDGE ( 'NONE', *, *, #4785, .T. ) ;
#13 = CARTESIAN_POINT ( 'NONE',  ( -14.12499999999998934, 8.309539638847769097E-17, 1.357050807568875195 ) ) ;
#14 = CARTESIAN_POINT ( 'NONE',  ( 16.29166666666666785, 1.175240473580827727, 0.6785254037844348218 ) ) ;
#15 = CARTESIAN_POINT ( 'NONE',  ( -13.31249999999998757, -2.492861891654330359E-16, -1.357050807568875195 ) ) ;
#16 = CARTESIAN_POINT ( 'NONE',  ( 13.02083333333333570, -0.5876202367904137525, -1.017788105676651345 ) ) ;
#17 = CARTESIAN_POINT ( 'NONE',  ( -12.12500000000000000, -3.181725716174723456E-16, -1.732050807568878747 ) ) ;
#18 = CARTESIAN_POINT ( 'NONE',  ( -15.60267250815408246, 0.4018948532265270712, -1.500016705872617928 ) ) ;
#19 = CARTESIAN_POINT ( 'NONE',  ( -11.93749999999998757, 1.500000000000001332, 0.000000000000000000 ) ) ;
#20 = VERTEX_POINT ( 'NONE', #4838 ) ;
#21 = EDGE_CURVE ( 'NONE', #3480, #1736, #5275, .T. ) ;
#22 =( BOUNDED_CURVE ( )  B_SPLINE_CURVE ( 2, ( #340, #5318, #3246, #2007, #4899, #1177, #4483, #2865, #1644 ),
 .UNSPECIFIED., .F., .F. ) 
 B_SPLINE_CURVE_WITH_KNOTS ( ( 3, 2, 2, 2, 3 ),
 ( 0.1590909090909090884, 0.1666666666666666574, 0.1818181818181818232, 0.1969696969696969613, 0.2045454545454545581 ),
 .UNSPECIFIED. ) 
 CURVE ( )  GEOMETRIC_REPRESENTATION_ITEM ( )  RATIONAL_B_SPLINE_CURVE ( ( 0.9330127018922194093, 0.9330127018922194093, 1.000000000000000000, 0.8660254037844387076, 1.000000000000000000, 0.8660254037844387076, 1.000000000000000000, 0.9330127018922191873, 0.9330127018922192983 ) ) 
 REPRESENTATION_ITEM ( '' )  );
#23 = CARTESIAN_POINT ( 'NONE',  ( -17.04166666666665719, -1.175240473580833722, 0.6785254037844379305 ) ) ;
#24 = CARTESIAN_POINT ( 'NONE',  ( 13.41666666666666963, -0.5876202367904145296, 1.017788105676650900 ) ) ;
#25 = CARTESIAN_POINT ( 'NONE',  ( -15.64583333333331971, 1.175240473580833944, 0.6785254037844374864 ) ) ;
#26 = EDGE_CURVE ( 'NONE', #4305, #4087, #5305, .T. ) ;
#27 = FACE_OUTER_BOUND ( 'NONE', #2941, .T. ) ;
#28 = VERTEX_POINT ( 'NONE', #2426 ) ;
#29 = CARTESIAN_POINT ( 'NONE',  ( 12.49999999999999822, 1.836970198721030181E-16, 1.500000000000000222 ) ) ;
#30 = CARTESIAN_POINT ( 'NONE',  ( -16.35266995570492199, -0.4019407973113806043, 1.499990180042860333 ) ) ;
#31 = CARTESIAN_POINT ( 'NONE',  ( 15.16666666666666785, 0.5876202367904140855, -1.017788105676651345 ) ) ;
#32 = CARTESIAN_POINT ( 'NONE',  ( -15.52083333333331971, 0.7499999999999995559, -1.299038105676659560 ) ) ;
#33 = COORDINATED_UNIVERSAL_TIME_OFFSET ( 6, 0, .BEHIND. ) ;
#34 = AXIS2_PLACEMENT_3D ( 'NONE', #978, #5363, #2451 ) ;
#35 = AXIS2_PLACEMENT_3D ( 'NONE', #3989, #3184, #2750 ) ;
#36 = ADVANCED_FACE ( 'NONE', ( #4069 ), #285, .F. ) ;
#37 = VERTEX_POINT ( 'NONE', #4582 ) ;
#38 = CARTESIAN_POINT ( 'NONE',  ( -17.04017090063072715, 0.4019237886466836551, -1.500000000000001776 ) ) ;
#39 = DIRECTION ( 'NONE',  ( 0.000000000000000000, 0.000000000000000000, 1.000000000000000000 ) ) ;
#40 = FACE_OUTER_BOUND ( 'NONE', #1393, .T. ) ;
#41 = CARTESIAN_POINT ( 'NONE',  ( -12.43749999999998934, 1.500000000000001332, 0.000000000000000000 ) ) ;
#42 = CONICAL_SURFACE ( 'NONE', #4979, 1.550800000000000622, 0.7853981633974500554 ) ;
#43 = CC_DESIGN_SECURITY_CLASSIFICATION ( #3771, ( #1962 ) ) ;
#44 = CARTESIAN_POINT ( 'NONE',  ( 12.49999999999999822, 0.000000000000000000, 0.000000000000000000 ) ) ;
#45 = CARTESIAN_POINT ( 'NONE',  ( 0.000000000000000000, 1.436143881329345891E-16, -1.172700473580827740 ) ) ;
#46 = CARTESIAN_POINT ( 'NONE',  ( 16.77083333333333570, -0.7499999999999996669, -1.299038105676658228 ) ) ;
#47 = ORIENTED_EDGE ( 'NONE', *, *, #1219, .T. ) ;
#48 = CARTESIAN_POINT ( 'NONE',  ( -12.83333333333332149, 0.5876202367904159729, -1.017788105676656896 ) ) ;
#49 = CARTESIAN_POINT ( 'NONE',  ( 13.75000000000000178, 1.175240473580827949, 0.000000000000000000 ) ) ;
#50 = CARTESIAN_POINT ( 'NONE',  ( -13.64583333333332149, 1.175240473580833722, 0.6785254037844374864 ) ) ;
#51 = CARTESIAN_POINT ( 'NONE',  ( 13.72916666666666963, 1.175240473580827505, 0.6785254037844348218 ) ) ;
#52 = CARTESIAN_POINT ( 'NONE',  ( -13.95833333333333393, 1.500000000000001554, 0.8660254037844392627 ) ) ;
#53 = DIRECTION ( 'NONE',  ( 0.7071067811865467956, 0.000000000000000000, -0.7071067811865483499 ) ) ;
#54 = CARTESIAN_POINT ( 'NONE',  ( -11.68749999999998934, -1.500000000000001332, 1.836970198721031413E-16 ) ) ;
#55 = ORIENTED_EDGE ( 'NONE', *, *, #2167, .T. ) ;
#56 = CARTESIAN_POINT ( 'NONE',  ( 14.52083333333333570, -0.5876202367904137525, -1.017788105676651345 ) ) ;
#57 = CARTESIAN_POINT ( 'NONE',  ( -15.83333333333332149, 0.5876202367904159729, -1.017788105676656896 ) ) ;
#58 = CARTESIAN_POINT ( 'NONE',  ( 13.54166666666666785, -1.175240473580827505, -0.6785254037844345998 ) ) ;
#59 = CARTESIAN_POINT ( 'NONE',  ( -14.39583333333332327, -1.175240473580834166, -0.6785254037844371533 ) ) ;
#60 = CARTESIAN_POINT ( 'NONE',  ( 13.87500000000000000, 2.033577675846917841E-16, -1.499999999999999778 ) ) ;
#61 =( BOUNDED_CURVE ( )  B_SPLINE_CURVE ( 2, ( #1868, #236, #638, #2731, #1919, #3211, #5257 ),
 .UNSPECIFIED., .F., .F. ) 
 B_SPLINE_CURVE_WITH_KNOTS ( ( 3, 2, 2, 3 ),
 ( 0.07496309541582828195, 0.07692307692307692735, 0.08974358974358974395, 0.09615384615384615918 ),
 .UNSPECIFIED. ) 
 CURVE ( )  GEOMETRIC_REPRESENTATION_ITEM ( )  RATIONAL_B_SPLINE_CURVE ( ( 0.9652987831946260311, 0.9795181569801588717, 1.000000000000000000, 0.8660254037844387076, 1.000000000000000000, 0.9330127018922192983, 0.9330127018922194093 ) ) 
 REPRESENTATION_ITEM ( '' )  );
#62 = ORIENTED_EDGE ( 'NONE', *, *, #1841, .F. ) ;
#63 = CARTESIAN_POINT ( 'NONE',  ( 12.29903810567665801, 1.299038105676658228, 2.250000000000000000 ) ) ;
#64 = EDGE_CURVE ( 'NONE', #2257, #2535, #3289, .T. ) ;
#65 = CARTESIAN_POINT ( 'NONE',  ( -12.06249999999998579, -6.391244124090313355E-16, -1.500000000000001332 ) ) ;
#66 = CARTESIAN_POINT ( 'NONE',  ( 12.37500000000000355, -2.492861891654318526E-16, 1.357050807568868533 ) ) ;
#67 = CARTESIAN_POINT ( 'NONE',  ( -15.85416666666665542, 0.7500000000000008882, 1.299038105676659116 ) ) ;
#68 = PERSON_AND_ORGANIZATION_ROLE ( 'creator' ) ;
#69 = EDGE_CURVE ( 'NONE', #1797, #3310, #435, .T. ) ;
#70 = EDGE_LOOP ( 'NONE', ( #1168, #4820, #2670, #1492 ) ) ;
#71 = CARTESIAN_POINT ( 'NONE',  ( -13.18749999999998757, 1.175240473580833722, 0.000000000000000000 ) ) ;
#72 = CARTESIAN_POINT ( 'NONE',  ( 16.52083333333333570, -0.5876202367904137525, -1.017788105676651345 ) ) ;
#73 = CARTESIAN_POINT ( 'NONE',  ( -17.50000000000000000, 1.948557158514986565, 1.125000000000000222 ) ) ;
#74 = CARTESIAN_POINT ( 'NONE',  ( 14.12500000000000178, -6.391244124090313355E-16, 1.500000000000000000 ) ) ;
#75 = CARTESIAN_POINT ( 'NONE',  ( 13.54991894392264307, 1.204981956135956933, -0.6293432454614021898 ) ) ;
#76 = CARTESIAN_POINT ( 'NONE',  ( -12.81249999999998757, 2.033577675846917841E-16, 1.500000000000001110 ) ) ;
#77 = CARTESIAN_POINT ( 'NONE',  ( 14.06250000000000355, 8.309539638847728421E-17, -1.357050807568868533 ) ) ;
#78 = EDGE_LOOP ( 'NONE', ( #485, #3661, #2051 ) ) ;
#79 = ORIENTED_EDGE ( 'NONE', *, *, #1413, .T. ) ;
#80 = CARTESIAN_POINT ( 'NONE',  ( -12.45833333333331971, -1.175240473580834166, -0.6785254037844371533 ) ) ;
#81 = CARTESIAN_POINT ( 'NONE',  ( -13.27083333333332149, 0.5876202367904159729, -1.017788105676656896 ) ) ;
#82 = CARTESIAN_POINT ( 'NONE',  ( 14.81250000000000178, -2.492861891654318526E-16, 1.357050807568868533 ) ) ;
#83 = CARTESIAN_POINT ( 'NONE',  ( -11.91666666666666963, 0.7500000000000008882, 1.299038105676659116 ) ) ;
#84 = CARTESIAN_POINT ( 'NONE',  ( -17.41666666666665364, -0.5876202367904174162, -1.017788105676656230 ) ) ;
#85 = CARTESIAN_POINT ( 'NONE',  ( -12.81249999999998579, 1.060575238724907778E-16, 1.732050807568878747 ) ) ;
#86 = ORIENTED_EDGE ( 'NONE', *, *, #1434, .T. ) ;
#87 = CARTESIAN_POINT ( 'NONE',  ( 14.68750000000000178, 1.175240473580827949, 0.000000000000000000 ) ) ;
#88 = CARTESIAN_POINT ( 'NONE',  ( -16.49999999999998579, -1.175240473580833722, 1.439254484199187407E-16 ) ) ;
#89 = CARTESIAN_POINT ( 'NONE',  ( 13.62500000000000355, 8.309539638847728421E-17, -1.357050807568868533 ) ) ;
#90 = CARTESIAN_POINT ( 'NONE',  ( -13.89583333333332149, -1.175240473580834166, -0.6785254037844371533 ) ) ;
#91 = DIRECTION ( 'NONE',  ( 0.000000000000000000, 0.000000000000000000, -1.000000000000000000 ) ) ;
#92 = AXIS2_PLACEMENT_3D ( 'NONE', #510, #3901, #1823 ) ;
#93 = CARTESIAN_POINT ( 'NONE',  ( -16.18749999999998579, -1.500000000000001332, 1.836970198721031413E-16 ) ) ;
#94 = CARTESIAN_POINT ( 'NONE',  ( 15.81250000000000000, 2.033577675846917841E-16, -1.499999999999999778 ) ) ;
#95 = CARTESIAN_POINT ( 'NONE',  ( -17.36022993090467992, -1.405025455978035298, -2.066424524318411837 ) ) ;
#96 = APPROVAL_DATE_TIME ( #4972, #548 ) ;
#97 =( BOUNDED_CURVE ( )  B_SPLINE_CURVE ( 2, ( #3281, #2934, #4165, #4492, #2526, #373, #2496, #1712, #4115 ),
 .UNSPECIFIED., .F., .F. ) 
 B_SPLINE_CURVE_WITH_KNOTS ( ( 3, 2, 2, 2, 3 ),
 ( 0.3269230769230769273, 0.3333333333333333148, 0.3461538461538461453, 0.3589743589743589758, 0.3653846153846154188 ),
 .UNSPECIFIED. ) 
 CURVE ( )  GEOMETRIC_REPRESENTATION_ITEM ( )  RATIONAL_B_SPLINE_CURVE ( ( 0.9330127018922194093, 0.9330127018922194093, 1.000000000000000000, 0.8660254037844387076, 1.000000000000000000, 0.8660254037844387076, 1.000000000000000000, 0.9330127018922190762, 0.9330127018922194093 ) ) 
 REPRESENTATION_ITEM ( '' )  );
#98 = ORIENTED_EDGE ( 'NONE', *, *, #2597, .F. ) ;
#99 = CARTESIAN_POINT ( 'NONE',  ( -12.77083333333332149, 0.5876202367904159729, -1.017788105676656896 ) ) ;
#100 = CARTESIAN_POINT ( 'NONE',  ( -12.29017090063072537, -0.4019237886466873744, 1.499999999999999556 ) ) ;
#101 = CARTESIAN_POINT ( 'NONE',  ( 14.25000000000000178, -1.500000000000000000, -1.836970198721029934E-16 ) ) ;
#102 = FACE_OUTER_BOUND ( 'NONE', #3624, .T. ) ;
#103 = EDGE_CURVE ( 'NONE', #1074, #436, #4352, .T. ) ;
#104 = CARTESIAN_POINT ( 'NONE',  ( 12.39583333333333393, -1.175240473580827949, 0.6785254037844338226 ) ) ;
#105 = VERTEX_POINT ( 'NONE', #2449 ) ;
#106 = ORIENTED_EDGE ( 'NONE', *, *, #3029, .F. ) ;
#107 = CARTESIAN_POINT ( 'NONE',  ( -14.45833333333332149, -1.175240473580834166, -0.6785254037844371533 ) ) ;
#108 = CARTESIAN_POINT ( 'NONE',  ( -11.10000000000000142, 0.000000000000000000, 1.500000000000000666 ) ) ;
#109 = CARTESIAN_POINT ( 'NONE',  ( -12.68749999999998757, 1.175240473580833722, 0.000000000000000000 ) ) ;
#110 = CARTESIAN_POINT ( 'NONE',  ( 13.97916666666667140, -1.175240473580827505, -0.6785254037844345998 ) ) ;
#111 = CARTESIAN_POINT ( 'NONE',  ( -11.87500000000000178, 1.060575238724907778E-16, 1.732050807568878747 ) ) ;
#112 = CARTESIAN_POINT ( 'NONE',  ( -15.62499999999998757, 8.309539638847769097E-17, 1.357050807568875195 ) ) ;
#113 = CARTESIAN_POINT ( 'NONE',  ( -16.24999999999998579, 1.175240473580833722, 0.000000000000000000 ) ) ;
#114 = ORIENTED_EDGE ( 'NONE', *, *, #103, .F. ) ;
#115 = EDGE_CURVE ( 'NONE', #4357, #791, #4918, .T. ) ;
#116 = CARTESIAN_POINT ( 'NONE',  ( 13.43750000000000178, -1.175240473580827949, -1.439254484199180504E-16 ) ) ;
#117 = DIRECTION ( 'NONE',  ( 0.000000000000000000, 0.000000000000000000, 1.000000000000000000 ) ) ;
#118 = CARTESIAN_POINT ( 'NONE',  ( -15.08333333333332149, -0.5876202367904166390, 1.017788105676656674 ) ) ;
#119 = CARTESIAN_POINT ( 'NONE',  ( 12.91666666666666785, -0.5876202367904145296, 1.017788105676650900 ) ) ;
#120 = CARTESIAN_POINT ( 'NONE',  ( -13.39583333333332149, -1.175240473580834166, -0.6785254037844371533 ) ) ;
#121 = DIRECTION ( 'NONE',  ( 1.000000000000000000, 0.000000000000000000, 0.000000000000000000 ) ) ;
#122 = DIRECTION ( 'NONE',  ( 0.000000000000000000, 0.000000000000000000, -1.000000000000000000 ) ) ;
#123 = CARTESIAN_POINT ( 'NONE',  ( -11.50000000000000178, 1.500000000000001332, 0.000000000000000000 ) ) ;
#124 = CARTESIAN_POINT ( 'NONE',  ( -15.22916666666665542, -1.500000000000000888, 0.8660254037844398178 ) ) ;
#125 = DATE_AND_TIME ( #846, #1165 ) ;
#126 = CARTESIAN_POINT ( 'NONE',  ( 15.06250000000000355, -6.391244124090313355E-16, 1.499999999999999778 ) ) ;
#127 = ORIENTED_EDGE ( 'NONE', *, *, #3977, .F. ) ;
#128 = FACE_OUTER_BOUND ( 'NONE', #3576, .T. ) ;
#129 = CARTESIAN_POINT ( 'NONE',  ( 15.64583333333333393, 1.175240473580827949, -0.6785254037844341557 ) ) ;
#130 = CARTESIAN_POINT ( 'NONE',  ( 15.33333333333333393, -0.7499999999999996669, -1.299038105676658228 ) ) ;
#131 = CARTESIAN_POINT ( 'NONE',  ( -17.50000000000000000, 0.000000000000000000, 0.000000000000000000 ) ) ;
#132 =( BOUNDED_CURVE ( )  B_SPLINE_CURVE ( 2, ( #4270, #478, #962, #1700, #2921, #934, #1284, #2575, #443, #3412, #1258, #2950, #2109, #2142, #3383, #4679, #1349, #4651, #6, #4215, #2629, #3754, #3785, #2978, #72, #4561, #3841, #2170, #5069, #3724, #1731, #5039, #1669, #4621, #906, #5102, #537, #507, #1791, #3448, #3813, #3008, #2198, #2601, #4245, #129, #3869, #562, #2228, #159, #1820, #3474, #149, #462, #553, #2125, #4606, #1835, #2590, #3080, #891, #3858, #3800, #2560, #921, #522, #1394, #1809, #87, #3052, #3463, #3772, #56, #4695, #2215, #3490, #5087, #4230, #1301, #2244, #5117, #4725, #1008, #1365, #2644, #1747, #977, #1715, #3024, #2186, #4260, #4288, #5145, #4666, #4640, #580, #3829, #2965, #116, #1776, #5025 ),
 .UNSPECIFIED., .F., .T. ) 
 B_SPLINE_CURVE_WITH_KNOTS ( ( 3, 2, 2, 2, 2, 2, 2, 2, 2, 2, 2, 2, 2, 2, 2, 2, 2, 2, 2, 2, 2, 2, 2, 2, 2, 2, 2, 2, 2, 2, 2, 2, 2, 2, 2, 2, 2, 2, 2, 2, 2, 2, 2, 2, 2, 2, 2, 2, 2, 2, 3 ),
 ( 0.04303317619337772293, 0.04545454545454545581, 0.06060606060606060774, 0.07575757575757575968, 0.09090909090909091161, 0.1060606060606060635, 0.1212121212121212155, 0.1363636363636363535, 0.1515151515151515194, 0.1666666666666666574, 0.1818181818181818232, 0.1969696969696969613, 0.2121212121212121549, 0.2272727272727272374, 0.2424242424242424865, 0.2575757575757575690, 0.2727272727272727071, 0.2878787878787879007, 0.3030303030303030387, 0.3181818181818181768, 0.3333333333333333148, 0.3484848484848485084, 0.3636363636363636465, 0.3787878787878787845, 0.3939393939393939226, 0.4090909090909091161, 0.4242424242424243097, 0.4393939393939393367, 0.4545454545454545303, 0.4696969696969697239, 0.4848484848484848619, 0.5000000000000000000, 0.5151515151515152491, 0.5303030303030302761, 0.5454545454545454142, 0.5606060606060605522, 0.5757575757575758013, 0.5909090909090909394, 0.6060606060606060774, 0.6212121212121212155, 0.6363636363636363535, 0.6515151515151514916, 0.6666666666666666297, 0.6818181818181817677, 0.6969696969696970168, 0.7121212121212121549, 0.7272727272727274039, 0.7424242424242424310, 0.7575757575757574580, 0.7727272727272727071, 0.7834446017008508401 ),
 .UNSPECIFIED. ) 
 CURVE ( )  GEOMETRIC_REPRESENTATION_ITEM ( )  RATIONAL_B_SPLINE_CURVE ( ( 0.9640221895667047125, 0.9785894700424545567, 1.000000000000000000, 0.8660254037844387076, 1.000000000000000000, 0.8660254037844387076, 1.000000000000000000, 0.8660254037844387076, 1.000000000000000000, 0.8660254037844387076, 1.000000000000000000, 0.8660254037844387076, 1.000000000000000000, 0.8660254037844387076, 1.000000000000000000, 0.8660254037844387076, 1.000000000000000000, 0.8660254037844387076, 1.000000000000000000, 0.8660254037844387076, 1.000000000000000000, 0.8660254037844387076, 1.000000000000000000, 0.8660254037844387076, 1.000000000000000000, 0.8660254037844387076, 1.000000000000000000, 0.8660254037844387076, 1.000000000000000000, 0.8660254037844387076, 1.000000000000000000, 0.8660254037844387076, 1.000000000000000000, 0.8660254037844387076, 1.000000000000000000, 0.8660254037844387076, 1.000000000000000000, 0.8660254037844387076, 1.000000000000000000, 0.8660254037844387076, 1.000000000000000000, 0.8660254037844387076, 1.000000000000000000, 0.8660254037844387076, 1.000000000000000000, 0.8660254037844387076, 1.000000000000000000, 0.8660254037844387076, 1.000000000000000000, 0.8660254037844387076, 1.000000000000000000, 0.8660254037844387076, 1.000000000000000000, 0.8660254037844387076, 1.000000000000000000, 0.8660254037844387076, 1.000000000000000000, 0.8660254037844387076, 1.000000000000000000, 0.8660254037844387076, 1.000000000000000000, 0.8660254037844387076, 1.000000000000000000, 0.8660254037844387076, 1.000000000000000000, 0.8660254037844387076, 1.000000000000000000, 0.8660254037844387076, 1.000000000000000000, 0.8660254037844387076, 1.000000000000000000, 0.8660254037844387076, 1.000000000000000000, 0.8660254037844387076, 1.000000000000000000, 0.8660254037844387076, 1.000000000000000000, 0.8660254037844387076, 1.000000000000000000, 0.8660254037844387076, 1.000000000000000000, 0.8660254037844387076, 1.000000000000000000, 0.8660254037844387076, 1.000000000000000000, 0.8660254037844387076, 1.000000000000000000, 0.8660254037844387076, 1.000000000000000000, 0.8660254037844387076, 1.000000000000000000, 0.8660254037844387076, 1.000000000000000000, 0.8660254037844387076, 1.000000000000000000, 0.8660254037844387076, 1.000000000000000000, 0.8660254037844387076, 1.000000000000000000, 0.9052339117648651179, 0.9445322168262000329 ) ) 
 REPRESENTATION_ITEM ( '' )  );
#133 = CARTESIAN_POINT ( 'NONE',  ( -15.35267009030144436, -0.4019383745740116032, 1.499991578810932369 ) ) ;
#134 = CARTESIAN_POINT ( 'NONE',  ( 12.68750000000000000, 1.175240473580827949, 0.000000000000000000 ) ) ;
#135 = ORIENTED_EDGE ( 'NONE', *, *, #1840, .F. ) ;
#136 = EDGE_LOOP ( 'NONE', ( #4713, #968, #1441, #5075 ) ) ;
#137 = AXIS2_PLACEMENT_3D ( 'NONE', #5359, #1246, #2421 ) ;
#138 = EDGE_CURVE ( 'NONE', #28, #4694, #5129, .T. ) ;
#139 = CARTESIAN_POINT ( 'NONE',  ( -11.37499999999999112, -2.492861891654330359E-16, -1.357050807568875195 ) ) ;
#140 = AXIS2_PLACEMENT_3D ( 'NONE', #1491, #3531, #1926 ) ;
#141 = EDGE_CURVE ( 'NONE', #868, #777, #4859, .T. ) ;
#142 = FACE_OUTER_BOUND ( 'NONE', #148, .T. ) ;
#143 = CARTESIAN_POINT ( 'NONE',  ( -12.35416666666665542, -0.5876202367904174162, -1.017788105676656230 ) ) ;
#144 = CARTESIAN_POINT ( 'NONE',  ( 13.10416666666666785, 0.5876202367904140855, -1.017788105676651345 ) ) ;
#145 = CARTESIAN_POINT ( 'NONE',  ( -12.66666666666666785, -0.7500000000000013323, -1.299038105676658894 ) ) ;
#146 = CARTESIAN_POINT ( 'NONE',  ( -11.50698189766699286, 0.9742012179189960541, -1.140584055212569226 ) ) ;
#147 = CARTESIAN_POINT ( 'NONE',  ( -14.66666666666665364, 0.5876202367904169721, 1.017788105676656452 ) ) ;
#148 = EDGE_LOOP ( 'NONE', ( #4869, #3799, #2776 ) ) ;
#149 = CARTESIAN_POINT ( 'NONE',  ( 15.35416666666666785, -0.5876202367904145296, 1.017788105676650900 ) ) ;
#150 = DIRECTION ( 'NONE',  ( 1.000000000000000000, 0.000000000000000000, 0.000000000000000000 ) ) ;
#151 = CARTESIAN_POINT ( 'NONE',  ( -15.29166666666665364, 1.175240473580833500, -0.6785254037844382635 ) ) ;
#152 = CARTESIAN_POINT ( 'NONE',  ( 16.35416666666667140, 0.7500000000000002220, -1.299038105676658006 ) ) ;
#153 = CARTESIAN_POINT ( 'NONE',  ( -14.68749999999998934, 1.175240473580833722, 0.000000000000000000 ) ) ;
#154 = CARTESIAN_POINT ( 'NONE',  ( 16.47916666666667140, 1.499999999999999778, 0.8660254037844394848 ) ) ;
#155 = LINE ( 'NONE', #2299, #4807 ) ;
#156 = CARTESIAN_POINT ( 'NONE',  ( 12.70833333333333748, 1.175240473580827727, -0.6785254037844341557 ) ) ;
#157 = CARTESIAN_POINT ( 'NONE',  ( -16.83333333333332149, 0.5876202367904159729, -1.017788105676656896 ) ) ;
#158 = CARTESIAN_POINT ( 'NONE',  ( -14.25000000000000178, -1.500000000000001332, 1.836970198721031413E-16 ) ) ;
#159 = CARTESIAN_POINT ( 'NONE',  ( 15.47916666666667140, -1.175240473580827727, -0.6785254037844345998 ) ) ;
#160 = DIRECTION ( 'NONE',  ( 0.000000000000000000, 0.000000000000000000, 1.000000000000000000 ) ) ;
#161 = CARTESIAN_POINT ( 'NONE',  ( 17.37500000000000355, 1.060575238724906915E-16, -1.732050807568877193 ) ) ;
#162 = LINE ( 'NONE', #3845, #1563 ) ;
#163 = CARTESIAN_POINT ( 'NONE',  ( -12.91666666666666785, 0.7500000000000008882, 1.299038105676659116 ) ) ;
#164 = VERTEX_POINT ( 'NONE', #3375 ) ;
#165 = VERTEX_POINT ( 'NONE', #2476 ) ;
#166 = CARTESIAN_POINT ( 'NONE',  ( -17.27083333333332149, 0.5876202367904159729, -1.017788105676656896 ) ) ;
#167 = CARTESIAN_POINT ( 'NONE',  ( 12.49999999999999822, 0.000000000000000000, 0.000000000000000000 ) ) ;
#168 = CARTESIAN_POINT ( 'NONE',  ( 12.42172769284587375, 1.511542704210576460, 1.881931238497227099 ) ) ;
#169 = CARTESIAN_POINT ( 'NONE',  ( 16.62500000000000000, 8.309539638847728421E-17, -1.357050807568868533 ) ) ;
#170 = CARTESIAN_POINT ( 'NONE',  ( -17.12444047358083665, -0.002628810513096924845, 1.175240473580834166 ) ) ;
#171 = CARTESIAN_POINT ( 'NONE',  ( -16.16666666666665719, 0.5876202367904169721, 1.017788105676656452 ) ) ;
#172 = CARTESIAN_POINT ( 'NONE',  ( -14.29166666666665364, 1.175240473580833056, -0.6785254037844382635 ) ) ;
#173 = ORIENTED_EDGE ( 'NONE', *, *, #2311, .T. ) ;
#174 = CARTESIAN_POINT ( 'NONE',  ( 16.12500000000000000, -6.391244124090313355E-16, 1.499999999999999778 ) ) ;
#175 = CARTESIAN_POINT ( 'NONE',  ( -12.12612518940324335, -6.371588137072048885E-05, -1.499999997425524478 ) ) ;
#176 = CARTESIAN_POINT ( 'NONE',  ( -11.50698189760320211, 0.9742012188451836252, -1.140584054421489357 ) ) ;
#177 = CARTESIAN_POINT ( 'NONE',  ( 17.64583333333333570, -1.500000000000000444, 0.8660254037844380415 ) ) ;
#178 = CARTESIAN_POINT ( 'NONE',  ( -14.81249999999998934, -2.492861891654330359E-16, -1.357050807568875195 ) ) ;
#179 = ADVANCED_FACE ( 'NONE', ( #5032 ), #2971, .F. ) ;
#180 = CARTESIAN_POINT ( 'NONE',  ( -17.50000000000000000, -3.755786496842899057E-16, 2.250000000000000000 ) ) ;
#181 = CARTESIAN_POINT ( 'NONE',  ( -17.41074498996845676, -1.511897080250326875, -1.881317441191391104 ) ) ;
#182 = CARTESIAN_POINT ( 'NONE',  ( -16.70833333333332149, 1.175240473580833722, 0.6785254037844374864 ) ) ;
#183 = CARTESIAN_POINT ( 'NONE',  ( -14.35267128697361017, -0.4019168344750335131, 1.500004014992875945 ) ) ;
#184 = CARTESIAN_POINT ( 'NONE',  ( 15.25000000000000178, -1.500000000000000000, -1.836970198721029934E-16 ) ) ;
#185 = CARTESIAN_POINT ( 'NONE',  ( 16.33333333333333570, -0.7499999999999996669, -1.299038105676658228 ) ) ;
#186 = DIRECTION ( 'NONE',  ( 1.000000000000000000, 0.000000000000000000, 0.000000000000000000 ) ) ;
#187 = DIRECTION ( 'NONE',  ( -1.000000000000000000, -0.000000000000000000, -0.000000000000000000 ) ) ;
#188 = VERTEX_POINT ( 'NONE', #3347 ) ;
#189 = ORIENTED_EDGE ( 'NONE', *, *, #664, .T. ) ;
#190 = CARTESIAN_POINT ( 'NONE',  ( -17.68749999999998934, 1.175240473580833722, 0.000000000000000000 ) ) ;
#191 = CARTESIAN_POINT ( 'NONE',  ( 14.87500000000000178, 2.033577675846917841E-16, -1.499999999999999778 ) ) ;
#192 = CARTESIAN_POINT ( 'NONE',  ( -11.25698064062672188, 0.7632947672222625268, -0.8936281492173429042 ) ) ;
#193 = CARTESIAN_POINT ( 'NONE',  ( 12.35416666666666963, -0.5876202367904145296, 1.017788105676650900 ) ) ;
#194 = DIRECTION ( 'NONE',  ( -1.000000000000000000, -0.000000000000000000, -0.000000000000000000 ) ) ;
#195 = CARTESIAN_POINT ( 'NONE',  ( -15.54166666666665542, -1.175240473580833722, 0.6785254037844379305 ) ) ;
#196 = CARTESIAN_POINT ( 'NONE',  ( -15.54166666666665542, -1.175240473580833500, 0.6785254037844380415 ) ) ;
#197 = ORIENTED_EDGE ( 'NONE', *, *, #755, .F. ) ;
#198 = CARTESIAN_POINT ( 'NONE',  ( 17.31250000000000355, -2.492861891654318526E-16, 1.357050807568868533 ) ) ;
#199 = CARTESIAN_POINT ( 'NONE',  ( -17.25827229586805700, -0.3610992001090542192, -1.271191196401654677 ) ) ;
#200 = CARTESIAN_POINT ( 'NONE',  ( 15.81250000000000000, 2.033577675846917841E-16, -1.499999999999999778 ) ) ;
#201 = CARTESIAN_POINT ( 'NONE',  ( 15.04166666666666785, 1.499999999999999778, 0.8660254037844394848 ) ) ;
#202 = CARTESIAN_POINT ( 'NONE',  ( 17.06250000000000000, -3.181725716174720005E-16, 1.732050807568877193 ) ) ;
#203 = CARTESIAN_POINT ( 'NONE',  ( -11.97916666666665542, -1.175240473580833722, 0.6785254037844379305 ) ) ;
#204 = EDGE_CURVE ( 'NONE', #2140, #862, #897, .T. ) ;
#205 = CARTESIAN_POINT ( 'NONE',  ( -11.10000000000000142, 0.000000000000000000, 0.000000000000000000 ) ) ;
#206 = ADVANCED_FACE ( 'NONE', ( #2567 ), #4553, .F. ) ;
#207 = CARTESIAN_POINT ( 'NONE',  ( 16.37500000000000000, -1.191095495853194869E-15, -1.499999999999999778 ) ) ;
#208 = CARTESIAN_POINT ( 'NONE',  ( -17.35985335404355112, -1.088367905583939921, 2.249999999999999556 ) ) ;
#209 = CARTESIAN_POINT ( 'NONE',  ( 12.48075666599056355, -2.168904970561403633, -0.7433463941989680857 ) ) ;
#210 = CARTESIAN_POINT ( 'NONE',  ( -16.79166666666667140, -1.500000000000000888, 0.8660254037844398178 ) ) ;
#211 =( BOUNDED_CURVE ( )  B_SPLINE_CURVE ( 2, ( #3158, #3517, #1454, #5249, #4830, #3109, #1110, #4753, #3940 ),
 .UNSPECIFIED., .F., .F. ) 
 B_SPLINE_CURVE_WITH_KNOTS ( ( 3, 2, 2, 2, 3 ),
 ( 0.2954545454545454697, 0.3030303030303030387, 0.3181818181818181768, 0.3333333333333333148, 0.3409090909090909394 ),
 .UNSPECIFIED. ) 
 CURVE ( )  GEOMETRIC_REPRESENTATION_ITEM ( )  RATIONAL_B_SPLINE_CURVE ( ( 0.9330127018922194093, 0.9330127018922194093, 1.000000000000000000, 0.8660254037844387076, 1.000000000000000000, 0.8660254037844387076, 1.000000000000000000, 0.9330127018922191873, 0.9330127018922194093 ) ) 
 REPRESENTATION_ITEM ( '' )  );
#212 = CARTESIAN_POINT ( 'NONE',  ( 16.58333333333333570, 0.7499999999999988898, 1.299038105676658672 ) ) ;
#213 = EDGE_CURVE ( 'NONE', #4619, #791, #3131, .T. ) ;
#214 = CARTESIAN_POINT ( 'NONE',  ( 14.54166666666666785, 1.499999999999999778, 0.8660254037844394848 ) ) ;
#215 = CARTESIAN_POINT ( 'NONE',  ( 16.60416666666667140, -0.7500000000000006661, 1.299038105676657562 ) ) ;
#216 = EDGE_CURVE ( 'NONE', #313, #2374, #4998, .T. ) ;
#217 = ORIENTED_EDGE ( 'NONE', *, *, #1761, .F. ) ;
#218 = VERTEX_POINT ( 'NONE', #982 ) ;
#219 = CARTESIAN_POINT ( 'NONE',  ( -16.31249999999998579, -2.492861891654330359E-16, -1.357050807568875195 ) ) ;
#220 = AXIS2_PLACEMENT_3D ( 'NONE', #950, #150, #554 ) ;
#221 = CARTESIAN_POINT ( 'NONE',  ( -16.41666666666667140, 0.7500000000000008882, 1.299038105676659116 ) ) ;
#222 = CARTESIAN_POINT ( 'NONE',  ( -15.62556462521196998, -3.191347592645637756E-05, -1.499999999351781632 ) ) ;
#223 = CARTESIAN_POINT ( 'NONE',  ( 16.33333333333333570, 0.5876202367904130863, 1.017788105676651789 ) ) ;
#224 = CARTESIAN_POINT ( 'NONE',  ( -13.77083333333332327, -0.7500000000000003331, 1.299038105676659338 ) ) ;
#225 = CARTESIAN_POINT ( 'NONE',  ( -13.08333333333332149, -0.5876202367904166390, 1.017788105676656674 ) ) ;
#226 = CARTESIAN_POINT ( 'NONE',  ( -13.79166666666665542, 1.175240473580833056, -0.6785254037844382635 ) ) ;
#227 = CARTESIAN_POINT ( 'NONE',  ( 14.20833333333333570, -1.500000000000000444, 0.8660254037844380415 ) ) ;
#228 = AXIS2_PLACEMENT_3D ( 'NONE', #3516, #4366, #4752 ) ;
#229 = CARTESIAN_POINT ( 'NONE',  ( -17.34802217217809073, -1.230930139494156750, 0.6705077855748495796 ) ) ;
#230 = CARTESIAN_POINT ( 'NONE',  ( -17.12444047358084021, 0.8328287812014609770, 0.8292082922553253299 ) ) ;
#231 = CARTESIAN_POINT ( 'NONE',  ( 14.95833333333333570, 1.500000000000000000, -0.8660254037844384856 ) ) ;
#232 = CARTESIAN_POINT ( 'NONE',  ( 17.22916666666666785, -1.499999999999999778, -0.8660254037844391517 ) ) ;
#233 = CARTESIAN_POINT ( 'NONE',  ( -12.02083333333332149, -0.5876202367904166390, 1.017788105676656674 ) ) ;
#234 = AXIS2_PLACEMENT_3D ( 'NONE', #2356, #1948, #2331 ) ;
#235 = CARTESIAN_POINT ( 'NONE',  ( -15.39583333333332149, 1.500000000000001110, 0.8660254037844392627 ) ) ;
#236 = CARTESIAN_POINT ( 'NONE',  ( -17.44313188107684454, 1.500000000000001110, -0.1170564500075606529 ) ) ;
#237 = CARTESIAN_POINT ( 'NONE',  ( -16.31249999999998579, -1.539708811712666274E-15, 1.500000000000001110 ) ) ;
#238 = EDGE_CURVE ( 'NONE', #2617, #2133, #3911, .T. ) ;
#239 = CARTESIAN_POINT ( 'NONE',  ( 12.48107752023653383, -0.4380684968214416108, 2.249999999999999556 ) ) ;
#240 = CARTESIAN_POINT ( 'NONE',  ( 16.70833333333333570, -1.500000000000000444, 0.8660254037844380415 ) ) ;
#241 = CARTESIAN_POINT ( 'NONE',  ( -17.50000000000000000, 1.948557158514987231, -1.124999999999999112 ) ) ;
#242 = CYLINDRICAL_SURFACE ( 'NONE', #571, 1.500000000000000666 ) ;
#243 = EDGE_CURVE ( 'NONE', #714, #28, #3689, .T. ) ;
#244 = ORIENTED_EDGE ( 'NONE', *, *, #2659, .T. ) ;
#245 = CARTESIAN_POINT ( 'NONE',  ( -11.33333333333331971, 0.5876202367904159729, -1.017788105676656896 ) ) ;
#246 = CARTESIAN_POINT ( 'NONE',  ( 17.12499999999999645, -1.070288237343578697, 1.050943903833108983 ) ) ;
#247 = CARTESIAN_POINT ( 'NONE',  ( 12.49999999999999822, 1.836970198721030181E-16, 1.500000000000000222 ) ) ;
#248 = CARTESIAN_POINT ( 'NONE',  ( 15.87500000000000000, -2.492861891654318526E-16, 1.357050807568868533 ) ) ;
#249 = CARTESIAN_POINT ( 'NONE',  ( 17.50000000000000000, 1.377727649040770417E-16, -1.124999999999998446 ) ) ;
#250 = CARTESIAN_POINT ( 'NONE',  ( -14.29166666666665364, 1.175240473580833500, -0.6785254037844382635 ) ) ;
#251 = CARTESIAN_POINT ( 'NONE',  ( -12.83333333333332149, 0.5876202367904159729, -1.017788105676656896 ) ) ;
#252 = CARTESIAN_POINT ( 'NONE',  ( 12.54166666666666963, 1.499999999999999778, 0.8660254037844394848 ) ) ;
#253 = CARTESIAN_POINT ( 'NONE',  ( -17.31891416247273696, -1.376439353302245650, -0.1166231229100232053 ) ) ;
#254 = CARTESIAN_POINT ( 'NONE',  ( 13.70229952641917492, -1.471475802235557406, -0.2911339269738636992 ) ) ;
#255 = CARTESIAN_POINT ( 'NONE',  ( 16.93750000000000000, 1.500000000000000000, 0.000000000000000000 ) ) ;
#256 = CARTESIAN_POINT ( 'NONE',  ( -12.64583333333332149, 1.175240473580833944, 0.6785254037844374864 ) ) ;
#257 = CARTESIAN_POINT ( 'NONE',  ( -17.50000000000000000, -1.948557158514986565, -1.125000000000000444 ) ) ;
#258 = CARTESIAN_POINT ( 'NONE',  ( 13.48990163760779737, -0.1198355823020374883, -1.287602111188628440 ) ) ;
#259 = CARTESIAN_POINT ( 'NONE',  ( 13.62801077296304975, 0.6848602849518188318, 1.253648678891930324 ) ) ;
#260 = ORIENTED_EDGE ( 'NONE', *, *, #2365, .T. ) ;
#261 = CARTESIAN_POINT ( 'NONE',  ( -17.50000000000000000, 0.000000000000000000, -2.250000000000000000 ) ) ;
#262 = CARTESIAN_POINT ( 'NONE',  ( 14.66666666666666785, -0.7500000000000006661, 1.299038105676657562 ) ) ;
#263 = ADVANCED_FACE ( 'NONE', ( #529 ), #1339, .T. ) ;
#264 = CARTESIAN_POINT ( 'NONE',  ( -17.72916666666665364, -1.500000000000000888, 0.8660254037844398178 ) ) ;
#265 = CARTESIAN_POINT ( 'NONE',  ( -11.10000000000000142, 0.000000000000000000, 0.000000000000000000 ) ) ;
#266 = VECTOR ( 'NONE', #2459, 1000.000000000000000 ) ;
#267 = ORIENTED_EDGE ( 'NONE', *, *, #4746, .T. ) ;
#268 = CARTESIAN_POINT ( 'NONE',  ( -14.81249999999998934, -2.492861891654330359E-16, -1.357050807568875195 ) ) ;
#269 = CARTESIAN_POINT ( 'NONE',  ( -11.10000000000000142, 0.000000000000000000, 0.000000000000000000 ) ) ;
#270 = CARTESIAN_POINT ( 'NONE',  ( 12.49999999999999822, 0.000000000000000000, 0.000000000000000000 ) ) ;
#271 = CARTESIAN_POINT ( 'NONE',  ( 15.62500000000000355, 8.309539638847728421E-17, -1.357050807568868533 ) ) ;
#272 = EDGE_CURVE ( 'NONE', #1023, #3192, #2862, .T. ) ;
#273 = CARTESIAN_POINT ( 'NONE',  ( -11.25698064062672188, 0.7632947672222625268, -0.8936281492173429042 ) ) ;
#274 = CARTESIAN_POINT ( 'NONE',  ( -12.79166666666665542, 1.175240473580833500, -0.6785254037844382635 ) ) ;
#275 = CARTESIAN_POINT ( 'NONE',  ( -12.79166666666665542, 1.175240473580833056, -0.6785254037844382635 ) ) ;
#276 = CARTESIAN_POINT ( 'NONE',  ( 13.50000000000000178, 1.500000000000000000, 0.000000000000000000 ) ) ;
#277 =( BOUNDED_CURVE ( )  B_SPLINE_CURVE ( 2, ( #809, #498, #2071, #4173, #3404, #432, #3314, #1751, #839 ),
 .UNSPECIFIED., .F., .F. ) 
 B_SPLINE_CURVE_WITH_KNOTS ( ( 3, 2, 2, 2, 3 ),
 ( 0.05830554004635857962, 0.06478412792212595583, 0.07774095350655116365, 0.09069777909097634372, 0.09717628840444328397 ),
 .UNSPECIFIED. ) 
 CURVE ( )  GEOMETRIC_REPRESENTATION_ITEM ( )  RATIONAL_B_SPLINE_CURVE ( ( 0.9330127019411460498, 0.9330108915144842419, 1.000000000000000000, 0.8660254037844387076, 1.000000000000000000, 0.8660254037844387076, 1.000000000000000000, 0.9330117038548533248, 0.9330127019070889594 ) ) 
 REPRESENTATION_ITEM ( '' )  );
#278 = CARTESIAN_POINT ( 'NONE',  ( 16.91666666666667140, -0.5876202367904145296, 1.017788105676650900 ) ) ;
#279 = CARTESIAN_POINT ( 'NONE',  ( 15.18750000000000355, -1.500000000000000000, -1.836970198721029934E-16 ) ) ;
#280 = CARTESIAN_POINT ( 'NONE',  ( -12.18749999999998757, 1.175240473580833722, 0.000000000000000000 ) ) ;
#281 = EDGE_CURVE ( 'NONE', #2848, #2022, #5132, .T. ) ;
#282 = CARTESIAN_POINT ( 'NONE',  ( 16.66666666666667140, 0.5876202367904140855, -1.017788105676651345 ) ) ;
#283 = CARTESIAN_POINT ( 'NONE',  ( -13.06249999999998757, -6.391244124090313355E-16, -1.500000000000001332 ) ) ;
#284 = DIRECTION ( 'NONE',  ( 0.000000000000000000, 0.000000000000000000, -1.000000000000000000 ) ) ;
#285 = CYLINDRICAL_SURFACE ( 'NONE', #3900, 1.500000000000000666 ) ;
#286 = DIRECTION ( 'NONE',  ( -0.000000000000000000, 0.000000000000000000, -1.000000000000000000 ) ) ;
#287 = DIRECTION ( 'NONE',  ( 0.000000000000000000, 0.000000000000000000, -1.000000000000000000 ) ) ;
#288 = PERSON_AND_ORGANIZATION ( #3331, #4814 ) ;
#289 = ORIENTED_EDGE ( 'NONE', *, *, #3258, .F. ) ;
#290 = CARTESIAN_POINT ( 'NONE',  ( -14.93749999999998934, -1.175240473580833722, 1.439254484199187407E-16 ) ) ;
#291 = FACE_OUTER_BOUND ( 'NONE', #2185, .T. ) ;
#292 = DIRECTION ( 'NONE',  ( 1.000000000000000000, 0.000000000000000000, 0.000000000000000000 ) ) ;
#293 = CARTESIAN_POINT ( 'NONE',  ( 13.58333333333333570, -0.5876202367904137525, -1.017788105676651345 ) ) ;
#294 = DIRECTION ( 'NONE',  ( 1.000000000000000000, 0.000000000000000000, 0.000000000000000000 ) ) ;
#295 = CARTESIAN_POINT ( 'NONE',  ( -14.91666666666665364, -0.5876202367904174162, -1.017788105676656230 ) ) ;
#296 = CARTESIAN_POINT ( 'NONE',  ( -13.58333333333332149, -0.5876202367904166390, 1.017788105676656674 ) ) ;
#297 = CARTESIAN_POINT ( 'NONE',  ( 12.62500000000000178, -3.181725716174720005E-16, 1.732050807568877193 ) ) ;
#298 = ADVANCED_FACE ( 'NONE', ( #5208 ), #2857, .T. ) ;
#299 = EDGE_CURVE ( 'NONE', #1535, #3196, #3890, .T. ) ;
#300 = CARTESIAN_POINT ( 'NONE',  ( 17.41876169176079969, -0.3754285838326504865, 1.161631797600532812 ) ) ;
#301 = CARTESIAN_POINT ( 'NONE',  ( -15.60416666666665542, 0.5876202367904169721, 1.017788105676656452 ) ) ;
#302 = CARTESIAN_POINT ( 'NONE',  ( 17.56250000000000000, 8.309539638847728421E-17, -1.357050807568868533 ) ) ;
#303 = CARTESIAN_POINT ( 'NONE',  ( -11.85416666666665542, -0.5876202367904174162, -1.017788105676656230 ) ) ;
#304 = ORIENTED_EDGE ( 'NONE', *, *, #1871, .T. ) ;
#305 =( BOUNDED_SURFACE ( )  B_SPLINE_SURFACE ( 1, 2, ( 
 ( #4404, #1490, #2333, #3145, #3626, #264, #5264, #4790, #1949, #3603, #1537, #3194, #1120, #4024, #315, #1978, #1561, #1143, #2805, #4450, #740, #4476, #2858, #2050, #1171, #2539, #3782, #4892, #4919, #2915, #2430, #3320, #3292, #3695, #1255, #1197, #3668, #5364, #4945, #4152, #4557, #4503, #440, #845, #2832, #765, #2104, #4971, #872, #2506, #67, #4095, #2024, #382, #4586, #4072, #3750, #4178, #32, #1697, #3351, #1281, #358, #1639, #471, #5337, #790, #2452, #5003, #1225, #4529, #2138, #2885, #817, #2076, #3721, #2478, #4124, #1612, #3265, #408, #2945, #3, #1666, #3238, #3378, #5035, #1311, #2974, #1725, #4616, #2067, #4961, #4604, #492, #805, #4198, #3711, #4166, #3398, #426, #3308, #1745, #835, #2935, #3340, #2497, #4934, #4991, #3798, #398, #5382, #5055, #4228, #2903, #520, #4116, #2184, #3827, #1656, #1271, #4574, #888, #85, #2156, #1331, #2991, #1630, #2963, #919, #2092, #861, #3282, #3739, #4142, #4637, #2588, #458, #1214, #2875, #2556, #1243, #4519, #2469, #19, #4546, #2527, #1682, #2122, #3767, #54, #1713, #3367, #5022, #1299, #5083, #146 ),
 ( #2587, #1773, #1030, #2693, #4692, #601, #3426, #3486, #84, #974, #1803, #2241, #3076, #3103, #1361, #2641, #4720, #4337, #4636, #3460, #2614, #2990, #1330, #577, #1857, #2668, #5141, #3797, #3881, #1744, #4227, #5168, #550, #627, #519, #2263, #4257, #1449, #171, #3397, #3826, #1003, #3048, #4748, #2211, #5054, #918, #2182, #4311, #3910, #1832, #112, #3021, #195, #1391, #4283, #4663, #1421, #946, #5114, #3512, #3855, #3587, #3540, #2367, #5245, #4007, #3224, #295, #5196, #4798, #1080, #1475, #2746, #4389, #1958, #2791, #4773, #5272, #3611, #1545, #3985, #2720, #250, #3633, #1151, #1523, #3202, #723, #1129, #4874, #4413, #3961, #4850, #2815, #4435, #3180, #3128, #2290, #4033, #4363, #4460, #677, #3936, #1908, #1055, #2390, #3563, #2769, #650, #2318, #5221, #225, #1884, #2342, #4826, #1498, #321, #1985, #274, #3154, #1934, #5296, #1106, #702, #1569, #4564, #4981, #3358, #2890, #2436, #3326, #1287, #4132, #1645, #2010, #746, #2514, #1178, #2954, #1204, #5011, #4079, #1593, #1261, #364, #1233, #4900, #3652, #5320, #1703, #2412, #2866, #2057, #4054, #9, #2924 ) ),
 .UNSPECIFIED., .F., .F., .F. ) 
 B_SPLINE_SURFACE_WITH_KNOTS ( ( 2, 2 ),
 ( 3, 2, 2, 2, 2, 2, 2, 2, 2, 2, 2, 2, 2, 2, 2, 2, 2, 2, 2, 2, 2, 2, 2, 2, 2, 2, 2, 2, 2, 2, 2, 2, 2, 2, 2, 2, 2, 2, 2, 2, 2, 2, 2, 2, 2, 2, 2, 2, 2, 2, 2, 2, 2, 2, 2, 2, 2, 2, 2, 2, 2, 2, 2, 2, 2, 2, 2, 2, 2, 2, 2, 2, 2, 2, 2, 2, 2, 2, 3 ),
 ( 0.000000000000000000, 1.000000000000000000 ),
 ( 0.000000000000000000, 0.01282051282051282007, 0.02564102564102564014, 0.03846153846153846367, 0.05128205128205128027, 0.06410256410256409687, 0.07692307692307692735, 0.08974358974358974395, 0.1025641025641025605, 0.1153846153846153910, 0.1282051282051281937, 0.1410256410256410242, 0.1538461538461538547, 0.1666666666666666574, 0.1794871794871794879, 0.1923076923076923184, 0.2051282051282051211, 0.2179487179487179516, 0.2307692307692307820, 0.2435897435897435848, 0.2564102564102563875, 0.2692307692307692180, 0.2820512820512820484, 0.2948717948717948789, 0.3076923076923077094, 0.3205128205128205399, 0.3333333333333333148, 0.3461538461538461453, 0.3589743589743589758, 0.3717948717948718063, 0.3846153846153846367, 0.3974358974358974117, 0.4102564102564102422, 0.4230769230769230727, 0.4358974358974359031, 0.4487179487179487336, 0.4615384615384615641, 0.4743589743589743390, 0.4871794871794871695, 0.5000000000000000000, 0.5128205128205127750, 0.5256410256410256610, 0.5384615384615384359, 0.5512820512820513219, 0.5641025641025640969, 0.5769230769230768718, 0.5897435897435897578, 0.6025641025641025328, 0.6153846153846154188, 0.6282051282051281937, 0.6410256410256410797, 0.6538461538461538547, 0.6666666666666666297, 0.6794871794871795156, 0.6923076923076922906, 0.7051282051282051766, 0.7179487179487179516, 0.7307692307692307265, 0.7435897435897436125, 0.7564102564102563875, 0.7692307692307692735, 0.7820512820512820484, 0.7948717948717948234, 0.8076923076923077094, 0.8205128205128204844, 0.8333333333333333703, 0.8461538461538461453, 0.8589743589743589203, 0.8717948717948718063, 0.8846153846153845812, 0.8974358974358974672, 0.9102564102564102422, 0.9230769230769231282, 0.9358974358974359031, 0.9487179487179486781, 0.9615384615384615641, 0.9743589743589743390, 0.9871794871794872250, 0.9894792658631219595 ),
 .UNSPECIFIED. ) 
 GEOMETRIC_REPRESENTATION_ITEM ( )  RATIONAL_B_SPLINE_SURFACE ( (
 ( 1.000000000000000000, 0.8660254037844387076, 1.000000000000000000, 0.8660254037844387076, 1.000000000000000000, 0.8660254037844387076, 1.000000000000000000, 0.8660254037844387076, 1.000000000000000000, 0.8660254037844387076, 1.000000000000000000, 0.8660254037844387076, 1.000000000000000000, 0.8660254037844387076, 1.000000000000000000, 0.8660254037844387076, 1.000000000000000000, 0.8660254037844387076, 1.000000000000000000, 0.8660254037844387076, 1.000000000000000000, 0.8660254037844387076, 1.000000000000000000, 0.8660254037844387076, 1.000000000000000000, 0.8660254037844387076, 1.000000000000000000, 0.8660254037844387076, 1.000000000000000000, 0.8660254037844387076, 1.000000000000000000, 0.8660254037844387076, 1.000000000000000000, 0.8660254037844387076, 1.000000000000000000, 0.8660254037844387076, 1.000000000000000000, 0.8660254037844387076, 1.000000000000000000, 0.8660254037844387076, 1.000000000000000000, 0.8660254037844387076, 1.000000000000000000, 0.8660254037844387076, 1.000000000000000000, 0.8660254037844387076, 1.000000000000000000, 0.8660254037844387076, 1.000000000000000000, 0.8660254037844387076, 1.000000000000000000, 0.8660254037844387076, 1.000000000000000000, 0.8660254037844387076, 1.000000000000000000, 0.8660254037844387076, 1.000000000000000000, 0.8660254037844387076, 1.000000000000000000, 0.8660254037844387076, 1.000000000000000000, 0.8660254037844387076, 1.000000000000000000, 0.8660254037844387076, 1.000000000000000000, 0.8660254037844387076, 1.000000000000000000, 0.8660254037844387076, 1.000000000000000000, 0.8660254037844387076, 1.000000000000000000, 0.8660254037844387076, 1.000000000000000000, 0.8660254037844387076, 1.000000000000000000, 0.8660254037844387076, 1.000000000000000000, 0.8660254037844387076, 1.000000000000000000, 0.8660254037844387076, 1.000000000000000000, 0.8660254037844387076, 1.000000000000000000, 0.8660254037844387076, 1.000000000000000000, 0.8660254037844387076, 1.000000000000000000, 0.8660254037844387076, 1.000000000000000000, 0.8660254037844387076, 1.000000000000000000, 0.8660254037844387076, 1.000000000000000000, 0.8660254037844387076, 1.000000000000000000, 0.8660254037844387076, 1.000000000000000000, 0.8660254037844387076, 1.000000000000000000, 0.8660254037844387076, 1.000000000000000000, 0.8660254037844387076, 1.000000000000000000, 0.8660254037844387076, 1.000000000000000000, 0.8660254037844387076, 1.000000000000000000, 0.8660254037844387076, 1.000000000000000000, 0.8660254037844387076, 1.000000000000000000, 0.8660254037844387076, 1.000000000000000000, 0.8660254037844387076, 1.000000000000000000, 0.8660254037844387076, 1.000000000000000000, 0.8660254037844387076, 1.000000000000000000, 0.8660254037844387076, 1.000000000000000000, 0.8660254037844387076, 1.000000000000000000, 0.8660254037844387076, 1.000000000000000000, 0.8660254037844387076, 1.000000000000000000, 0.8660254037844387076, 1.000000000000000000, 0.8660254037844387076, 1.000000000000000000, 0.8660254037844387076, 1.000000000000000000, 0.8660254037844387076, 1.000000000000000000, 0.8660254037844387076, 1.000000000000000000, 0.8660254037844387076, 1.000000000000000000, 0.8660254037844387076, 1.000000000000000000, 0.8660254037844387076, 1.000000000000000000, 0.8660254037844387076, 1.000000000000000000, 0.8660254037844387076, 1.000000000000000000, 0.8660254037844387076, 1.000000000000000000, 0.8660254037844387076, 1.000000000000000000, 0.8660254037844387076, 1.000000000000000000, 0.8660254037844387076, 1.000000000000000000, 0.9759672701990406152, 0.9605566541121859370),
 ( 1.000000000000000000, 0.8660254037844387076, 1.000000000000000000, 0.8660254037844387076, 1.000000000000000000, 0.8660254037844387076, 1.000000000000000000, 0.8660254037844387076, 1.000000000000000000, 0.8660254037844387076, 1.000000000000000000, 0.8660254037844387076, 1.000000000000000000, 0.8660254037844387076, 1.000000000000000000, 0.8660254037844387076, 1.000000000000000000, 0.8660254037844387076, 1.000000000000000000, 0.8660254037844387076, 1.000000000000000000, 0.8660254037844387076, 1.000000000000000000, 0.8660254037844387076, 1.000000000000000000, 0.8660254037844387076, 1.000000000000000000, 0.8660254037844387076, 1.000000000000000000, 0.8660254037844387076, 1.000000000000000000, 0.8660254037844387076, 1.000000000000000000, 0.8660254037844387076, 1.000000000000000000, 0.8660254037844387076, 1.000000000000000000, 0.8660254037844387076, 1.000000000000000000, 0.8660254037844387076, 1.000000000000000000, 0.8660254037844387076, 1.000000000000000000, 0.8660254037844387076, 1.000000000000000000, 0.8660254037844387076, 1.000000000000000000, 0.8660254037844387076, 1.000000000000000000, 0.8660254037844387076, 1.000000000000000000, 0.8660254037844387076, 1.000000000000000000, 0.8660254037844387076, 1.000000000000000000, 0.8660254037844387076, 1.000000000000000000, 0.8660254037844387076, 1.000000000000000000, 0.8660254037844387076, 1.000000000000000000, 0.8660254037844387076, 1.000000000000000000, 0.8660254037844387076, 1.000000000000000000, 0.8660254037844387076, 1.000000000000000000, 0.8660254037844387076, 1.000000000000000000, 0.8660254037844387076, 1.000000000000000000, 0.8660254037844387076, 1.000000000000000000, 0.8660254037844387076, 1.000000000000000000, 0.8660254037844387076, 1.000000000000000000, 0.8660254037844387076, 1.000000000000000000, 0.8660254037844387076, 1.000000000000000000, 0.8660254037844387076, 1.000000000000000000, 0.8660254037844387076, 1.000000000000000000, 0.8660254037844387076, 1.000000000000000000, 0.8660254037844387076, 1.000000000000000000, 0.8660254037844387076, 1.000000000000000000, 0.8660254037844387076, 1.000000000000000000, 0.8660254037844387076, 1.000000000000000000, 0.8660254037844387076, 1.000000000000000000, 0.8660254037844387076, 1.000000000000000000, 0.8660254037844387076, 1.000000000000000000, 0.8660254037844387076, 1.000000000000000000, 0.8660254037844387076, 1.000000000000000000, 0.8660254037844387076, 1.000000000000000000, 0.8660254037844387076, 1.000000000000000000, 0.8660254037844387076, 1.000000000000000000, 0.8660254037844387076, 1.000000000000000000, 0.8660254037844387076, 1.000000000000000000, 0.8660254037844387076, 1.000000000000000000, 0.8660254037844387076, 1.000000000000000000, 0.8660254037844387076, 1.000000000000000000, 0.8660254037844387076, 1.000000000000000000, 0.8660254037844387076, 1.000000000000000000, 0.8660254037844387076, 1.000000000000000000, 0.8660254037844387076, 1.000000000000000000, 0.8660254037844387076, 1.000000000000000000, 0.8660254037844387076, 1.000000000000000000, 0.8660254037844387076, 1.000000000000000000, 0.8660254037844387076, 1.000000000000000000, 0.8660254037844387076, 1.000000000000000000, 0.8660254037844387076, 1.000000000000000000, 0.8660254037844387076, 1.000000000000000000, 0.8660254037844387076, 1.000000000000000000, 0.8660254037844387076, 1.000000000000000000, 0.8660254037844387076, 1.000000000000000000, 0.8660254037844387076, 1.000000000000000000, 0.8660254037844387076, 1.000000000000000000, 0.8660254037844387076, 1.000000000000000000, 0.9759672701990406152, 0.9605566541121859370) ) ) 
 REPRESENTATION_ITEM ( '' )  SURFACE ( )  );
#306 = AXIS2_PLACEMENT_3D ( 'NONE', #4235, #403, #91 ) ;
#307 = AXIS2_PLACEMENT_3D ( 'NONE', #971, #2638, #4280 ) ;
#308 = CARTESIAN_POINT ( 'NONE',  ( 16.91666666666667140, -0.5876202367904145296, 1.017788105676650900 ) ) ;
#309 = AXIS2_PLACEMENT_3D ( 'NONE', #3035, #4244, #4707 ) ;
#310 = CARTESIAN_POINT ( 'NONE',  ( 13.65329359036992507, -6.100733027540753030E-16, 1.450994063950751034 ) ) ;
#311 = B_SPLINE_CURVE_WITH_KNOTS ( 'NONE', 3,
 ( #2735, #1560, #5262, #2023, #1119, #261 ),
 .UNSPECIFIED., .F., .F.,
 ( 4, 2, 4 ),
 ( 0.01302315003470462876, 0.01366841833925378641, 0.01431368664380294232 ),
 .UNSPECIFIED. ) ;
#312 = ORIENTED_EDGE ( 'NONE', *, *, #4434, .T. ) ;
#313 = VERTEX_POINT ( 'NONE', #5153 ) ;
#314 = CARTESIAN_POINT ( 'NONE',  ( 12.49999999999999822, -3.755786496842899057E-16, 2.250000000000000000 ) ) ;
#315 = CARTESIAN_POINT ( 'NONE',  ( -17.35416666666665719, 0.7500000000000008882, 1.299038105676659116 ) ) ;
#316 = ORIENTED_EDGE ( 'NONE', *, *, #1216, .T. ) ;
#317 = CARTESIAN_POINT ( 'NONE',  ( -15.60416666666665542, 0.5876202367904169721, 1.017788105676656452 ) ) ;
#318 = CARTESIAN_POINT ( 'NONE',  ( 13.37753999999999799, -0.6284377762940680512, 1.005212270136198960 ) ) ;
#319 = CARTESIAN_POINT ( 'NONE',  ( -13.45833333333333570, 1.500000000000001110, 0.8660254037844392627 ) ) ;
#320 = CARTESIAN_POINT ( 'NONE',  ( 15.33333333333333393, 0.5876202367904130863, 1.017788105676651789 ) ) ;
#321 = CARTESIAN_POINT ( 'NONE',  ( -12.87499999999998579, -2.492861891654330359E-16, -1.357050807568875195 ) ) ;
#322 = CARTESIAN_POINT ( 'NONE',  ( -11.95833333333332149, -1.175240473580834166, -0.6785254037844372643 ) ) ;
#323 = CARTESIAN_POINT ( 'NONE',  ( 15.02083333333333570, -0.5876202367904137525, -1.017788105676651345 ) ) ;
#324 = CARTESIAN_POINT ( 'NONE',  ( 15.04166666666666785, -1.175240473580827727, -0.6785254037844345998 ) ) ;
#325 = CARTESIAN_POINT ( 'NONE',  ( -16.10416666666665719, 0.5876202367904169721, 1.017788105676656452 ) ) ;
#326 = CARTESIAN_POINT ( 'NONE',  ( 15.60416666666666963, 0.5876202367904140855, -1.017788105676651345 ) ) ;
#327 = CARTESIAN_POINT ( 'NONE',  ( -15.29166666666666785, -1.500000000000000888, 0.8660254037844398178 ) ) ;
#328 = VERTEX_POINT ( 'NONE', #560 ) ;
#329 = CARTESIAN_POINT ( 'NONE',  ( 17.00000000000000000, -1.175240473580827949, -1.439254484199180504E-16 ) ) ;
#330 = CARTESIAN_POINT ( 'NONE',  ( -16.43749999999998579, -1.175240473580833722, 1.439254484199187407E-16 ) ) ;
#331 = EDGE_CURVE ( 'NONE', #1789, #1256, #615, .T. ) ;
#332 = CARTESIAN_POINT ( 'NONE',  ( 0.000000000000000000, 0.000000000000000000, 0.000000000000000000 ) ) ;
#333 = ORIENTED_EDGE ( 'NONE', *, *, #238, .T. ) ;
#334 = EDGE_LOOP ( 'NONE', ( #5214, #3209, #2713, #1032, #12, #948 ) ) ;
#335 = CARTESIAN_POINT ( 'NONE',  ( -17.22419052083204960, 0.4808627750548711277, -1.205401235796826453 ) ) ;
#336 = CARTESIAN_POINT ( 'NONE',  ( 16.62500000000000000, -6.391244124090313355E-16, 1.500000000000000000 ) ) ;
#337 = ORIENTED_EDGE ( 'NONE', *, *, #1502, .F. ) ;
#338 = CARTESIAN_POINT ( 'NONE',  ( -14.31249999999998757, -2.492861891654330359E-16, -1.357050807568875195 ) ) ;
#339 = CARTESIAN_POINT ( 'NONE',  ( 13.37754000000000154, -0.3452898107846888442, 1.134090249175116583 ) ) ;
#340 = CARTESIAN_POINT ( 'NONE',  ( 17.06250000000000000, -6.391244124090313355E-16, 1.499999999999999778 ) ) ;
#341 = CARTESIAN_POINT ( 'NONE',  ( 13.08333333333333570, -0.5876202367904137525, -1.017788105676651345 ) ) ;
#342 = DIRECTION ( 'NONE',  ( 1.000000000000000000, 0.000000000000000000, 0.000000000000000000 ) ) ;
#343 = CARTESIAN_POINT ( 'NONE',  ( -11.49999999999998934, -1.175240473580833722, 1.439254484199187407E-16 ) ) ;
#344 = CARTESIAN_POINT ( 'NONE',  ( 16.14583333333333215, 1.175240473580827727, -0.6785254037844341557 ) ) ;
#345 = CONICAL_SURFACE ( 'NONE', #5299, 2.250000000000000000, 1.047197551196600074 ) ;
#346 = CARTESIAN_POINT ( 'NONE',  ( 14.20833333333333570, 1.175240473580827949, -0.6785254037844341557 ) ) ;
#347 = CARTESIAN_POINT ( 'NONE',  ( -15.06249999999998934, 8.309539638847769097E-17, 1.357050807568875195 ) ) ;
#348 = DIRECTION ( 'NONE',  ( 0.000000000000000000, 0.000000000000000000, 1.000000000000000000 ) ) ;
#349 = CARTESIAN_POINT ( 'NONE',  ( -16.29166666666666785, -1.500000000000000888, 0.8660254037844398178 ) ) ;
#350 = ORIENTED_EDGE ( 'NONE', *, *, #2878, .T. ) ;
#351 = CARTESIAN_POINT ( 'NONE',  ( 17.50000000000000000, -1.175240473580827949, -1.439254484199180504E-16 ) ) ;
#352 = CARTESIAN_POINT ( 'NONE',  ( -17.43749999999998934, -1.175240473580833722, 1.439254484199187407E-16 ) ) ;
#353 = CARTESIAN_POINT ( 'NONE',  ( -13.08482909936924798, -0.4019237886466848764, -1.500000000000001110 ) ) ;
#354 = ORIENTED_EDGE ( 'NONE', *, *, #3571, .T. ) ;
#355 = ORIENTED_EDGE ( 'NONE', *, *, #2917, .F. ) ;
#356 = ADVANCED_FACE ( 'NONE', ( #4760 ), #345, .T. ) ;
#357 = CARTESIAN_POINT ( 'NONE',  ( 16.45833333333333570, 1.500000000000000000, -0.8660254037844384856 ) ) ;
#358 = CARTESIAN_POINT ( 'NONE',  ( -15.35416666666665542, 0.7500000000000008882, 1.299038105676659116 ) ) ;
#359 = ORIENTED_EDGE ( 'NONE', *, *, #3004, .T. ) ;
#360 = CARTESIAN_POINT ( 'NONE',  ( -13.77083333333332327, 0.5876202367904159729, -1.017788105676656896 ) ) ;
#361 = CARTESIAN_POINT ( 'NONE',  ( 13.70229952641917492, -1.471475802235557406, -0.2911339269738637547 ) ) ;
#362 = CARTESIAN_POINT ( 'NONE',  ( 15.10416666666666785, -0.7500000000000006661, 1.299038105676657562 ) ) ;
#363 = FACE_OUTER_BOUND ( 'NONE', #451, .T. ) ;
#364 = CARTESIAN_POINT ( 'NONE',  ( -11.70833333333332149, 1.175240473580833944, 0.6785254037844374864 ) ) ;
#365 = CARTESIAN_POINT ( 'NONE',  ( -11.75000000000000178, -1.500000000000001332, 1.836970198721031413E-16 ) ) ;
#366 = CC_DESIGN_DATE_AND_TIME_ASSIGNMENT ( #5004, #4587, ( #3654 ) ) ;
#367 = CARTESIAN_POINT ( 'NONE',  ( 16.56250000000000000, 8.309539638847728421E-17, -1.357050807568868533 ) ) ;
#368 = ADVANCED_FACE ( 'NONE', ( #587 ), #4240, .T. ) ;
#369 = ORIENTED_EDGE ( 'NONE', *, *, #575, .F. ) ;
#370 = CARTESIAN_POINT ( 'NONE',  ( 14.12500000000000178, 8.309539638847728421E-17, -1.357050807568868311 ) ) ;
#371 = CARTESIAN_POINT ( 'NONE',  ( -14.89583333333332149, -1.175240473580834166, -0.6785254037844372643 ) ) ;
#372 = CARTESIAN_POINT ( 'NONE',  ( -16.50000000000000000, 1.500000000000001332, 0.000000000000000000 ) ) ;
#373 = CARTESIAN_POINT ( 'NONE',  ( -15.64583333333332149, -1.500000000000002220, -0.8660254037844388186 ) ) ;
#374 = ORIENTED_EDGE ( 'NONE', *, *, #69, .T. ) ;
#375 = CARTESIAN_POINT ( 'NONE',  ( 17.66666666666666785, 0.5876202367904140855, -1.017788105676651345 ) ) ;
#376 = CARTESIAN_POINT ( 'NONE',  ( -15.81249999999998757, -2.492861891654330359E-16, -1.357050807568875195 ) ) ;
#377 = CARTESIAN_POINT ( 'NONE',  ( -12.85266927316100904, -0.4019530831018679473, 1.499983086838414970 ) ) ;
#378 = ORIENTED_EDGE ( 'NONE', *, *, #272, .F. ) ;
#379 = CARTESIAN_POINT ( 'NONE',  ( -16.14583333333332149, -1.500000000000002220, -0.8660254037844388186 ) ) ;
#380 = AXIS2_PLACEMENT_3D ( 'NONE', #1567, #2055, #4823 ) ;
#381 = CARTESIAN_POINT ( 'NONE',  ( 16.91666666666667140, 0.7500000000000002220, -1.299038105676658006 ) ) ;
#382 = CARTESIAN_POINT ( 'NONE',  ( -15.72916666666665542, -1.500000000000000888, 0.8660254037844398178 ) ) ;
#383 = EDGE_CURVE ( 'NONE', #3828, #4117, #1765, .T. ) ;
#384 = ORIENTED_EDGE ( 'NONE', *, *, #2953, .T. ) ;
#385 = CARTESIAN_POINT ( 'NONE',  ( -16.85416666666665719, 0.7500000000000008882, 1.299038105676659116 ) ) ;
#386 = CARTESIAN_POINT ( 'NONE',  ( 17.31476729034997675, 1.300513337870970343, -0.2326849289353981609 ) ) ;
#387 = CARTESIAN_POINT ( 'NONE',  ( 14.85416666666666785, 0.7500000000000002220, -1.299038105676658006 ) ) ;
#388 = FACE_OUTER_BOUND ( 'NONE', #1236, .T. ) ;
#389 = DIRECTION ( 'NONE',  ( 0.000000000000000000, 0.000000000000000000, -1.000000000000000000 ) ) ;
#390 = CARTESIAN_POINT ( 'NONE',  ( -17.22857505765145802, 0.6662107849929024272, 1.096440445758461779 ) ) ;
#391 = EDGE_CURVE ( 'NONE', #2061, #4143, #4463, .T. ) ;
#392 = CARTESIAN_POINT ( 'NONE',  ( 15.06250000000000355, 8.309539638847728421E-17, -1.357050807568868533 ) ) ;
#393 = ORIENTED_EDGE ( 'NONE', *, *, #299, .T. ) ;
#394 = CARTESIAN_POINT ( 'NONE',  ( 15.58333333333333393, -0.5876202367904137525, -1.017788105676651345 ) ) ;
#395 = CARTESIAN_POINT ( 'NONE',  ( -15.27083333333331971, 0.5876202367904159729, -1.017788105676656896 ) ) ;
#396 = CARTESIAN_POINT ( 'NONE',  ( 15.77083333333333393, 0.5876202367904130863, 1.017788105676651789 ) ) ;
#397 = CARTESIAN_POINT ( 'NONE',  ( -15.25000000000000178, -1.500000000000001332, 1.836970198721031413E-16 ) ) ;
#398 = CARTESIAN_POINT ( 'NONE',  ( -13.35416666666665542, 0.7500000000000008882, 1.299038105676659116 ) ) ;
#399 = ORIENTED_EDGE ( 'NONE', *, *, #3248, .F. ) ;
#400 =( BOUNDED_CURVE ( )  B_SPLINE_CURVE ( 2, ( #3965, #1528, #4802, #2268, #3567, #3592, #1863, #3544, #200 ),
 .UNSPECIFIED., .F., .T. ) 
 B_SPLINE_CURVE_WITH_KNOTS ( ( 3, 2, 2, 2, 3 ),
 ( 0.3409090909090909394, 0.3484848484848485084, 0.3636363636363636465, 0.3787878787878787845, 0.3863636363636363535 ),
 .UNSPECIFIED. ) 
 CURVE ( )  GEOMETRIC_REPRESENTATION_ITEM ( )  RATIONAL_B_SPLINE_CURVE ( ( 0.9330127018922194093, 0.9330127018922196314, 1.000000000000000000, 0.8660254037844387076, 1.000000000000000000, 0.8660254037844387076, 1.000000000000000000, 0.9330127018922194093, 0.9330127018922194093 ) ) 
 REPRESENTATION_ITEM ( '' )  );
#401 = CARTESIAN_POINT ( 'NONE',  ( 14.20833333333333570, 1.175240473580827727, -0.6785254037844341557 ) ) ;
#402 = CARTESIAN_POINT ( 'NONE',  ( -17.35416666666665364, -0.5876202367904174162, -1.017788105676656230 ) ) ;
#403 = DIRECTION ( 'NONE',  ( 1.000000000000000000, 0.000000000000000000, 0.000000000000000000 ) ) ;
#404 = ORIENTED_EDGE ( 'NONE', *, *, #1371, .F. ) ;
#405 = CARTESIAN_POINT ( 'NONE',  ( 12.49999999999999822, 0.000000000000000000, -1.500000000000000222 ) ) ;
#406 = DIRECTION ( 'NONE',  ( 0.000000000000000000, 0.000000000000000000, -1.000000000000000000 ) ) ;
#407 = B_SPLINE_CURVE_WITH_KNOTS ( 'NONE', 3,
 ( #2569, #5033, #1, #469, #4150, #4208 ),
 .UNSPECIFIED., .F., .F.,
 ( 4, 2, 4 ),
 ( 0.001314652396222795814, 0.001969405109320635471, 0.002624157822418474693 ),
 .UNSPECIFIED. ) ;
#408 = CARTESIAN_POINT ( 'NONE',  ( -14.60416666666665364, -0.7500000000000013323, -1.299038105676658894 ) ) ;
#409 = ORIENTED_EDGE ( 'NONE', *, *, #3321, .F. ) ;
#410 = CARTESIAN_POINT ( 'NONE',  ( -12.72916666666665719, 1.175240473580833500, -0.6785254037844382635 ) ) ;
#411 = CARTESIAN_POINT ( 'NONE',  ( 17.06250000000000000, -6.391244124090313355E-16, 1.499999999999999778 ) ) ;
#412 = CARTESIAN_POINT ( 'NONE',  ( 12.97916666666666963, 1.499999999999999778, 0.8660254037844394848 ) ) ;
#413 = CARTESIAN_POINT ( 'NONE',  ( 13.37500000000000178, 0.000000000000000000, 0.000000000000000000 ) ) ;
#414 = DIRECTION ( 'NONE',  ( -1.000000000000000000, -0.000000000000000000, -0.000000000000000000 ) ) ;
#415 = CARTESIAN_POINT ( 'NONE',  ( -11.70833333333333570, -1.500000000000002220, -0.8660254037844388186 ) ) ;
#416 = CARTESIAN_POINT ( 'NONE',  ( 12.18750000000000178, 1.175240473580827949, 0.000000000000000000 ) ) ;
#417 = EDGE_LOOP ( 'NONE', ( #1878, #1136, #3041, #2284 ) ) ;
#418 = CARTESIAN_POINT ( 'NONE',  ( -13.24999999999998757, 1.175240473580833722, 0.000000000000000000 ) ) ;
#419 = EDGE_CURVE ( 'NONE', #4657, #4304, #3034, .T. ) ;
#420 = B_SPLINE_CURVE_WITH_KNOTS ( 'NONE', 3,
 ( #1933, #170, #1831, #1420 ),
 .UNSPECIFIED., .F., .F.,
 ( 4, 4 ),
 ( 0.0009324489276501407315, 0.0009403333487727439863 ),
 .UNSPECIFIED. ) ;
#421 = CARTESIAN_POINT ( 'NONE',  ( 16.12500000000000000, 8.309539638847728421E-17, -1.357050807568868311 ) ) ;
#422 = CARTESIAN_POINT ( 'NONE',  ( -14.39583333333332327, -1.175240473580834166, -0.6785254037844372643 ) ) ;
#423 = CARTESIAN_POINT ( 'NONE',  ( 13.93750000000000178, -1.175240473580827949, -1.439254484199180504E-16 ) ) ;
#424 = CARTESIAN_POINT ( 'NONE',  ( -14.25000000000000178, -1.500000000000001332, 1.836970198721031413E-16 ) ) ;
#425 = CARTESIAN_POINT ( 'NONE',  ( -15.37499825397863695, -3.142839371137244825E-05, 1.499999999670752926 ) ) ;
#426 = CARTESIAN_POINT ( 'NONE',  ( -13.77083333333332327, -0.7500000000000003331, 1.299038105676659338 ) ) ;
#427 = EDGE_LOOP ( 'NONE', ( #783, #98, #2785 ) ) ;
#428 = VECTOR ( 'NONE', #2547, 1000.000000000000000 ) ;
#429 = CARTESIAN_POINT ( 'NONE',  ( -14.83333333333332149, 0.5876202367904159729, -1.017788105676656896 ) ) ;
#430 = CARTESIAN_POINT ( 'NONE',  ( 14.45833333333333393, -1.175240473580827949, 0.6785254037844338226 ) ) ;
#431 = CARTESIAN_POINT ( 'NONE',  ( -16.27083333333332149, 0.5876202367904159729, -1.017788105676656896 ) ) ;
#432 = CARTESIAN_POINT ( 'NONE',  ( -16.95833333333333570, 1.500000000000001110, 0.8660254037844392627 ) ) ;
#433 = CC_DESIGN_DATE_AND_TIME_ASSIGNMENT ( #125, #1343, ( #3771 ) ) ;
#434 = EDGE_CURVE ( 'NONE', #2475, #1264, #1193, .T. ) ;
#435 =( BOUNDED_CURVE ( )  B_SPLINE_CURVE ( 2, ( #1278, #4149, #4501, #2942, #2048, #2162, #437, #3718, #3806 ),
 .UNSPECIFIED., .F., .F. ) 
 B_SPLINE_CURVE_WITH_KNOTS ( ( 3, 2, 2, 2, 3 ),
 ( 0.9423076923076922906, 0.9487179487179486781, 0.9615384615384615641, 0.9743589743589743390, 0.9807692307692308376 ),
 .UNSPECIFIED. ) 
 CURVE ( )  GEOMETRIC_REPRESENTATION_ITEM ( )  RATIONAL_B_SPLINE_CURVE ( ( 0.9330127018922194093, 0.9330127018922194093, 1.000000000000000000, 0.8660254037844387076, 1.000000000000000000, 0.8660254037844387076, 1.000000000000000000, 0.9330127018922187432, 0.9330127018922192983 ) ) 
 REPRESENTATION_ITEM ( '' )  );
#436 = VERTEX_POINT ( 'NONE', #1594 ) ;
#437 = CARTESIAN_POINT ( 'NONE',  ( -11.60416666666665542, -0.7500000000000013323, -1.299038105676658894 ) ) ;
#438 = DIRECTION ( 'NONE',  ( 0.000000000000000000, -0.8660254037844387076, 0.4999999999999999445 ) ) ;
#439 = CARTESIAN_POINT ( 'NONE',  ( 13.29166666666666963, 1.175240473580827505, 0.6785254037844348218 ) ) ;
#440 = CARTESIAN_POINT ( 'NONE',  ( -16.18749999999998579, -1.500000000000001332, 1.836970198721031413E-16 ) ) ;
#441 = EDGE_LOOP ( 'NONE', ( #2175, #920, #3120, #4469 ) ) ;
#442 = CARTESIAN_POINT ( 'NONE',  ( -13.56249999999998934, 6.333141904780402276E-15, -1.500000000000001554 ) ) ;
#443 = CARTESIAN_POINT ( 'NONE',  ( 17.18750000000000000, 1.175240473580827949, 0.000000000000000000 ) ) ;
#444 = CARTESIAN_POINT ( 'NONE',  ( 15.43750000000000178, 1.500000000000000000, 0.000000000000000000 ) ) ;
#445 = CARTESIAN_POINT ( 'NONE',  ( -17.50000000000000000, 0.000000000000000000, 0.000000000000000000 ) ) ;
#446 =( BOUNDED_CURVE ( )  B_SPLINE_CURVE ( 2, ( #2404, #5336, #1142, #715, #3625, #357, #2804, #763, #2382 ),
 .UNSPECIFIED., .F., .F. ) 
 B_SPLINE_CURVE_WITH_KNOTS ( ( 3, 2, 2, 2, 3 ),
 ( 0.1590909090909090884, 0.1666666666666666574, 0.1818181818181818232, 0.1969696969696969613, 0.2045454545454545581 ),
 .UNSPECIFIED. ) 
 CURVE ( )  GEOMETRIC_REPRESENTATION_ITEM ( )  RATIONAL_B_SPLINE_CURVE ( ( 0.9330127018922194093, 0.9330127018922194093, 1.000000000000000000, 0.8660254037844387076, 1.000000000000000000, 0.8660254037844387076, 1.000000000000000000, 0.9330127018922191873, 0.9330127018922192983 ) ) 
 REPRESENTATION_ITEM ( '' )  );
#447 = CYLINDRICAL_SURFACE ( 'NONE', #775, 1.500000000000000666 ) ;
#448 = CARTESIAN_POINT ( 'NONE',  ( -14.12622106121466636, -6.978510199071425140E-05, -1.499999996966381977 ) ) ;
#449 = CARTESIAN_POINT ( 'NONE',  ( 14.56250000000000355, 8.309539638847728421E-17, -1.357050807568868533 ) ) ;
#450 = B_SPLINE_CURVE_WITH_KNOTS ( 'NONE', 3,
 ( #4808, #2275, #3060, #5180 ),
 .UNSPECIFIED., .F., .F.,
 ( 4, 4 ),
 ( 0.000000000000000000, 8.003786803288867049E-06 ),
 .UNSPECIFIED. ) ;
#451 = EDGE_LOOP ( 'NONE', ( #1737, #1859, #1992, #4407 ) ) ;
#452 = CARTESIAN_POINT ( 'NONE',  ( -13.45833333333332327, -1.175240473580834166, -0.6785254037844371533 ) ) ;
#453 = CARTESIAN_POINT ( 'NONE',  ( -13.54017090063072715, 0.4019237886466869303, -1.499999999999999778 ) ) ;
#454 = CARTESIAN_POINT ( 'NONE',  ( -13.56249999999998757, 8.309539638847769097E-17, 1.357050807568875195 ) ) ;
#455 = CARTESIAN_POINT ( 'NONE',  ( 14.35416666666666785, -0.5876202367904145296, 1.017788105676650900 ) ) ;
#456 = CARTESIAN_POINT ( 'NONE',  ( -11.75000000000000178, -1.500000000000001332, 1.836970198721031413E-16 ) ) ;
#457 = CARTESIAN_POINT ( 'NONE',  ( -13.06249999999998757, -6.391244124090313355E-16, -1.500000000000001332 ) ) ;
#458 = CARTESIAN_POINT ( 'NONE',  ( -12.22916666666665542, -1.500000000000000888, 0.8660254037844398178 ) ) ;
#459 = ORIENTED_EDGE ( 'NONE', *, *, #4527, .F. ) ;
#460 = ADVANCED_FACE ( 'NONE', ( #3564 ), #3991, .T. ) ;
#461 = EDGE_CURVE ( 'NONE', #1998, #1649, #3447, .T. ) ;
#462 = CARTESIAN_POINT ( 'NONE',  ( 15.31250000000000000, -2.492861891654318526E-16, 1.357050807568868311 ) ) ;
#463 = CARTESIAN_POINT ( 'NONE',  ( -16.99999999999998579, -1.175240473580833722, 1.439254484199187407E-16 ) ) ;
#464 = CARTESIAN_POINT ( 'NONE',  ( 14.58333333333333570, -0.5876202367904137525, -1.017788105676651345 ) ) ;
#465 = CARTESIAN_POINT ( 'NONE',  ( -14.52083333333332149, -0.5876202367904166390, 1.017788105676656674 ) ) ;
#466 = CARTESIAN_POINT ( 'NONE',  ( -11.10000000000000142, 0.000000000000000000, 1.500000000000000666 ) ) ;
#467 = ORIENTED_EDGE ( 'NONE', *, *, #1624, .T. ) ;
#468 = DIRECTION ( 'NONE',  ( -1.000000000000000000, -0.000000000000000000, -0.000000000000000000 ) ) ;
#469 = CARTESIAN_POINT ( 'NONE',  ( -17.41074498996844966, 1.511897080250296899, 1.881317441191445061 ) ) ;
#470 = CARTESIAN_POINT ( 'NONE',  ( 12.87500000000000000, -2.492861891654318526E-16, 1.357050807568868533 ) ) ;
#471 = CARTESIAN_POINT ( 'NONE',  ( -15.27083333333332149, -0.7500000000000003331, 1.299038105676659338 ) ) ;
#472 = APPROVAL_ROLE ( '' ) ;
#473 =( BOUNDED_CURVE ( )  B_SPLINE_CURVE ( 2, ( #76, #2487, #5044, #4080, #4926, #5012, #2146, #4565, #2460 ),
 .UNSPECIFIED., .F., .F. ) 
 B_SPLINE_CURVE_WITH_KNOTS ( ( 3, 2, 2, 2, 3 ),
 ( 0.7884615384615384359, 0.7948717948717948234, 0.8076923076923077094, 0.8205128205128204844, 0.8269230769230769829 ),
 .UNSPECIFIED. ) 
 CURVE ( )  GEOMETRIC_REPRESENTATION_ITEM ( )  RATIONAL_B_SPLINE_CURVE ( ( 0.9330127018922194093, 0.9330127018922194093, 1.000000000000000000, 0.8660254037844387076, 1.000000000000000000, 0.8660254037844387076, 1.000000000000000000, 0.9330127018922187432, 0.9330127018922192983 ) ) 
 REPRESENTATION_ITEM ( '' )  );
#474 = VECTOR ( 'NONE', #5250, 1000.000000000000000 ) ;
#475 = AXIS2_PLACEMENT_3D ( 'NONE', #1052, #624, #3933 ) ;
#476 = VERTEX_POINT ( 'NONE', #4594 ) ;
#477 = CARTESIAN_POINT ( 'NONE',  ( -11.97916666666665542, -1.175240473580833722, 0.6785254037844379305 ) ) ;
#478 = CARTESIAN_POINT ( 'NONE',  ( 17.44339282863739626, -1.175240473580827949, -0.09596241433480512395 ) ) ;
#479 = CARTESIAN_POINT ( 'NONE',  ( 14.20833333333333570, -1.500000000000000222, 0.8660254037844381525 ) ) ;
#480 = CARTESIAN_POINT ( 'NONE',  ( -12.54166666666666963, 1.500000000000000888, -0.8660254037844402619 ) ) ;
#481 = LOCAL_TIME ( 18, 17, 22.00000000000000000, #4558 ) ;
#482 = CARTESIAN_POINT ( 'NONE',  ( 16.18750000000000000, -1.500000000000000000, -1.836970198721029934E-16 ) ) ;
#483 = CARTESIAN_POINT ( 'NONE',  ( -11.10000000000000142, -8.631602991779225442E-06, -7.372705752538587862E-06 ) ) ;
#484 = CARTESIAN_POINT ( 'NONE',  ( 13.10416666666666785, 0.5876202367904140855, -1.017788105676651345 ) ) ;
#485 = ORIENTED_EDGE ( 'NONE', *, *, #2139, .F. ) ;
#486 = CARTESIAN_POINT ( 'NONE',  ( -13.91666666666665542, -0.5876202367904174162, -1.017788105676656230 ) ) ;
#487 = CARTESIAN_POINT ( 'NONE',  ( -11.31948126914685737, 0.7632876171811795452, -0.8936342563442600806 ) ) ;
#488 = CARTESIAN_POINT ( 'NONE',  ( -13.39583333333332149, -1.175240473580834166, -0.6785254037844372643 ) ) ;
#489 = CARTESIAN_POINT ( 'NONE',  ( 13.56250000000000178, 8.309539638847728421E-17, -1.357050807568868533 ) ) ;
#490 = CARTESIAN_POINT ( 'NONE',  ( -13.04166666666666785, 1.500000000000000888, -0.8660254037844402619 ) ) ;
#491 = CARTESIAN_POINT ( 'NONE',  ( -17.50000000000000000, 1.948557158514987231, -1.124999999999999112 ) ) ;
#492 = CARTESIAN_POINT ( 'NONE',  ( -14.02083333333332327, 0.7499999999999995559, -1.299038105676659560 ) ) ;
#493 = ORIENTED_EDGE ( 'NONE', *, *, #1058, .F. ) ;
#494 = CARTESIAN_POINT ( 'NONE',  ( 16.00000000000000000, 1.500000000000000000, 0.000000000000000000 ) ) ;
#495 = CARTESIAN_POINT ( 'NONE',  ( -15.74999999999998579, 1.175240473580833722, 0.000000000000000000 ) ) ;
#496 = CARTESIAN_POINT ( 'NONE',  ( 13.75000000000000178, 1.175240473580827949, 0.000000000000000000 ) ) ;
#497 = CARTESIAN_POINT ( 'NONE',  ( -14.47916666666665542, -1.175240473580833722, 0.6785254037844379305 ) ) ;
#498 = CARTESIAN_POINT ( 'NONE',  ( -17.10267146076464684, 0.4019137062363495883, -1.500005821082321722 ) ) ;
#499 = CARTESIAN_POINT ( 'NONE',  ( -16.27083333333332149, -0.7500000000000003331, 1.299038105676659338 ) ) ;
#500 = CARTESIAN_POINT ( 'NONE',  ( -11.62524120630311586, -1.377048542635779009E-05, -1.499999999881638901 ) ) ;
#501 = EDGE_CURVE ( 'NONE', #4087, #3391, #3056, .T. ) ;
#502 = CARTESIAN_POINT ( 'NONE',  ( 13.87500000000000000, 2.033577675846917841E-16, -1.499999999999999778 ) ) ;
#503 = B_SPLINE_CURVE_WITH_KNOTS ( 'NONE', 3,
 ( #1044, #2709, #4350, #239, #4650, #314 ),
 .UNSPECIFIED., .F., .F.,
 ( 4, 2, 4 ),
 ( 0.01298417320724525557, 0.01362919559578015805, 0.01427421798431505878 ),
 .UNSPECIFIED. ) ;
#504 = PERSON_AND_ORGANIZATION_ROLE ( 'design_owner' ) ;
#505 = ORIENTED_EDGE ( 'NONE', *, *, #115, .T. ) ;
#506 = CARTESIAN_POINT ( 'NONE',  ( -12.22916666666665542, 1.175240473580833500, -0.6785254037844382635 ) ) ;
#507 = CARTESIAN_POINT ( 'NONE',  ( 15.97916666666666963, -1.175240473580827727, -0.6785254037844345998 ) ) ;
#508 = CARTESIAN_POINT ( 'NONE',  ( 12.68750000000000178, -1.500000000000000000, -1.836970198721029934E-16 ) ) ;
#509 = CARTESIAN_POINT ( 'NONE',  ( 12.49999999999999822, 0.000000000000000000, -1.500000000000000222 ) ) ;
#510 = CARTESIAN_POINT ( 'NONE',  ( -11.10000000000000142, 0.000000000000000000, 0.000000000000000000 ) ) ;
#511 = CARTESIAN_POINT ( 'NONE',  ( 12.52083333333333570, -0.5876202367904137525, -1.017788105676651345 ) ) ;
#512 = VERTEX_POINT ( 'NONE', #3789 ) ;
#513 = VERTEX_POINT ( 'NONE', #2083 ) ;
#514 = CARTESIAN_POINT ( 'NONE',  ( -13.49999999999998757, -1.175240473580833722, 1.439254484199187407E-16 ) ) ;
#515 = CARTESIAN_POINT ( 'NONE',  ( -13.33482909936924798, 0.4019237886466845988, 1.500000000000001110 ) ) ;
#516 = CARTESIAN_POINT ( 'NONE',  ( -13.85416666666665542, -0.5876202367904174162, -1.017788105676656230 ) ) ;
#517 = CARTESIAN_POINT ( 'NONE',  ( 14.52083333333333570, -0.5876202367904137525, -1.017788105676651345 ) ) ;
#518 = CARTESIAN_POINT ( 'NONE',  ( -12.79166666666666785, -1.500000000000000888, 0.8660254037844398178 ) ) ;
#519 = CARTESIAN_POINT ( 'NONE',  ( -16.33333333333332149, 0.5876202367904159729, -1.017788105676656896 ) ) ;
#520 = CARTESIAN_POINT ( 'NONE',  ( -13.14583333333332149, -1.500000000000001998, -0.8660254037844388186 ) ) ;
#521 = ORIENTED_EDGE ( 'NONE', *, *, #3978, .T. ) ;
#522 = CARTESIAN_POINT ( 'NONE',  ( 14.81250000000000355, -2.492861891654318526E-16, 1.357050807568868311 ) ) ;
#523 = CARTESIAN_POINT ( 'NONE',  ( 12.29903810567665801, -2.598076211353315124, -8.298324231382116198E-17 ) ) ;
#524 = CARTESIAN_POINT ( 'NONE',  ( -17.41666666666665364, -0.5876202367904174162, -1.017788105676656230 ) ) ;
#525 = CLOSED_SHELL ( 'NONE', ( #4812, #3059, #5199, #206, #1727, #5187, #2706, #4645, #3964, #1929, #1289, #2488, #179, #2732, #4168, #3741, #36, #4611, #1742, #925, #4374, #3920, #724, #4097, #4241, #680, #1325, #2534, #4504, #1572, #460, #890, #666, #4131, #1400, #4464, #5346, #4674, #1468, #3162, #263, #1900, #2884, #636, #368, #3951, #4406, #1808, #3064, #5052, #789, #3348, #1181, #4071, #959, #2772, #3656, #2360, #2307, #356, #3884, #5019, #1025, #1977, #4237, #298, #1092, #1064, #2273, #2163, #3894, #2462, #4684, #5122, #3284, #5374, #4776, #3421, #851, #3590 ) ) ;
#526 = CARTESIAN_POINT ( 'NONE',  ( 12.54166666666666963, -1.175240473580827505, -0.6785254037844345998 ) ) ;
#527 = CARTESIAN_POINT ( 'NONE',  ( -13.22916666666665364, 1.175240473580833500, -0.6785254037844382635 ) ) ;
#528 = CARTESIAN_POINT ( 'NONE',  ( -13.66666666666666963, -0.7500000000000013323, -1.299038105676658894 ) ) ;
#529 = FACE_OUTER_BOUND ( 'NONE', #1706, .T. ) ;
#530 = CARTESIAN_POINT ( 'NONE',  ( -16.29166666666666785, -1.500000000000000888, 0.8660254037844398178 ) ) ;
#531 = CARTESIAN_POINT ( 'NONE',  ( 12.58333333333333570, -0.5876202367904137525, -1.017788105676651345 ) ) ;
#532 = APPROVAL_DATE_TIME ( #4125, #1816 ) ;
#533 = EDGE_CURVE ( 'NONE', #3213, #1667, #1224, .T. ) ;
#534 = CARTESIAN_POINT ( 'NONE',  ( -16.62499999999998579, 8.309539638847769097E-17, 1.357050807568875195 ) ) ;
#535 = ORIENTED_EDGE ( 'NONE', *, *, #243, .T. ) ;
#536 = LINE ( 'NONE', #4761, #3524 ) ;
#537 = CARTESIAN_POINT ( 'NONE',  ( 16.02083333333333570, -0.5876202367904137525, -1.017788105676651345 ) ) ;
#538 = CARTESIAN_POINT ( 'NONE',  ( 12.43750000000000178, 1.500000000000000000, 0.000000000000000000 ) ) ;
#539 = CARTESIAN_POINT ( 'NONE',  ( -12.39583333333332149, 1.500000000000001110, 0.8660254037844392627 ) ) ;
#540 = CARTESIAN_POINT ( 'NONE',  ( 14.31250000000000000, 2.033577675846917841E-16, -1.499999999999999778 ) ) ;
#541 = CARTESIAN_POINT ( 'NONE',  ( 14.39583333333333570, -1.175240473580827949, 0.6785254037844338226 ) ) ;
#542 = ORIENTED_EDGE ( 'NONE', *, *, #5224, .F. ) ;
#543 = ORIENTED_EDGE ( 'NONE', *, *, #2729, .T. ) ;
#544 = CARTESIAN_POINT ( 'NONE',  ( -13.95833333333331971, -1.175240473580834166, -0.6785254037844371533 ) ) ;
#545 = CARTESIAN_POINT ( 'NONE',  ( 13.41666666666666963, -0.5876202367904145296, 1.017788105676650900 ) ) ;
#546 = CARTESIAN_POINT ( 'NONE',  ( -13.10416666666665542, 0.5876202367904169721, 1.017788105676656452 ) ) ;
#547 = CARTESIAN_POINT ( 'NONE',  ( 14.93750000000000355, -1.175240473580827949, -1.439254484199180504E-16 ) ) ;
#548 = APPROVAL ( #3379, 'UNSPECIFIED' ) ;
#549 = CARTESIAN_POINT ( 'NONE',  ( -12.25000000000000178, -1.500000000000001332, 1.836970198721031413E-16 ) ) ;
#550 = CARTESIAN_POINT ( 'NONE',  ( -16.41666666666665719, -0.5876202367904174162, -1.017788105676656230 ) ) ;
#551 = CARTESIAN_POINT ( 'NONE',  ( -16.16666666666665719, 0.5876202367904169721, 1.017788105676656452 ) ) ;
#552 = ORIENTED_EDGE ( 'NONE', *, *, #3495, .F. ) ;
#553 = CARTESIAN_POINT ( 'NONE',  ( 15.27083333333333393, 0.5876202367904130863, 1.017788105676651789 ) ) ;
#554 = DIRECTION ( 'NONE',  ( 0.000000000000000000, 0.000000000000000000, -1.000000000000000000 ) ) ;
#555 = CARTESIAN_POINT ( 'NONE',  ( -16.83333333333332149, 0.5876202367904159729, -1.017788105676656896 ) ) ;
#556 = CARTESIAN_POINT ( 'NONE',  ( 17.39583333333333570, 1.500000000000000222, -0.8660254037844384856 ) ) ;
#557 = CARTESIAN_POINT ( 'NONE',  ( -13.35416666666665542, -0.5876202367904174162, -1.017788105676656230 ) ) ;
#558 = CARTESIAN_POINT ( 'NONE',  ( 16.39583333333333570, 1.500000000000000000, -0.8660254037844384856 ) ) ;
#559 = CARTESIAN_POINT ( 'NONE',  ( 15.60267090063073958, 0.4019237886466846543, 1.499999999999999556 ) ) ;
#560 = CARTESIAN_POINT ( 'NONE',  ( -17.24366543590808121, -2.868224771566699788E-11, -1.294465435908080719 ) ) ;
#561 = DIRECTION ( 'NONE',  ( 0.000000000000000000, 0.000000000000000000, 1.000000000000000000 ) ) ;
#562 = CARTESIAN_POINT ( 'NONE',  ( 15.56250000000000178, 8.309539638847728421E-17, -1.357050807568868311 ) ) ;
#563 = CARTESIAN_POINT ( 'NONE',  ( 12.50000000000000000, 0.000000000000000000, 0.000000000000000000 ) ) ;
#564 = CARTESIAN_POINT ( 'NONE',  ( 16.91666666666667140, 0.7500000000000002220, -1.299038105676658006 ) ) ;
#565 = CARTESIAN_POINT ( 'NONE',  ( -15.12591835126282902, -5.118250897976482801E-05, -1.499999998285846958 ) ) ;
#566 = CIRCLE ( 'NONE', #1247, 2.249999999999999556 ) ;
#567 = CARTESIAN_POINT ( 'NONE',  ( -13.00000000000000178, 1.500000000000001332, 0.000000000000000000 ) ) ;
#568 = VERTEX_POINT ( 'NONE', #448 ) ;
#569 = ORIENTED_EDGE ( 'NONE', *, *, #1216, .F. ) ;
#570 = CARTESIAN_POINT ( 'NONE',  ( -11.41666666666665542, -0.5876202367904174162, -1.017788105676656230 ) ) ;
#571 = AXIS2_PLACEMENT_3D ( 'NONE', #265, #3555, #1824 ) ;
#572 = CARTESIAN_POINT ( 'NONE',  ( -13.31249999999998579, 2.033577675846917841E-16, 1.500000000000001110 ) ) ;
#573 = FACE_OUTER_BOUND ( 'NONE', #1698, .T. ) ;
#574 = CARTESIAN_POINT ( 'NONE',  ( 17.33333333333333570, 0.5876202367904130863, 1.017788105676651789 ) ) ;
#575 = EDGE_CURVE ( 'NONE', #2093, #4946, #1673, .T. ) ;
#576 = CARTESIAN_POINT ( 'NONE',  ( -12.37500000000000178, 1.060575238724907778E-16, 1.732050807568878747 ) ) ;
#577 = CARTESIAN_POINT ( 'NONE',  ( -16.79166666666665719, 1.175240473580833500, -0.6785254037844382635 ) ) ;
#578 = CARTESIAN_POINT ( 'NONE',  ( -15.04166666666665542, -1.175240473580833500, 0.6785254037844380415 ) ) ;
#579 = EDGE_LOOP ( 'NONE', ( #1415, #4628, #5260, #2480 ) ) ;
#580 = CARTESIAN_POINT ( 'NONE',  ( 13.56250000000000178, 8.309539638847728421E-17, -1.357050807568868311 ) ) ;
#581 = DIRECTION ( 'NONE',  ( 1.000000000000000000, 0.000000000000000000, 0.000000000000000000 ) ) ;
#582 = CARTESIAN_POINT ( 'NONE',  ( 15.52083333333333393, 0.7499999999999988898, 1.299038105676658672 ) ) ;
#583 = CARTESIAN_POINT ( 'NONE',  ( -13.02083333333332149, -0.5876202367904166390, 1.017788105676656674 ) ) ;
#584 = CARTESIAN_POINT ( 'NONE',  ( 16.14732909936926220, -0.4019237886466845988, 1.499999999999999778 ) ) ;
#585 = CARTESIAN_POINT ( 'NONE',  ( -15.62556462521197176, -3.191347592645637756E-05, -1.499999999351781410 ) ) ;
#586 = CARTESIAN_POINT ( 'NONE',  ( 15.60416666666666963, -0.7500000000000006661, 1.299038105676657562 ) ) ;
#587 = FACE_OUTER_BOUND ( 'NONE', #3078, .T. ) ;
#588 = CARTESIAN_POINT ( 'NONE',  ( 12.49999999999999822, 0.000000000000000000, -1.500000000000000222 ) ) ;
#589 =( BOUNDED_CURVE ( )  B_SPLINE_CURVE ( 2, ( #2545, #4950, #5010, #3414, #3787, #4978, #2980, #2485, #3385 ),
 .UNSPECIFIED., .F., .F. ) 
 B_SPLINE_CURVE_WITH_KNOTS ( ( 3, 2, 2, 2, 3 ),
 ( 0.2115384615384615363, 0.2179487179487179516, 0.2307692307692307820, 0.2435897435897435848, 0.2500000000000000000 ),
 .UNSPECIFIED. ) 
 CURVE ( )  GEOMETRIC_REPRESENTATION_ITEM ( )  RATIONAL_B_SPLINE_CURVE ( ( 0.9330127018922194093, 0.9330127018922194093, 1.000000000000000000, 0.8660254037844387076, 1.000000000000000000, 0.8660254037844387076, 1.000000000000000000, 0.9330127018922191873, 0.9330127018922194093 ) ) 
 REPRESENTATION_ITEM ( '' )  );
#590 = CARTESIAN_POINT ( 'NONE',  ( -17.29903810567676459, -1.299038105676813881, -2.249999999999999556 ) ) ;
#591 = CARTESIAN_POINT ( 'NONE',  ( 15.20833333333333393, -1.500000000000000444, 0.8660254037844380415 ) ) ;
#592 = CARTESIAN_POINT ( 'NONE',  ( 14.33482909936926397, 0.4019237886466842657, -1.499999999999999778 ) ) ;
#593 = CYLINDRICAL_SURFACE ( 'NONE', #140, 1.500000000000000666 ) ;
#594 = ORIENTED_EDGE ( 'NONE', *, *, #3977, .T. ) ;
#595 = ORIENTED_EDGE ( 'NONE', *, *, #4498, .T. ) ;
#596 = CARTESIAN_POINT ( 'NONE',  ( -11.83333333333332149, 0.5876202367904159729, -1.017788105676656896 ) ) ;
#597 = CARTESIAN_POINT ( 'NONE',  ( -11.23566063253440106, 0.9742108379767878690, -1.140575838411706178 ) ) ;
#598 = CARTESIAN_POINT ( 'NONE',  ( -11.52083333333331971, -0.5876202367904166390, 1.017788105676656674 ) ) ;
#599 = CARTESIAN_POINT ( 'NONE',  ( 16.20833333333333570, 1.175240473580827727, -0.6785254037844341557 ) ) ;
#600 = CARTESIAN_POINT ( 'NONE',  ( -11.07670044154596667, 0.8693920521725799766, -1.230107072215718356 ) ) ;
#601 = CARTESIAN_POINT ( 'NONE',  ( -17.54166666666665364, -1.175240473580833722, 0.6785254037844379305 ) ) ;
#602 = CARTESIAN_POINT ( 'NONE',  ( -16.08333333333332149, -0.5876202367904166390, 1.017788105676656674 ) ) ;
#603 = VERTEX_POINT ( 'NONE', #4186 ) ;
#604 = EDGE_CURVE ( 'NONE', #5361, #2133, #797, .T. ) ;
#605 = CARTESIAN_POINT ( 'NONE',  ( 13.29166666666666963, -1.499999999999999778, -0.8660254037844391517 ) ) ;
#606 = EDGE_CURVE ( 'NONE', #2599, #3746, #473, .T. ) ;
#607 = CARTESIAN_POINT ( 'NONE',  ( -17.25103981630181238, -0.1806863667301059906, -1.301839816297806651 ) ) ;
#608 = CARTESIAN_POINT ( 'NONE',  ( -17.43261423282634581, 0.8541671210368235734, 1.233000183477008127 ) ) ;
#609 = CARTESIAN_POINT ( 'NONE',  ( 17.68750000000000355, -1.500000000000000000, -1.836970198721029934E-16 ) ) ;
#610 = CARTESIAN_POINT ( 'NONE',  ( -11.27083333333331971, 0.5876202367904159729, -1.017788105676656896 ) ) ;
#611 = CARTESIAN_POINT ( 'NONE',  ( -15.31249999999998757, -3.224673171700113400E-15, 1.500000000000001554 ) ) ;
#612 = CARTESIAN_POINT ( 'NONE',  ( -15.87500004985462354, 9.393833083394268217E-07, 1.499999999999706679 ) ) ;
#613 = EDGE_CURVE ( 'NONE', #1789, #4220, #2482, .T. ) ;
#614 = CARTESIAN_POINT ( 'NONE',  ( -17.50000000000000000, 0.000000000000000000, 0.000000000000000000 ) ) ;
#615 = LINE ( 'NONE', #5183, #1298 ) ;
#616 = CARTESIAN_POINT ( 'NONE',  ( -16.75000000000000000, -1.500000000000001332, 1.836970198721031413E-16 ) ) ;
#617 = CARTESIAN_POINT ( 'NONE',  ( 14.79166666666666785, -1.499999999999999778, -0.8660254037844391517 ) ) ;
#618 = DIRECTION ( 'NONE',  ( 0.000000000000000000, 0.000000000000000000, 1.000000000000000000 ) ) ;
#619 = CARTESIAN_POINT ( 'NONE',  ( -17.50000000000000000, 0.000000000000000000, 0.000000000000000000 ) ) ;
#620 = ORIENTED_EDGE ( 'NONE', *, *, #2394, .T. ) ;
#621 = ORIENTED_EDGE ( 'NONE', *, *, #819, .T. ) ;
#622 = CARTESIAN_POINT ( 'NONE',  ( -12.04166666666665542, -1.175240473580833722, 0.6785254037844379305 ) ) ;
#623 = CARTESIAN_POINT ( 'NONE',  ( 14.64732909936926397, -0.4019237886466845988, 1.499999999999999778 ) ) ;
#624 = DIRECTION ( 'NONE',  ( -1.000000000000000000, 0.000000000000000000, 0.000000000000000000 ) ) ;
#625 = CARTESIAN_POINT ( 'NONE',  ( 16.08333333333333570, -0.5876202367904137525, -1.017788105676651345 ) ) ;
#626 = CARTESIAN_POINT ( 'NONE',  ( -17.14583333333332149, -1.500000000000002220, -0.8660254037844388186 ) ) ;
#627 = CARTESIAN_POINT ( 'NONE',  ( -16.37499999999998934, -2.492861891654330359E-16, -1.357050807568875195 ) ) ;
#628 = CARTESIAN_POINT ( 'NONE',  ( -14.08333333333332149, -0.5876202367904166390, 1.017788105676656674 ) ) ;
#629 = CARTESIAN_POINT ( 'NONE',  ( 13.70833333333333570, -1.500000000000000444, 0.8660254037844380415 ) ) ;
#630 = CARTESIAN_POINT ( 'NONE',  ( -17.35147069444131063, -1.187555444993849685, 0.7510650054096302819 ) ) ;
#631 = LINE ( 'NONE', #5146, #4911 ) ;
#632 = CARTESIAN_POINT ( 'NONE',  ( 14.62500000000000000, -6.391244124090313355E-16, 1.500000000000000000 ) ) ;
#633 = CARTESIAN_POINT ( 'NONE',  ( 17.77083333333333570, -0.7499999999999996669, -1.299038105676658228 ) ) ;
#634 = CARTESIAN_POINT ( 'NONE',  ( -12.81249999999998579, -2.492861891654330359E-16, -1.357050807568875195 ) ) ;
#635 =( BOUNDED_CURVE ( )  B_SPLINE_CURVE ( 2, ( #4078, #3271, #3675, #3700, #1591, #1126, #2031, #5370, #2838 ),
 .UNSPECIFIED., .F., .F. ) 
 B_SPLINE_CURVE_WITH_KNOTS ( ( 3, 2, 2, 2, 3 ),
 ( 0.7045454545454545858, 0.7121212121212121549, 0.7272727272727272929, 0.7424242424242424310, 0.7500000000000000000 ),
 .UNSPECIFIED. ) 
 CURVE ( )  GEOMETRIC_REPRESENTATION_ITEM ( )  RATIONAL_B_SPLINE_CURVE ( ( 0.9330127018922194093, 0.9330127018922194093, 1.000000000000000000, 0.8660254037844387076, 1.000000000000000000, 0.8660254037844387076, 1.000000000000000000, 0.9330127018922194093, 0.9330127018922194093 ) ) 
 REPRESENTATION_ITEM ( '' )  );
#636 = ADVANCED_FACE ( 'NONE', ( #4158 ), #3327, .T. ) ;
#637 = CARTESIAN_POINT ( 'NONE',  ( -15.33482909936924621, 0.4019237886466829890, 1.500000000000001998 ) ) ;
#638 = CARTESIAN_POINT ( 'NONE',  ( -17.43749999999998934, 1.500000000000001332, 0.000000000000000000 ) ) ;
#639 = EDGE_CURVE ( 'NONE', #4895, #3315, #3434, .T. ) ;
#640 = CARTESIAN_POINT ( 'NONE',  ( 12.49999999999999822, 0.000000000000000000, 0.000000000000000000 ) ) ;
#641 = CARTESIAN_POINT ( 'NONE',  ( -17.10241145397639073, -0.3185636823153169539, 1.173127979830088208 ) ) ;
#642 = CARTESIAN_POINT ( 'NONE',  ( 17.12500000000000355, -3.181725716174720005E-16, 1.732050807568877193 ) ) ;
#643 = CARTESIAN_POINT ( 'NONE',  ( -14.04017090063072715, 0.4019237886466836551, -1.500000000000001776 ) ) ;
#644 = DIRECTION ( 'NONE',  ( -1.000000000000000000, -0.000000000000000000, -0.000000000000000000 ) ) ;
#645 = ORIENTED_EDGE ( 'NONE', *, *, #3094, .T. ) ;
#646 = CARTESIAN_POINT ( 'NONE',  ( -17.14583333333332149, 1.175240473580833944, 0.6785254037844374864 ) ) ;
#647 = CARTESIAN_POINT ( 'NONE',  ( 17.08482909936926220, -0.4019237886466845988, 1.499999999999999778 ) ) ;
#648 = CARTESIAN_POINT ( 'NONE',  ( -14.97916666666665364, 1.500000000000000888, -0.8660254037844402619 ) ) ;
#649 = CARTESIAN_POINT ( 'NONE',  ( 17.54166666666666785, -1.175240473580827505, -0.6785254037844345998 ) ) ;
#650 = CARTESIAN_POINT ( 'NONE',  ( -13.20833333333332149, 1.175240473580833944, 0.6785254037844374864 ) ) ;
#651 = CARTESIAN_POINT ( 'NONE',  ( -15.37499999999998757, -2.492861891654330359E-16, -1.357050807568875195 ) ) ;
#652 = CARTESIAN_POINT ( 'NONE',  ( 12.70833333333333748, -1.500000000000000444, 0.8660254037844380415 ) ) ;
#653 =( BOUNDED_CURVE ( )  B_SPLINE_CURVE ( 2, ( #2101, #30, #1694, #530, #3349, #1340, #4999, #1279, #2943 ),
 .UNSPECIFIED., .F., .F. ) 
 B_SPLINE_CURVE_WITH_KNOTS ( ( 3, 2, 2, 2, 3 ),
 ( 0.1749174407509587470, 0.1813955581819526874, 0.1943523837663778953, 0.2073092093508030476, 0.2137871600433734198 ),
 .UNSPECIFIED. ) 
 CURVE ( )  GEOMETRIC_REPRESENTATION_ITEM ( )  RATIONAL_B_SPLINE_CURVE ( ( 0.9330127020314586961, 0.9330157559504644871, 1.000000000000000000, 0.8660254037844387076, 1.000000000000000000, 0.8660254037844387076, 1.000000000000000000, 0.9330174800388862932, 0.9330127022330404474 ) ) 
 REPRESENTATION_ITEM ( '' )  );
#654 = AXIS2_PLACEMENT_3D ( 'NONE', #2674, #707, #348 ) ;
#655 = CONICAL_SURFACE ( 'NONE', #2471, 1.550800000000000622, 0.7853981633974500554 ) ;
#656 = CARTESIAN_POINT ( 'NONE',  ( -17.24366543590808121, -2.868224771566699788E-11, -1.294465435908080719 ) ) ;
#657 = DIRECTION ( 'NONE',  ( -1.000000000000000000, -0.000000000000000000, -0.000000000000000000 ) ) ;
#658 = DIRECTION ( 'NONE',  ( -1.000000000000000000, -0.000000000000000000, -0.000000000000000000 ) ) ;
#659 = CARTESIAN_POINT ( 'NONE',  ( 12.25000000000000178, 1.175240473580827949, 0.000000000000000000 ) ) ;
#660 = CARTESIAN_POINT ( 'NONE',  ( -11.47916666666665364, -1.175240473580833722, 0.6785254037844379305 ) ) ;
#661 = CARTESIAN_POINT ( 'NONE',  ( 12.50000000000000000, -2.169875997175799487, 0.7416645267673325215 ) ) ;
#662 = CARTESIAN_POINT ( 'NONE',  ( -11.50698189760320211, 0.9742012188451836252, -1.140584054421489135 ) ) ;
#663 = CARTESIAN_POINT ( 'NONE',  ( 15.72916666666666963, -1.499999999999999778, -0.8660254037844391517 ) ) ;
#664 = EDGE_CURVE ( 'NONE', #1609, #4865, #5133, .T. ) ;
#665 = ORIENTED_EDGE ( 'NONE', *, *, #138, .T. ) ;
#666 = ADVANCED_FACE ( 'NONE', ( #3039 ), #4327, .T. ) ;
#667 = PLANE ( 'NONE',  #234 ) ;
#668 = CARTESIAN_POINT ( 'NONE',  ( 16.79166666666667140, -1.499999999999999778, -0.8660254037844391517 ) ) ;
#669 = CARTESIAN_POINT ( 'NONE',  ( -17.12975741615601777, 0.9229419337890050201, 0.7462374131984714776 ) ) ;
#670 = CARTESIAN_POINT ( 'NONE',  ( 16.72916666666667140, -1.499999999999999778, -0.8660254037844391517 ) ) ;
#671 = VERTEX_POINT ( 'NONE', #2632 ) ;
#672 = CARTESIAN_POINT ( 'NONE',  ( -15.97916666666665542, -1.175240473580833722, 0.6785254037844379305 ) ) ;
#673 = CARTESIAN_POINT ( 'NONE',  ( -16.54166666666667140, 1.500000000000000888, -0.8660254037844402619 ) ) ;
#674 = CARTESIAN_POINT ( 'NONE',  ( -11.10000000000000142, 1.836970198721030427E-16, -1.500000000000000666 ) ) ;
#675 = CARTESIAN_POINT ( 'NONE',  ( 15.66666666666666963, 0.5876202367904140855, -1.017788105676651345 ) ) ;
#676 = CARTESIAN_POINT ( 'NONE',  ( 13.53554995288939722, -1.028513561952377087, 0.8537912624529405692 ) ) ;
#677 = CARTESIAN_POINT ( 'NONE',  ( -13.49999999999998757, -1.175240473580833722, 1.439254484199187407E-16 ) ) ;
#678 = CARTESIAN_POINT ( 'NONE',  ( -11.91666666666665542, -0.5876202367904174162, -1.017788105676656230 ) ) ;
#679 = CARTESIAN_POINT ( 'NONE',  ( 17.43750000000000000, -1.175240473580827949, -1.439254484199180504E-16 ) ) ;
#680 = ADVANCED_FACE ( 'NONE', ( #2660 ), #3093, .F. ) ;
#681 = CARTESIAN_POINT ( 'NONE',  ( 17.20833333333333570, 1.175240473580827949, -0.6785254037844341557 ) ) ;
#682 = CARTESIAN_POINT ( 'NONE',  ( -13.95833333333333393, 1.500000000000001110, 0.8660254037844392627 ) ) ;
#683 = CARTESIAN_POINT ( 'NONE',  ( 12.49999999999999822, 0.000000000000000000, 0.000000000000000000 ) ) ;
#684 = CARTESIAN_POINT ( 'NONE',  ( 14.97916666666666963, 1.499999999999999778, 0.8660254037844394848 ) ) ;
#685 = CARTESIAN_POINT ( 'NONE',  ( -17.20833333333333570, -1.500000000000001998, -0.8660254037844388186 ) ) ;
#686 =( BOUNDED_CURVE ( )  B_SPLINE_CURVE ( 2, ( #3566, #5225, #3205, #1503, #2749, #1963, #2773, #681, #4011, #4855, #5174, #2345, #3988, #1453, #278, #1035, #3591, #5248, #4416, #4340, #2698, #3183, #1527, #4829, #1109, #2794, #1573, #4137, #4904, #14, #3227, #1238, #3252, #421, #4929, #728, #2821, #5377, #2036, #2088, #1182, #4438, #2395, #1651, #2870, #3734, #394, #4986, #3657, #4878, #5324, #1677, #3636, #2415, #800, #4037, #5300, #2062, #829, #324, #2843, #4514, #3335, #2464, #1988, #1598, #4488, #1156, #778, #2440, #4110, #3303, #4465, #3706, #4956, #2898, #4083, #749, #4057, #346, #2013, #370, #3683, #5351, #4542, #2492, #1625, #3277, #1209, #2151, #49, #3793, #2637, #2117, #883, #4659, #3482, #3762, #545, #4688, #4569 ),
 .UNSPECIFIED., .F., .F. ) 
 B_SPLINE_CURVE_WITH_KNOTS ( ( 3, 2, 2, 2, 2, 2, 2, 2, 2, 2, 2, 2, 2, 2, 2, 2, 2, 2, 2, 2, 2, 2, 2, 2, 2, 2, 2, 2, 2, 2, 2, 2, 2, 2, 2, 2, 2, 2, 2, 2, 2, 2, 2, 2, 2, 2, 2, 2, 2, 2, 3 ),
 ( 0.05448862177080522617, 0.06060606060606060774, 0.07575757575757575968, 0.09090909090909091161, 0.1060606060606060774, 0.1212121212121212155, 0.1363636363636363535, 0.1515151515151515194, 0.1666666666666666574, 0.1818181818181818232, 0.1969696969696969613, 0.2121212121212120993, 0.2272727272727272374, 0.2424242424242424310, 0.2575757575757575690, 0.2727272727272727071, 0.2878787878787879562, 0.3030303030303030387, 0.3181818181818181768, 0.3333333333333333148, 0.3484848484848485084, 0.3636363636363636465, 0.3787878787878787845, 0.3939393939393939226, 0.4090909090909091717, 0.4242424242424242542, 0.4393939393939393923, 0.4545454545454545303, 0.4696969696969697239, 0.4848484848484848619, 0.5000000000000000000, 0.5151515151515151381, 0.5303030303030302761, 0.5454545454545454142, 0.5606060606060605522, 0.5757575757575758013, 0.5909090909090909394, 0.6060606060606060774, 0.6212121212121212155, 0.6363636363636363535, 0.6515151515151514916, 0.6666666666666666297, 0.6818181818181817677, 0.6969696969696970168, 0.7121212121212121549, 0.7272727272727272929, 0.7424242424242424310, 0.7575757575757575690, 0.7727272727272728181, 0.7878787878787877341, 0.7950235631027584571 ),
 .UNSPECIFIED. ) 
 CURVE ( )  GEOMETRIC_REPRESENTATION_ITEM ( )  RATIONAL_B_SPLINE_CURVE ( ( 0.9354949502796796601, 0.9459076277434356195, 1.000000000000000000, 0.8660254037844387076, 1.000000000000000000, 0.8660254037844387076, 1.000000000000000000, 0.8660254037844387076, 1.000000000000000000, 0.8660254037844387076, 1.000000000000000000, 0.8660254037844387076, 1.000000000000000000, 0.8660254037844387076, 1.000000000000000000, 0.8660254037844387076, 1.000000000000000000, 0.8660254037844387076, 1.000000000000000000, 0.8660254037844387076, 1.000000000000000000, 0.8660254037844387076, 1.000000000000000000, 0.8660254037844387076, 1.000000000000000000, 0.8660254037844387076, 1.000000000000000000, 0.8660254037844387076, 1.000000000000000000, 0.8660254037844387076, 1.000000000000000000, 0.8660254037844387076, 1.000000000000000000, 0.8660254037844387076, 1.000000000000000000, 0.8660254037844387076, 1.000000000000000000, 0.8660254037844387076, 1.000000000000000000, 0.8660254037844387076, 1.000000000000000000, 0.8660254037844387076, 1.000000000000000000, 0.8660254037844387076, 1.000000000000000000, 0.8660254037844387076, 1.000000000000000000, 0.8660254037844387076, 1.000000000000000000, 0.8660254037844387076, 1.000000000000000000, 0.8660254037844387076, 1.000000000000000000, 0.8660254037844387076, 1.000000000000000000, 0.8660254037844387076, 1.000000000000000000, 0.8660254037844387076, 1.000000000000000000, 0.8660254037844387076, 1.000000000000000000, 0.8660254037844387076, 1.000000000000000000, 0.8660254037844387076, 1.000000000000000000, 0.8660254037844387076, 1.000000000000000000, 0.8660254037844387076, 1.000000000000000000, 0.8660254037844387076, 1.000000000000000000, 0.8660254037844387076, 1.000000000000000000, 0.8660254037844387076, 1.000000000000000000, 0.8660254037844387076, 1.000000000000000000, 0.8660254037844387076, 1.000000000000000000, 0.8660254037844387076, 1.000000000000000000, 0.8660254037844387076, 1.000000000000000000, 0.8660254037844387076, 1.000000000000000000, 0.8660254037844387076, 1.000000000000000000, 0.8660254037844387076, 1.000000000000000000, 0.8660254037844387076, 1.000000000000000000, 0.8660254037844387076, 1.000000000000000000, 0.8660254037844387076, 1.000000000000000000, 0.8660254037844387076, 1.000000000000000000, 0.8660254037844387076, 1.000000000000000000, 0.9368235872049609503, 0.9332295019017301518 ) ) 
 REPRESENTATION_ITEM ( '' )  );
#687 = CARTESIAN_POINT ( 'NONE',  ( 16.50000000000000000, -1.175240473580827949, -1.439254484199180504E-16 ) ) ;
#688 = CARTESIAN_POINT ( 'NONE',  ( -14.87499943351207143, -1.019678460495414788E-05, 1.499999999965342834 ) ) ;
#689 = CARTESIAN_POINT ( 'NONE',  ( 12.41110547264751851, -0.8717308501297569290, -2.249999999999999556 ) ) ;
#690 = CARTESIAN_POINT ( 'NONE',  ( -12.04166666666666963, 1.500000000000000888, -0.8660254037844402619 ) ) ;
#691 = CARTESIAN_POINT ( 'NONE',  ( -17.50000000000000000, 0.000000000000000000, 1.550800000000000622 ) ) ;
#692 = CARTESIAN_POINT ( 'NONE',  ( 14.50000000000000178, 1.500000000000000000, 0.000000000000000000 ) ) ;
#693 = CARTESIAN_POINT ( 'NONE',  ( -12.31249999999998757, -6.768908549604741285E-15, 1.500000000000001332 ) ) ;
#694 = EDGE_CURVE ( 'NONE', #2498, #4962, #2325, .T. ) ;
#695 = CARTESIAN_POINT ( 'NONE',  ( 12.49999999999999822, 0.000000000000000000, -2.250000000000000000 ) ) ;
#696 = AXIS2_PLACEMENT_3D ( 'NONE', #5312, #4763, #287 ) ;
#697 = ORIENTED_EDGE ( 'NONE', *, *, #1070, .T. ) ;
#698 = CARTESIAN_POINT ( 'NONE',  ( -15.39583333333332149, -1.175240473580834166, -0.6785254037844371533 ) ) ;
#699 = DIRECTION ( 'NONE',  ( -1.000000000000000000, -0.000000000000000000, -0.000000000000000000 ) ) ;
#700 = CARTESIAN_POINT ( 'NONE',  ( 14.37500000000000355, -2.492861891654318526E-16, 1.357050807568868533 ) ) ;
#701 = FACE_OUTER_BOUND ( 'NONE', #2399, .T. ) ;
#702 = CARTESIAN_POINT ( 'NONE',  ( -12.58333333333332149, -0.5876202367904166390, 1.017788105676656674 ) ) ;
#703 = CARTESIAN_POINT ( 'NONE',  ( -12.41666666666665542, -0.5876202367904174162, -1.017788105676656230 ) ) ;
#704 = CARTESIAN_POINT ( 'NONE',  ( 13.41666666666666963, 0.7500000000000002220, -1.299038105676658006 ) ) ;
#705 = CARTESIAN_POINT ( 'NONE',  ( 17.42985429767512784, -0.6221457992483541144, 1.024762852510695099 ) ) ;
#706 = CARTESIAN_POINT ( 'NONE',  ( -13.89732915504860067, 0.4019247908748194154, 1.499999421363317875 ) ) ;
#707 = DIRECTION ( 'NONE',  ( -1.000000000000000000, -0.000000000000000000, -0.000000000000000000 ) ) ;
#708 = CARTESIAN_POINT ( 'NONE',  ( -11.68749999999998757, 1.175240473580833722, 0.000000000000000000 ) ) ;
#709 = ORIENTED_EDGE ( 'NONE', *, *, #383, .F. ) ;
#710 = CARTESIAN_POINT ( 'NONE',  ( 17.16666666666667140, 0.5876202367904140855, -1.017788105676651345 ) ) ;
#711 = CARTESIAN_POINT ( 'NONE',  ( 13.87500000000000000, 2.033577675846917841E-16, -1.499999999999999778 ) ) ;
#712 = CARTESIAN_POINT ( 'NONE',  ( 14.79017090063073780, -0.4019237886466865417, -1.499999999999998446 ) ) ;
#713 = ORIENTED_EDGE ( 'NONE', *, *, #5253, .T. ) ;
#714 = VERTEX_POINT ( 'NONE', #4218 ) ;
#715 = CARTESIAN_POINT ( 'NONE',  ( 16.54166666666667140, 1.499999999999999778, 0.8660254037844394848 ) ) ;
#716 = CARTESIAN_POINT ( 'NONE',  ( -13.83482909936924621, 0.4019237886466813237, 1.500000000000003109 ) ) ;
#717 = PLANE ( 'NONE',  #4537 ) ;
#718 = ORIENTED_EDGE ( 'NONE', *, *, #1585, .T. ) ;
#719 = CARTESIAN_POINT ( 'NONE',  ( -15.06249999999998934, 8.309539638847769097E-17, 1.357050807568875195 ) ) ;
#720 = CARTESIAN_POINT ( 'NONE',  ( -11.89583333333332149, 1.500000000000001110, 0.8660254037844392627 ) ) ;
#721 = DIRECTION ( 'NONE',  ( 0.000000000000000000, 0.000000000000000000, 1.000000000000000000 ) ) ;
#722 = CARTESIAN_POINT ( 'NONE',  ( 12.91666666666666785, -0.5876202367904145296, 1.017788105676650900 ) ) ;
#723 = CARTESIAN_POINT ( 'NONE',  ( -14.08333333333332149, -0.5876202367904166390, 1.017788105676656674 ) ) ;
#724 = ADVANCED_FACE ( 'NONE', ( #2201 ), #3502, .F. ) ;
#725 = CARTESIAN_POINT ( 'NONE',  ( -13.04166666666665719, -1.175240473580833500, 0.6785254037844380415 ) ) ;
#726 = CARTESIAN_POINT ( 'NONE',  ( 16.47916666666666785, -1.175240473580827505, -0.6785254037844345998 ) ) ;
#727 = EDGE_CURVE ( 'NONE', #105, #4954, #162, .T. ) ;
#728 = CARTESIAN_POINT ( 'NONE',  ( 16.04166666666666785, -1.175240473580827727, -0.6785254037844345998 ) ) ;
#729 = CARTESIAN_POINT ( 'NONE',  ( -14.93749999999998934, -1.175240473580833722, 1.439254484199187407E-16 ) ) ;
#730 = CARTESIAN_POINT ( 'NONE',  ( 15.72916666666666963, 1.175240473580827505, 0.6785254037844348218 ) ) ;
#731 = CARTESIAN_POINT ( 'NONE',  ( -14.20833333333333570, -1.500000000000001998, -0.8660254037844388186 ) ) ;
#732 = VERTEX_POINT ( 'NONE', #4273 ) ;
#733 = CIRCLE ( 'NONE', #4810, 1.172700473580827740 ) ;
#734 = CARTESIAN_POINT ( 'NONE',  ( 16.04166666666667140, -1.175240473580827505, -0.6785254037844345998 ) ) ;
#735 = AXIS2_PLACEMENT_3D ( 'NONE', #3369, #3430, #4201 ) ;
#736 = CARTESIAN_POINT ( 'NONE',  ( -16.64583333333332149, 1.175240473580833944, 0.6785254037844374864 ) ) ;
#737 = ORIENTED_EDGE ( 'NONE', *, *, #3532, .F. ) ;
#738 = ORIENTED_EDGE ( 'NONE', *, *, #1559, .T. ) ;
#739 = CARTESIAN_POINT ( 'NONE',  ( -14.66666666666666785, -0.7500000000000013323, -1.299038105676658894 ) ) ;
#740 = CARTESIAN_POINT ( 'NONE',  ( -17.10416666666665719, -0.7500000000000013323, -1.299038105676658894 ) ) ;
#741 = ORIENTED_EDGE ( 'NONE', *, *, #1994, .F. ) ;
#742 = CARTESIAN_POINT ( 'NONE',  ( -13.64583333333332327, 1.175240473580833944, 0.6785254037844374864 ) ) ;
#743 = CARTESIAN_POINT ( 'NONE',  ( -11.81249999999998757, 2.033577675846917841E-16, 1.500000000000001110 ) ) ;
#744 = CARTESIAN_POINT ( 'NONE',  ( -13.41666666666666963, 0.7500000000000008882, 1.299038105676659116 ) ) ;
#745 = CARTESIAN_POINT ( 'NONE',  ( 14.70833333333333570, 1.175240473580827727, -0.6785254037844341557 ) ) ;
#746 = CARTESIAN_POINT ( 'NONE',  ( -12.08333333333332149, -0.5876202367904166390, 1.017788105676656674 ) ) ;
#747 = CARTESIAN_POINT ( 'NONE',  ( -11.83333333333332149, 0.5876202367904159729, -1.017788105676656896 ) ) ;
#748 = CARTESIAN_POINT ( 'NONE',  ( 17.27083333333333570, 0.5876202367904130863, 1.017788105676651789 ) ) ;
#749 = CARTESIAN_POINT ( 'NONE',  ( 14.29166666666666785, 1.175240473580827727, 0.6785254037844348218 ) ) ;
#750 = CARTESIAN_POINT ( 'NONE',  ( -16.39583333333332149, -1.175240473580834166, -0.6785254037844372643 ) ) ;
#751 = CARTESIAN_POINT ( 'NONE',  ( 16.64583333333333570, 1.175240473580827727, -0.6785254037844341557 ) ) ;
#752 =( BOUNDED_CURVE ( )  B_SPLINE_CURVE ( 2, ( #4184, #2889, #1733, #480, #2577, #936, #2172, #2200, #1317 ),
 .UNSPECIFIED., .F., .F. ) 
 B_SPLINE_CURVE_WITH_KNOTS ( ( 3, 2, 2, 2, 3 ),
 ( 0.7579745470286642917, 0.7644527094810862344, 0.7774095350655115810, 0.7903663606499367056, 0.7968446171281386992 ),
 .UNSPECIFIED. ) 
 CURVE ( )  GEOMETRIC_REPRESENTATION_ITEM ( )  RATIONAL_B_SPLINE_CURVE ( ( 0.9330127019922458409, 0.9330152904253551371, 1.000000000000000000, 0.8660254037844387076, 1.000000000000000000, 0.8660254037844387076, 1.000000000000000000, 0.9330143181913899131, 0.9330127019312181025 ) ) 
 REPRESENTATION_ITEM ( '' )  );
#753 = CARTESIAN_POINT ( 'NONE',  ( -14.00000000000000178, 1.500000000000001332, 0.000000000000000000 ) ) ;
#754 = ORIENTED_EDGE ( 'NONE', *, *, #1251, .F. ) ;
#755 = EDGE_CURVE ( 'NONE', #4844, #5143, #2603, .T. ) ;
#756 = EDGE_CURVE ( 'NONE', #4189, #4895, #3975, .T. ) ;
#757 = CARTESIAN_POINT ( 'NONE',  ( 16.33333333333333570, 0.5876202367904130863, 1.017788105676651789 ) ) ;
#758 = CARTESIAN_POINT ( 'NONE',  ( -16.10416666666665719, 0.5876202367904169721, 1.017788105676656452 ) ) ;
#759 = CARTESIAN_POINT ( 'NONE',  ( -13.29017090063072892, -0.4019237886466842102, 1.500000000000001110 ) ) ;
#760 = EDGE_LOOP ( 'NONE', ( #5160, #1640, #4766, #594, #2893, #3819, #393, #5031, #4153, #3768 ) ) ;
#761 = CARTESIAN_POINT ( 'NONE',  ( -12.00000000000000178, 1.500000000000001332, 0.000000000000000000 ) ) ;
#762 = CC_DESIGN_PERSON_AND_ORGANIZATION_ASSIGNMENT ( #288, #504, ( #4353 ) ) ;
#763 = CARTESIAN_POINT ( 'NONE',  ( 16.39732909936926575, 0.4019237886466835996, -1.500000000000000444 ) ) ;
#764 = EDGE_CURVE ( 'NONE', #2876, #1657, #1807, .T. ) ;
#765 = CARTESIAN_POINT ( 'NONE',  ( -16.06249999999998579, -3.181725716174723456E-16, -1.732050807568878747 ) ) ;
#766 = LINE ( 'NONE', #5365, #1526 ) ;
#767 = ORIENTED_EDGE ( 'NONE', *, *, #2697, .T. ) ;
#768 = CARTESIAN_POINT ( 'NONE',  ( -15.02083333333332149, -0.5876202367904166390, 1.017788105676656674 ) ) ;
#769 = CARTESIAN_POINT ( 'NONE',  ( 17.40236388584325056, 2.468095122956097501E-11, 1.222636114156757436 ) ) ;
#770 = CARTESIAN_POINT ( 'NONE',  ( 13.77083333333333570, -0.7499999999999996669, -1.299038105676658228 ) ) ;
#771 = CARTESIAN_POINT ( 'NONE',  ( -11.10000000000000142, 0.000000000000000000, 0.000000000000000000 ) ) ;
#772 = CARTESIAN_POINT ( 'NONE',  ( 13.66198298896580177, -0.2397464922789770414, 1.444861704104115852 ) ) ;
#773 = CARTESIAN_POINT ( 'NONE',  ( -12.87499999999998934, -2.492861891654330359E-16, -1.357050807568875195 ) ) ;
#774 = CARTESIAN_POINT ( 'NONE',  ( 15.56250000000000178, 8.309539638847728421E-17, -1.357050807568868533 ) ) ;
#775 = AXIS2_PLACEMENT_3D ( 'NONE', #3249, #414, #3298 ) ;
#776 = B_SPLINE_CURVE_WITH_KNOTS ( 'NONE', 3,
 ( #796, #2839, #772, #5347, #2112, #3757, #4538, #1619 ),
 .UNSPECIFIED., .F., .F.,
 ( 4, 2, 2, 4 ),
 ( 0.007150428904804586629, 0.007509181114820538683, 0.007867933324836489870, 0.008585437744868393978 ),
 .UNSPECIFIED. ) ;
#777 = VERTEX_POINT ( 'NONE', #1899 ) ;
#778 = CARTESIAN_POINT ( 'NONE',  ( 14.66666666666666785, 0.5876202367904140855, -1.017788105676651345 ) ) ;
#779 = CARTESIAN_POINT ( 'NONE',  ( -16.77083333333332149, 0.5876202367904159729, -1.017788105676656896 ) ) ;
#780 = CARTESIAN_POINT ( 'NONE',  ( 17.27083333333333570, 0.5876202367904130863, 1.017788105676651789 ) ) ;
#781 = CARTESIAN_POINT ( 'NONE',  ( -16.45833333333333570, 1.500000000000001554, 0.8660254037844392627 ) ) ;
#782 = CARTESIAN_POINT ( 'NONE',  ( -11.10000000000000142, 1.836970198721030427E-16, -1.500000000000000666 ) ) ;
#783 = ORIENTED_EDGE ( 'NONE', *, *, #1219, .F. ) ;
#784 = CARTESIAN_POINT ( 'NONE',  ( 15.58333333333333393, -0.5876202367904137525, -1.017788105676651345 ) ) ;
#785 = EDGE_CURVE ( 'NONE', #603, #513, #995, .T. ) ;
#786 = CARTESIAN_POINT ( 'NONE',  ( -16.85416666666665719, -0.5876202367904174162, -1.017788105676656230 ) ) ;
#787 = LINE ( 'NONE', #3692, #5213 ) ;
#788 = VERTEX_POINT ( 'NONE', #693 ) ;
#789 = ADVANCED_FACE ( 'NONE', ( #1098 ), #4494, .T. ) ;
#790 = CARTESIAN_POINT ( 'NONE',  ( -15.18749999999998934, -1.500000000000001332, 1.836970198721031413E-16 ) ) ;
#791 = VERTEX_POINT ( 'NONE', #241 ) ;
#792 = CARTESIAN_POINT ( 'NONE',  ( -16.89583333333332149, 1.500000000000001110, 0.8660254037844392627 ) ) ;
#793 = FACE_OUTER_BOUND ( 'NONE', #4649, .T. ) ;
#794 = CARTESIAN_POINT ( 'NONE',  ( 15.35416666666666785, 0.7500000000000002220, -1.299038105676658006 ) ) ;
#795 = CYLINDRICAL_SURFACE ( 'NONE', #2906, 1.500000000000000666 ) ;
#796 = CARTESIAN_POINT ( 'NONE',  ( 13.65329359036992507, -6.100733027540753030E-16, 1.450994063950751034 ) ) ;
#797 = LINE ( 'NONE', #483, #1486 ) ;
#798 = CARTESIAN_POINT ( 'NONE',  ( 16.72916666666667140, 1.175240473580827505, 0.6785254037844348218 ) ) ;
#799 = VERTEX_POINT ( 'NONE', #4866 ) ;
#800 = CARTESIAN_POINT ( 'NONE',  ( 15.25000000000000178, 1.175240473580827949, 0.000000000000000000 ) ) ;
#801 = CARTESIAN_POINT ( 'NONE',  ( -15.77083333333332149, 0.5876202367904159729, -1.017788105676656896 ) ) ;
#802 = CARTESIAN_POINT ( 'NONE',  ( 16.14583333333333215, 1.175240473580827727, -0.6785254037844341557 ) ) ;
#803 = CARTESIAN_POINT ( 'NONE',  ( -15.66666666666666963, -0.7500000000000013323, -1.299038105676658894 ) ) ;
#804 = CARTESIAN_POINT ( 'NONE',  ( -12.29166666666667318, -1.500000000000000888, 0.8660254037844398178 ) ) ;
#805 = CARTESIAN_POINT ( 'NONE',  ( -13.97916666666665542, 1.500000000000000888, -0.8660254037844402619 ) ) ;
#806 = EDGE_LOOP ( 'NONE', ( #709, #4531, #4974, #3368 ) ) ;
#807 = CARTESIAN_POINT ( 'NONE',  ( 15.04166666666666963, -1.175240473580827505, -0.6785254037844345998 ) ) ;
#808 = CARTESIAN_POINT ( 'NONE',  ( -16.14583333333332149, 1.175240473580833944, 0.6785254037844374864 ) ) ;
#809 = CARTESIAN_POINT ( 'NONE',  ( -17.12519676005894098, -1.147966556034699295E-05, -1.499999999921087790 ) ) ;
#810 =( BOUNDED_CURVE ( )  B_SPLINE_CURVE ( 2, ( #5049, #453, #2583, #2207, #5110, #1293, #857, #515, #572 ),
 .UNSPECIFIED., .F., .F. ) 
 B_SPLINE_CURVE_WITH_KNOTS ( ( 3, 2, 2, 2, 3 ),
 ( 0.6730769230769231282, 0.6794871794871795156, 0.6923076923076922906, 0.7051282051282051766, 0.7115384615384615641 ),
 .UNSPECIFIED. ) 
 CURVE ( )  GEOMETRIC_REPRESENTATION_ITEM ( )  RATIONAL_B_SPLINE_CURVE ( ( 0.9330127018922192983, 0.9330127018922198534, 1.000000000000000000, 0.8660254037844387076, 1.000000000000000000, 0.8660254037844387076, 1.000000000000000000, 0.9330127018922194093, 0.9330127018922194093 ) ) 
 REPRESENTATION_ITEM ( '' )  );
#811 = ORIENTED_EDGE ( 'NONE', *, *, #5384, .F. ) ;
#812 = CARTESIAN_POINT ( 'NONE',  ( 12.35968811830837311, 1.088940298961015518, 2.250000000000000000 ) ) ;
#813 = CIRCLE ( 'NONE', #1604, 2.249999999999999556 ) ;
#814 = VECTOR ( 'NONE', #4050, 1000.000000000000000 ) ;
#815 = CYLINDRICAL_SURFACE ( 'NONE', #34, 1.500000000000000666 ) ;
#816 = EDGE_CURVE ( 'NONE', #328, #4740, #1042, .T. ) ;
#817 = CARTESIAN_POINT ( 'NONE',  ( -14.89583333333332149, 1.500000000000001554, 0.8660254037844392627 ) ) ;
#818 = PERSON_AND_ORGANIZATION ( #3331, #4814 ) ;
#819 = EDGE_CURVE ( 'NONE', #3213, #777, #1584, .T. ) ;
#820 = ORIENTED_EDGE ( 'NONE', *, *, #832, .T. ) ;
#821 = CARTESIAN_POINT ( 'NONE',  ( -11.39583333333332149, -1.175240473580834166, -0.6785254037844371533 ) ) ;
#822 = CARTESIAN_POINT ( 'NONE',  ( 17.37438533545352115, 0.6614591709061922176, 1.075216850112516997 ) ) ;
#823 = CARTESIAN_POINT ( 'NONE',  ( 13.52083333333333570, 0.7499999999999988898, 1.299038105676658672 ) ) ;
#824 = FACE_OUTER_BOUND ( 'NONE', #1022, .T. ) ;
#825 = DIRECTION ( 'NONE',  ( 0.000000000000000000, 0.6494796464051180163, -0.7603789771590762081 ) ) ;
#826 = CARTESIAN_POINT ( 'NONE',  ( 14.85416666666666785, -0.5876202367904145296, 1.017788105676650900 ) ) ;
#827 = VERTEX_POINT ( 'NONE', #2761 ) ;
#828 = CARTESIAN_POINT ( 'NONE',  ( -12.70833333333332327, 1.175240473580833944, 0.6785254037844374864 ) ) ;
#829 = CARTESIAN_POINT ( 'NONE',  ( 15.08333333333333570, -0.5876202367904137525, -1.017788105676651345 ) ) ;
#830 = CARTESIAN_POINT ( 'NONE',  ( -15.89583333333331971, -1.175240473580834166, -0.6785254037844372643 ) ) ;
#831 = CARTESIAN_POINT ( 'NONE',  ( 14.64583333333333570, 1.175240473580827727, -0.6785254037844341557 ) ) ;
#832 = EDGE_CURVE ( 'NONE', #1667, #476, #4243, .T. ) ;
#833 = CARTESIAN_POINT ( 'NONE',  ( -15.37500000000000178, 1.060575238724907778E-16, 1.732050807568878747 ) ) ;
#834 = CARTESIAN_POINT ( 'NONE',  ( -12.25000000000000178, -1.500000000000001332, 1.836970198721031413E-16 ) ) ;
#835 = CARTESIAN_POINT ( 'NONE',  ( -13.64583333333332327, -1.500000000000001998, -0.8660254037844388186 ) ) ;
#836 = ORIENTED_EDGE ( 'NONE', *, *, #3468, .F. ) ;
#837 = CARTESIAN_POINT ( 'NONE',  ( 14.75000000000000355, 1.175240473580827949, 0.000000000000000000 ) ) ;
#838 = CARTESIAN_POINT ( 'NONE',  ( -11.62524120630311764, -1.377048542635779009E-05, -1.499999999881638901 ) ) ;
#839 = CARTESIAN_POINT ( 'NONE',  ( -16.87499933464183499, -1.197644839466076893E-05, 1.499999999952189134 ) ) ;
#840 = VERTEX_POINT ( 'NONE', #3554 ) ;
#841 = DIRECTION ( 'NONE',  ( 0.000000000000000000, 0.000000000000000000, -1.000000000000000000 ) ) ;
#842 = CARTESIAN_POINT ( 'NONE',  ( -17.50000000000000000, 1.299038105676659782, -2.249999999999999556 ) ) ;
#843 = DIRECTION ( 'NONE',  ( -1.000000000000000000, -0.000000000000000000, -0.000000000000000000 ) ) ;
#844 = CARTESIAN_POINT ( 'NONE',  ( 14.29166666666666785, 1.175240473580827505, 0.6785254037844348218 ) ) ;
#845 = CARTESIAN_POINT ( 'NONE',  ( -16.14583333333332149, -1.500000000000001998, -0.8660254037844388186 ) ) ;
#846 = CALENDAR_DATE ( 2026, 8, 1 ) ;
#847 =( BOUNDED_CURVE ( )  B_SPLINE_CURVE ( 2, ( #4018, #377, #2046, #1580, #5332, #1972, #2827, #2756, #1167 ),
 .UNSPECIFIED., .F., .F. ) 
 B_SPLINE_CURVE_WITH_KNOTS ( ( 3, 2, 2, 2, 3 ),
 ( 0.7191043286449293470, 0.7255822327278107498, 0.7385390583122358743, 0.7514958838966611099, 0.7579745470286642917 ),
 .UNSPECIFIED. ) 
 CURVE ( )  GEOMETRIC_REPRESENTATION_ITEM ( )  RATIONAL_B_SPLINE_CURVE ( ( 0.9330127023052617874, 0.9330179619867373653, 1.000000000000000000, 0.8660254037844387076, 1.000000000000000000, 0.8660254037844387076, 1.000000000000000000, 0.9330101133590835705, 0.9330127019922458409 ) ) 
 REPRESENTATION_ITEM ( '' )  );
#848 = ORIENTED_EDGE ( 'NONE', *, *, #4566, .F. ) ;
#849 = CARTESIAN_POINT ( 'NONE',  ( 14.68750000000000178, -1.500000000000000000, -1.836970198721029934E-16 ) ) ;
#850 = CARTESIAN_POINT ( 'NONE',  ( 17.41666666666666785, 0.7500000000000002220, -1.299038105676658006 ) ) ;
#851 = ADVANCED_FACE ( 'NONE', ( #5211 ), #305, .T. ) ;
#852 = CARTESIAN_POINT ( 'NONE',  ( 12.49999999999999822, -1.948557158514986787, 1.124999999999999778 ) ) ;
#853 = CARTESIAN_POINT ( 'NONE',  ( -16.81249999999998579, 2.033577675846917841E-16, 1.500000000000001110 ) ) ;
#854 = CARTESIAN_POINT ( 'NONE',  ( 16.81250000000000355, -1.191095495853194869E-15, -1.499999999999999778 ) ) ;
#855 = VERTEX_POINT ( 'NONE', #852 ) ;
#856 = CARTESIAN_POINT ( 'NONE',  ( -14.24999999999998757, 1.175240473580833722, 0.000000000000000000 ) ) ;
#857 = CARTESIAN_POINT ( 'NONE',  ( -13.35416666666665542, 0.7500000000000008882, 1.299038105676659116 ) ) ;
#858 = CARTESIAN_POINT ( 'NONE',  ( -12.72916666666665542, 1.175240473580833056, -0.6785254037844382635 ) ) ;
#859 = CARTESIAN_POINT ( 'NONE',  ( 15.10416666666666785, 0.5876202367904140855, -1.017788105676651345 ) ) ;
#860 = CARTESIAN_POINT ( 'NONE',  ( -11.79166666666666963, -1.500000000000000888, 0.8660254037844398178 ) ) ;
#861 = CARTESIAN_POINT ( 'NONE',  ( -12.47916666666665364, 1.500000000000000888, -0.8660254037844402619 ) ) ;
#862 = VERTEX_POINT ( 'NONE', #4157 ) ;
#863 = AXIS2_PLACEMENT_3D ( 'NONE', #640, #3165, #3233 ) ;
#864 = CARTESIAN_POINT ( 'NONE',  ( -17.29166666666665364, 1.175240473580833500, -0.6785254037844382635 ) ) ;
#865 = CARTESIAN_POINT ( 'NONE',  ( 14.41666666666666785, -0.5876202367904145296, 1.017788105676650900 ) ) ;
#866 = CARTESIAN_POINT ( 'NONE',  ( -15.14583333333332327, 1.175240473580833944, 0.6785254037844374864 ) ) ;
#867 = CARTESIAN_POINT ( 'NONE',  ( 13.91666666666666785, 0.7500000000000002220, -1.299038105676658006 ) ) ;
#868 = VERTEX_POINT ( 'NONE', #4484 ) ;
#869 = CARTESIAN_POINT ( 'NONE',  ( 12.29903810567665801, 1.299038105676659560, -2.249999999999999556 ) ) ;
#870 = CARTESIAN_POINT ( 'NONE',  ( -17.16666666666666785, -0.7500000000000013323, -1.299038105676658894 ) ) ;
#871 = CARTESIAN_POINT ( 'NONE',  ( 13.12500000000000178, 8.309539638847728421E-17, -1.357050807568868533 ) ) ;
#872 = CARTESIAN_POINT ( 'NONE',  ( -15.93749999999998579, 1.500000000000001332, 0.000000000000000000 ) ) ;
#873 = ORIENTED_EDGE ( 'NONE', *, *, #4205, .T. ) ;
#874 = CARTESIAN_POINT ( 'NONE',  ( -12.89583333333332149, -1.175240473580834166, -0.6785254037844371533 ) ) ;
#875 = CARTESIAN_POINT ( 'NONE',  ( -12.18749999999998757, -1.500000000000001332, 1.836970198721031413E-16 ) ) ;
#876 = CARTESIAN_POINT ( 'NONE',  ( 14.37500000000000000, -5.723068602026326086E-15, -1.499999999999999778 ) ) ;
#877 = LINE ( 'NONE', #3010, #2814 ) ;
#878 = CARTESIAN_POINT ( 'NONE',  ( 16.31250000000000000, 2.033577675846917841E-16, -1.499999999999999778 ) ) ;
#879 = CARTESIAN_POINT ( 'NONE',  ( -11.66666666666666963, -0.7500000000000013323, -1.299038105676658894 ) ) ;
#880 = CARTESIAN_POINT ( 'NONE',  ( 13.72916666666666963, 1.175240473580827505, 0.6785254037844348218 ) ) ;
#881 = ORIENTED_EDGE ( 'NONE', *, *, #5283, .F. ) ;
#882 = CARTESIAN_POINT ( 'NONE',  ( -14.49999999999998934, -1.175240473580833722, 1.439254484199187407E-16 ) ) ;
#883 = CARTESIAN_POINT ( 'NONE',  ( 13.58333333333333570, -0.5876202367904137525, -1.017788105676651345 ) ) ;
#884 = CARTESIAN_POINT ( 'NONE',  ( -11.97916666666665542, -1.175240473580833500, 0.6785254037844380415 ) ) ;
#885 = CARTESIAN_POINT ( 'NONE',  ( 13.52083333333333570, -0.5876202367904137525, -1.017788105676651345 ) ) ;
#886 = CARTESIAN_POINT ( 'NONE',  ( -12.41666666666666963, 0.7500000000000008882, 1.299038105676659116 ) ) ;
#887 = CARTESIAN_POINT ( 'NONE',  ( -12.20833333333333748, -1.500000000000002220, -0.8660254037844388186 ) ) ;
#888 = CARTESIAN_POINT ( 'NONE',  ( -12.85416666666665542, 0.7500000000000008882, 1.299038105676659116 ) ) ;
#889 = ORIENTED_EDGE ( 'NONE', *, *, #3495, .T. ) ;
#890 = ADVANCED_FACE ( 'NONE', ( #2032 ), #4510, .T. ) ;
#891 = CARTESIAN_POINT ( 'NONE',  ( 15.02083333333333570, -0.5876202367904137525, -1.017788105676651345 ) ) ;
#892 = CARTESIAN_POINT ( 'NONE',  ( -16.16666666666665719, 0.5876202367904169721, 1.017788105676656452 ) ) ;
#893 = CARTESIAN_POINT ( 'NONE',  ( 13.95833333333333393, -1.175240473580827949, 0.6785254037844338226 ) ) ;
#894 = CARTESIAN_POINT ( 'NONE',  ( -15.60416666666665542, 0.5876202367904169721, 1.017788105676656452 ) ) ;
#895 = CARTESIAN_POINT ( 'NONE',  ( 12.49999999999999822, 1.948557158514986565, 1.125000000000000222 ) ) ;
#896 = ORIENTED_EDGE ( 'NONE', *, *, #4010, .T. ) ;
#897 = LINE ( 'NONE', #405, #2424 ) ;
#898 = LINE ( 'NONE', #842, #2654 ) ;
#899 = CARTESIAN_POINT ( 'NONE',  ( -15.70833333333333570, -1.500000000000002220, -0.8660254037844388186 ) ) ;
#900 = B_SPLINE_CURVE_WITH_KNOTS ( 'NONE', 3,
 ( #491, #2155, #5328, #1602, #3256, #4908 ),
 .UNSPECIFIED., .F., .F.,
 ( 4, 2, 4 ),
 ( 0.001314652396222794947, 0.001969405109320634169, 0.002624157822418473392 ),
 .UNSPECIFIED. ) ;
#901 = PERSON_AND_ORGANIZATION_ROLE ( 'design_supplier' ) ;
#902 = CONICAL_SURFACE ( 'NONE', #1961, 2.250000000000000000, 1.047197551196600074 ) ;
#903 = AXIS2_PLACEMENT_3D ( 'NONE', #445, #4653, #4130 ) ;
#904 = ORIENTED_EDGE ( 'NONE', *, *, #3004, .F. ) ;
#905 = CARTESIAN_POINT ( 'NONE',  ( -17.02083333333332149, 0.7499999999999995559, -1.299038105676659560 ) ) ;
#906 = CARTESIAN_POINT ( 'NONE',  ( 16.10416666666666785, 0.5876202367904140855, -1.017788105676651345 ) ) ;
#907 = DIRECTION ( 'NONE',  ( 1.000000000000000000, 0.000000000000000000, 0.000000000000000000 ) ) ;
#908 = AXIS2_PLACEMENT_3D ( 'NONE', #3997, #4426, #4840 ) ;
#909 = CARTESIAN_POINT ( 'NONE',  ( -15.12591835126282902, -5.118250897976482801E-05, -1.499999998285846958 ) ) ;
#910 = CARTESIAN_POINT ( 'NONE',  ( 12.89583333333333570, -1.175240473580827949, 0.6785254037844338226 ) ) ;
#911 = EDGE_LOOP ( 'NONE', ( #1511, #5107, #2936, #312 ) ) ;
#912 = ORIENTED_EDGE ( 'NONE', *, *, #2131, .T. ) ;
#913 = CARTESIAN_POINT ( 'NONE',  ( -12.58333333333332149, -0.5876202367904166390, 1.017788105676656674 ) ) ;
#914 = CARTESIAN_POINT ( 'NONE',  ( 17.37824550354866915, -1.216013905949132612, 0.2913652545893303247 ) ) ;
#915 = CARTESIAN_POINT ( 'NONE',  ( -12.31249999999998934, -2.492861891654330359E-16, -1.357050807568875195 ) ) ;
#916 = CARTESIAN_POINT ( 'NONE',  ( 12.93750000000000178, -1.175240473580827949, -1.439254484199180504E-16 ) ) ;
#917 = CARTESIAN_POINT ( 'NONE',  ( -12.62500000000000178, -3.181725716174723456E-16, -1.732050807568878747 ) ) ;
#918 = CARTESIAN_POINT ( 'NONE',  ( -15.83333333333332149, 0.5876202367904159729, -1.017788105676656896 ) ) ;
#919 = CARTESIAN_POINT ( 'NONE',  ( -12.56249999999998934, -3.181725716174723456E-16, -1.732050807568878747 ) ) ;
#920 = ORIENTED_EDGE ( 'NONE', *, *, #5314, .T. ) ;
#921 = CARTESIAN_POINT ( 'NONE',  ( 14.85416666666666785, -0.5876202367904145296, 1.017788105676650900 ) ) ;
#922 = CARTESIAN_POINT ( 'NONE',  ( -15.54166666666665542, -1.175240473580833722, 0.6785254037844379305 ) ) ;
#923 = CARTESIAN_POINT ( 'NONE',  ( 14.12500000000000178, 8.309539638847728421E-17, -1.357050807568868533 ) ) ;
#924 = CARTESIAN_POINT ( 'NONE',  ( -13.31249999999998757, -2.492861891654330359E-16, -1.357050807568875195 ) ) ;
#925 = ADVANCED_FACE ( 'NONE', ( #3701 ), #447, .F. ) ;
#926 = CYLINDRICAL_SURFACE ( 'NONE', #2895, 1.500000000000000666 ) ;
#927 = CARTESIAN_POINT ( 'NONE',  ( -14.56249999999998934, 6.333141904780402276E-15, -1.500000000000001554 ) ) ;
#928 = CARTESIAN_POINT ( 'NONE',  ( -17.37499779978612935, -3.960386173497625702E-05, 1.499999999477179102 ) ) ;
#929 = CARTESIAN_POINT ( 'NONE',  ( -17.29903810567666156, 1.299038105676658006, 2.250000000000000000 ) ) ;
#930 = CARTESIAN_POINT ( 'NONE',  ( -16.66666666666665719, 0.5876202367904169721, 1.017788105676656452 ) ) ;
#931 = EDGE_CURVE ( 'NONE', #3219, #5170, #776, .T. ) ;
#932 = ORIENTED_EDGE ( 'NONE', *, *, #103, .T. ) ;
#933 = CARTESIAN_POINT ( 'NONE',  ( 14.06250000000000355, -6.391244124090313355E-16, 1.499999999999999778 ) ) ;
#934 = CARTESIAN_POINT ( 'NONE',  ( 17.31250000000000000, -2.492861891654318526E-16, 1.357050807568868311 ) ) ;
#935 = DIRECTION ( 'NONE',  ( -1.000000000000000000, -0.000000000000000000, -0.000000000000000000 ) ) ;
#936 = CARTESIAN_POINT ( 'NONE',  ( -12.45833333333333570, 1.500000000000001110, 0.8660254037844392627 ) ) ;
#937 = CARTESIAN_POINT ( 'NONE',  ( 14.43750000000000178, 1.500000000000000000, 0.000000000000000000 ) ) ;
#938 = CARTESIAN_POINT ( 'NONE',  ( 13.43750000000000178, -1.175240473580827949, -1.439254484199180504E-16 ) ) ;
#939 = VERTEX_POINT ( 'NONE', #1672 ) ;
#940 = ORIENTED_EDGE ( 'NONE', *, *, #756, .F. ) ;
#941 = CARTESIAN_POINT ( 'NONE',  ( -14.20833333333332149, 1.175240473580833944, 0.6785254037844374864 ) ) ;
#942 = CARTESIAN_POINT ( 'NONE',  ( -11.10000000222086491, 0.4500393610791603716, -1.430896422446429117 ) ) ;
#943 = CARTESIAN_POINT ( 'NONE',  ( -14.14583333333332149, 1.175240473580833722, 0.6785254037844374864 ) ) ;
#944 = CARTESIAN_POINT ( 'NONE',  ( 13.22916666666666785, 1.175240473580827505, 0.6785254037844348218 ) ) ;
#945 = CARTESIAN_POINT ( 'NONE',  ( -13.91666666666666785, 0.7500000000000008882, 1.299038105676659116 ) ) ;
#946 = CARTESIAN_POINT ( 'NONE',  ( -15.33333333333331971, 0.5876202367904159729, -1.017788105676656896 ) ) ;
#947 = CARTESIAN_POINT ( 'NONE',  ( -15.49999999999998757, -1.175240473580833722, 1.439254484199187407E-16 ) ) ;
#948 = ORIENTED_EDGE ( 'NONE', *, *, #2039, .F. ) ;
#949 = B_SPLINE_CURVE_WITH_KNOTS ( 'NONE', 3,
 ( #2262, #2745, #1474, #1522, #3935, #2768 ),
 .UNSPECIFIED., .F., .F.,
 ( 4, 2, 4 ),
 ( 0.001314652396222795814, 0.001969405109320635037, 0.002624157822418474260 ),
 .UNSPECIFIED. ) ;
#950 = CARTESIAN_POINT ( 'NONE',  ( 13.37500000000000178, 0.000000000000000000, 0.000000000000000000 ) ) ;
#951 = CARTESIAN_POINT ( 'NONE',  ( -16.54166666666665719, -1.175240473580833722, 0.6785254037844379305 ) ) ;
#952 = CARTESIAN_POINT ( 'NONE',  ( 15.77083333333333393, -0.7499999999999996669, -1.299038105676658228 ) ) ;
#953 = CARTESIAN_POINT ( 'NONE',  ( -14.60416666666665364, 0.5876202367904169721, 1.017788105676656452 ) ) ;
#954 = CARTESIAN_POINT ( 'NONE',  ( -14.72916666666665364, -1.500000000000000888, 0.8660254037844398178 ) ) ;
#955 = EDGE_CURVE ( 'NONE', #788, #1228, #3272, .T. ) ;
#956 = CARTESIAN_POINT ( 'NONE',  ( 13.37500000000000178, 1.436143881329345645E-16, -1.172700473580827518 ) ) ;
#957 = CARTESIAN_POINT ( 'NONE',  ( -17.48075666599057598, -1.728209346468584595, -1.506653605801004048 ) ) ;
#958 = CARTESIAN_POINT ( 'NONE',  ( -17.08333333333332149, -0.5876202367904166390, 1.017788105676656674 ) ) ;
#959 = ADVANCED_FACE ( 'NONE', ( #824 ), #4585, .T. ) ;
#960 = LINE ( 'NONE', #588, #1250 ) ;
#961 =( BOUNDED_CURVE ( )  B_SPLINE_CURVE ( 2, ( #854, #2516, #46, #670, #4355, #2255, #215, #3580, #3902 ),
 .UNSPECIFIED., .F., .F. ) 
 B_SPLINE_CURVE_WITH_KNOTS ( ( 3, 2, 2, 2, 3 ),
 ( 0.2045454545454545581, 0.2121212121212121271, 0.2272727272727272652, 0.2424242424242424310, 0.2500000000000000000 ),
 .UNSPECIFIED. ) 
 CURVE ( )  GEOMETRIC_REPRESENTATION_ITEM ( )  RATIONAL_B_SPLINE_CURVE ( ( 0.9330127018922192983, 0.9330127018922194093, 1.000000000000000000, 0.8660254037844387076, 1.000000000000000000, 0.8660254037844387076, 1.000000000000000000, 0.9330127018922194093, 0.9330127018922194093 ) ) 
 REPRESENTATION_ITEM ( '' )  );
#962 = CARTESIAN_POINT ( 'NONE',  ( 17.43750000000000000, -1.175240473580827949, -1.439254484199180504E-16 ) ) ;
#963 = DIRECTION ( 'NONE',  ( -1.000000000000000000, -0.000000000000000000, -0.000000000000000000 ) ) ;
#964 = CARTESIAN_POINT ( 'NONE',  ( 16.20833333333333570, -1.500000000000000444, 0.8660254037844380415 ) ) ;
#965 = CARTESIAN_POINT ( 'NONE',  ( -15.29166666666666785, -1.500000000000000888, 0.8660254037844398178 ) ) ;
#966 = CARTESIAN_POINT ( 'NONE',  ( 13.35416666666666785, -0.5876202367904145296, 1.017788105676650900 ) ) ;
#967 = ORIENTED_EDGE ( 'NONE', *, *, #3621, .T. ) ;
#968 = ORIENTED_EDGE ( 'NONE', *, *, #4834, .T. ) ;
#969 = CARTESIAN_POINT ( 'NONE',  ( -11.79166666666665542, 1.175240473580833500, -0.6785254037844382635 ) ) ;
#970 = CARTESIAN_POINT ( 'NONE',  ( 17.15062008623324274, -0.1949098058966398372, 1.474379913766774353 ) ) ;
#971 = CARTESIAN_POINT ( 'NONE',  ( -11.10000000000000142, 0.000000000000000000, 0.000000000000000000 ) ) ;
#972 = CARTESIAN_POINT ( 'NONE',  ( 15.95833333333333570, -1.175240473580827949, 0.6785254037844338226 ) ) ;
#973 = CARTESIAN_POINT ( 'NONE',  ( -12.95833333333333570, 1.500000000000001554, 0.8660254037844392627 ) ) ;
#974 = CARTESIAN_POINT ( 'NONE',  ( -17.37499999999998934, -2.492861891654330359E-16, -1.357050807568875195 ) ) ;
#975 = CARTESIAN_POINT ( 'NONE',  ( -14.49999999999998934, -1.175240473580833722, 1.439254484199187407E-16 ) ) ;
#976 = EDGE_LOOP ( 'NONE', ( #552, #4221, #2580 ) ) ;
#977 = CARTESIAN_POINT ( 'NONE',  ( 13.93750000000000178, -1.175240473580827949, -1.439254484199180504E-16 ) ) ;
#978 = CARTESIAN_POINT ( 'NONE',  ( -11.10000000000000142, 0.000000000000000000, 0.000000000000000000 ) ) ;
#979 = CARTESIAN_POINT ( 'NONE',  ( -15.20833333333332149, 1.175240473580833944, 0.6785254037844374864 ) ) ;
#980 = CARTESIAN_POINT ( 'NONE',  ( 15.64583333333333393, -1.500000000000000444, 0.8660254037844380415 ) ) ;
#981 = CARTESIAN_POINT ( 'NONE',  ( -13.43749999999998757, -1.175240473580833722, 1.439254484199187407E-16 ) ) ;
#982 = CARTESIAN_POINT ( 'NONE',  ( 13.37753999999877941, -0.8639678237730847865, 0.7967118489305471396 ) ) ;
#983 = CARTESIAN_POINT ( 'NONE',  ( -15.27083333333332149, -0.7500000000000003331, 1.299038105676659338 ) ) ;
#984 = CARTESIAN_POINT ( 'NONE',  ( -17.50000000000000000, 2.598076211353316456, -6.186363472576506121E-17 ) ) ;
#985 = CARTESIAN_POINT ( 'NONE',  ( -16.37499999999998579, -2.492861891654330359E-16, -1.357050807568875195 ) ) ;
#986 = CYLINDRICAL_SURFACE ( 'NONE', #5172, 1.500000000000000666 ) ;
#987 = CARTESIAN_POINT ( 'NONE',  ( 12.64583333333333570, -1.500000000000000444, 0.8660254037844380415 ) ) ;
#988 = CARTESIAN_POINT ( 'NONE',  ( 15.41666666666666963, 0.7500000000000002220, -1.299038105676658006 ) ) ;
#989 = DIRECTION ( 'NONE',  ( 0.000000000000000000, 0.000000000000000000, -1.000000000000000000 ) ) ;
#990 = VECTOR ( 'NONE', #4990, 1000.000000000000000 ) ;
#991 = VECTOR ( 'NONE', #5070, 1000.000000000000000 ) ;
#992 = EDGE_CURVE ( 'NONE', #3051, #2027, #4677, .T. ) ;
#993 = CARTESIAN_POINT ( 'NONE',  ( 17.20413984521126238, -1.039281486395341236, -1.008851538535254999 ) ) ;
#994 = ORIENTED_EDGE ( 'NONE', *, *, #931, .F. ) ;
#995 =( BOUNDED_CURVE ( )  B_SPLINE_CURVE ( 2, ( #2782, #643, #1925, #3579, #2308, #5236, #1514, #716, #5289 ),
 .UNSPECIFIED., .F., .F. ) 
 B_SPLINE_CURVE_WITH_KNOTS ( ( 3, 2, 2, 2, 3 ),
 ( 0.5961538461538461453, 0.6025641025641025328, 0.6153846153846154188, 0.6282051282051281937, 0.6346153846153846922 ),
 .UNSPECIFIED. ) 
 CURVE ( )  GEOMETRIC_REPRESENTATION_ITEM ( )  RATIONAL_B_SPLINE_CURVE ( ( 0.9330127018922194093, 0.9330127018922194093, 1.000000000000000000, 0.8660254037844387076, 1.000000000000000000, 0.8660254037844387076, 1.000000000000000000, 0.9330127018922187432, 0.9330127018922192983 ) ) 
 REPRESENTATION_ITEM ( '' )  );
#996 = VERTEX_POINT ( 'NONE', #3727 ) ;
#997 = AXIS2_PLACEMENT_3D ( 'NONE', #3518, #3941, #5202 ) ;
#998 = CARTESIAN_POINT ( 'NONE',  ( -11.74999999999998757, 1.175240473580833722, 0.000000000000000000 ) ) ;
#999 = CARTESIAN_POINT ( 'NONE',  ( 17.44975952641917516, -1.108306233100244453, 0.4205239521143216974 ) ) ;
#1000 = CARTESIAN_POINT ( 'NONE',  ( -11.47916666666665542, -1.175240473580833500, 0.6785254037844380415 ) ) ;
#1001 = CARTESIAN_POINT ( 'NONE',  ( 16.58333333333333570, -0.5876202367904137525, -1.017788105676651345 ) ) ;
#1002 = CARTESIAN_POINT ( 'NONE',  ( -11.20833333333333393, -1.500000000000001998, -0.8660254037844388186 ) ) ;
#1003 = CARTESIAN_POINT ( 'NONE',  ( -16.04166666666665719, -1.175240473580833722, 0.6785254037844379305 ) ) ;
#1004 = CARTESIAN_POINT ( 'NONE',  ( -15.29166666666665542, 1.175240473580833056, -0.6785254037844382635 ) ) ;
#1005 = ORIENTED_EDGE ( 'NONE', *, *, #1185, .F. ) ;
#1006 = CARTESIAN_POINT ( 'NONE',  ( 12.12500000000000000, -3.181725716174720005E-16, 1.732050807568877193 ) ) ;
#1007 = EDGE_CURVE ( 'NONE', #1667, #671, #2607, .T. ) ;
#1008 = CARTESIAN_POINT ( 'NONE',  ( 14.10416666666666785, 0.5876202367904140855, -1.017788105676651345 ) ) ;
#1009 = CARTESIAN_POINT ( 'NONE',  ( -14.12622106121466636, -6.978510199071425140E-05, -1.499999996966381977 ) ) ;
#1010 = FACE_OUTER_BOUND ( 'NONE', #2035, .T. ) ;
#1011 = CARTESIAN_POINT ( 'NONE',  ( 16.89583333333333570, 1.500000000000000222, -0.8660254037844384856 ) ) ;
#1012 = CARTESIAN_POINT ( 'NONE',  ( -11.60416666666665542, 0.5876202367904169721, 1.017788105676656452 ) ) ;
#1013 =( BOUNDED_CURVE ( )  B_SPLINE_CURVE ( 2, ( #3995, #3140, #1040, #1066, #662 ),
 .UNSPECIFIED., .F., .F. ) 
 B_SPLINE_CURVE_WITH_KNOTS ( ( 3, 2, 3 ),
 ( 0.9807692307692308376, 0.9871794871794872250, 0.9894792658731219603 ),
 .UNSPECIFIED. ) 
 CURVE ( )  GEOMETRIC_REPRESENTATION_ITEM ( )  RATIONAL_B_SPLINE_CURVE ( ( 0.9330127018922192983, 0.9330127018922198534, 1.000000000000000000, 0.9759672700945404289, 0.9605566539781678070 ) ) 
 REPRESENTATION_ITEM ( '' )  );
#1014 = CARTESIAN_POINT ( 'NONE',  ( 14.37500000000000000, -5.723068602026326086E-15, -1.500000000000000000 ) ) ;
#1015 = CARTESIAN_POINT ( 'NONE',  ( 13.70229952641921400, -1.241324211260519839, 0.8420891891827426701 ) ) ;
#1016 = CARTESIAN_POINT ( 'NONE',  ( -17.50000000000000000, 0.000000000000000000, 0.000000000000000000 ) ) ;
#1017 = CARTESIAN_POINT ( 'NONE',  ( 14.85416666666666785, 0.7500000000000002220, -1.299038105676658006 ) ) ;
#1018 = LINE ( 'NONE', #5209, #2568 ) ;
#1019 = CARTESIAN_POINT ( 'NONE',  ( 16.41666666666667140, 0.7500000000000002220, -1.299038105676658006 ) ) ;
#1020 = CARTESIAN_POINT ( 'NONE',  ( 14.58333333333333570, 0.7499999999999988898, 1.299038105676658672 ) ) ;
#1021 = CARTESIAN_POINT ( 'NONE',  ( 17.19327391645370895, -1.231017372862011516, -0.7829157525099935677 ) ) ;
#1022 = EDGE_LOOP ( 'NONE', ( #4015, #1636, #1539 ) ) ;
#1023 = VERTEX_POINT ( 'NONE', #3788 ) ;
#1024 = CARTESIAN_POINT ( 'NONE',  ( -16.56249999999998579, 8.309539638847769097E-17, 1.357050807568875195 ) ) ;
#1025 = ADVANCED_FACE ( 'NONE', ( #2145 ), #2085, .T. ) ;
#1026 = CARTESIAN_POINT ( 'NONE',  ( -17.12444047358083665, -0.007890937125925152895, 1.175213982155495440 ) ) ;
#1027 = DIRECTION ( 'NONE',  ( -1.000000000000000000, -0.000000000000000000, -0.000000000000000000 ) ) ;
#1028 = CARTESIAN_POINT ( 'NONE',  ( 17.58333333333333570, -0.5876202367904137525, -1.017788105676651345 ) ) ;
#1029 = CARTESIAN_POINT ( 'NONE',  ( -13.79017090063072715, -0.4019237886466873744, 1.499999999999999556 ) ) ;
#1030 = CARTESIAN_POINT ( 'NONE',  ( -17.66666666666665364, 0.5876202367904169721, 1.017788105676656452 ) ) ;
#1031 = CARTESIAN_POINT ( 'NONE',  ( -13.66666666666665542, 0.5876202367904169721, 1.017788105676656452 ) ) ;
#1032 = ORIENTED_EDGE ( 'NONE', *, *, #238, .F. ) ;
#1033 = CARTESIAN_POINT ( 'NONE',  ( 14.16666666666666785, -0.7500000000000006661, 1.299038105676657562 ) ) ;
#1034 =( BOUNDED_CURVE ( )  B_SPLINE_CURVE ( 1, ( #2700, #2295 ),
 .UNSPECIFIED., .F., .F. ) 
 B_SPLINE_CURVE_WITH_KNOTS ( ( 2, 2 ),
 ( 0.1627699166574409495, 1.000000000000000000 ),
 .UNSPECIFIED. ) 
 CURVE ( )  GEOMETRIC_REPRESENTATION_ITEM ( )  RATIONAL_B_SPLINE_CURVE ( ( 0.9605540131629604073, 0.9605540131629604073 ) ) 
 REPRESENTATION_ITEM ( '' )  );
#1035 = CARTESIAN_POINT ( 'NONE',  ( 16.87500000000000000, -2.492861891654318526E-16, 1.357050807568868311 ) ) ;
#1036 = CARTESIAN_POINT ( 'NONE',  ( 13.79017090063074313, -0.4019237886466838217, -1.499999999999999778 ) ) ;
#1037 = CARTESIAN_POINT ( 'NONE',  ( 16.60416666666667140, -0.7500000000000006661, 1.299038105676657562 ) ) ;
#1038 = CARTESIAN_POINT ( 'NONE',  ( -16.95833333333333570, 1.500000000000001554, 0.8660254037844392627 ) ) ;
#1039 = DIRECTION ( 'NONE',  ( 0.000000000000000000, 0.000000000000000000, 1.000000000000000000 ) ) ;
#1040 = CARTESIAN_POINT ( 'NONE',  ( -11.52083333333331971, 0.7499999999999995559, -1.299038105676659560 ) ) ;
#1041 = CARTESIAN_POINT ( 'NONE',  ( 16.27083333333333570, -0.7499999999999996669, -1.299038105676658228 ) ) ;
#1042 = B_SPLINE_CURVE_WITH_KNOTS ( 'NONE', 3,
 ( #2711, #3171, #335, #3953, #1072, #4380, #4841, #2737, #2358, #2002, #669, #3998 ),
 .UNSPECIFIED., .F., .F.,
 ( 4, 2, 2, 2, 2, 4 ),
 ( 0.005698625930767008303, 0.006424568036672762342, 0.007150510142578516380, 0.007876452248484270419, 0.008239423301437147004, 0.008602394354390023590 ),
 .UNSPECIFIED. ) ;
#1043 = CARTESIAN_POINT ( 'NONE',  ( 16.31250000000000000, 2.033577675846917841E-16, -1.499999999999999778 ) ) ;
#1044 = CARTESIAN_POINT ( 'NONE',  ( 12.29903810567680722, -1.299038105676882493, 2.249999999999999556 ) ) ;
#1045 = CARTESIAN_POINT ( 'NONE',  ( 16.08333333333333570, 0.7499999999999988898, 1.299038105676658672 ) ) ;
#1046 = CARTESIAN_POINT ( 'NONE',  ( 14.39732909936926575, 0.4019237886466815457, -1.500000000000001776 ) ) ;
#1047 = CARTESIAN_POINT ( 'NONE',  ( 17.17303966213284383, -1.435701659863073854, -0.2581624216179649323 ) ) ;
#1048 = ORIENTED_EDGE ( 'NONE', *, *, #2094, .F. ) ;
#1049 = ORIENTED_EDGE ( 'NONE', *, *, #4049, .T. ) ;
#1050 = CARTESIAN_POINT ( 'NONE',  ( -16.18749999999998579, 1.175240473580833722, 0.000000000000000000 ) ) ;
#1051 = FACE_OUTER_BOUND ( 'NONE', #760, .T. ) ;
#1052 = CARTESIAN_POINT ( 'NONE',  ( -17.50000000000000000, 0.000000000000000000, 0.000000000000000000 ) ) ;
#1053 = CARTESIAN_POINT ( 'NONE',  ( 16.75000000000000000, 1.175240473580827949, 0.000000000000000000 ) ) ;
#1054 = CARTESIAN_POINT ( 'NONE',  ( 13.49349575756615671, -0.7899891398558510636, 1.025902058105531367 ) ) ;
#1055 = CARTESIAN_POINT ( 'NONE',  ( -13.37499999999998757, -2.492861891654330359E-16, -1.357050807568875195 ) ) ;
#1056 = CARTESIAN_POINT ( 'NONE',  ( -13.62499999999998934, 8.309539638847769097E-17, 1.357050807568875195 ) ) ;
#1057 = CARTESIAN_POINT ( 'NONE',  ( 13.62500000000000355, -3.181725716174720005E-16, 1.732050807568877193 ) ) ;
#1058 = EDGE_CURVE ( 'NONE', #1451, #3219, #1374, .T. ) ;
#1059 = CARTESIAN_POINT ( 'NONE',  ( 17.44140427140241911, -0.8385719479618345407, 0.8405668521698337337 ) ) ;
#1060 = CARTESIAN_POINT ( 'NONE',  ( -17.29903810567666156, 1.299038105676659782, -2.249999999999999556 ) ) ;
#1061 = DIRECTION ( 'NONE',  ( 1.000000000000000000, 0.000000000000000000, 0.000000000000000000 ) ) ;
#1062 = CARTESIAN_POINT ( 'NONE',  ( 16.10416666666666785, -0.7500000000000006661, 1.299038105676657562 ) ) ;
#1063 = CARTESIAN_POINT ( 'NONE',  ( -17.04166666666666785, 1.500000000000000888, -0.8660254037844402619 ) ) ;
#1064 = ADVANCED_FACE ( 'NONE', ( #2302 ), #3497, .T. ) ;
#1065 = CARTESIAN_POINT ( 'NONE',  ( 15.62500000000000000, 2.265986553086566003E-15, 1.499999999999999778 ) ) ;
#1066 = CARTESIAN_POINT ( 'NONE',  ( -11.51420102382193100, 0.8693815712049967059, -1.230113123405174091 ) ) ;
#1067 = CARTESIAN_POINT ( 'NONE',  ( 13.64678800441305384, 0.1786740351229142987, 1.444488477993883135 ) ) ;
#1068 = CARTESIAN_POINT ( 'NONE',  ( -12.12612518940324335, -6.371588137072048885E-05, -1.499999997425524478 ) ) ;
#1069 = DIRECTION ( 'NONE',  ( 0.000000000000000000, 0.000000000000000000, 1.000000000000000000 ) ) ;
#1070 = EDGE_CURVE ( 'NONE', #2140, #2257, #3835, .T. ) ;
#1071 = CARTESIAN_POINT ( 'NONE',  ( 16.62500000000000000, -3.181725716174720005E-16, 1.732050807568877193 ) ) ;
#1072 = CARTESIAN_POINT ( 'NONE',  ( -17.19575273804604265, 1.038090136638669447, -0.7310493827633557373 ) ) ;
#1073 = CARTESIAN_POINT ( 'NONE',  ( 13.37500000000000178, 0.000000000000000000, 0.000000000000000000 ) ) ;
#1074 = VERTEX_POINT ( 'NONE', #237 ) ;
#1075 = CARTESIAN_POINT ( 'NONE',  ( -16.35416666666665719, -0.5876202367904174162, -1.017788105676656230 ) ) ;
#1076 = CARTESIAN_POINT ( 'NONE',  ( -11.37132126506880248, 0.9742108379767878690, -1.140575838411706178 ) ) ;
#1077 = CARTESIAN_POINT ( 'NONE',  ( 12.50000000000000000, 0.000000000000000000, 1.172700473580827740 ) ) ;
#1078 = CARTESIAN_POINT ( 'NONE',  ( 15.75000000000000000, 1.175240473580827949, 0.000000000000000000 ) ) ;
#1079 = CARTESIAN_POINT ( 'NONE',  ( -14.62471831453454918, 1.574186904560714840E-05, -1.499999999838721454 ) ) ;
#1080 = CARTESIAN_POINT ( 'NONE',  ( -14.79166666666665542, 1.175240473580833500, -0.6785254037844382635 ) ) ;
#1081 = CARTESIAN_POINT ( 'NONE',  ( -12.70833333333332149, 1.175240473580833722, 0.6785254037844374864 ) ) ;
#1082 = CARTESIAN_POINT ( 'NONE',  ( 12.79166666666666785, -1.499999999999999778, -0.8660254037844391517 ) ) ;
#1083 = CONICAL_SURFACE ( 'NONE', #735, 2.250000000000000000, 1.047197551196600074 ) ;
#1084 = VECTOR ( 'NONE', #4247, 1000.000000000000000 ) ;
#1085 = CARTESIAN_POINT ( 'NONE',  ( 15.56250000000000000, -6.391244124090313355E-16, 1.500000000000000000 ) ) ;
#1086 = DIRECTION ( 'NONE',  ( -1.000000000000000000, -0.000000000000000000, -0.000000000000000000 ) ) ;
#1087 = CARTESIAN_POINT ( 'NONE',  ( 15.12500000000000178, -6.391244124090313355E-16, 1.499999999999999778 ) ) ;
#1088 = CARTESIAN_POINT ( 'NONE',  ( 15.31250000000000355, 1.060575238724906915E-16, -1.732050807568877193 ) ) ;
#1089 = CARTESIAN_POINT ( 'NONE',  ( -12.93749999999998757, -1.175240473580833722, 1.439254484199187407E-16 ) ) ;
#1090 = AXIS2_PLACEMENT_3D ( 'NONE', #5339, #2453, #5265 ) ;
#1091 = CARTESIAN_POINT ( 'NONE',  ( -15.52083333333331971, 0.7499999999999995559, -1.299038105676659560 ) ) ;
#1092 = ADVANCED_FACE ( 'NONE', ( #3971 ), #1207, .T. ) ;
#1093 = CARTESIAN_POINT ( 'NONE',  ( -14.22916666666665542, -1.500000000000000888, 0.8660254037844398178 ) ) ;
#1094 = CARTESIAN_POINT ( 'NONE',  ( 14.58482909936926575, -0.4019237886466845988, 1.499999999999999778 ) ) ;
#1095 = ORIENTED_EDGE ( 'NONE', *, *, #4969, .F. ) ;
#1096 = FACE_BOUND ( 'NONE', #1728, .T. ) ;
#1097 = CARTESIAN_POINT ( 'NONE',  ( 14.62500000000000533, -3.181725716174720005E-16, 1.732050807568877193 ) ) ;
#1098 = FACE_OUTER_BOUND ( 'NONE', #1764, .T. ) ;
#1099 = CARTESIAN_POINT ( 'NONE',  ( -13.04166666666666785, 1.500000000000000888, -0.8660254037844402619 ) ) ;
#1100 = ORIENTED_EDGE ( 'NONE', *, *, #3440, .F. ) ;
#1101 = CARTESIAN_POINT ( 'NONE',  ( -13.68749999999998757, 1.175240473580833722, 0.000000000000000000 ) ) ;
#1102 = CARTESIAN_POINT ( 'NONE',  ( 17.44975952641891581, -1.043415224874846947, 0.5628595763257887574 ) ) ;
#1103 = CYLINDRICAL_SURFACE ( 'NONE', #5173, 1.500000000000000666 ) ;
#1104 = CARTESIAN_POINT ( 'NONE',  ( 12.83333333333333570, 0.5876202367904130863, 1.017788105676651789 ) ) ;
#1105 = CARTESIAN_POINT ( 'NONE',  ( -17.27083333333332149, -0.7500000000000003331, 1.299038105676659338 ) ) ;
#1106 = CARTESIAN_POINT ( 'NONE',  ( -12.62499999999998757, 8.309539638847769097E-17, 1.357050807568875195 ) ) ;
#1107 = CARTESIAN_POINT ( 'NONE',  ( -17.12576432730604026, 2.032061207922928336E-11, 1.176564327306035995 ) ) ;
#1108 = CARTESIAN_POINT ( 'NONE',  ( 12.50000000000000000, 1.500000000000000000, 0.000000000000000000 ) ) ;
#1109 = CARTESIAN_POINT ( 'NONE',  ( 16.50000000000000000, -1.175240473580827949, -1.439254484199180504E-16 ) ) ;
#1110 = CARTESIAN_POINT ( 'NONE',  ( 15.66666666666666963, -0.7500000000000006661, 1.299038105676657562 ) ) ;
#1111 = CARTESIAN_POINT ( 'NONE',  ( 14.91666666666666785, 0.7500000000000002220, -1.299038105676658006 ) ) ;
#1112 = CARTESIAN_POINT ( 'NONE',  ( -17.29166666666666785, -1.500000000000000888, 0.8660254037844398178 ) ) ;
#1113 = ORIENTED_EDGE ( 'NONE', *, *, #1595, .T. ) ;
#1114 = CARTESIAN_POINT ( 'NONE',  ( 15.33333333333333393, 0.5876202367904130863, 1.017788105676651789 ) ) ;
#1115 = CARTESIAN_POINT ( 'NONE',  ( -11.10000000000000142, 0.000000000000000000, 0.000000000000000000 ) ) ;
#1116 = CARTESIAN_POINT ( 'NONE',  ( 16.79166666666667140, -1.499999999999999778, -0.8660254037844391517 ) ) ;
#1117 = ORIENTED_EDGE ( 'NONE', *, *, #3978, .F. ) ;
#1118 = EDGE_CURVE ( 'NONE', #2022, #5037, #2704, .T. ) ;
#1119 = CARTESIAN_POINT ( 'NONE',  ( -17.50000000000000355, -0.2198948976589664706, -2.249999999999999556 ) ) ;
#1120 = CARTESIAN_POINT ( 'NONE',  ( -17.43749999999998934, 1.500000000000001332, 0.000000000000000000 ) ) ;
#1121 = CARTESIAN_POINT ( 'NONE',  ( 17.21840712629350989, -0.6842790189726527528, -1.236942480627690522 ) ) ;
#1122 = EDGE_CURVE ( 'NONE', #1346, #868, #4858, .T. ) ;
#1123 = ORIENTED_EDGE ( 'NONE', *, *, #4854, .F. ) ;
#1124 = CARTESIAN_POINT ( 'NONE',  ( -15.64583333333331971, 1.175240473580833944, 0.6785254037844374864 ) ) ;
#1125 = CARTESIAN_POINT ( 'NONE',  ( 13.37754000000000509, -0.7577879136399620075, 0.9118551419711178330 ) ) ;
#1126 = CARTESIAN_POINT ( 'NONE',  ( 13.89583333333333570, 1.500000000000000000, -0.8660254037844384856 ) ) ;
#1127 = CARTESIAN_POINT ( 'NONE',  ( 13.37500000000000178, -2.492861891654318526E-16, 1.357050807568868533 ) ) ;
#1128 = CARTESIAN_POINT ( 'NONE',  ( -17.70833333333332149, 1.175240473580833944, 0.6785254037844374864 ) ) ;
#1129 = CARTESIAN_POINT ( 'NONE',  ( -14.04166666666665542, -1.175240473580833722, 0.6785254037844379305 ) ) ;
#1130 = CARTESIAN_POINT ( 'NONE',  ( -11.74999999999998757, 1.175240473580833722, 0.000000000000000000 ) ) ;
#1131 = CARTESIAN_POINT ( 'NONE',  ( 16.60416666666667140, 0.5876202367904140855, -1.017788105676651345 ) ) ;
#1132 = CARTESIAN_POINT ( 'NONE',  ( -17.41016616038781351, 0.8761607244268359018, -2.249999999999999556 ) ) ;
#1133 = CARTESIAN_POINT ( 'NONE',  ( -15.14583333333332149, 1.175240473580833722, 0.6785254037844374864 ) ) ;
#1134 = CARTESIAN_POINT ( 'NONE',  ( 16.39583333333333570, -1.175240473580827949, 0.6785254037844338226 ) ) ;
#1135 = CARTESIAN_POINT ( 'NONE',  ( -14.29166666666666785, -1.500000000000000888, 0.8660254037844398178 ) ) ;
#1136 = ORIENTED_EDGE ( 'NONE', *, *, #4049, .F. ) ;
#1137 = CARTESIAN_POINT ( 'NONE',  ( 16.08333333333333570, -0.5876202367904137525, -1.017788105676651345 ) ) ;
#1138 = DIRECTION ( 'NONE',  ( -1.000000000000000000, 0.000000000000000000, 0.000000000000000000 ) ) ;
#1139 = CARTESIAN_POINT ( 'NONE',  ( 14.60416666666666785, -0.7500000000000006661, 1.299038105676657562 ) ) ;
#1140 = EDGE_LOOP ( 'NONE', ( #4588, #4199, #4276, #2490 ) ) ;
#1141 = CARTESIAN_POINT ( 'NONE',  ( -14.50000000000000178, 1.500000000000001332, 0.000000000000000000 ) ) ;
#1142 = CARTESIAN_POINT ( 'NONE',  ( 16.58333333333333570, 0.7499999999999988898, 1.299038105676658672 ) ) ;
#1143 = CARTESIAN_POINT ( 'NONE',  ( -17.22916666666665364, -1.500000000000000888, 0.8660254037844398178 ) ) ;
#1144 = DIRECTION ( 'NONE',  ( -0.7071067811865463515, 8.659560562354948882E-17, -0.7071067811865487940 ) ) ;
#1145 = ORIENTED_EDGE ( 'NONE', *, *, #955, .F. ) ;
#1146 = CARTESIAN_POINT ( 'NONE',  ( -14.14583333333331971, 1.175240473580833944, 0.6785254037844374864 ) ) ;
#1147 = CARTESIAN_POINT ( 'NONE',  ( 17.39868202848677470, 0.08520666536562002125, 1.226317971511508231 ) ) ;
#1148 = CARTESIAN_POINT ( 'NONE',  ( -13.39732828858370972, 0.4019091945067277405, 1.500008425930634326 ) ) ;
#1149 = CARTESIAN_POINT ( 'NONE',  ( 13.70833333333333748, 1.175240473580827727, -0.6785254037844341557 ) ) ;
#1150 = EDGE_CURVE ( 'NONE', #3644, #5350, #4704, .T. ) ;
#1151 = CARTESIAN_POINT ( 'NONE',  ( -14.20833333333332149, 1.175240473580833944, 0.6785254037844374864 ) ) ;
#1152 = CARTESIAN_POINT ( 'NONE',  ( -12.33333333333332149, 0.5876202367904159729, -1.017788105676656896 ) ) ;
#1153 = CARTESIAN_POINT ( 'NONE',  ( 16.02083333333333570, -0.5876202367904137525, -1.017788105676651345 ) ) ;
#1154 = VECTOR ( 'NONE', #4475, 1000.000000000000000 ) ;
#1155 = AXIS2_PLACEMENT_3D ( 'NONE', #205, #4731, #3548 ) ;
#1156 = CARTESIAN_POINT ( 'NONE',  ( 14.70833333333333570, 1.175240473580827949, -0.6785254037844341557 ) ) ;
#1157 = CARTESIAN_POINT ( 'NONE',  ( -14.77083333333332149, 0.5876202367904159729, -1.017788105676656896 ) ) ;
#1158 = CARTESIAN_POINT ( 'NONE',  ( 16.35416666666667140, -0.5876202367904145296, 1.017788105676650900 ) ) ;
#1159 = CARTESIAN_POINT ( 'NONE',  ( -14.08333333333333570, 0.7499999999999995559, -1.299038105676659560 ) ) ;
#1160 = EDGE_LOOP ( 'NONE', ( #5085, #354, #896, #1775 ) ) ;
#1161 = AXIS2_PLACEMENT_3D ( 'NONE', #167, #2551, #4193 ) ;
#1162 = EDGE_CURVE ( 'NONE', #4117, #2498, #4521, .T. ) ;
#1163 =( BOUNDED_CURVE ( )  B_SPLINE_CURVE ( 2, ( #3150, #1417, #2259, #673, #4822, #3072, #221, #4409, #4716 ),
 .UNSPECIFIED., .F., .F. ) 
 B_SPLINE_CURVE_WITH_KNOTS ( ( 3, 2, 2, 2, 3 ),
 ( 0.1360458513215122567, 0.1425250814286770917, 0.1554819070131022996, 0.1684387325975275074, 0.1749174407509587470 ),
 .UNSPECIFIED. ) 
 CURVE ( )  GEOMETRIC_REPRESENTATION_ITEM ( )  RATIONAL_B_SPLINE_CURVE ( ( 0.9330127029584082132, 0.9330042507912923444, 1.000000000000000000, 0.8660254037844387076, 1.000000000000000000, 0.8660254037844387076, 1.000000000000000000, 0.9330096478339742205, 0.9330127020314586961 ) ) 
 REPRESENTATION_ITEM ( '' )  );
#1164 = CARTESIAN_POINT ( 'NONE',  ( 15.12500000000000355, 8.309539638847728421E-17, -1.357050807568868533 ) ) ;
#1165 = LOCAL_TIME ( 18, 17, 22.00000000000000000, #33 ) ;
#1166 = CARTESIAN_POINT ( 'NONE',  ( -17.52083333333332149, -0.5876202367904166390, 1.017788105676656674 ) ) ;
#1167 = CARTESIAN_POINT ( 'NONE',  ( -12.62471870236601568, 1.572010132869931570E-05, -1.499999999839165099 ) ) ;
#1168 = ORIENTED_EDGE ( 'NONE', *, *, #4598, .F. ) ;
#1169 = CARTESIAN_POINT ( 'NONE',  ( -14.45833333333333570, 1.500000000000001110, 0.8660254037844392627 ) ) ;
#1170 = CARTESIAN_POINT ( 'NONE',  ( -13.12591874435326034, -5.120537220594853891E-05, -1.499999998284378355 ) ) ;
#1171 = CARTESIAN_POINT ( 'NONE',  ( -16.93749999999998579, 1.500000000000001332, 0.000000000000000000 ) ) ;
#1172 = CARTESIAN_POINT ( 'NONE',  ( 12.50000000000000178, 0.2198900052068082089, -2.249999999999999556 ) ) ;
#1173 = ORIENTED_EDGE ( 'NONE', *, *, #2056, .F. ) ;
#1174 = CARTESIAN_POINT ( 'NONE',  ( -15.27083333333331971, 0.5876202367904159729, -1.017788105676656896 ) ) ;
#1175 = CARTESIAN_POINT ( 'NONE',  ( 17.28765638858419251, 1.036574178893581166, -0.8619544068070885690 ) ) ;
#1176 = CARTESIAN_POINT ( 'NONE',  ( 14.10416666666666963, -0.7500000000000006661, 1.299038105676657562 ) ) ;
#1177 = CARTESIAN_POINT ( 'NONE',  ( 16.89583333333333570, 1.500000000000000000, -0.8660254037844384856 ) ) ;
#1178 = CARTESIAN_POINT ( 'NONE',  ( -11.99999999999998757, -1.175240473580833722, 1.439254484199187407E-16 ) ) ;
#1179 = CARTESIAN_POINT ( 'NONE',  ( -11.70833333333332149, 1.175240473580833722, 0.6785254037844374864 ) ) ;
#1180 = CARTESIAN_POINT ( 'NONE',  ( 15.39583333333333570, -1.175240473580827949, 0.6785254037844338226 ) ) ;
#1181 = ADVANCED_FACE ( 'NONE', ( #2801 ), #1608, .T. ) ;
#1182 = CARTESIAN_POINT ( 'NONE',  ( 15.83333333333333393, 0.5876202367904130863, 1.017788105676651789 ) ) ;
#1183 = CARTESIAN_POINT ( 'NONE',  ( -14.97916666666665364, -1.175240473580833500, 0.6785254037844380415 ) ) ;
#1185 = EDGE_CURVE ( 'NONE', #4888, #5309, #847, .T. ) ;
#1184 = CARTESIAN_POINT ( 'NONE',  ( 15.81250000000000000, -2.492861891654318526E-16, 1.357050807568868533 ) ) ;
#1186 = CARTESIAN_POINT ( 'NONE',  ( -14.33333333333333570, -0.7500000000000003331, 1.299038105676659338 ) ) ;
#1187 = CARTESIAN_POINT ( 'NONE',  ( 17.50000000000000000, 0.000000000000000000, 1.124999999999998446 ) ) ;
#1188 = ORIENTED_EDGE ( 'NONE', *, *, #5283, .T. ) ;
#1189 = EDGE_CURVE ( 'NONE', #2573, #3454, #4067, .T. ) ;
#1190 = CARTESIAN_POINT ( 'NONE',  ( 17.45833333333333925, -1.175240473580827949, 0.6785254037844338226 ) ) ;
#1191 = CARTESIAN_POINT ( 'NONE',  ( -17.10416666666665719, 0.5876202367904169721, 1.017788105676656452 ) ) ;
#1192 = CARTESIAN_POINT ( 'NONE',  ( 17.50000000000000000, 0.000000000000000000, 0.000000000000000000 ) ) ;
#1193 =( BOUNDED_CURVE ( )  B_SPLINE_CURVE ( 2, ( #2708, #641, #958, #2303, #3950, #1896, #3896, #3867, #157, #3551, #3142, #182, #930, #534, #1818, #3472, #4734, #1406, #3063, #985, #1845, #3498, #113, #1885, #551, #4312, #602, #5115, #3487, #3427, #1774, #1833, #1858, #1362, #2264, #3541, #1804, #5142, #3856, #196, #947, #3461, #2694, #651, #3513, #1004, #3022, #5084, #5197, #2212, #2319, #578, #4364, #1392, #2616, #4338, #3050, #3912, #4258, #4664, #147, #4693, #1476, #2721, #975, #2642, #4284, #2242, #3882, #172, #1422, #3077, #3104, #2291, #628, #3129, #3937, #4721, #1450, #4774, #2669, #226, #5169, #4749, #1031, #1056, #296, #2391, #3225, #3250, #5246, #2792, #4875, #4485, #4799, #1959, #2770, #3155, #1499, #725, #2011, #4901, #2343, #773, #251, #275, #3634, #1081, #4034, #4008, #4414, #1986, #1935, #4390, #703, #3612, #1152, #5297, #3588, #2816, #1570, #3962, #2747, #4461, #4055, #322, #678, #3986, #747, #1546, #1130, #1179, #2413, #2840, #5273, #3203, #343, #4851, #5222, #3653, #4436, #5321, #1909 ),
 .UNSPECIFIED., .F., .F. ) 
 B_SPLINE_CURVE_WITH_KNOTS ( ( 3, 2, 2, 2, 2, 2, 2, 2, 2, 2, 2, 2, 2, 2, 2, 2, 2, 2, 2, 2, 2, 2, 2, 2, 2, 2, 2, 2, 2, 2, 2, 2, 2, 2, 2, 2, 2, 2, 2, 2, 2, 2, 2, 2, 2, 2, 2, 2, 2, 2, 2, 2, 2, 2, 2, 2, 2, 2, 2, 2, 2, 2, 2, 2, 2, 2, 2, 2, 2, 2, 2, 3 ),
 ( 0.09725738075968215490, 0.1036546253191429623, 0.1166114534840358430, 0.1295682816489286959, 0.1425251098138215766, 0.1554819379787144573, 0.1684387661436073103, 0.1813955943085002187, 0.1943524224733930716, 0.2073092506382859246, 0.2202660788031788330, 0.2332229069680717137, 0.2461797351329645667, 0.2591365632978573919, 0.2720933914627503003, 0.2850502196276432088, 0.2980070477925360617, 0.3109638759574289146, 0.3239207041223218231, 0.3368775322872146205, 0.3498343604521075290, 0.3627911886170004374, 0.3757480167818932904, 0.3887048449467861988, 0.4016616731116790517, 0.4146185012765718492, 0.4275753294414647576, 0.4405321576063576106, 0.4534889857712505190, 0.4664458139361433719, 0.4794026421010362249, 0.4923594702659291333, 0.5053162984308219308, 0.5182731265957147837, 0.5312299547606077477, 0.5441867829255006006, 0.5571436110903935646, 0.5701004392552864175, 0.5830572674201792704, 0.5960140955850721234, 0.6089709237499649763, 0.6219277519148578293, 0.6348845800797506822, 0.6478414082446436462, 0.6607982364095363881, 0.6737550645744292410, 0.6867118927393222050, 0.6996687209042150579, 0.7126255490691080219, 0.7255823772340007638, 0.7385392053988936167, 0.7514960335637865807, 0.7644528617286794336, 0.7774096898935723976, 0.7903665180584651395, 0.8033233462233579925, 0.8162801743882509564, 0.8292370025531438094, 0.8421938307180367733, 0.8551506588829295152, 0.8681074870478223682, 0.8810643152127153321, 0.8940211433776081851, 0.9069779715425011490, 0.9199347997073937799, 0.9328916278722868549, 0.9458484560371795968, 0.9588052842020724498, 0.9717621123669654137, 0.9847189405318581557, 0.9976757686967511196, 1.000000000000000000 ),
 .UNSPECIFIED. ) 
 CURVE ( )  GEOMETRIC_REPRESENTATION_ITEM ( )  RATIONAL_B_SPLINE_CURVE ( ( 0.9330232176613225681, 0.9338520009805930666, 1.000000000000000000, 0.8660254037844387076, 1.000000000000000000, 0.8660254037844387076, 1.000000000000000000, 0.8660254037844387076, 1.000000000000000000, 0.8660254037844387076, 1.000000000000000000, 0.8660254037844387076, 1.000000000000000000, 0.8660254037844387076, 1.000000000000000000, 0.8660254037844387076, 1.000000000000000000, 0.8660254037844387076, 1.000000000000000000, 0.8660254037844387076, 1.000000000000000000, 0.8660254037844387076, 1.000000000000000000, 0.8660254037844387076, 1.000000000000000000, 0.8660254037844387076, 1.000000000000000000, 0.8660254037844387076, 1.000000000000000000, 0.8660254037844387076, 1.000000000000000000, 0.8660254037844387076, 1.000000000000000000, 0.8660254037844387076, 1.000000000000000000, 0.8660254037844387076, 1.000000000000000000, 0.8660254037844387076, 1.000000000000000000, 0.8660254037844387076, 1.000000000000000000, 0.8660254037844387076, 1.000000000000000000, 0.8660254037844387076, 1.000000000000000000, 0.8660254037844387076, 1.000000000000000000, 0.8660254037844387076, 1.000000000000000000, 0.8660254037844387076, 1.000000000000000000, 0.8660254037844387076, 1.000000000000000000, 0.8660254037844387076, 1.000000000000000000, 0.8660254037844387076, 1.000000000000000000, 0.8660254037844387076, 1.000000000000000000, 0.8660254037844387076, 1.000000000000000000, 0.8660254037844387076, 1.000000000000000000, 0.8660254037844387076, 1.000000000000000000, 0.8660254037844387076, 1.000000000000000000, 0.8660254037844387076, 1.000000000000000000, 0.8660254037844387076, 1.000000000000000000, 0.8660254037844387076, 1.000000000000000000, 0.8660254037844387076, 1.000000000000000000, 0.8660254037844387076, 1.000000000000000000, 0.8660254037844387076, 1.000000000000000000, 0.8660254037844387076, 1.000000000000000000, 0.8660254037844387076, 1.000000000000000000, 0.8660254037844387076, 1.000000000000000000, 0.8660254037844387076, 1.000000000000000000, 0.8660254037844387076, 1.000000000000000000, 0.8660254037844387076, 1.000000000000000000, 0.8660254037844387076, 1.000000000000000000, 0.8660254037844387076, 1.000000000000000000, 0.8660254037844387076, 1.000000000000000000, 0.8660254037844387076, 1.000000000000000000, 0.8660254037844387076, 1.000000000000000000, 0.8660254037844387076, 1.000000000000000000, 0.8660254037844387076, 1.000000000000000000, 0.8660254037844387076, 1.000000000000000000, 0.8660254037844387076, 1.000000000000000000, 0.8660254037844387076, 1.000000000000000000, 0.8660254037844387076, 1.000000000000000000, 0.8660254037844387076, 1.000000000000000000, 0.8660254037844387076, 1.000000000000000000, 0.8660254037844387076, 1.000000000000000000, 0.8660254037844387076, 1.000000000000000000, 0.8660254037844387076, 1.000000000000000000, 0.8660254037844387076, 1.000000000000000000, 0.8660254037844387076, 1.000000000000000000, 0.8660254037844387076, 1.000000000000000000, 0.8660254037844387076, 1.000000000000000000, 0.8660254037844387076, 1.000000000000000000, 0.8660254037844387076, 1.000000000000000000, 0.8660254037844387076, 1.000000000000000000, 0.8660254037844387076, 1.000000000000000000, 0.8660254037844387076, 1.000000000000000000, 0.9759672701990406152, 0.9605566541121859370 ) ) 
 REPRESENTATION_ITEM ( '' )  );
#1194 = ORIENTED_EDGE ( 'NONE', *, *, #1150, .F. ) ;
#1195 = CARTESIAN_POINT ( 'NONE',  ( -16.08482909936924443, -0.4019237886466833221, -1.500000000000001998 ) ) ;
#1196 = DIRECTION ( 'NONE',  ( 1.000000000000000000, 0.000000000000000000, 0.000000000000000000 ) ) ;
#1197 = CARTESIAN_POINT ( 'NONE',  ( -16.47916666666665719, 1.500000000000000888, -0.8660254037844402619 ) ) ;
#1198 = CARTESIAN_POINT ( 'NONE',  ( 12.35968811830836955, 1.088940298961015296, -2.250000000000000000 ) ) ;
#1199 = ORIENTED_EDGE ( 'NONE', *, *, #2131, .F. ) ;
#1200 = CARTESIAN_POINT ( 'NONE',  ( -15.56249999999998757, 8.309539638847769097E-17, 1.357050807568875195 ) ) ;
#1201 = CARTESIAN_POINT ( 'NONE',  ( -11.83482909936924976, 0.4019237886466845988, 1.500000000000001110 ) ) ;
#1202 = CARTESIAN_POINT ( 'NONE',  ( 14.56250000000000355, -3.181725716174720005E-16, 1.732050807568877193 ) ) ;
#1203 = DIRECTION ( 'NONE',  ( -1.000000000000000000, -0.000000000000000000, -0.000000000000000000 ) ) ;
#1204 = CARTESIAN_POINT ( 'NONE',  ( -11.91666666666665542, -0.5876202367904174162, -1.017788105676656230 ) ) ;
#1205 = CARTESIAN_POINT ( 'NONE',  ( -17.35235422956862905, 1.316592654364805437, 0.5222020528998373434 ) ) ;
#1206 = CARTESIAN_POINT ( 'NONE',  ( 16.10416666666666785, 0.5876202367904140855, -1.017788105676651345 ) ) ;
#1207 = CONICAL_SURFACE ( 'NONE', #4937, 2.250000000000000000, 1.047197551196600074 ) ;
#1208 = ORIENTED_EDGE ( 'NONE', *, *, #2605, .F. ) ;
#1209 = CARTESIAN_POINT ( 'NONE',  ( 13.83333333333333570, 0.5876202367904130863, 1.017788105676651789 ) ) ;
#1210 = CARTESIAN_POINT ( 'NONE',  ( -16.85416666666665719, -0.5876202367904174162, -1.017788105676656230 ) ) ;
#1211 = CARTESIAN_POINT ( 'NONE',  ( 17.39583333333333570, -1.175240473580827949, 0.6785254037844338226 ) ) ;
#1212 = CARTESIAN_POINT ( 'NONE',  ( -14.66666666666666785, -0.7500000000000013323, -1.299038105676658894 ) ) ;
#1213 = CARTESIAN_POINT ( 'NONE',  ( -15.58333333333333393, 0.7499999999999995559, -1.299038105676659560 ) ) ;
#1214 = CARTESIAN_POINT ( 'NONE',  ( -12.18749999999998757, -1.500000000000001332, 1.836970198721031413E-16 ) ) ;
#1215 = ORIENTED_EDGE ( 'NONE', *, *, #3309, .F. ) ;
#1216 = EDGE_CURVE ( 'NONE', #840, #3257, #5098, .T. ) ;
#1217 = CARTESIAN_POINT ( 'NONE',  ( 15.54166666666667140, -1.175240473580827505, -0.6785254037844345998 ) ) ;
#1218 = CARTESIAN_POINT ( 'NONE',  ( -17.31249999999998934, -2.492861891654330359E-16, -1.357050807568875195 ) ) ;
#1219 = EDGE_CURVE ( 'NONE', #3428, #2027, #787, .T. ) ;
#1220 = LINE ( 'NONE', #3715, #3167 ) ;
#1221 = VERTEX_POINT ( 'NONE', #3664 ) ;
#1222 = CARTESIAN_POINT ( 'NONE',  ( 12.41074498996844255, 1.511897080250298675, -1.881317441191444617 ) ) ;
#1223 = FACE_OUTER_BOUND ( 'NONE', #579, .T. ) ;
#1224 = B_SPLINE_CURVE_WITH_KNOTS ( 'NONE', 3,
 ( #2981, #3758, #1734, #1234, #10, #2437 ),
 .UNSPECIFIED., .F., .F.,
 ( 4, 2, 4 ),
 ( 0.009168783858032244008, 0.009825925715762316714, 0.01048306757349239116 ),
 .UNSPECIFIED. ) ;
#1225 = CARTESIAN_POINT ( 'NONE',  ( -15.06249999999998934, -3.181725716174723456E-16, -1.732050807568878747 ) ) ;
#1226 =( BOUNDED_CURVE ( )  B_SPLINE_CURVE ( 2, ( #1459, #4836, #3549, #1093, #4758, #1945, #3522, #5206, #1484 ),
 .UNSPECIFIED., .F., .F. ) 
 B_SPLINE_CURVE_WITH_KNOTS ( ( 3, 2, 2, 2, 3 ),
 ( 0.5576923076923077094, 0.5641025641025640969, 0.5769230769230768718, 0.5897435897435897578, 0.5961538461538461453 ),
 .UNSPECIFIED. ) 
 CURVE ( )  GEOMETRIC_REPRESENTATION_ITEM ( )  RATIONAL_B_SPLINE_CURVE ( ( 0.9330127018922194093, 0.9330127018922194093, 1.000000000000000000, 0.8660254037844387076, 1.000000000000000000, 0.8660254037844387076, 1.000000000000000000, 0.9330127018922194093, 0.9330127018922194093 ) ) 
 REPRESENTATION_ITEM ( '' )  );
#1227 = EDGE_CURVE ( 'NONE', #5286, #1609, #3641, .T. ) ;
#1228 = VERTEX_POINT ( 'NONE', #1946 ) ;
#1229 = CARTESIAN_POINT ( 'NONE',  ( -11.10000000000000142, 1.836970198721030427E-16, -1.500000000000000666 ) ) ;
#1230 = CARTESIAN_POINT ( 'NONE',  ( -11.10000000000000142, 0.000000000000000000, 0.000000000000000000 ) ) ;
#1231 = CARTESIAN_POINT ( 'NONE',  ( 12.93750000000000178, 1.500000000000000000, 0.000000000000000000 ) ) ;
#1232 = CARTESIAN_POINT ( 'NONE',  ( 16.06250000000000000, 2.265986553086566003E-15, 1.500000000000000000 ) ) ;
#1233 = CARTESIAN_POINT ( 'NONE',  ( -11.66666666666665542, 0.5876202367904169721, 1.017788105676656452 ) ) ;
#1234 = CARTESIAN_POINT ( 'NONE',  ( -17.48055429503254743, 0.4426742036630916810, 2.250000000000000000 ) ) ;
#1235 = CARTESIAN_POINT ( 'NONE',  ( 15.68750000000000000, 1.175240473580827949, 0.000000000000000000 ) ) ;
#1236 = EDGE_LOOP ( 'NONE', ( #404, #4251, #2834 ) ) ;
#1237 = CARTESIAN_POINT ( 'NONE',  ( -12.79166666666665542, 1.175240473580833500, -0.6785254037844382635 ) ) ;
#1238 = CARTESIAN_POINT ( 'NONE',  ( 16.20833333333333570, 1.175240473580827949, -0.6785254037844341557 ) ) ;
#1239 = CARTESIAN_POINT ( 'NONE',  ( -16.60416666666665719, 0.5876202367904169721, 1.017788105676656452 ) ) ;
#1240 = CARTESIAN_POINT ( 'NONE',  ( 12.56250000000000178, 8.309539638847728421E-17, -1.357050807568868533 ) ) ;
#1241 = CARTESIAN_POINT ( 'NONE',  ( -16.41666666666667140, 0.7500000000000008882, 1.299038105676659116 ) ) ;
#1242 = CARTESIAN_POINT ( 'NONE',  ( -15.54166666666667318, 1.500000000000000888, -0.8660254037844402619 ) ) ;
#1243 = CARTESIAN_POINT ( 'NONE',  ( -12.06249999999998934, -3.181725716174723456E-16, -1.732050807568878747 ) ) ;
#1244 = VERTEX_POINT ( 'NONE', #5258 ) ;
#1245 = CARTESIAN_POINT ( 'NONE',  ( 14.00000000000000178, -1.175240473580827949, -1.439254484199180504E-16 ) ) ;
#1246 = DIRECTION ( 'NONE',  ( 1.000000000000000000, 0.000000000000000000, 0.000000000000000000 ) ) ;
#1247 = AXIS2_PLACEMENT_3D ( 'NONE', #2383, #4027, #4868 ) ;
#1248 = VERTEX_POINT ( 'NONE', #1534 ) ;
#1249 = CARTESIAN_POINT ( 'NONE',  ( 12.36022993090466038, 1.405025455977999771, -2.066424524318478007 ) ) ;
#1250 = VECTOR ( 'NONE', #4269, 1000.000000000000000 ) ;
#1251 = EDGE_CURVE ( 'NONE', #20, #4189, #3190, .T. ) ;
#1252 = CARTESIAN_POINT ( 'NONE',  ( -17.35266987951123596, -0.4019421687978487201, 1.499989388214778785 ) ) ;
#1253 = CARTESIAN_POINT ( 'NONE',  ( -17.44920000000000115, 0.000000000000000000, 0.000000000000000000 ) ) ;
#1254 = CARTESIAN_POINT ( 'NONE',  ( 13.66666666666666963, 0.5876202367904140855, -1.017788105676651345 ) ) ;
#1255 = CARTESIAN_POINT ( 'NONE',  ( -16.52083333333332149, 0.7499999999999995559, -1.299038105676659560 ) ) ;
#1256 = VERTEX_POINT ( 'NONE', #3745 ) ;
#1257 = CARTESIAN_POINT ( 'NONE',  ( -11.31249999999998934, -2.492861891654330359E-16, -1.357050807568875195 ) ) ;
#1258 = CARTESIAN_POINT ( 'NONE',  ( 17.10416666666667140, 0.5876202367904140855, -1.017788105676651345 ) ) ;
#1259 = CARTESIAN_POINT ( 'NONE',  ( 14.18750000000000178, -1.500000000000000000, -1.836970198721029934E-16 ) ) ;
#1260 = DIRECTION ( 'NONE',  ( 1.000000000000000000, 0.000000000000000000, 0.000000000000000000 ) ) ;
#1261 = CARTESIAN_POINT ( 'NONE',  ( -11.74999999999998757, 1.175240473580833722, 0.000000000000000000 ) ) ;
#1262 = DIRECTION ( 'NONE',  ( 1.000000000000000000, 0.000000000000000000, 0.000000000000000000 ) ) ;
#1263 = CARTESIAN_POINT ( 'NONE',  ( 12.93750000000000178, -1.175240473580827949, -1.439254484199180504E-16 ) ) ;
#1264 = VERTEX_POINT ( 'NONE', #2909 ) ;
#1265 = CARTESIAN_POINT ( 'NONE',  ( -12.54166666666665542, -1.175240473580833722, 0.6785254037844379305 ) ) ;
#1266 = CARTESIAN_POINT ( 'NONE',  ( 13.37754000000000154, -0.03582132963471190007, 1.174694429664876694 ) ) ;
#1267 = CARTESIAN_POINT ( 'NONE',  ( -12.64583333333332149, 1.175240473580833722, 0.6785254037844374864 ) ) ;
#1268 = CARTESIAN_POINT ( 'NONE',  ( 12.89583333333333570, -1.175240473580827949, 0.6785254037844338226 ) ) ;
#1269 = CARTESIAN_POINT ( 'NONE',  ( -13.66666666666666963, -0.7500000000000013323, -1.299038105676658894 ) ) ;
#1270 = CARTESIAN_POINT ( 'NONE',  ( 13.37500000000000178, 0.000000000000000000, -1.172700473580827518 ) ) ;
#1271 = CARTESIAN_POINT ( 'NONE',  ( -12.93749999999998757, 1.500000000000001332, 0.000000000000000000 ) ) ;
#1272 = ORIENTED_EDGE ( 'NONE', *, *, #992, .F. ) ;
#1273 = CARTESIAN_POINT ( 'NONE',  ( -17.37499999999998934, -2.492861891654330359E-16, -1.357050807568875195 ) ) ;
#1274 = CARTESIAN_POINT ( 'NONE',  ( 13.20833333333333570, 1.175240473580827727, -0.6785254037844341557 ) ) ;
#1275 = CARTESIAN_POINT ( 'NONE',  ( -17.47916666666665364, -1.175240473580833722, 0.6785254037844379305 ) ) ;
#1276 = CARTESIAN_POINT ( 'NONE',  ( 14.00000000000000178, 1.500000000000000000, 0.000000000000000000 ) ) ;
#1277 = ORIENTED_EDGE ( 'NONE', *, *, #2659, .F. ) ;
#1278 = CARTESIAN_POINT ( 'NONE',  ( -11.81249999999998757, 2.033577675846917841E-16, 1.500000000000001110 ) ) ;
#1279 = CARTESIAN_POINT ( 'NONE',  ( -16.14733057772541258, -0.4019503990574335717, -1.499984636472192046 ) ) ;
#1280 = CARTESIAN_POINT ( 'NONE',  ( 14.79166666666666785, 1.175240473580827505, 0.6785254037844348218 ) ) ;
#1281 = CARTESIAN_POINT ( 'NONE',  ( -15.39583333333332327, 1.500000000000001554, 0.8660254037844392627 ) ) ;
#1282 = ORIENTED_EDGE ( 'NONE', *, *, #2509, .F. ) ;
#1283 = CARTESIAN_POINT ( 'NONE',  ( -12.60416666666665542, 0.5876202367904169721, 1.017788105676656452 ) ) ;
#1284 = CARTESIAN_POINT ( 'NONE',  ( 17.27083333333333570, 0.5876202367904130863, 1.017788105676651789 ) ) ;
#1285 = LINE ( 'NONE', #3475, #2734 ) ;
#1286 = CARTESIAN_POINT ( 'NONE',  ( 14.31250000000000000, 2.033577675846917841E-16, -1.499999999999999778 ) ) ;
#1287 = CARTESIAN_POINT ( 'NONE',  ( -12.24999999999998757, 1.175240473580833722, 0.000000000000000000 ) ) ;
#1288 = CARTESIAN_POINT ( 'NONE',  ( -17.26882516283537683, 0.9203416450197213772, 0.9506125838962589114 ) ) ;
#1289 = ADVANCED_FACE ( 'NONE', ( #27 ), #926, .F. ) ;
#1290 = CARTESIAN_POINT ( 'NONE',  ( 14.22916666666666785, 1.175240473580827505, 0.6785254037844348218 ) ) ;
#1291 = ORIENTED_EDGE ( 'NONE', *, *, #2521, .T. ) ;
#1292 = CARTESIAN_POINT ( 'NONE',  ( -12.20833333333332149, 1.175240473580833944, 0.6785254037844374864 ) ) ;
#1293 = CARTESIAN_POINT ( 'NONE',  ( -13.39583333333332149, 1.500000000000001110, 0.8660254037844392627 ) ) ;
#1294 = CARTESIAN_POINT ( 'NONE',  ( -13.60416666666665542, 0.5876202367904169721, 1.017788105676656452 ) ) ;
#1295 = CARTESIAN_POINT ( 'NONE',  ( 12.97916666666666785, -1.175240473580827505, -0.6785254037844345998 ) ) ;
#1296 = CARTESIAN_POINT ( 'NONE',  ( -13.12500000000000178, -3.181725716174723456E-16, -1.732050807568878747 ) ) ;
#1297 = DIRECTION ( 'NONE',  ( -1.000000000000000000, -0.000000000000000000, -0.000000000000000000 ) ) ;
#1298 = VECTOR ( 'NONE', #2195, 1000.000000000000000 ) ;
#1299 = CARTESIAN_POINT ( 'NONE',  ( -11.52083333333331971, 0.7499999999999995559, -1.299038105676659560 ) ) ;
#1300 = ORIENTED_EDGE ( 'NONE', *, *, #1251, .T. ) ;
#1301 = CARTESIAN_POINT ( 'NONE',  ( 14.27083333333333570, 0.5876202367904130863, 1.017788105676651789 ) ) ;
#1302 = CARTESIAN_POINT ( 'NONE',  ( -16.66666666666665719, 0.5876202367904169721, 1.017788105676656452 ) ) ;
#1303 = CARTESIAN_POINT ( 'NONE',  ( 13.87500000000000178, -2.492861891654318526E-16, 1.357050807568868533 ) ) ;
#1304 = CARTESIAN_POINT ( 'NONE',  ( -13.93749999999998757, -1.175240473580833722, 1.439254484199187407E-16 ) ) ;
#1305 = CARTESIAN_POINT ( 'NONE',  ( -13.85267095631010292, -0.4019227864181625920, 1.500000578636907944 ) ) ;
#1306 = EDGE_LOOP ( 'NONE', ( #2004, #2256, #5116, #2956 ) ) ;
#1307 = CARTESIAN_POINT ( 'NONE',  ( -16.29017090063072715, -0.4019237886466849319, 1.500000000000000888 ) ) ;
#1308 = CARTESIAN_POINT ( 'NONE',  ( 16.31250000000000000, 2.033577675846917841E-16, -1.499999999999999778 ) ) ;
#1309 = CARTESIAN_POINT ( 'NONE',  ( -17.50000000000000711, -1.838311014891738981, -1.315951922093998805 ) ) ;
#1310 =( BOUNDED_CURVE ( )  B_SPLINE_CURVE ( 2, ( #3173, #4275, #2282, #1440, #3873, #1876, #3146, #3928, #2739 ),
 .UNSPECIFIED., .F., .F. ) 
 B_SPLINE_CURVE_WITH_KNOTS ( ( 3, 2, 2, 2, 3 ),
 ( 0.2884615384615384914, 0.2948717948717948789, 0.3076923076923077094, 0.3205128205128205399, 0.3269230769230769273 ),
 .UNSPECIFIED. ) 
 CURVE ( )  GEOMETRIC_REPRESENTATION_ITEM ( )  RATIONAL_B_SPLINE_CURVE ( ( 0.9330127018922194093, 0.9330127018922196314, 1.000000000000000000, 0.8660254037844387076, 1.000000000000000000, 0.8660254037844387076, 1.000000000000000000, 0.9330127018922194093, 0.9330127018922194093 ) ) 
 REPRESENTATION_ITEM ( '' )  );
#1311 = CARTESIAN_POINT ( 'NONE',  ( -14.31249999999998757, 1.060575238724907778E-16, 1.732050807568878747 ) ) ;
#1312 = APPROVAL_ROLE ( '' ) ;
#1313 = EDGE_LOOP ( 'NONE', ( #1558, #2381, #3015, #3640, #5023, #2661, #55, #3839, #2983, #4046, #1683, #2763, #3980, #4722, #2419, #4935, #4741, #267, #359, #713, #2518, #4487, #738, #3533, #1691, #2662, #4277, #620, #1796, #5315, #3023, #4020, #3704 ) ) ;
#1314 = CARTESIAN_POINT ( 'NONE',  ( -11.25698064062672188, 0.7632947672222624158, -0.8936281492173429042 ) ) ;
#1315 = DIRECTION ( 'NONE',  ( -1.000000000000000000, -0.000000000000000000, -0.000000000000000000 ) ) ;
#1316 = DIRECTION ( 'NONE',  ( -1.000000000000000000, -0.000000000000000000, -0.000000000000000000 ) ) ;
#1317 = CARTESIAN_POINT ( 'NONE',  ( -12.37500107753241529, 1.939559006663640087E-05, 1.499999999874604972 ) ) ;
#1318 = CARTESIAN_POINT ( 'NONE',  ( 13.57307868706372922, 1.373441875318506478, -0.02767226495579035161 ) ) ;
#1319 = CARTESIAN_POINT ( 'NONE',  ( -17.20192818642733812, 0.4830130683656564394, 1.159846631177039233 ) ) ;
#1320 = B_SPLINE_CURVE_WITH_KNOTS ( 'NONE', 3,
 ( #5227, #4394, #4317, #2245, #3545, #5147 ),
 .UNSPECIFIED., .F., .F.,
 ( 4, 2, 4 ),
 ( 0.000000000000000000, 0.0004662244638250704742, 0.0009324489276501407315 ),
 .UNSPECIFIED. ) ;
#1321 = CARTESIAN_POINT ( 'NONE',  ( 13.39583333333333570, -1.175240473580827949, 0.6785254037844338226 ) ) ;
#1322 = ORIENTED_EDGE ( 'NONE', *, *, #664, .F. ) ;
#1323 = EDGE_LOOP ( 'NONE', ( #4638, #3777, #4455, #3693 ) ) ;
#1324 = CARTESIAN_POINT ( 'NONE',  ( -12.16666666666665542, 0.5876202367904169721, 1.017788105676656452 ) ) ;
#1325 = ADVANCED_FACE ( 'NONE', ( #1634 ), #5072, .F. ) ;
#1326 = CARTESIAN_POINT ( 'NONE',  ( 17.44975952641921779, -1.159672946348584421, -0.1906536866931283769 ) ) ;
#1327 = CARTESIAN_POINT ( 'NONE',  ( -14.27083333333332149, 0.5876202367904159729, -1.017788105676656896 ) ) ;
#1328 = CARTESIAN_POINT ( 'NONE',  ( 15.06250000000000355, 8.309539638847728421E-17, -1.357050807568868533 ) ) ;
#1329 = CARTESIAN_POINT ( 'NONE',  ( -11.37500000000000355, 1.060575238724907778E-16, 1.732050807568878747 ) ) ;
#1330 = CARTESIAN_POINT ( 'NONE',  ( -16.83333333333332149, 0.5876202367904159729, -1.017788105676656896 ) ) ;
#1331 = CARTESIAN_POINT ( 'NONE',  ( -12.72916666666665719, -1.500000000000000888, 0.8660254037844398178 ) ) ;
#1332 = VERTEX_POINT ( 'NONE', #4644 ) ;
#1333 = CARTESIAN_POINT ( 'NONE',  ( 15.87500000000000000, 2.033577675846917841E-16, -1.499999999999999778 ) ) ;
#1334 = CARTESIAN_POINT ( 'NONE',  ( -15.62499999999998757, 8.309539638847769097E-17, 1.357050807568875195 ) ) ;
#1335 = CARTESIAN_POINT ( 'NONE',  ( 12.62500000000000178, 8.309539638847728421E-17, -1.357050807568868533 ) ) ;
#1336 = CARTESIAN_POINT ( 'NONE',  ( -13.81249999999998579, -2.492861891654330359E-16, -1.357050807568875195 ) ) ;
#1337 = CARTESIAN_POINT ( 'NONE',  ( 14.10267090063074313, 0.4019237886466832665, 1.500000000000000222 ) ) ;
#1338 = EDGE_CURVE ( 'NONE', #28, #1346, #2222, .T. ) ;
#1339 = CYLINDRICAL_SURFACE ( 'NONE', #5030, 1.500000000000000222 ) ;
#1340 = CARTESIAN_POINT ( 'NONE',  ( -16.20833333333333570, -1.500000000000002220, -0.8660254037844388186 ) ) ;
#1341 = VECTOR ( 'NONE', #5009, 1000.000000000000000 ) ;
#1342 = CARTESIAN_POINT ( 'NONE',  ( 12.45833333333333393, -1.175240473580827949, 0.6785254037844338226 ) ) ;
#1343 = DATE_TIME_ROLE ( 'classification_date' ) ;
#1344 = CIRCLE ( 'NONE', #4373, 1.172700473580827518 ) ;
#1345 = B_SPLINE_CURVE_WITH_KNOTS ( 'NONE', 3,
 ( #4702, #1309, #957, #181, #95, #3837 ),
 .UNSPECIFIED., .F., .F.,
 ( 4, 2, 4 ),
 ( 0.001314652396222795380, 0.001969405109320587766, 0.002624157822418380585 ),
 .UNSPECIFIED. ) ;
#1346 = VERTEX_POINT ( 'NONE', #895 ) ;
#1347 = CARTESIAN_POINT ( 'NONE',  ( -11.26420044154595601, 0.6811631514151433864, -0.9637810787372884658 ) ) ;
#1348 =( BOUNDED_CURVE ( )  B_SPLINE_CURVE ( 2, ( #3473, #2197, #1819, #5128, #2682, #5184, #1790, #5101, #933 ),
 .UNSPECIFIED., .F., .F. ) 
 B_SPLINE_CURVE_WITH_KNOTS ( ( 3, 2, 2, 2, 3 ),
 ( 0.6590909090909090606, 0.6666666666666666297, 0.6818181818181817677, 0.6969696969696970168, 0.7045454545454545858 ),
 .UNSPECIFIED. ) 
 CURVE ( )  GEOMETRIC_REPRESENTATION_ITEM ( )  RATIONAL_B_SPLINE_CURVE ( ( 0.9330127018922194093, 0.9330127018922194093, 1.000000000000000000, 0.8660254037844387076, 1.000000000000000000, 0.8660254037844387076, 1.000000000000000000, 0.9330127018922194093, 0.9330127018922194093 ) ) 
 REPRESENTATION_ITEM ( '' )  );
#1349 = CARTESIAN_POINT ( 'NONE',  ( 16.85416666666667140, -0.5876202367904145296, 1.017788105676650900 ) ) ;
#1350 = DIRECTION ( 'NONE',  ( 1.000000000000000000, 0.000000000000000000, 0.000000000000000000 ) ) ;
#1351 = DIRECTION ( 'NONE',  ( 0.000000000000000000, 0.000000000000000000, 1.000000000000000000 ) ) ;
#1352 = CARTESIAN_POINT ( 'NONE',  ( -15.08333333333333393, 0.7499999999999995559, -1.299038105676659560 ) ) ;
#1353 = CARTESIAN_POINT ( 'NONE',  ( 12.77083333333333570, 0.5876202367904130863, 1.017788105676651789 ) ) ;
#1354 = ORIENTED_EDGE ( 'NONE', *, *, #1850, .T. ) ;
#1355 = ORIENTED_EDGE ( 'NONE', *, *, #4211, .T. ) ;
#1356 = CARTESIAN_POINT ( 'NONE',  ( -13.83333333333332327, 0.5876202367904159729, -1.017788105676656896 ) ) ;
#1357 = CARTESIAN_POINT ( 'NONE',  ( 17.30499828003591745, -1.084987454797641693, 0.7579201917138906897 ) ) ;
#1358 = CARTESIAN_POINT ( 'NONE',  ( -14.10416666666665364, 0.5876202367904169721, 1.017788105676656452 ) ) ;
#1359 = CARTESIAN_POINT ( 'NONE',  ( 13.64583333333333748, 1.175240473580827727, -0.6785254037844341557 ) ) ;
#1360 = CARTESIAN_POINT ( 'NONE',  ( -12.16666666666666963, -0.7500000000000013323, -1.299038105676658894 ) ) ;
#1361 = CARTESIAN_POINT ( 'NONE',  ( -17.16666666666665719, 0.5876202367904169721, 1.017788105676656452 ) ) ;
#1362 = CARTESIAN_POINT ( 'NONE',  ( -15.79166666666665542, 1.175240473580833056, -0.6785254037844382635 ) ) ;
#1363 = ORIENTED_EDGE ( 'NONE', *, *, #1695, .F. ) ;
#1364 = EDGE_CURVE ( 'NONE', #4304, #1256, #277, .T. ) ;
#1365 = CARTESIAN_POINT ( 'NONE',  ( 14.06250000000000178, 8.309539638847728421E-17, -1.357050807568868311 ) ) ;
#1366 = CARTESIAN_POINT ( 'NONE',  ( 14.87500000000000178, 2.033577675846917841E-16, -1.499999999999999778 ) ) ;
#1367 = CARTESIAN_POINT ( 'NONE',  ( -15.04166666666665542, -1.175240473580833722, 0.6785254037844379305 ) ) ;
#1368 = CARTESIAN_POINT ( 'NONE',  ( 15.85416666666666963, 0.7500000000000002220, -1.299038105676658006 ) ) ;
#1369 = CARTESIAN_POINT ( 'NONE',  ( -14.35416666666665364, -0.5876202367904174162, -1.017788105676656230 ) ) ;
#1370 = CARTESIAN_POINT ( 'NONE',  ( 12.49999999999999822, 0.000000000000000000, 0.000000000000000000 ) ) ;
#1371 = EDGE_CURVE ( 'NONE', #3645, #732, #1220, .T. ) ;
#1372 = CARTESIAN_POINT ( 'NONE',  ( 12.29903810567665801, 2.598076211353316456, -6.186363472576506121E-17 ) ) ;
#1373 = CARTESIAN_POINT ( 'NONE',  ( -15.06249999999998934, 2.788906526875773602E-15, -1.500000000000001554 ) ) ;
#1374 = B_SPLINE_CURVE_WITH_KNOTS ( 'NONE', 3,
 ( #1895, #3923, #2328, #5152, #5232, #4593, #75, #3550, #4786, #1460, #1318, #3062, #3949, #2277, #1869, #1510, #4759, #259, #2680, #4322, #1067, #2733 ),
 .UNSPECIFIED., .F., .F.,
 ( 4, 2, 2, 2, 2, 2, 2, 2, 2, 2, 4 ),
 ( 0.002849594652980399351, 0.003387198934458423086, 0.003924803215936446821, 0.004462407497414470556, 0.004731209638153481556, 0.005000011778892493423, 0.005537616060370516291, 0.006075220341848540893, 0.006344022482587552761, 0.006612824623326563761, 0.007150428904804586629 ),
 .UNSPECIFIED. ) ;
#1375 = MANIFOLD_SOLID_BREP ( 'Extrude8', #525 ) ;
#1376 = CARTESIAN_POINT ( 'NONE',  ( -17.44868704540957083, 1.199910934869871104, 0.8993834522449896118 ) ) ;
#1377 = CARTESIAN_POINT ( 'NONE',  ( -16.83333333333333570, -0.7500000000000003331, 1.299038105676659338 ) ) ;
#1378 = DIRECTION ( 'NONE',  ( 0.000000000000000000, 0.000000000000000000, 1.000000000000000000 ) ) ;
#1379 = CARTESIAN_POINT ( 'NONE',  ( 14.35267090063073958, -0.4019237886466865417, -1.499999999999998446 ) ) ;
#1380 = CARTESIAN_POINT ( 'NONE',  ( 15.75000000000000000, -1.500000000000000000, -1.836970198721029934E-16 ) ) ;
#1381 = CARTESIAN_POINT ( 'NONE',  ( -15.00000000000000178, 1.500000000000001332, 0.000000000000000000 ) ) ;
#1382 = CARTESIAN_POINT ( 'NONE',  ( 12.81250000000000000, -2.492861891654318526E-16, 1.357050807568868533 ) ) ;
#1383 = ORIENTED_EDGE ( 'NONE', *, *, #3780, .T. ) ;
#1384 =( BOUNDED_CURVE ( )  B_SPLINE_CURVE ( 2, ( #1387, #5079, #5016 ),
 .UNSPECIFIED., .F., .F. ) 
 B_SPLINE_CURVE_WITH_KNOTS ( ( 3, 3 ),
 ( 0.9911967837233408574, 0.9949093138363829247 ),
 .UNSPECIFIED. ) 
 CURVE ( )  GEOMETRIC_REPRESENTATION_ITEM ( )  RATIONAL_B_SPLINE_CURVE ( ( 0.9330127021148586497, 0.9330104890273184237, 0.9550068837470209182 ) ) 
 REPRESENTATION_ITEM ( '' )  );
#1385 = ORIENTED_EDGE ( 'NONE', *, *, #299, .F. ) ;
#1386 = CARTESIAN_POINT ( 'NONE',  ( -11.66666666666665542, 0.5876202367904169721, 1.017788105676656452 ) ) ;
#1387 = CARTESIAN_POINT ( 'NONE',  ( -11.12541971039805055, -2.419324739118198286E-05, -1.499999999641368431 ) ) ;
#1388 = CARTESIAN_POINT ( 'NONE',  ( -13.06249999999998934, 8.309539638847769097E-17, 1.357050807568875195 ) ) ;
#1389 = CARTESIAN_POINT ( 'NONE',  ( 15.50000000000000178, -1.175240473580827949, -1.439254484199180504E-16 ) ) ;
#1390 = CARTESIAN_POINT ( 'NONE',  ( -11.41666666666666785, 0.7500000000000008882, 1.299038105676659116 ) ) ;
#1391 = CARTESIAN_POINT ( 'NONE',  ( -15.49999999999998757, -1.175240473580833722, 1.439254484199187407E-16 ) ) ;
#1392 = CARTESIAN_POINT ( 'NONE',  ( -14.95833333333332149, -1.175240473580834166, -0.6785254037844372643 ) ) ;
#1393 = EDGE_LOOP ( 'NONE', ( #1825, #3783, #2176, #197 ) ) ;
#1394 = CARTESIAN_POINT ( 'NONE',  ( 14.77083333333333570, 0.5876202367904130863, 1.017788105676651789 ) ) ;
#1395 = DIRECTION ( 'NONE',  ( -1.000000000000000000, -0.000000000000000000, -0.000000000000000000 ) ) ;
#1396 = CARTESIAN_POINT ( 'NONE',  ( -14.87499999999998757, -2.492861891654330359E-16, -1.357050807568875195 ) ) ;
#1397 = CARTESIAN_POINT ( 'NONE',  ( 15.72916666666666963, -1.499999999999999778, -0.8660254037844391517 ) ) ;
#1398 = CARTESIAN_POINT ( 'NONE',  ( -14.89583333333332149, -1.175240473580834166, -0.6785254037844371533 ) ) ;
#1399 = AXIS2_PLACEMENT_3D ( 'NONE', #3001, #2649, #1752 ) ;
#1400 = ADVANCED_FACE ( 'NONE', ( #2532 ), #1690, .T. ) ;
#1401 = CARTESIAN_POINT ( 'NONE',  ( 16.35416666666667140, 0.7500000000000002220, -1.299038105676658006 ) ) ;
#1402 = B_SPLINE_CURVE_WITH_KNOTS ( 'NONE', 3,
 ( #1538, #1198, #3217, #4096, #1172, #695 ),
 .UNSPECIFIED., .F., .F.,
 ( 4, 2, 4 ),
 ( 0.009248642131971898314, 0.009905777116337541321, 0.01056291210070318433 ),
 .UNSPECIFIED. ) ;
#1403 = CARTESIAN_POINT ( 'NONE',  ( -15.35416666666665542, 0.7500000000000008882, 1.299038105676659116 ) ) ;
#1404 = EDGE_CURVE ( 'NONE', #4213, #3505, #1425, .T. ) ;
#1405 = CARTESIAN_POINT ( 'NONE',  ( 12.54166666666666963, -1.175240473580827505, -0.6785254037844345998 ) ) ;
#1406 = CARTESIAN_POINT ( 'NONE',  ( -16.45833333333332149, -1.175240473580834166, -0.6785254037844372643 ) ) ;
#1407 = CARTESIAN_POINT ( 'NONE',  ( -15.56249999999998757, 2.788906526875773602E-15, -1.500000000000001554 ) ) ;
#1408 = CARTESIAN_POINT ( 'NONE',  ( 12.47916666666666785, 1.499999999999999778, 0.8660254037844394848 ) ) ;
#1409 = CARTESIAN_POINT ( 'NONE',  ( 15.50000000000000178, 1.500000000000000000, 0.000000000000000000 ) ) ;
#1410 = CARTESIAN_POINT ( 'NONE',  ( 14.35416666666666785, 0.7500000000000002220, -1.299038105676658006 ) ) ;
#1411 = CARTESIAN_POINT ( 'NONE',  ( 17.16383695806053922, -1.467740007409105596, 0.02085605692436377084 ) ) ;
#1412 = CC_DESIGN_PERSON_AND_ORGANIZATION_ASSIGNMENT ( #818, #2479, ( #3771 ) ) ;
#1413 = EDGE_CURVE ( 'NONE', #855, #2234, #1437, .T. ) ;
#1414 = EDGE_LOOP ( 'NONE', ( #316, #304, #904, #5389 ) ) ;
#1415 = ORIENTED_EDGE ( 'NONE', *, *, #694, .F. ) ;
#1416 = CARTESIAN_POINT ( 'NONE',  ( -16.97916666666665719, -1.175240473580833722, 0.6785254037844379305 ) ) ;
#1417 = CARTESIAN_POINT ( 'NONE',  ( -16.60267351543415160, 0.4018767221852828642, -1.500027173834160843 ) ) ;
#1418 = CARTESIAN_POINT ( 'NONE',  ( -11.27083333333331971, 0.5876202367904159729, -1.017788105676656896 ) ) ;
#1419 = CARTESIAN_POINT ( 'NONE',  ( 17.16666666666667140, 0.5876202367904140855, -1.017788105676651345 ) ) ;
#1420 = CARTESIAN_POINT ( 'NONE',  ( -17.12444047358083665, -0.007890937125925152895, 1.175213982155495440 ) ) ;
#1421 = CARTESIAN_POINT ( 'NONE',  ( -15.37499999999998757, -2.492861891654330359E-16, -1.357050807568875195 ) ) ;
#1422 = CARTESIAN_POINT ( 'NONE',  ( -14.24999999999998757, 1.175240473580833722, 0.000000000000000000 ) ) ;
#1423 = ORIENTED_EDGE ( 'NONE', *, *, #2932, .F. ) ;
#1424 = CARTESIAN_POINT ( 'NONE',  ( 13.66666666666666963, -0.7500000000000006661, 1.299038105676657562 ) ) ;
#1425 =( BOUNDED_CURVE ( )  B_SPLINE_CURVE ( 2, ( #2565, #1305, #4524, #2474, #3805, #1719, #528, #4610, #4120 ),
 .UNSPECIFIED., .F., .F. ) 
 B_SPLINE_CURVE_WITH_KNOTS ( ( 3, 2, 2, 2, 3 ),
 ( 0.5636218955185187118, 0.5701003257147083669, 0.5830571512991336025, 0.5960139768835588381, 0.6024923896829755821 ),
 .UNSPECIFIED. ) 
 CURVE ( )  GEOMETRIC_REPRESENTATION_ITEM ( )  RATIONAL_B_SPLINE_CURVE ( ( 0.9330127018927028004, 0.9330125219337261910, 1.000000000000000000, 0.8660254037844387076, 1.000000000000000000, 0.8660254037844387076, 1.000000000000000000, 0.9330127018177273301, 0.9330127018922194093 ) ) 
 REPRESENTATION_ITEM ( '' )  );
#1426 = CARTESIAN_POINT ( 'NONE',  ( 16.10267090063074136, 0.4019237886466832665, 1.500000000000000222 ) ) ;
#1427 = CARTESIAN_POINT ( 'NONE',  ( 12.49999999999999822, 0.000000000000000000, 0.000000000000000000 ) ) ;
#1428 = CYLINDRICAL_SURFACE ( 'NONE', #4025, 1.500000000000000222 ) ;
#1429 = CARTESIAN_POINT ( 'NONE',  ( 17.56250000000000000, -3.181725716174720005E-16, 1.732050807568877193 ) ) ;
#1430 = CARTESIAN_POINT ( 'NONE',  ( -11.31249999999998934, -2.492861891654330359E-16, -1.357050807568875195 ) ) ;
#1431 = CARTESIAN_POINT ( 'NONE',  ( -17.50000000000000355, -2.169875997175799043, -0.7416645267673329656 ) ) ;
#1432 = CARTESIAN_POINT ( 'NONE',  ( 12.41666666666666963, -0.5876202367904145296, 1.017788105676650900 ) ) ;
#1433 = CARTESIAN_POINT ( 'NONE',  ( 15.77083333333333393, -0.7499999999999996669, -1.299038105676658228 ) ) ;
#1434 = EDGE_CURVE ( 'NONE', #4954, #3288, #1973, .T. ) ;
#1435 = CARTESIAN_POINT ( 'NONE',  ( 15.04017090063074136, 0.4019237886466832665, 1.500000000000000222 ) ) ;
#1436 = CARTESIAN_POINT ( 'NONE',  ( -16.70833333333333570, -1.500000000000002220, -0.8660254037844388186 ) ) ;
#1437 = B_SPLINE_CURVE_WITH_KNOTS ( 'NONE', 3,
 ( #2098, #4965, #5061, #2501, #2940, #3345 ),
 .UNSPECIFIED., .F., .F.,
 ( 4, 2, 4 ),
 ( 0.001314652396222795163, 0.001969405109320567383, 0.002624157822418339385 ),
 .UNSPECIFIED. ) ;
#1438 = CARTESIAN_POINT ( 'NONE',  ( 15.12500000000000000, -3.181725716174720005E-16, 1.732050807568877193 ) ) ;
#1439 = CARTESIAN_POINT ( 'NONE',  ( -14.87499943351206966, -1.019678460495414788E-05, 1.499999999965343056 ) ) ;
#1440 = CARTESIAN_POINT ( 'NONE',  ( -15.97916666666665542, 1.500000000000000888, -0.8660254037844402619 ) ) ;
#1441 = ORIENTED_EDGE ( 'NONE', *, *, #955, .T. ) ;
#1442 = ORIENTED_EDGE ( 'NONE', *, *, #3716, .T. ) ;
#1443 = CIRCLE ( 'NONE', #1875, 2.250000000000000000 ) ;
#1444 = CARTESIAN_POINT ( 'NONE',  ( -16.72916666666665719, 1.175240473580833500, -0.6785254037844382635 ) ) ;
#1445 = CARTESIAN_POINT ( 'NONE',  ( 14.56250000000000000, -6.391244124090313355E-16, 1.500000000000000000 ) ) ;
#1446 = DIRECTION ( 'NONE',  ( 1.000000000000000000, 0.000000000000000000, 0.000000000000000000 ) ) ;
#1447 = CARTESIAN_POINT ( 'NONE',  ( 17.00000000000000000, -1.175240473580827949, -1.439254484199180504E-16 ) ) ;
#1448 = CARTESIAN_POINT ( 'NONE',  ( -13.64583333333332149, -1.500000000000002220, -0.8660254037844388186 ) ) ;
#1449 = CARTESIAN_POINT ( 'NONE',  ( -16.20833333333332149, 1.175240473580833944, 0.6785254037844374864 ) ) ;
#1450 = CARTESIAN_POINT ( 'NONE',  ( -13.91666666666665542, -0.5876202367904174162, -1.017788105676656230 ) ) ;
#1451 = VERTEX_POINT ( 'NONE', #3373 ) ;
#1452 = CARTESIAN_POINT ( 'NONE',  ( 12.00000000000000178, 1.500000000000000000, 0.000000000000000000 ) ) ;
#1453 = CARTESIAN_POINT ( 'NONE',  ( 16.95833333333333570, -1.175240473580828393, 0.6785254037844338226 ) ) ;
#1454 = CARTESIAN_POINT ( 'NONE',  ( 15.83333333333333393, -0.7499999999999996669, -1.299038105676658228 ) ) ;
#1455 = CARTESIAN_POINT ( 'NONE',  ( -13.16666666666666785, -0.7500000000000013323, -1.299038105676658894 ) ) ;
#1456 = CARTESIAN_POINT ( 'NONE',  ( 12.33333333333333570, 0.5876202367904130863, 1.017788105676651789 ) ) ;
#1457 = CARTESIAN_POINT ( 'NONE',  ( -12.68749999999998757, 1.175240473580833722, 0.000000000000000000 ) ) ;
#1458 = CARTESIAN_POINT ( 'NONE',  ( 15.45833333333333570, 1.500000000000000000, -0.8660254037844384856 ) ) ;
#1459 = CARTESIAN_POINT ( 'NONE',  ( -14.31249999999998757, 2.033577675846917841E-16, 1.500000000000001110 ) ) ;
#1460 = CARTESIAN_POINT ( 'NONE',  ( 13.57010895924693017, 1.365768986138622632, -0.1167732319655103573 ) ) ;
#1461 = CARTESIAN_POINT ( 'NONE',  ( 12.49999999999999822, -1.948557158514986565, -1.125000000000000444 ) ) ;
#1462 = CARTESIAN_POINT ( 'NONE',  ( -14.12622106121466636, -6.978510199071425140E-05, -1.499999996966381977 ) ) ;
#1463 = CARTESIAN_POINT ( 'NONE',  ( 15.58333333333333393, 0.7499999999999988898, 1.299038105676658672 ) ) ;
#1464 = DIRECTION ( 'NONE',  ( -0.7071067811865493491, 0.000000000000000000, 0.7071067811865456854 ) ) ;
#1465 = DIRECTION ( 'NONE',  ( -1.000000000000000000, -0.000000000000000000, -0.000000000000000000 ) ) ;
#1466 = B_SPLINE_CURVE_WITH_KNOTS ( 'NONE', 3,
 ( #4583, #1723, #3002, #1132, #3939, #1862 ),
 .UNSPECIFIED., .F., .F.,
 ( 4, 2, 4 ),
 ( 0.01431368664380294232, 0.01495912724956070805, 0.01560456785531847551 ),
 .UNSPECIFIED. ) ;
#1467 = EDGE_LOOP ( 'NONE', ( #3096, #4160, #3262, #1354 ) ) ;
#1468 = ADVANCED_FACE ( 'NONE', ( #2969 ), #3030, .T. ) ;
#1469 = EDGE_LOOP ( 'NONE', ( #1423, #3148, #4882, #2283, #4686 ) ) ;
#1470 = CARTESIAN_POINT ( 'NONE',  ( -17.39583333333332149, -1.175240473580834166, -0.6785254037844371533 ) ) ;
#1471 = CARTESIAN_POINT ( 'NONE',  ( -15.04017090063073248, 0.4019237886466852094, -1.500000000000001110 ) ) ;
#1472 = CARTESIAN_POINT ( 'NONE',  ( 17.04166666666667140, -1.175240473580827505, -0.6785254037844345998 ) ) ;
#1473 = EDGE_CURVE ( 'NONE', #3310, #3391, #3438, .T. ) ;
#1474 = CARTESIAN_POINT ( 'NONE',  ( -17.48075666599056532, -2.168904970561403189, 0.7433463941989676416 ) ) ;
#1475 = CARTESIAN_POINT ( 'NONE',  ( -14.74999999999998934, 1.175240473580833722, 0.000000000000000000 ) ) ;
#1476 = CARTESIAN_POINT ( 'NONE',  ( -14.58333333333332149, -0.5876202367904166390, 1.017788105676656674 ) ) ;
#1477 = CARTESIAN_POINT ( 'NONE',  ( 13.12500000000000178, -3.181725716174720005E-16, 1.732050807568877193 ) ) ;
#1478 = CARTESIAN_POINT ( 'NONE',  ( 17.40236388584325056, 2.468095122956097501E-11, 1.222636114156757436 ) ) ;
#1479 = CARTESIAN_POINT ( 'NONE',  ( -13.91666666666666785, 0.7500000000000008882, 1.299038105676659116 ) ) ;
#1480 = CARTESIAN_POINT ( 'NONE',  ( -11.31948126914685737, 0.7632876171811795452, -0.8936342563442601916 ) ) ;
#1481 = CARTESIAN_POINT ( 'NONE',  ( 16.81250000000000000, 1.060575238724906915E-16, -1.732050807568877193 ) ) ;
#1482 = CARTESIAN_POINT ( 'NONE',  ( -17.25000000000000000, -1.500000000000001332, 1.836970198721031413E-16 ) ) ;
#1483 = CARTESIAN_POINT ( 'NONE',  ( 16.20833333333333570, -1.500000000000000222, 0.8660254037844381525 ) ) ;
#1484 = CARTESIAN_POINT ( 'NONE',  ( -14.06249999999998757, -6.391244124090313355E-16, -1.500000000000001332 ) ) ;
#1485 = CARTESIAN_POINT ( 'NONE',  ( -17.29903810567676459, -1.299038105676814769, 2.249999999999999556 ) ) ;
#1486 = VECTOR ( 'NONE', #825, 999.9999999999998863 ) ;
#1487 = DIRECTION ( 'NONE',  ( -1.000000000000000000, -0.000000000000000000, -0.000000000000000000 ) ) ;
#1488 = DIRECTION ( 'NONE',  ( 1.000000000000000000, 0.000000000000000000, 0.000000000000000000 ) ) ;
#1489 = CARTESIAN_POINT ( 'NONE',  ( 15.45833333333333393, 1.500000000000000222, -0.8660254037844384856 ) ) ;
#1490 = CARTESIAN_POINT ( 'NONE',  ( -17.89583333333332149, 1.500000000000001554, 0.8660254037844392627 ) ) ;
#1491 = CARTESIAN_POINT ( 'NONE',  ( -11.10000000000000142, 0.000000000000000000, 0.000000000000000000 ) ) ;
#1492 = ORIENTED_EDGE ( 'NONE', *, *, #639, .F. ) ;
#1493 = CARTESIAN_POINT ( 'NONE',  ( -16.14583333333332149, 1.175240473580833944, 0.6785254037844374864 ) ) ;
#1494 = CARTESIAN_POINT ( 'NONE',  ( 17.44975952641917161, -1.179415742739178041, 0.1190025479126161356 ) ) ;
#1495 = DIRECTION ( 'NONE',  ( -1.000000000000000000, -0.000000000000000000, -0.000000000000000000 ) ) ;
#1496 = CARTESIAN_POINT ( 'NONE',  ( 16.29166666666666785, 1.175240473580827505, 0.6785254037844348218 ) ) ;
#1497 = CARTESIAN_POINT ( 'NONE',  ( 12.29903810567665801, -1.299038105676656452, -2.249999999999999556 ) ) ;
#1498 = CARTESIAN_POINT ( 'NONE',  ( -12.91666666666665364, -0.5876202367904174162, -1.017788105676656230 ) ) ;
#1499 = CARTESIAN_POINT ( 'NONE',  ( -13.08333333333332149, -0.5876202367904166390, 1.017788105676656674 ) ) ;
#1500 = CARTESIAN_POINT ( 'NONE',  ( 12.04166666666666963, 1.499999999999999778, 0.8660254037844394848 ) ) ;
#1501 = EDGE_CURVE ( 'NONE', #2093, #1451, #1655, .T. ) ;
#1502 = EDGE_CURVE ( 'NONE', #4844, #3665, #97, .T. ) ;
#1503 = CARTESIAN_POINT ( 'NONE',  ( 17.37500000000000000, -2.492861891654318526E-16, 1.357050807568868311 ) ) ;
#1504 = CARTESIAN_POINT ( 'NONE',  ( -13.87500011500634400, 2.159754918858649368E-06, 1.499999999998446132 ) ) ;
#1505 = LINE ( 'NONE', #4290, #1786 ) ;
#1506 = CARTESIAN_POINT ( 'NONE',  ( 14.52083333333333570, 0.7499999999999988898, 1.299038105676658672 ) ) ;
#1507 = CARTESIAN_POINT ( 'NONE',  ( -17.50000000000000000, 1.500000000000001332, 0.000000000000000000 ) ) ;
#1508 = DIRECTION ( 'NONE',  ( -1.000000000000000000, -0.000000000000000000, -0.000000000000000000 ) ) ;
#1509 = CARTESIAN_POINT ( 'NONE',  ( -16.00000000000000000, 1.500000000000001332, 0.000000000000000000 ) ) ;
#1510 = CARTESIAN_POINT ( 'NONE',  ( 13.61905005932319845, 0.9020711712601882093, 1.096153647050779556 ) ) ;
#1511 = ORIENTED_EDGE ( 'NONE', *, *, #64, .F. ) ;
#1512 = CARTESIAN_POINT ( 'NONE',  ( -14.70833333333333570, -1.500000000000002220, -0.8660254037844388186 ) ) ;
#1513 = CARTESIAN_POINT ( 'NONE',  ( 14.25000000000000178, -1.500000000000000000, -1.836970198721029934E-16 ) ) ;
#1514 = CARTESIAN_POINT ( 'NONE',  ( -13.85416666666665542, 0.7500000000000008882, 1.299038105676659116 ) ) ;
#1515 = DIRECTION ( 'NONE',  ( 0.000000000000000000, 0.000000000000000000, 1.000000000000000000 ) ) ;
#1516 = ORIENTED_EDGE ( 'NONE', *, *, #1622, .F. ) ;
#1517 = CARTESIAN_POINT ( 'NONE',  ( -14.47916666666665542, -1.175240473580833722, 0.6785254037844379305 ) ) ;
#1518 = CARTESIAN_POINT ( 'NONE',  ( 17.44975952641917161, -0.9519291851245524905, 0.6892176704427956935 ) ) ;
#1519 = CARTESIAN_POINT ( 'NONE',  ( 12.50000000000000000, 1.727238319854174309, 1.508335473232667034 ) ) ;
#1520 = CARTESIAN_POINT ( 'NONE',  ( 14.16666666666666785, 0.5876202367904140855, -1.017788105676651345 ) ) ;
#1521 = AXIS2_PLACEMENT_3D ( 'NONE', #2962, #1297, #3710 ) ;
#1522 = CARTESIAN_POINT ( 'NONE',  ( -17.41074498996844966, -2.385217236779676231, 0.3686825588085545502 ) ) ;
#1523 = CARTESIAN_POINT ( 'NONE',  ( -14.16666666666665364, 0.5876202367904169721, 1.017788105676656452 ) ) ;
#1524 = CARTESIAN_POINT ( 'NONE',  ( 17.50000000000000000, 0.000000000000000000, 0.000000000000000000 ) ) ;
#1525 = CARTESIAN_POINT ( 'NONE',  ( 13.45833333333333570, 1.500000000000000222, -0.8660254037844384856 ) ) ;
#1526 = VECTOR ( 'NONE', #2431, 1000.000000000000000 ) ;
#1527 = CARTESIAN_POINT ( 'NONE',  ( 16.58333333333333570, -0.5876202367904137525, -1.017788105676651345 ) ) ;
#1528 = CARTESIAN_POINT ( 'NONE',  ( 16.04017090063073780, 0.4019237886466846543, 1.499999999999999556 ) ) ;
#1529 = FACE_OUTER_BOUND ( 'NONE', #911, .T. ) ;
#1530 = CARTESIAN_POINT ( 'NONE',  ( -11.26420044154595601, 0.6811631514151433864, -0.9637810787372884658 ) ) ;
#1531 = CARTESIAN_POINT ( 'NONE',  ( 15.75000000000000000, 1.175240473580827949, 0.000000000000000000 ) ) ;
#1532 = CARTESIAN_POINT ( 'NONE',  ( 13.45799697480288870, -0.8671240293842262803, -0.9388476657942712578 ) ) ;
#1533 = EDGE_CURVE ( 'NONE', #4540, #4189, #3469, .T. ) ;
#1534 = CARTESIAN_POINT ( 'NONE',  ( 17.44975952641917161, -0.9519291851245524905, 0.6892176704427956935 ) ) ;
#1535 = VERTEX_POINT ( 'NONE', #2041 ) ;
#1536 = FACE_OUTER_BOUND ( 'NONE', #4447, .T. ) ;
#1537 = CARTESIAN_POINT ( 'NONE',  ( -17.52083333333332149, 0.7499999999999995559, -1.299038105676659560 ) ) ;
#1538 = CARTESIAN_POINT ( 'NONE',  ( 12.29903810567665801, 1.299038105676659560, -2.249999999999999556 ) ) ;
#1539 = ORIENTED_EDGE ( 'NONE', *, *, #1189, .F. ) ;
#1540 = CARTESIAN_POINT ( 'NONE',  ( -15.47916666666665542, -1.175240473580833722, 0.6785254037844379305 ) ) ;
#1541 = CARTESIAN_POINT ( 'NONE',  ( -11.35267090063074313, -0.4019237886466842102, 1.500000000000001110 ) ) ;
#1542 = CARTESIAN_POINT ( 'NONE',  ( -12.47916666666665719, 1.500000000000000888, -0.8660254037844402619 ) ) ;
#1543 = CARTESIAN_POINT ( 'NONE',  ( 14.00000000000000178, -1.175240473580827949, -1.439254484199180504E-16 ) ) ;
#1544 = CARTESIAN_POINT ( 'NONE',  ( -17.49999999999998934, -1.175240473580833722, 1.439254484199187407E-16 ) ) ;
#1545 = CARTESIAN_POINT ( 'NONE',  ( -14.41666666666665364, -0.5876202367904174162, -1.017788105676656230 ) ) ;
#1546 = CARTESIAN_POINT ( 'NONE',  ( -11.79166666666665542, 1.175240473580833056, -0.6785254037844382635 ) ) ;
#1547 = CARTESIAN_POINT ( 'NONE',  ( 16.77083333333333570, 0.5876202367904130863, 1.017788105676651789 ) ) ;
#1548 = CARTESIAN_POINT ( 'NONE',  ( 17.41051139340803999, -0.1885521037702147240, 1.214488606595778064 ) ) ;
#1549 = CARTESIAN_POINT ( 'NONE',  ( -16.81249999999998579, -2.492861891654330359E-16, -1.357050807568875195 ) ) ;
#1550 = CARTESIAN_POINT ( 'NONE',  ( 17.43750000000000000, -1.175240473580827949, -1.439254484199180504E-16 ) ) ;
#1551 = CARTESIAN_POINT ( 'NONE',  ( -14.50000000000000178, 1.500000000000001332, 0.000000000000000000 ) ) ;
#1552 = ORIENTED_EDGE ( 'NONE', *, *, #3275, .F. ) ;
#1553 =( BOUNDED_CURVE ( )  B_SPLINE_CURVE ( 2, ( #1629, #4518, #1681, #804, #834, #887, #2468, #3738, #3339 ),
 .UNSPECIFIED., .F., .F. ) 
 B_SPLINE_CURVE_WITH_KNOTS ( ( 3, 2, 2, 2, 3 ),
 ( 0.7968446171281386992, 0.8033231862343618301, 0.8162800118187870657, 0.8292368374032123013, 0.8357142488771349687 ),
 .UNSPECIFIED. ) 
 CURVE ( )  GEOMETRIC_REPRESENTATION_ITEM ( )  RATIONAL_B_SPLINE_CURVE ( ( 0.9330127019312181025, 0.9330110855930486835, 1.000000000000000000, 0.8660254037844387076, 1.000000000000000000, 0.8660254037844387076, 1.000000000000000000, 0.9330230556021390509, 0.9330127034925124185 ) ) 
 REPRESENTATION_ITEM ( '' )  );
#1554 = CARTESIAN_POINT ( 'NONE',  ( 17.70833333333333570, 1.175240473580827727, -0.6785254037844341557 ) ) ;
#1555 = CARTESIAN_POINT ( 'NONE',  ( -16.10267237900203696, 0.4018971779633790375, -1.500015363685170966 ) ) ;
#1556 = CARTESIAN_POINT ( 'NONE',  ( 12.35982603588911388, -1.088462538446812511, -2.249999999999999556 ) ) ;
#1557 = ORIENTED_EDGE ( 'NONE', *, *, #3169, .F. ) ;
#1558 = ORIENTED_EDGE ( 'NONE', *, *, #2820, .F. ) ;
#1559 = EDGE_CURVE ( 'NONE', #1228, #4305, #1553, .T. ) ;
#1560 = CARTESIAN_POINT ( 'NONE',  ( -17.35985335404354757, -1.088367905583935924, -2.250000000000000000 ) ) ;
#1561 = CARTESIAN_POINT ( 'NONE',  ( -17.27083333333332149, -0.7500000000000003331, 1.299038105676659338 ) ) ;
#1562 =( BOUNDED_CURVE ( )  B_SPLINE_CURVE ( 2, ( #4509, #4004, #5269, #1542, #41, #539, #2081, #1760, #3756 ),
 .UNSPECIFIED., .F., .F. ) 
 B_SPLINE_CURVE_WITH_KNOTS ( ( 3, 2, 2, 2, 3 ),
 ( 0.8269230769230769829, 0.8333333333333333703, 0.8461538461538461453, 0.8589743589743589203, 0.8653846153846154188 ),
 .UNSPECIFIED. ) 
 CURVE ( )  GEOMETRIC_REPRESENTATION_ITEM ( )  RATIONAL_B_SPLINE_CURVE ( ( 0.9330127018922192983, 0.9330127018922198534, 1.000000000000000000, 0.8660254037844387076, 1.000000000000000000, 0.8660254037844387076, 1.000000000000000000, 0.9330127018922187432, 0.9330127018922192983 ) ) 
 REPRESENTATION_ITEM ( '' )  );
#1563 = VECTOR ( 'NONE', #186, 1000.000000000000000 ) ;
#1564 = EDGE_LOOP ( 'NONE', ( #3105, #5239, #4525, #2507, #350, #1383 ) ) ;
#1565 = CARTESIAN_POINT ( 'NONE',  ( -14.77083333333332149, 0.5876202367904159729, -1.017788105676656896 ) ) ;
#1566 = CARTESIAN_POINT ( 'NONE',  ( 17.24387023679042130, 4.555213993897097384E-14, -1.381129763209578698 ) ) ;
#1567 = CARTESIAN_POINT ( 'NONE',  ( -17.50000000000000000, 1.299038105676659782, -2.249999999999999556 ) ) ;
#1568 = CARTESIAN_POINT ( 'NONE',  ( 14.95833333333333570, -1.175240473580827949, 0.6785254037844338226 ) ) ;
#1569 = CARTESIAN_POINT ( 'NONE',  ( -12.54166666666665542, -1.175240473580833722, 0.6785254037844379305 ) ) ;
#1570 = CARTESIAN_POINT ( 'NONE',  ( -12.16666666666665542, 0.5876202367904169721, 1.017788105676656452 ) ) ;
#1571 = CARTESIAN_POINT ( 'NONE',  ( 16.93750000000000000, -1.175240473580827949, -1.439254484199180504E-16 ) ) ;
#1572 = ADVANCED_FACE ( 'NONE', ( #3687 ), #2066, .T. ) ;
#1573 = CARTESIAN_POINT ( 'NONE',  ( 16.41666666666667140, -0.5876202367904145296, 1.017788105676650900 ) ) ;
#1574 = CARTESIAN_POINT ( 'NONE',  ( -14.85416666666665364, -0.5876202367904174162, -1.017788105676656230 ) ) ;
#1575 = CARTESIAN_POINT ( 'NONE',  ( 17.14583333333333570, 1.175240473580827727, -0.6785254037844341557 ) ) ;
#1576 = CARTESIAN_POINT ( 'NONE',  ( -14.54166666666666785, 1.500000000000000888, -0.8660254037844402619 ) ) ;
#1577 = ORIENTED_EDGE ( 'NONE', *, *, #1413, .F. ) ;
#1578 = CARTESIAN_POINT ( 'NONE',  ( 15.16666666666666785, 0.5876202367904140855, -1.017788105676651345 ) ) ;
#1579 = CARTESIAN_POINT ( 'NONE',  ( -17.06249999999998579, 8.309539638847769097E-17, 1.357050807568875195 ) ) ;
#1580 = CARTESIAN_POINT ( 'NONE',  ( -12.79166666666666785, -1.500000000000000888, 0.8660254037844398178 ) ) ;
#1581 =( BOUNDED_SURFACE ( )  B_SPLINE_SURFACE ( 1, 2, ( 
 ( #4857, #4958, #2397, #302, #2442, #4906, #1550, #1211, #4490, #3708, #780, #4013, #5302, #1575, #1965, #3229, #4880, #4085, #3279, #3207, #2038, #3685, #5353, #4467, #2372, #751, #3616, #1600, #2015, #1627, #2872, #1134, #1158, #2823, #4931, #4516, #4039, #802, #2466, #4418, #2796, #4112, #2845, #2417, #4440, #1184, #396, #730, #4059, #2064, #326, #1990, #5379, #2774, #3638, #3659, #1653, #5326, #3254, #3305, #4544, #2931, #859, #1328, #4571, #2553, #547, #2524, #4195, #82, #1741, #4163, #4601, #831, #2900, #2612, #517, #4139, #3395, #4661, #455, #2960, #4988, #2988, #2090, #5051, #1679, #2119, #4225, #110, #423, #3823, #3337, #3795, #3019, #51, #3764, #1359, #1710, #489, #885, #3364, #2494, #2153, #1770, #4634, #3424, #944, #3852, #5018, #144, #3736, #16, #1295, #916, #1268, #2585, #2180, #5081, #4255, #2209, #1801, #3458, #1240, #4387, #3908, #3101, #3983, #193, #4310, #2744, #3560, #2288 ),
 ( #5165, #5194, #3510, #4281, #1028, #649, #5219, #5139, #3046, #4335, #574, #5112, #3074, #4690, #1419, #4771, #2239, #1472, #1447, #1855, #3126, #4718, #4745, #3484, #1053, #3879, #3934, #169, #1001, #2718, #3959, #1830, #2316, #2665, #223, #1496, #2691, #599, #3152, #2261, #625, #1882, #3538, #972, #4361, #248, #1906, #4796, #1078, #2340, #675, #271, #1932, #2639, #1389, #4848, #2767, #1955, #320, #2812, #1984, #4411, #31, #3651, #4970, #2944, #2388, #1568, #2538, #4032, #2789, #1280, #2103, #745, #3350, #5001, #4584, #4556, #3632, #5319, #5295, #700, #4873, #844, #3749, #3610, #1520, #4459, #2364, #3585, #1543, #3178, #5270, #3319, #4005, #1592, #3223, #1149, #1254, #3200, #293, #2411, #4053, #2505, #2914, #1127, #4151, #439, #5243, #4824, #1696, #871, #341, #4433, #2008, #4177, #722, #470, #1104, #2973, #1754, #156, #4321, #4615, #531, #1405, #5034, #1342, #1432, #66, #3808, #3408, #2223 ) ),
 .UNSPECIFIED., .F., .F., .F. ) 
 B_SPLINE_SURFACE_WITH_KNOTS ( ( 2, 2 ),
 ( 3, 2, 2, 2, 2, 2, 2, 2, 2, 2, 2, 2, 2, 2, 2, 2, 2, 2, 2, 2, 2, 2, 2, 2, 2, 2, 2, 2, 2, 2, 2, 2, 2, 2, 2, 2, 2, 2, 2, 2, 2, 2, 2, 2, 2, 2, 2, 2, 2, 2, 2, 2, 2, 2, 2, 2, 2, 2, 2, 2, 2, 2, 2, 2, 2, 2, 3 ),
 ( 0.000000000000000000, 1.000000000000000000 ),
 ( 0.000000000000000000, 0.01515151515151515194, 0.03030303030303030387, 0.04545454545454545581, 0.06060606060606060774, 0.07575757575757575968, 0.09090909090909091161, 0.1060606060606060635, 0.1212121212121212155, 0.1363636363636363535, 0.1515151515151515194, 0.1666666666666666574, 0.1818181818181818232, 0.1969696969696969613, 0.2121212121212121271, 0.2272727272727272652, 0.2424242424242424310, 0.2575757575757575690, 0.2727272727272727071, 0.2878787878787879007, 0.3030303030303030387, 0.3181818181818181768, 0.3333333333333333148, 0.3484848484848485084, 0.3636363636363636465, 0.3787878787878787845, 0.3939393939393939226, 0.4090909090909091161, 0.4242424242424242542, 0.4393939393939393923, 0.4545454545454545303, 0.4696969696969697239, 0.4848484848484848619, 0.5000000000000000000, 0.5151515151515151381, 0.5303030303030302761, 0.5454545454545454142, 0.5606060606060605522, 0.5757575757575758013, 0.5909090909090909394, 0.6060606060606060774, 0.6212121212121212155, 0.6363636363636363535, 0.6515151515151514916, 0.6666666666666666297, 0.6818181818181817677, 0.6969696969696970168, 0.7121212121212121549, 0.7272727272727272929, 0.7424242424242424310, 0.7575757575757575690, 0.7727272727272727071, 0.7878787878787878451, 0.8030303030303029832, 0.8181818181818182323, 0.8333333333333333703, 0.8484848484848485084, 0.8636363636363636465, 0.8787878787878787845, 0.8939393939393939226, 0.9090909090909090606, 0.9242424242424241987, 0.9393939393939394478, 0.9545454545454545858, 0.9696969696969697239, 0.9848484848484848619, 1.000000000000000000 ),
 .UNSPECIFIED. ) 
 GEOMETRIC_REPRESENTATION_ITEM ( )  RATIONAL_B_SPLINE_SURFACE ( (
 ( 1.000000000000000000, 0.8660254037844387076, 1.000000000000000000, 0.8660254037844387076, 1.000000000000000000, 0.8660254037844387076, 1.000000000000000000, 0.8660254037844387076, 1.000000000000000000, 0.8660254037844387076, 1.000000000000000000, 0.8660254037844387076, 1.000000000000000000, 0.8660254037844387076, 1.000000000000000000, 0.8660254037844387076, 1.000000000000000000, 0.8660254037844387076, 1.000000000000000000, 0.8660254037844387076, 1.000000000000000000, 0.8660254037844387076, 1.000000000000000000, 0.8660254037844387076, 1.000000000000000000, 0.8660254037844387076, 1.000000000000000000, 0.8660254037844387076, 1.000000000000000000, 0.8660254037844387076, 1.000000000000000000, 0.8660254037844387076, 1.000000000000000000, 0.8660254037844387076, 1.000000000000000000, 0.8660254037844387076, 1.000000000000000000, 0.8660254037844387076, 1.000000000000000000, 0.8660254037844387076, 1.000000000000000000, 0.8660254037844387076, 1.000000000000000000, 0.8660254037844387076, 1.000000000000000000, 0.8660254037844387076, 1.000000000000000000, 0.8660254037844387076, 1.000000000000000000, 0.8660254037844387076, 1.000000000000000000, 0.8660254037844387076, 1.000000000000000000, 0.8660254037844387076, 1.000000000000000000, 0.8660254037844387076, 1.000000000000000000, 0.8660254037844387076, 1.000000000000000000, 0.8660254037844387076, 1.000000000000000000, 0.8660254037844387076, 1.000000000000000000, 0.8660254037844387076, 1.000000000000000000, 0.8660254037844387076, 1.000000000000000000, 0.8660254037844387076, 1.000000000000000000, 0.8660254037844387076, 1.000000000000000000, 0.8660254037844387076, 1.000000000000000000, 0.8660254037844387076, 1.000000000000000000, 0.8660254037844387076, 1.000000000000000000, 0.8660254037844387076, 1.000000000000000000, 0.8660254037844387076, 1.000000000000000000, 0.8660254037844387076, 1.000000000000000000, 0.8660254037844387076, 1.000000000000000000, 0.8660254037844387076, 1.000000000000000000, 0.8660254037844387076, 1.000000000000000000, 0.8660254037844387076, 1.000000000000000000, 0.8660254037844387076, 1.000000000000000000, 0.8660254037844387076, 1.000000000000000000, 0.8660254037844387076, 1.000000000000000000, 0.8660254037844387076, 1.000000000000000000, 0.8660254037844387076, 1.000000000000000000, 0.8660254037844387076, 1.000000000000000000, 0.8660254037844387076, 1.000000000000000000, 0.8660254037844387076, 1.000000000000000000, 0.8660254037844387076, 1.000000000000000000, 0.8660254037844387076, 1.000000000000000000, 0.8660254037844387076, 1.000000000000000000, 0.8660254037844387076, 1.000000000000000000, 0.8660254037844387076, 1.000000000000000000, 0.8660254037844387076, 1.000000000000000000, 0.8660254037844387076, 1.000000000000000000, 0.8660254037844387076, 1.000000000000000000, 0.8660254037844387076, 1.000000000000000000, 0.8660254037844387076, 1.000000000000000000, 0.8660254037844387076, 1.000000000000000000, 0.8660254037844387076, 1.000000000000000000, 0.8660254037844387076, 1.000000000000000000),
 ( 1.000000000000000000, 0.8660254037844387076, 1.000000000000000000, 0.8660254037844387076, 1.000000000000000000, 0.8660254037844387076, 1.000000000000000000, 0.8660254037844387076, 1.000000000000000000, 0.8660254037844387076, 1.000000000000000000, 0.8660254037844387076, 1.000000000000000000, 0.8660254037844387076, 1.000000000000000000, 0.8660254037844387076, 1.000000000000000000, 0.8660254037844387076, 1.000000000000000000, 0.8660254037844387076, 1.000000000000000000, 0.8660254037844387076, 1.000000000000000000, 0.8660254037844387076, 1.000000000000000000, 0.8660254037844387076, 1.000000000000000000, 0.8660254037844387076, 1.000000000000000000, 0.8660254037844387076, 1.000000000000000000, 0.8660254037844387076, 1.000000000000000000, 0.8660254037844387076, 1.000000000000000000, 0.8660254037844387076, 1.000000000000000000, 0.8660254037844387076, 1.000000000000000000, 0.8660254037844387076, 1.000000000000000000, 0.8660254037844387076, 1.000000000000000000, 0.8660254037844387076, 1.000000000000000000, 0.8660254037844387076, 1.000000000000000000, 0.8660254037844387076, 1.000000000000000000, 0.8660254037844387076, 1.000000000000000000, 0.8660254037844387076, 1.000000000000000000, 0.8660254037844387076, 1.000000000000000000, 0.8660254037844387076, 1.000000000000000000, 0.8660254037844387076, 1.000000000000000000, 0.8660254037844387076, 1.000000000000000000, 0.8660254037844387076, 1.000000000000000000, 0.8660254037844387076, 1.000000000000000000, 0.8660254037844387076, 1.000000000000000000, 0.8660254037844387076, 1.000000000000000000, 0.8660254037844387076, 1.000000000000000000, 0.8660254037844387076, 1.000000000000000000, 0.8660254037844387076, 1.000000000000000000, 0.8660254037844387076, 1.000000000000000000, 0.8660254037844387076, 1.000000000000000000, 0.8660254037844387076, 1.000000000000000000, 0.8660254037844387076, 1.000000000000000000, 0.8660254037844387076, 1.000000000000000000, 0.8660254037844387076, 1.000000000000000000, 0.8660254037844387076, 1.000000000000000000, 0.8660254037844387076, 1.000000000000000000, 0.8660254037844387076, 1.000000000000000000, 0.8660254037844387076, 1.000000000000000000, 0.8660254037844387076, 1.000000000000000000, 0.8660254037844387076, 1.000000000000000000, 0.8660254037844387076, 1.000000000000000000, 0.8660254037844387076, 1.000000000000000000, 0.8660254037844387076, 1.000000000000000000, 0.8660254037844387076, 1.000000000000000000, 0.8660254037844387076, 1.000000000000000000, 0.8660254037844387076, 1.000000000000000000, 0.8660254037844387076, 1.000000000000000000, 0.8660254037844387076, 1.000000000000000000, 0.8660254037844387076, 1.000000000000000000, 0.8660254037844387076, 1.000000000000000000, 0.8660254037844387076, 1.000000000000000000, 0.8660254037844387076, 1.000000000000000000, 0.8660254037844387076, 1.000000000000000000, 0.8660254037844387076, 1.000000000000000000, 0.8660254037844387076, 1.000000000000000000, 0.8660254037844387076, 1.000000000000000000, 0.8660254037844387076, 1.000000000000000000) ) ) 
 REPRESENTATION_ITEM ( '' )  SURFACE ( )  );
#1582 = EDGE_LOOP ( 'NONE', ( #3479, #4714 ) ) ;
#1583 = CARTESIAN_POINT ( 'NONE',  ( -11.10000000000000142, 0.000000000000000000, 0.000000000000000000 ) ) ;
#1584 = LINE ( 'NONE', #4818, #3136 ) ;
#1585 = EDGE_CURVE ( 'NONE', #5280, #1332, #5381, .T. ) ;
#1586 = CARTESIAN_POINT ( 'NONE',  ( 17.23844134452211918, -0.1419237566510249127, -1.386558655477890367 ) ) ;
#1587 = ORIENTED_EDGE ( 'NONE', *, *, #3258, .T. ) ;
#1588 = CARTESIAN_POINT ( 'NONE',  ( -13.93749999999998757, -1.175240473580833722, 1.439254484199187407E-16 ) ) ;
#1589 = CARTESIAN_POINT ( 'NONE',  ( 17.36822643799762744, 0.8055636316667389440, 0.9796417629335113508 ) ) ;
#1590 = CARTESIAN_POINT ( 'NONE',  ( 14.27083333333333570, -0.7499999999999996669, -1.299038105676658228 ) ) ;
#1591 = CARTESIAN_POINT ( 'NONE',  ( 13.93750000000000178, 1.500000000000000000, 0.000000000000000000 ) ) ;
#1592 = CARTESIAN_POINT ( 'NONE',  ( 13.79166666666666785, 1.175240473580827505, 0.6785254037844348218 ) ) ;
#1593 = CARTESIAN_POINT ( 'NONE',  ( -11.79166666666665542, 1.175240473580833500, -0.6785254037844382635 ) ) ;
#1594 = CARTESIAN_POINT ( 'NONE',  ( -16.06249999999998579, 2.788906526875773602E-15, -1.500000000000001554 ) ) ;
#1595 = EDGE_CURVE ( 'NONE', #3257, #2599, #4939, .T. ) ;
#1596 = CARTESIAN_POINT ( 'NONE',  ( 15.47916666666666785, -1.175240473580827505, -0.6785254037844345998 ) ) ;
#1597 = EDGE_CURVE ( 'NONE', #791, #939, #900, .T. ) ;
#1598 = CARTESIAN_POINT ( 'NONE',  ( 14.79166666666666785, 1.175240473580827727, 0.6785254037844348218 ) ) ;
#1599 = CARTESIAN_POINT ( 'NONE',  ( -15.52083333333331971, -0.5876202367904166390, 1.017788105676656674 ) ) ;
#1600 = CARTESIAN_POINT ( 'NONE',  ( 16.56250000000000000, 8.309539638847728421E-17, -1.357050807568868533 ) ) ;
#1601 = CARTESIAN_POINT ( 'NONE',  ( -14.95833333333333570, 1.500000000000001554, 0.8660254037844392627 ) ) ;
#1602 = CARTESIAN_POINT ( 'NONE',  ( -17.41074498996844966, 2.385217236779676675, -0.3686825588085547167 ) ) ;
#1603 = ORIENTED_EDGE ( 'NONE', *, *, #3853, .T. ) ;
#1604 = AXIS2_PLACEMENT_3D ( 'NONE', #683, #4754, #3917 ) ;
#1605 = VECTOR ( 'NONE', #3483, 1000.000000000000000 ) ;
#1606 = CARTESIAN_POINT ( 'NONE',  ( 15.87500000000000000, -2.492861891654318526E-16, 1.357050807568868533 ) ) ;
#1607 = CARTESIAN_POINT ( 'NONE',  ( -17.02083333333332149, -0.5876202367904166390, 1.017788105676656674 ) ) ;
#1608 = CYLINDRICAL_SURFACE ( 'NONE', #2615, 1.172700473580827740 ) ;
#1609 = VERTEX_POINT ( 'NONE', #1187 ) ;
#1610 = CARTESIAN_POINT ( 'NONE',  ( -14.58333333333333570, 0.7499999999999995559, -1.299038105676659560 ) ) ;
#1611 = CARTESIAN_POINT ( 'NONE',  ( 15.39583333333333748, 1.500000000000000000, -0.8660254037844384856 ) ) ;
#1612 = CARTESIAN_POINT ( 'NONE',  ( -14.68749999999998934, -1.500000000000001332, 1.836970198721031413E-16 ) ) ;
#1613 = FACE_OUTER_BOUND ( 'NONE', #1469, .T. ) ;
#1614 = EDGE_LOOP ( 'NONE', ( #399, #1922, #2017, #1282 ) ) ;
#1615 = CARTESIAN_POINT ( 'NONE',  ( -15.68749999999998579, 1.175240473580833722, 0.000000000000000000 ) ) ;
#1616 = CARTESIAN_POINT ( 'NONE',  ( -11.85416666666665542, 0.7500000000000008882, 1.299038105676659116 ) ) ;
#1617 = CARTESIAN_POINT ( 'NONE',  ( 13.60416666666666963, -0.7500000000000006661, 1.299038105676657562 ) ) ;
#1618 = CARTESIAN_POINT ( 'NONE',  ( 12.29903810567665801, 1.299038105676659560, -2.249999999999999556 ) ) ;
#1619 = CARTESIAN_POINT ( 'NONE',  ( 13.70229952641921400, -1.241324211260519839, 0.8420891891827426701 ) ) ;
#1620 = CARTESIAN_POINT ( 'NONE',  ( -17.42527793928664437, 1.488464945008252771, -0.03630736468385879073 ) ) ;
#1621 = CARTESIAN_POINT ( 'NONE',  ( 16.97916666666667140, -1.175240473580827505, -0.6785254037844345998 ) ) ;
#1622 = EDGE_CURVE ( 'NONE', #2196, #4305, #2847, .T. ) ;
#1623 = ORIENTED_EDGE ( 'NONE', *, *, #2878, .F. ) ;
#1624 = EDGE_CURVE ( 'NONE', #3341, #3006, #3629, .T. ) ;
#1625 = CARTESIAN_POINT ( 'NONE',  ( 13.91666666666666963, -0.5876202367904145296, 1.017788105676650900 ) ) ;
#1626 = CARTESIAN_POINT ( 'NONE',  ( -16.52083333333332149, -0.5876202367904166390, 1.017788105676656674 ) ) ;
#1627 = CARTESIAN_POINT ( 'NONE',  ( 16.47916666666666785, -1.175240473580827505, -0.6785254037844345998 ) ) ;
#1628 = CARTESIAN_POINT ( 'NONE',  ( -15.41666666666666963, 0.7500000000000008882, 1.299038105676659116 ) ) ;
#1629 = CARTESIAN_POINT ( 'NONE',  ( -12.37500107753241529, 1.939559006663640087E-05, 1.499999999874604972 ) ) ;
#1630 = CARTESIAN_POINT ( 'NONE',  ( -12.64583333333332149, -1.500000000000001998, -0.8660254037844388186 ) ) ;
#1631 = VERTEX_POINT ( 'NONE', #5205 ) ;
#1632 = CARTESIAN_POINT ( 'NONE',  ( 16.95833333333333570, -1.175240473580827949, 0.6785254037844338226 ) ) ;
#1633 = CARTESIAN_POINT ( 'NONE',  ( -17.64583333333332149, 1.175240473580833944, 0.6785254037844374864 ) ) ;
#1634 = FACE_OUTER_BOUND ( 'NONE', #441, .T. ) ;
#1635 = EDGE_CURVE ( 'NONE', #3665, #20, #2354, .T. ) ;
#1636 = ORIENTED_EDGE ( 'NONE', *, *, #3188, .F. ) ;
#1637 = CARTESIAN_POINT ( 'NONE',  ( -16.06249999999998579, 2.788906526875773602E-15, -1.500000000000001554 ) ) ;
#1638 = CARTESIAN_POINT ( 'NONE',  ( -17.50000000000000000, 0.000000000000000000, 0.000000000000000000 ) ) ;
#1639 = CARTESIAN_POINT ( 'NONE',  ( -15.31249999999998757, 1.060575238724907778E-16, 1.732050807568878747 ) ) ;
#1640 = ORIENTED_EDGE ( 'NONE', *, *, #816, .T. ) ;
#1641 = CARTESIAN_POINT ( 'NONE',  ( -12.02083333333332149, -0.5876202367904166390, 1.017788105676656674 ) ) ;
#1642 = CARTESIAN_POINT ( 'NONE',  ( 17.32698621653154802, 1.304690077594861108, 0.1067288536279937250 ) ) ;
#1643 = CARTESIAN_POINT ( 'NONE',  ( 13.06250000000000355, -3.181725716174720005E-16, 1.732050807568877193 ) ) ;
#1644 = CARTESIAN_POINT ( 'NONE',  ( 16.81250000000000355, -1.191095495853194869E-15, -1.499999999999999778 ) ) ;
#1645 = CARTESIAN_POINT ( 'NONE',  ( -12.16666666666665542, 0.5876202367904169721, 1.017788105676656452 ) ) ;
#1646 = CARTESIAN_POINT ( 'NONE',  ( -11.87499997226789183, -5.158374394936414509E-07, 1.499999999999912514 ) ) ;
#1647 = CARTESIAN_POINT ( 'NONE',  ( 15.14583333333333570, 1.175240473580827727, -0.6785254037844341557 ) ) ;
#1648 = AXIS2_PLACEMENT_3D ( 'NONE', #1192, #5360, #284 ) ;
#1649 = VERTEX_POINT ( 'NONE', #1815 ) ;
#1650 = CARTESIAN_POINT ( 'NONE',  ( -14.33333333333332149, 0.5876202367904159729, -1.017788105676656896 ) ) ;
#1651 = CARTESIAN_POINT ( 'NONE',  ( 15.70833333333333570, 1.175240473580827949, -0.6785254037844341557 ) ) ;
#1652 = CARTESIAN_POINT ( 'NONE',  ( -16.43749999999998579, -1.175240473580833722, 1.439254484199187407E-16 ) ) ;
#1653 = CARTESIAN_POINT ( 'NONE',  ( 15.35416666666666785, -0.5876202367904145296, 1.017788105676650900 ) ) ;
#1654 = CARTESIAN_POINT ( 'NONE',  ( -15.08333333333333393, 0.7499999999999995559, -1.299038105676659560 ) ) ;
#1655 = LINE ( 'NONE', #1270, #3332 ) ;
#1656 = CARTESIAN_POINT ( 'NONE',  ( -12.97916666666665542, 1.500000000000000888, -0.8660254037844402619 ) ) ;
#1657 = VERTEX_POINT ( 'NONE', #1014 ) ;
#1658 = EDGE_CURVE ( 'NONE', #2475, #1998, #450, .T. ) ;
#1659 = CARTESIAN_POINT ( 'NONE',  ( 13.04166666666666785, -1.175240473580827505, -0.6785254037844345998 ) ) ;
#1660 = CARTESIAN_POINT ( 'NONE',  ( -16.06249999999998579, 8.309539638847769097E-17, 1.357050807568875195 ) ) ;
#1661 = DIRECTION ( 'NONE',  ( -1.000000000000000000, -0.000000000000000000, -0.000000000000000000 ) ) ;
#1662 = ORIENTED_EDGE ( 'NONE', *, *, #213, .F. ) ;
#1663 = CARTESIAN_POINT ( 'NONE',  ( 12.48075666599056355, 1.728209346468571272, -1.506653605801031581 ) ) ;
#1664 = PLANE ( 'NONE',  #3436 ) ;
#1665 = DIRECTION ( 'NONE',  ( 0.000000000000000000, 0.000000000000000000, 1.000000000000000000 ) ) ;
#1666 = CARTESIAN_POINT ( 'NONE',  ( -14.47916666666665542, 1.500000000000000888, -0.8660254037844402619 ) ) ;
#1667 = VERTEX_POINT ( 'NONE', #180 ) ;
#1668 = CARTESIAN_POINT ( 'NONE',  ( -13.02083333333332149, -0.5876202367904166390, 1.017788105676656674 ) ) ;
#1669 = CARTESIAN_POINT ( 'NONE',  ( 16.18750000000000000, 1.175240473580827949, 0.000000000000000000 ) ) ;
#1670 = CARTESIAN_POINT ( 'NONE',  ( 15.22916666666666785, -1.499999999999999778, -0.8660254037844391517 ) ) ;
#1671 = FACE_OUTER_BOUND ( 'NONE', #3241, .T. ) ;
#1672 = CARTESIAN_POINT ( 'NONE',  ( -17.29903810567666156, 2.598076211353316456, 9.160418186769542995E-17 ) ) ;
#1673 = LINE ( 'NONE', #45, #428 ) ;
#1674 = CARTESIAN_POINT ( 'NONE',  ( 13.77083333333333570, 0.5876202367904130863, 1.017788105676651789 ) ) ;
#1675 = ORIENTED_EDGE ( 'NONE', *, *, #331, .F. ) ;
#1676 = CARTESIAN_POINT ( 'NONE',  ( -12.99999999999998757, -1.175240473580833722, 1.439254484199187407E-16 ) ) ;
#1677 = CARTESIAN_POINT ( 'NONE',  ( 15.37500000000000178, -2.492861891654318526E-16, 1.357050807568868311 ) ) ;
#1678 = CARTESIAN_POINT ( 'NONE',  ( -13.81249999999998934, -2.492861891654330359E-16, -1.357050807568875195 ) ) ;
#1679 = CARTESIAN_POINT ( 'NONE',  ( 14.10416666666666785, 0.5876202367904140855, -1.017788105676651345 ) ) ;
#1680 = CARTESIAN_POINT ( 'NONE',  ( -13.62500000000000355, -3.181725716174723456E-16, -1.732050807568878747 ) ) ;
#1681 = CARTESIAN_POINT ( 'NONE',  ( -12.33333333333333570, -0.7500000000000003331, 1.299038105676659338 ) ) ;
#1682 = CARTESIAN_POINT ( 'NONE',  ( -11.81249999999998934, 1.060575238724907778E-16, 1.732050807568878747 ) ) ;
#1683 = ORIENTED_EDGE ( 'NONE', *, *, #756, .T. ) ;
#1684 = AXIS2_PLACEMENT_3D ( 'NONE', #3973, #1976, #3577 ) ;
#1685 = CARTESIAN_POINT ( 'NONE',  ( -16.20833333333332149, 1.175240473580833944, 0.6785254037844374864 ) ) ;
#1686 = CARTESIAN_POINT ( 'NONE',  ( 13.45833333333333570, -1.175240473580827949, 0.6785254037844338226 ) ) ;
#1687 = PLANE ( 'NONE',  #137 ) ;
#1688 = VECTOR ( 'NONE', #5040, 999.9999999999998863 ) ;
#1689 = AXIS2_PLACEMENT_3D ( 'NONE', #5218, #1495, #3982 ) ;
#1690 = CYLINDRICAL_SURFACE ( 'NONE', #306, 1.500000000000000222 ) ;
#1691 = ORIENTED_EDGE ( 'NONE', *, *, #501, .T. ) ;
#1692 = CARTESIAN_POINT ( 'NONE',  ( 12.49999999999999645, 0.2198900052068070154, 2.249999999999999556 ) ) ;
#1693 = AXIS2_PLACEMENT_3D ( 'NONE', #4673, #5064, #4266 ) ;
#1694 = CARTESIAN_POINT ( 'NONE',  ( -16.33333333333333570, -0.7500000000000003331, 1.299038105676659338 ) ) ;
#1695 = EDGE_CURVE ( 'NONE', #1074, #5334, #155, .T. ) ;
#1696 = CARTESIAN_POINT ( 'NONE',  ( 13.16666666666666785, 0.5876202367904140855, -1.017788105676651345 ) ) ;
#1697 = CARTESIAN_POINT ( 'NONE',  ( -15.47916666666665542, 1.500000000000000888, -0.8660254037844402619 ) ) ;
#1698 = EDGE_LOOP ( 'NONE', ( #4889, #2336, #493, #2425 ) ) ;
#1699 = CARTESIAN_POINT ( 'NONE',  ( -12.43749999999998934, -1.175240473580833722, 1.439254484199187407E-16 ) ) ;
#1700 = CARTESIAN_POINT ( 'NONE',  ( 17.39583333333333570, -1.175240473580828393, 0.6785254037844338226 ) ) ;
#1701 = CARTESIAN_POINT ( 'NONE',  ( 13.37500000000000178, 1.436143881329345645E-16, 1.172700473580827518 ) ) ;
#1702 = LINE ( 'NONE', #4592, #4631 ) ;
#1703 = CARTESIAN_POINT ( 'NONE',  ( -11.49999999999998934, -1.175240473580833722, 1.439254484199187407E-16 ) ) ;
#1704 = DIRECTION ( 'NONE',  ( 0.000000000000000000, 0.000000000000000000, -1.000000000000000000 ) ) ;
#1705 = CARTESIAN_POINT ( 'NONE',  ( 13.89583333333333393, -1.175240473580827949, 0.6785254037844338226 ) ) ;
#1706 = EDGE_LOOP ( 'NONE', ( #848, #5266, #2068, #2992 ) ) ;
#1707 = CARTESIAN_POINT ( 'NONE',  ( -12.49999999999998934, -1.175240473580833722, 1.439254484199187407E-16 ) ) ;
#1708 = DIRECTION ( 'NONE',  ( 0.000000000000000000, 0.000000000000000000, -1.000000000000000000 ) ) ;
#1709 = CARTESIAN_POINT ( 'NONE',  ( -13.47916666666665719, -1.175240473580833500, 0.6785254037844380415 ) ) ;
#1710 = CARTESIAN_POINT ( 'NONE',  ( 13.60416666666666963, 0.5876202367904140855, -1.017788105676651345 ) ) ;
#1711 = CARTESIAN_POINT ( 'NONE',  ( -13.45833333333333570, 1.500000000000001554, 0.8660254037844392627 ) ) ;
#1712 = CARTESIAN_POINT ( 'NONE',  ( -15.58482909936924621, -0.4019237886466833221, -1.500000000000001998 ) ) ;
#1713 = CARTESIAN_POINT ( 'NONE',  ( -11.64583333333332149, -1.500000000000001998, -0.8660254037844388186 ) ) ;
#1714 = ORIENTED_EDGE ( 'NONE', *, *, #3388, .F. ) ;
#1715 = CARTESIAN_POINT ( 'NONE',  ( 13.89583333333333215, -1.175240473580828393, 0.6785254037844338226 ) ) ;
#1716 = CARTESIAN_POINT ( 'NONE',  ( -16.33333333333332149, 0.5876202367904159729, -1.017788105676656896 ) ) ;
#1717 = CARTESIAN_POINT ( 'NONE',  ( 14.54166666666666785, -1.175240473580827505, -0.6785254037844345998 ) ) ;
#1718 = CARTESIAN_POINT ( 'NONE',  ( -15.39583333333332149, -1.175240473580834166, -0.6785254037844371533 ) ) ;
#1719 = CARTESIAN_POINT ( 'NONE',  ( -13.70833333333333393, -1.500000000000002220, -0.8660254037844388186 ) ) ;
#1720 = B_SPLINE_CURVE_WITH_KNOTS ( 'NONE', 3,
 ( #1518, #1102, #999, #1494, #3099, #2338 ),
 .UNSPECIFIED., .F., .F.,
 ( 4, 2, 4 ),
 ( 4.833304687629066530E-15, 0.0004673364619888739678, 0.0009346729239729145624 ),
 .UNSPECIFIED. ) ;
#1721 = ORIENTED_EDGE ( 'NONE', *, *, #1007, .F. ) ;
#1722 = CARTESIAN_POINT ( 'NONE',  ( -17.42172769284587730, 1.511542704210578236, -1.881931238497225989 ) ) ;
#1723 = CARTESIAN_POINT ( 'NONE',  ( -17.50000000000000355, 0.2199536145622543737, -2.250000000000000000 ) ) ;
#1724 = CARTESIAN_POINT ( 'NONE',  ( -15.18749999999998934, -1.500000000000001332, 1.836970198721031413E-16 ) ) ;
#1725 = CARTESIAN_POINT ( 'NONE',  ( -14.22916666666665542, -1.500000000000000888, 0.8660254037844398178 ) ) ;
#1726 = PERSON_AND_ORGANIZATION ( #3331, #4814 ) ;
#1727 = ADVANCED_FACE ( 'NONE', ( #2754 ), #3139, .F. ) ;
#1728 = EDGE_LOOP ( 'NONE', ( #2243, #459 ) ) ;
#1729 = CARTESIAN_POINT ( 'NONE',  ( -12.35416666666665542, -0.5876202367904174162, -1.017788105676656230 ) ) ;
#1730 =( BOUNDED_CURVE ( )  B_SPLINE_CURVE ( 2, ( #4299, #183, #3925, #2227, #158, #1846, #3091, #3528, #1462 ),
 .UNSPECIFIED., .F., .T. ) 
 B_SPLINE_CURVE_WITH_KNOTS ( ( 3, 2, 2, 2, 3 ),
 ( 0.4858808386549574032, 0.4923593722081572865, 0.5053161977925825221, 0.5182730233770076467, 0.5247503495362678683 ),
 .UNSPECIFIED. ) 
 CURVE ( )  GEOMETRIC_REPRESENTATION_ITEM ( )  RATIONAL_B_SPLINE_CURVE ( ( 0.9330127019154954571, 0.9330114532141072781, 1.000000000000000000, 0.8660254037844387076, 1.000000000000000000, 0.8660254037844387076, 1.000000000000000000, 0.9330239377624631736, 0.9330127037768271014 ) ) 
 REPRESENTATION_ITEM ( '' )  );
#1731 = CARTESIAN_POINT ( 'NONE',  ( 16.27083333333333570, 0.5876202367904130863, 1.017788105676651789 ) ) ;
#1732 = DIRECTION ( 'NONE',  ( -1.000000000000000000, -0.000000000000000000, -0.000000000000000000 ) ) ;
#1733 = CARTESIAN_POINT ( 'NONE',  ( -12.58333333333333570, 0.7499999999999995559, -1.299038105676659560 ) ) ;
#1734 = CARTESIAN_POINT ( 'NONE',  ( -17.41016616038781351, 0.8761607244268366790, 2.250000000000000000 ) ) ;
#1735 = CARTESIAN_POINT ( 'NONE',  ( 14.31250000000000178, -2.492861891654318526E-16, 1.357050807568868533 ) ) ;
#1736 = VERTEX_POINT ( 'NONE', #3945 ) ;
#1737 = ORIENTED_EDGE ( 'NONE', *, *, #3705, .F. ) ;
#1738 = CARTESIAN_POINT ( 'NONE',  ( -12.37499999999998934, -2.492861891654330359E-16, -1.357050807568875195 ) ) ;
#1739 = CARTESIAN_POINT ( 'NONE',  ( 17.43452075518488797, -1.190458243198991850, -0.09733445699861853484 ) ) ;
#1740 = CARTESIAN_POINT ( 'NONE',  ( -14.22916666666665364, 1.175240473580833056, -0.6785254037844382635 ) ) ;
#1741 = CARTESIAN_POINT ( 'NONE',  ( 14.77083333333333570, 0.5876202367904130863, 1.017788105676651789 ) ) ;
#1742 = ADVANCED_FACE ( 'NONE', ( #3921 ), #1894, .F. ) ;
#1743 = CARTESIAN_POINT ( 'NONE',  ( -11.83333333333333393, -0.7500000000000003331, 1.299038105676659338 ) ) ;
#1744 = CARTESIAN_POINT ( 'NONE',  ( -16.54166666666665719, -1.175240473580833722, 0.6785254037844379305 ) ) ;
#1745 = CARTESIAN_POINT ( 'NONE',  ( -13.68749999999998757, -1.500000000000001332, 1.836970198721031413E-16 ) ) ;
#1746 = ORIENTED_EDGE ( 'NONE', *, *, #4470, .F. ) ;
#1747 = CARTESIAN_POINT ( 'NONE',  ( 13.97916666666667140, -1.175240473580827727, -0.6785254037844345998 ) ) ;
#1748 = CARTESIAN_POINT ( 'NONE',  ( -16.74999999999998579, 1.175240473580833722, 0.000000000000000000 ) ) ;
#1749 = CARTESIAN_POINT ( 'NONE',  ( 13.70833333333333748, 1.175240473580827727, -0.6785254037844341557 ) ) ;
#1750 = CARTESIAN_POINT ( 'NONE',  ( -13.85416666666665542, -0.5876202367904174162, -1.017788105676656230 ) ) ;
#1751 = CARTESIAN_POINT ( 'NONE',  ( -16.89732879057510218, 0.4019182303516967703, 1.500003209083108802 ) ) ;
#1752 = DIRECTION ( 'NONE',  ( 0.000000000000000000, 0.000000000000000000, 1.000000000000000000 ) ) ;
#1753 = DIRECTION ( 'NONE',  ( 0.000000000000000000, -0.4999999999999998890, -0.8660254037844385966 ) ) ;
#1754 = CARTESIAN_POINT ( 'NONE',  ( 12.75000000000000178, 1.175240473580827949, 0.000000000000000000 ) ) ;
#1755 = COORDINATED_UNIVERSAL_TIME_OFFSET ( 6, 0, .BEHIND. ) ;
#1756 = ORIENTED_EDGE ( 'NONE', *, *, #1937, .T. ) ;
#1757 = CARTESIAN_POINT ( 'NONE',  ( -11.47916666666665364, -1.175240473580833722, 0.6785254037844379305 ) ) ;
#1758 = CARTESIAN_POINT ( 'NONE',  ( -12.06249999999998579, -6.391244124090313355E-16, -1.500000000000001332 ) ) ;
#1759 = CARTESIAN_POINT ( 'NONE',  ( -11.10000000000000142, 1.836970198721030427E-16, -1.500000000000000666 ) ) ;
#1760 = CARTESIAN_POINT ( 'NONE',  ( -12.33482909936924798, 0.4019237886466813237, 1.500000000000003109 ) ) ;
#1761 = EDGE_CURVE ( 'NONE', #4143, #855, #1893, .T. ) ;
#1762 = CARTESIAN_POINT ( 'NONE',  ( -14.89732883646101058, 0.4019190562981722614, 1.500002732222688540 ) ) ;
#1763 = CARTESIAN_POINT ( 'NONE',  ( 13.31250000000000178, -2.492861891654318526E-16, 1.357050807568868533 ) ) ;
#1764 = EDGE_LOOP ( 'NONE', ( #737, #4068, #189, #4180, #1291, #2021, #1272, #2330 ) ) ;
#1765 =( BOUNDED_CURVE ( )  B_SPLINE_CURVE ( 2, ( #126, #1435, #4349, #2627, #2251, #4676, #1017, #1788, #3090 ),
 .UNSPECIFIED., .F., .F. ) 
 B_SPLINE_CURVE_WITH_KNOTS ( ( 3, 2, 2, 2, 3 ),
 ( 0.5227272727272727071, 0.5303030303030302761, 0.5454545454545454142, 0.5606060606060605522, 0.5681818181818182323 ),
 .UNSPECIFIED. ) 
 CURVE ( )  GEOMETRIC_REPRESENTATION_ITEM ( )  RATIONAL_B_SPLINE_CURVE ( ( 0.9330127018922194093, 0.9330127018922194093, 1.000000000000000000, 0.8660254037844387076, 1.000000000000000000, 0.8660254037844387076, 1.000000000000000000, 0.9330127018922188542, 0.9330127018922194093 ) ) 
 REPRESENTATION_ITEM ( '' )  );
#1766 = ORIENTED_EDGE ( 'NONE', *, *, #2300, .T. ) ;
#1767 = CARTESIAN_POINT ( 'NONE',  ( -13.20833333333332149, 1.175240473580833944, 0.6785254037844374864 ) ) ;
#1768 = CARTESIAN_POINT ( 'NONE',  ( 17.33402538319917241, -1.158386936614022478, 0.5779199076635060939 ) ) ;
#1769 = CARTESIAN_POINT ( 'NONE',  ( -14.18749999999998757, 1.175240473580833722, 0.000000000000000000 ) ) ;
#1770 = CARTESIAN_POINT ( 'NONE',  ( 13.35416666666666785, -0.5876202367904145296, 1.017788105676650900 ) ) ;
#1771 = EDGE_CURVE ( 'NONE', #2535, #996, #3243, .T. ) ;
#1772 = CARTESIAN_POINT ( 'NONE',  ( -13.83333333333333393, -0.7500000000000003331, 1.299038105676659338 ) ) ;
#1773 = CARTESIAN_POINT ( 'NONE',  ( -17.70833333333332149, 1.175240473580833944, 0.6785254037844374864 ) ) ;
#1774 = CARTESIAN_POINT ( 'NONE',  ( -15.91666666666665542, -0.5876202367904174162, -1.017788105676656230 ) ) ;
#1775 = ORIENTED_EDGE ( 'NONE', *, *, #5005, .F. ) ;
#1776 = CARTESIAN_POINT ( 'NONE',  ( 13.40930389804688261, -1.175240473580828393, 0.4591625151092864066 ) ) ;
#1777 = CARTESIAN_POINT ( 'NONE',  ( 15.56250000000000000, -6.391244124090313355E-16, 1.499999999999999778 ) ) ;
#1778 = CARTESIAN_POINT ( 'NONE',  ( -17.08333333333332149, -0.5876202367904166390, 1.017788105676656674 ) ) ;
#1779 = CARTESIAN_POINT ( 'NONE',  ( 12.83333333333333570, 0.5876202367904130863, 1.017788105676651789 ) ) ;
#1780 = CARTESIAN_POINT ( 'NONE',  ( -15.02083333333332149, -0.5876202367904166390, 1.017788105676656674 ) ) ;
#1781 = DIRECTION ( 'NONE',  ( 0.000000000000000000, 0.000000000000000000, -1.000000000000000000 ) ) ;
#1782 = CARTESIAN_POINT ( 'NONE',  ( -14.60416666666665364, -0.7500000000000013323, -1.299038105676658894 ) ) ;
#1783 = CARTESIAN_POINT ( 'NONE',  ( -17.29903810567676459, -1.299038105676814769, 2.249999999999999556 ) ) ;
#1784 = VECTOR ( 'NONE', #2444, 1000.000000000000000 ) ;
#1785 = CARTESIAN_POINT ( 'NONE',  ( -15.14583333333332149, -1.500000000000002220, -0.8660254037844388186 ) ) ;
#1786 = VECTOR ( 'NONE', #658, 1000.000000000000000 ) ;
#1787 = VECTOR ( 'NONE', #8, 1000.000000000000000 ) ;
#1788 = CARTESIAN_POINT ( 'NONE',  ( 14.83482909936926220, 0.4019237886466815457, -1.500000000000001776 ) ) ;
#1789 = VERTEX_POINT ( 'NONE', #2326 ) ;
#1790 = CARTESIAN_POINT ( 'NONE',  ( 14.10416666666666963, -0.7500000000000006661, 1.299038105676657562 ) ) ;
#1791 = CARTESIAN_POINT ( 'NONE',  ( 15.93750000000000000, -1.175240473580827949, -1.439254484199180504E-16 ) ) ;
#1792 = CARTESIAN_POINT ( 'NONE',  ( 15.29166666666666785, -1.499999999999999778, -0.8660254037844391517 ) ) ;
#1793 = CARTESIAN_POINT ( 'NONE',  ( 16.25000000000000000, -1.500000000000000000, -1.836970198721029934E-16 ) ) ;
#1794 = CARTESIAN_POINT ( 'NONE',  ( -15.20833333333333393, -1.500000000000002220, -0.8660254037844388186 ) ) ;
#1795 = CARTESIAN_POINT ( 'NONE',  ( 12.35416666666666963, -0.5876202367904145296, 1.017788105676650900 ) ) ;
#1796 = ORIENTED_EDGE ( 'NONE', *, *, #2329, .F. ) ;
#1797 = VERTEX_POINT ( 'NONE', #3494 ) ;
#1798 = CARTESIAN_POINT ( 'NONE',  ( -11.31948064062672010, 0.7632947672222624158, -0.8936281492173429042 ) ) ;
#1799 = CARTESIAN_POINT ( 'NONE',  ( 17.24957368800103552, -0.8700882716208202527, 1.082660066466916371 ) ) ;
#1800 = CARTESIAN_POINT ( 'NONE',  ( -12.81249999999998757, -2.492861891654330359E-16, -1.357050807568875195 ) ) ;
#1801 = CARTESIAN_POINT ( 'NONE',  ( 12.64583333333333570, 1.175240473580827727, -0.6785254037844341557 ) ) ;
#1802 = CARTESIAN_POINT ( 'NONE',  ( -11.50000000000000178, 1.500000000000001332, 0.000000000000000000 ) ) ;
#1803 = CARTESIAN_POINT ( 'NONE',  ( -17.33333333333332149, 0.5876202367904159729, -1.017788105676656896 ) ) ;
#1804 = CARTESIAN_POINT ( 'NONE',  ( -15.66666666666665542, 0.5876202367904169721, 1.017788105676656452 ) ) ;
#1805 = ORIENTED_EDGE ( 'NONE', *, *, #819, .F. ) ;
#1806 = EDGE_CURVE ( 'NONE', #4383, #1631, #3818, .T. ) ;
#1807 =( BOUNDED_CURVE ( )  B_SPLINE_CURVE ( 2, ( #4710, #1849, #1020, #214, #1874, #3530, #4427, #1046, #4354 ),
 .UNSPECIFIED., .F., .F. ) 
 B_SPLINE_CURVE_WITH_KNOTS ( ( 3, 2, 2, 2, 3 ),
 ( 0.5227272727272727071, 0.5303030303030302761, 0.5454545454545454142, 0.5606060606060605522, 0.5681818181818182323 ),
 .UNSPECIFIED. ) 
 CURVE ( )  GEOMETRIC_REPRESENTATION_ITEM ( )  RATIONAL_B_SPLINE_CURVE ( ( 0.9330127018922194093, 0.9330127018922194093, 1.000000000000000000, 0.8660254037844387076, 1.000000000000000000, 0.8660254037844387076, 1.000000000000000000, 0.9330127018922188542, 0.9330127018922194093 ) ) 
 REPRESENTATION_ITEM ( '' )  );
#1808 = ADVANCED_FACE ( 'NONE', ( #4346 ), #3602, .T. ) ;
#1809 = CARTESIAN_POINT ( 'NONE',  ( 14.72916666666666785, 1.175240473580827727, 0.6785254037844348218 ) ) ;
#1810 = CARTESIAN_POINT ( 'NONE',  ( -11.87499997226789183, -5.158374394936414509E-07, 1.499999999999912514 ) ) ;
#1811 = CARTESIAN_POINT ( 'NONE',  ( -15.24999999999998757, 1.175240473580833722, 0.000000000000000000 ) ) ;
#1812 = CARTESIAN_POINT ( 'NONE',  ( 16.14583333333333215, -1.500000000000000444, 0.8660254037844380415 ) ) ;
#1813 = CARTESIAN_POINT ( 'NONE',  ( -15.52083333333331971, -0.5876202367904166390, 1.017788105676656674 ) ) ;
#1814 = DIRECTION ( 'NONE',  ( -0.7071067811865463515, 0.000000000000000000, 0.7071067811865487940 ) ) ;
#1815 = CARTESIAN_POINT ( 'NONE',  ( -17.44920000000000471, 1.481840969524534701, -0.2326958122498007930 ) ) ;
#1816 = APPROVAL ( #3005, 'UNSPECIFIED' ) ;
#1817 = EDGE_CURVE ( 'NONE', #939, #2686, #3328, .T. ) ;
#1818 = CARTESIAN_POINT ( 'NONE',  ( -16.58333333333332149, -0.5876202367904166390, 1.017788105676656674 ) ) ;
#1819 = CARTESIAN_POINT ( 'NONE',  ( 14.27083333333333570, -0.7499999999999996669, -1.299038105676658228 ) ) ;
#1820 = CARTESIAN_POINT ( 'NONE',  ( 15.43750000000000178, -1.175240473580827949, -1.439254484199180504E-16 ) ) ;
#1821 = CARTESIAN_POINT ( 'NONE',  ( -17.50000000000000000, -1.299038105676656452, -2.249999999999999556 ) ) ;
#1822 = CARTESIAN_POINT ( 'NONE',  ( 17.00000000000000000, 1.500000000000000000, 0.000000000000000000 ) ) ;
#1823 = DIRECTION ( 'NONE',  ( 0.000000000000000000, 0.000000000000000000, 1.000000000000000000 ) ) ;
#1824 = DIRECTION ( 'NONE',  ( 0.000000000000000000, 0.000000000000000000, 1.000000000000000000 ) ) ;
#1825 = ORIENTED_EDGE ( 'NONE', *, *, #1502, .T. ) ;
#1826 = ORIENTED_EDGE ( 'NONE', *, *, #1150, .T. ) ;
#1827 = CARTESIAN_POINT ( 'NONE',  ( -17.43749999999998934, -1.175240473580833722, 1.439254484199187407E-16 ) ) ;
#1828 = CARTESIAN_POINT ( 'NONE',  ( 12.49999999999999822, 0.000000000000000000, 0.000000000000000000 ) ) ;
#1829 = CARTESIAN_POINT ( 'NONE',  ( -11.56249999999998934, 8.309539638847769097E-17, 1.357050807568875195 ) ) ;
#1830 = CARTESIAN_POINT ( 'NONE',  ( 16.45833333333333570, -1.175240473580827949, 0.6785254037844338226 ) ) ;
#1831 = CARTESIAN_POINT ( 'NONE',  ( -17.12444047358083665, -0.005259121137451082915, 1.175231653400738763 ) ) ;
#1832 = CARTESIAN_POINT ( 'NONE',  ( -15.66666666666665542, 0.5876202367904169721, 1.017788105676656452 ) ) ;
#1833 = CARTESIAN_POINT ( 'NONE',  ( -15.87499999999998579, -2.492861891654330359E-16, -1.357050807568875195 ) ) ;
#1834 = ORIENTED_EDGE ( 'NONE', *, *, #3504, .F. ) ;
#1835 = CARTESIAN_POINT ( 'NONE',  ( 15.14583333333333570, 1.175240473580827949, -0.6785254037844341557 ) ) ;
#1836 = CARTESIAN_POINT ( 'NONE',  ( -17.10416666666665719, 0.5876202367904169721, 1.017788105676656452 ) ) ;
#1837 = CARTESIAN_POINT ( 'NONE',  ( 12.49999999999999822, 0.000000000000000000, 0.000000000000000000 ) ) ;
#1838 = CARTESIAN_POINT ( 'NONE',  ( 17.43750000000000000, 1.500000000000000000, 0.000000000000000000 ) ) ;
#1839 = CARTESIAN_POINT ( 'NONE',  ( -14.27083333333332149, 0.5876202367904159729, -1.017788105676656896 ) ) ;
#1840 = EDGE_CURVE ( 'NONE', #4505, #4946, #4022, .T. ) ;
#1841 = EDGE_CURVE ( 'NONE', #188, #3219, #3356, .T. ) ;
#1842 = CARTESIAN_POINT ( 'NONE',  ( 15.41666666666666963, 0.7500000000000002220, -1.299038105676658006 ) ) ;
#1843 = CARTESIAN_POINT ( 'NONE',  ( 12.49999999999999822, 0.000000000000000000, 0.000000000000000000 ) ) ;
#1844 = CARTESIAN_POINT ( 'NONE',  ( 16.22916666666666785, -1.499999999999999778, -0.8660254037844391517 ) ) ;
#1845 = CARTESIAN_POINT ( 'NONE',  ( -16.33333333333332149, 0.5876202367904159729, -1.017788105676656896 ) ) ;
#1846 = CARTESIAN_POINT ( 'NONE',  ( -14.20833333333333570, -1.500000000000002220, -0.8660254037844388186 ) ) ;
#1847 = CARTESIAN_POINT ( 'NONE',  ( 15.14732909936926042, -0.4019237886466845988, 1.499999999999999778 ) ) ;
#1848 = CARTESIAN_POINT ( 'NONE',  ( 15.70833333333333570, -1.500000000000000444, 0.8660254037844380415 ) ) ;
#1849 = CARTESIAN_POINT ( 'NONE',  ( 14.60267090063074136, 0.4019237886466832665, 1.500000000000000222 ) ) ;
#1850 = EDGE_CURVE ( 'NONE', #1657, #4954, #4737, .T. ) ;
#1851 = ORIENTED_EDGE ( 'NONE', *, *, #2056, .T. ) ;
#1852 = ORIENTED_EDGE ( 'NONE', *, *, #2849, .T. ) ;
#1853 = CARTESIAN_POINT ( 'NONE',  ( -16.89583333333332149, -1.175240473580834166, -0.6785254037844371533 ) ) ;
#1854 = CARTESIAN_POINT ( 'NONE',  ( -14.52083333333332149, 0.7499999999999995559, -1.299038105676659560 ) ) ;
#1855 = CARTESIAN_POINT ( 'NONE',  ( 16.95833333333333570, -1.175240473580827949, 0.6785254037844338226 ) ) ;
#1856 = CARTESIAN_POINT ( 'NONE',  ( -13.58482909936924798, -0.4019237886466817122, -1.500000000000003109 ) ) ;
#1857 = CARTESIAN_POINT ( 'NONE',  ( -16.74999999999998579, 1.175240473580833722, 0.000000000000000000 ) ) ;
#1858 = CARTESIAN_POINT ( 'NONE',  ( -15.83333333333332149, 0.5876202367904159729, -1.017788105676656896 ) ) ;
#1859 = ORIENTED_EDGE ( 'NONE', *, *, #1371, .T. ) ;
#1860 = CARTESIAN_POINT ( 'NONE',  ( 12.45833333333333393, 1.500000000000000222, -0.8660254037844384856 ) ) ;
#1861 = PRODUCT_DEFINITION_SHAPE ( 'NONE', 'NONE',  #3654 ) ;
#1862 = CARTESIAN_POINT ( 'NONE',  ( -17.29903810567666156, 1.299038105676659782, -2.249999999999999556 ) ) ;
#1863 = CARTESIAN_POINT ( 'NONE',  ( 15.85416666666666963, 0.7500000000000002220, -1.299038105676658006 ) ) ;
#1864 = CARTESIAN_POINT ( 'NONE',  ( 14.89732909936926220, 0.4019237886466842657, -1.499999999999999778 ) ) ;
#1865 = CARTESIAN_POINT ( 'NONE',  ( 16.64583333333333570, -1.500000000000000444, 0.8660254037844380415 ) ) ;
#1866 = CARTESIAN_POINT ( 'NONE',  ( -11.81249999999998757, -2.492861891654330359E-16, -1.357050807568875195 ) ) ;
#1867 = CARTESIAN_POINT ( 'NONE',  ( 16.37500000000000000, -1.191095495853194869E-15, -1.499999999999999778 ) ) ;
#1868 = CARTESIAN_POINT ( 'NONE',  ( -17.44920000000000471, 1.481840969524534923, -0.2326958122498007930 ) ) ;
#1869 = CARTESIAN_POINT ( 'NONE',  ( 13.60939327026509638, 1.092695193639072526, 0.9046229002622107052 ) ) ;
#1870 = CARTESIAN_POINT ( 'NONE',  ( 12.41074498996844078, -2.385217236779675343, -0.3686825588085547722 ) ) ;
#1871 = EDGE_CURVE ( 'NONE', #3257, #3930, #4652, .T. ) ;
#1872 = DIRECTION ( 'NONE',  ( 1.000000000000000000, 0.000000000000000000, -0.000000000000000000 ) ) ;
#1873 = CARTESIAN_POINT ( 'NONE',  ( 15.95833333333333570, 1.500000000000000222, -0.8660254037844384856 ) ) ;
#1874 = CARTESIAN_POINT ( 'NONE',  ( 14.50000000000000178, 1.500000000000000000, 0.000000000000000000 ) ) ;
#1875 = AXIS2_PLACEMENT_3D ( 'NONE', #3061, #3892, #4675 ) ;
#1876 = CARTESIAN_POINT ( 'NONE',  ( -15.89583333333331971, 1.500000000000001110, 0.8660254037844392627 ) ) ;
#1877 = VERTEX_POINT ( 'NONE', #590 ) ;
#1878 = ORIENTED_EDGE ( 'NONE', *, *, #4113, .F. ) ;
#1879 = CARTESIAN_POINT ( 'NONE',  ( -11.54166666666665364, -1.175240473580833722, 0.6785254037844379305 ) ) ;
#1880 = CARTESIAN_POINT ( 'NONE',  ( 14.62500000000000000, -6.391244124090313355E-16, 1.499999999999999778 ) ) ;
#1881 = LINE ( 'NONE', #674, #5256 ) ;
#1882 = CARTESIAN_POINT ( 'NONE',  ( 16.04166666666667140, -1.175240473580827505, -0.6785254037844345998 ) ) ;
#1883 = CARTESIAN_POINT ( 'NONE',  ( -13.68749999999998757, -1.500000000000001332, 1.836970198721031413E-16 ) ) ;
#1884 = CARTESIAN_POINT ( 'NONE',  ( -13.04166666666665364, -1.175240473580833722, 0.6785254037844379305 ) ) ;
#1885 = CARTESIAN_POINT ( 'NONE',  ( -16.20833333333332149, 1.175240473580833722, 0.6785254037844374864 ) ) ;
#1886 =( BOUNDED_CURVE ( )  B_SPLINE_CURVE ( 2, ( #2920, #38, #905, #3812, #3007, #792, #385, #2052, #3294 ),
 .UNSPECIFIED., .F., .F. ) 
 B_SPLINE_CURVE_WITH_KNOTS ( ( 3, 2, 2, 2, 3 ),
 ( 0.1346153846153846090, 0.1410256410256410242, 0.1538461538461538547, 0.1666666666666666574, 0.1730769230769230727 ),
 .UNSPECIFIED. ) 
 CURVE ( )  GEOMETRIC_REPRESENTATION_ITEM ( )  RATIONAL_B_SPLINE_CURVE ( ( 0.9330127018922194093, 0.9330127018922194093, 1.000000000000000000, 0.8660254037844387076, 1.000000000000000000, 0.8660254037844387076, 1.000000000000000000, 0.9330127018922194093, 0.9330127018922194093 ) ) 
 REPRESENTATION_ITEM ( '' )  );
#1887 = CARTESIAN_POINT ( 'NONE',  ( 13.16666666666666785, -0.7500000000000006661, 1.299038105676657562 ) ) ;
#1888 = CARTESIAN_POINT ( 'NONE',  ( -17.29880812724844930, -1.207023298944125189, -0.6297216453187152174 ) ) ;
#1889 = CARTESIAN_POINT ( 'NONE',  ( 13.81250000000000000, 2.033577675846917841E-16, -1.499999999999999778 ) ) ;
#1890 = CARTESIAN_POINT ( 'NONE',  ( 14.87500000000000178, 2.033577675846917841E-16, -1.499999999999999778 ) ) ;
#1891 = CARTESIAN_POINT ( 'NONE',  ( 16.22916666666666785, -1.499999999999999778, -0.8660254037844391517 ) ) ;
#1892 = CARTESIAN_POINT ( 'NONE',  ( -11.72916666666665719, 1.175240473580833500, -0.6785254037844382635 ) ) ;
#1893 = B_SPLINE_CURVE_WITH_KNOTS ( 'NONE', 3,
 ( #2678, #3891, #661, #4701 ),
 .UNSPECIFIED., .F., .F.,
 ( 4, 4 ),
 ( 2.380746839932928072E-07, 0.001314652396222795163 ),
 .UNSPECIFIED. ) ;
#1894 = CYLINDRICAL_SURFACE ( 'NONE', #1155, 1.500000000000000666 ) ;
#1895 = CARTESIAN_POINT ( 'NONE',  ( 13.49479994131603711, 1.162044386198238097E-16, -1.292500414896857963 ) ) ;
#1896 = CARTESIAN_POINT ( 'NONE',  ( -16.95833333333332149, -1.175240473580834166, -0.6785254037844372643 ) ) ;
#1897 = CARTESIAN_POINT ( 'NONE',  ( -12.56249999999999112, 6.333141904780402276E-15, -1.500000000000001554 ) ) ;
#1898 = CARTESIAN_POINT ( 'NONE',  ( 16.12500000000000000, -3.181725716174720005E-16, 1.732050807568877193 ) ) ;
#1899 = CARTESIAN_POINT ( 'NONE',  ( 12.29903810567665801, 1.299038105676658228, 2.250000000000000000 ) ) ;
#1900 = ADVANCED_FACE ( 'NONE', ( #3413 ), #3870, .T. ) ;
#1901 = CARTESIAN_POINT ( 'NONE',  ( 17.13469400463467807, -1.262533332413762421, 0.8413240848407438355 ) ) ;
#1902 = ORIENTED_EDGE ( 'NONE', *, *, #3824, .F. ) ;
#1903 = CARTESIAN_POINT ( 'NONE',  ( -16.52083333333332149, -0.5876202367904166390, 1.017788105676656674 ) ) ;
#1904 = CARTESIAN_POINT ( 'NONE',  ( -14.56249999999998934, 6.333141904780402276E-15, -1.500000000000001554 ) ) ;
#1905 = CARTESIAN_POINT ( 'NONE',  ( -14.31249999999998757, 2.033577675846917841E-16, 1.500000000000001110 ) ) ;
#1906 = CARTESIAN_POINT ( 'NONE',  ( 15.83333333333333393, 0.5876202367904130863, 1.017788105676651789 ) ) ;
#1907 = CARTESIAN_POINT ( 'NONE',  ( -17.06249999999998579, -6.391244124090313355E-16, -1.500000000000001332 ) ) ;
#1908 = CARTESIAN_POINT ( 'NONE',  ( -13.41666666666665542, -0.5876202367904174162, -1.017788105676656230 ) ) ;
#1909 = CARTESIAN_POINT ( 'NONE',  ( -11.31948126914685737, 0.7632876171811795452, -0.8936342563442601916 ) ) ;
#1910 = CARTESIAN_POINT ( 'NONE',  ( 12.37500000000000178, 1.060575238724906915E-16, -1.732050807568877193 ) ) ;
#1911 = EDGE_CURVE ( 'NONE', #1877, #3454, #4708, .T. ) ;
#1912 = CARTESIAN_POINT ( 'NONE',  ( -17.29157322707985145, -1.104782720880027824, -0.7833434984858764771 ) ) ;
#1913 = LINE ( 'NONE', #4316, #2130 ) ;
#1914 = CARTESIAN_POINT ( 'NONE',  ( -13.25000000000000178, -1.500000000000001332, 1.836970198721031413E-16 ) ) ;
#1915 = CARTESIAN_POINT ( 'NONE',  ( 16.56250000000000000, -3.181725716174720005E-16, 1.732050807568877193 ) ) ;
#1916 =( BOUNDED_CURVE ( )  B_SPLINE_CURVE ( 2, ( #4847, #2387, #3222, #2788, #4924, #319, #744, #1148, #1983 ),
 .UNSPECIFIED., .F., .T. ) 
 B_SPLINE_CURVE_WITH_KNOTS ( ( 3, 2, 2, 2, 3 ),
 ( 0.6024923896829755821, 0.6089708024679839626, 0.6219276280524091982, 0.6348844536368344338, 0.6413631198596850824 ),
 .UNSPECIFIED. ) 
 CURVE ( )  GEOMETRIC_REPRESENTATION_ITEM ( )  RATIONAL_B_SPLINE_CURVE ( ( 0.9330127018922194093, 0.9330127019667113775, 1.000000000000000000, 0.8660254037844387076, 1.000000000000000000, 0.8660254037844387076, 1.000000000000000000, 0.9330100813994774978, 0.9330127019947309641 ) ) 
 REPRESENTATION_ITEM ( '' )  );
#1917 = CARTESIAN_POINT ( 'NONE',  ( -12.47916666666665364, -1.175240473580833722, 0.6785254037844379305 ) ) ;
#1918 = AXIS2_PLACEMENT_3D ( 'NONE', #2073, #4207, #3316 ) ;
#1919 = CARTESIAN_POINT ( 'NONE',  ( -17.35416666666665719, 0.7500000000000008882, 1.299038105676659116 ) ) ;
#1920 = CARTESIAN_POINT ( 'NONE',  ( -17.48107095312814607, -0.4381066825121867625, 2.249999999999999556 ) ) ;
#1921 = AXIS2_PLACEMENT_3D ( 'NONE', #44, #342, #3677 ) ;
#1922 = ORIENTED_EDGE ( 'NONE', *, *, #4854, .T. ) ;
#1923 = CARTESIAN_POINT ( 'NONE',  ( 12.49999999999999822, 2.598076211353316456, -1.546590868144127146E-17 ) ) ;
#1924 = CARTESIAN_POINT ( 'NONE',  ( 14.41666666666666785, 0.7500000000000002220, -1.299038105676658006 ) ) ;
#1925 = CARTESIAN_POINT ( 'NONE',  ( -14.02083333333332327, 0.7499999999999995559, -1.299038105676659560 ) ) ;
#1926 = DIRECTION ( 'NONE',  ( 0.000000000000000000, 0.000000000000000000, 1.000000000000000000 ) ) ;
#1927 = ORIENTED_EDGE ( 'NONE', *, *, #2849, .F. ) ;
#1928 = CARTESIAN_POINT ( 'NONE',  ( -14.60416666666665364, 0.5876202367904169721, 1.017788105676656452 ) ) ;
#1929 = ADVANCED_FACE ( 'NONE', ( #40 ), #2979, .F. ) ;
#1930 = CARTESIAN_POINT ( 'NONE',  ( -17.50000000000000000, -1.299038105676656452, -2.249999999999999556 ) ) ;
#1931 = FACE_OUTER_BOUND ( 'NONE', #3353, .T. ) ;
#1932 = CARTESIAN_POINT ( 'NONE',  ( 15.58333333333333393, -0.5876202367904137525, -1.017788105676651345 ) ) ;
#1933 = CARTESIAN_POINT ( 'NONE',  ( -17.12444047358083310, -2.097490117087823006E-14, 1.175240473580834832 ) ) ;
#1934 = CARTESIAN_POINT ( 'NONE',  ( -12.70833333333332327, 1.175240473580833944, 0.6785254037844374864 ) ) ;
#1935 = CARTESIAN_POINT ( 'NONE',  ( -12.49999999999998934, -1.175240473580833722, 1.439254484199187407E-16 ) ) ;
#1936 = CARTESIAN_POINT ( 'NONE',  ( 12.33333333333333570, -0.7499999999999996669, -1.299038105676658228 ) ) ;
#1937 = EDGE_CURVE ( 'NONE', #2608, #5170, #2304, .T. ) ;
#1938 = PLANE ( 'NONE',  #228 ) ;
#1939 = CARTESIAN_POINT ( 'NONE',  ( 13.73808968672767605, -1.339385638901877895, -0.9587561484001596579 ) ) ;
#1940 = CARTESIAN_POINT ( 'NONE',  ( 16.12500000000000000, -6.391244124090313355E-16, 1.500000000000000000 ) ) ;
#1941 = CARTESIAN_POINT ( 'NONE',  ( 14.02083333333333570, 0.7499999999999988898, 1.299038105676658672 ) ) ;
#1942 = CARTESIAN_POINT ( 'NONE',  ( -12.06249999999998934, 8.309539638847769097E-17, 1.357050807568875195 ) ) ;
#1943 =( BOUNDED_CURVE ( )  B_SPLINE_CURVE ( 2, ( #3036, #100, #3324, #4590, #875, #4976, #2543, #4182, #1758 ),
 .UNSPECIFIED., .F., .F. ) 
 B_SPLINE_CURVE_WITH_KNOTS ( ( 3, 2, 2, 2, 3 ),
 ( 0.8653846153846154188, 0.8717948717948718063, 0.8846153846153845812, 0.8974358974358974672, 0.9038461538461538547 ),
 .UNSPECIFIED. ) 
 CURVE ( )  GEOMETRIC_REPRESENTATION_ITEM ( )  RATIONAL_B_SPLINE_CURVE ( ( 0.9330127018922192983, 0.9330127018922198534, 1.000000000000000000, 0.8660254037844387076, 1.000000000000000000, 0.8660254037844387076, 1.000000000000000000, 0.9330127018922194093, 0.9330127018922194093 ) ) 
 REPRESENTATION_ITEM ( '' )  );
#1944 = CARTESIAN_POINT ( 'NONE',  ( 15.79166666666666785, 1.175240473580827505, 0.6785254037844348218 ) ) ;
#1945 = CARTESIAN_POINT ( 'NONE',  ( -14.14583333333332149, -1.500000000000002220, -0.8660254037844388186 ) ) ;
#1946 = CARTESIAN_POINT ( 'NONE',  ( -12.37500107753241529, 1.939559006663640087E-05, 1.499999999874604750 ) ) ;
#1947 = ORIENTED_EDGE ( 'NONE', *, *, #1227, .F. ) ;
#1948 = DIRECTION ( 'NONE',  ( 1.000000000000000000, 0.000000000000000000, -0.000000000000000000 ) ) ;
#1949 = CARTESIAN_POINT ( 'NONE',  ( -17.60416666666665364, -0.7500000000000013323, -1.299038105676658894 ) ) ;
#1950 = LINE ( 'NONE', #4842, #814 ) ;
#1951 = ORIENTED_EDGE ( 'NONE', *, *, #1817, .F. ) ;
#1952 = CARTESIAN_POINT ( 'NONE',  ( -14.64583333333332149, 1.175240473580833944, 0.6785254037844374864 ) ) ;
#1953 = DIRECTION ( 'NONE',  ( -1.000000000000000000, -0.000000000000000000, -0.000000000000000000 ) ) ;
#1954 = CARTESIAN_POINT ( 'NONE',  ( -11.10000000000000142, 0.000000000000000000, 0.000000000000000000 ) ) ;
#1955 = CARTESIAN_POINT ( 'NONE',  ( 15.37500000000000178, -2.492861891654318526E-16, 1.357050807568868533 ) ) ;
#1956 = AXIS2_PLACEMENT_3D ( 'NONE', #4428, #2859, #1979 ) ;
#1957 = CARTESIAN_POINT ( 'NONE',  ( -17.62499999999998579, 8.309539638847769097E-17, 1.357050807568875195 ) ) ;
#1958 = CARTESIAN_POINT ( 'NONE',  ( -14.62499999999998934, 8.309539638847769097E-17, 1.357050807568875195 ) ) ;
#1959 = CARTESIAN_POINT ( 'NONE',  ( -13.20833333333332149, 1.175240473580833722, 0.6785254037844374864 ) ) ;
#1960 = CARTESIAN_POINT ( 'NONE',  ( 14.72916666666666785, 1.175240473580827505, 0.6785254037844348218 ) ) ;
#1961 = AXIS2_PLACEMENT_3D ( 'NONE', #2522, #3393, #3362 ) ;
#1962 = PRODUCT_DEFINITION_FORMATION_WITH_SPECIFIED_SOURCE ( 'ANY', '', #4353, .NOT_KNOWN. ) ;
#1963 = CARTESIAN_POINT ( 'NONE',  ( 17.29166666666666785, 1.175240473580827727, 0.6785254037844348218 ) ) ;
#1964 = CARTESIAN_POINT ( 'NONE',  ( -17.06249999999998579, 8.309539638847769097E-17, 1.357050807568875195 ) ) ;
#1965 = CARTESIAN_POINT ( 'NONE',  ( 17.10416666666667140, 0.5876202367904140855, -1.017788105676651345 ) ) ;
#1966 = EDGE_CURVE ( 'NONE', #1244, #996, #3009, .T. ) ;
#1967 = CARTESIAN_POINT ( 'NONE',  ( -11.43749999999998934, -1.175240473580833722, 1.439254484199187407E-16 ) ) ;
#1968 = EDGE_LOOP ( 'NONE', ( #2714, #967, #4331, #3534 ) ) ;
#1969 = EDGE_CURVE ( 'NONE', #188, #4505, #1285, .T. ) ;
#1970 = CARTESIAN_POINT ( 'NONE',  ( 16.75000000000000000, 1.175240473580827949, 0.000000000000000000 ) ) ;
#1971 = CARTESIAN_POINT ( 'NONE',  ( 13.44768645094141313, -1.025429682521195929, -0.7454357991836211283 ) ) ;
#1972 = CARTESIAN_POINT ( 'NONE',  ( -12.70833333333333570, -1.500000000000002220, -0.8660254037844388186 ) ) ;
#1973 =( BOUNDED_CURVE ( )  B_SPLINE_CURVE ( 2, ( #4551, #1337, #4147, #4996, #1276, #4579, #867, #2132, #60 ),
 .UNSPECIFIED., .F., .F. ) 
 B_SPLINE_CURVE_WITH_KNOTS ( ( 3, 2, 2, 2, 3 ),
 ( 0.6136363636363636465, 0.6212121212121212155, 0.6363636363636363535, 0.6515151515151514916, 0.6590909090909090606 ),
 .UNSPECIFIED. ) 
 CURVE ( )  GEOMETRIC_REPRESENTATION_ITEM ( )  RATIONAL_B_SPLINE_CURVE ( ( 0.9330127018922194093, 0.9330127018922194093, 1.000000000000000000, 0.8660254037844387076, 1.000000000000000000, 0.8660254037844387076, 1.000000000000000000, 0.9330127018922194093, 0.9330127018922194093 ) ) 
 REPRESENTATION_ITEM ( '' )  );
#1974 = ORIENTED_EDGE ( 'NONE', *, *, #1533, .F. ) ;
#1975 = ORIENTED_EDGE ( 'NONE', *, *, #1871, .F. ) ;
#1976 = DIRECTION ( 'NONE',  ( -1.000000000000000000, -0.000000000000000000, -0.000000000000000000 ) ) ;
#1977 = ADVANCED_FACE ( 'NONE', ( #4591 ), #4536, .T. ) ;
#1978 = CARTESIAN_POINT ( 'NONE',  ( -17.31249999999998934, 1.060575238724907778E-16, 1.732050807568878747 ) ) ;
#1979 = DIRECTION ( 'NONE',  ( 0.000000000000000000, 0.000000000000000000, -1.000000000000000000 ) ) ;
#1980 = ORIENTED_EDGE ( 'NONE', *, *, #5384, .T. ) ;
#1981 = CARTESIAN_POINT ( 'NONE',  ( -15.89583333333331971, -1.175240473580834166, -0.6785254037844371533 ) ) ;
#1982 = CARTESIAN_POINT ( 'NONE',  ( -11.25000000000000355, -1.500000000000001332, 1.836970198721031413E-16 ) ) ;
#1983 = CARTESIAN_POINT ( 'NONE',  ( -13.37499825300536394, -3.144591293529467083E-05, 1.499999999670385664 ) ) ;
#1984 = CARTESIAN_POINT ( 'NONE',  ( 15.25000000000000178, 1.175240473580827949, 0.000000000000000000 ) ) ;
#1985 = CARTESIAN_POINT ( 'NONE',  ( -12.83333333333332149, 0.5876202367904159729, -1.017788105676656896 ) ) ;
#1986 = CARTESIAN_POINT ( 'NONE',  ( -12.54166666666665542, -1.175240473580833500, 0.6785254037844380415 ) ) ;
#1987 = CARTESIAN_POINT ( 'NONE',  ( 16.27083333333333570, 0.5876202367904130863, 1.017788105676651789 ) ) ;
#1988 = CARTESIAN_POINT ( 'NONE',  ( 14.83333333333333570, 0.5876202367904130863, 1.017788105676651789 ) ) ;
#1989 = CARTESIAN_POINT ( 'NONE',  ( -15.35416666666665542, -0.5876202367904174162, -1.017788105676656230 ) ) ;
#1990 = CARTESIAN_POINT ( 'NONE',  ( 15.56250000000000178, 8.309539638847728421E-17, -1.357050807568868533 ) ) ;
#1991 = CARTESIAN_POINT ( 'NONE',  ( -15.12500000000000000, -3.181725716174723456E-16, -1.732050807568878747 ) ) ;
#1992 = ORIENTED_EDGE ( 'NONE', *, *, #2626, .F. ) ;
#1993 = CARTESIAN_POINT ( 'NONE',  ( 16.87500000000000000, -2.492861891654318526E-16, 1.357050807568868533 ) ) ;
#1994 = EDGE_CURVE ( 'NONE', #996, #4928, #4002, .T. ) ;
#1995 = CARTESIAN_POINT ( 'NONE',  ( -17.39583333333332149, -1.175240473580834166, -0.6785254037844371533 ) ) ;
#1996 = CARTESIAN_POINT ( 'NONE',  ( 16.62500000000000000, -6.391244124090313355E-16, 1.499999999999999778 ) ) ;
#1997 = B_SPLINE_CURVE_WITH_KNOTS ( 'NONE', 3,
 ( #3573, #4811, #2755, #2327, #3970, #3922, #2276, #1971, #1532, #5181, #4398, #4017, #258, #5231 ),
 .UNSPECIFIED., .F., .F.,
 ( 4, 2, 2, 2, 2, 2, 4 ),
 ( 0.000000000000000000, 0.0003561993316225499731, 0.0007123986632450999461, 0.001424797326490199675, 0.002137195989735299079, 0.002493395321357849432, 0.002849594652980399351 ),
 .UNSPECIFIED. ) ;
#1998 = VERTEX_POINT ( 'NONE', #3898 ) ;
#1999 = CARTESIAN_POINT ( 'NONE',  ( -14.41666666666666785, 0.7500000000000008882, 1.299038105676659116 ) ) ;
#2000 = CARTESIAN_POINT ( 'NONE',  ( -14.62471831453454918, 1.574186904560714840E-05, -1.499999999838721454 ) ) ;
#2001 = AXIS2_PLACEMENT_3D ( 'NONE', #2486, #4105, #389 ) ;
#2002 = CARTESIAN_POINT ( 'NONE',  ( -17.13511609224377352, 0.9982068604050226002, 0.6517796438958726180 ) ) ;
#2003 =( NAMED_UNIT ( * ) PLANE_ANGLE_UNIT ( ) SI_UNIT ( $, .RADIAN. ) );
#2004 = ORIENTED_EDGE ( 'NONE', *, *, #4400, .F. ) ;
#2005 = CARTESIAN_POINT ( 'NONE',  ( -14.52083333333332149, -0.5876202367904166390, 1.017788105676656674 ) ) ;
#2006 = CARTESIAN_POINT ( 'NONE',  ( 13.37753999999877941, -0.8639678237730847865, 0.7967118489305471396 ) ) ;
#2007 = CARTESIAN_POINT ( 'NONE',  ( 16.97916666666667140, 1.499999999999999778, 0.8660254037844394848 ) ) ;
#2008 = CARTESIAN_POINT ( 'NONE',  ( 13.00000000000000178, -1.175240473580827949, -1.439254484199180504E-16 ) ) ;
#2009 = EDGE_CURVE ( 'NONE', #1332, #4304, #2519, .T. ) ;
#2010 = CARTESIAN_POINT ( 'NONE',  ( -12.12499999999998579, 8.309539638847769097E-17, 1.357050807568875195 ) ) ;
#2011 = CARTESIAN_POINT ( 'NONE',  ( -12.99999999999998757, -1.175240473580833722, 1.439254484199187407E-16 ) ) ;
#2012 = CARTESIAN_POINT ( 'NONE',  ( 17.06250000000000000, 8.309539638847728421E-17, -1.357050807568868533 ) ) ;
#2013 = CARTESIAN_POINT ( 'NONE',  ( 14.16666666666666785, 0.5876202367904140855, -1.017788105676651345 ) ) ;
#2014 = CARTESIAN_POINT ( 'NONE',  ( -14.64583333333332149, 1.175240473580833722, 0.6785254037844374864 ) ) ;
#2015 = CARTESIAN_POINT ( 'NONE',  ( 16.52083333333333570, -0.5876202367904137525, -1.017788105676651345 ) ) ;
#2016 = CARTESIAN_POINT ( 'NONE',  ( -15.95833333333333570, 1.500000000000001554, 0.8660254037844392627 ) ) ;
#2017 = ORIENTED_EDGE ( 'NONE', *, *, #1695, .T. ) ;
#2018 = CARTESIAN_POINT ( 'NONE',  ( 15.95833333333333570, -1.175240473580827949, 0.6785254037844338226 ) ) ;
#2019 = CARTESIAN_POINT ( 'NONE',  ( -15.89583333333331971, -1.175240473580834166, -0.6785254037844371533 ) ) ;
#2020 = CARTESIAN_POINT ( 'NONE',  ( -13.06249999999998757, -6.391244124090313355E-16, -1.500000000000001332 ) ) ;
#2021 = ORIENTED_EDGE ( 'NONE', *, *, #2422, .T. ) ;
#2022 = VERTEX_POINT ( 'NONE', #1308 ) ;
#2023 = CARTESIAN_POINT ( 'NONE',  ( -17.48107095312813541, -0.4381066825121841535, -2.249999999999999556 ) ) ;
#2024 = CARTESIAN_POINT ( 'NONE',  ( -15.77083333333332149, -0.7500000000000003331, 1.299038105676659338 ) ) ;
#2025 =( NAMED_UNIT ( * ) SI_UNIT ( $, .STERADIAN. ) SOLID_ANGLE_UNIT ( ) );
#2026 = EDGE_CURVE ( 'NONE', #671, #476, #5093, .T. ) ;
#2027 = VERTEX_POINT ( 'NONE', #2164 ) ;
#2028 = CARTESIAN_POINT ( 'NONE',  ( -13.60416666666665542, 0.5876202367904169721, 1.017788105676656452 ) ) ;
#2029 = CARTESIAN_POINT ( 'NONE',  ( -12.02083333333332149, 0.7499999999999995559, -1.299038105676659560 ) ) ;
#2030 = CARTESIAN_POINT ( 'NONE',  ( 14.60416666666666785, -0.7500000000000006661, 1.299038105676657562 ) ) ;
#2031 = CARTESIAN_POINT ( 'NONE',  ( 13.85416666666666963, 0.7500000000000002220, -1.299038105676658006 ) ) ;
#2032 = FACE_OUTER_BOUND ( 'NONE', #2541, .T. ) ;
#2033 = CARTESIAN_POINT ( 'NONE',  ( -16.79017090063072715, -0.4019237886466842102, 1.500000000000001110 ) ) ;
#2034 = CARTESIAN_POINT ( 'NONE',  ( 16.68750000000000000, 1.175240473580827949, 0.000000000000000000 ) ) ;
#2035 = EDGE_LOOP ( 'NONE', ( #374, #2072, #2984, #1199 ) ) ;
#2036 = CARTESIAN_POINT ( 'NONE',  ( 15.91666666666666963, -0.5876202367904145296, 1.017788105676650900 ) ) ;
#2037 = CARTESIAN_POINT ( 'NONE',  ( -14.52083333333332149, -0.5876202367904166390, 1.017788105676656674 ) ) ;
#2038 = CARTESIAN_POINT ( 'NONE',  ( 16.85416666666667140, -0.5876202367904145296, 1.017788105676650900 ) ) ;
#2039 = EDGE_CURVE ( 'NONE', #3391, #5067, #4877, .T. ) ;
#2040 = CARTESIAN_POINT ( 'NONE',  ( -16.20833333333333570, -1.500000000000001998, -0.8660254037844388186 ) ) ;
#2041 = CARTESIAN_POINT ( 'NONE',  ( -17.44978582750054130, 1.208995619144335176, 0.8878792655321813276 ) ) ;
#2042 = EDGE_LOOP ( 'NONE', ( #3121, #217, #5006 ) ) ;
#2043 = AXIS2_PLACEMENT_3D ( 'NONE', #1115, #1138, #3597 ) ;
#2044 = CARTESIAN_POINT ( 'NONE',  ( 15.62500000000000355, 8.309539638847728421E-17, -1.357050807568868533 ) ) ;
#2045 = CARTESIAN_POINT ( 'NONE',  ( -17.68749999999998934, 1.175240473580833722, 0.000000000000000000 ) ) ;
#2046 = CARTESIAN_POINT ( 'NONE',  ( -12.83333333333333570, -0.7500000000000003331, 1.299038105676659338 ) ) ;
#2047 = ORIENTED_EDGE ( 'NONE', *, *, #2521, .F. ) ;
#2048 = CARTESIAN_POINT ( 'NONE',  ( -11.68749999999998934, -1.500000000000001332, 1.836970198721031413E-16 ) ) ;
#2049 = CARTESIAN_POINT ( 'NONE',  ( 15.33482909936926220, 0.4019237886466842657, -1.499999999999999778 ) ) ;
#2050 = CARTESIAN_POINT ( 'NONE',  ( -16.97916666666665719, 1.500000000000000888, -0.8660254037844402619 ) ) ;
#2051 = ORIENTED_EDGE ( 'NONE', *, *, #533, .F. ) ;
#2052 = CARTESIAN_POINT ( 'NONE',  ( -16.83482909936924798, 0.4019237886466845988, 1.500000000000001110 ) ) ;
#2053 = CARTESIAN_POINT ( 'NONE',  ( 12.36022993090466038, 2.492088861051976245, 0.1835754756815216882 ) ) ;
#2054 = CARTESIAN_POINT ( 'NONE',  ( 14.35416666666666785, 0.7500000000000002220, -1.299038105676658006 ) ) ;
#2055 = DIRECTION ( 'NONE',  ( 0.000000000000000000, 0.8660254037844388186, -0.4999999999999996114 ) ) ;
#2056 = EDGE_CURVE ( 'NONE', #791, #2686, #5255, .T. ) ;
#2057 = CARTESIAN_POINT ( 'NONE',  ( -11.37499999999999112, -2.492861891654330359E-16, -1.357050807568875195 ) ) ;
#2058 = CARTESIAN_POINT ( 'NONE',  ( -17.28267446745023506, 0.9967717881217026399, 0.8910309209448247225 ) ) ;
#2059 = CARTESIAN_POINT ( 'NONE',  ( 14.97916666666666963, -1.175240473580827505, -0.6785254037844345998 ) ) ;
#2060 = CONICAL_SURFACE ( 'NONE', #5100, 2.250000000000000000, 1.047197551196600074 ) ;
#2061 = VERTEX_POINT ( 'NONE', #3376 ) ;
#2062 = CARTESIAN_POINT ( 'NONE',  ( 15.12500000000000355, 8.309539638847728421E-17, -1.357050807568868311 ) ) ;
#2063 = CARTESIAN_POINT ( 'NONE',  ( -16.72916666666665719, 1.175240473580833056, -0.6785254037844382635 ) ) ;
#2064 = CARTESIAN_POINT ( 'NONE',  ( 15.64583333333333393, 1.175240473580827727, -0.6785254037844341557 ) ) ;
#2065 = CARTESIAN_POINT ( 'NONE',  ( -14.62500000000000533, -3.181725716174723456E-16, -1.732050807568878747 ) ) ;
#2066 = CYLINDRICAL_SURFACE ( 'NONE', #1521, 1.172700473580827740 ) ;
#2067 = CARTESIAN_POINT ( 'NONE',  ( -14.14583333333331971, -1.500000000000001998, -0.8660254037844388186 ) ) ;
#2068 = ORIENTED_EDGE ( 'NONE', *, *, #5042, .T. ) ;
#2069 = CARTESIAN_POINT ( 'NONE',  ( 13.66666666666666963, 0.5876202367904140855, -1.017788105676651345 ) ) ;
#2070 = CARTESIAN_POINT ( 'NONE',  ( -15.97916666666665542, -1.175240473580833722, 0.6785254037844379305 ) ) ;
#2071 = CARTESIAN_POINT ( 'NONE',  ( -17.08333333333333570, 0.7499999999999995559, -1.299038105676659560 ) ) ;
#2072 = ORIENTED_EDGE ( 'NONE', *, *, #1473, .T. ) ;
#2073 = CARTESIAN_POINT ( 'NONE',  ( -11.10000000000000142, 0.000000000000000000, 0.000000000000000000 ) ) ;
#2074 = DIRECTION ( 'NONE',  ( 1.000000000000000000, 0.000000000000000000, 0.000000000000000000 ) ) ;
#2075 = CARTESIAN_POINT ( 'NONE',  ( 14.81250000000000000, -5.723068602026326086E-15, -1.500000000000000000 ) ) ;
#2076 = CARTESIAN_POINT ( 'NONE',  ( -14.85416666666665364, 0.7500000000000008882, 1.299038105676659116 ) ) ;
#2077 = ORIENTED_EDGE ( 'NONE', *, *, #4867, .F. ) ;
#2078 = CARTESIAN_POINT ( 'NONE',  ( -11.68749999999998757, 1.175240473580833722, 0.000000000000000000 ) ) ;
#2079 = FACE_OUTER_BOUND ( 'NONE', #334, .T. ) ;
#2080 = CARTESIAN_POINT ( 'NONE',  ( 13.81250000000000000, 1.060575238724906915E-16, -1.732050807568877193 ) ) ;
#2081 = CARTESIAN_POINT ( 'NONE',  ( -12.35416666666665542, 0.7500000000000008882, 1.299038105676659116 ) ) ;
#2082 = DIRECTION ( 'NONE',  ( 0.000000000000000000, 0.000000000000000000, -1.000000000000000000 ) ) ;
#2083 = CARTESIAN_POINT ( 'NONE',  ( -13.81249999999998934, -6.768908549604741285E-15, 1.500000000000001332 ) ) ;
#2084 = CARTESIAN_POINT ( 'NONE',  ( -11.37500000000000000, 2.306043122257582380E-15, 1.500000000000000888 ) ) ;
#2085 = CONICAL_SURFACE ( 'NONE', #2270, 2.250000000000000000, 1.047197551196600074 ) ;
#2086 = EDGE_LOOP ( 'NONE', ( #62, #4815, #2695, #1215, #1277, #3174, #1756, #994 ) ) ;
#2087 = CARTESIAN_POINT ( 'NONE',  ( -12.62499999999998757, 8.309539638847769097E-17, 1.357050807568875195 ) ) ;
#2088 = CARTESIAN_POINT ( 'NONE',  ( 15.87500000000000000, -2.492861891654318526E-16, 1.357050807568868311 ) ) ;
#2089 = CARTESIAN_POINT ( 'NONE',  ( -14.31249999999998757, -2.492861891654330359E-16, -1.357050807568875195 ) ) ;
#2090 = CARTESIAN_POINT ( 'NONE',  ( 14.18750000000000178, 1.175240473580827949, 0.000000000000000000 ) ) ;
#2091 = CARTESIAN_POINT ( 'NONE',  ( -15.62500000000000000, -3.181725716174723456E-16, -1.732050807568878747 ) ) ;
#2092 = CARTESIAN_POINT ( 'NONE',  ( -12.52083333333332149, 0.7499999999999995559, -1.299038105676659560 ) ) ;
#2093 = VERTEX_POINT ( 'NONE', #956 ) ;
#2094 = EDGE_CURVE ( 'NONE', #4357, #4694, #898, .T. ) ;
#2095 = CARTESIAN_POINT ( 'NONE',  ( -14.79166666666665542, 1.175240473580833500, -0.6785254037844382635 ) ) ;
#2096 = CARTESIAN_POINT ( 'NONE',  ( 14.08333333333333570, -0.5876202367904137525, -1.017788105676651345 ) ) ;
#2097 = CARTESIAN_POINT ( 'NONE',  ( -15.72916666666665542, 1.175240473580833500, -0.6785254037844382635 ) ) ;
#2098 = CARTESIAN_POINT ( 'NONE',  ( 12.49999999999999822, -1.948557158514986787, 1.124999999999999778 ) ) ;
#2099 = ORIENTED_EDGE ( 'NONE', *, *, #5086, .F. ) ;
#2100 = DIRECTION ( 'NONE',  ( 1.000000000000000000, 0.000000000000000000, 0.000000000000000000 ) ) ;
#2101 = CARTESIAN_POINT ( 'NONE',  ( -16.37499796396162921, -3.664869896212775855E-05, 1.499999999552291685 ) ) ;
#2102 = B_SPLINE_CURVE_WITH_KNOTS ( 'NONE', 3,
 ( #2269, #3887, #608, #3966, #3491, #4368, #4342, #3110 ),
 .UNSPECIFIED., .F., .F.,
 ( 4, 2, 2, 4 ),
 ( 4.371251822656021336E-05, 0.0007139826342132061989, 0.001049117692206528877, 0.001384252750199851554 ),
 .UNSPECIFIED. ) ;
#2103 = CARTESIAN_POINT ( 'NONE',  ( 14.75000000000000355, 1.175240473580827949, 0.000000000000000000 ) ) ;
#2104 = CARTESIAN_POINT ( 'NONE',  ( -16.02083333333332149, 0.7499999999999995559, -1.299038105676659560 ) ) ;
#2105 = APPLICATION_PROTOCOL_DEFINITION ( 'international standard', 'config_control_design', 1994, #5322 ) ;
#2106 = EDGE_LOOP ( 'NONE', ( #1851, #1951, #3399 ) ) ;
#2107 = CARTESIAN_POINT ( 'NONE',  ( -12.81249999999998579, -2.492861891654330359E-16, -1.357050807568875195 ) ) ;
#2108 =( BOUNDED_CURVE ( )  B_SPLINE_CURVE ( 2, ( #174, #1426, #2618, #2672, #494, #2158, #3400, #5057, #1333 ),
 .UNSPECIFIED., .F., .F. ) 
 B_SPLINE_CURVE_WITH_KNOTS ( ( 3, 2, 2, 2, 3 ),
 ( 0.2500000000000000000, 0.2575757575757575690, 0.2727272727272727071, 0.2878787878787879007, 0.2954545454545454697 ),
 .UNSPECIFIED. ) 
 CURVE ( )  GEOMETRIC_REPRESENTATION_ITEM ( )  RATIONAL_B_SPLINE_CURVE ( ( 0.9330127018922194093, 0.9330127018922194093, 1.000000000000000000, 0.8660254037844387076, 1.000000000000000000, 0.8660254037844387076, 1.000000000000000000, 0.9330127018922194093, 0.9330127018922194093 ) ) 
 REPRESENTATION_ITEM ( '' )  );
#2109 = CARTESIAN_POINT ( 'NONE',  ( 17.02083333333333570, -0.5876202367904137525, -1.017788105676651345 ) ) ;
#2110 = CARTESIAN_POINT ( 'NONE',  ( 15.14583333333333570, -1.500000000000000444, 0.8660254037844380415 ) ) ;
#2111 = LINE ( 'NONE', #2952, #991 ) ;
#2112 = CARTESIAN_POINT ( 'NONE',  ( 13.67438342817572128, -0.5873730683012398091, 1.355153777133723869 ) ) ;
#2113 = CARTESIAN_POINT ( 'NONE',  ( -16.72916666666665719, -1.500000000000000888, 0.8660254037844398178 ) ) ;
#2114 = CARTESIAN_POINT ( 'NONE',  ( 14.43750000000000178, -1.175240473580827949, -1.439254484199180504E-16 ) ) ;
#2115 = EDGE_LOOP ( 'NONE', ( #369, #3847, #4229, #2205 ) ) ;
#2116 = CARTESIAN_POINT ( 'NONE',  ( -13.33333333333332149, 0.5876202367904159729, -1.017788105676656896 ) ) ;
#2117 = CARTESIAN_POINT ( 'NONE',  ( 13.62500000000000000, 8.309539638847728421E-17, -1.357050807568868311 ) ) ;
#2118 = CARTESIAN_POINT ( 'NONE',  ( -12.22916666666665542, 1.175240473580833056, -0.6785254037844382635 ) ) ;
#2119 = CARTESIAN_POINT ( 'NONE',  ( 14.06250000000000355, 8.309539638847728421E-17, -1.357050807568868533 ) ) ;
#2120 = CARTESIAN_POINT ( 'NONE',  ( -11.66666666666666963, -0.7500000000000013323, -1.299038105676658894 ) ) ;
#2121 = CARTESIAN_POINT ( 'NONE',  ( -13.04017090063072892, 0.4019237886466836551, -1.500000000000001776 ) ) ;
#2122 = CARTESIAN_POINT ( 'NONE',  ( -11.77083333333332149, -0.7500000000000003331, 1.299038105676659338 ) ) ;
#2123 = ORIENTED_EDGE ( 'NONE', *, *, #3844, .T. ) ;
#2124 =( BOUNDED_CURVE ( )  B_SPLINE_CURVE ( 2, ( #4819, #3979, #2310, #1099, #567, #3119, #163, #4764, #4739 ),
 .UNSPECIFIED., .F., .F. ) 
 B_SPLINE_CURVE_WITH_KNOTS ( ( 3, 2, 2, 2, 3 ),
 ( 0.6802325255424862549, 0.6867117559745352651, 0.6996685815589603896, 0.7126254071433856252, 0.7191043286449293470 ),
 .UNSPECIFIED. ) 
 CURVE ( )  GEOMETRIC_REPRESENTATION_ITEM ( )  RATIONAL_B_SPLINE_CURVE ( ( 0.9330127029592559795, 0.9330042474319653056, 1.000000000000000000, 0.8660254037844387076, 1.000000000000000000, 0.8660254037844387076, 1.000000000000000000, 0.9330074417977014534, 0.9330127023052617874 ) ) 
 REPRESENTATION_ITEM ( '' )  );
#2125 = CARTESIAN_POINT ( 'NONE',  ( 15.22916666666666785, 1.175240473580827727, 0.6785254037844348218 ) ) ;
#2126 = CARTESIAN_POINT ( 'NONE',  ( -16.87499999999998579, -2.492861891654330359E-16, -1.357050807568875195 ) ) ;
#2127 = CARTESIAN_POINT ( 'NONE',  ( 13.29166666666666963, 1.175240473580827505, 0.6785254037844348218 ) ) ;
#2128 = CARTESIAN_POINT ( 'NONE',  ( -14.43749999999998934, -1.175240473580833722, 1.439254484199187407E-16 ) ) ;
#2129 = AXIS2_PLACEMENT_3D ( 'NONE', #1370, #121, #1781 ) ;
#2130 = VECTOR ( 'NONE', #657, 1000.000000000000000 ) ;
#2131 = EDGE_CURVE ( 'NONE', #1797, #4087, #4238, .T. ) ;
#2132 = CARTESIAN_POINT ( 'NONE',  ( 13.89732909936926042, 0.4019237886466842657, -1.499999999999999778 ) ) ;
#2133 = VERTEX_POINT ( 'NONE', #3317 ) ;
#2134 = CARTESIAN_POINT ( 'NONE',  ( -17.50000000000000000, 1.727238319854175641, -1.508335473232666368 ) ) ;
#2135 = AXIS2_PLACEMENT_3D ( 'NONE', #2628, #4325, #2600 ) ;
#2136 = FACE_OUTER_BOUND ( 'NONE', #2361, .T. ) ;
#2137 = CARTESIAN_POINT ( 'NONE',  ( 12.29903810567665801, -1.299038105676656452, -2.249999999999999556 ) ) ;
#2138 = CARTESIAN_POINT ( 'NONE',  ( -14.97916666666665542, 1.500000000000000888, -0.8660254037844402619 ) ) ;
#2139 = EDGE_CURVE ( 'NONE', #2686, #3213, #407, .T. ) ;
#2140 = VERTEX_POINT ( 'NONE', #94 ) ;
#2141 = CARTESIAN_POINT ( 'NONE',  ( -11.77083333333332149, 0.5876202367904159729, -1.017788105676656896 ) ) ;
#2142 = CARTESIAN_POINT ( 'NONE',  ( 16.97916666666667140, -1.175240473580827727, -0.6785254037844345998 ) ) ;
#2143 = CARTESIAN_POINT ( 'NONE',  ( -11.10000000000000142, 0.000000000000000000, 0.000000000000000000 ) ) ;
#2144 = DIRECTION ( 'NONE',  ( -1.000000000000000000, -0.000000000000000000, -0.000000000000000000 ) ) ;
#2145 = FACE_OUTER_BOUND ( 'NONE', #5233, .T. ) ;
#2146 = CARTESIAN_POINT ( 'NONE',  ( -12.60416666666665542, -0.7500000000000013323, -1.299038105676658894 ) ) ;
#2147 = CARTESIAN_POINT ( 'NONE',  ( 14.27083333333333570, 0.5876202367904130863, 1.017788105676651789 ) ) ;
#2148 = ORIENTED_EDGE ( 'NONE', *, *, #2993, .T. ) ;
#2149 =( BOUNDED_CURVE ( )  B_SPLINE_CURVE ( 2, ( #5126, #3471, #983, #124, #1724, #1785, #3377, #2625, #1373 ),
 .UNSPECIFIED., .F., .F. ) 
 B_SPLINE_CURVE_WITH_KNOTS ( ( 3, 2, 2, 2, 3 ),
 ( 0.4038461538461538547, 0.4102564102564102422, 0.4230769230769230727, 0.4358974358974359031, 0.4423076923076923461 ),
 .UNSPECIFIED. ) 
 CURVE ( )  GEOMETRIC_REPRESENTATION_ITEM ( )  RATIONAL_B_SPLINE_CURVE ( ( 0.9330127018922194093, 0.9330127018922196314, 1.000000000000000000, 0.8660254037844387076, 1.000000000000000000, 0.8660254037844387076, 1.000000000000000000, 0.9330127018922190762, 0.9330127018922194093 ) ) 
 REPRESENTATION_ITEM ( '' )  );
#2150 = CARTESIAN_POINT ( 'NONE',  ( -13.70833333333332327, 1.175240473580833944, 0.6785254037844374864 ) ) ;
#2151 = CARTESIAN_POINT ( 'NONE',  ( 13.79166666666667140, 1.175240473580827727, 0.6785254037844348218 ) ) ;
#2152 = CARTESIAN_POINT ( 'NONE',  ( -13.18749999999998757, 1.175240473580833722, 0.000000000000000000 ) ) ;
#2153 = CARTESIAN_POINT ( 'NONE',  ( 13.39583333333333570, -1.175240473580827949, 0.6785254037844338226 ) ) ;
#2154 = CARTESIAN_POINT ( 'NONE',  ( -12.04166666666666963, 1.500000000000000888, -0.8660254037844402619 ) ) ;
#2155 = CARTESIAN_POINT ( 'NONE',  ( -17.50000000000000355, 2.058803302138243474, -0.9340480779059865402 ) ) ;
#2156 = CARTESIAN_POINT ( 'NONE',  ( -12.77083333333332149, -0.7500000000000003331, 1.299038105676659338 ) ) ;
#2157 = EDGE_LOOP ( 'NONE', ( #1188, #1603, #3722, #1805, #4942, #2634 ) ) ;
#2158 = CARTESIAN_POINT ( 'NONE',  ( 15.95833333333333393, 1.500000000000000000, -0.8660254037844384856 ) ) ;
#2159 = CARTESIAN_POINT ( 'NONE',  ( -16.70833333333332149, 1.175240473580833944, 0.6785254037844374864 ) ) ;
#2160 = CARTESIAN_POINT ( 'NONE',  ( 12.75000000000000178, 1.175240473580827949, 0.000000000000000000 ) ) ;
#2161 = CARTESIAN_POINT ( 'NONE',  ( -14.22916666666665364, 1.175240473580833500, -0.6785254037844382635 ) ) ;
#2162 = CARTESIAN_POINT ( 'NONE',  ( -11.64583333333331971, -1.500000000000002220, -0.8660254037844388186 ) ) ;
#2163 = ADVANCED_FACE ( 'NONE', ( #2136 ), #1664, .T. ) ;
#2164 = CARTESIAN_POINT ( 'NONE',  ( 17.12499999999999645, 0.000000000000000000, 1.500000000000000222 ) ) ;
#2165 = CARTESIAN_POINT ( 'NONE',  ( 12.49999999999999822, -1.948557158514986565, -1.125000000000000444 ) ) ;
#2166 = COORDINATED_UNIVERSAL_TIME_OFFSET ( 6, 0, .BEHIND. ) ;
#2167 = EDGE_CURVE ( 'NONE', #5334, #512, #653, .T. ) ;
#2168 = ORIENTED_EDGE ( 'NONE', *, *, #2026, .F. ) ;
#2169 = CARTESIAN_POINT ( 'NONE',  ( -12.39583333333332149, -1.175240473580834166, -0.6785254037844371533 ) ) ;
#2170 = CARTESIAN_POINT ( 'NONE',  ( 16.39583333333333570, -1.175240473580828393, 0.6785254037844338226 ) ) ;
#2171 = DIRECTION ( 'NONE',  ( -1.000000000000000000, -0.000000000000000000, -0.000000000000000000 ) ) ;
#2172 = CARTESIAN_POINT ( 'NONE',  ( -12.41666666666666963, 0.7500000000000008882, 1.299038105676659116 ) ) ;
#2173 = CARTESIAN_POINT ( 'NONE',  ( 14.54017090063074136, 0.4019237886466832665, 1.500000000000000222 ) ) ;
#2174 = CARTESIAN_POINT ( 'NONE',  ( 12.47916666666666785, -1.175240473580827505, -0.6785254037844345998 ) ) ;
#2175 = ORIENTED_EDGE ( 'NONE', *, *, #2214, .T. ) ;
#2176 = ORIENTED_EDGE ( 'NONE', *, *, #3132, .F. ) ;
#2177 = CARTESIAN_POINT ( 'NONE',  ( -14.66666666666665364, 0.5876202367904169721, 1.017788105676656452 ) ) ;
#2178 = FACE_OUTER_BOUND ( 'NONE', #2549, .T. ) ;
#2179 = CARTESIAN_POINT ( 'NONE',  ( -12.06249999999998934, 8.309539638847769097E-17, 1.357050807568875195 ) ) ;
#2180 = CARTESIAN_POINT ( 'NONE',  ( 12.81250000000000000, -2.492861891654318526E-16, 1.357050807568868533 ) ) ;
#2181 = CARTESIAN_POINT ( 'NONE',  ( -13.58333333333333570, 0.7499999999999995559, -1.299038105676659560 ) ) ;
#2182 = CARTESIAN_POINT ( 'NONE',  ( -15.79166666666665542, 1.175240473580833500, -0.6785254037844382635 ) ) ;
#2183 = AXIS2_PLACEMENT_3D ( 'NONE', #984, #4376, #3895 ) ;
#2184 = CARTESIAN_POINT ( 'NONE',  ( -13.06249999999998934, -3.181725716174723456E-16, -1.732050807568878747 ) ) ;
#2185 = EDGE_LOOP ( 'NONE', ( #3346, #2312, #4656, #1675 ) ) ;
#2186 = CARTESIAN_POINT ( 'NONE',  ( 13.81250000000000000, -2.492861891654318526E-16, 1.357050807568868311 ) ) ;
#2187 = CARTESIAN_POINT ( 'NONE',  ( 15.06250000000000355, -6.391244124090313355E-16, 1.499999999999999778 ) ) ;
#2188 = CARTESIAN_POINT ( 'NONE',  ( -15.33333333333331971, 0.5876202367904159729, -1.017788105676656896 ) ) ;
#2189 = CARTESIAN_POINT ( 'NONE',  ( 14.95833333333333570, -1.175240473580827949, 0.6785254037844338226 ) ) ;
#2190 = CARTESIAN_POINT ( 'NONE',  ( -14.97916666666665542, -1.175240473580833722, 0.6785254037844379305 ) ) ;
#2191 = DIRECTION ( 'NONE',  ( -1.000000000000000000, -0.000000000000000000, -0.000000000000000000 ) ) ;
#2192 = DIRECTION ( 'NONE',  ( 1.000000000000000000, 0.000000000000000000, 0.000000000000000000 ) ) ;
#2193 = CARTESIAN_POINT ( 'NONE',  ( -11.10000000000000142, 0.000000000000000000, 1.500000000000000666 ) ) ;
#2194 = CARTESIAN_POINT ( 'NONE',  ( -15.83333333333333393, -0.7500000000000003331, 1.299038105676659338 ) ) ;
#2195 = DIRECTION ( 'NONE',  ( -1.000000000000000000, -0.000000000000000000, -0.000000000000000000 ) ) ;
#2196 = VERTEX_POINT ( 'NONE', #65 ) ;
#2197 = CARTESIAN_POINT ( 'NONE',  ( 14.29017090063074136, -0.4019237886466838217, -1.499999999999999778 ) ) ;
#2198 = CARTESIAN_POINT ( 'NONE',  ( 15.77083333333333393, 0.5876202367904130863, 1.017788105676651789 ) ) ;
#2199 = CARTESIAN_POINT ( 'NONE',  ( -17.50000000000000000, 2.169875997175799931, 0.7416645267673335207 ) ) ;
#2200 = CARTESIAN_POINT ( 'NONE',  ( -12.39732959945309965, 0.4019327901557585014, 1.499994802976314601 ) ) ;
#2201 = FACE_OUTER_BOUND ( 'NONE', #3848, .T. ) ;
#2202 = EDGE_CURVE ( 'NONE', #4619, #4357, #1466, .T. ) ;
#2203 = CARTESIAN_POINT ( 'NONE',  ( 13.52083333333333570, -0.5876202367904137525, -1.017788105676651345 ) ) ;
#2204 = ORIENTED_EDGE ( 'NONE', *, *, #2758, .T. ) ;
#2205 = ORIENTED_EDGE ( 'NONE', *, *, #5097, .F. ) ;
#2206 = CARTESIAN_POINT ( 'NONE',  ( -13.29166666666665542, 1.175240473580833500, -0.6785254037844382635 ) ) ;
#2207 = CARTESIAN_POINT ( 'NONE',  ( -13.47916666666665719, 1.500000000000000888, -0.8660254037844402619 ) ) ;
#2208 = CARTESIAN_POINT ( 'NONE',  ( -12.43749999999998934, -1.175240473580833722, 1.439254484199187407E-16 ) ) ;
#2209 = CARTESIAN_POINT ( 'NONE',  ( 12.68750000000000000, 1.175240473580827949, 0.000000000000000000 ) ) ;
#2210 = CARTESIAN_POINT ( 'NONE',  ( -11.70833333333333570, -1.500000000000001998, -0.8660254037844388186 ) ) ;
#2211 = CARTESIAN_POINT ( 'NONE',  ( -15.91666666666665542, -0.5876202367904174162, -1.017788105676656230 ) ) ;
#2212 = CARTESIAN_POINT ( 'NONE',  ( -15.12499999999998757, 8.309539638847769097E-17, 1.357050807568875195 ) ) ;
#2213 = ORIENTED_EDGE ( 'NONE', *, *, #3169, .T. ) ;
#2214 = EDGE_CURVE ( 'NONE', #313, #328, #2428, .T. ) ;
#2215 = CARTESIAN_POINT ( 'NONE',  ( 14.43750000000000178, -1.175240473580827949, -1.439254484199180504E-16 ) ) ;
#2216 = DIRECTION ( 'NONE',  ( -1.000000000000000000, -0.000000000000000000, -0.000000000000000000 ) ) ;
#2217 = CARTESIAN_POINT ( 'NONE',  ( -15.66666666666665542, 0.5876202367904169721, 1.017788105676656452 ) ) ;
#2218 = CARTESIAN_POINT ( 'NONE',  ( 17.52083333333333570, 0.7499999999999988898, 1.299038105676658672 ) ) ;
#2219 = CARTESIAN_POINT ( 'NONE',  ( -14.93749999999998934, -1.175240473580833722, 1.439254484199187407E-16 ) ) ;
#2220 = CARTESIAN_POINT ( 'NONE',  ( -14.81249999999998934, -3.224673171700113400E-15, 1.500000000000001554 ) ) ;
#2221 = CARTESIAN_POINT ( 'NONE',  ( -15.47916666666665542, 1.500000000000000888, -0.8660254037844402619 ) ) ;
#2222 = CIRCLE ( 'NONE', #5166, 2.249999999999999556 ) ;
#2223 = CARTESIAN_POINT ( 'NONE',  ( 12.25000000000000178, 1.175240473580827949, 0.000000000000000000 ) ) ;
#2224 = CIRCLE ( 'NONE', #2470, 1.124999999999998446 ) ;
#2225 = AXIS2_PLACEMENT_3D ( 'NONE', #270, #1446, #4334 ) ;
#2226 = CARTESIAN_POINT ( 'NONE',  ( 12.49999999999999822, 0.000000000000000000, 0.000000000000000000 ) ) ;
#2227 = CARTESIAN_POINT ( 'NONE',  ( -14.29166666666666785, -1.500000000000000888, 0.8660254037844398178 ) ) ;
#2228 = CARTESIAN_POINT ( 'NONE',  ( 15.52083333333333393, -0.5876202367904137525, -1.017788105676651345 ) ) ;
#2229 = CARTESIAN_POINT ( 'NONE',  ( 12.56250000000000178, -3.181725716174720005E-16, 1.732050807568877193 ) ) ;
#2230 = CARTESIAN_POINT ( 'NONE',  ( 17.08333333333333570, 0.7499999999999988898, 1.299038105676658672 ) ) ;
#2231 = CARTESIAN_POINT ( 'NONE',  ( 14.56250000000000000, -6.391244124090313355E-16, 1.499999999999999778 ) ) ;
#2232 = DIRECTION ( 'NONE',  ( 0.000000000000000000, 0.000000000000000000, 1.000000000000000000 ) ) ;
#2233 = ORIENTED_EDGE ( 'NONE', *, *, #3669, .F. ) ;
#2234 = VERTEX_POINT ( 'NONE', #5200 ) ;
#2235 = CARTESIAN_POINT ( 'NONE',  ( -17.64583333333332149, 1.175240473580833944, 0.6785254037844374864 ) ) ;
#2236 = EDGE_CURVE ( 'NONE', #4865, #1248, #2807, .T. ) ;
#2237 = CARTESIAN_POINT ( 'NONE',  ( -11.10000000000000142, 0.6339024346068700133, -1.353966493909420699 ) ) ;
#2238 = CARTESIAN_POINT ( 'NONE',  ( -14.93749999999998934, 1.500000000000001332, 0.000000000000000000 ) ) ;
#2239 = CARTESIAN_POINT ( 'NONE',  ( 17.08333333333333570, -0.5876202367904137525, -1.017788105676651345 ) ) ;
#2240 = CARTESIAN_POINT ( 'NONE',  ( -13.60416666666665542, -0.7500000000000013323, -1.299038105676658894 ) ) ;
#2241 = CARTESIAN_POINT ( 'NONE',  ( -17.29166666666665364, 1.175240473580833500, -0.6785254037844382635 ) ) ;
#2242 = CARTESIAN_POINT ( 'NONE',  ( -14.37499999999998757, -2.492861891654330359E-16, -1.357050807568875195 ) ) ;
#2243 = ORIENTED_EDGE ( 'NONE', *, *, #4839, .F. ) ;
#2244 = CARTESIAN_POINT ( 'NONE',  ( 14.22916666666666785, 1.175240473580827727, 0.6785254037844348218 ) ) ;
#2245 = CARTESIAN_POINT ( 'NONE',  ( -17.12444047358083665, 0.3078604179195255641, 1.144677086807978750 ) ) ;
#2246 = CARTESIAN_POINT ( 'NONE',  ( 15.47916666666666785, 1.499999999999999778, 0.8660254037844394848 ) ) ;
#2247 = CARTESIAN_POINT ( 'NONE',  ( -13.52083333333332149, -0.5876202367904166390, 1.017788105676656674 ) ) ;
#2248 = CARTESIAN_POINT ( 'NONE',  ( -15.43749999999998757, 1.500000000000001332, 0.000000000000000000 ) ) ;
#2249 = FACE_OUTER_BOUND ( 'NONE', #1467, .T. ) ;
#2250 = DIRECTION ( 'NONE',  ( 0.000000000000000000, 0.000000000000000000, 1.000000000000000000 ) ) ;
#2251 = CARTESIAN_POINT ( 'NONE',  ( 14.93750000000000355, 1.500000000000000000, 0.000000000000000000 ) ) ;
#2252 = CARTESIAN_POINT ( 'NONE',  ( 12.49999999999999822, 0.000000000000000000, 0.000000000000000000 ) ) ;
#2253 = CARTESIAN_POINT ( 'NONE',  ( 15.16666666666666785, -0.7500000000000006661, 1.299038105676657562 ) ) ;
#2254 = CARTESIAN_POINT ( 'NONE',  ( 16.66666666666667140, -0.7500000000000006661, 1.299038105676657562 ) ) ;
#2255 = CARTESIAN_POINT ( 'NONE',  ( 16.64583333333333570, -1.500000000000000222, 0.8660254037844381525 ) ) ;
#2256 = ORIENTED_EDGE ( 'NONE', *, *, #3824, .T. ) ;
#2257 = VERTEX_POINT ( 'NONE', #1085 ) ;
#2258 = CARTESIAN_POINT ( 'NONE',  ( -11.58333333333331971, -0.5876202367904166390, 1.017788105676656674 ) ) ;
#2259 = CARTESIAN_POINT ( 'NONE',  ( -16.58333333333333570, 0.7499999999999995559, -1.299038105676659560 ) ) ;
#2260 = CARTESIAN_POINT ( 'NONE',  ( -15.06249999999998934, 2.788906526875773602E-15, -1.500000000000001554 ) ) ;
#2261 = CARTESIAN_POINT ( 'NONE',  ( 16.12500000000000000, 8.309539638847728421E-17, -1.357050807568868533 ) ) ;
#2262 = CARTESIAN_POINT ( 'NONE',  ( -17.50000000000000000, -1.948557158514986787, 1.124999999999999778 ) ) ;
#2263 = CARTESIAN_POINT ( 'NONE',  ( -16.29166666666665364, 1.175240473580833500, -0.6785254037844382635 ) ) ;
#2264 = CARTESIAN_POINT ( 'NONE',  ( -15.74999999999998579, 1.175240473580833722, 0.000000000000000000 ) ) ;
#2265 = ORIENTED_EDGE ( 'NONE', *, *, #3029, .T. ) ;
#2266 = CARTESIAN_POINT ( 'NONE',  ( 17.64583333333333570, 1.175240473580827727, -0.6785254037844341557 ) ) ;
#2267 = CARTESIAN_POINT ( 'NONE',  ( -17.38903017400988560, -0.3610700596960899622, 1.439830174010008124 ) ) ;
#2268 = CARTESIAN_POINT ( 'NONE',  ( 15.97916666666666963, 1.499999999999999778, 0.8660254037844394848 ) ) ;
#2269 = CARTESIAN_POINT ( 'NONE',  ( -17.44782445198120158, 1.181790006572912111, 0.9225316642177567861 ) ) ;
#2270 = AXIS2_PLACEMENT_3D ( 'NONE', #1016, #5043, #4297 ) ;
#2271 = CARTESIAN_POINT ( 'NONE',  ( 16.77083333333333570, -0.7499999999999996669, -1.299038105676658228 ) ) ;
#2272 = CARTESIAN_POINT ( 'NONE',  ( -17.33333333333333570, -0.7500000000000003331, 1.299038105676659338 ) ) ;
#2273 = ADVANCED_FACE ( 'NONE', ( #4315 ), #1938, .T. ) ;
#2274 = AXIS2_PLACEMENT_3D ( 'NONE', #5371, #4951, #2082 ) ;
#2275 = CARTESIAN_POINT ( 'NONE',  ( -17.12488223956474442, -0.005260721424421577197, 1.175673418597764419 ) ) ;
#2276 = CARTESIAN_POINT ( 'NONE',  ( 13.42748002121608941, -1.209300475455534096, -0.3079798331432251901 ) ) ;
#2277 = CARTESIAN_POINT ( 'NONE',  ( 13.60261846621883564, 1.193699582126863667, 0.7541506066305686540 ) ) ;
#2278 = CARTESIAN_POINT ( 'NONE',  ( 12.50000000000000000, -2.058803302138240365, -0.9340480779059866512 ) ) ;
#2279 = DIRECTION ( 'NONE',  ( -1.000000000000000000, -0.000000000000000000, -0.000000000000000000 ) ) ;
#2280 = CARTESIAN_POINT ( 'NONE',  ( 14.75000000000000355, -1.500000000000000000, -1.836970198721029934E-16 ) ) ;
#2281 = CARTESIAN_POINT ( 'NONE',  ( -15.37499825397863695, -3.142839371137244825E-05, 1.499999999670752926 ) ) ;
#2282 = CARTESIAN_POINT ( 'NONE',  ( -16.02083333333332149, 0.7499999999999995559, -1.299038105676659560 ) ) ;
#2283 = ORIENTED_EDGE ( 'NONE', *, *, #2993, .F. ) ;
#2284 = ORIENTED_EDGE ( 'NONE', *, *, #1994, .T. ) ;
#2285 = CARTESIAN_POINT ( 'NONE',  ( -11.32670044154595601, 0.6811631514151433864, -0.9637810787372884658 ) ) ;
#2286 = CARTESIAN_POINT ( 'NONE',  ( -11.10000000000000320, 0.9742060283625741945, -1.140579946359919772 ) ) ;
#2287 = CARTESIAN_POINT ( 'NONE',  ( -14.81249999999998934, -3.224673171700113400E-15, 1.500000000000001554 ) ) ;
#2288 = CARTESIAN_POINT ( 'NONE',  ( 12.18750000000000178, 1.175240473580827949, 0.000000000000000000 ) ) ;
#2289 = CARTESIAN_POINT ( 'NONE',  ( 17.06250000000000000, -6.391244124090313355E-16, 1.500000000000000000 ) ) ;
#2290 = CARTESIAN_POINT ( 'NONE',  ( -13.66666666666665542, 0.5876202367904169721, 1.017788105676656452 ) ) ;
#2291 = CARTESIAN_POINT ( 'NONE',  ( -14.12499999999998757, 8.309539638847769097E-17, 1.357050807568875195 ) ) ;
#2292 = CARTESIAN_POINT ( 'NONE',  ( 13.95833333333333393, 1.500000000000000222, -0.8660254037844384856 ) ) ;
#2293 = CARTESIAN_POINT ( 'NONE',  ( -17.33112511038418546, -1.372354825214359586, 0.2417200936190330995 ) ) ;
#2294 = CARTESIAN_POINT ( 'NONE',  ( -14.08333333333333570, 0.7499999999999995559, -1.299038105676659560 ) ) ;
#2295 = CARTESIAN_POINT ( 'NONE',  ( -11.25698064062672188, 0.7632947672222625268, -0.8936281492173429042 ) ) ;
#2296 = CARTESIAN_POINT ( 'NONE',  ( 17.14583333333333570, -1.500000000000000444, 0.8660254037844380415 ) ) ;
#2297 =( BOUNDED_CURVE ( )  B_SPLINE_CURVE ( 2, ( #1777, #4555, #4231, #3886, #3431, #1611, #4968, #2049, #4261 ),
 .UNSPECIFIED., .F., .F. ) 
 B_SPLINE_CURVE_WITH_KNOTS ( ( 3, 2, 2, 2, 3 ),
 ( 0.4318181818181818232, 0.4393939393939393923, 0.4545454545454545303, 0.4696969696969697239, 0.4772727272727272929 ),
 .UNSPECIFIED. ) 
 CURVE ( )  GEOMETRIC_REPRESENTATION_ITEM ( )  RATIONAL_B_SPLINE_CURVE ( ( 0.9330127018922194093, 0.9330127018922194093, 1.000000000000000000, 0.8660254037844387076, 1.000000000000000000, 0.8660254037844387076, 1.000000000000000000, 0.9330127018922194093, 0.9330127018922194093 ) ) 
 REPRESENTATION_ITEM ( '' )  );
#2298 = CARTESIAN_POINT ( 'NONE',  ( -12.14583333333332149, 1.175240473580833944, 0.6785254037844374864 ) ) ;
#2299 = CARTESIAN_POINT ( 'NONE',  ( -11.10000000000000142, 0.000000000000000000, 1.500000000000000666 ) ) ;
#2300 = EDGE_CURVE ( 'NONE', #1248, #2432, #686, .T. ) ;
#2301 = DIRECTION ( 'NONE',  ( -1.000000000000000000, -0.000000000000000000, -0.000000000000000000 ) ) ;
#2302 = FACE_OUTER_BOUND ( 'NONE', #4242, .T. ) ;
#2303 = CARTESIAN_POINT ( 'NONE',  ( -17.04166666666665719, -1.175240473580833500, 0.6785254037844380415 ) ) ;
#2304 = CIRCLE ( 'NONE', #5331, 1.500000000000000000 ) ;
#2305 = CARTESIAN_POINT ( 'NONE',  ( -16.87499933464183499, -1.197644839466076893E-05, 1.499999999952189134 ) ) ;
#2306 = CARTESIAN_POINT ( 'NONE',  ( 16.45833333333333570, 1.500000000000000222, -0.8660254037844384856 ) ) ;
#2307 = ADVANCED_FACE ( 'NONE', ( #2178 ), #4293, .T. ) ;
#2308 = CARTESIAN_POINT ( 'NONE',  ( -13.93749999999998757, 1.500000000000001332, 0.000000000000000000 ) ) ;
#2309 = AXIS2_PLACEMENT_3D ( 'NONE', #413, #2144, #1351 ) ;
#2310 = CARTESIAN_POINT ( 'NONE',  ( -13.08333333333333570, 0.7499999999999995559, -1.299038105676659560 ) ) ;
#2311 = EDGE_CURVE ( 'NONE', #3606, #840, #810, .T. ) ;
#2312 = ORIENTED_EDGE ( 'NONE', *, *, #3248, .T. ) ;
#2313 = CARTESIAN_POINT ( 'NONE',  ( -11.95833333333332149, -1.175240473580834166, -0.6785254037844371533 ) ) ;
#2314 = CARTESIAN_POINT ( 'NONE',  ( -14.39583333333332327, 1.500000000000001110, 0.8660254037844392627 ) ) ;
#2315 = CYLINDRICAL_SURFACE ( 'NONE', #2225, 1.500000000000000222 ) ;
#2316 = CARTESIAN_POINT ( 'NONE',  ( 16.41666666666667140, -0.5876202367904145296, 1.017788105676650900 ) ) ;
#2317 = CARTESIAN_POINT ( 'NONE',  ( -17.22916666666665719, -1.500000000000000888, 0.8660254037844398178 ) ) ;
#2318 = CARTESIAN_POINT ( 'NONE',  ( -13.16666666666665542, 0.5876202367904169721, 1.017788105676656452 ) ) ;
#2319 = CARTESIAN_POINT ( 'NONE',  ( -15.08333333333332149, -0.5876202367904166390, 1.017788105676656674 ) ) ;
#2320 = CARTESIAN_POINT ( 'NONE',  ( 12.66666666666666785, -0.7500000000000006661, 1.299038105676657562 ) ) ;
#2321 = CARTESIAN_POINT ( 'NONE',  ( -17.26823637705673775, -0.6132536026585226896, -1.171298141552830296 ) ) ;
#2322 = CARTESIAN_POINT ( 'NONE',  ( 17.12499999999999645, -1.070288237343578697, 1.050943903833108983 ) ) ;
#2323 = CARTESIAN_POINT ( 'NONE',  ( 17.72916666666666785, -1.499999999999999778, -0.8660254037844391517 ) ) ;
#2324 = CARTESIAN_POINT ( 'NONE',  ( -16.75000000000000000, -1.500000000000001332, 1.836970198721031413E-16 ) ) ;
#2325 =( BOUNDED_CURVE ( )  B_SPLINE_CURVE ( 2, ( #2231, #2173, #4302, #3872, #937, #4654, #1410, #592, #540 ),
 .UNSPECIFIED., .F., .F. ) 
 B_SPLINE_CURVE_WITH_KNOTS ( ( 3, 2, 2, 2, 3 ),
 ( 0.6136363636363636465, 0.6212121212121212155, 0.6363636363636363535, 0.6515151515151514916, 0.6590909090909090606 ),
 .UNSPECIFIED. ) 
 CURVE ( )  GEOMETRIC_REPRESENTATION_ITEM ( )  RATIONAL_B_SPLINE_CURVE ( ( 0.9330127018922194093, 0.9330127018922194093, 1.000000000000000000, 0.8660254037844387076, 1.000000000000000000, 0.8660254037844387076, 1.000000000000000000, 0.9330127018922194093, 0.9330127018922194093 ) ) 
 REPRESENTATION_ITEM ( '' )  );
#2326 = CARTESIAN_POINT ( 'NONE',  ( -16.81249999999998579, 2.033577675846917841E-16, 1.500000000000001110 ) ) ;
#2327 = CARTESIAN_POINT ( 'NONE',  ( 13.39866283041525108, -1.132016744791694451, 0.4051107178615922511 ) ) ;
#2328 = CARTESIAN_POINT ( 'NONE',  ( 13.50942695887743206, 0.3610661160951777471, -1.269067806349811756 ) ) ;
#2329 = EDGE_CURVE ( 'NONE', #5361, #2798, #4618, .T. ) ;
#2330 = ORIENTED_EDGE ( 'NONE', *, *, #5263, .T. ) ;
#2331 = DIRECTION ( 'NONE',  ( -0.000000000000000000, 0.000000000000000000, -1.000000000000000000 ) ) ;
#2332 = CARTESIAN_POINT ( 'NONE',  ( 16.29166666666666785, -1.499999999999999778, -0.8660254037844391517 ) ) ;
#2333 = CARTESIAN_POINT ( 'NONE',  ( -17.85416666666665364, 0.7500000000000008882, 1.299038105676659116 ) ) ;
#2334 = FACE_OUTER_BOUND ( 'NONE', #3581, .T. ) ;
#2335 = EDGE_CURVE ( 'NONE', #2061, #2573, #2738, .T. ) ;
#2336 = ORIENTED_EDGE ( 'NONE', *, *, #1841, .T. ) ;
#2337 = CARTESIAN_POINT ( 'NONE',  ( -14.68749999999998934, 1.175240473580833722, 0.000000000000000000 ) ) ;
#2338 = CARTESIAN_POINT ( 'NONE',  ( 17.44975952641921779, -1.159672946348584421, -0.1906536866931283769 ) ) ;
#2339 = CARTESIAN_POINT ( 'NONE',  ( -11.60416666666665542, 0.5876202367904169721, 1.017788105676656452 ) ) ;
#2340 = CARTESIAN_POINT ( 'NONE',  ( 15.70833333333333570, 1.175240473580827727, -0.6785254037844341557 ) ) ;
#2341 = LINE ( 'NONE', #249, #2393 ) ;
#2342 = CARTESIAN_POINT ( 'NONE',  ( -12.99999999999998757, -1.175240473580833722, 1.439254484199187407E-16 ) ) ;
#2343 = CARTESIAN_POINT ( 'NONE',  ( -12.91666666666665364, -0.5876202367904174162, -1.017788105676656230 ) ) ;
#2344 = CARTESIAN_POINT ( 'NONE',  ( 13.58333333333333570, 0.7499999999999988898, 1.299038105676658672 ) ) ;
#2345 = CARTESIAN_POINT ( 'NONE',  ( 17.04166666666667140, -1.175240473580827727, -0.6785254037844345998 ) ) ;
#2346 = CARTESIAN_POINT ( 'NONE',  ( -11.10000000000000142, 0.000000000000000000, 0.000000000000000000 ) ) ;
#2347 = DIRECTION ( 'NONE',  ( 0.000000000000000000, 0.000000000000000000, -1.000000000000000000 ) ) ;
#2348 = CARTESIAN_POINT ( 'NONE',  ( 13.93750000000000178, 1.500000000000000000, 0.000000000000000000 ) ) ;
#2349 = CARTESIAN_POINT ( 'NONE',  ( -16.66666666666667140, -0.7500000000000013323, -1.299038105676658894 ) ) ;
#2350 = CARTESIAN_POINT ( 'NONE',  ( 17.33333333333333570, 0.5876202367904130863, 1.017788105676651789 ) ) ;
#2351 = CARTESIAN_POINT ( 'NONE',  ( -16.12551930614125695, -3.020732172064291457E-05, -1.499999999450486676 ) ) ;
#2352 = DIRECTION ( 'NONE',  ( 1.000000000000000000, 0.000000000000000000, 0.000000000000000000 ) ) ;
#2353 = VECTOR ( 'NONE', #4206, 1000.000000000000000 ) ;
#2354 =( BOUNDED_CURVE ( )  B_SPLINE_CURVE ( 2, ( #5230, #4295, #1091, #2221, #2248, #235, #1403, #637, #611 ),
 .UNSPECIFIED., .F., .F. ) 
 B_SPLINE_CURVE_WITH_KNOTS ( ( 3, 2, 2, 2, 3 ),
 ( 0.3653846153846154188, 0.3717948717948718063, 0.3846153846153846367, 0.3974358974358974117, 0.4038461538461538547 ),
 .UNSPECIFIED. ) 
 CURVE ( )  GEOMETRIC_REPRESENTATION_ITEM ( )  RATIONAL_B_SPLINE_CURVE ( ( 0.9330127018922194093, 0.9330127018922196314, 1.000000000000000000, 0.8660254037844387076, 1.000000000000000000, 0.8660254037844387076, 1.000000000000000000, 0.9330127018922190762, 0.9330127018922194093 ) ) 
 REPRESENTATION_ITEM ( '' )  );
#2355 = CARTESIAN_POINT ( 'NONE',  ( -11.91666666666666963, 0.7500000000000008882, 1.299038105676659116 ) ) ;
#2356 = CARTESIAN_POINT ( 'NONE',  ( -17.50000000000000000, 2.598076211353316456, -1.546590868144127146E-17 ) ) ;
#2357 = CARTESIAN_POINT ( 'NONE',  ( 14.45833333333333393, 1.500000000000000222, -0.8660254037844384856 ) ) ;
#2358 = CARTESIAN_POINT ( 'NONE',  ( -17.14590737562181033, 1.119448234441644985, 0.4402054699649466940 ) ) ;
#2359 = CARTESIAN_POINT ( 'NONE',  ( -16.37499796396162921, -3.664869896212775855E-05, 1.499999999552291685 ) ) ;
#2360 = ADVANCED_FACE ( 'NONE', ( #142 ), #902, .T. ) ;
#2361 = EDGE_LOOP ( 'NONE', ( #5375, #3488, #79, #881, #4767, #889 ) ) ;
#2362 = CARTESIAN_POINT ( 'NONE',  ( -14.85416666666665364, -0.5876202367904174162, -1.017788105676656230 ) ) ;
#2363 = CARTESIAN_POINT ( 'NONE',  ( -14.35416666666665364, 0.7500000000000008882, 1.299038105676659116 ) ) ;
#2364 = CARTESIAN_POINT ( 'NONE',  ( 14.08333333333333570, -0.5876202367904137525, -1.017788105676651345 ) ) ;
#2365 = EDGE_CURVE ( 'NONE', #3453, #1264, #2894, .T. ) ;
#2366 = CARTESIAN_POINT ( 'NONE',  ( -17.74999999999998934, 1.175240473580833722, 0.000000000000000000 ) ) ;
#2367 = CARTESIAN_POINT ( 'NONE',  ( -15.08333333333332149, -0.5876202367904166390, 1.017788105676656674 ) ) ;
#2368 = CARTESIAN_POINT ( 'NONE',  ( -17.14192136142609968, 0.09641379143797322582, 1.192721361424423643 ) ) ;
#2369 = CARTESIAN_POINT ( 'NONE',  ( 13.33333333333333570, -0.7499999999999996669, -1.299038105676658228 ) ) ;
#2370 = CARTESIAN_POINT ( 'NONE',  ( -17.40215908496082520, 4.791399515391888330E-13, 1.452959084960821601 ) ) ;
#2371 = DIRECTION ( 'NONE',  ( 0.000000000000000000, 0.000000000000000000, 1.000000000000000000 ) ) ;
#2372 = CARTESIAN_POINT ( 'NONE',  ( 16.68750000000000000, 1.175240473580827949, 0.000000000000000000 ) ) ;
#2373 = CARTESIAN_POINT ( 'NONE',  ( -12.77083333333332149, 0.5876202367904159729, -1.017788105676656896 ) ) ;
#2374 = VERTEX_POINT ( 'NONE', #2610 ) ;
#2375 = ADVANCED_BREP_SHAPE_REPRESENTATION ( '98952A407_Aluminum Male-Female Threaded Hex Standoff', ( #1375, #1090 ), #4452 ) ;
#2376 = EDGE_CURVE ( 'NONE', #1023, #3315, #3422, .T. ) ;
#2377 = CARTESIAN_POINT ( 'NONE',  ( 17.04166666666667140, -1.175240473580827505, -0.6785254037844345998 ) ) ;
#2378 = CARTESIAN_POINT ( 'NONE',  ( -11.56249999999998934, 6.333141904780402276E-15, -1.500000000000001554 ) ) ;
#2379 = CARTESIAN_POINT ( 'NONE',  ( 14.64583333333333570, -1.500000000000000222, 0.8660254037844381525 ) ) ;
#2380 = VERTEX_POINT ( 'NONE', #1326 ) ;
#2381 = ORIENTED_EDGE ( 'NONE', *, *, #3388, .T. ) ;
#2382 = CARTESIAN_POINT ( 'NONE',  ( 16.37500000000000000, -1.191095495853194869E-15, -1.499999999999999778 ) ) ;
#2383 = CARTESIAN_POINT ( 'NONE',  ( -17.50000000000000000, 0.000000000000000000, 0.000000000000000000 ) ) ;
#2384 = EDGE_LOOP ( 'NONE', ( #3276, #4121, #384, #3623, #333 ) ) ;
#2385 = CARTESIAN_POINT ( 'NONE',  ( -15.14583333333332327, 1.175240473580833944, 0.6785254037844374864 ) ) ;
#2386 = CARTESIAN_POINT ( 'NONE',  ( 17.35428163065175511, 1.041249588200445331, 0.7333325550999543196 ) ) ;
#2387 = CARTESIAN_POINT ( 'NONE',  ( -13.60267090060769313, 0.4019237890615459108, -1.499999999760480707 ) ) ;
#2388 = CARTESIAN_POINT ( 'NONE',  ( 15.00000000000000355, -1.175240473580827949, -1.439254484199180504E-16 ) ) ;
#2389 = VECTOR ( 'NONE', #1144, 1000.000000000000000 ) ;
#2390 = CARTESIAN_POINT ( 'NONE',  ( -13.33333333333332149, 0.5876202367904159729, -1.017788105676656896 ) ) ;
#2391 = CARTESIAN_POINT ( 'NONE',  ( -13.54166666666665364, -1.175240473580833500, 0.6785254037844380415 ) ) ;
#2392 = CARTESIAN_POINT ( 'NONE',  ( 17.14583333333333570, 1.175240473580827727, -0.6785254037844341557 ) ) ;
#2393 = VECTOR ( 'NONE', #3562, 1000.000000000000000 ) ;
#2394 = EDGE_CURVE ( 'NONE', #732, #2798, #1384, .T. ) ;
#2395 = CARTESIAN_POINT ( 'NONE',  ( 15.75000000000000000, 1.175240473580827949, 0.000000000000000000 ) ) ;
#2396 = CARTESIAN_POINT ( 'NONE',  ( -16.93749999999998579, -1.175240473580833722, 1.439254484199187407E-16 ) ) ;
#2397 = CARTESIAN_POINT ( 'NONE',  ( 17.60416666666666785, 0.5876202367904140855, -1.017788105676651345 ) ) ;
#2398 = CARTESIAN_POINT ( 'NONE',  ( -14.91666666666666785, 0.7500000000000008882, 1.299038105676659116 ) ) ;
#2399 = EDGE_LOOP ( 'NONE', ( #3599, #4174, #260, #4581, #3791 ) ) ;
#2400 = CARTESIAN_POINT ( 'NONE',  ( 16.70833333333333570, 1.175240473580827727, -0.6785254037844341557 ) ) ;
#2401 = CARTESIAN_POINT ( 'NONE',  ( 16.64732909936926220, -0.4019237886466845988, 1.499999999999999778 ) ) ;
#2402 = ORIENTED_EDGE ( 'NONE', *, *, #5005, .T. ) ;
#2403 = ORIENTED_EDGE ( 'NONE', *, *, #3107, .T. ) ;
#2404 = CARTESIAN_POINT ( 'NONE',  ( 16.62500000000000000, -6.391244124090313355E-16, 1.499999999999999778 ) ) ;
#2405 = DIRECTION ( 'NONE',  ( -1.000000000000000000, 0.000000000000000000, 0.000000000000000000 ) ) ;
#2406 = CARTESIAN_POINT ( 'NONE',  ( -17.31249999999998934, -7.262777413738992359E-16, 1.500000000000001110 ) ) ;
#2407 = ORIENTED_EDGE ( 'NONE', *, *, #4639, .T. ) ;
#2408 = CARTESIAN_POINT ( 'NONE',  ( -15.10416666666665542, 0.5876202367904169721, 1.017788105676656452 ) ) ;
#2409 = CARTESIAN_POINT ( 'NONE',  ( 12.41074498996844078, 2.385217236779677119, 0.3686825588085551053 ) ) ;
#2410 = CARTESIAN_POINT ( 'NONE',  ( -11.10000000000000142, 0.000000000000000000, 1.500000000000000666 ) ) ;
#2411 = CARTESIAN_POINT ( 'NONE',  ( 13.54166666666666785, -1.175240473580827505, -0.6785254037844345998 ) ) ;
#2412 = CARTESIAN_POINT ( 'NONE',  ( -11.45833333333331971, -1.175240473580834166, -0.6785254037844371533 ) ) ;
#2413 = CARTESIAN_POINT ( 'NONE',  ( -11.66666666666665542, 0.5876202367904169721, 1.017788105676656452 ) ) ;
#2414 = CARTESIAN_POINT ( 'NONE',  ( 17.10416666666667140, 0.5876202367904140855, -1.017788105676651345 ) ) ;
#2415 = CARTESIAN_POINT ( 'NONE',  ( 15.29166666666666785, 1.175240473580827727, 0.6785254037844348218 ) ) ;
#2416 = CARTESIAN_POINT ( 'NONE',  ( -15.93749999999998579, -1.175240473580833722, 1.439254484199187407E-16 ) ) ;
#2417 = CARTESIAN_POINT ( 'NONE',  ( 15.89583333333333570, -1.175240473580827949, 0.6785254037844338226 ) ) ;
#2418 = CARTESIAN_POINT ( 'NONE',  ( -14.87500000000000178, 1.060575238724907778E-16, 1.732050807568878747 ) ) ;
#2419 = ORIENTED_EDGE ( 'NONE', *, *, #3810, .T. ) ;
#2420 = CARTESIAN_POINT ( 'NONE',  ( 16.20833333333333570, 1.175240473580827727, -0.6785254037844341557 ) ) ;
#2421 = DIRECTION ( 'NONE',  ( 0.000000000000000000, 0.000000000000000000, -1.000000000000000000 ) ) ;
#2422 = EDGE_CURVE ( 'NONE', #2380, #2027, #3147, .T. ) ;
#2423 = CARTESIAN_POINT ( 'NONE',  ( -13.18749999999998757, -1.500000000000001332, 1.836970198721031413E-16 ) ) ;
#2424 = VECTOR ( 'NONE', #2100, 1000.000000000000000 ) ;
#2425 = ORIENTED_EDGE ( 'NONE', *, *, #1501, .F. ) ;
#2426 = CARTESIAN_POINT ( 'NONE',  ( 12.49999999999999822, 1.948557158514987231, -1.124999999999999112 ) ) ;
#2427 = CARTESIAN_POINT ( 'NONE',  ( 15.27083333333333570, -0.7499999999999996669, -1.299038105676658228 ) ) ;
#2428 = B_SPLINE_CURVE_WITH_KNOTS ( 'NONE', 3,
 ( #2370, #2267, #4777, #3614, #3915, #630, #229, #4392, #2293, #253, #5276, #1888, #1912, #3157, #4801, #3543, #2321, #199, #607, #656 ),
 .UNSPECIFIED., .F., .F.,
 ( 4, 2, 2, 2, 2, 2, 2, 2, 2, 4 ),
 ( 0.001384252750199851554, 0.002462846045341639603, 0.002732494369127086778, 0.003002142692912533953, 0.003541439340483428302, 0.004080735988054323519, 0.004620032635625217869, 0.004889680959410665911, 0.005159329283196113086, 0.005698625930767008303 ),
 .UNSPECIFIED. ) ;
#2429 = AXIS2_PLACEMENT_3D ( 'NONE', #4967, #2911, #841 ) ;
#2430 = CARTESIAN_POINT ( 'NONE',  ( -16.68749999999998579, -1.500000000000001332, 1.836970198721031413E-16 ) ) ;
#2431 = DIRECTION ( 'NONE',  ( -1.000000000000000000, -0.000000000000000000, -0.000000000000000000 ) ) ;
#2432 = VERTEX_POINT ( 'NONE', #1266 ) ;
#2433 = CARTESIAN_POINT ( 'NONE',  ( -14.89583333333332149, -1.175240473580834166, -0.6785254037844371533 ) ) ;
#2434 = CARTESIAN_POINT ( 'NONE',  ( 13.47916666666666785, 1.499999999999999778, 0.8660254037844394848 ) ) ;
#2435 = DIRECTION ( 'NONE',  ( -1.000000000000000000, -0.000000000000000000, -0.000000000000000000 ) ) ;
#2436 = CARTESIAN_POINT ( 'NONE',  ( -12.33333333333332149, 0.5876202367904159729, -1.017788105676656896 ) ) ;
#2437 = CARTESIAN_POINT ( 'NONE',  ( -17.50000000000000000, -3.755786496842899057E-16, 2.250000000000000000 ) ) ;
#2438 = CARTESIAN_POINT ( 'NONE',  ( 15.52083333333333393, -0.5876202367904137525, -1.017788105676651345 ) ) ;
#2439 = ORIENTED_EDGE ( 'NONE', *, *, #4010, .F. ) ;
#2440 = CARTESIAN_POINT ( 'NONE',  ( 14.62500000000000533, 8.309539638847728421E-17, -1.357050807568868311 ) ) ;
#2441 = CARTESIAN_POINT ( 'NONE',  ( -16.18749999999998579, 1.175240473580833722, 0.000000000000000000 ) ) ;
#2442 = CARTESIAN_POINT ( 'NONE',  ( 17.52083333333333570, -0.5876202367904137525, -1.017788105676651345 ) ) ;
#2443 = CARTESIAN_POINT ( 'NONE',  ( -15.50000000000000178, 1.500000000000001332, 0.000000000000000000 ) ) ;
#2444 = DIRECTION ( 'NONE',  ( -1.000000000000000000, -0.000000000000000000, -0.000000000000000000 ) ) ;
#2445 = CARTESIAN_POINT ( 'NONE',  ( 17.37500000000000355, -2.492861891654318526E-16, 1.357050807568868533 ) ) ;
#2446 = CARTESIAN_POINT ( 'NONE',  ( -16.47916666666665719, -1.175240473580833722, 0.6785254037844379305 ) ) ;
#2447 = CARTESIAN_POINT ( 'NONE',  ( 16.70833333333333570, -1.500000000000000222, 0.8660254037844381525 ) ) ;
#2448 = ORIENTED_EDGE ( 'NONE', *, *, #272, .T. ) ;
#2449 = CARTESIAN_POINT ( 'NONE',  ( 14.06250000000000178, -6.391244124090313355E-16, 1.500000000000000000 ) ) ;
#2450 = EDGE_CURVE ( 'NONE', #3192, #4596, #3085, .T. ) ;
#2451 = DIRECTION ( 'NONE',  ( 0.000000000000000000, 0.000000000000000000, 1.000000000000000000 ) ) ;
#2452 = CARTESIAN_POINT ( 'NONE',  ( -15.14583333333332327, -1.500000000000001998, -0.8660254037844388186 ) ) ;
#2453 = DIRECTION ( 'NONE',  ( 0.000000000000000000, 0.000000000000000000, 1.000000000000000000 ) ) ;
#2454 = ORIENTED_EDGE ( 'NONE', *, *, #5263, .F. ) ;
#2455 = CARTESIAN_POINT ( 'NONE',  ( -11.60416666666665542, 0.5876202367904169721, 1.017788105676656452 ) ) ;
#2456 = CARTESIAN_POINT ( 'NONE',  ( 17.29450829942466683, 1.133442646135423892, -0.7171738601597293927 ) ) ;
#2457 = CARTESIAN_POINT ( 'NONE',  ( 13.85416666666666963, 0.7500000000000002220, -1.299038105676658006 ) ) ;
#2458 = CYLINDRICAL_SURFACE ( 'NONE', #3947, 1.500000000000000222 ) ;
#2459 = DIRECTION ( 'NONE',  ( -1.000000000000000000, -0.000000000000000000, -0.000000000000000000 ) ) ;
#2460 = CARTESIAN_POINT ( 'NONE',  ( -12.56249999999999112, 6.333141904780402276E-15, -1.500000000000001554 ) ) ;
#2461 = CARTESIAN_POINT ( 'NONE',  ( 15.27083333333333393, 0.5876202367904130863, 1.017788105676651789 ) ) ;
#2462 = ADVANCED_FACE ( 'NONE', ( #3583 ), #4769, .T. ) ;
#2463 = ORIENTED_EDGE ( 'NONE', *, *, #4042, .F. ) ;
#2464 = CARTESIAN_POINT ( 'NONE',  ( 14.87500000000000355, -2.492861891654318526E-16, 1.357050807568868311 ) ) ;
#2465 = CARTESIAN_POINT ( 'NONE',  ( -16.31249999999998579, -2.492861891654330359E-16, -1.357050807568875195 ) ) ;
#2466 = CARTESIAN_POINT ( 'NONE',  ( 16.10416666666666785, 0.5876202367904140855, -1.017788105676651345 ) ) ;
#2467 = CARTESIAN_POINT ( 'NONE',  ( -16.08333333333333570, 0.7499999999999995559, -1.299038105676659560 ) ) ;
#2468 = CARTESIAN_POINT ( 'NONE',  ( -12.16666666666666963, -0.7500000000000013323, -1.299038105676658894 ) ) ;
#2469 = CARTESIAN_POINT ( 'NONE',  ( -11.97916666666665542, 1.500000000000000888, -0.8660254037844402619 ) ) ;
#2470 = AXIS2_PLACEMENT_3D ( 'NONE', #5284, #2778, #3620 ) ;
#2471 = AXIS2_PLACEMENT_3D ( 'NONE', #619, #5158, #2232 ) ;
#2472 = CARTESIAN_POINT ( 'NONE',  ( 14.91666666666666785, -0.5876202367904145296, 1.017788105676650900 ) ) ;
#2473 = CARTESIAN_POINT ( 'NONE',  ( -16.81249999999998934, -2.492861891654330359E-16, -1.357050807568875195 ) ) ;
#2474 = CARTESIAN_POINT ( 'NONE',  ( -13.79166666666667140, -1.500000000000000888, 0.8660254037844398178 ) ) ;
#2475 = VERTEX_POINT ( 'NONE', #1026 ) ;
#2476 = CARTESIAN_POINT ( 'NONE',  ( 13.81250000000000000, 2.033577675846917841E-16, -1.499999999999999778 ) ) ;
#2477 = CARTESIAN_POINT ( 'NONE',  ( 16.95833333333333570, 1.500000000000000000, -0.8660254037844384856 ) ) ;
#2478 = CARTESIAN_POINT ( 'NONE',  ( -14.77083333333332149, -0.7500000000000003331, 1.299038105676659338 ) ) ;
#2479 = PERSON_AND_ORGANIZATION_ROLE ( 'classification_officer' ) ;
#2480 = ORIENTED_EDGE ( 'NONE', *, *, #5216, .F. ) ;
#2481 = CARTESIAN_POINT ( 'NONE',  ( -12.18749999999998757, 1.175240473580833722, 0.000000000000000000 ) ) ;
#2482 =( BOUNDED_CURVE ( )  B_SPLINE_CURVE ( 2, ( #853, #2033, #3678, #2113, #4106, #2515, #3702, #5372, #4952 ),
 .UNSPECIFIED., .F., .F. ) 
 B_SPLINE_CURVE_WITH_KNOTS ( ( 3, 2, 2, 2, 3 ),
 ( 0.1730769230769230727, 0.1794871794871794879, 0.1923076923076923184, 0.2051282051282051211, 0.2115384615384615363 ),
 .UNSPECIFIED. ) 
 CURVE ( )  GEOMETRIC_REPRESENTATION_ITEM ( )  RATIONAL_B_SPLINE_CURVE ( ( 0.9330127018922194093, 0.9330127018922194093, 1.000000000000000000, 0.8660254037844387076, 1.000000000000000000, 0.8660254037844387076, 1.000000000000000000, 0.9330127018922194093, 0.9330127018922194093 ) ) 
 REPRESENTATION_ITEM ( '' )  );
#2483 = CARTESIAN_POINT ( 'NONE',  ( -12.06249999999998579, -6.391244124090313355E-16, -1.500000000000001332 ) ) ;
#2484 = CARTESIAN_POINT ( 'NONE',  ( 14.43750000000000178, 1.500000000000000000, 0.000000000000000000 ) ) ;
#2485 = CARTESIAN_POINT ( 'NONE',  ( -16.33482909936924798, 0.4019237886466838217, 1.500000000000001776 ) ) ;
#2486 = CARTESIAN_POINT ( 'NONE',  ( 12.49999999999999822, 0.000000000000000000, 0.000000000000000000 ) ) ;
#2487 = CARTESIAN_POINT ( 'NONE',  ( -12.79017090063072715, -0.4019237886466842102, 1.500000000000001110 ) ) ;
#2488 = ADVANCED_FACE ( 'NONE', ( #291 ), #5241, .F. ) ;
#2489 = CARTESIAN_POINT ( 'NONE',  ( 14.81250000000000178, -2.492861891654318526E-16, 1.357050807568868533 ) ) ;
#2490 = ORIENTED_EDGE ( 'NONE', *, *, #21, .F. ) ;
#2491 = CARTESIAN_POINT ( 'NONE',  ( -12.66666666666665542, 0.5876202367904169721, 1.017788105676656452 ) ) ;
#2492 = CARTESIAN_POINT ( 'NONE',  ( 13.95833333333333393, -1.175240473580828393, 0.6785254037844338226 ) ) ;
#2493 = CARTESIAN_POINT ( 'NONE',  ( -12.52083333333332149, -0.5876202367904166390, 1.017788105676656674 ) ) ;
#2494 = CARTESIAN_POINT ( 'NONE',  ( 13.43750000000000178, -1.175240473580827949, -1.439254484199180504E-16 ) ) ;
#2495 = CARTESIAN_POINT ( 'NONE',  ( -15.91666666666666963, 0.7500000000000008882, 1.299038105676659116 ) ) ;
#2496 = CARTESIAN_POINT ( 'NONE',  ( -15.60416666666665542, -0.7500000000000013323, -1.299038105676658894 ) ) ;
#2497 = CARTESIAN_POINT ( 'NONE',  ( -13.52083333333332149, 0.7499999999999995559, -1.299038105676659560 ) ) ;
#2498 = VERTEX_POINT ( 'NONE', #1445 ) ;
#2499 = CARTESIAN_POINT ( 'NONE',  ( 14.83333333333333570, 0.5876202367904130863, 1.017788105676651789 ) ) ;
#2500 = CARTESIAN_POINT ( 'NONE',  ( -17.22916666666665364, 1.175240473580833500, -0.6785254037844382635 ) ) ;
#2501 = CARTESIAN_POINT ( 'NONE',  ( 12.41074498996846387, -1.511897080250341086, 1.881317441191368012 ) ) ;
#2502 = ORIENTED_EDGE ( 'NONE', *, *, #1840, .T. ) ;
#2503 = DIRECTION ( 'NONE',  ( 1.000000000000000000, 0.000000000000000000, 0.000000000000000000 ) ) ;
#2504 = CARTESIAN_POINT ( 'NONE',  ( -17.29166666666666785, -1.500000000000000888, 0.8660254037844398178 ) ) ;
#2505 = CARTESIAN_POINT ( 'NONE',  ( 13.45833333333333570, -1.175240473580827949, 0.6785254037844338226 ) ) ;
#2506 = CARTESIAN_POINT ( 'NONE',  ( -15.89583333333331971, 1.500000000000001554, 0.8660254037844392627 ) ) ;
#2507 = ORIENTED_EDGE ( 'NONE', *, *, #1122, .T. ) ;
#2508 = VECTOR ( 'NONE', #2503, 1000.000000000000000 ) ;
#2509 = EDGE_CURVE ( 'NONE', #799, #5334, #1163, .T. ) ;
#2510 = CARTESIAN_POINT ( 'NONE',  ( -13.06249999999998934, 8.309539638847769097E-17, 1.357050807568875195 ) ) ;
#2511 = DIRECTION ( 'NONE',  ( -1.000000000000000000, -0.000000000000000000, -0.000000000000000000 ) ) ;
#2512 = CARTESIAN_POINT ( 'NONE',  ( 14.64583333333333570, -1.500000000000000444, 0.8660254037844380415 ) ) ;
#2513 = CARTESIAN_POINT ( 'NONE',  ( -15.12591835126282724, -5.118250897976482801E-05, -1.499999998285846958 ) ) ;
#2514 = CARTESIAN_POINT ( 'NONE',  ( -12.04166666666665542, -1.175240473580833722, 0.6785254037844379305 ) ) ;
#2515 = CARTESIAN_POINT ( 'NONE',  ( -16.64583333333332149, -1.500000000000002220, -0.8660254037844388186 ) ) ;
#2516 = CARTESIAN_POINT ( 'NONE',  ( 16.79017090063074491, -0.4019237886466845433, -1.499999999999999778 ) ) ;
#2517 = VECTOR ( 'NONE', #1464, 1000.000000000000000 ) ;
#2518 = ORIENTED_EDGE ( 'NONE', *, *, #1185, .T. ) ;
#2519 =( BOUNDED_CURVE ( )  B_SPLINE_CURVE ( 2, ( #928, #1252, #2596, #2504, #4614, #3836, #870, #3748, #2912 ),
 .UNSPECIFIED., .F., .F. ) 
 B_SPLINE_CURVE_WITH_KNOTS ( ( 3, 2, 2, 2, 3 ),
 ( 0.01943555755426735684, 0.02591365116885038788, 0.03887047675327558183, 0.05182730233770077577, 0.05830554004635858656 ),
 .UNSPECIFIED. ) 
 CURVE ( )  GEOMETRIC_REPRESENTATION_ITEM ( )  RATIONAL_B_SPLINE_CURVE ( ( 0.9330127020548192318, 0.9330160022140275844, 1.000000000000000000, 0.8660254037844387076, 1.000000000000000000, 0.8660254037844387076, 1.000000000000000000, 0.9330145122699544658, 0.9330127019411460498 ) ) 
 REPRESENTATION_ITEM ( '' )  );
#2520 = CARTESIAN_POINT ( 'NONE',  ( -13.58333333333332149, -0.5876202367904166390, 1.017788105676656674 ) ) ;
#2521 = EDGE_CURVE ( 'NONE', #1248, #2380, #1720, .T. ) ;
#2522 = CARTESIAN_POINT ( 'NONE',  ( 12.49999999999999822, 0.000000000000000000, 0.000000000000000000 ) ) ;
#2523 = CARTESIAN_POINT ( 'NONE',  ( -13.68749999999998757, 1.175240473580833722, 0.000000000000000000 ) ) ;
#2524 = CARTESIAN_POINT ( 'NONE',  ( 14.89583333333333570, -1.175240473580827949, 0.6785254037844338226 ) ) ;
#2525 = CARTESIAN_POINT ( 'NONE',  ( -13.25000000000000178, -1.500000000000001332, 1.836970198721031413E-16 ) ) ;
#2526 = CARTESIAN_POINT ( 'NONE',  ( -15.68749999999998934, -1.500000000000001332, 1.836970198721031413E-16 ) ) ;
#2527 = CARTESIAN_POINT ( 'NONE',  ( -11.85416666666665542, 0.7500000000000008882, 1.299038105676659116 ) ) ;
#2528 = ORIENTED_EDGE ( 'NONE', *, *, #1635, .F. ) ;
#2529 = CARTESIAN_POINT ( 'NONE',  ( -15.45833333333332327, -1.175240473580834166, -0.6785254037844371533 ) ) ;
#2530 = CARTESIAN_POINT ( 'NONE',  ( 14.04166666666666963, -1.175240473580827505, -0.6785254037844345998 ) ) ;
#2531 = CARTESIAN_POINT ( 'NONE',  ( -15.06249999999998934, 8.309539638847769097E-17, 1.357050807568875195 ) ) ;
#2532 = FACE_OUTER_BOUND ( 'NONE', #806, .T. ) ;
#2533 = CC_DESIGN_PERSON_AND_ORGANIZATION_ASSIGNMENT ( #3444, #901, ( #1962 ) ) ;
#2534 = ADVANCED_FACE ( 'NONE', ( #1051 ), #42, .F. ) ;
#2535 = VERTEX_POINT ( 'NONE', #4794 ) ;
#2536 = CARTESIAN_POINT ( 'NONE',  ( -11.10000000000000142, 0.000000000000000000, 0.000000000000000000 ) ) ;
#2537 = CARTESIAN_POINT ( 'NONE',  ( -11.37500000000000000, 2.306043122257582380E-15, 1.500000000000000888 ) ) ;
#2538 = CARTESIAN_POINT ( 'NONE',  ( 14.91666666666666785, -0.5876202367904145296, 1.017788105676650900 ) ) ;
#2539 = CARTESIAN_POINT ( 'NONE',  ( -16.89583333333332149, 1.500000000000001554, 0.8660254037844392627 ) ) ;
#2540 = CALENDAR_DATE ( 2026, 8, 1 ) ;
#2541 = EDGE_LOOP ( 'NONE', ( #3648, #47, #2869, #4148 ) ) ;
#2542 = CARTESIAN_POINT ( 'NONE',  ( -12.06249999999998934, 8.309539638847769097E-17, 1.357050807568875195 ) ) ;
#2543 = CARTESIAN_POINT ( 'NONE',  ( -12.10416666666665542, -0.7500000000000013323, -1.299038105676658894 ) ) ;
#2544 = CARTESIAN_POINT ( 'NONE',  ( 12.77083333333333570, -0.7499999999999996669, -1.299038105676658228 ) ) ;
#2545 = CARTESIAN_POINT ( 'NONE',  ( -16.56249999999998579, -6.391244124090313355E-16, -1.500000000000001332 ) ) ;
#2546 = CARTESIAN_POINT ( 'NONE',  ( 15.64583333333333393, -1.500000000000000222, 0.8660254037844381525 ) ) ;
#2547 = DIRECTION ( 'NONE',  ( -1.000000000000000000, -0.000000000000000000, -0.000000000000000000 ) ) ;
#2548 = CARTESIAN_POINT ( 'NONE',  ( 13.60416666666666963, 0.5876202367904140855, -1.017788105676651345 ) ) ;
#2549 = EDGE_LOOP ( 'NONE', ( #1208, #2886, #3752 ) ) ;
#2550 = CARTESIAN_POINT ( 'NONE',  ( -14.29166666666665364, 1.175240473580833500, -0.6785254037844382635 ) ) ;
#2551 = DIRECTION ( 'NONE',  ( -1.000000000000000000, 0.000000000000000000, 0.000000000000000000 ) ) ;
#2552 = CARTESIAN_POINT ( 'NONE',  ( -11.93749999999998757, -1.175240473580833722, 1.439254484199187407E-16 ) ) ;
#2553 = CARTESIAN_POINT ( 'NONE',  ( 14.97916666666666963, -1.175240473580827505, -0.6785254037844345998 ) ) ;
#2554 = CARTESIAN_POINT ( 'NONE',  ( -12.20833333333333570, -1.500000000000001998, -0.8660254037844388186 ) ) ;
#2555 = CARTESIAN_POINT ( 'NONE',  ( -12.97916666666665542, 1.500000000000000888, -0.8660254037844402619 ) ) ;
#2556 = CARTESIAN_POINT ( 'NONE',  ( -12.10416666666665542, -0.7500000000000013323, -1.299038105676658894 ) ) ;
#2557 = ORIENTED_EDGE ( 'NONE', *, *, #4064, .F. ) ;
#2558 = EDGE_CURVE ( 'NONE', #2581, #2133, #4478, .T. ) ;
#2559 = VECTOR ( 'NONE', #1350, 1000.000000000000000 ) ;
#2560 = CARTESIAN_POINT ( 'NONE',  ( 14.89583333333333925, -1.175240473580828393, 0.6785254037844338226 ) ) ;
#2561 = CARTESIAN_POINT ( 'NONE',  ( -15.99999999999998579, -1.175240473580833722, 1.439254484199187407E-16 ) ) ;
#2562 = CARTESIAN_POINT ( 'NONE',  ( 13.12500000000000178, 8.309539638847728421E-17, -1.357050807568868533 ) ) ;
#2563 = CARTESIAN_POINT ( 'NONE',  ( -15.47916666666665542, -1.175240473580833722, 0.6785254037844379305 ) ) ;
#2564 = CONICAL_SURFACE ( 'NONE', #3676, 1.172700473580827518, 0.7853981633974492782 ) ;
#2565 = CARTESIAN_POINT ( 'NONE',  ( -13.87500011500634400, 2.159754918858649368E-06, 1.499999999998446132 ) ) ;
#2566 = EDGE_CURVE ( 'NONE', #4051, #2876, #4549, .T. ) ;
#2567 = FACE_OUTER_BOUND ( 'NONE', #4047, .T. ) ;
#2568 = VECTOR ( 'NONE', #1488, 1000.000000000000000 ) ;
#2569 = CARTESIAN_POINT ( 'NONE',  ( -17.50000000000000000, 1.948557158514986565, 1.125000000000000222 ) ) ;
#2570 = CARTESIAN_POINT ( 'NONE',  ( 13.75000000000000178, -1.500000000000000000, -1.836970198721029934E-16 ) ) ;
#2571 = SECURITY_CLASSIFICATION_LEVEL ( 'unclassified' ) ;
#2572 = B_SPLINE_CURVE_WITH_KNOTS ( 'NONE', 3,
 ( #5242, #168, #1519, #3878 ),
 .UNSPECIFIED., .F., .F.,
 ( 4, 4 ),
 ( 2.380746839933657579E-07, 0.001314652396222795163 ),
 .UNSPECIFIED. ) ;
#2573 = VERTEX_POINT ( 'NONE', #3536 ) ;
#2574 = CARTESIAN_POINT ( 'NONE',  ( -12.93749999999998757, -1.175240473580833722, 1.439254484199187407E-16 ) ) ;
#2575 = CARTESIAN_POINT ( 'NONE',  ( 17.22916666666666785, 1.175240473580827727, 0.6785254037844348218 ) ) ;
#2576 = DIRECTION ( 'NONE',  ( 0.000000000000000000, 0.000000000000000000, 1.000000000000000000 ) ) ;
#2577 = CARTESIAN_POINT ( 'NONE',  ( -12.50000000000000000, 1.500000000000001332, 0.000000000000000000 ) ) ;
#2578 = CARTESIAN_POINT ( 'NONE',  ( 12.49999999999999822, 0.000000000000000000, 0.000000000000000000 ) ) ;
#2579 = CARTESIAN_POINT ( 'NONE',  ( 12.72916666666666963, 1.175240473580827505, 0.6785254037844348218 ) ) ;
#2580 = ORIENTED_EDGE ( 'NONE', *, *, #1806, .F. ) ;
#2581 = VERTEX_POINT ( 'NONE', #5192 ) ;
#2582 = CARTESIAN_POINT ( 'NONE',  ( -13.79166666666665542, 1.175240473580833500, -0.6785254037844382635 ) ) ;
#2583 = CARTESIAN_POINT ( 'NONE',  ( -13.52083333333332149, 0.7499999999999995559, -1.299038105676659560 ) ) ;
#2584 = CARTESIAN_POINT ( 'NONE',  ( -11.89583333333332149, -1.175240473580834166, -0.6785254037844372643 ) ) ;
#2585 = CARTESIAN_POINT ( 'NONE',  ( 12.85416666666666785, -0.5876202367904145296, 1.017788105676650900 ) ) ;
#2586 = CARTESIAN_POINT ( 'NONE',  ( -12.29166666666667318, -1.500000000000000888, 0.8660254037844398178 ) ) ;
#2587 = CARTESIAN_POINT ( 'NONE',  ( -17.74999999999998934, 1.175240473580833722, 0.000000000000000000 ) ) ;
#2588 = CARTESIAN_POINT ( 'NONE',  ( -12.27083333333332149, -0.7500000000000003331, 1.299038105676659338 ) ) ;
#2589 = EDGE_LOOP ( 'NONE', ( #1975, #1113, #4, #4356 ) ) ;
#2590 = CARTESIAN_POINT ( 'NONE',  ( 15.10416666666666785, 0.5876202367904140855, -1.017788105676651345 ) ) ;
#2591 = CARTESIAN_POINT ( 'NONE',  ( 17.10267090063074491, 0.4019237886466836551, 1.500000000000000222 ) ) ;
#2592 = CARTESIAN_POINT ( 'NONE',  ( -15.49999999999998757, -1.175240473580833722, 1.439254484199187407E-16 ) ) ;
#2593 = CARTESIAN_POINT ( 'NONE',  ( 12.95833333333333570, -1.175240473580827949, 0.6785254037844338226 ) ) ;
#2594 = CARTESIAN_POINT ( 'NONE',  ( -13.27083333333332149, 0.5876202367904159729, -1.017788105676656896 ) ) ;
#2595 = CARTESIAN_POINT ( 'NONE',  ( 12.49999999999999822, 0.000000000000000000, 0.000000000000000000 ) ) ;
#2596 = CARTESIAN_POINT ( 'NONE',  ( -17.33333333333333570, -0.7500000000000003331, 1.299038105676659338 ) ) ;
#2597 = EDGE_CURVE ( 'NONE', #3051, #3428, #4144, .T. ) ;
#2598 = CARTESIAN_POINT ( 'NONE',  ( 12.49999999999999822, 0.000000000000000000, 0.000000000000000000 ) ) ;
#2599 = VERTEX_POINT ( 'NONE', #5268 ) ;
#2600 = DIRECTION ( 'NONE',  ( 0.000000000000000000, 0.000000000000000000, -1.000000000000000000 ) ) ;
#2601 = CARTESIAN_POINT ( 'NONE',  ( 15.72916666666666963, 1.175240473580827727, 0.6785254037844348218 ) ) ;
#2602 = CARTESIAN_POINT ( 'NONE',  ( -15.81249999999998579, 2.033577675846917841E-16, 1.500000000000001110 ) ) ;
#2603 = LINE ( 'NONE', #5105, #5385 ) ;
#2604 = CARTESIAN_POINT ( 'NONE',  ( 14.02083333333333393, -0.5876202367904137525, -1.017788105676651345 ) ) ;
#2605 = EDGE_CURVE ( 'NONE', #1346, #714, #4036, .T. ) ;
#2606 = ORIENTED_EDGE ( 'NONE', *, *, #1771, .T. ) ;
#2607 = B_SPLINE_CURVE_WITH_KNOTS ( 'NONE', 3,
 ( #3386, #2653, #1920, #3574, #208, #1485 ),
 .UNSPECIFIED., .F., .F.,
 ( 4, 2, 4 ),
 ( 0.01048306757349239116, 0.01114003400634943665, 0.01179700043920648214 ),
 .UNSPECIFIED. ) ;
#2608 = VERTEX_POINT ( 'NONE', #361 ) ;
#2609 = CARTESIAN_POINT ( 'NONE',  ( -14.58333333333332149, -0.5876202367904166390, 1.017788105676656674 ) ) ;
#2610 = CARTESIAN_POINT ( 'NONE',  ( -17.50000000000000000, 0.000000000000000000, 1.550800000000000622 ) ) ;
#2611 = CARTESIAN_POINT ( 'NONE',  ( -13.52083333333332149, -0.5876202367904166390, 1.017788105676656674 ) ) ;
#2612 = CARTESIAN_POINT ( 'NONE',  ( 14.56250000000000355, 8.309539638847728421E-17, -1.357050807568868533 ) ) ;
#2613 = CARTESIAN_POINT ( 'NONE',  ( -13.37500000000000178, 1.060575238724907778E-16, 1.732050807568878747 ) ) ;
#2614 = CARTESIAN_POINT ( 'NONE',  ( -16.91666666666665719, -0.5876202367904174162, -1.017788105676656230 ) ) ;
#2615 = AXIS2_PLACEMENT_3D ( 'NONE', #332, #2852, #4499 ) ;
#2616 = CARTESIAN_POINT ( 'NONE',  ( -14.91666666666665364, -0.5876202367904174162, -1.017788105676656230 ) ) ;
#2617 = VERTEX_POINT ( 'NONE', #3269 ) ;
#2618 = CARTESIAN_POINT ( 'NONE',  ( 16.08333333333333570, 0.7499999999999988898, 1.299038105676658672 ) ) ;
#2619 = CYLINDRICAL_SURFACE ( 'NONE', #4712, 1.500000000000000666 ) ;
#2620 = CARTESIAN_POINT ( 'NONE',  ( -16.45833333333332149, -1.175240473580834166, -0.6785254037844371533 ) ) ;
#2621 = CARTESIAN_POINT ( 'NONE',  ( 16.72916666666667140, -1.499999999999999778, -0.8660254037844391517 ) ) ;
#2622 = CARTESIAN_POINT ( 'NONE',  ( -15.35416666666665542, -0.5876202367904174162, -1.017788105676656230 ) ) ;
#2623 = CARTESIAN_POINT ( 'NONE',  ( 16.52083333333333570, 0.7499999999999988898, 1.299038105676658672 ) ) ;
#2624 = DIRECTION ( 'NONE',  ( -1.000000000000000000, -0.000000000000000000, -0.000000000000000000 ) ) ;
#2625 = CARTESIAN_POINT ( 'NONE',  ( -15.08482909936924621, -0.4019237886466833221, -1.500000000000001998 ) ) ;
#2626 = EDGE_CURVE ( 'NONE', #5067, #732, #4910, .T. ) ;
#2627 = CARTESIAN_POINT ( 'NONE',  ( 14.97916666666666785, 1.499999999999999778, 0.8660254037844394848 ) ) ;
#2628 = CARTESIAN_POINT ( 'NONE',  ( 12.49999999999999822, 0.000000000000000000, 0.000000000000000000 ) ) ;
#2629 = CARTESIAN_POINT ( 'NONE',  ( 16.68750000000000000, 1.175240473580827949, 0.000000000000000000 ) ) ;
#2630 = CARTESIAN_POINT ( 'NONE',  ( -17.29903810567666156, 2.598076211353316456, 9.160418186769542995E-17 ) ) ;
#2631 = CARTESIAN_POINT ( 'NONE',  ( 15.16666666666666785, -0.7500000000000006661, 1.299038105676657562 ) ) ;
#2632 = CARTESIAN_POINT ( 'NONE',  ( -17.29903810567676459, -1.299038105676814769, 2.249999999999999556 ) ) ;
#2633 = CARTESIAN_POINT ( 'NONE',  ( 13.14583333333333570, 1.175240473580827727, -0.6785254037844341557 ) ) ;
#2634 = ORIENTED_EDGE ( 'NONE', *, *, #1007, .T. ) ;
#2635 = ORIENTED_EDGE ( 'NONE', *, *, #3646, .T. ) ;
#2636 = CARTESIAN_POINT ( 'NONE',  ( -11.99999999999998757, -1.175240473580833722, 1.439254484199187407E-16 ) ) ;
#2637 = CARTESIAN_POINT ( 'NONE',  ( 13.66666666666666963, 0.5876202367904140855, -1.017788105676651345 ) ) ;
#2638 = DIRECTION ( 'NONE',  ( -1.000000000000000000, -0.000000000000000000, -0.000000000000000000 ) ) ;
#2639 = CARTESIAN_POINT ( 'NONE',  ( 15.54166666666667140, -1.175240473580827505, -0.6785254037844345998 ) ) ;
#2640 = CARTESIAN_POINT ( 'NONE',  ( -13.50000000000000178, 1.500000000000001332, 0.000000000000000000 ) ) ;
#2641 = CARTESIAN_POINT ( 'NONE',  ( -17.12499999999998934, 8.309539638847769097E-17, 1.357050807568875195 ) ) ;
#2642 = CARTESIAN_POINT ( 'NONE',  ( -14.45833333333332149, -1.175240473580834166, -0.6785254037844372643 ) ) ;
#2643 = ORIENTED_EDGE ( 'NONE', *, *, #2758, .F. ) ;
#2644 = CARTESIAN_POINT ( 'NONE',  ( 14.02083333333333393, -0.5876202367904137525, -1.017788105676651345 ) ) ;
#2645 = CARTESIAN_POINT ( 'NONE',  ( 15.08482909936926220, -0.4019237886466845988, 1.499999999999999778 ) ) ;
#2646 = CARTESIAN_POINT ( 'NONE',  ( -15.12499999999999112, 8.309539638847769097E-17, 1.357050807568875195 ) ) ;
#2647 = CARTESIAN_POINT ( 'NONE',  ( 15.60416666666666963, -0.7500000000000006661, 1.299038105676657562 ) ) ;
#2648 = CARTESIAN_POINT ( 'NONE',  ( -13.18749999999998757, 1.175240473580833722, 0.000000000000000000 ) ) ;
#2649 = DIRECTION ( 'NONE',  ( -1.000000000000000000, 0.000000000000000000, 0.000000000000000000 ) ) ;
#2650 = CARTESIAN_POINT ( 'NONE',  ( 15.54166666666667318, 1.499999999999999778, 0.8660254037844394848 ) ) ;
#2651 = CIRCLE ( 'NONE', #475, 1.550800000000000622 ) ;
#2652 = CARTESIAN_POINT ( 'NONE',  ( -15.85267092484822271, -0.4019233527319681643, 1.500000251675480012 ) ) ;
#2653 = CARTESIAN_POINT ( 'NONE',  ( -17.50000000000000711, -0.2198948976589668314, 2.250000000000000000 ) ) ;
#2654 = VECTOR ( 'NONE', #2074, 1000.000000000000000 ) ;
#2655 = DIRECTION ( 'NONE',  ( 1.000000000000000000, 0.000000000000000000, 0.000000000000000000 ) ) ;
#2656 = CARTESIAN_POINT ( 'NONE',  ( -11.10000000000000142, 0.000000000000000000, 0.000000000000000000 ) ) ;
#2657 = CARTESIAN_POINT ( 'NONE',  ( -17.42172769284587730, 2.385571612819397558, 0.3680687615027736781 ) ) ;
#2658 = CARTESIAN_POINT ( 'NONE',  ( 14.87500000000000178, 1.060575238724906915E-16, -1.732050807568877193 ) ) ;
#2659 = EDGE_CURVE ( 'NONE', #2432, #218, #3012, .T. ) ;
#2660 = FACE_OUTER_BOUND ( 'NONE', #5161, .T. ) ;
#2661 = ORIENTED_EDGE ( 'NONE', *, *, #2509, .T. ) ;
#2662 = ORIENTED_EDGE ( 'NONE', *, *, #2039, .T. ) ;
#2663 = CARTESIAN_POINT ( 'NONE',  ( -11.70833333333332149, 1.175240473580833944, 0.6785254037844374864 ) ) ;
#2664 = CARTESIAN_POINT ( 'NONE',  ( -11.43749999999998934, -1.175240473580833722, 1.439254484199187407E-16 ) ) ;
#2665 = CARTESIAN_POINT ( 'NONE',  ( 16.37500000000000355, -2.492861891654318526E-16, 1.357050807568868533 ) ) ;
#2666 = EDGE_CURVE ( 'NONE', #37, #4865, #5159, .T. ) ;
#2667 = CARTESIAN_POINT ( 'NONE',  ( -17.10416666666665719, -0.7500000000000013323, -1.299038105676658894 ) ) ;
#2668 = CARTESIAN_POINT ( 'NONE',  ( -16.70833333333332149, 1.175240473580833944, 0.6785254037844374864 ) ) ;
#2669 = CARTESIAN_POINT ( 'NONE',  ( -13.83333333333332327, 0.5876202367904159729, -1.017788105676656896 ) ) ;
#2670 = ORIENTED_EDGE ( 'NONE', *, *, #2376, .T. ) ;
#2671 = CARTESIAN_POINT ( 'NONE',  ( 13.04166666666666785, 1.499999999999999778, 0.8660254037844394848 ) ) ;
#2672 = CARTESIAN_POINT ( 'NONE',  ( 16.04166666666666785, 1.499999999999999778, 0.8660254037844394848 ) ) ;
#2673 = FACE_OUTER_BOUND ( 'NONE', #70, .T. ) ;
#2674 = CARTESIAN_POINT ( 'NONE',  ( -11.10000000000000142, 0.000000000000000000, 0.000000000000000000 ) ) ;
#2675 = CARTESIAN_POINT ( 'NONE',  ( 16.85416666666667140, 0.7500000000000002220, -1.299038105676658006 ) ) ;
#2676 =( BOUNDED_CURVE ( )  B_SPLINE_CURVE ( 2, ( #1087, #3990, #3185, #201, #4831, #231, #1111, #1864, #1890 ),
 .UNSPECIFIED., .F., .F. ) 
 B_SPLINE_CURVE_WITH_KNOTS ( ( 3, 2, 2, 2, 3 ),
 ( 0.4318181818181818232, 0.4393939393939393923, 0.4545454545454545303, 0.4696969696969697239, 0.4772727272727272929 ),
 .UNSPECIFIED. ) 
 CURVE ( )  GEOMETRIC_REPRESENTATION_ITEM ( )  RATIONAL_B_SPLINE_CURVE ( ( 0.9330127018922194093, 0.9330127018922194093, 1.000000000000000000, 0.8660254037844387076, 1.000000000000000000, 0.8660254037844387076, 1.000000000000000000, 0.9330127018922194093, 0.9330127018922194093 ) ) 
 REPRESENTATION_ITEM ( '' )  );
#2677 = CARTESIAN_POINT ( 'NONE',  ( -17.45833333333333925, 1.500000000000001554, 0.8660254037844392627 ) ) ;
#2678 = CARTESIAN_POINT ( 'NONE',  ( 12.29903810567665801, -2.598076211353315124, -8.298324231382116198E-17 ) ) ;
#2679 = CARTESIAN_POINT ( 'NONE',  ( -17.44782445198120158, 1.181790006572912111, 0.9225316642177567861 ) ) ;
#2680 = CARTESIAN_POINT ( 'NONE',  ( 13.63093770761672552, 0.6047172725526297477, 1.297442330779359443 ) ) ;
#2681 = DIRECTION ( 'NONE',  ( 0.000000000000000000, 0.000000000000000000, -1.000000000000000000 ) ) ;
#2682 = CARTESIAN_POINT ( 'NONE',  ( 14.18750000000000178, -1.500000000000000000, -1.836970198721029934E-16 ) ) ;
#2683 = CARTESIAN_POINT ( 'NONE',  ( 14.83333333333333570, -0.7499999999999996669, -1.299038105676658228 ) ) ;
#2684 = CARTESIAN_POINT ( 'NONE',  ( -15.10267351535448732, 0.4018767236193048209, -1.500027173006228454 ) ) ;
#2685 = FACE_OUTER_BOUND ( 'NONE', #3070, .T. ) ;
#2686 = VERTEX_POINT ( 'NONE', #4507 ) ;
#2687 = ORIENTED_EDGE ( 'NONE', *, *, #755, .T. ) ;
#2688 = CARTESIAN_POINT ( 'NONE',  ( -17.52083333333332149, -0.5876202367904166390, 1.017788105676656674 ) ) ;
#2689 = CARTESIAN_POINT ( 'NONE',  ( 14.66666666666666785, -0.7500000000000006661, 1.299038105676657562 ) ) ;
#2690 = DIRECTION ( 'NONE',  ( 0.000000000000000000, 0.000000000000000000, -1.000000000000000000 ) ) ;
#2691 = CARTESIAN_POINT ( 'NONE',  ( 16.25000000000000000, 1.175240473580827949, 0.000000000000000000 ) ) ;
#2692 = LINE ( 'NONE', #3909, #4730 ) ;
#2693 = CARTESIAN_POINT ( 'NONE',  ( -17.62499999999998579, 8.309539638847769097E-17, 1.357050807568875195 ) ) ;
#2694 = CARTESIAN_POINT ( 'NONE',  ( -15.41666666666665542, -0.5876202367904174162, -1.017788105676656230 ) ) ;
#2695 = ORIENTED_EDGE ( 'NONE', *, *, #1501, .T. ) ;
#2696 = CARTESIAN_POINT ( 'NONE',  ( 14.00000000000000178, 1.500000000000000000, 0.000000000000000000 ) ) ;
#2697 = EDGE_CURVE ( 'NONE', #2196, #1797, #4171, .T. ) ;
#2698 = CARTESIAN_POINT ( 'NONE',  ( 16.66666666666667140, 0.5876202367904140855, -1.017788105676651345 ) ) ;
#2699 = CARTESIAN_POINT ( 'NONE',  ( -17.29903810567666156, -2.598076211353315124, -8.861406349965492488E-17 ) ) ;
#2700 = CARTESIAN_POINT ( 'NONE',  ( -11.10000000000000142, 0.9398829575779118484, -1.100377697351961892 ) ) ;
#2701 = AXIS2_PLACEMENT_3D ( 'NONE', #5127, #4324, #4267 ) ;
#2702 = CARTESIAN_POINT ( 'NONE',  ( 12.29166666666667318, 1.175240473580827505, 0.6785254037844348218 ) ) ;
#2703 = CARTESIAN_POINT ( 'NONE',  ( -16.87500000000000000, 1.060575238724907778E-16, 1.732050807568878747 ) ) ;
#2704 =( BOUNDED_CURVE ( )  B_SPLINE_CURVE ( 2, ( #878, #4185, #1041, #1844, #482, #4733, #2707, #5182, #4348 ),
 .UNSPECIFIED., .F., .F. ) 
 B_SPLINE_CURVE_WITH_KNOTS ( ( 3, 2, 2, 2, 3 ),
 ( 0.2954545454545454697, 0.3030303030303030387, 0.3181818181818181768, 0.3333333333333333148, 0.3409090909090909394 ),
 .UNSPECIFIED. ) 
 CURVE ( )  GEOMETRIC_REPRESENTATION_ITEM ( )  RATIONAL_B_SPLINE_CURVE ( ( 0.9330127018922194093, 0.9330127018922194093, 1.000000000000000000, 0.8660254037844387076, 1.000000000000000000, 0.8660254037844387076, 1.000000000000000000, 0.9330127018922191873, 0.9330127018922194093 ) ) 
 REPRESENTATION_ITEM ( '' )  );
#2705 = CARTESIAN_POINT ( 'NONE',  ( -16.04166666666666785, 1.500000000000000888, -0.8660254037844402619 ) ) ;
#2706 = ADVANCED_FACE ( 'NONE', ( #793 ), #4101, .F. ) ;
#2707 = CARTESIAN_POINT ( 'NONE',  ( 16.10416666666666785, -0.7500000000000006661, 1.299038105676657562 ) ) ;
#2708 = CARTESIAN_POINT ( 'NONE',  ( -17.12444047358083665, -0.007890937125925152895, 1.175213982155495440 ) ) ;
#2709 = CARTESIAN_POINT ( 'NONE',  ( 12.35982603588908191, -1.088462538446927086, 2.250000000000000000 ) ) ;
#2710 = CARTESIAN_POINT ( 'NONE',  ( 16.04166666666667140, 1.499999999999999778, 0.8660254037844394848 ) ) ;
#2711 = CARTESIAN_POINT ( 'NONE',  ( -17.24366543590808121, -2.868224771566699788E-11, -1.294465435908080719 ) ) ;
#2712 = CARTESIAN_POINT ( 'NONE',  ( -17.12444047358083310, -2.097490117087823006E-14, 1.175240473580834832 ) ) ;
#2713 = ORIENTED_EDGE ( 'NONE', *, *, #2558, .T. ) ;
#2714 = ORIENTED_EDGE ( 'NONE', *, *, #419, .F. ) ;
#2715 = CARTESIAN_POINT ( 'NONE',  ( -17.35416666666665364, -0.5876202367904174162, -1.017788105676656230 ) ) ;
#2716 = CARTESIAN_POINT ( 'NONE',  ( -14.43749999999998934, 1.500000000000001332, 0.000000000000000000 ) ) ;
#2717 = CARTESIAN_POINT ( 'NONE',  ( 16.81250000000000355, -1.191095495853194869E-15, -1.499999999999999778 ) ) ;
#2718 = CARTESIAN_POINT ( 'NONE',  ( 16.54166666666667140, -1.175240473580827505, -0.6785254037844345998 ) ) ;
#2719 = CARTESIAN_POINT ( 'NONE',  ( 13.48026220551708221, -0.7038683769018585501, 1.071045110922836718 ) ) ;
#2720 = CARTESIAN_POINT ( 'NONE',  ( -14.33333333333332149, 0.5876202367904159729, -1.017788105676656896 ) ) ;
#2721 = CARTESIAN_POINT ( 'NONE',  ( -14.54166666666665542, -1.175240473580833500, 0.6785254037844380415 ) ) ;
#2722 = CARTESIAN_POINT ( 'NONE',  ( 12.95833333333333570, 1.500000000000000222, -0.8660254037844384856 ) ) ;
#2723 = B_SPLINE_CURVE_WITH_KNOTS ( 'NONE', 3,
 ( #2137, #3781, #4209, #2165 ),
 .UNSPECIFIED., .F., .F.,
 ( 4, 4 ),
 ( 2.380746839932584494E-07, 0.001314652396222795597 ),
 .UNSPECIFIED. ) ;
#2724 = CARTESIAN_POINT ( 'NONE',  ( 17.44975952641917161, -0.9519291851245524905, 0.6892176704427956935 ) ) ;
#2725 = CARTESIAN_POINT ( 'NONE',  ( 13.77083333333333570, -0.7499999999999996669, -1.299038105676658228 ) ) ;
#2726 = CARTESIAN_POINT ( 'NONE',  ( -13.12591874435326034, -5.120537220594853891E-05, -1.499999998284378355 ) ) ;
#2727 = CARTESIAN_POINT ( 'NONE',  ( 16.06250000000000000, -3.181725716174720005E-16, 1.732050807568877193 ) ) ;
#2728 = CARTESIAN_POINT ( 'NONE',  ( -16.83333333333333570, -0.7500000000000003331, 1.299038105676659338 ) ) ;
#2729 = EDGE_CURVE ( 'NONE', #788, #2196, #1943, .T. ) ;
#2730 = CARTESIAN_POINT ( 'NONE',  ( 15.58333333333333393, 0.7499999999999988898, 1.299038105676658672 ) ) ;
#2731 = CARTESIAN_POINT ( 'NONE',  ( -17.39583333333332149, 1.500000000000001110, 0.8660254037844392627 ) ) ;
#2732 = ADVANCED_FACE ( 'NONE', ( #2079 ), #3355, .F. ) ;
#2733 = CARTESIAN_POINT ( 'NONE',  ( 13.65329359036992507, -6.100733027540753030E-16, 1.450994063950751034 ) ) ;
#2734 = VECTOR ( 'NONE', #935, 1000.000000000000000 ) ;
#2735 = CARTESIAN_POINT ( 'NONE',  ( -17.29903810567676459, -1.299038105676813881, -2.249999999999999556 ) ) ;
#2736 = CARTESIAN_POINT ( 'NONE',  ( 16.37500000000000355, 1.060575238724906915E-16, -1.732050807568877193 ) ) ;
#2737 = CARTESIAN_POINT ( 'NONE',  ( -17.15115929258114491, 1.163110276153870748, 0.3264420362325652358 ) ) ;
#2738 = CIRCLE ( 'NONE', #4629, 2.249999999999999556 ) ;
#2739 = CARTESIAN_POINT ( 'NONE',  ( -15.81249999999998757, 2.033577675846917841E-16, 1.500000000000001110 ) ) ;
#2740 = ORIENTED_EDGE ( 'NONE', *, *, #764, .F. ) ;
#2741 = CARTESIAN_POINT ( 'NONE',  ( -16.27083333333332149, 0.5876202367904159729, -1.017788105676656896 ) ) ;
#2742 = CARTESIAN_POINT ( 'NONE',  ( 17.10416666666667140, -0.7500000000000006661, 1.299038105676657562 ) ) ;
#2743 = CYLINDRICAL_SURFACE ( 'NONE', #1689, 1.500000000000000666 ) ;
#2744 = CARTESIAN_POINT ( 'NONE',  ( 12.27083333333333570, 0.5876202367904130863, 1.017788105676651789 ) ) ;
#2745 = CARTESIAN_POINT ( 'NONE',  ( -17.50000000000000355, -2.058803302138241698, 0.9340480779059863181 ) ) ;
#2746 = CARTESIAN_POINT ( 'NONE',  ( -14.70833333333332149, 1.175240473580833944, 0.6785254037844374864 ) ) ;
#2747 = CARTESIAN_POINT ( 'NONE',  ( -12.08333333333332149, -0.5876202367904166390, 1.017788105676656674 ) ) ;
#2748 = CARTESIAN_POINT ( 'NONE',  ( 17.52083333333333570, -0.5876202367904137525, -1.017788105676651345 ) ) ;
#2749 = CARTESIAN_POINT ( 'NONE',  ( 17.33333333333333570, 0.5876202367904130863, 1.017788105676651789 ) ) ;
#2750 = DIRECTION ( 'NONE',  ( 0.000000000000000000, 0.000000000000000000, -1.000000000000000000 ) ) ;
#2751 = LINE ( 'NONE', #3593, #474 ) ;
#2752 = CARTESIAN_POINT ( 'NONE',  ( 14.77083333333333570, -0.7499999999999996669, -1.299038105676658228 ) ) ;
#2753 = CARTESIAN_POINT ( 'NONE',  ( -16.91666666666667140, 0.7500000000000008882, 1.299038105676659116 ) ) ;
#2754 = FACE_OUTER_BOUND ( 'NONE', #1414, .T. ) ;
#2755 = CARTESIAN_POINT ( 'NONE',  ( 13.38809184293202570, -1.019923240186830338, 0.6165642311182366608 ) ) ;
#2756 = CARTESIAN_POINT ( 'NONE',  ( -12.64732829847209850, -0.4019093724977790827, -1.500008323167452584 ) ) ;
#2757 = ORIENTED_EDGE ( 'NONE', *, *, #931, .T. ) ;
#2758 = EDGE_CURVE ( 'NONE', #2380, #218, #132, .T. ) ;
#2759 = CYLINDRICAL_SURFACE ( 'NONE', #4286, 1.500000000000000666 ) ;
#2760 = CARTESIAN_POINT ( 'NONE',  ( 14.58333333333333570, 0.7499999999999988898, 1.299038105676658672 ) ) ;
#2761 = CARTESIAN_POINT ( 'NONE',  ( -17.50000000000000000, 1.899182256117716029E-16, -1.550800000000000622 ) ) ;
#2762 = APPLICATION_PROTOCOL_DEFINITION ( 'international standard', 'config_control_design', 1994, #4268 ) ;
#2763 = ORIENTED_EDGE ( 'NONE', *, *, #639, .T. ) ;
#2764 = CARTESIAN_POINT ( 'NONE',  ( -14.22916666666665364, 1.175240473580833500, -0.6785254037844382635 ) ) ;
#2765 = CARTESIAN_POINT ( 'NONE',  ( -17.50000000000000000, 0.000000000000000000, 0.000000000000000000 ) ) ;
#2766 = FACE_OUTER_BOUND ( 'NONE', #1160, .T. ) ;
#2767 = CARTESIAN_POINT ( 'NONE',  ( 15.41666666666666963, -0.5876202367904145296, 1.017788105676650900 ) ) ;
#2768 = CARTESIAN_POINT ( 'NONE',  ( -17.29903810567666156, -2.598076211353315124, -8.861406349965492488E-17 ) ) ;
#2769 = CARTESIAN_POINT ( 'NONE',  ( -13.24999999999998757, 1.175240473580833722, 0.000000000000000000 ) ) ;
#2770 = CARTESIAN_POINT ( 'NONE',  ( -13.16666666666665542, 0.5876202367904169721, 1.017788105676656452 ) ) ;
#2771 = CARTESIAN_POINT ( 'NONE',  ( 12.75000000000000178, -1.500000000000000000, -1.836970198721029934E-16 ) ) ;
#2772 = ADVANCED_FACE ( 'NONE', ( #3885 ), #1083, .T. ) ;
#2773 = CARTESIAN_POINT ( 'NONE',  ( 17.25000000000000000, 1.175240473580827949, 0.000000000000000000 ) ) ;
#2774 = CARTESIAN_POINT ( 'NONE',  ( 15.47916666666666785, -1.175240473580827505, -0.6785254037844345998 ) ) ;
#2775 = CARTESIAN_POINT ( 'NONE',  ( -12.39583333333332149, -1.175240473580834166, -0.6785254037844371533 ) ) ;
#2776 = ORIENTED_EDGE ( 'NONE', *, *, #141, .F. ) ;
#2777 = CARTESIAN_POINT ( 'NONE',  ( 16.58333333333333570, -0.5876202367904137525, -1.017788105676651345 ) ) ;
#2778 = DIRECTION ( 'NONE',  ( 1.000000000000000000, 0.000000000000000000, 0.000000000000000000 ) ) ;
#2779 = CARTESIAN_POINT ( 'NONE',  ( 16.85267090063074846, -0.4019237886466842102, -1.499999999999999778 ) ) ;
#2780 = ORIENTED_EDGE ( 'NONE', *, *, #4205, .F. ) ;
#2781 = LINE ( 'NONE', #691, #1154 ) ;
#2782 = CARTESIAN_POINT ( 'NONE',  ( -14.06249999999998757, -6.391244124090313355E-16, -1.500000000000001332 ) ) ;
#2783 = EDGE_CURVE ( 'NONE', #3006, #862, #2108, .T. ) ;
#2784 = CARTESIAN_POINT ( 'NONE',  ( 17.50000000000000000, 1.607348923880900299E-16, -1.124999999999998446 ) ) ;
#2785 = ORIENTED_EDGE ( 'NONE', *, *, #992, .T. ) ;
#2786 = CARTESIAN_POINT ( 'NONE',  ( -15.52083333333331971, -0.5876202367904166390, 1.017788105676656674 ) ) ;
#2787 = CARTESIAN_POINT ( 'NONE',  ( 17.27805809603277254, 0.8564289529698192460, -1.043083320914467427 ) ) ;
#2788 = CARTESIAN_POINT ( 'NONE',  ( -13.54166666666666963, 1.500000000000000888, -0.8660254037844402619 ) ) ;
#2789 = CARTESIAN_POINT ( 'NONE',  ( 14.83333333333333570, 0.5876202367904130863, 1.017788105676651789 ) ) ;
#2790 = CARTESIAN_POINT ( 'NONE',  ( 12.49999999999999822, 1.836970198721030181E-16, 1.500000000000000222 ) ) ;
#2791 = CARTESIAN_POINT ( 'NONE',  ( -14.58333333333332149, -0.5876202367904166390, 1.017788105676656674 ) ) ;
#2792 = CARTESIAN_POINT ( 'NONE',  ( -13.37499999999998757, -2.492861891654330359E-16, -1.357050807568875195 ) ) ;
#2793 = CARTESIAN_POINT ( 'NONE',  ( 16.35416666666667140, -0.5876202367904145296, 1.017788105676650900 ) ) ;
#2794 = CARTESIAN_POINT ( 'NONE',  ( 16.45833333333333570, -1.175240473580828393, 0.6785254037844338226 ) ) ;
#2795 = CARTESIAN_POINT ( 'NONE',  ( -16.47916666666665719, -1.175240473580833500, 0.6785254037844380415 ) ) ;
#2796 = CARTESIAN_POINT ( 'NONE',  ( 16.02083333333333570, -0.5876202367904137525, -1.017788105676651345 ) ) ;
#2797 = CARTESIAN_POINT ( 'NONE',  ( -14.79166666666666785, -1.500000000000000888, 0.8660254037844398178 ) ) ;
#2798 = VERTEX_POINT ( 'NONE', #2994 ) ;
#2799 = CARTESIAN_POINT ( 'NONE',  ( 15.91666666666666963, -0.5876202367904145296, 1.017788105676650900 ) ) ;
#2800 = CARTESIAN_POINT ( 'NONE',  ( -15.89732912358674355, 0.4019242245613274811, 1.499999748324564841 ) ) ;
#2801 = FACE_OUTER_BOUND ( 'NONE', #2115, .T. ) ;
#2802 = ORIENTED_EDGE ( 'NONE', *, *, #4746, .F. ) ;
#2803 = ORIENTED_EDGE ( 'NONE', *, *, #3532, .T. ) ;
#2804 = CARTESIAN_POINT ( 'NONE',  ( 16.41666666666667140, 0.7500000000000002220, -1.299038105676658006 ) ) ;
#2805 = CARTESIAN_POINT ( 'NONE',  ( -17.18749999999998579, -1.500000000000001332, 1.836970198721031413E-16 ) ) ;
#2806 = AXIS2_PLACEMENT_3D ( 'NONE', #1923, #2830, #286 ) ;
#2807 = B_SPLINE_CURVE_WITH_KNOTS ( 'NONE', 3,
 ( #1478, #1548, #300, #705, #3133, #1059, #3108, #2724 ),
 .UNSPECIFIED., .F., .F.,
 ( 4, 2, 2, 4 ),
 ( 0.007466650099368936713, 0.008031809525262211327, 0.008314389238208846900, 0.008596968951155484207 ),
 .UNSPECIFIED. ) ;
#2808 = ORIENTED_EDGE ( 'NONE', *, *, #5123, .T. ) ;
#2809 = CARTESIAN_POINT ( 'NONE',  ( -13.72916666666665542, 1.175240473580833500, -0.6785254037844382635 ) ) ;
#2810 = CARTESIAN_POINT ( 'NONE',  ( 17.25694006274940406, 0.3391627657688175423, -1.336311218570199078 ) ) ;
#2811 = DIRECTION ( 'NONE',  ( -1.000000000000000000, -0.000000000000000000, -0.000000000000000000 ) ) ;
#2812 = CARTESIAN_POINT ( 'NONE',  ( 15.29166666666666785, 1.175240473580827505, 0.6785254037844348218 ) ) ;
#2813 = AXIS2_PLACEMENT_3D ( 'NONE', #2252, #3499, #5155 ) ;
#2814 = VECTOR ( 'NONE', #1260, 1000.000000000000000 ) ;
#2815 = CARTESIAN_POINT ( 'NONE',  ( -13.83333333333332327, 0.5876202367904159729, -1.017788105676656896 ) ) ;
#2816 = CARTESIAN_POINT ( 'NONE',  ( -12.20833333333332149, 1.175240473580833722, 0.6785254037844374864 ) ) ;
#2817 = CARTESIAN_POINT ( 'NONE',  ( 15.93750000000000000, -1.175240473580827949, -1.439254484199180504E-16 ) ) ;
#2818 = CIRCLE ( 'NONE', #2813, 2.249999999999999556 ) ;
#2819 = APPROVAL_PERSON_ORGANIZATION ( #3352, #1816, #1312 ) ;
#2820 = EDGE_CURVE ( 'NONE', #3196, #313, #2102, .T. ) ;
#2821 = CARTESIAN_POINT ( 'NONE',  ( 16.00000000000000000, -1.175240473580827949, -1.439254484199180504E-16 ) ) ;
#2822 = CARTESIAN_POINT ( 'NONE',  ( -14.72916666666665364, 1.175240473580833056, -0.6785254037844382635 ) ) ;
#2823 = CARTESIAN_POINT ( 'NONE',  ( 16.31250000000000000, -2.492861891654318526E-16, 1.357050807568868533 ) ) ;
#2824 = CARTESIAN_POINT ( 'NONE',  ( -14.04166666666666963, 1.500000000000000888, -0.8660254037844402619 ) ) ;
#2825 = CARTESIAN_POINT ( 'NONE',  ( 15.08333333333333570, -0.5876202367904137525, -1.017788105676651345 ) ) ;
#2826 = CARTESIAN_POINT ( 'NONE',  ( -16.68749999999998579, 1.175240473580833722, 0.000000000000000000 ) ) ;
#2827 = CARTESIAN_POINT ( 'NONE',  ( -12.66666666666666785, -0.7500000000000013323, -1.299038105676658894 ) ) ;
#2828 = ORIENTED_EDGE ( 'NONE', *, *, #785, .F. ) ;
#2829 = CARTESIAN_POINT ( 'NONE',  ( -11.95833333333333393, 1.500000000000001110, 0.8660254037844392627 ) ) ;
#2830 = DIRECTION ( 'NONE',  ( 1.000000000000000000, 0.000000000000000000, -0.000000000000000000 ) ) ;
#2831 =( BOUNDED_CURVE ( )  B_SPLINE_CURVE ( 2, ( #2260, #1471, #3073, #648, #2238, #3907, #4309, #3100, #2287 ),
 .UNSPECIFIED., .F., .T. ) 
 B_SPLINE_CURVE_WITH_KNOTS ( ( 3, 2, 2, 2, 3 ),
 ( 0.4423076923076923461, 0.4487179487179487336, 0.4615384615384615641, 0.4743589743589743390, 0.4807692307692307820 ),
 .UNSPECIFIED. ) 
 CURVE ( )  GEOMETRIC_REPRESENTATION_ITEM ( )  RATIONAL_B_SPLINE_CURVE ( ( 0.9330127018922194093, 0.9330127018922196314, 1.000000000000000000, 0.8660254037844387076, 1.000000000000000000, 0.8660254037844387076, 1.000000000000000000, 0.9330127018922190762, 0.9330127018922194093 ) ) 
 REPRESENTATION_ITEM ( '' )  );
#2832 = CARTESIAN_POINT ( 'NONE',  ( -16.10416666666665719, -0.7500000000000013323, -1.299038105676658894 ) ) ;
#2833 = CARTESIAN_POINT ( 'NONE',  ( 17.22296149849234581, -0.5543862954239416885, -1.295492022791940645 ) ) ;
#2834 = ORIENTED_EDGE ( 'NONE', *, *, #2394, .F. ) ;
#2835 = CARTESIAN_POINT ( 'NONE',  ( -15.85416666666665542, -0.5876202367904174162, -1.017788105676656230 ) ) ;
#2836 = CARTESIAN_POINT ( 'NONE',  ( 12.48075666599056355, 2.168904970561404078, 0.7433463941989684187 ) ) ;
#2837 = CARTESIAN_POINT ( 'NONE',  ( 14.06250000000000355, -3.181725716174720005E-16, 1.732050807568877193 ) ) ;
#2838 = CARTESIAN_POINT ( 'NONE',  ( 13.81250000000000000, 2.033577675846917841E-16, -1.499999999999999778 ) ) ;
#2839 = CARTESIAN_POINT ( 'NONE',  ( 13.65763487525154751, -0.1192321325949747823, 1.455335348832373477 ) ) ;
#2840 = CARTESIAN_POINT ( 'NONE',  ( -11.62499999999998934, 8.309539638847769097E-17, 1.357050807568875195 ) ) ;
#2841 = CARTESIAN_POINT ( 'NONE',  ( 15.10416666666666785, 0.5876202367904140855, -1.017788105676651345 ) ) ;
#2842 =( BOUNDED_CURVE ( )  B_SPLINE_CURVE ( 2, ( #5311, #4070, #2427, #3667, #4788, #4528, #4917, #2645, #2187 ),
 .UNSPECIFIED., .F., .F. ) 
 B_SPLINE_CURVE_WITH_KNOTS ( ( 3, 2, 2, 2, 3 ),
 ( 0.4772727272727272929, 0.4848484848484848619, 0.5000000000000000000, 0.5151515151515151381, 0.5227272727272727071 ),
 .UNSPECIFIED. ) 
 CURVE ( )  GEOMETRIC_REPRESENTATION_ITEM ( )  RATIONAL_B_SPLINE_CURVE ( ( 0.9330127018922194093, 0.9330127018922194093, 1.000000000000000000, 0.8660254037844387076, 1.000000000000000000, 0.8660254037844387076, 1.000000000000000000, 0.9330127018922194093, 0.9330127018922194093 ) ) 
 REPRESENTATION_ITEM ( '' )  );
#2843 = CARTESIAN_POINT ( 'NONE',  ( 15.00000000000000355, -1.175240473580827949, -1.439254484199180504E-16 ) ) ;
#2844 = CARTESIAN_POINT ( 'NONE',  ( -14.56249999999998757, 8.309539638847769097E-17, 1.357050807568875195 ) ) ;
#2845 = CARTESIAN_POINT ( 'NONE',  ( 15.93750000000000000, -1.175240473580827949, -1.439254484199180504E-16 ) ) ;
#2846 = CARTESIAN_POINT ( 'NONE',  ( -15.54166666666667140, 1.500000000000000888, -0.8660254037844402619 ) ) ;
#2847 = LINE ( 'NONE', #782, #1784 ) ;
#2848 = VERTEX_POINT ( 'NONE', #3568 ) ;
#2849 = EDGE_CURVE ( 'NONE', #165, #3288, #2751, .T. ) ;
#2850 = CARTESIAN_POINT ( 'NONE',  ( 15.70833333333333570, 1.175240473580827727, -0.6785254037844341557 ) ) ;
#2851 = CARTESIAN_POINT ( 'NONE',  ( -16.89583333333332149, -1.175240473580834166, -0.6785254037844371533 ) ) ;
#2852 = DIRECTION ( 'NONE',  ( -1.000000000000000000, -0.000000000000000000, -0.000000000000000000 ) ) ;
#2853 = ORIENTED_EDGE ( 'NONE', *, *, #4598, .T. ) ;
#2854 = CARTESIAN_POINT ( 'NONE',  ( -17.50000000000000000, 1.948557158514987231, -1.124999999999999112 ) ) ;
#2855 = CARTESIAN_POINT ( 'NONE',  ( -13.87500011500634400, 2.159754918858649368E-06, 1.499999999998446132 ) ) ;
#2856 = EDGE_CURVE ( 'NONE', #4740, #5190, #1320, .T. ) ;
#2857 = CONICAL_SURFACE ( 'NONE', #2701, 2.250000000000000000, 1.047197551196600074 ) ;
#2858 = CARTESIAN_POINT ( 'NONE',  ( -17.02083333333332149, 0.7499999999999995559, -1.299038105676659560 ) ) ;
#2859 = DIRECTION ( 'NONE',  ( 1.000000000000000000, 0.000000000000000000, 0.000000000000000000 ) ) ;
#2860 = ORIENTED_EDGE ( 'NONE', *, *, #2729, .F. ) ;
#2861 = CARTESIAN_POINT ( 'NONE',  ( -15.77083333333332149, 0.5876202367904159729, -1.017788105676656896 ) ) ;
#2862 =( BOUNDED_CURVE ( )  B_SPLINE_CURVE ( 2, ( #2220, #4646, #3405, #954, #3441, #5063, #1782, #3834, #927 ),
 .UNSPECIFIED., .F., .F. ) 
 B_SPLINE_CURVE_WITH_KNOTS ( ( 3, 2, 2, 2, 3 ),
 ( 0.4807692307692307820, 0.4871794871794871695, 0.5000000000000000000, 0.5128205128205127750, 0.5192307692307692735 ),
 .UNSPECIFIED. ) 
 CURVE ( )  GEOMETRIC_REPRESENTATION_ITEM ( )  RATIONAL_B_SPLINE_CURVE ( ( 0.9330127018922194093, 0.9330127018922196314, 1.000000000000000000, 0.8660254037844387076, 1.000000000000000000, 0.8660254037844387076, 1.000000000000000000, 0.9330127018922187432, 0.9330127018922192983 ) ) 
 REPRESENTATION_ITEM ( '' )  );
#2863 = CARTESIAN_POINT ( 'NONE',  ( 12.49999999999999822, 1.948557158514986565, 1.125000000000000222 ) ) ;
#2864 = CARTESIAN_POINT ( 'NONE',  ( 13.14583333333333570, -1.500000000000000444, 0.8660254037844380415 ) ) ;
#2865 = CARTESIAN_POINT ( 'NONE',  ( 16.83482909936926575, 0.4019237886466835996, -1.500000000000000444 ) ) ;
#2866 = CARTESIAN_POINT ( 'NONE',  ( -11.41666666666665542, -0.5876202367904174162, -1.017788105676656230 ) ) ;
#2867 = CARTESIAN_POINT ( 'NONE',  ( -11.64732978607276159, -0.4019361493096877402, -1.499992863567888968 ) ) ;
#2868 = CARTESIAN_POINT ( 'NONE',  ( 17.02083333333333570, -0.5876202367904137525, -1.017788105676651345 ) ) ;
#2869 = ORIENTED_EDGE ( 'NONE', *, *, #4064, .T. ) ;
#2870 = CARTESIAN_POINT ( 'NONE',  ( 15.66666666666666963, 0.5876202367904140855, -1.017788105676651345 ) ) ;
#2871 = CARTESIAN_POINT ( 'NONE',  ( -16.68749999999998579, 1.175240473580833722, 0.000000000000000000 ) ) ;
#2872 = CARTESIAN_POINT ( 'NONE',  ( 16.43750000000000000, -1.175240473580827949, -1.439254484199180504E-16 ) ) ;
#2873 = CARTESIAN_POINT ( 'NONE',  ( -14.41666666666666785, 0.7500000000000008882, 1.299038105676659116 ) ) ;
#2874 = CARTESIAN_POINT ( 'NONE',  ( -15.45833333333333570, 1.500000000000001110, 0.8660254037844392627 ) ) ;
#2875 = CARTESIAN_POINT ( 'NONE',  ( -12.14583333333332149, -1.500000000000001998, -0.8660254037844388186 ) ) ;
#2876 = VERTEX_POINT ( 'NONE', #632 ) ;
#2877 = CARTESIAN_POINT ( 'NONE',  ( 12.41666666666666963, -0.5876202367904145296, 1.017788105676650900 ) ) ;
#2878 = EDGE_CURVE ( 'NONE', #868, #855, #813, .T. ) ;
#2879 = CARTESIAN_POINT ( 'NONE',  ( -16.56249999999998579, 8.309539638847769097E-17, 1.357050807568875195 ) ) ;
#2880 = DIRECTION ( 'NONE',  ( 0.000000000000000000, 0.000000000000000000, -1.000000000000000000 ) ) ;
#2881 = ORIENTED_EDGE ( 'NONE', *, *, #2697, .F. ) ;
#2882 = CARTESIAN_POINT ( 'NONE',  ( 12.48056367494013941, 0.4426079883655462122, 2.249999999999999556 ) ) ;
#2883 = CYLINDRICAL_SURFACE ( 'NONE', #3417, 1.500000000000000222 ) ;
#2884 = ADVANCED_FACE ( 'NONE', ( #1529 ), #1428, .T. ) ;
#2885 = CARTESIAN_POINT ( 'NONE',  ( -14.93749999999998934, 1.500000000000001332, 0.000000000000000000 ) ) ;
#2886 = ORIENTED_EDGE ( 'NONE', *, *, #1338, .F. ) ;
#2887 = CARTESIAN_POINT ( 'NONE',  ( 12.50000000000000000, 2.058803302138242142, 0.9340480779059869842 ) ) ;
#2888 = CARTESIAN_POINT ( 'NONE',  ( 12.89583333333333570, 1.500000000000000222, -0.8660254037844384856 ) ) ;
#2889 = CARTESIAN_POINT ( 'NONE',  ( -12.60267009973802566, 0.4019382047155978799, -1.499991676878733360 ) ) ;
#2890 = CARTESIAN_POINT ( 'NONE',  ( -12.37499999999998934, -2.492861891654330359E-16, -1.357050807568875195 ) ) ;
#2891 = CARTESIAN_POINT ( 'NONE',  ( -17.18745014228830570, 0.3862543263131458238, 1.180361225954236426 ) ) ;
#2892 = CARTESIAN_POINT ( 'NONE',  ( 15.43750000000000178, -1.175240473580827949, -1.439254484199180504E-16 ) ) ;
#2893 = ORIENTED_EDGE ( 'NONE', *, *, #461, .T. ) ;
#2894 =( BOUNDED_CURVE ( )  B_SPLINE_CURVE ( 1, ( #2958, #487 ),
 .UNSPECIFIED., .F., .F. ) 
 B_SPLINE_CURVE_WITH_KNOTS ( ( 2, 2 ),
 ( 0.000000000000000000, 1.000000000000000000 ),
 .UNSPECIFIED. ) 
 CURVE ( )  GEOMETRIC_REPRESENTATION_ITEM ( )  RATIONAL_B_SPLINE_CURVE ( ( 0.9605540131629604073, 0.9605540131629604073 ) ) 
 REPRESENTATION_ITEM ( '' )  );
#2895 = AXIS2_PLACEMENT_3D ( 'NONE', #5388, #2191, #3287 ) ;
#2896 = CARTESIAN_POINT ( 'NONE',  ( -13.74999999999998757, 1.175240473580833722, 0.000000000000000000 ) ) ;
#2897 = VECTOR ( 'NONE', #5212, 1000.000000000000000 ) ;
#2898 = CARTESIAN_POINT ( 'NONE',  ( 14.37500000000000000, -2.492861891654318526E-16, 1.357050807568868311 ) ) ;
#2899 = CARTESIAN_POINT ( 'NONE',  ( -16.35416666666665719, -0.5876202367904174162, -1.017788105676656230 ) ) ;
#2900 = CARTESIAN_POINT ( 'NONE',  ( 14.60416666666666785, 0.5876202367904140855, -1.017788105676651345 ) ) ;
#2901 = CARTESIAN_POINT ( 'NONE',  ( -16.25000000000000000, -1.500000000000001332, 1.836970198721031413E-16 ) ) ;
#2902 = CARTESIAN_POINT ( 'NONE',  ( -15.41666666666666963, 0.7500000000000008882, 1.299038105676659116 ) ) ;
#2903 = CARTESIAN_POINT ( 'NONE',  ( -13.18749999999998757, -1.500000000000001332, 1.836970198721031413E-16 ) ) ;
#2904 = ORIENTED_EDGE ( 'NONE', *, *, #4382, .T. ) ;
#2905 = VECTOR ( 'NONE', #294, 1000.000000000000000 ) ;
#2906 = AXIS2_PLACEMENT_3D ( 'NONE', #1954, #4432, #721 ) ;
#2907 = CARTESIAN_POINT ( 'NONE',  ( 13.00000000000000178, -1.175240473580827949, -1.439254484199180504E-16 ) ) ;
#2908 = CARTESIAN_POINT ( 'NONE',  ( -17.44782445198120158, 1.181790006572912111, 0.9225316642177567861 ) ) ;
#2909 = CARTESIAN_POINT ( 'NONE',  ( -11.31948126914685737, 0.7632876171811795452, -0.8936342563442601916 ) ) ;
#2910 = ORIENTED_EDGE ( 'NONE', *, *, #64, .T. ) ;
#2911 = DIRECTION ( 'NONE',  ( 1.000000000000000000, 0.000000000000000000, -0.000000000000000000 ) ) ;
#2912 = CARTESIAN_POINT ( 'NONE',  ( -17.12519676005894098, -1.147966556034699295E-05, -1.499999999921087790 ) ) ;
#2913 = CARTESIAN_POINT ( 'NONE',  ( 12.49999999999999822, 0.000000000000000000, 0.000000000000000000 ) ) ;
#2914 = CARTESIAN_POINT ( 'NONE',  ( 13.41666666666666963, -0.5876202367904145296, 1.017788105676650900 ) ) ;
#2915 = CARTESIAN_POINT ( 'NONE',  ( -16.72916666666665719, -1.500000000000000888, 0.8660254037844398178 ) ) ;
#2916 = PERSON_AND_ORGANIZATION_ROLE ( 'creator' ) ;
#2917 = EDGE_CURVE ( 'NONE', #4928, #4051, #2676, .T. ) ;
#2918 = UNCERTAINTY_MEASURE_WITH_UNIT (LENGTH_MEASURE( 1.000000000000000082E-05 ), #3999, 'distance_accuracy_value', 'NONE');
#2919 = ORIENTED_EDGE ( 'NONE', *, *, #3621, .F. ) ;
#2920 = CARTESIAN_POINT ( 'NONE',  ( -17.06249999999998579, -6.391244124090313355E-16, -1.500000000000001332 ) ) ;
#2921 = CARTESIAN_POINT ( 'NONE',  ( 17.35416666666666785, -0.5876202367904145296, 1.017788105676650900 ) ) ;
#2922 = CARTESIAN_POINT ( 'NONE',  ( 12.81250000000000000, 1.060575238724906915E-16, -1.732050807568877193 ) ) ;
#2923 = CARTESIAN_POINT ( 'NONE',  ( 17.50000000000000000, 1.500000000000000000, 0.000000000000000000 ) ) ;
#2924 = CARTESIAN_POINT ( 'NONE',  ( -11.31948189766699109, 0.7632804671400965635, -0.8936403634711774790 ) ) ;
#2925 = CARTESIAN_POINT ( 'NONE',  ( -17.32471146616678226, 1.207115714413126595, 0.6872024613656310121 ) ) ;
#2926 = CARTESIAN_POINT ( 'NONE',  ( 13.81250000000000000, -2.492861891654318526E-16, 1.357050807568868533 ) ) ;
#2927 = ORIENTED_EDGE ( 'NONE', *, *, #2450, .F. ) ;
#2928 = CARTESIAN_POINT ( 'NONE',  ( -14.04166666666665542, -1.175240473580833722, 0.6785254037844379305 ) ) ;
#2929 = CARTESIAN_POINT ( 'NONE',  ( 17.34895070927838745, -1.185070290453877018, 0.4828011554010981365 ) ) ;
#2930 = CARTESIAN_POINT ( 'NONE',  ( -12.47916666666665719, -1.175240473580833500, 0.6785254037844380415 ) ) ;
#2931 = CARTESIAN_POINT ( 'NONE',  ( 15.14583333333333570, 1.175240473580827727, -0.6785254037844341557 ) ) ;
#2932 = EDGE_CURVE ( 'NONE', #5361, #3453, #1034, .T. ) ;
#2933 = CARTESIAN_POINT ( 'NONE',  ( -13.16666666666666785, -0.7500000000000013323, -1.299038105676658894 ) ) ;
#2934 = CARTESIAN_POINT ( 'NONE',  ( -15.79017090063072892, -0.4019237886466842102, 1.500000000000001110 ) ) ;
#2935 = CARTESIAN_POINT ( 'NONE',  ( -13.60416666666665542, -0.7500000000000013323, -1.299038105676658894 ) ) ;
#2936 = ORIENTED_EDGE ( 'NONE', *, *, #204, .T. ) ;
#2937 = CARTESIAN_POINT ( 'NONE',  ( -16.24999999999998579, 1.175240473580833722, 0.000000000000000000 ) ) ;
#2938 = CARTESIAN_POINT ( 'NONE',  ( 12.87500000000000000, -2.492861891654318526E-16, 1.357050807568868533 ) ) ;
#2939 = CARTESIAN_POINT ( 'NONE',  ( -13.14583333333332149, 1.175240473580833944, 0.6785254037844374864 ) ) ;
#2940 = CARTESIAN_POINT ( 'NONE',  ( 12.36022993090468702, -1.405025455978052840, 2.066424524318382527 ) ) ;
#2941 = EDGE_LOOP ( 'NONE', ( #932, #3418, #4479, #1363 ) ) ;
#2942 = CARTESIAN_POINT ( 'NONE',  ( -11.72916666666665719, -1.500000000000000888, 0.8660254037844398178 ) ) ;
#2943 = CARTESIAN_POINT ( 'NONE',  ( -16.12551930614125695, -3.020732172064291457E-05, -1.499999999450486676 ) ) ;
#2944 = CARTESIAN_POINT ( 'NONE',  ( 15.04166666666666963, -1.175240473580827505, -0.6785254037844345998 ) ) ;
#2945 = CARTESIAN_POINT ( 'NONE',  ( -14.56249999999998757, -3.181725716174723456E-16, -1.732050807568878747 ) ) ;
#2946 = APPROVAL_STATUS ( 'not_yet_approved' ) ;
#2947 = ORIENTED_EDGE ( 'NONE', *, *, #1937, .F. ) ;
#2948 = AXIS2_PLACEMENT_3D ( 'NONE', #1524, #3181, #4827 ) ;
#2949 = CARTESIAN_POINT ( 'NONE',  ( -12.47916666666665364, -1.175240473580833722, 0.6785254037844379305 ) ) ;
#2950 = CARTESIAN_POINT ( 'NONE',  ( 17.06250000000000000, 8.309539638847728421E-17, -1.357050807568868311 ) ) ;
#2951 = CARTESIAN_POINT ( 'NONE',  ( 13.70229952641917315, 0.000000000000000000, 0.000000000000000000 ) ) ;
#2952 = CARTESIAN_POINT ( 'NONE',  ( -11.10000000000000142, 0.000000000000000000, 1.500000000000000666 ) ) ;
#2953 = EDGE_CURVE ( 'NONE', #2798, #3645, #2998, .T. ) ;
#2954 = CARTESIAN_POINT ( 'NONE',  ( -11.95833333333332149, -1.175240473580834166, -0.6785254037844371533 ) ) ;
#2955 = CARTESIAN_POINT ( 'NONE',  ( 13.68750000000000178, 1.175240473580827949, 0.000000000000000000 ) ) ;
#2956 = ORIENTED_EDGE ( 'NONE', *, *, #204, .F. ) ;
#2957 = CARTESIAN_POINT ( 'NONE',  ( -12.41666666666665542, -0.5876202367904174162, -1.017788105676656230 ) ) ;
#2958 = CARTESIAN_POINT ( 'NONE',  ( -11.25698064062672188, 0.7632947672222625268, -0.8936281492173429042 ) ) ;
#2959 = CARTESIAN_POINT ( 'NONE',  ( -12.39583333333332149, -1.175240473580834166, -0.6785254037844372643 ) ) ;
#2960 = CARTESIAN_POINT ( 'NONE',  ( 14.31250000000000178, -2.492861891654318526E-16, 1.357050807568868533 ) ) ;
#2961 = CARTESIAN_POINT ( 'NONE',  ( -12.54166666666666963, 1.500000000000000888, -0.8660254037844402619 ) ) ;
#2962 = CARTESIAN_POINT ( 'NONE',  ( 0.000000000000000000, 0.000000000000000000, 0.000000000000000000 ) ) ;
#2963 = CARTESIAN_POINT ( 'NONE',  ( -12.60416666666665542, -0.7500000000000013323, -1.299038105676658894 ) ) ;
#2964 = ORIENTED_EDGE ( 'NONE', *, *, #2422, .F. ) ;
#2965 = CARTESIAN_POINT ( 'NONE',  ( 13.47916666666666785, -1.175240473580827727, -0.6785254037844345998 ) ) ;
#2966 = CARTESIAN_POINT ( 'NONE',  ( -16.12499999999998579, 8.309539638847769097E-17, 1.357050807568875195 ) ) ;
#2967 = CARTESIAN_POINT ( 'NONE',  ( 14.79166666666666785, 1.175240473580827505, 0.6785254037844348218 ) ) ;
#2968 = CARTESIAN_POINT ( 'NONE',  ( -15.22916666666665364, 1.175240473580833500, -0.6785254037844382635 ) ) ;
#2969 = FACE_OUTER_BOUND ( 'NONE', #3514, .T. ) ;
#2970 = ORIENTED_EDGE ( 'NONE', *, *, #5357, .F. ) ;
#2971 = CYLINDRICAL_SURFACE ( 'NONE', #4061, 1.500000000000000666 ) ;
#2972 = CARTESIAN_POINT ( 'NONE',  ( -17.50000000000000000, -1.948557158514986787, 1.124999999999999778 ) ) ;
#2973 = CARTESIAN_POINT ( 'NONE',  ( 12.79166666666666963, 1.175240473580827505, 0.6785254037844348218 ) ) ;
#2974 = CARTESIAN_POINT ( 'NONE',  ( -14.27083333333332149, -0.7500000000000003331, 1.299038105676659338 ) ) ;
#2975 = CALENDAR_DATE ( 2026, 8, 1 ) ;
#2976 = ORIENTED_EDGE ( 'NONE', *, *, #2376, .F. ) ;
#2977 = CARTESIAN_POINT ( 'NONE',  ( -11.93749999999998757, -1.175240473580833722, 1.439254484199187407E-16 ) ) ;
#2978 = CARTESIAN_POINT ( 'NONE',  ( 16.56250000000000000, 8.309539638847728421E-17, -1.357050807568868311 ) ) ;
#2979 = CYLINDRICAL_SURFACE ( 'NONE', #3944, 1.500000000000000666 ) ;
#2980 = CARTESIAN_POINT ( 'NONE',  ( -16.35416666666665719, 0.7500000000000008882, 1.299038105676659116 ) ) ;
#2981 = CARTESIAN_POINT ( 'NONE',  ( -17.29903810567666156, 1.299038105676658006, 2.250000000000000000 ) ) ;
#2982 = CARTESIAN_POINT ( 'NONE',  ( 13.18750000000000178, 1.175240473580827949, 0.000000000000000000 ) ) ;
#2983 = ORIENTED_EDGE ( 'NONE', *, *, #3132, .T. ) ;
#2984 = ORIENTED_EDGE ( 'NONE', *, *, #501, .F. ) ;
#2985 = CARTESIAN_POINT ( 'NONE',  ( -12.12499999999998579, 8.309539638847769097E-17, 1.357050807568875195 ) ) ;
#2986 = CARTESIAN_POINT ( 'NONE',  ( 17.42113833339820417, -1.207716523222418292, -0.001652584836894222453 ) ) ;
#2987 = CARTESIAN_POINT ( 'NONE',  ( -12.85416666666665364, -0.5876202367904174162, -1.017788105676656230 ) ) ;
#2988 = CARTESIAN_POINT ( 'NONE',  ( 14.22916666666666785, 1.175240473580827505, 0.6785254037844348218 ) ) ;
#2989 = CARTESIAN_POINT ( 'NONE',  ( -11.33333333333333393, -0.7500000000000003331, 1.299038105676659338 ) ) ;
#2990 = CARTESIAN_POINT ( 'NONE',  ( -16.87499999999998579, -2.492861891654330359E-16, -1.357050807568875195 ) ) ;
#2991 = CARTESIAN_POINT ( 'NONE',  ( -12.68749999999998934, -1.500000000000001332, 1.836970198721031413E-16 ) ) ;
#2992 = ORIENTED_EDGE ( 'NONE', *, *, #2566, .T. ) ;
#2993 = EDGE_CURVE ( 'NONE', #1264, #2581, #3215, .T. ) ;
#2994 = CARTESIAN_POINT ( 'NONE',  ( -11.10000000222086491, 0.4500393610791603716, -1.430896422446429117 ) ) ;
#2995 = CARTESIAN_POINT ( 'NONE',  ( -15.58333333333331971, -0.5876202367904166390, 1.017788105676656674 ) ) ;
#2996 = CARTESIAN_POINT ( 'NONE',  ( 13.37500000000000178, -2.492861891654318526E-16, 1.357050807568868533 ) ) ;
#2997 = CARTESIAN_POINT ( 'NONE',  ( -13.60416666666665542, 0.5876202367904169721, 1.017788105676656452 ) ) ;
#2998 = CIRCLE ( 'NONE', #997, 1.500000000000000666 ) ;
#2999 = AXIS2_PLACEMENT_3D ( 'NONE', #131, #3843, #3297 ) ;
#3000 = CARTESIAN_POINT ( 'NONE',  ( -17.50000000000000000, 0.000000000000000000, 0.000000000000000000 ) ) ;
#3001 = CARTESIAN_POINT ( 'NONE',  ( -11.10000000000000142, 0.000000000000000000, 0.000000000000000000 ) ) ;
#3002 = CARTESIAN_POINT ( 'NONE',  ( -17.48055429503254743, 0.4426742036630902377, -2.249999999999999556 ) ) ;
#3003 = DIRECTION ( 'NONE',  ( 1.000000000000000000, 0.000000000000000000, 0.000000000000000000 ) ) ;
#3004 = EDGE_CURVE ( 'NONE', #1221, #3930, #3769, .T. ) ;
#3005 = APPROVAL_STATUS ( 'not_yet_approved' ) ;
#3006 = VERTEX_POINT ( 'NONE', #1940 ) ;
#3007 = CARTESIAN_POINT ( 'NONE',  ( -16.93749999999998579, 1.500000000000001332, 0.000000000000000000 ) ) ;
#3008 = CARTESIAN_POINT ( 'NONE',  ( 15.81250000000000000, -2.492861891654318526E-16, 1.357050807568868311 ) ) ;
#3009 = LINE ( 'NONE', #3786, #1341 ) ;
#3010 = CARTESIAN_POINT ( 'NONE',  ( -17.50000000000000000, -2.598076211353315124, -4.305486435875756105E-17 ) ) ;
#3011 = DIRECTION ( 'NONE',  ( -1.000000000000000000, -0.000000000000000000, -0.000000000000000000 ) ) ;
#3012 = B_SPLINE_CURVE_WITH_KNOTS ( 'NONE', 3,
 ( #4871, #4846, #339, #318, #1125, #2006 ),
 .UNSPECIFIED., .F., .F.,
 ( 4, 2, 4 ),
 ( 0.000000000000000000, 0.0004692154663766235582, 0.0009384309327532471164 ),
 .UNSPECIFIED. ) ;
#3013 = CARTESIAN_POINT ( 'NONE',  ( 12.22916666666666963, 1.175240473580827505, 0.6785254037844348218 ) ) ;
#3014 = ORIENTED_EDGE ( 'NONE', *, *, #1434, .F. ) ;
#3015 = ORIENTED_EDGE ( 'NONE', *, *, #2009, .T. ) ;
#3016 = CARTESIAN_POINT ( 'NONE',  ( -13.37499999999998757, -2.492861891654330359E-16, -1.357050807568875195 ) ) ;
#3017 = CARTESIAN_POINT ( 'NONE',  ( -11.09999999999984688, 0.8009836236580711866, -1.243579182631637803 ) ) ;
#3018 = CARTESIAN_POINT ( 'NONE',  ( -13.22916666666665542, 1.175240473580833056, -0.6785254037844382635 ) ) ;
#3019 = CARTESIAN_POINT ( 'NONE',  ( 13.77083333333333570, 0.5876202367904130863, 1.017788105676651789 ) ) ;
#3020 = CARTESIAN_POINT ( 'NONE',  ( -12.91666666666666785, 0.7500000000000008882, 1.299038105676659116 ) ) ;
#3021 = CARTESIAN_POINT ( 'NONE',  ( -15.58333333333331971, -0.5876202367904166390, 1.017788105676656674 ) ) ;
#3022 = CARTESIAN_POINT ( 'NONE',  ( -15.24999999999998757, 1.175240473580833722, 0.000000000000000000 ) ) ;
#3023 = ORIENTED_EDGE ( 'NONE', *, *, #4443, .F. ) ;
#3024 = CARTESIAN_POINT ( 'NONE',  ( 13.85416666666666963, -0.5876202367904145296, 1.017788105676650900 ) ) ;
#3025 = CARTESIAN_POINT ( 'NONE',  ( 17.00000000000000000, 1.500000000000000000, 0.000000000000000000 ) ) ;
#3026 = CARTESIAN_POINT ( 'NONE',  ( -14.99999999999998934, -1.175240473580833722, 1.439254484199187407E-16 ) ) ;
#3027 = CARTESIAN_POINT ( 'NONE',  ( 17.93750000000000355, 1.500000000000000000, 0.000000000000000000 ) ) ;
#3028 = CARTESIAN_POINT ( 'NONE',  ( -14.06249999999998934, 8.309539638847769097E-17, 1.357050807568875195 ) ) ;
#3029 = EDGE_CURVE ( 'NONE', #603, #568, #1505, .T. ) ;
#3030 = CYLINDRICAL_SURFACE ( 'NONE', #2129, 1.500000000000000222 ) ;
#3031 = CARTESIAN_POINT ( 'NONE',  ( 12.42172769284587375, 2.385571612819398446, -0.3680687615027731230 ) ) ;
#3032 = CARTESIAN_POINT ( 'NONE',  ( -11.39732909936926220, 0.4019237886466845988, 1.500000000000001110 ) ) ;
#3033 = DIRECTION ( 'NONE',  ( 0.000000000000000000, 0.000000000000000000, -1.000000000000000000 ) ) ;
#3034 = LINE ( 'NONE', #3115, #4580 ) ;
#3035 = CARTESIAN_POINT ( 'NONE',  ( -11.10000000000000142, 0.000000000000000000, 0.000000000000000000 ) ) ;
#3036 = CARTESIAN_POINT ( 'NONE',  ( -12.31249999999998757, -6.768908549604741285E-15, 1.500000000000001332 ) ) ;
#3037 = CARTESIAN_POINT ( 'NONE',  ( 14.29166666666666785, -1.499999999999999778, -0.8660254037844391517 ) ) ;
#3038 = CARTESIAN_POINT ( 'NONE',  ( 15.00000000000000178, 1.500000000000000000, 0.000000000000000000 ) ) ;
#3039 = FACE_OUTER_BOUND ( 'NONE', #3042, .T. ) ;
#3040 = CARTESIAN_POINT ( 'NONE',  ( 13.93750000000000178, -1.175240473580827949, -1.439254484199180504E-16 ) ) ;
#3041 = ORIENTED_EDGE ( 'NONE', *, *, #1966, .T. ) ;
#3042 = EDGE_LOOP ( 'NONE', ( #5333, #4915, #86, #1927 ) ) ;
#3043 = CARTESIAN_POINT ( 'NONE',  ( -17.31249999999998934, -2.492861891654330359E-16, -1.357050807568875195 ) ) ;
#3044 = CARTESIAN_POINT ( 'NONE',  ( 17.17665159857536850, -0.3825195212425190894, 1.410281316055631562 ) ) ;
#3045 = CARTESIAN_POINT ( 'NONE',  ( -13.89583333333332327, -1.175240473580834166, -0.6785254037844372643 ) ) ;
#3046 = CARTESIAN_POINT ( 'NONE',  ( 17.41666666666666785, -0.5876202367904145296, 1.017788105676650900 ) ) ;
#3047 = CARTESIAN_POINT ( 'NONE',  ( -12.75000000000000178, -1.500000000000001332, 1.836970198721031413E-16 ) ) ;
#3048 = CARTESIAN_POINT ( 'NONE',  ( -15.99999999999998579, -1.175240473580833722, 1.439254484199187407E-16 ) ) ;
#3049 = AXIS2_PLACEMENT_3D ( 'NONE', #3976, #2405, #3216 ) ;
#3050 = CARTESIAN_POINT ( 'NONE',  ( -14.83333333333332149, 0.5876202367904159729, -1.017788105676656896 ) ) ;
#3051 = VERTEX_POINT ( 'NONE', #2322 ) ;
#3052 = CARTESIAN_POINT ( 'NONE',  ( 14.64583333333333570, 1.175240473580827949, -0.6785254037844341557 ) ) ;
#3053 = CARTESIAN_POINT ( 'NONE',  ( 16.89732909936926220, 0.4019237886466838772, -1.499999999999999778 ) ) ;
#3054 = CARTESIAN_POINT ( 'NONE',  ( -16.37499999999998934, -2.492861891654330359E-16, -1.357050807568875195 ) ) ;
#3055 = CARTESIAN_POINT ( 'NONE',  ( 15.68750000000000355, -1.500000000000000000, -1.836970198721029934E-16 ) ) ;
#3056 =( BOUNDED_CURVE ( )  B_SPLINE_CURVE ( 2, ( #1646, #3728, #4133, #3299, #365, #415, #879, #2867, #4511 ),
 .UNSPECIFIED., .F., .F. ) 
 B_SPLINE_CURVE_WITH_KNOTS ( ( 3, 2, 2, 2, 3 ),
 ( 0.8745857311055795780, 0.8810641397409130215, 0.8940209653253382571, 0.9069777909097634927, 0.9134559890550718597 ),
 .UNSPECIFIED. ) 
 CURVE ( )  GEOMETRIC_REPRESENTATION_ITEM ( )  RATIONAL_B_SPLINE_CURVE ( ( 0.9330127018922469428, 0.9330127448746768914, 1.000000000000000000, 0.8660254037844387076, 1.000000000000000000, 0.8660254037844387076, 1.000000000000000000, 0.9330149213581012679, 0.9330127019657561416 ) ) 
 REPRESENTATION_ITEM ( '' )  );
#3057 = CARTESIAN_POINT ( 'NONE',  ( -13.64583333333332327, 1.175240473580833944, 0.6785254037844374864 ) ) ;
#3058 = CARTESIAN_POINT ( 'NONE',  ( 16.33482909936926220, 0.4019237886466842657, -1.499999999999999778 ) ) ;
#3059 = ADVANCED_FACE ( 'NONE', ( #1010 ), #4803, .F. ) ;
#3060 = CARTESIAN_POINT ( 'NONE',  ( -17.12532352308832984, -0.002630408852146401064, 1.176123523088369982 ) ) ;
#3061 = CARTESIAN_POINT ( 'NONE',  ( -17.50000000000000000, 0.000000000000000000, 0.000000000000000000 ) ) ;
#3062 = CARTESIAN_POINT ( 'NONE',  ( 13.58228091765234424, 1.370426516775044679, 0.2420147304295547364 ) ) ;
#3063 = CARTESIAN_POINT ( 'NONE',  ( -16.41666666666665719, -0.5876202367904174162, -1.017788105676656230 ) ) ;
#3064 = ADVANCED_FACE ( 'NONE', ( #5278 ), #1581, .T. ) ;
#3065 = CARTESIAN_POINT ( 'NONE',  ( -16.85267059183723504, -0.4019293469297807175, 1.499996790923759260 ) ) ;
#3066 = CARTESIAN_POINT ( 'NONE',  ( 14.14732909936926042, -0.4019237886466845988, 1.499999999999999778 ) ) ;
#3067 = CARTESIAN_POINT ( 'NONE',  ( 14.95833333333333570, 1.500000000000000222, -0.8660254037844384856 ) ) ;
#3068 = CARTESIAN_POINT ( 'NONE',  ( 17.17804686180195972, -1.398440651691864822, -0.3970736017594182488 ) ) ;
#3069 = ORIENTED_EDGE ( 'NONE', *, *, #461, .F. ) ;
#3070 = EDGE_LOOP ( 'NONE', ( #127, #3682, #3627 ) ) ;
#3071 = CARTESIAN_POINT ( 'NONE',  ( -11.91666666666665542, -0.5876202367904174162, -1.017788105676656230 ) ) ;
#3072 = CARTESIAN_POINT ( 'NONE',  ( -16.45833333333333570, 1.500000000000001110, 0.8660254037844392627 ) ) ;
#3073 = CARTESIAN_POINT ( 'NONE',  ( -15.02083333333332149, 0.7499999999999995559, -1.299038105676659560 ) ) ;
#3074 = CARTESIAN_POINT ( 'NONE',  ( 17.25000000000000000, 1.175240473580827949, 0.000000000000000000 ) ) ;
#3075 = CARTESIAN_POINT ( 'NONE',  ( -11.06948064062673431, 0.9742194696076768023, -1.140568465738615256 ) ) ;
#3076 = CARTESIAN_POINT ( 'NONE',  ( -17.24999999999998579, 1.175240473580833722, 0.000000000000000000 ) ) ;
#3077 = CARTESIAN_POINT ( 'NONE',  ( -14.20833333333332149, 1.175240473580833722, 0.6785254037844374864 ) ) ;
#3078 = EDGE_LOOP ( 'NONE', ( #3410, #2099, #1442, #1826 ) ) ;
#3079 = CARTESIAN_POINT ( 'NONE',  ( 14.08333333333333570, 0.7499999999999988898, 1.299038105676658672 ) ) ;
#3080 = CARTESIAN_POINT ( 'NONE',  ( 15.06250000000000355, 8.309539638847728421E-17, -1.357050807568868311 ) ) ;
#3081 = DIRECTION ( 'NONE',  ( 0.000000000000000000, 0.000000000000000000, 1.000000000000000000 ) ) ;
#3082 = CARTESIAN_POINT ( 'NONE',  ( -13.29166666666666785, -1.500000000000000888, 0.8660254037844398178 ) ) ;
#3083 = CARTESIAN_POINT ( 'NONE',  ( 17.85416666666666785, 0.7500000000000002220, -1.299038105676658006 ) ) ;
#3084 = CARTESIAN_POINT ( 'NONE',  ( -12.89583333333332149, -1.175240473580834166, -0.6785254037844371533 ) ) ;
#3085 =( BOUNDED_CURVE ( )  B_SPLINE_CURVE ( 2, ( #1904, #3906, #1854, #4385, #2716, #2314, #2363, #5217, #3508 ),
 .UNSPECIFIED., .F., .F. ) 
 B_SPLINE_CURVE_WITH_KNOTS ( ( 3, 2, 2, 2, 3 ),
 ( 0.5192307692307692735, 0.5256410256410256610, 0.5384615384615384359, 0.5512820512820513219, 0.5576923076923077094 ),
 .UNSPECIFIED. ) 
 CURVE ( )  GEOMETRIC_REPRESENTATION_ITEM ( )  RATIONAL_B_SPLINE_CURVE ( ( 0.9330127018922192983, 0.9330127018922198534, 1.000000000000000000, 0.8660254037844387076, 1.000000000000000000, 0.8660254037844387076, 1.000000000000000000, 0.9330127018922194093, 0.9330127018922194093 ) ) 
 REPRESENTATION_ITEM ( '' )  );
#3086 = CARTESIAN_POINT ( 'NONE',  ( 15.50000000000000178, 1.500000000000000000, 0.000000000000000000 ) ) ;
#3087 = CARTESIAN_POINT ( 'NONE',  ( 13.79166666666667140, -1.499999999999999778, -0.8660254037844391517 ) ) ;
#3088 = DIRECTION ( 'NONE',  ( 1.000000000000000000, 0.000000000000000000, 0.000000000000000000 ) ) ;
#3089 = APPROVAL_PERSON_ORGANIZATION ( #1726, #548, #472 ) ;
#3090 = CARTESIAN_POINT ( 'NONE',  ( 14.81250000000000000, -5.723068602026326086E-15, -1.499999999999999778 ) ) ;
#3091 = CARTESIAN_POINT ( 'NONE',  ( -14.16666666666666785, -0.7500000000000013323, -1.299038105676658894 ) ) ;
#3092 = CARTESIAN_POINT ( 'NONE',  ( 15.08333333333333393, 0.7499999999999988898, 1.299038105676658672 ) ) ;
#3093 = CYLINDRICAL_SURFACE ( 'NONE', #4329, 1.500000000000000666 ) ;
#3094 = EDGE_CURVE ( 'NONE', #1667, #2686, #1443, .T. ) ;
#3095 = CARTESIAN_POINT ( 'NONE',  ( -11.10000000000000142, 0.000000000000000000, 1.500000000000000666 ) ) ;
#3096 = ORIENTED_EDGE ( 'NONE', *, *, #727, .F. ) ;
#3097 = ORIENTED_EDGE ( 'NONE', *, *, #694, .T. ) ;
#3098 = CARTESIAN_POINT ( 'NONE',  ( -16.68749999999998579, 1.175240473580833722, 0.000000000000000000 ) ) ;
#3099 = CARTESIAN_POINT ( 'NONE',  ( 17.44975952641917161, -1.184980119260419684, -0.03671990086627247019 ) ) ;
#3100 = CARTESIAN_POINT ( 'NONE',  ( -14.83482909936924621, 0.4019237886466829890, 1.500000000000001998 ) ) ;
#3101 = CARTESIAN_POINT ( 'NONE',  ( 12.43750000000000178, -1.175240473580827949, -1.439254484199180504E-16 ) ) ;
#3102 = CARTESIAN_POINT ( 'NONE',  ( -11.25000000000000355, -1.500000000000001332, 1.836970198721031413E-16 ) ) ;
#3103 = CARTESIAN_POINT ( 'NONE',  ( -17.20833333333332149, 1.175240473580833944, 0.6785254037844374864 ) ) ;
#3104 = CARTESIAN_POINT ( 'NONE',  ( -14.16666666666665364, 0.5876202367904169721, 1.017788105676656452 ) ) ;
#3105 = ORIENTED_EDGE ( 'NONE', *, *, #2335, .T. ) ;
#3106 = CARTESIAN_POINT ( 'NONE',  ( 17.47916666666666785, -1.175240473580827505, -0.6785254037844345998 ) ) ;
#3107 = EDGE_CURVE ( 'NONE', #1631, #1877, #1345, .T. ) ;
#3108 = CARTESIAN_POINT ( 'NONE',  ( 17.44549925106577604, -0.8995053653702238528, 0.7688885993789933426 ) ) ;
#3109 = CARTESIAN_POINT ( 'NONE',  ( 15.70833333333333570, -1.500000000000000222, 0.8660254037844381525 ) ) ;
#3110 = CARTESIAN_POINT ( 'NONE',  ( -17.40215908496082520, 4.791399515391888330E-13, 1.452959084960821601 ) ) ;
#3111 = CARTESIAN_POINT ( 'NONE',  ( 16.97916666666667140, 1.499999999999999778, 0.8660254037844394848 ) ) ;
#3112 = CARTESIAN_POINT ( 'NONE',  ( -11.56249999999998934, 8.309539638847769097E-17, 1.357050807568875195 ) ) ;
#3113 = CARTESIAN_POINT ( 'NONE',  ( 15.39732909936926220, 0.4019237886466842657, -1.499999999999999778 ) ) ;
#3114 = CARTESIAN_POINT ( 'NONE',  ( 15.68750000000000355, -1.500000000000000000, -1.836970198721029934E-16 ) ) ;
#3115 = CARTESIAN_POINT ( 'NONE',  ( -11.10000000000000142, 1.836970198721030427E-16, -1.500000000000000666 ) ) ;
#3116 = CARTESIAN_POINT ( 'NONE',  ( -16.64733171412530055, -0.4019708542554502606, -1.499972826658110714 ) ) ;
#3117 = CARTESIAN_POINT ( 'NONE',  ( 15.04166666666666963, 1.499999999999999778, 0.8660254037844394848 ) ) ;
#3118 = CARTESIAN_POINT ( 'NONE',  ( -15.04166666666666785, 1.500000000000000888, -0.8660254037844402619 ) ) ;
#3119 = CARTESIAN_POINT ( 'NONE',  ( -12.95833333333333570, 1.500000000000001110, 0.8660254037844392627 ) ) ;
#3120 = ORIENTED_EDGE ( 'NONE', *, *, #4527, .T. ) ;
#3121 = ORIENTED_EDGE ( 'NONE', *, *, #3780, .F. ) ;
#3122 = CARTESIAN_POINT ( 'NONE',  ( -17.18749999999998579, 1.175240473580833722, 0.000000000000000000 ) ) ;
#3123 = EDGE_CURVE ( 'NONE', #20, #164, #2149, .T. ) ;
#3124 = CARTESIAN_POINT ( 'NONE',  ( 17.11400283239582976, -0.9270509831248092691, 1.196817672909261443 ) ) ;
#3125 = CARTESIAN_POINT ( 'NONE',  ( -11.31249999999998934, -2.492861891654330359E-16, -1.357050807568875195 ) ) ;
#3126 = CARTESIAN_POINT ( 'NONE',  ( 16.91666666666667140, -0.5876202367904145296, 1.017788105676650900 ) ) ;
#3127 = CARTESIAN_POINT ( 'NONE',  ( 13.57756051355716487, -1.230467510576890522, 0.6436337135904072193 ) ) ;
#3128 = CARTESIAN_POINT ( 'NONE',  ( -13.70833333333332327, 1.175240473580833944, 0.6785254037844374864 ) ) ;
#3129 = CARTESIAN_POINT ( 'NONE',  ( -14.04166666666665364, -1.175240473580833500, 0.6785254037844380415 ) ) ;
#3130 = CARTESIAN_POINT ( 'NONE',  ( 13.54166666666666785, 1.499999999999999778, 0.8660254037844394848 ) ) ;
#3131 = CIRCLE ( 'NONE', #2429, 2.249999999999999556 ) ;
#3132 = EDGE_CURVE ( 'NONE', #5143, #4540, #3803, .T. ) ;
#3133 = CARTESIAN_POINT ( 'NONE',  ( 17.43351662512840150, -0.7003155845616788611, 0.9685284769877529065 ) ) ;
#3134 = CYLINDRICAL_SURFACE ( 'NONE', #5078, 1.500000000000000666 ) ;
#3135 = CARTESIAN_POINT ( 'NONE',  ( -13.14733171516466648, -0.4019708729639404621, -1.499972815856759123 ) ) ;
#3136 = VECTOR ( 'NONE', #3647, 1000.000000000000000 ) ;
#3137 = CARTESIAN_POINT ( 'NONE',  ( 12.37500000000000355, -2.492861891654318526E-16, 1.357050807568868533 ) ) ;
#3138 = CARTESIAN_POINT ( 'NONE',  ( -17.12500000000000355, -3.181725716174723456E-16, -1.732050807568878747 ) ) ;
#3139 = CYLINDRICAL_SURFACE ( 'NONE', #4886, 1.500000000000000666 ) ;
#3140 = CARTESIAN_POINT ( 'NONE',  ( -11.54017090063072892, 0.4019237886466869303, -1.499999999999999778 ) ) ;
#3141 = CARTESIAN_POINT ( 'NONE',  ( 15.79017090063074313, -0.4019237886466838217, -1.499999999999999778 ) ) ;
#3142 = CARTESIAN_POINT ( 'NONE',  ( -16.74999999999998579, 1.175240473580833722, 0.000000000000000000 ) ) ;
#3143 = CARTESIAN_POINT ( 'NONE',  ( -14.79166666666666785, -1.500000000000000888, 0.8660254037844398178 ) ) ;
#3144 = CARTESIAN_POINT ( 'NONE',  ( 17.33333333333333570, -0.7499999999999996669, -1.299038105676658228 ) ) ;
#3145 = CARTESIAN_POINT ( 'NONE',  ( -17.81249999999998934, 1.060575238724907778E-16, 1.732050807568878747 ) ) ;
#3146 = CARTESIAN_POINT ( 'NONE',  ( -15.85416666666665542, 0.7500000000000008882, 1.299038105676659116 ) ) ;
#3147 = B_SPLINE_CURVE_WITH_KNOTS ( 'NONE', 3,
 ( #3877, #1739, #2986, #4632, #914, #2929, #1768, #1357, #4253, #1799, #3456, #3044, #970, #4279 ),
 .UNSPECIFIED., .F., .F.,
 ( 4, 2, 2, 2, 2, 2, 4 ),
 ( 6.617569423233163453E-16, 0.0002943228712160957041, 0.0005886457424315296111, 0.0008829686136469634640, 0.001177291484862397425, 0.001765937227293266866, 0.002354582969724136523 ),
 .UNSPECIFIED. ) ;
#3148 = ORIENTED_EDGE ( 'NONE', *, *, #604, .T. ) ;
#3149 = CARTESIAN_POINT ( 'NONE',  ( -16.10416666666665719, 0.5876202367904169721, 1.017788105676656452 ) ) ;
#3150 = CARTESIAN_POINT ( 'NONE',  ( -16.62591837925080185, -5.118419964778258261E-05, -1.499999998285742375 ) ) ;
#3151 = CARTESIAN_POINT ( 'NONE',  ( -11.39583333333331794, -1.175240473580834166, -0.6785254037844372643 ) ) ;
#3152 = CARTESIAN_POINT ( 'NONE',  ( 16.16666666666666785, 0.5876202367904140855, -1.017788105676651345 ) ) ;
#3153 = CARTESIAN_POINT ( 'NONE',  ( -17.08482909936924798, -0.4019237886466848764, -1.500000000000001110 ) ) ;
#3154 = CARTESIAN_POINT ( 'NONE',  ( -12.74999999999998757, 1.175240473580833722, 0.000000000000000000 ) ) ;
#3155 = CARTESIAN_POINT ( 'NONE',  ( -13.12499999999998757, 8.309539638847769097E-17, 1.357050807568875195 ) ) ;
#3156 = CARTESIAN_POINT ( 'NONE',  ( 17.60416666666666785, 0.5876202367904140855, -1.017788105676651345 ) ) ;
#3157 = CARTESIAN_POINT ( 'NONE',  ( -17.28119490464208141, -0.9137603884427085710, -0.9732953727179022296 ) ) ;
#3158 = CARTESIAN_POINT ( 'NONE',  ( 15.87500000000000000, 2.033577675846917841E-16, -1.499999999999999778 ) ) ;
#3159 = CARTESIAN_POINT ( 'NONE',  ( -13.37499825300536394, -3.144591293529467083E-05, 1.499999999670385664 ) ) ;
#3160 = CARTESIAN_POINT ( 'NONE',  ( 14.39583333333333570, 1.500000000000000222, -0.8660254037844384856 ) ) ;
#3161 = CARTESIAN_POINT ( 'NONE',  ( -17.41666666666666785, 0.7500000000000008882, 1.299038105676659116 ) ) ;
#3162 = ADVANCED_FACE ( 'NONE', ( #2249 ), #5065, .T. ) ;
#3163 = CARTESIAN_POINT ( 'NONE',  ( 16.35267090063074136, -0.4019237886466845433, -1.499999999999999778 ) ) ;
#3164 = CARTESIAN_POINT ( 'NONE',  ( -15.95833333333333393, 1.500000000000001110, 0.8660254037844392627 ) ) ;
#3165 = DIRECTION ( 'NONE',  ( 1.000000000000000000, 0.000000000000000000, -0.000000000000000000 ) ) ;
#3166 = CARTESIAN_POINT ( 'NONE',  ( -14.62471831453454918, 1.574186904560714840E-05, -1.499999999838721454 ) ) ;
#3167 = VECTOR ( 'NONE', #1661, 1000.000000000000000 ) ;
#3168 = FACE_OUTER_BOUND ( 'NONE', #3688, .T. ) ;
#3169 = EDGE_CURVE ( 'NONE', #3288, #5170, #4323, .T. ) ;
#3170 = CARTESIAN_POINT ( 'NONE',  ( 14.70833333333333570, -1.500000000000000444, 0.8660254037844380415 ) ) ;
#3171 = CARTESIAN_POINT ( 'NONE',  ( -17.23373885235358216, 0.2432202056642278898, -1.284538852358964478 ) ) ;
#3172 = VECTOR ( 'NONE', #1203, 1000.000000000000000 ) ;
#3173 = CARTESIAN_POINT ( 'NONE',  ( -16.06249999999998579, 2.788906526875773602E-15, -1.500000000000001554 ) ) ;
#3174 = ORIENTED_EDGE ( 'NONE', *, *, #3526, .F. ) ;
#3175 = CARTESIAN_POINT ( 'NONE',  ( -15.35416666666665542, -0.5876202367904174162, -1.017788105676656230 ) ) ;
#3176 = DIRECTION ( 'NONE',  ( 0.000000000000000000, 0.000000000000000000, -1.000000000000000000 ) ) ;
#3177 = CYLINDRICAL_SURFACE ( 'NONE', #307, 1.500000000000000666 ) ;
#3178 = CARTESIAN_POINT ( 'NONE',  ( 13.95833333333333393, -1.175240473580827949, 0.6785254037844338226 ) ) ;
#3179 = CARTESIAN_POINT ( 'NONE',  ( -13.81249999999998934, -6.768908549604741285E-15, 1.500000000000001332 ) ) ;
#3180 = CARTESIAN_POINT ( 'NONE',  ( -13.74999999999998757, 1.175240473580833722, 0.000000000000000000 ) ) ;
#3181 = DIRECTION ( 'NONE',  ( -1.000000000000000000, 0.000000000000000000, 0.000000000000000000 ) ) ;
#3182 = CARTESIAN_POINT ( 'NONE',  ( 17.56250000000000000, 8.309539638847728421E-17, -1.357050807568868533 ) ) ;
#3183 = CARTESIAN_POINT ( 'NONE',  ( 16.62500000000000000, 8.309539638847728421E-17, -1.357050807568868311 ) ) ;
#3184 = DIRECTION ( 'NONE',  ( 1.000000000000000000, 0.000000000000000000, 0.000000000000000000 ) ) ;
#3185 = CARTESIAN_POINT ( 'NONE',  ( 15.08333333333333393, 0.7499999999999988898, 1.299038105676658672 ) ) ;
#3186 = CARTESIAN_POINT ( 'NONE',  ( -11.25698064062672188, 0.7632947672222624158, -0.8936281492173429042 ) ) ;
#3187 = CARTESIAN_POINT ( 'NONE',  ( 15.45833333333333393, -1.175240473580827949, 0.6785254037844338226 ) ) ;
#3188 = EDGE_CURVE ( 'NONE', #3454, #2061, #2723, .T. ) ;
#3189 = CARTESIAN_POINT ( 'NONE',  ( -11.10000000000000142, 1.836970198721030427E-16, -1.500000000000000666 ) ) ;
#3190 = LINE ( 'NONE', #466, #2353 ) ;
#3191 =( BOUNDED_CURVE ( )  B_SPLINE_CURVE ( 2, ( #2908, #3260, #4065, #4550, #4472 ),
 .UNSPECIFIED., .F., .F. ) 
 B_SPLINE_CURVE_WITH_KNOTS ( ( 3, 2, 3 ),
 ( 0.008164013654555008631, 0.01295682558449555433, 0.01943555755426735684 ),
 .UNSPECIFIED. ) 
 CURVE ( )  GEOMETRIC_REPRESENTATION_ITEM ( )  RATIONAL_B_SPLINE_CURVE ( ( 0.9375475705861497921, 0.9504419474605152462, 1.000000000000000000, 0.9330094015704111232, 0.9330127020548192318 ) ) 
 REPRESENTATION_ITEM ( '' )  );
#3192 = VERTEX_POINT ( 'NONE', #4647 ) ;
#3193 = FACE_OUTER_BOUND ( 'NONE', #1564, .T. ) ;
#3194 = CARTESIAN_POINT ( 'NONE',  ( -17.47916666666665364, 1.500000000000000888, -0.8660254037844402619 ) ) ;
#3195 = CARTESIAN_POINT ( 'NONE',  ( 17.24387023679042130, 4.555213993897097384E-14, -1.381129763209578698 ) ) ;
#3196 = VERTEX_POINT ( 'NONE', #2679 ) ;
#3197 = CARTESIAN_POINT ( 'NONE',  ( -13.43749999999998757, -1.175240473580833722, 1.439254484199187407E-16 ) ) ;
#3198 = CARTESIAN_POINT ( 'NONE',  ( -11.16666666666666785, -0.7500000000000013323, -1.299038105676658894 ) ) ;
#3199 = CARTESIAN_POINT ( 'NONE',  ( 12.49999999999999822, 0.000000000000000000, 0.000000000000000000 ) ) ;
#3200 = CARTESIAN_POINT ( 'NONE',  ( 13.62500000000000355, 8.309539638847728421E-17, -1.357050807568868533 ) ) ;
#3201 = CARTESIAN_POINT ( 'NONE',  ( -17.45833333333332149, -1.175240473580834166, -0.6785254037844371533 ) ) ;
#3202 = CARTESIAN_POINT ( 'NONE',  ( -14.12499999999998934, 8.309539638847769097E-17, 1.357050807568875195 ) ) ;
#3203 = CARTESIAN_POINT ( 'NONE',  ( -11.54166666666665719, -1.175240473580833500, 0.6785254037844380415 ) ) ;
#3204 = CARTESIAN_POINT ( 'NONE',  ( 14.64583333333333570, 1.175240473580827727, -0.6785254037844341557 ) ) ;
#3205 = CARTESIAN_POINT ( 'NONE',  ( 17.41666666666666785, -0.5876202367904145296, 1.017788105676650900 ) ) ;
#3206 = CARTESIAN_POINT ( 'NONE',  ( -15.81249999999998579, -2.492861891654330359E-16, -1.357050807568875195 ) ) ;
#3207 = CARTESIAN_POINT ( 'NONE',  ( 16.89583333333333570, -1.175240473580827949, 0.6785254037844338226 ) ) ;
#3208 = CARTESIAN_POINT ( 'NONE',  ( -16.16666666666666785, -0.7500000000000013323, -1.299038105676658894 ) ) ;
#3209 = ORIENTED_EDGE ( 'NONE', *, *, #3275, .T. ) ;
#3210 = CARTESIAN_POINT ( 'NONE',  ( 16.25000000000000000, 1.175240473580827949, 0.000000000000000000 ) ) ;
#3211 = CARTESIAN_POINT ( 'NONE',  ( -17.33482909936924798, 0.4019237886466840437, 1.500000000000001110 ) ) ;
#3212 = CARTESIAN_POINT ( 'NONE',  ( 12.29903810567665801, -1.299038105676656452, -2.249999999999999556 ) ) ;
#3213 = VERTEX_POINT ( 'NONE', #929 ) ;
#3214 = CYLINDRICAL_SURFACE ( 'NONE', #1684, 1.500000000000000666 ) ;
#3215 =( BOUNDED_CURVE ( )  B_SPLINE_CURVE ( 1, ( #1480, #176 ),
 .UNSPECIFIED., .F., .F. ) 
 B_SPLINE_CURVE_WITH_KNOTS ( ( 2, 2 ),
 ( 0.000000000000000000, 1.000000000000000000 ),
 .UNSPECIFIED. ) 
 CURVE ( )  GEOMETRIC_REPRESENTATION_ITEM ( )  RATIONAL_B_SPLINE_CURVE ( ( 0.9605566541121859370, 0.9605566541121859370 ) ) 
 REPRESENTATION_ITEM ( '' )  );
#3216 = DIRECTION ( 'NONE',  ( 0.000000000000000000, 0.000000000000000000, 1.000000000000000000 ) ) ;
#3217 = CARTESIAN_POINT ( 'NONE',  ( 12.41016584290441038, 0.8761711275437782387, -2.249999999999999556 ) ) ;
#3218 = EDGE_CURVE ( 'NONE', #1649, #5280, #61, .T. ) ;
#3219 = VERTEX_POINT ( 'NONE', #310 ) ;
#3220 = CARTESIAN_POINT ( 'NONE',  ( -14.35416666666665364, -0.5876202367904174162, -1.017788105676656230 ) ) ;
#3221 = CARTESIAN_POINT ( 'NONE',  ( 17.39497301553020137, 0.1718363999576723589, 1.220918224286712706 ) ) ;
#3222 = CARTESIAN_POINT ( 'NONE',  ( -13.58333333333333570, 0.7499999999999995559, -1.299038105676659560 ) ) ;
#3223 = CARTESIAN_POINT ( 'NONE',  ( 13.75000000000000178, 1.175240473580827949, 0.000000000000000000 ) ) ;
#3224 = CARTESIAN_POINT ( 'NONE',  ( -14.95833333333332149, -1.175240473580834166, -0.6785254037844371533 ) ) ;
#3225 = CARTESIAN_POINT ( 'NONE',  ( -13.49999999999998757, -1.175240473580833722, 1.439254484199187407E-16 ) ) ;
#3226 = CARTESIAN_POINT ( 'NONE',  ( 16.31250000000000000, -2.492861891654318526E-16, 1.357050807568868533 ) ) ;
#3227 = CARTESIAN_POINT ( 'NONE',  ( 16.25000000000000000, 1.175240473580827949, 0.000000000000000000 ) ) ;
#3228 = CARTESIAN_POINT ( 'NONE',  ( -15.10416666666665542, 0.5876202367904169721, 1.017788105676656452 ) ) ;
#3229 = CARTESIAN_POINT ( 'NONE',  ( 17.06250000000000000, 8.309539638847728421E-17, -1.357050807568868533 ) ) ;
#3230 = CARTESIAN_POINT ( 'NONE',  ( -14.16666666666666785, -0.7500000000000013323, -1.299038105676658894 ) ) ;
#3231 = CARTESIAN_POINT ( 'NONE',  ( 16.83333333333333570, 0.5876202367904130863, 1.017788105676651789 ) ) ;
#3232 = CARTESIAN_POINT ( 'NONE',  ( -17.27083333333332149, 0.5876202367904159729, -1.017788105676656896 ) ) ;
#3233 = DIRECTION ( 'NONE',  ( 0.000000000000000000, 0.000000000000000000, -1.000000000000000000 ) ) ;
#3234 = ORIENTED_EDGE ( 'NONE', *, *, #4274, .F. ) ;
#3235 = CARTESIAN_POINT ( 'NONE',  ( -12.10267410411528743, 0.4018661259248395567, -1.500033291587980155 ) ) ;
#3236 = CIRCLE ( 'NONE', #4093, 1.500000000000000666 ) ;
#3237 = PLANE ( 'NONE',  #908 ) ;
#3238 = CARTESIAN_POINT ( 'NONE',  ( -14.43749999999998934, 1.500000000000001332, 0.000000000000000000 ) ) ;
#3239 = LINE ( 'NONE', #3266, #2389 ) ;
#3240 = AXIS2_PLACEMENT_3D ( 'NONE', #4271, #3755, #3842 ) ;
#3241 = EDGE_LOOP ( 'NONE', ( #2204, #4099, #4167, #2757, #1557, #3014, #3820, #2740, #4493, #355, #741, #3283, #4135, #4421, #4313, #2439, #1194, #2557, #2964 ) ) ;
#3242 = CARTESIAN_POINT ( 'NONE',  ( -15.18749999999998757, 1.175240473580833722, 0.000000000000000000 ) ) ;
#3243 =( BOUNDED_CURVE ( )  B_SPLINE_CURVE ( 2, ( #1065, #559, #2730, #2650, #3086, #1458, #1842, #3113, #4757 ),
 .UNSPECIFIED., .F., .F. ) 
 B_SPLINE_CURVE_WITH_KNOTS ( ( 3, 2, 2, 2, 3 ),
 ( 0.3409090909090909394, 0.3484848484848485084, 0.3636363636363636465, 0.3787878787878787845, 0.3863636363636363535 ),
 .UNSPECIFIED. ) 
 CURVE ( )  GEOMETRIC_REPRESENTATION_ITEM ( )  RATIONAL_B_SPLINE_CURVE ( ( 0.9330127018922194093, 0.9330127018922196314, 1.000000000000000000, 0.8660254037844387076, 1.000000000000000000, 0.8660254037844387076, 1.000000000000000000, 0.9330127018922194093, 0.9330127018922194093 ) ) 
 REPRESENTATION_ITEM ( '' )  );
#3244 = CARTESIAN_POINT ( 'NONE',  ( 17.30800914087026143, 1.264985417179383287, -0.4038554566052571793 ) ) ;
#3245 = CARTESIAN_POINT ( 'NONE',  ( 15.02083333333333570, 0.7499999999999988898, 1.299038105676658672 ) ) ;
#3246 = CARTESIAN_POINT ( 'NONE',  ( 17.02083333333333570, 0.7499999999999988898, 1.299038105676658672 ) ) ;
#3247 = VECTOR ( 'NONE', #3850, 1000.000000000000000 ) ;
#3248 = EDGE_CURVE ( 'NONE', #4220, #799, #3948, .T. ) ;
#3249 = CARTESIAN_POINT ( 'NONE',  ( -11.10000000000000142, 0.000000000000000000, 0.000000000000000000 ) ) ;
#3250 = CARTESIAN_POINT ( 'NONE',  ( -13.45833333333332149, -1.175240473580834166, -0.6785254037844372643 ) ) ;
#3251 = CARTESIAN_POINT ( 'NONE',  ( 15.72916666666666963, 1.175240473580827505, 0.6785254037844348218 ) ) ;
#3252 = CARTESIAN_POINT ( 'NONE',  ( 16.16666666666666785, 0.5876202367904140855, -1.017788105676651345 ) ) ;
#3253 = CARTESIAN_POINT ( 'NONE',  ( -16.02083333333332149, -0.5876202367904166390, 1.017788105676656674 ) ) ;
#3254 = CARTESIAN_POINT ( 'NONE',  ( 15.27083333333333393, 0.5876202367904130863, 1.017788105676651789 ) ) ;
#3255 = CARTESIAN_POINT ( 'NONE',  ( -14.75000000000000355, -1.500000000000001332, 1.836970198721031413E-16 ) ) ;
#3256 = CARTESIAN_POINT ( 'NONE',  ( -17.36022993090465860, 2.492088861051975801, -0.1835754756815214106 ) ) ;
#3257 = VERTEX_POINT ( 'NONE', #283 ) ;
#3258 = EDGE_CURVE ( 'NONE', #4596, #603, #1226, .T. ) ;
#3259 = CARTESIAN_POINT ( 'NONE',  ( 17.58333333333333570, -0.5876202367904137525, -1.017788105676651345 ) ) ;
#3260 = CARTESIAN_POINT ( 'NONE',  ( -17.43071049685182317, 1.002788943332760363, 1.153090341195329049 ) ) ;
#3261 = CARTESIAN_POINT ( 'NONE',  ( -13.14583333333332149, -1.500000000000002220, -0.8660254037844388186 ) ) ;
#3262 = ORIENTED_EDGE ( 'NONE', *, *, #5216, .T. ) ;
#3263 = DIRECTION ( 'NONE',  ( 0.000000000000000000, 0.000000000000000000, 1.000000000000000000 ) ) ;
#3264 = FACE_OUTER_BOUND ( 'NONE', #4473, .T. ) ;
#3265 = CARTESIAN_POINT ( 'NONE',  ( -14.64583333333332149, -1.500000000000001998, -0.8660254037844388186 ) ) ;
#3266 = CARTESIAN_POINT ( 'NONE',  ( -17.50000000000000000, 1.899182256117716029E-16, -1.550800000000000622 ) ) ;
#3267 = EDGE_LOOP ( 'NONE', ( #2123, #535, #665, #1048, #505, #4567 ) ) ;
#3268 = CARTESIAN_POINT ( 'NONE',  ( -15.22916666666665364, 1.175240473580833500, -0.6785254037844382635 ) ) ;
#3269 = CARTESIAN_POINT ( 'NONE',  ( -11.10000000000000142, 0.000000000000000000, 1.500000000000000666 ) ) ;
#3270 = CARTESIAN_POINT ( 'NONE',  ( 13.22916666666666785, -1.499999999999999778, -0.8660254037844391517 ) ) ;
#3271 = CARTESIAN_POINT ( 'NONE',  ( 14.04017090063074313, 0.4019237886466832665, 1.500000000000000222 ) ) ;
#3272 = LINE ( 'NONE', #4925, #266 ) ;
#3273 = CARTESIAN_POINT ( 'NONE',  ( -17.24150585414552594, 0.7549870560681379850, 1.053248035203296240 ) ) ;
#3274 = CARTESIAN_POINT ( 'NONE',  ( 16.85416666666667140, -0.5876202367904145296, 1.017788105676650900 ) ) ;
#3275 = EDGE_CURVE ( 'NONE', #3310, #2581, #1013, .T. ) ;
#3276 = ORIENTED_EDGE ( 'NONE', *, *, #604, .F. ) ;
#3277 = CARTESIAN_POINT ( 'NONE',  ( 13.87500000000000178, -2.492861891654318526E-16, 1.357050807568868311 ) ) ;
#3278 = CARTESIAN_POINT ( 'NONE',  ( -15.68749999999998579, 1.175240473580833722, 0.000000000000000000 ) ) ;
#3279 = CARTESIAN_POINT ( 'NONE',  ( 16.93750000000000000, -1.175240473580827949, -1.439254484199180504E-16 ) ) ;
#3280 = CARTESIAN_POINT ( 'NONE',  ( -16.54166666666667140, 1.500000000000000888, -0.8660254037844402619 ) ) ;
#3281 = CARTESIAN_POINT ( 'NONE',  ( -15.81249999999998757, 2.033577675846917841E-16, 1.500000000000001110 ) ) ;
#3282 = CARTESIAN_POINT ( 'NONE',  ( -12.43749999999998934, 1.500000000000001332, 0.000000000000000000 ) ) ;
#3283 = ORIENTED_EDGE ( 'NONE', *, *, #1771, .F. ) ;
#3284 = ADVANCED_FACE ( 'NONE', ( #4784 ), #4375, .T. ) ;
#3285 = CARTESIAN_POINT ( 'NONE',  ( 16.62500000000000000, 8.309539638847728421E-17, -1.357050807568868533 ) ) ;
#3286 = CARTESIAN_POINT ( 'NONE',  ( -16.39583333333332149, -1.175240473580834166, -0.6785254037844371533 ) ) ;
#3287 = DIRECTION ( 'NONE',  ( 0.000000000000000000, 0.000000000000000000, 1.000000000000000000 ) ) ;
#3288 = VERTEX_POINT ( 'NONE', #711 ) ;
#3289 = LINE ( 'NONE', #29, #2508 ) ;
#3290 = DIRECTION ( 'NONE',  ( 0.000000000000000000, 0.000000000000000000, 1.000000000000000000 ) ) ;
#3291 = VECTOR ( 'NONE', #1814, 1000.000000000000000 ) ;
#3292 = CARTESIAN_POINT ( 'NONE',  ( -16.60416666666665719, -0.7500000000000013323, -1.299038105676658894 ) ) ;
#3293 = ORIENTED_EDGE ( 'NONE', *, *, #2202, .T. ) ;
#3294 = CARTESIAN_POINT ( 'NONE',  ( -16.81249999999998579, 2.033577675846917841E-16, 1.500000000000001110 ) ) ;
#3295 = CARTESIAN_POINT ( 'NONE',  ( -11.97916666666665542, 1.500000000000000888, -0.8660254037844402619 ) ) ;
#3296 = CARTESIAN_POINT ( 'NONE',  ( 15.39583333333333748, 1.500000000000000222, -0.8660254037844384856 ) ) ;
#3297 = DIRECTION ( 'NONE',  ( 0.000000000000000000, 0.000000000000000000, 1.000000000000000000 ) ) ;
#3298 = DIRECTION ( 'NONE',  ( 0.000000000000000000, 0.000000000000000000, 1.000000000000000000 ) ) ;
#3299 = CARTESIAN_POINT ( 'NONE',  ( -11.79166666666666963, -1.500000000000000888, 0.8660254037844398178 ) ) ;
#3300 = CARTESIAN_POINT ( 'NONE',  ( 16.39583333333333570, -1.175240473580827949, 0.6785254037844338226 ) ) ;
#3301 = ORIENTED_EDGE ( 'NONE', *, *, #69, .F. ) ;
#3302 = CARTESIAN_POINT ( 'NONE',  ( -13.99999999999998757, -1.175240473580833722, 1.439254484199187407E-16 ) ) ;
#3303 = CARTESIAN_POINT ( 'NONE',  ( 14.54166666666666785, -1.175240473580827727, -0.6785254037844345998 ) ) ;
#3304 = CARTESIAN_POINT ( 'NONE',  ( -16.22916666666665719, 1.175240473580833056, -0.6785254037844382635 ) ) ;
#3305 = CARTESIAN_POINT ( 'NONE',  ( 15.22916666666666785, 1.175240473580827505, 0.6785254037844348218 ) ) ;
#3306 = CARTESIAN_POINT ( 'NONE',  ( -16.58333333333333570, 0.7499999999999995559, -1.299038105676659560 ) ) ;
#3307 = CARTESIAN_POINT ( 'NONE',  ( -12.85416666666665542, 0.7500000000000008882, 1.299038105676659116 ) ) ;
#3308 = CARTESIAN_POINT ( 'NONE',  ( -13.72916666666665542, -1.500000000000000888, 0.8660254037844398178 ) ) ;
#3309 = EDGE_CURVE ( 'NONE', #218, #1451, #1997, .T. ) ;
#3310 = VERTEX_POINT ( 'NONE', #2378 ) ;
#3311 = CARTESIAN_POINT ( 'NONE',  ( 13.83333333333333570, 0.5876202367904130863, 1.017788105676651789 ) ) ;
#3312 = CARTESIAN_POINT ( 'NONE',  ( -16.22916666666665364, 1.175240473580833500, -0.6785254037844382635 ) ) ;
#3313 = EDGE_CURVE ( 'NONE', #1609, #5286, #2224, .T. ) ;
#3314 = CARTESIAN_POINT ( 'NONE',  ( -16.91666666666667140, 0.7500000000000008882, 1.299038105676659116 ) ) ;
#3315 = VERTEX_POINT ( 'NONE', #688 ) ;
#3316 = DIRECTION ( 'NONE',  ( 0.000000000000000000, 0.000000000000000000, 1.000000000000000000 ) ) ;
#3317 = CARTESIAN_POINT ( 'NONE',  ( -11.10000000000000320, 0.9742060283625741945, -1.140579946359919772 ) ) ;
#3318 = CARTESIAN_POINT ( 'NONE',  ( -15.37499825397863695, -3.142839371137244825E-05, 1.499999999670752926 ) ) ;
#3319 = CARTESIAN_POINT ( 'NONE',  ( 13.87500000000000178, -2.492861891654318526E-16, 1.357050807568868533 ) ) ;
#3320 = CARTESIAN_POINT ( 'NONE',  ( -16.64583333333332149, -1.500000000000001998, -0.8660254037844388186 ) ) ;
#3321 = EDGE_CURVE ( 'NONE', #512, #5143, #4496, .T. ) ;
#3322 = ORIENTED_EDGE ( 'NONE', *, *, #4287, .F. ) ;
#3323 = CARTESIAN_POINT ( 'NONE',  ( -11.89583333333331971, -1.175240473580834166, -0.6785254037844371533 ) ) ;
#3324 = CARTESIAN_POINT ( 'NONE',  ( -12.27083333333332149, -0.7500000000000003331, 1.299038105676659338 ) ) ;
#3325 = CARTESIAN_POINT ( 'NONE',  ( 14.14583333333333393, -1.500000000000000444, 0.8660254037844380415 ) ) ;
#3326 = CARTESIAN_POINT ( 'NONE',  ( -12.29166666666665719, 1.175240473580833500, -0.6785254037844382635 ) ) ;
#3327 = CYLINDRICAL_SURFACE ( 'NONE', #3381, 1.500000000000000222 ) ;
#3328 = B_SPLINE_CURVE_WITH_KNOTS ( 'NONE', 3,
 ( #2630, #2657, #2199, #73 ),
 .UNSPECIFIED., .F., .F.,
 ( 4, 4 ),
 ( 2.380746839933958805E-07, 0.001314652396222795814 ),
 .UNSPECIFIED. ) ;
#3329 = CARTESIAN_POINT ( 'NONE',  ( 12.56250000000000178, 8.309539638847728421E-17, -1.357050807568868533 ) ) ;
#3330 = ORIENTED_EDGE ( 'NONE', *, *, #1817, .T. ) ;
#3331 = PERSON ( 'UNSPECIFIED', 'UNSPECIFIED', 'UNSPECIFIED', ('UNSPECIFIED'), ('UNSPECIFIED'), ('UNSPECIFIED') ) ;
#3332 = VECTOR ( 'NONE', #53, 999.9999999999998863 ) ;
#3333 = CARTESIAN_POINT ( 'NONE',  ( -14.41666666666665364, -0.5876202367904174162, -1.017788105676656230 ) ) ;
#3334 = CIRCLE ( 'NONE', #903, 1.550800000000000622 ) ;
#3335 = CARTESIAN_POINT ( 'NONE',  ( 14.91666666666666785, -0.5876202367904145296, 1.017788105676650900 ) ) ;
#3336 = CARTESIAN_POINT ( 'NONE',  ( -12.89583333333332149, -1.175240473580834166, -0.6785254037844372643 ) ) ;
#3337 = CARTESIAN_POINT ( 'NONE',  ( 13.85416666666666963, -0.5876202367904145296, 1.017788105676650900 ) ) ;
#3338 = CARTESIAN_POINT ( 'NONE',  ( -12.83333333333333570, -0.7500000000000003331, 1.299038105676659338 ) ) ;
#3339 = CARTESIAN_POINT ( 'NONE',  ( -12.12612518940324335, -6.371588137072048885E-05, -1.499999997425524478 ) ) ;
#3340 = CARTESIAN_POINT ( 'NONE',  ( -13.56249999999998757, -3.181725716174723456E-16, -1.732050807568878747 ) ) ;
#3341 = VERTEX_POINT ( 'NONE', #207 ) ;
#3342 = CARTESIAN_POINT ( 'NONE',  ( -15.87499999999998579, -2.492861891654330359E-16, -1.357050807568875195 ) ) ;
#3343 = CARTESIAN_POINT ( 'NONE',  ( 15.00000000000000355, -1.175240473580827949, -1.439254484199180504E-16 ) ) ;
#3344 = CARTESIAN_POINT ( 'NONE',  ( -17.60416666666665364, 0.5876202367904169721, 1.017788105676656452 ) ) ;
#3345 = CARTESIAN_POINT ( 'NONE',  ( 12.29903810567680722, -1.299038105676882493, 2.249999999999999556 ) ) ;
#3346 = ORIENTED_EDGE ( 'NONE', *, *, #613, .T. ) ;
#3347 = CARTESIAN_POINT ( 'NONE',  ( 13.37500000000000178, 0.000000000000000000, 1.172700473580827518 ) ) ;
#3348 = ADVANCED_FACE ( 'NONE', ( #5330 ), #1687, .T. ) ;
#3349 = CARTESIAN_POINT ( 'NONE',  ( -16.25000000000000000, -1.500000000000001332, 1.836970198721031413E-16 ) ) ;
#3350 = CARTESIAN_POINT ( 'NONE',  ( 14.66666666666666785, 0.5876202367904140855, -1.017788105676651345 ) ) ;
#3351 = CARTESIAN_POINT ( 'NONE',  ( -15.43749999999998757, 1.500000000000001332, 0.000000000000000000 ) ) ;
#3352 = PERSON_AND_ORGANIZATION ( #3331, #4814 ) ;
#3353 = EDGE_LOOP ( 'NONE', ( #2448, #595, #2463, #2976 ) ) ;
#3354 = CARTESIAN_POINT ( 'NONE',  ( -12.97916666666665542, -1.175240473580833722, 0.6785254037844379305 ) ) ;
#3355 = CYLINDRICAL_SURFACE ( 'NONE', #4890, 1.500000000000000666 ) ;
#3356 = LINE ( 'NONE', #1701, #1688 ) ;
#3357 = CARTESIAN_POINT ( 'NONE',  ( -12.87499649327407880, -6.312113439951447453E-05, 1.499999998671908807 ) ) ;
#3358 = CARTESIAN_POINT ( 'NONE',  ( -12.41666666666665542, -0.5876202367904174162, -1.017788105676656230 ) ) ;
#3359 = CARTESIAN_POINT ( 'NONE',  ( 14.52083333333333570, -0.5876202367904137525, -1.017788105676651345 ) ) ;
#3360 = EDGE_LOOP ( 'NONE', ( #3732, #4787, #3556, #4041 ) ) ;
#3361 = CARTESIAN_POINT ( 'NONE',  ( -12.33333333333332149, 0.5876202367904159729, -1.017788105676656896 ) ) ;
#3362 = DIRECTION ( 'NONE',  ( 0.000000000000000000, 0.000000000000000000, -1.000000000000000000 ) ) ;
#3363 = CARTESIAN_POINT ( 'NONE',  ( -13.35416666666665542, -0.5876202367904174162, -1.017788105676656230 ) ) ;
#3364 = CARTESIAN_POINT ( 'NONE',  ( 13.47916666666666785, -1.175240473580827505, -0.6785254037844345998 ) ) ;
#3365 = CARTESIAN_POINT ( 'NONE',  ( -13.70833333333333570, -1.500000000000001998, -0.8660254037844388186 ) ) ;
#3366 = CARTESIAN_POINT ( 'NONE',  ( -12.93749999999998757, 1.500000000000001332, 0.000000000000000000 ) ) ;
#3367 = CARTESIAN_POINT ( 'NONE',  ( -11.60416666666665542, -0.7500000000000013323, -1.299038105676658894 ) ) ;
#3368 = ORIENTED_EDGE ( 'NONE', *, *, #5042, .F. ) ;
#3369 = CARTESIAN_POINT ( 'NONE',  ( 12.49999999999999822, 0.000000000000000000, 0.000000000000000000 ) ) ;
#3370 = CARTESIAN_POINT ( 'NONE',  ( -16.95833333333332149, -1.175240473580834166, -0.6785254037844371533 ) ) ;
#3371 = CARTESIAN_POINT ( 'NONE',  ( 14.50000000000000178, -1.175240473580827949, -1.439254484199180504E-16 ) ) ;
#3372 = CARTESIAN_POINT ( 'NONE',  ( -14.18749999999998757, 1.175240473580833722, 0.000000000000000000 ) ) ;
#3373 = CARTESIAN_POINT ( 'NONE',  ( 13.49479994131603711, 1.162044386198238097E-16, -1.292500414896857963 ) ) ;
#3374 = ORIENTED_EDGE ( 'NONE', *, *, #26, .F. ) ;
#3375 = CARTESIAN_POINT ( 'NONE',  ( -15.06249999999998934, 2.788906526875773602E-15, -1.500000000000001554 ) ) ;
#3376 = CARTESIAN_POINT ( 'NONE',  ( 12.49999999999999822, -1.948557158514986565, -1.125000000000000444 ) ) ;
#3377 = CARTESIAN_POINT ( 'NONE',  ( -15.10416666666665542, -0.7500000000000013323, -1.299038105676658894 ) ) ;
#3378 = CARTESIAN_POINT ( 'NONE',  ( -14.39583333333332327, 1.500000000000001554, 0.8660254037844392627 ) ) ;
#3379 = APPROVAL_STATUS ( 'not_yet_approved' ) ;
#3380 = ORIENTED_EDGE ( 'NONE', *, *, #5097, .T. ) ;
#3381 = AXIS2_PLACEMENT_3D ( 'NONE', #4982, #1262, #1704 ) ;
#3382 = CARTESIAN_POINT ( 'NONE',  ( -11.56249999999998934, 8.309539638847769097E-17, 1.357050807568875195 ) ) ;
#3383 = CARTESIAN_POINT ( 'NONE',  ( 16.93750000000000000, -1.175240473580827949, -1.439254484199180504E-16 ) ) ;
#3384 = CARTESIAN_POINT ( 'NONE',  ( 14.16666666666666785, -0.7500000000000006661, 1.299038105676657562 ) ) ;
#3385 = CARTESIAN_POINT ( 'NONE',  ( -16.31249999999998579, -1.539708811712666471E-15, 1.500000000000001110 ) ) ;
#3386 = CARTESIAN_POINT ( 'NONE',  ( -17.50000000000000000, -3.755786496842899057E-16, 2.250000000000000000 ) ) ;
#3387 = CARTESIAN_POINT ( 'NONE',  ( -17.44920000000000471, 1.481840969524534701, -0.2326958122498007930 ) ) ;
#3388 = EDGE_CURVE ( 'NONE', #3196, #1332, #3191, .T. ) ;
#3389 = CARTESIAN_POINT ( 'NONE',  ( 14.14583333333333393, 1.175240473580827727, -0.6785254037844341557 ) ) ;
#3390 = ORIENTED_EDGE ( 'NONE', *, *, #2597, .T. ) ;
#3391 = VERTEX_POINT ( 'NONE', #838 ) ;
#3392 = CARTESIAN_POINT ( 'NONE',  ( -12.29166666666665719, 1.175240473580833500, -0.6785254037844382635 ) ) ;
#3393 = DIRECTION ( 'NONE',  ( -1.000000000000000000, 0.000000000000000000, 0.000000000000000000 ) ) ;
#3394 = CARTESIAN_POINT ( 'NONE',  ( -11.85416666666665542, -0.5876202367904174162, -1.017788105676656230 ) ) ;
#3395 = CARTESIAN_POINT ( 'NONE',  ( 14.43750000000000178, -1.175240473580827949, -1.439254484199180504E-16 ) ) ;
#3396 = CARTESIAN_POINT ( 'NONE',  ( -11.54166666666666785, 1.500000000000000888, -0.8660254037844402619 ) ) ;
#3397 = CARTESIAN_POINT ( 'NONE',  ( -16.12499999999998579, 8.309539638847769097E-17, 1.357050807568875195 ) ) ;
#3398 = CARTESIAN_POINT ( 'NONE',  ( -13.81249999999998579, 1.060575238724907778E-16, 1.732050807568878747 ) ) ;
#3399 = ORIENTED_EDGE ( 'NONE', *, *, #1597, .F. ) ;
#3400 = CARTESIAN_POINT ( 'NONE',  ( 15.91666666666666963, 0.7500000000000002220, -1.299038105676658006 ) ) ;
#3401 = CARTESIAN_POINT ( 'NONE',  ( -16.58333333333332149, -0.5876202367904166390, 1.017788105676656674 ) ) ;
#3402 = CARTESIAN_POINT ( 'NONE',  ( 12.66666666666666963, 0.5876202367904140855, -1.017788105676651345 ) ) ;
#3403 = CARTESIAN_POINT ( 'NONE',  ( -14.31249999999998757, -2.492861891654330359E-16, -1.357050807568875195 ) ) ;
#3404 = CARTESIAN_POINT ( 'NONE',  ( -17.00000000000000000, 1.500000000000001332, 0.000000000000000000 ) ) ;
#3405 = CARTESIAN_POINT ( 'NONE',  ( -14.77083333333332149, -0.7500000000000003331, 1.299038105676659338 ) ) ;
#3406 = B_SPLINE_CURVE_WITH_KNOTS ( 'NONE', 3,
 ( #4328, #1901, #3478, #5134, #1411, #1047, #3068, #1021, #993, #1121, #2833, #3605, #1586, #3195 ),
 .UNSPECIFIED., .F., .F.,
 ( 4, 2, 2, 2, 2, 2, 4 ),
 ( 2.949348774913697507E-18, 0.0008450807106451775847, 0.001267621065967764913, 0.001690161421290352350, 0.002535242131935527225, 0.002957782487258115312, 0.003380322842580702532 ),
 .UNSPECIFIED. ) ;
#3407 = CARTESIAN_POINT ( 'NONE',  ( -11.41666666666666785, 0.7500000000000008882, 1.299038105676659116 ) ) ;
#3408 = CARTESIAN_POINT ( 'NONE',  ( 12.29166666666667318, 1.175240473580827505, 0.6785254037844348218 ) ) ;
#3409 = PERSON_AND_ORGANIZATION ( #3331, #4814 ) ;
#3410 = ORIENTED_EDGE ( 'NONE', *, *, #3571, .F. ) ;
#3411 = CARTESIAN_POINT ( 'NONE',  ( -11.85416666666665542, -0.5876202367904174162, -1.017788105676656230 ) ) ;
#3412 = CARTESIAN_POINT ( 'NONE',  ( 17.14583333333333570, 1.175240473580827949, -0.6785254037844341557 ) ) ;
#3413 = FACE_OUTER_BOUND ( 'NONE', #417, .T. ) ;
#3414 = CARTESIAN_POINT ( 'NONE',  ( -16.47916666666665719, 1.500000000000000888, -0.8660254037844402619 ) ) ;
#3415 = CARTESIAN_POINT ( 'NONE',  ( -15.25000000000000178, -1.500000000000001332, 1.836970198721031413E-16 ) ) ;
#3416 = CARTESIAN_POINT ( 'NONE',  ( 12.31250000000000355, -2.492861891654318526E-16, 1.357050807568868533 ) ) ;
#3417 = AXIS2_PLACEMENT_3D ( 'NONE', #2913, #581, #406 ) ;
#3418 = ORIENTED_EDGE ( 'NONE', *, *, #5357, .T. ) ;
#3419 = ORIENTED_EDGE ( 'NONE', *, *, #3107, .F. ) ;
#3420 = CARTESIAN_POINT ( 'NONE',  ( -13.66666666666665542, 0.5876202367904169721, 1.017788105676656452 ) ) ;
#3421 = ADVANCED_FACE ( 'NONE', ( #4119 ), #3575, .T. ) ;
#3422 = LINE ( 'NONE', #108, #3247 ) ;
#3423 = CARTESIAN_POINT ( 'NONE',  ( -12.97916666666665542, -1.175240473580833500, 0.6785254037844380415 ) ) ;
#3424 = CARTESIAN_POINT ( 'NONE',  ( 13.27083333333333570, 0.5876202367904130863, 1.017788105676651789 ) ) ;
#3425 = CARTESIAN_POINT ( 'NONE',  ( -13.20833333333333570, -1.500000000000001998, -0.8660254037844388186 ) ) ;
#3426 = CARTESIAN_POINT ( 'NONE',  ( -17.49999999999998934, -1.175240473580833722, 1.439254484199187407E-16 ) ) ;
#3427 = CARTESIAN_POINT ( 'NONE',  ( -15.95833333333332149, -1.175240473580834166, -0.6785254037844372643 ) ) ;
#3428 = VERTEX_POINT ( 'NONE', #2289 ) ;
#3429 = AXIS2_PLACEMENT_3D ( 'NONE', #563, #1732, #3449 ) ;
#3430 = DIRECTION ( 'NONE',  ( -1.000000000000000000, 0.000000000000000000, 0.000000000000000000 ) ) ;
#3431 = CARTESIAN_POINT ( 'NONE',  ( 15.43750000000000178, 1.500000000000000000, 0.000000000000000000 ) ) ;
#3432 = CARTESIAN_POINT ( 'NONE',  ( -17.20833333333332149, 1.175240473580833944, 0.6785254037844374864 ) ) ;
#3433 = CARTESIAN_POINT ( 'NONE',  ( 12.50000000000000178, -1.175240473580827949, -1.439254484199180504E-16 ) ) ;
#3434 =( BOUNDED_CURVE ( )  B_SPLINE_CURVE ( 2, ( #909, #2684, #1352, #3118, #1381, #5186, #4248, #1762, #1439 ),
 .UNSPECIFIED., .F., .F. ) 
 B_SPLINE_CURVE_WITH_KNOTS ( ( 3, 2, 2, 2, 3 ),
 ( 0.3692687118660674672, 0.3757479419483305549, 0.3887047675327557905, 0.4016615931171809151, 0.4081400880878831572 ),
 .UNSPECIFIED. ) 
 CURVE ( )  GEOMETRIC_REPRESENTATION_ITEM ( )  RATIONAL_B_SPLINE_CURVE ( ( 0.9330127029583430431, 0.9330042510487781549, 1.000000000000000000, 0.8660254037844387076, 1.000000000000000000, 0.8660254037844387076, 1.000000000000000000, 0.9330118521601693526, 0.9330127019029982316 ) ) 
 REPRESENTATION_ITEM ( '' )  );
#3435 = CARTESIAN_POINT ( 'NONE',  ( -15.43749999999998757, -1.175240473580833722, 1.439254484199187407E-16 ) ) ;
#3436 = AXIS2_PLACEMENT_3D ( 'NONE', #3779, #438, #1753 ) ;
#3437 = CIRCLE ( 'NONE', #2309, 1.172700473580827518 ) ;
#3438 = LINE ( 'NONE', #5092, #4724 ) ;
#3439 = CC_DESIGN_PERSON_AND_ORGANIZATION_ASSIGNMENT ( #4617, #68, ( #3654 ) ) ;
#3440 = EDGE_CURVE ( 'NONE', #5280, #4657, #5062, .T. ) ;
#3441 = CARTESIAN_POINT ( 'NONE',  ( -14.68749999999998934, -1.500000000000001332, 1.836970198721031413E-16 ) ) ;
#3442 = CARTESIAN_POINT ( 'NONE',  ( -17.42172769284589151, -1.511542704210605992, 1.881931238497174030 ) ) ;
#3443 = CARTESIAN_POINT ( 'NONE',  ( -15.75000000000000000, -1.500000000000001332, 1.836970198721031413E-16 ) ) ;
#3444 = PERSON_AND_ORGANIZATION ( #3331, #4814 ) ;
#3445 = CARTESIAN_POINT ( 'NONE',  ( 12.36022993090466038, -2.492088861051975357, -0.1835754756815212163 ) ) ;
#3446 = CARTESIAN_POINT ( 'NONE',  ( -16.66666666666667140, -0.7500000000000013323, -1.299038105676658894 ) ) ;
#3447 = B_SPLINE_CURVE_WITH_KNOTS ( 'NONE', 3,
 ( #1107, #2368, #4624, #2891, #1319, #390, #3273, #1288, #2058, #2925, #1205, #5348, #1620, #3387 ),
 .UNSPECIFIED., .F., .F.,
 ( 4, 2, 2, 2, 2, 2, 4 ),
 ( 8.003786803288867049E-06, 0.0003013708901006148739, 0.0005947379933979407519, 0.0008881050966952666300, 0.001181472199992592616, 0.001768206406587244589, 0.002354940613181896562 ),
 .UNSPECIFIED. ) ;
#3448 = CARTESIAN_POINT ( 'NONE',  ( 15.89583333333333570, -1.175240473580828393, 0.6785254037844338226 ) ) ;
#3449 = DIRECTION ( 'NONE',  ( 0.000000000000000000, 0.000000000000000000, 1.000000000000000000 ) ) ;
#3450 = CARTESIAN_POINT ( 'NONE',  ( 15.83333333333333393, -0.7499999999999996669, -1.299038105676658228 ) ) ;
#3451 = CARTESIAN_POINT ( 'NONE',  ( -15.16666666666666785, -0.7500000000000013323, -1.299038105676658894 ) ) ;
#3452 = CARTESIAN_POINT ( 'NONE',  ( 13.02083333333333570, -0.5876202367904137525, -1.017788105676651345 ) ) ;
#3453 = VERTEX_POINT ( 'NONE', #273 ) ;
#3454 = VERTEX_POINT ( 'NONE', #1497 ) ;
#3455 = CARTESIAN_POINT ( 'NONE',  ( -17.02083333333332149, -0.5876202367904166390, 1.017788105676656674 ) ) ;
#3456 = CARTESIAN_POINT ( 'NONE',  ( 17.22610454581285921, -0.7204288904372001534, 1.214657230747336003 ) ) ;
#3457 = CARTESIAN_POINT ( 'NONE',  ( -12.18749999999998757, 1.175240473580833722, 0.000000000000000000 ) ) ;
#3458 = CARTESIAN_POINT ( 'NONE',  ( 12.60416666666666963, 0.5876202367904140855, -1.017788105676651345 ) ) ;
#3459 = CARTESIAN_POINT ( 'NONE',  ( -11.45833333333333393, 1.500000000000001554, 0.8660254037844392627 ) ) ;
#3460 = CARTESIAN_POINT ( 'NONE',  ( -16.95833333333332149, -1.175240473580834166, -0.6785254037844371533 ) ) ;
#3461 = CARTESIAN_POINT ( 'NONE',  ( -15.45833333333332327, -1.175240473580834166, -0.6785254037844372643 ) ) ;
#3462 = ORIENTED_EDGE ( 'NONE', *, *, #4345, .T. ) ;
#3463 = CARTESIAN_POINT ( 'NONE',  ( 14.60416666666666785, 0.5876202367904140855, -1.017788105676651345 ) ) ;
#3464 = LINE ( 'NONE', #4502, #4019 ) ;
#3465 = CARTESIAN_POINT ( 'NONE',  ( -14.95833333333332149, -1.175240473580834166, -0.6785254037844371533 ) ) ;
#3466 = CARTESIAN_POINT ( 'NONE',  ( 17.18750000000000000, -1.500000000000000000, -1.836970198721029934E-16 ) ) ;
#3467 = CARTESIAN_POINT ( 'NONE',  ( -14.85416666666665364, -0.5876202367904174162, -1.017788105676656230 ) ) ;
#3468 = EDGE_CURVE ( 'NONE', #3606, #3505, #2692, .T. ) ;
#3469 =( BOUNDED_CURVE ( )  B_SPLINE_CURVE ( 2, ( #4933, #18, #1213, #1242, #4603, #2874, #2902, #4141, #425 ),
 .UNSPECIFIED., .F., .F. ) 
 B_SPLINE_CURVE_WITH_KNOTS ( ( 3, 2, 2, 2, 3 ),
 ( 0.2915280731806461079, 0.2980069884417794746, 0.3109638140262046546, 0.3239206396106298347, 0.3303993056922886473 ),
 .UNSPECIFIED. ) 
 CURVE ( )  GEOMETRIC_REPRESENTATION_ITEM ( )  RATIONAL_B_SPLINE_CURVE ( ( 0.9330127022951902882, 0.9330075063240357292, 1.000000000000000000, 0.8660254037844387076, 1.000000000000000000, 0.8660254037844387076, 1.000000000000000000, 0.9330100828594121154, 0.9330127019946168332 ) ) 
 REPRESENTATION_ITEM ( '' )  );
#3470 = DIRECTION ( 'NONE',  ( -1.000000000000000000, -0.000000000000000000, -0.000000000000000000 ) ) ;
#3471 = CARTESIAN_POINT ( 'NONE',  ( -15.29017090063073070, -0.4019237886466857090, 1.500000000000000444 ) ) ;
#3472 = CARTESIAN_POINT ( 'NONE',  ( -16.54166666666665719, -1.175240473580833500, 0.6785254037844380415 ) ) ;
#3473 = CARTESIAN_POINT ( 'NONE',  ( 14.31250000000000000, 2.033577675846917841E-16, -1.499999999999999778 ) ) ;
#3474 = CARTESIAN_POINT ( 'NONE',  ( 15.39583333333333393, -1.175240473580828393, 0.6785254037844338226 ) ) ;
#3475 = CARTESIAN_POINT ( 'NONE',  ( 0.000000000000000000, 0.000000000000000000, 1.172700473580827740 ) ) ;
#3476 = CARTESIAN_POINT ( 'NONE',  ( 16.50000000000000000, 1.500000000000000000, 0.000000000000000000 ) ) ;
#3477 = DIRECTION ( 'NONE',  ( 1.000000000000000000, 0.000000000000000000, 0.000000000000000000 ) ) ;
#3478 = CARTESIAN_POINT ( 'NONE',  ( 17.14502045542456798, -1.390366910185946825, 0.5803320054831935249 ) ) ;
#3479 = ORIENTED_EDGE ( 'NONE', *, *, #3313, .T. ) ;
#3480 = VERTEX_POINT ( 'NONE', #1079 ) ;
#3481 = CARTESIAN_POINT ( 'NONE',  ( -17.22916666666665364, 1.175240473580833500, -0.6785254037844382635 ) ) ;
#3482 = CARTESIAN_POINT ( 'NONE',  ( 13.50000000000000178, -1.175240473580827949, -1.439254484199180504E-16 ) ) ;
#3483 = DIRECTION ( 'NONE',  ( 1.000000000000000000, 0.000000000000000000, 0.000000000000000000 ) ) ;
#3484 = CARTESIAN_POINT ( 'NONE',  ( 16.79166666666667140, 1.175240473580827505, 0.6785254037844348218 ) ) ;
#3485 = CARTESIAN_POINT ( 'NONE',  ( -13.62499999993385380, 8.929855743225641733E-10, -1.500000000000000888 ) ) ;
#3486 = CARTESIAN_POINT ( 'NONE',  ( -17.45833333333332149, -1.175240473580834166, -0.6785254037844371533 ) ) ;
#3487 = CARTESIAN_POINT ( 'NONE',  ( -15.99999999999998579, -1.175240473580833722, 1.439254484199187407E-16 ) ) ;
#3488 = ORIENTED_EDGE ( 'NONE', *, *, #1761, .T. ) ;
#3489 = CARTESIAN_POINT ( 'NONE',  ( 12.08333333333333570, 0.7499999999999988898, 1.299038105676658672 ) ) ;
#3490 = CARTESIAN_POINT ( 'NONE',  ( 14.39583333333333215, -1.175240473580828393, 0.6785254037844338226 ) ) ;
#3491 = CARTESIAN_POINT ( 'NONE',  ( -17.41807086288364559, 0.4421059630541049890, 1.405193484532974102 ) ) ;
#3492 = CARTESIAN_POINT ( 'NONE',  ( 16.39583333333333570, 1.500000000000000222, -0.8660254037844384856 ) ) ;
#3493 = CARTESIAN_POINT ( 'NONE',  ( -14.64583333333332149, 1.175240473580833944, 0.6785254037844374864 ) ) ;
#3494 = CARTESIAN_POINT ( 'NONE',  ( -11.81249999999998757, 2.033577675846917841E-16, 1.500000000000001110 ) ) ;
#3495 = EDGE_CURVE ( 'NONE', #476, #4383, #949, .T. ) ;
#3496 = CARTESIAN_POINT ( 'NONE',  ( 13.83333333333333393, -0.7499999999999996669, -1.299038105676658228 ) ) ;
#3497 = PLANE ( 'NONE',  #2183 ) ;
#3498 = CARTESIAN_POINT ( 'NONE',  ( -16.29166666666665719, 1.175240473580833056, -0.6785254037844382635 ) ) ;
#3499 = DIRECTION ( 'NONE',  ( 1.000000000000000000, 0.000000000000000000, -0.000000000000000000 ) ) ;
#3500 = CARTESIAN_POINT ( 'NONE',  ( 15.12500000000000178, -6.391244124090313355E-16, 1.499999999999999778 ) ) ;
#3501 = CARTESIAN_POINT ( 'NONE',  ( 15.37500000000000178, 1.060575238724906915E-16, -1.732050807568877193 ) ) ;
#3502 = CYLINDRICAL_SURFACE ( 'NONE', #92, 1.500000000000000666 ) ;
#3503 = FACE_OUTER_BOUND ( 'NONE', #3360, .T. ) ;
#3504 = EDGE_CURVE ( 'NONE', #513, #3606, #4294, .T. ) ;
#3505 = VERTEX_POINT ( 'NONE', #3485 ) ;
#3506 = ORIENTED_EDGE ( 'NONE', *, *, #4782, .T. ) ;
#3507 = CARTESIAN_POINT ( 'NONE',  ( -16.85416666666665719, -0.5876202367904174162, -1.017788105676656230 ) ) ;
#3508 = CARTESIAN_POINT ( 'NONE',  ( -14.31249999999998757, 2.033577675846917841E-16, 1.500000000000001110 ) ) ;
#3509 = CARTESIAN_POINT ( 'NONE',  ( -11.64583333333331971, 1.175240473580833722, 0.6785254037844374864 ) ) ;
#3510 = CARTESIAN_POINT ( 'NONE',  ( 17.66666666666666785, 0.5876202367904140855, -1.017788105676651345 ) ) ;
#3511 = CARTESIAN_POINT ( 'NONE',  ( 13.69011179174034432, -1.478531070122048430, -0.1926800700516330955 ) ) ;
#3512 = CARTESIAN_POINT ( 'NONE',  ( -15.24999999999998757, 1.175240473580833722, 0.000000000000000000 ) ) ;
#3513 = CARTESIAN_POINT ( 'NONE',  ( -15.33333333333331971, 0.5876202367904159729, -1.017788105676656896 ) ) ;
#3514 = EDGE_LOOP ( 'NONE', ( #4425, #1852, #2213, #2947 ) ) ;
#3515 = CARTESIAN_POINT ( 'NONE',  ( 14.04166666666666963, 1.499999999999999778, 0.8660254037844394848 ) ) ;
#3516 = CARTESIAN_POINT ( 'NONE',  ( -17.50000000000000000, 1.299038105676658006, 2.250000000000000000 ) ) ;
#3517 = CARTESIAN_POINT ( 'NONE',  ( 15.85267090063073958, -0.4019237886466838217, -1.499999999999999778 ) ) ;
#3518 = CARTESIAN_POINT ( 'NONE',  ( -11.10000000000000142, 0.000000000000000000, 0.000000000000000000 ) ) ;
#3519 = CARTESIAN_POINT ( 'NONE',  ( 17.31250000000000355, 1.060575238724906915E-16, -1.732050807568877193 ) ) ;
#3520 = CARTESIAN_POINT ( 'NONE',  ( -17.37500000000000355, 1.060575238724907778E-16, 1.732050807568878747 ) ) ;
#3521 = CARTESIAN_POINT ( 'NONE',  ( 16.25000000000000000, -1.500000000000000000, -1.836970198721029934E-16 ) ) ;
#3522 = CARTESIAN_POINT ( 'NONE',  ( -14.10416666666665542, -0.7500000000000013323, -1.299038105676658894 ) ) ;
#3523 = CARTESIAN_POINT ( 'NONE',  ( 15.56250000000000000, -6.391244124090313355E-16, 1.499999999999999778 ) ) ;
#3524 = VECTOR ( 'NONE', #3840, 1000.000000000000000 ) ;
#3525 = CC_DESIGN_APPROVAL ( #1816, ( #3654 ) ) ;
#3526 = EDGE_CURVE ( 'NONE', #2608, #2432, #3730, .T. ) ;
#3527 = DIRECTION ( 'NONE',  ( -1.000000000000000000, 0.000000000000000000, 0.000000000000000000 ) ) ;
#3528 = CARTESIAN_POINT ( 'NONE',  ( -14.14733257571775127, -0.4019863629194617149, -1.499963872726769232 ) ) ;
#3529 = CARTESIAN_POINT ( 'NONE',  ( 15.79166666666666785, -1.499999999999999778, -0.8660254037844391517 ) ) ;
#3530 = CARTESIAN_POINT ( 'NONE',  ( 14.45833333333333570, 1.500000000000000000, -0.8660254037844384856 ) ) ;
#3531 = DIRECTION ( 'NONE',  ( -1.000000000000000000, -0.000000000000000000, -0.000000000000000000 ) ) ;
#3532 = EDGE_CURVE ( 'NONE', #5286, #37, #2341, .T. ) ;
#3533 = ORIENTED_EDGE ( 'NONE', *, *, #26, .T. ) ;
#3534 = ORIENTED_EDGE ( 'NONE', *, *, #1364, .F. ) ;
#3535 = CARTESIAN_POINT ( 'NONE',  ( -12.08333333333332149, -0.5876202367904166390, 1.017788105676656674 ) ) ;
#3536 = CARTESIAN_POINT ( 'NONE',  ( 12.49999999999999822, 0.000000000000000000, -2.250000000000000000 ) ) ;
#3537 = DIRECTION ( 'NONE',  ( -1.000000000000000000, -0.000000000000000000, -0.000000000000000000 ) ) ;
#3538 = CARTESIAN_POINT ( 'NONE',  ( 16.00000000000000000, -1.175240473580827949, -1.439254484199180504E-16 ) ) ;
#3539 = CARTESIAN_POINT ( 'NONE',  ( 13.64335780580731772, -1.430791725970739670, 0.1969260084016467849 ) ) ;
#3540 = CARTESIAN_POINT ( 'NONE',  ( -15.12499999999999112, 8.309539638847769097E-17, 1.357050807568875195 ) ) ;
#3541 = CARTESIAN_POINT ( 'NONE',  ( -15.70833333333331971, 1.175240473580833722, 0.6785254037844374864 ) ) ;
#3542 = CARTESIAN_POINT ( 'NONE',  ( 13.08333333333333570, 0.7499999999999988898, 1.299038105676658672 ) ) ;
#3543 = CARTESIAN_POINT ( 'NONE',  ( -17.27124829049021315, -0.6926113494252621461, -1.129667488192426905 ) ) ;
#3544 = CARTESIAN_POINT ( 'NONE',  ( 15.83482909936926397, 0.4019237886466842657, -1.499999999999999778 ) ) ;
#3545 = CARTESIAN_POINT ( 'NONE',  ( -17.12444047358083665, 0.1554477815045612055, 1.175240473580836831 ) ) ;
#3546 = CARTESIAN_POINT ( 'NONE',  ( 16.18750000000000000, -1.500000000000000000, -1.836970198721029934E-16 ) ) ;
#3547 = CARTESIAN_POINT ( 'NONE',  ( -11.89583333333331971, -1.175240473580834166, -0.6785254037844371533 ) ) ;
#3548 = DIRECTION ( 'NONE',  ( 0.000000000000000000, 0.000000000000000000, 1.000000000000000000 ) ) ;
#3549 = CARTESIAN_POINT ( 'NONE',  ( -14.27083333333332149, -0.7500000000000003331, 1.299038105676659338 ) ) ;
#3550 = CARTESIAN_POINT ( 'NONE',  ( 13.56022274419276741, 1.306485537713342637, -0.3808478571708692750 ) ) ;
#3551 = CARTESIAN_POINT ( 'NONE',  ( -16.79166666666665719, 1.175240473580833056, -0.6785254037844382635 ) ) ;
#3552 = FACE_OUTER_BOUND ( 'NONE', #136, .T. ) ;
#3553 = CARTESIAN_POINT ( 'NONE',  ( 15.62500000000000000, -3.181725716174720005E-16, 1.732050807568877193 ) ) ;
#3554 = CARTESIAN_POINT ( 'NONE',  ( -13.31249999999998579, 2.033577675846917841E-16, 1.500000000000001110 ) ) ;
#3555 = DIRECTION ( 'NONE',  ( -1.000000000000000000, -0.000000000000000000, -0.000000000000000000 ) ) ;
#3556 = ORIENTED_EDGE ( 'NONE', *, *, #1404, .F. ) ;
#3557 = CARTESIAN_POINT ( 'NONE',  ( -16.43749999999998579, -1.175240473580833722, 1.439254484199187407E-16 ) ) ;
#3558 = DIRECTION ( 'NONE',  ( 0.000000000000000000, 0.000000000000000000, 1.000000000000000000 ) ) ;
#3559 = FACE_OUTER_BOUND ( 'NONE', #5189, .T. ) ;
#3560 = CARTESIAN_POINT ( 'NONE',  ( 12.22916666666666963, 1.175240473580827505, 0.6785254037844348218 ) ) ;
#3561 = EDGE_CURVE ( 'NONE', #5190, #2475, #420, .T. ) ;
#3562 = DIRECTION ( 'NONE',  ( -0.7071067811865493491, 8.659560562354910671E-17, -0.7071067811865456854 ) ) ;
#3563 = CARTESIAN_POINT ( 'NONE',  ( -13.29166666666665542, 1.175240473580833500, -0.6785254037844382635 ) ) ;
#3564 = FACE_OUTER_BOUND ( 'NONE', #4429, .T. ) ;
#3565 = CARTESIAN_POINT ( 'NONE',  ( 12.20833333333333570, -1.500000000000000444, 0.8660254037844380415 ) ) ;
#3566 = CARTESIAN_POINT ( 'NONE',  ( 17.44975952641917161, -0.9519291851245524905, 0.6892176704427956935 ) ) ;
#3567 = CARTESIAN_POINT ( 'NONE',  ( 15.93750000000000000, 1.500000000000000000, 0.000000000000000000 ) ) ;
#3568 = CARTESIAN_POINT ( 'NONE',  ( 16.56250000000000000, -6.391244124090313355E-16, 1.500000000000000000 ) ) ;
#3569 = CARTESIAN_POINT ( 'NONE',  ( 15.97916666666666963, 1.499999999999999778, 0.8660254037844394848 ) ) ;
#3570 = CARTESIAN_POINT ( 'NONE',  ( -12.27083333333332149, 0.5876202367904159729, -1.017788105676656896 ) ) ;
#3571 = EDGE_CURVE ( 'NONE', #2848, #5350, #5220, .T. ) ;
#3572 = CARTESIAN_POINT ( 'NONE',  ( 17.75000000000000355, 1.175240473580827949, 0.000000000000000000 ) ) ;
#3573 = CARTESIAN_POINT ( 'NONE',  ( 13.37753999999877941, -0.8639678237730847865, 0.7967118489305471396 ) ) ;
#3574 = CARTESIAN_POINT ( 'NONE',  ( -17.41111469916797816, -0.8716761822347036670, 2.249999999999999556 ) ) ;
#3575 =( BOUNDED_SURFACE ( )  B_SPLINE_SURFACE ( 1, 2, ( 
 ( #2045, #1633, #3344, #4523, #1166, #1275, #352, #1995, #402, #1218, #3232, #2500, #3663, #4497, #1191, #1579, #1607, #4913, #5307, #2851, #786, #2473, #4964, #4884, #2826, #736, #4146, #2879, #4044, #2446, #330, #3286, #3691, #3714, #431, #3312, #4995, #808, #758, #1660, #4445, #2070, #4940, #2019, #4089, #376, #5387, #2097, #3744, #25, #894, #3775, #1813, #2563, #3435, #1718, #2622, #4172, #4204, #2968, #5060, #866, #4643, #2531, #1780, #2190, #2219, #1398, #3467, #178, #5091, #4609, #153, #3493, #953, #3833, #465, #497, #2128, #59, #1369, #3403, #1839, #2161, #3372, #5121, #3804, #3028, #5028, #4264, #1304, #90, #1750, #1336, #4234, #5149, #3862, #3057, #2997, #4670, #2247, #4699, #981, #120, #557, #924, #2594, #527, #2648, #2939, #4578, #4292, #583, #3889, #1089, #3084, #3968, #634, #2373, #4756, #1457, #256, #4344, #4729, #4014, #1917, #5178, #2775, #3993, #4319, #3570, #4832, #280, #2298, #3943, #1942, #233, #203, #4420, #3547, #303, #1866, #5252, #1892, #708, #5229, #1012, #3112, #3595, #660, #1967, #5204, #3617, #1430, #610, #1530, #3186 ),
 ( #1507, #2677, #3161, #3520, #2272, #1112, #1482, #685, #3919, #3138, #4781, #1063, #4805, #1038, #2753, #2703, #2728, #4370, #2324, #4396, #2349, #4086, #3306, #3280, #372, #781, #1241, #4040, #3709, #349, #2901, #2040, #3208, #5303, #2467, #4491, #4545, #2016, #2495, #5279, #4441, #4114, #5380, #4517, #803, #2091, #5354, #2846, #2443, #4140, #1628, #833, #3660, #327, #397, #4932, #3686, #1991, #1654, #4468, #5327, #1601, #2398, #2418, #4060, #2797, #3255, #4907, #1212, #2065, #3639, #1576, #1551, #4959, #2873, #4860, #1186, #1135, #424, #731, #3230, #4881, #1159, #2824, #753, #52, #945, #4282, #1772, #4635, #4989, #3365, #1269, #1680, #2181, #4196, #2640, #1711, #4572, #2613, #5020, #4226, #2525, #3425, #2933, #1296, #3765, #490, #5053, #973, #3020, #4256, #3338, #518, #3047, #4662, #145, #917, #5082, #2961, #4602, #4164, #886, #576, #3737, #2586, #549, #2554, #1360, #17, #3825, #2154, #4691, #3796, #83, #111, #1743, #860, #456, #2210, #2120, #5113, #3854, #3396, #1802, #3459, #1390, #1329, #2989, #4797, #3102, #1002, #3586, #4336, #4825, #600, #3075 ) ),
 .UNSPECIFIED., .F., .F., .F. ) 
 B_SPLINE_SURFACE_WITH_KNOTS ( ( 2, 2 ),
 ( 3, 2, 2, 2, 2, 2, 2, 2, 2, 2, 2, 2, 2, 2, 2, 2, 2, 2, 2, 2, 2, 2, 2, 2, 2, 2, 2, 2, 2, 2, 2, 2, 2, 2, 2, 2, 2, 2, 2, 2, 2, 2, 2, 2, 2, 2, 2, 2, 2, 2, 2, 2, 2, 2, 2, 2, 2, 2, 2, 2, 2, 2, 2, 2, 2, 2, 2, 2, 2, 2, 2, 2, 2, 2, 2, 2, 2, 2, 3 ),
 ( 0.000000000000000000, 1.000000000000000000 ),
 ( 0.000000000000000000, 0.01282051282051282007, 0.02564102564102564014, 0.03846153846153846367, 0.05128205128205128027, 0.06410256410256409687, 0.07692307692307692735, 0.08974358974358974395, 0.1025641025641025605, 0.1153846153846153910, 0.1282051282051281937, 0.1410256410256410242, 0.1538461538461538547, 0.1666666666666666574, 0.1794871794871794879, 0.1923076923076923184, 0.2051282051282051211, 0.2179487179487179516, 0.2307692307692307820, 0.2435897435897435848, 0.2564102564102563875, 0.2692307692307692180, 0.2820512820512820484, 0.2948717948717948789, 0.3076923076923077094, 0.3205128205128205399, 0.3333333333333333148, 0.3461538461538461453, 0.3589743589743589758, 0.3717948717948718063, 0.3846153846153846367, 0.3974358974358974117, 0.4102564102564102422, 0.4230769230769230727, 0.4358974358974359031, 0.4487179487179487336, 0.4615384615384615641, 0.4743589743589743390, 0.4871794871794871695, 0.5000000000000000000, 0.5128205128205127750, 0.5256410256410256610, 0.5384615384615384359, 0.5512820512820513219, 0.5641025641025640969, 0.5769230769230768718, 0.5897435897435897578, 0.6025641025641025328, 0.6153846153846154188, 0.6282051282051281937, 0.6410256410256410797, 0.6538461538461538547, 0.6666666666666666297, 0.6794871794871795156, 0.6923076923076922906, 0.7051282051282051766, 0.7179487179487179516, 0.7307692307692307265, 0.7435897435897436125, 0.7564102564102563875, 0.7692307692307692735, 0.7820512820512820484, 0.7948717948717948234, 0.8076923076923077094, 0.8205128205128204844, 0.8333333333333333703, 0.8461538461538461453, 0.8589743589743589203, 0.8717948717948718063, 0.8846153846153845812, 0.8974358974358974672, 0.9102564102564102422, 0.9230769230769231282, 0.9358974358974359031, 0.9487179487179486781, 0.9615384615384615641, 0.9743589743589743390, 0.9871794871794872250, 0.9894794629267660291 ),
 .UNSPECIFIED. ) 
 GEOMETRIC_REPRESENTATION_ITEM ( )  RATIONAL_B_SPLINE_SURFACE ( (
 ( 1.000000000000000000, 0.8660254037844387076, 1.000000000000000000, 0.8660254037844387076, 1.000000000000000000, 0.8660254037844387076, 1.000000000000000000, 0.8660254037844387076, 1.000000000000000000, 0.8660254037844387076, 1.000000000000000000, 0.8660254037844387076, 1.000000000000000000, 0.8660254037844387076, 1.000000000000000000, 0.8660254037844387076, 1.000000000000000000, 0.8660254037844387076, 1.000000000000000000, 0.8660254037844387076, 1.000000000000000000, 0.8660254037844387076, 1.000000000000000000, 0.8660254037844387076, 1.000000000000000000, 0.8660254037844387076, 1.000000000000000000, 0.8660254037844387076, 1.000000000000000000, 0.8660254037844387076, 1.000000000000000000, 0.8660254037844387076, 1.000000000000000000, 0.8660254037844387076, 1.000000000000000000, 0.8660254037844387076, 1.000000000000000000, 0.8660254037844387076, 1.000000000000000000, 0.8660254037844387076, 1.000000000000000000, 0.8660254037844387076, 1.000000000000000000, 0.8660254037844387076, 1.000000000000000000, 0.8660254037844387076, 1.000000000000000000, 0.8660254037844387076, 1.000000000000000000, 0.8660254037844387076, 1.000000000000000000, 0.8660254037844387076, 1.000000000000000000, 0.8660254037844387076, 1.000000000000000000, 0.8660254037844387076, 1.000000000000000000, 0.8660254037844387076, 1.000000000000000000, 0.8660254037844387076, 1.000000000000000000, 0.8660254037844387076, 1.000000000000000000, 0.8660254037844387076, 1.000000000000000000, 0.8660254037844387076, 1.000000000000000000, 0.8660254037844387076, 1.000000000000000000, 0.8660254037844387076, 1.000000000000000000, 0.8660254037844387076, 1.000000000000000000, 0.8660254037844387076, 1.000000000000000000, 0.8660254037844387076, 1.000000000000000000, 0.8660254037844387076, 1.000000000000000000, 0.8660254037844387076, 1.000000000000000000, 0.8660254037844387076, 1.000000000000000000, 0.8660254037844387076, 1.000000000000000000, 0.8660254037844387076, 1.000000000000000000, 0.8660254037844387076, 1.000000000000000000, 0.8660254037844387076, 1.000000000000000000, 0.8660254037844387076, 1.000000000000000000, 0.8660254037844387076, 1.000000000000000000, 0.8660254037844387076, 1.000000000000000000, 0.8660254037844387076, 1.000000000000000000, 0.8660254037844387076, 1.000000000000000000, 0.8660254037844387076, 1.000000000000000000, 0.8660254037844387076, 1.000000000000000000, 0.8660254037844387076, 1.000000000000000000, 0.8660254037844387076, 1.000000000000000000, 0.8660254037844387076, 1.000000000000000000, 0.8660254037844387076, 1.000000000000000000, 0.8660254037844387076, 1.000000000000000000, 0.8660254037844387076, 1.000000000000000000, 0.8660254037844387076, 1.000000000000000000, 0.8660254037844387076, 1.000000000000000000, 0.8660254037844387076, 1.000000000000000000, 0.8660254037844387076, 1.000000000000000000, 0.8660254037844387076, 1.000000000000000000, 0.8660254037844387076, 1.000000000000000000, 0.8660254037844387076, 1.000000000000000000, 0.8660254037844387076, 1.000000000000000000, 0.8660254037844387076, 1.000000000000000000, 0.8660254037844387076, 1.000000000000000000, 0.8660254037844387076, 1.000000000000000000, 0.8660254037844387076, 1.000000000000000000, 0.8660254037844387076, 1.000000000000000000, 0.8660254037844387076, 1.000000000000000000, 0.8660254037844387076, 1.000000000000000000, 0.8660254037844387076, 1.000000000000000000, 0.8660254037844387076, 1.000000000000000000, 0.8660254037844387076, 1.000000000000000000, 0.8660254037844387076, 1.000000000000000000, 0.9759652108803135162, 0.9605540131629604073),
 ( 1.000000000000000000, 0.8660254037844387076, 1.000000000000000000, 0.8660254037844387076, 1.000000000000000000, 0.8660254037844387076, 1.000000000000000000, 0.8660254037844387076, 1.000000000000000000, 0.8660254037844387076, 1.000000000000000000, 0.8660254037844387076, 1.000000000000000000, 0.8660254037844387076, 1.000000000000000000, 0.8660254037844387076, 1.000000000000000000, 0.8660254037844387076, 1.000000000000000000, 0.8660254037844387076, 1.000000000000000000, 0.8660254037844387076, 1.000000000000000000, 0.8660254037844387076, 1.000000000000000000, 0.8660254037844387076, 1.000000000000000000, 0.8660254037844387076, 1.000000000000000000, 0.8660254037844387076, 1.000000000000000000, 0.8660254037844387076, 1.000000000000000000, 0.8660254037844387076, 1.000000000000000000, 0.8660254037844387076, 1.000000000000000000, 0.8660254037844387076, 1.000000000000000000, 0.8660254037844387076, 1.000000000000000000, 0.8660254037844387076, 1.000000000000000000, 0.8660254037844387076, 1.000000000000000000, 0.8660254037844387076, 1.000000000000000000, 0.8660254037844387076, 1.000000000000000000, 0.8660254037844387076, 1.000000000000000000, 0.8660254037844387076, 1.000000000000000000, 0.8660254037844387076, 1.000000000000000000, 0.8660254037844387076, 1.000000000000000000, 0.8660254037844387076, 1.000000000000000000, 0.8660254037844387076, 1.000000000000000000, 0.8660254037844387076, 1.000000000000000000, 0.8660254037844387076, 1.000000000000000000, 0.8660254037844387076, 1.000000000000000000, 0.8660254037844387076, 1.000000000000000000, 0.8660254037844387076, 1.000000000000000000, 0.8660254037844387076, 1.000000000000000000, 0.8660254037844387076, 1.000000000000000000, 0.8660254037844387076, 1.000000000000000000, 0.8660254037844387076, 1.000000000000000000, 0.8660254037844387076, 1.000000000000000000, 0.8660254037844387076, 1.000000000000000000, 0.8660254037844387076, 1.000000000000000000, 0.8660254037844387076, 1.000000000000000000, 0.8660254037844387076, 1.000000000000000000, 0.8660254037844387076, 1.000000000000000000, 0.8660254037844387076, 1.000000000000000000, 0.8660254037844387076, 1.000000000000000000, 0.8660254037844387076, 1.000000000000000000, 0.8660254037844387076, 1.000000000000000000, 0.8660254037844387076, 1.000000000000000000, 0.8660254037844387076, 1.000000000000000000, 0.8660254037844387076, 1.000000000000000000, 0.8660254037844387076, 1.000000000000000000, 0.8660254037844387076, 1.000000000000000000, 0.8660254037844387076, 1.000000000000000000, 0.8660254037844387076, 1.000000000000000000, 0.8660254037844387076, 1.000000000000000000, 0.8660254037844387076, 1.000000000000000000, 0.8660254037844387076, 1.000000000000000000, 0.8660254037844387076, 1.000000000000000000, 0.8660254037844387076, 1.000000000000000000, 0.8660254037844387076, 1.000000000000000000, 0.8660254037844387076, 1.000000000000000000, 0.8660254037844387076, 1.000000000000000000, 0.8660254037844387076, 1.000000000000000000, 0.8660254037844387076, 1.000000000000000000, 0.8660254037844387076, 1.000000000000000000, 0.8660254037844387076, 1.000000000000000000, 0.8660254037844387076, 1.000000000000000000, 0.8660254037844387076, 1.000000000000000000, 0.8660254037844387076, 1.000000000000000000, 0.8660254037844387076, 1.000000000000000000, 0.8660254037844387076, 1.000000000000000000, 0.8660254037844387076, 1.000000000000000000, 0.8660254037844387076, 1.000000000000000000, 0.8660254037844387076, 1.000000000000000000, 0.8660254037844387076, 1.000000000000000000, 0.9759652108803135162, 0.9605540131629604073) ) ) 
 REPRESENTATION_ITEM ( '' )  SURFACE ( )  );
#3576 = EDGE_LOOP ( 'NONE', ( #1623, #5356, #1577 ) ) ;
#3577 = DIRECTION ( 'NONE',  ( 0.000000000000000000, 0.000000000000000000, 1.000000000000000000 ) ) ;
#3578 = CARTESIAN_POINT ( 'NONE',  ( 14.37500000000000355, 1.060575238724906915E-16, -1.732050807568877193 ) ) ;
#3579 = CARTESIAN_POINT ( 'NONE',  ( -13.97916666666665542, 1.500000000000000888, -0.8660254037844402619 ) ) ;
#3580 = CARTESIAN_POINT ( 'NONE',  ( 16.58482909936926220, -0.4019237886466845988, 1.499999999999999778 ) ) ;
#3581 = EDGE_LOOP ( 'NONE', ( #543, #3760, #5304, #1145 ) ) ;
#3582 = CARTESIAN_POINT ( 'NONE',  ( -13.85416666666665542, -0.5876202367904174162, -1.017788105676656230 ) ) ;
#3583 = FACE_OUTER_BOUND ( 'NONE', #4920, .T. ) ;
#3584 = CARTESIAN_POINT ( 'NONE',  ( -17.50000000000000000, 0.000000000000000000, -2.250000000000000000 ) ) ;
#3585 = CARTESIAN_POINT ( 'NONE',  ( 14.04166666666666963, -1.175240473580827505, -0.6785254037844345998 ) ) ;
#3586 = CARTESIAN_POINT ( 'NONE',  ( -11.16666666666666785, -0.7500000000000013323, -1.299038105676658894 ) ) ;
#3587 = CARTESIAN_POINT ( 'NONE',  ( -15.16666666666665542, 0.5876202367904169721, 1.017788105676656452 ) ) ;
#3588 = CARTESIAN_POINT ( 'NONE',  ( -12.24999999999998757, 1.175240473580833722, 0.000000000000000000 ) ) ;
#3589 = CARTESIAN_POINT ( 'NONE',  ( 13.87500000000000178, 1.060575238724906915E-16, -1.732050807568877193 ) ) ;
#3590 = ADVANCED_FACE ( 'NONE', ( #701 ), #4454, .T. ) ;
#3591 = CARTESIAN_POINT ( 'NONE',  ( 16.83333333333333570, 0.5876202367904130863, 1.017788105676651789 ) ) ;
#3592 = CARTESIAN_POINT ( 'NONE',  ( 15.89583333333333570, 1.500000000000000000, -0.8660254037844384856 ) ) ;
#3593 = CARTESIAN_POINT ( 'NONE',  ( 12.49999999999999822, 0.000000000000000000, -1.500000000000000222 ) ) ;
#3594 = CARTESIAN_POINT ( 'NONE',  ( 13.89583333333333570, 1.500000000000000222, -0.8660254037844384856 ) ) ;
#3595 = CARTESIAN_POINT ( 'NONE',  ( -11.52083333333331971, -0.5876202367904166390, 1.017788105676656674 ) ) ;
#3596 = CARTESIAN_POINT ( 'NONE',  ( 16.37500000000000355, -2.492861891654318526E-16, 1.357050807568868533 ) ) ;
#3597 = DIRECTION ( 'NONE',  ( 0.000000000000000000, 0.000000000000000000, 1.000000000000000000 ) ) ;
#3598 = CARTESIAN_POINT ( 'NONE',  ( -13.31249999999998579, 2.033577675846917841E-16, 1.500000000000001110 ) ) ;
#3599 = ORIENTED_EDGE ( 'NONE', *, *, #2856, .F. ) ;
#3600 = VECTOR ( 'NONE', #644, 1000.000000000000000 ) ;
#3601 = FACE_BOUND ( 'NONE', #5108, .T. ) ;
#3602 =( BOUNDED_SURFACE ( )  B_SPLINE_SURFACE ( 1, 2, ( 
 ( #3572, #1554, #375, #5254, #3259, #5358, #351, #1190, #3662, #2445, #2350, #4862, #3690, #3994, #710, #4016, #4471, #2377, #329, #1632, #308, #1993, #3231, #4883, #1970, #2400, #282, #3285, #2777, #4938, #687, #3619, #4063, #3596, #757, #4444, #3210, #2420, #5281, #4835, #1137, #734, #5329, #2018, #2799, #1606, #4912, #1944, #1531, #2850, #4495, #2044, #784, #1217, #4043, #3187, #3642, #4397, #1114, #4088, #4422, #5306, #1578, #1164, #2825, #807, #3343, #2189, #2472, #4548, #2499, #2967, #837, #4170, #3832, #4145, #464, #1717, #3371, #430, #865, #4118, #4522, #4577, #4608, #401, #5027, #923, #2096, #2530, #1245, #893, #3713, #1303, #3311, #3743, #496, #1749, #2069, #89, #4963, #58, #4642, #1686, #24, #2996, #4994, #2127, #3774, #1274, #5386, #2562, #5059, #1659, #2907, #2593, #119, #2938, #1779, #4203, #2160, #3802, #3402, #1335, #4233, #526, #3433, #5090, #2877, #3137, #1456, #2702, #659 ),
 ( #3027, #3918, #3083, #5177, #633, #2323, #609, #177, #5203, #1429, #2218, #4728, #1838, #556, #4263, #3519, #4780, #232, #3466, #2296, #4318, #202, #3967, #3111, #255, #1011, #2675, #1481, #2271, #2621, #4755, #1865, #1037, #1915, #4343, #3861, #3888, #3492, #152, #5148, #3942, #1891, #3546, #1812, #1062, #2727, #4369, #3569, #5120, #4698, #1368, #4669, #952, #1397, #3055, #980, #2647, #4291, #582, #2246, #444, #3296, #794, #1088, #5228, #1670, #279, #2110, #362, #4155, #3245, #684, #4129, #4898, #387, #3992, #2752, #4395, #849, #2512, #2030, #1202, #1506, #4534, #2484, #3160, #2054, #4562, #1590, #4804, #1259, #3325, #1176, #2837, #1941, #4482, #2348, #3594, #2457, #2080, #770, #4949, #5251, #4102, #1617, #3699, #823, #2434, #4508, #4077, #3725, #5343, #3674, #3270, #4923, #2864, #5369, #1643, #4977, #412, #1231, #2888, #7, #2922, #2544, #5130, #508, #987, #4183, #2229, #4216, #1408, #538 ) ),
 .UNSPECIFIED., .F., .F., .F. ) 
 B_SPLINE_SURFACE_WITH_KNOTS ( ( 2, 2 ),
 ( 3, 2, 2, 2, 2, 2, 2, 2, 2, 2, 2, 2, 2, 2, 2, 2, 2, 2, 2, 2, 2, 2, 2, 2, 2, 2, 2, 2, 2, 2, 2, 2, 2, 2, 2, 2, 2, 2, 2, 2, 2, 2, 2, 2, 2, 2, 2, 2, 2, 2, 2, 2, 2, 2, 2, 2, 2, 2, 2, 2, 2, 2, 2, 2, 2, 2, 3 ),
 ( 0.000000000000000000, 1.000000000000000000 ),
 ( 0.000000000000000000, 0.01515151515151515194, 0.03030303030303030387, 0.04545454545454545581, 0.06060606060606060774, 0.07575757575757575968, 0.09090909090909091161, 0.1060606060606060635, 0.1212121212121212155, 0.1363636363636363535, 0.1515151515151515194, 0.1666666666666666574, 0.1818181818181818232, 0.1969696969696969613, 0.2121212121212121271, 0.2272727272727272652, 0.2424242424242424310, 0.2575757575757575690, 0.2727272727272727071, 0.2878787878787879007, 0.3030303030303030387, 0.3181818181818181768, 0.3333333333333333148, 0.3484848484848485084, 0.3636363636363636465, 0.3787878787878787845, 0.3939393939393939226, 0.4090909090909091161, 0.4242424242424242542, 0.4393939393939393923, 0.4545454545454545303, 0.4696969696969697239, 0.4848484848484848619, 0.5000000000000000000, 0.5151515151515151381, 0.5303030303030302761, 0.5454545454545454142, 0.5606060606060605522, 0.5757575757575758013, 0.5909090909090909394, 0.6060606060606060774, 0.6212121212121212155, 0.6363636363636363535, 0.6515151515151514916, 0.6666666666666666297, 0.6818181818181817677, 0.6969696969696970168, 0.7121212121212121549, 0.7272727272727272929, 0.7424242424242424310, 0.7575757575757575690, 0.7727272727272727071, 0.7878787878787878451, 0.8030303030303029832, 0.8181818181818182323, 0.8333333333333333703, 0.8484848484848485084, 0.8636363636363636465, 0.8787878787878787845, 0.8939393939393939226, 0.9090909090909090606, 0.9242424242424241987, 0.9393939393939394478, 0.9545454545454545858, 0.9696969696969697239, 0.9848484848484848619, 1.000000000000000000 ),
 .UNSPECIFIED. ) 
 GEOMETRIC_REPRESENTATION_ITEM ( )  RATIONAL_B_SPLINE_SURFACE ( (
 ( 1.000000000000000000, 0.8660254037844387076, 1.000000000000000000, 0.8660254037844387076, 1.000000000000000000, 0.8660254037844387076, 1.000000000000000000, 0.8660254037844387076, 1.000000000000000000, 0.8660254037844387076, 1.000000000000000000, 0.8660254037844387076, 1.000000000000000000, 0.8660254037844387076, 1.000000000000000000, 0.8660254037844387076, 1.000000000000000000, 0.8660254037844387076, 1.000000000000000000, 0.8660254037844387076, 1.000000000000000000, 0.8660254037844387076, 1.000000000000000000, 0.8660254037844387076, 1.000000000000000000, 0.8660254037844387076, 1.000000000000000000, 0.8660254037844387076, 1.000000000000000000, 0.8660254037844387076, 1.000000000000000000, 0.8660254037844387076, 1.000000000000000000, 0.8660254037844387076, 1.000000000000000000, 0.8660254037844387076, 1.000000000000000000, 0.8660254037844387076, 1.000000000000000000, 0.8660254037844387076, 1.000000000000000000, 0.8660254037844387076, 1.000000000000000000, 0.8660254037844387076, 1.000000000000000000, 0.8660254037844387076, 1.000000000000000000, 0.8660254037844387076, 1.000000000000000000, 0.8660254037844387076, 1.000000000000000000, 0.8660254037844387076, 1.000000000000000000, 0.8660254037844387076, 1.000000000000000000, 0.8660254037844387076, 1.000000000000000000, 0.8660254037844387076, 1.000000000000000000, 0.8660254037844387076, 1.000000000000000000, 0.8660254037844387076, 1.000000000000000000, 0.8660254037844387076, 1.000000000000000000, 0.8660254037844387076, 1.000000000000000000, 0.8660254037844387076, 1.000000000000000000, 0.8660254037844387076, 1.000000000000000000, 0.8660254037844387076, 1.000000000000000000, 0.8660254037844387076, 1.000000000000000000, 0.8660254037844387076, 1.000000000000000000, 0.8660254037844387076, 1.000000000000000000, 0.8660254037844387076, 1.000000000000000000, 0.8660254037844387076, 1.000000000000000000, 0.8660254037844387076, 1.000000000000000000, 0.8660254037844387076, 1.000000000000000000, 0.8660254037844387076, 1.000000000000000000, 0.8660254037844387076, 1.000000000000000000, 0.8660254037844387076, 1.000000000000000000, 0.8660254037844387076, 1.000000000000000000, 0.8660254037844387076, 1.000000000000000000, 0.8660254037844387076, 1.000000000000000000, 0.8660254037844387076, 1.000000000000000000, 0.8660254037844387076, 1.000000000000000000, 0.8660254037844387076, 1.000000000000000000, 0.8660254037844387076, 1.000000000000000000, 0.8660254037844387076, 1.000000000000000000, 0.8660254037844387076, 1.000000000000000000, 0.8660254037844387076, 1.000000000000000000, 0.8660254037844387076, 1.000000000000000000, 0.8660254037844387076, 1.000000000000000000, 0.8660254037844387076, 1.000000000000000000, 0.8660254037844387076, 1.000000000000000000, 0.8660254037844387076, 1.000000000000000000, 0.8660254037844387076, 1.000000000000000000, 0.8660254037844387076, 1.000000000000000000, 0.8660254037844387076, 1.000000000000000000, 0.8660254037844387076, 1.000000000000000000, 0.8660254037844387076, 1.000000000000000000),
 ( 1.000000000000000000, 0.8660254037844387076, 1.000000000000000000, 0.8660254037844387076, 1.000000000000000000, 0.8660254037844387076, 1.000000000000000000, 0.8660254037844387076, 1.000000000000000000, 0.8660254037844387076, 1.000000000000000000, 0.8660254037844387076, 1.000000000000000000, 0.8660254037844387076, 1.000000000000000000, 0.8660254037844387076, 1.000000000000000000, 0.8660254037844387076, 1.000000000000000000, 0.8660254037844387076, 1.000000000000000000, 0.8660254037844387076, 1.000000000000000000, 0.8660254037844387076, 1.000000000000000000, 0.8660254037844387076, 1.000000000000000000, 0.8660254037844387076, 1.000000000000000000, 0.8660254037844387076, 1.000000000000000000, 0.8660254037844387076, 1.000000000000000000, 0.8660254037844387076, 1.000000000000000000, 0.8660254037844387076, 1.000000000000000000, 0.8660254037844387076, 1.000000000000000000, 0.8660254037844387076, 1.000000000000000000, 0.8660254037844387076, 1.000000000000000000, 0.8660254037844387076, 1.000000000000000000, 0.8660254037844387076, 1.000000000000000000, 0.8660254037844387076, 1.000000000000000000, 0.8660254037844387076, 1.000000000000000000, 0.8660254037844387076, 1.000000000000000000, 0.8660254037844387076, 1.000000000000000000, 0.8660254037844387076, 1.000000000000000000, 0.8660254037844387076, 1.000000000000000000, 0.8660254037844387076, 1.000000000000000000, 0.8660254037844387076, 1.000000000000000000, 0.8660254037844387076, 1.000000000000000000, 0.8660254037844387076, 1.000000000000000000, 0.8660254037844387076, 1.000000000000000000, 0.8660254037844387076, 1.000000000000000000, 0.8660254037844387076, 1.000000000000000000, 0.8660254037844387076, 1.000000000000000000, 0.8660254037844387076, 1.000000000000000000, 0.8660254037844387076, 1.000000000000000000, 0.8660254037844387076, 1.000000000000000000, 0.8660254037844387076, 1.000000000000000000, 0.8660254037844387076, 1.000000000000000000, 0.8660254037844387076, 1.000000000000000000, 0.8660254037844387076, 1.000000000000000000, 0.8660254037844387076, 1.000000000000000000, 0.8660254037844387076, 1.000000000000000000, 0.8660254037844387076, 1.000000000000000000, 0.8660254037844387076, 1.000000000000000000, 0.8660254037844387076, 1.000000000000000000, 0.8660254037844387076, 1.000000000000000000, 0.8660254037844387076, 1.000000000000000000, 0.8660254037844387076, 1.000000000000000000, 0.8660254037844387076, 1.000000000000000000, 0.8660254037844387076, 1.000000000000000000, 0.8660254037844387076, 1.000000000000000000, 0.8660254037844387076, 1.000000000000000000, 0.8660254037844387076, 1.000000000000000000, 0.8660254037844387076, 1.000000000000000000, 0.8660254037844387076, 1.000000000000000000, 0.8660254037844387076, 1.000000000000000000, 0.8660254037844387076, 1.000000000000000000, 0.8660254037844387076, 1.000000000000000000, 0.8660254037844387076, 1.000000000000000000, 0.8660254037844387076, 1.000000000000000000, 0.8660254037844387076, 1.000000000000000000, 0.8660254037844387076, 1.000000000000000000) ) ) 
 REPRESENTATION_ITEM ( '' )  SURFACE ( )  );
#3603 = CARTESIAN_POINT ( 'NONE',  ( -17.56249999999998579, -3.181725716174723456E-16, -1.732050807568878747 ) ) ;
#3604 = AXIS2_PLACEMENT_3D ( 'NONE', #4678, #1872, #3897 ) ;
#3605 = CARTESIAN_POINT ( 'NONE',  ( 17.23315047216033591, -0.2819231994166018773, -1.370290554495586344 ) ) ;
#3606 = VERTEX_POINT ( 'NONE', #442 ) ;
#3607 = CARTESIAN_POINT ( 'NONE',  ( -14.27083333333332149, 0.5876202367904159729, -1.017788105676656896 ) ) ;
#3608 = CARTESIAN_POINT ( 'NONE',  ( 17.33334581872578894, 1.272583810518142178, 0.2787890187157160971 ) ) ;
#3609 = LINE ( 'NONE', #2410, #4192 ) ;
#3610 = CARTESIAN_POINT ( 'NONE',  ( 14.20833333333333570, 1.175240473580827727, -0.6785254037844341557 ) ) ;
#3611 = CARTESIAN_POINT ( 'NONE',  ( -14.45833333333332149, -1.175240473580834166, -0.6785254037844371533 ) ) ;
#3612 = CARTESIAN_POINT ( 'NONE',  ( -12.37499999999998757, -2.492861891654330359E-16, -1.357050807568875195 ) ) ;
#3613 = CARTESIAN_POINT ( 'NONE',  ( 16.81250000000000000, -2.492861891654318526E-16, 1.357050807568868533 ) ) ;
#3614 = CARTESIAN_POINT ( 'NONE',  ( -17.36145226248520501, -1.031052970936684243, 0.9692924820499505545 ) ) ;
#3615 = CARTESIAN_POINT ( 'NONE',  ( -16.14583333333332149, 1.175240473580833722, 0.6785254037844374864 ) ) ;
#3616 = CARTESIAN_POINT ( 'NONE',  ( 16.60416666666667140, 0.5876202367904140855, -1.017788105676651345 ) ) ;
#3617 = CARTESIAN_POINT ( 'NONE',  ( -11.35416666666665542, -0.5876202367904174162, -1.017788105676656230 ) ) ;
#3618 = ORIENTED_EDGE ( 'NONE', *, *, #4307, .F. ) ;
#3619 = CARTESIAN_POINT ( 'NONE',  ( 16.45833333333333570, -1.175240473580827949, 0.6785254037844338226 ) ) ;
#3620 = DIRECTION ( 'NONE',  ( 0.000000000000000000, 0.000000000000000000, -1.000000000000000000 ) ) ;
#3621 = EDGE_CURVE ( 'NONE', #4657, #1789, #1886, .T. ) ;
#3622 = CARTESIAN_POINT ( 'NONE',  ( 12.49999999999999822, -0.2198508582764764629, -2.250000000000000000 ) ) ;
#3623 = ORIENTED_EDGE ( 'NONE', *, *, #3705, .T. ) ;
#3624 = EDGE_LOOP ( 'NONE', ( #4685, #3717, #4520 ) ) ;
#3625 = CARTESIAN_POINT ( 'NONE',  ( 16.50000000000000000, 1.500000000000000000, 0.000000000000000000 ) ) ;
#3626 = CARTESIAN_POINT ( 'NONE',  ( -17.77083333333332149, -0.7500000000000003331, 1.299038105676659338 ) ) ;
#3627 = ORIENTED_EDGE ( 'NONE', *, *, #1658, .T. ) ;
#3628 = CARTESIAN_POINT ( 'NONE',  ( -15.81249999999998757, -2.492861891654330359E-16, -1.357050807568875195 ) ) ;
#3629 =( BOUNDED_CURVE ( )  B_SPLINE_CURVE ( 2, ( #1867, #3163, #4320, #5125, #3521, #1483, #4371, #584, #3865 ),
 .UNSPECIFIED., .F., .F. ) 
 B_SPLINE_CURVE_WITH_KNOTS ( ( 3, 2, 2, 2, 3 ),
 ( 0.2045454545454545581, 0.2121212121212121271, 0.2272727272727272652, 0.2424242424242424310, 0.2500000000000000000 ),
 .UNSPECIFIED. ) 
 CURVE ( )  GEOMETRIC_REPRESENTATION_ITEM ( )  RATIONAL_B_SPLINE_CURVE ( ( 0.9330127018922192983, 0.9330127018922194093, 1.000000000000000000, 0.8660254037844387076, 1.000000000000000000, 0.8660254037844387076, 1.000000000000000000, 0.9330127018922194093, 0.9330127018922194093 ) ) 
 REPRESENTATION_ITEM ( '' )  );
#3630 = CARTESIAN_POINT ( 'NONE',  ( -11.37500000000000000, 2.306043122257582380E-15, 1.500000000000000888 ) ) ;
#3631 = DIRECTION ( 'NONE',  ( 0.000000000000000000, 0.000000000000000000, -1.000000000000000000 ) ) ;
#3632 = CARTESIAN_POINT ( 'NONE',  ( 14.50000000000000178, -1.175240473580827949, -1.439254484199180504E-16 ) ) ;
#3633 = CARTESIAN_POINT ( 'NONE',  ( -14.24999999999998757, 1.175240473580833722, 0.000000000000000000 ) ) ;
#3634 = CARTESIAN_POINT ( 'NONE',  ( -12.74999999999998757, 1.175240473580833722, 0.000000000000000000 ) ) ;
#3635 = CARTESIAN_POINT ( 'NONE',  ( 16.22916666666666785, 1.175240473580827505, 0.6785254037844348218 ) ) ;
#3636 = CARTESIAN_POINT ( 'NONE',  ( 15.33333333333333393, 0.5876202367904130863, 1.017788105676651789 ) ) ;
#3637 = CARTESIAN_POINT ( 'NONE',  ( -15.39583333333331971, -1.175240473580834166, -0.6785254037844372643 ) ) ;
#3638 = CARTESIAN_POINT ( 'NONE',  ( 15.43750000000000178, -1.175240473580827949, -1.439254484199180504E-16 ) ) ;
#3639 = CARTESIAN_POINT ( 'NONE',  ( -14.58333333333333570, 0.7499999999999995559, -1.299038105676659560 ) ) ;
#3640 = ORIENTED_EDGE ( 'NONE', *, *, #1364, .T. ) ;
#3641 = CIRCLE ( 'NONE', #1648, 1.124999999999998446 ) ;
#3642 = CARTESIAN_POINT ( 'NONE',  ( 15.41666666666666963, -0.5876202367904145296, 1.017788105676650900 ) ) ;
#3643 = CARTESIAN_POINT ( 'NONE',  ( 14.72916666666666785, -1.499999999999999778, -0.8660254037844391517 ) ) ;
#3644 = VERTEX_POINT ( 'NONE', #4947 ) ;
#3645 = VERTEX_POINT ( 'NONE', #1229 ) ;
#3646 = EDGE_CURVE ( 'NONE', #4962, #105, #1348, .T. ) ;
#3647 = DIRECTION ( 'NONE',  ( 1.000000000000000000, 0.000000000000000000, 0.000000000000000000 ) ) ;
#3648 = ORIENTED_EDGE ( 'NONE', *, *, #4806, .F. ) ;
#3649 = CARTESIAN_POINT ( 'NONE',  ( -15.72916666666665542, 1.175240473580833500, -0.6785254037844382635 ) ) ;
#3650 = CARTESIAN_POINT ( 'NONE',  ( 12.29903810567665801, 2.598076211353316456, -6.186363472576506121E-17 ) ) ;
#3651 = CARTESIAN_POINT ( 'NONE',  ( 15.12500000000000355, 8.309539638847728421E-17, -1.357050807568868533 ) ) ;
#3652 = CARTESIAN_POINT ( 'NONE',  ( -11.58333333333331971, -0.5876202367904166390, 1.017788105676656674 ) ) ;
#3653 = CARTESIAN_POINT ( 'NONE',  ( -11.37499999999998934, -2.492861891654330359E-16, -1.357050807568875195 ) ) ;
#3654 = PRODUCT_DEFINITION ( 'UNKNOWN', '', #1962, #4098 ) ;
#3655 = CARTESIAN_POINT ( 'NONE',  ( 16.64583333333333570, 1.175240473580827727, -0.6785254037844341557 ) ) ;
#3656 = ADVANCED_FACE ( 'NONE', ( #128 ), #4451, .T. ) ;
#3657 = CARTESIAN_POINT ( 'NONE',  ( 15.50000000000000178, -1.175240473580827949, -1.439254484199180504E-16 ) ) ;
#3658 = CARTESIAN_POINT ( 'NONE',  ( -14.60416666666665364, 0.5876202367904169721, 1.017788105676656452 ) ) ;
#3659 = CARTESIAN_POINT ( 'NONE',  ( 15.39583333333333570, -1.175240473580827949, 0.6785254037844338226 ) ) ;
#3660 = CARTESIAN_POINT ( 'NONE',  ( -15.33333333333333393, -0.7500000000000003331, 1.299038105676659338 ) ) ;
#3661 = ORIENTED_EDGE ( 'NONE', *, *, #3094, .F. ) ;
#3662 = CARTESIAN_POINT ( 'NONE',  ( 17.41666666666666785, -0.5876202367904145296, 1.017788105676650900 ) ) ;
#3663 = CARTESIAN_POINT ( 'NONE',  ( -17.18749999999998579, 1.175240473580833722, 0.000000000000000000 ) ) ;
#3664 = CARTESIAN_POINT ( 'NONE',  ( -13.37499825300536394, -3.144591293529467083E-05, 1.499999999670385664 ) ) ;
#3665 = VERTEX_POINT ( 'NONE', #1407 ) ;
#3666 = ORIENTED_EDGE ( 'NONE', *, *, #1595, .F. ) ;
#3667 = CARTESIAN_POINT ( 'NONE',  ( 15.22916666666666785, -1.499999999999999778, -0.8660254037844391517 ) ) ;
#3668 = CARTESIAN_POINT ( 'NONE',  ( -16.43749999999998579, 1.500000000000001332, 0.000000000000000000 ) ) ;
#3669 = EDGE_CURVE ( 'NONE', #476, #1631, #3863, .T. ) ;
#3670 = MECHANICAL_CONTEXT ( 'NONE', #4268, 'mechanical' ) ;
#3671 = ORIENTED_EDGE ( 'NONE', *, *, #1189, .T. ) ;
#3672 = CARTESIAN_POINT ( 'NONE',  ( -13.47916666666665542, -1.175240473580833722, 0.6785254037844379305 ) ) ;
#3673 = CARTESIAN_POINT ( 'NONE',  ( 17.34365345584319229, 1.176439599097154121, 0.5148246525131158213 ) ) ;
#3674 = CARTESIAN_POINT ( 'NONE',  ( 13.27083333333333570, -0.7499999999999996669, -1.299038105676658228 ) ) ;
#3675 = CARTESIAN_POINT ( 'NONE',  ( 14.02083333333333570, 0.7499999999999988898, 1.299038105676658672 ) ) ;
#3676 = AXIS2_PLACEMENT_3D ( 'NONE', #5193, #4770, #2690 ) ;
#3677 = DIRECTION ( 'NONE',  ( 0.000000000000000000, 0.000000000000000000, -1.000000000000000000 ) ) ;
#3678 = CARTESIAN_POINT ( 'NONE',  ( -16.77083333333332149, -0.7500000000000003331, 1.299038105676659338 ) ) ;
#3679 = EDGE_CURVE ( 'NONE', #1256, #799, #5282, .T. ) ;
#3680 = CARTESIAN_POINT ( 'NONE',  ( 15.81250000000000000, -2.492861891654318526E-16, 1.357050807568868533 ) ) ;
#3681 = CC_DESIGN_APPROVAL ( #548, ( #1962 ) ) ;
#3682 = ORIENTED_EDGE ( 'NONE', *, *, #3561, .T. ) ;
#3683 = CARTESIAN_POINT ( 'NONE',  ( 14.08333333333333570, -0.5876202367904137525, -1.017788105676651345 ) ) ;
#3684 = CARTESIAN_POINT ( 'NONE',  ( -14.47916666666665364, -1.175240473580833500, 0.6785254037844380415 ) ) ;
#3685 = CARTESIAN_POINT ( 'NONE',  ( 16.81250000000000000, -2.492861891654318526E-16, 1.357050807568868533 ) ) ;
#3686 = CARTESIAN_POINT ( 'NONE',  ( -15.16666666666666785, -0.7500000000000013323, -1.299038105676658894 ) ) ;
#3687 = FACE_OUTER_BOUND ( 'NONE', #5136, .T. ) ;
#3688 = EDGE_LOOP ( 'NONE', ( #1662, #811, #2233, #4000, #645, #1173 ) ) ;
#3689 = B_SPLINE_CURVE_WITH_KNOTS ( 'NONE', 3,
 ( #1372, #3031, #5124, #4672 ),
 .UNSPECIFIED., .F., .F.,
 ( 4, 4 ),
 ( 2.380746839934992980E-07, 0.001314652396222794947 ),
 .UNSPECIFIED. ) ;
#3690 = CARTESIAN_POINT ( 'NONE',  ( 17.25000000000000000, 1.175240473580827949, 0.000000000000000000 ) ) ;
#3691 = CARTESIAN_POINT ( 'NONE',  ( -16.35416666666665719, -0.5876202367904174162, -1.017788105676656230 ) ) ;
#3692 = CARTESIAN_POINT ( 'NONE',  ( 12.49999999999999822, 1.836970198721030181E-16, 1.500000000000000222 ) ) ;
#3693 = ORIENTED_EDGE ( 'NONE', *, *, #1585, .F. ) ;
#3694 = CYLINDRICAL_SURFACE ( 'NONE', #4212, 1.500000000000000666 ) ;
#3695 = CARTESIAN_POINT ( 'NONE',  ( -16.56249999999998579, -3.181725716174723456E-16, -1.732050807568878747 ) ) ;
#3696 = ORIENTED_EDGE ( 'NONE', *, *, #2236, .F. ) ;
#3697 = CARTESIAN_POINT ( 'NONE',  ( -13.14583333333332149, 1.175240473580833944, 0.6785254037844374864 ) ) ;
#3698 = CARTESIAN_POINT ( 'NONE',  ( 17.25043299173522371, 0.1715655403927171252, -1.374567008264771184 ) ) ;
#3699 = CARTESIAN_POINT ( 'NONE',  ( 13.56250000000000178, -3.181725716174720005E-16, 1.732050807568877193 ) ) ;
#3700 = CARTESIAN_POINT ( 'NONE',  ( 13.97916666666667140, 1.499999999999999778, 0.8660254037844394848 ) ) ;
#3701 = FACE_OUTER_BOUND ( 'NONE', #1140, .T. ) ;
#3702 = CARTESIAN_POINT ( 'NONE',  ( -16.60416666666665719, -0.7500000000000013323, -1.299038105676658894 ) ) ;
#3703 = CARTESIAN_POINT ( 'NONE',  ( 15.85416666666666963, -0.5876202367904145296, 1.017788105676650900 ) ) ;
#3704 = ORIENTED_EDGE ( 'NONE', *, *, #2214, .F. ) ;
#3705 = EDGE_CURVE ( 'NONE', #3645, #2617, #5179, .T. ) ;
#3706 = CARTESIAN_POINT ( 'NONE',  ( 14.45833333333333570, -1.175240473580828393, 0.6785254037844338226 ) ) ;
#3707 = CARTESIAN_POINT ( 'NONE',  ( -15.18749999999998757, 1.175240473580833722, 0.000000000000000000 ) ) ;
#3708 = CARTESIAN_POINT ( 'NONE',  ( 17.31250000000000355, -2.492861891654318526E-16, 1.357050807568868533 ) ) ;
#3709 = CARTESIAN_POINT ( 'NONE',  ( -16.33333333333333570, -0.7500000000000003331, 1.299038105676659338 ) ) ;
#3710 = DIRECTION ( 'NONE',  ( 0.000000000000000000, 0.000000000000000000, 1.000000000000000000 ) ) ;
#3711 = CARTESIAN_POINT ( 'NONE',  ( -13.89583333333332149, 1.500000000000001554, 0.8660254037844392627 ) ) ;
#3712 = ORIENTED_EDGE ( 'NONE', *, *, #1118, .F. ) ;
#3713 = CARTESIAN_POINT ( 'NONE',  ( 13.91666666666666963, -0.5876202367904145296, 1.017788105676650900 ) ) ;
#3714 = CARTESIAN_POINT ( 'NONE',  ( -16.31249999999998579, -2.492861891654330359E-16, -1.357050807568875195 ) ) ;
#3715 = CARTESIAN_POINT ( 'NONE',  ( -11.10000000000000142, 1.836970198721030427E-16, -1.500000000000000666 ) ) ;
#3716 = EDGE_CURVE ( 'NONE', #4559, #3644, #960, .T. ) ;
#3717 = ORIENTED_EDGE ( 'NONE', *, *, #115, .F. ) ;
#3718 = CARTESIAN_POINT ( 'NONE',  ( -11.58482909936924621, -0.4019237886466817122, -1.500000000000003109 ) ) ;
#3719 = CARTESIAN_POINT ( 'NONE',  ( -11.60267158733750748, 0.4019114279248731103, -1.500007136466066093 ) ) ;
#3720 = CARTESIAN_POINT ( 'NONE',  ( 16.87500000000000000, -4.938688641342514686E-16, -1.499999999999999778 ) ) ;
#3721 = CARTESIAN_POINT ( 'NONE',  ( -14.81249999999998934, 1.060575238724907778E-16, 1.732050807568878747 ) ) ;
#3722 = ORIENTED_EDGE ( 'NONE', *, *, #141, .T. ) ;
#3723 = CARTESIAN_POINT ( 'NONE',  ( -11.43749999999998934, -1.175240473580833722, 1.439254484199187407E-16 ) ) ;
#3724 = CARTESIAN_POINT ( 'NONE',  ( 16.31250000000000000, -2.492861891654318526E-16, 1.357050807568868311 ) ) ;
#3725 = CARTESIAN_POINT ( 'NONE',  ( 13.35416666666666785, 0.7500000000000002220, -1.299038105676658006 ) ) ;
#3726 = CARTESIAN_POINT ( 'NONE',  ( 12.49999999999999822, 0.000000000000000000, -1.500000000000000222 ) ) ;
#3727 = CARTESIAN_POINT ( 'NONE',  ( 15.37500000000000000, 2.033577675846917841E-16, -1.499999999999999778 ) ) ;
#3728 = CARTESIAN_POINT ( 'NONE',  ( -11.85267088733192153, -0.4019240280254085529, 1.499999861794630185 ) ) ;
#3729 = CARTESIAN_POINT ( 'NONE',  ( 14.18750000000000178, 1.175240473580827949, 0.000000000000000000 ) ) ;
#3730 = B_SPLINE_CURVE_WITH_KNOTS ( 'NONE', 3,
 ( #3880, #3511, #5167, #4747, #3539, #4388, #3127, #676, #5140, #1054, #2719, #4362, #3960, #3984 ),
 .UNSPECIFIED., .F., .F.,
 ( 4, 2, 2, 2, 2, 2, 4 ),
 ( 3.288994795289603435E-17, 0.0002955961126280319757, 0.0005911922252560309916, 0.001182384450512028156, 0.001477980563140026847, 0.001773576675768025537, 0.002364768901024022485 ),
 .UNSPECIFIED. ) ;
#3731 =( BOUNDED_CURVE ( )  B_SPLINE_CURVE ( 2, ( #230, #4417, #1836, #1964, #4957, #4489, #2396, #5378, #1210, #1549, #779, #2063, #2871, #4439, #1239, #4038, #1626, #2795, #1652, #750, #2899, #2465, #4466, #3304, #2441, #3615, #325, #4515, #3253, #4543, #2416, #830, #4012, #3206, #801, #4111, #3278, #4930, #301, #4084, #1599, #5277, #4856, #3637, #1989, #5301, #395, #4058, #3707, #1133, #3228, #347, #4879, #1183, #729, #371, #1574, #5325, #1157, #2822, #4905, #2014, #3658, #2844, #2037, #3684, #5352, #422, #4194, #2089, #1327, #1740, #1769, #943, #1358, #5111, #4633, #4162, #5080, #3045, #516, #1678, #3822, #3735, #2523, #50, #1294, #454, #2611, #1709, #3794, #488, #3363, #15, #81, #3018, #2152, #4660, #546, #1388, #3763, #3423, #4254, #3336, #2987, #1800, #4689, #858, #109, #1267, #3851, #4600, #2493, #2930, #2208, #2959, #143, #915, #4987, #2118, #3457, #5017, #4138, #2179, #4570, #884, #2552, #2584, #3394, #5050, #4224, #4386, #5138, #3509, #2339, #1829, #598, #1000, #2664, #3151, #4744, #3125, #1418, #4795, #192 ),
 .UNSPECIFIED., .F., .F. ) 
 B_SPLINE_CURVE_WITH_KNOTS ( ( 3, 2, 2, 2, 2, 2, 2, 2, 2, 2, 2, 2, 2, 2, 2, 2, 2, 2, 2, 2, 2, 2, 2, 2, 2, 2, 2, 2, 2, 2, 2, 2, 2, 2, 2, 2, 2, 2, 2, 2, 2, 2, 2, 2, 2, 2, 2, 2, 2, 2, 2, 2, 2, 2, 2, 2, 2, 2, 2, 2, 2, 2, 2, 2, 2, 2, 2, 2, 2, 2, 2, 2, 3 ),
 ( 0.08645640454182154655, 0.08974358974358974395, 0.1025641025641025605, 0.1153846153846153910, 0.1282051282051281937, 0.1410256410256410242, 0.1538461538461538547, 0.1666666666666666574, 0.1794871794871794879, 0.1923076923076923184, 0.2051282051282051211, 0.2179487179487179516, 0.2307692307692307820, 0.2435897435897435848, 0.2564102564102563875, 0.2692307692307692180, 0.2820512820512820484, 0.2948717948717948789, 0.3076923076923077094, 0.3205128205128205399, 0.3333333333333333148, 0.3461538461538461453, 0.3589743589743590313, 0.3717948717948718063, 0.3846153846153846922, 0.3974358974358974672, 0.4102564102564102422, 0.4230769230769231282, 0.4358974358974359031, 0.4487179487179487891, 0.4615384615384615641, 0.4743589743589743390, 0.4871794871794872250, 0.5000000000000000000, 0.5128205128205127750, 0.5256410256410256610, 0.5384615384615384359, 0.5512820512820512109, 0.5641025641025640969, 0.5769230769230768718, 0.5897435897435897578, 0.6025641025641025328, 0.6153846153846154188, 0.6282051282051281937, 0.6410256410256411908, 0.6538461538461538547, 0.6666666666666666297, 0.6794871794871795156, 0.6923076923076922906, 0.7051282051282051766, 0.7179487179487179516, 0.7307692307692307265, 0.7435897435897435015, 0.7564102564102563875, 0.7692307692307692735, 0.7820512820512820484, 0.7948717948717948234, 0.8076923076923077094, 0.8205128205128204844, 0.8333333333333333703, 0.8461538461538461453, 0.8589743589743589203, 0.8717948717948718063, 0.8846153846153845812, 0.8974358974358974672, 0.9102564102564102422, 0.9230769230769231282, 0.9358974358974359031, 0.9487179487179486781, 0.9615384615384615641, 0.9743589743589743390, 0.9871794871794872250, 0.9894794629267659181 ),
 .UNSPECIFIED. ) 
 CURVE ( )  GEOMETRIC_REPRESENTATION_ITEM ( )  RATIONAL_B_SPLINE_CURVE ( ( 0.9489130060135717581, 0.9656488538127723231, 1.000000000000000000, 0.8660254037844387076, 1.000000000000000000, 0.8660254037844387076, 1.000000000000000000, 0.8660254037844387076, 1.000000000000000000, 0.8660254037844387076, 1.000000000000000000, 0.8660254037844387076, 1.000000000000000000, 0.8660254037844387076, 1.000000000000000000, 0.8660254037844387076, 1.000000000000000000, 0.8660254037844387076, 1.000000000000000000, 0.8660254037844387076, 1.000000000000000000, 0.8660254037844387076, 1.000000000000000000, 0.8660254037844387076, 1.000000000000000000, 0.8660254037844387076, 1.000000000000000000, 0.8660254037844387076, 1.000000000000000000, 0.8660254037844387076, 1.000000000000000000, 0.8660254037844387076, 1.000000000000000000, 0.8660254037844387076, 1.000000000000000000, 0.8660254037844387076, 1.000000000000000000, 0.8660254037844387076, 1.000000000000000000, 0.8660254037844387076, 1.000000000000000000, 0.8660254037844387076, 1.000000000000000000, 0.8660254037844387076, 1.000000000000000000, 0.8660254037844387076, 1.000000000000000000, 0.8660254037844387076, 1.000000000000000000, 0.8660254037844387076, 1.000000000000000000, 0.8660254037844387076, 1.000000000000000000, 0.8660254037844387076, 1.000000000000000000, 0.8660254037844387076, 1.000000000000000000, 0.8660254037844387076, 1.000000000000000000, 0.8660254037844387076, 1.000000000000000000, 0.8660254037844387076, 1.000000000000000000, 0.8660254037844387076, 1.000000000000000000, 0.8660254037844387076, 1.000000000000000000, 0.8660254037844387076, 1.000000000000000000, 0.8660254037844387076, 1.000000000000000000, 0.8660254037844387076, 1.000000000000000000, 0.8660254037844387076, 1.000000000000000000, 0.8660254037844387076, 1.000000000000000000, 0.8660254037844387076, 1.000000000000000000, 0.8660254037844387076, 1.000000000000000000, 0.8660254037844387076, 1.000000000000000000, 0.8660254037844387076, 1.000000000000000000, 0.8660254037844387076, 1.000000000000000000, 0.8660254037844387076, 1.000000000000000000, 0.8660254037844387076, 1.000000000000000000, 0.8660254037844387076, 1.000000000000000000, 0.8660254037844387076, 1.000000000000000000, 0.8660254037844387076, 1.000000000000000000, 0.8660254037844387076, 1.000000000000000000, 0.8660254037844387076, 1.000000000000000000, 0.8660254037844387076, 1.000000000000000000, 0.8660254037844387076, 1.000000000000000000, 0.8660254037844387076, 1.000000000000000000, 0.8660254037844387076, 1.000000000000000000, 0.8660254037844387076, 1.000000000000000000, 0.8660254037844387076, 1.000000000000000000, 0.8660254037844387076, 1.000000000000000000, 0.8660254037844387076, 1.000000000000000000, 0.8660254037844387076, 1.000000000000000000, 0.8660254037844387076, 1.000000000000000000, 0.8660254037844387076, 1.000000000000000000, 0.8660254037844387076, 1.000000000000000000, 0.8660254037844387076, 1.000000000000000000, 0.8660254037844387076, 1.000000000000000000, 0.8660254037844387076, 1.000000000000000000, 0.8660254037844387076, 1.000000000000000000, 0.8660254037844387076, 1.000000000000000000, 0.8660254037844387076, 1.000000000000000000, 0.8660254037844387076, 1.000000000000000000, 0.8660254037844387076, 1.000000000000000000, 0.8660254037844387076, 1.000000000000000000, 0.9759652108803135162, 0.9605540131629604073 ) ) 
 REPRESENTATION_ITEM ( '' )  );
#3732 = ORIENTED_EDGE ( 'NONE', *, *, #3504, .T. ) ;
#3733 = CARTESIAN_POINT ( 'NONE',  ( -13.87499999999998757, -2.492861891654330359E-16, -1.357050807568875195 ) ) ;
#3734 = CARTESIAN_POINT ( 'NONE',  ( 15.62500000000000355, 8.309539638847728421E-17, -1.357050807568868311 ) ) ;
#3735 = CARTESIAN_POINT ( 'NONE',  ( -13.72916666666665542, 1.175240473580833056, -0.6785254037844382635 ) ) ;
#3736 = CARTESIAN_POINT ( 'NONE',  ( 13.06250000000000355, 8.309539638847728421E-17, -1.357050807568868533 ) ) ;
#3737 = CARTESIAN_POINT ( 'NONE',  ( -12.33333333333333570, -0.7500000000000003331, 1.299038105676659338 ) ) ;
#3738 = CARTESIAN_POINT ( 'NONE',  ( -12.14733230278271314, -0.4019814500887682884, -1.499966709150892141 ) ) ;
#3739 = CARTESIAN_POINT ( 'NONE',  ( -12.39583333333332149, 1.500000000000001554, 0.8660254037844392627 ) ) ;
#3740 = ORIENTED_EDGE ( 'NONE', *, *, #4806, .T. ) ;
#3741 = ADVANCED_FACE ( 'NONE', ( #3552 ), #986, .F. ) ;
#3742 = CARTESIAN_POINT ( 'NONE',  ( -16.62499999999998579, 8.309539638847769097E-17, 1.357050807568875195 ) ) ;
#3743 = CARTESIAN_POINT ( 'NONE',  ( 13.79166666666666785, 1.175240473580827505, 0.6785254037844348218 ) ) ;
#3744 = CARTESIAN_POINT ( 'NONE',  ( -15.68749999999998579, 1.175240473580833722, 0.000000000000000000 ) ) ;
#3745 = CARTESIAN_POINT ( 'NONE',  ( -16.87499933464183499, -1.197644839466076893E-05, 1.499999999952189134 ) ) ;
#3746 = VERTEX_POINT ( 'NONE', #1897 ) ;
#3747 = CARTESIAN_POINT ( 'NONE',  ( 12.50000000000000000, 1.838311014891733208, -1.315951922094012794 ) ) ;
#3748 = CARTESIAN_POINT ( 'NONE',  ( -17.14732965950099342, -0.4019338710178921303, -1.499994178940270428 ) ) ;
#3749 = CARTESIAN_POINT ( 'NONE',  ( 14.25000000000000178, 1.175240473580827949, 0.000000000000000000 ) ) ;
#3750 = CARTESIAN_POINT ( 'NONE',  ( -15.60416666666665542, -0.7500000000000013323, -1.299038105676658894 ) ) ;
#3751 = APPROVAL_ROLE ( '' ) ;
#3752 = ORIENTED_EDGE ( 'NONE', *, *, #243, .F. ) ;
#3753 = CARTESIAN_POINT ( 'NONE',  ( -12.68749999999998757, 1.175240473580833722, 0.000000000000000000 ) ) ;
#3754 = CARTESIAN_POINT ( 'NONE',  ( 16.64583333333333570, 1.175240473580827949, -0.6785254037844341557 ) ) ;
#3755 = DIRECTION ( 'NONE',  ( 1.000000000000000000, 0.000000000000000000, 0.000000000000000000 ) ) ;
#3756 = CARTESIAN_POINT ( 'NONE',  ( -12.31249999999998757, -6.768908549604741285E-15, 1.500000000000001332 ) ) ;
#3757 = CARTESIAN_POINT ( 'NONE',  ( 13.68575856193429985, -0.9105023588356914166, 1.195536546302363723 ) ) ;
#3758 = CARTESIAN_POINT ( 'NONE',  ( -17.35969253106686239, 1.088925012717199214, 2.250000000000000444 ) ) ;
#3759 = CARTESIAN_POINT ( 'NONE',  ( 12.27083333333333570, 0.5876202367904130863, 1.017788105676651789 ) ) ;
#3760 = ORIENTED_EDGE ( 'NONE', *, *, #1622, .T. ) ;
#3761 = CARTESIAN_POINT ( 'NONE',  ( -13.16666666666665542, 0.5876202367904169721, 1.017788105676656452 ) ) ;
#3762 = CARTESIAN_POINT ( 'NONE',  ( 13.45833333333333570, -1.175240473580828393, 0.6785254037844338226 ) ) ;
#3763 = CARTESIAN_POINT ( 'NONE',  ( -13.02083333333332149, -0.5876202367904166390, 1.017788105676656674 ) ) ;
#3764 = CARTESIAN_POINT ( 'NONE',  ( 13.68750000000000178, 1.175240473580827949, 0.000000000000000000 ) ) ;
#3765 = CARTESIAN_POINT ( 'NONE',  ( -13.08333333333333570, 0.7499999999999995559, -1.299038105676659560 ) ) ;
#3766 = CARTESIAN_POINT ( 'NONE',  ( -13.02083333333332149, 0.7499999999999995559, -1.299038105676659560 ) ) ;
#3767 = CARTESIAN_POINT ( 'NONE',  ( -11.72916666666665719, -1.500000000000000888, 0.8660254037844398178 ) ) ;
#3768 = ORIENTED_EDGE ( 'NONE', *, *, #4839, .T. ) ;
#3769 =( BOUNDED_CURVE ( )  B_SPLINE_CURVE ( 2, ( #3159, #5176, #4779, #3082, #1914, #4727, #1455, #3135, #2726 ),
 .UNSPECIFIED., .F., .F. ) 
 B_SPLINE_CURVE_WITH_KNOTS ( ( 3, 2, 2, 2, 3 ),
 ( 0.6413631198596850824, 0.6478412792212596694, 0.6607981048056847939, 0.6737549303901099185, 0.6802325255424862549 ),
 .UNSPECIFIED. ) 
 CURVE ( )  GEOMETRIC_REPRESENTATION_ITEM ( )  RATIONAL_B_SPLINE_CURVE ( ( 0.9330127019947309641, 0.9330153223849610988, 1.000000000000000000, 0.8660254037844387076, 1.000000000000000000, 0.8660254037844387076, 1.000000000000000000, 0.9330211563524734020, 0.9330127029592559795 ) ) 
 REPRESENTATION_ITEM ( '' )  );
#3770 = AXIS2_PLACEMENT_3D ( 'NONE', #1230, #1315, #1378 ) ;
#3771 = SECURITY_CLASSIFICATION ( '', '', #2571 ) ;
#3772 = CARTESIAN_POINT ( 'NONE',  ( 14.56250000000000355, 8.309539638847728421E-17, -1.357050807568868311 ) ) ;
#3773 = CARTESIAN_POINT ( 'NONE',  ( -17.24999999999998579, 1.175240473580833722, 0.000000000000000000 ) ) ;
#3774 = CARTESIAN_POINT ( 'NONE',  ( 13.25000000000000178, 1.175240473580827949, 0.000000000000000000 ) ) ;
#3775 = CARTESIAN_POINT ( 'NONE',  ( -15.56249999999998757, 8.309539638847769097E-17, 1.357050807568875195 ) ) ;
#3776 = DIRECTION ( 'NONE',  ( -1.000000000000000000, -0.000000000000000000, -0.000000000000000000 ) ) ;
#3777 = ORIENTED_EDGE ( 'NONE', *, *, #419, .T. ) ;
#3778 = CARTESIAN_POINT ( 'NONE',  ( 12.41016584290440861, 0.8761711275437786828, 2.250000000000000000 ) ) ;
#3779 = CARTESIAN_POINT ( 'NONE',  ( -17.50000000000000000, -1.299038105676657562, 2.249999999999999556 ) ) ;
#3780 = EDGE_CURVE ( 'NONE', #855, #2061, #2818, .T. ) ;
#3781 = CARTESIAN_POINT ( 'NONE',  ( 12.42172769284587375, -1.511542704210574906, -1.881931238497226655 ) ) ;
#3782 = CARTESIAN_POINT ( 'NONE',  ( -16.85416666666665719, 0.7500000000000008882, 1.299038105676659116 ) ) ;
#3783 = ORIENTED_EDGE ( 'NONE', *, *, #4867, .T. ) ;
#3784 = CARTESIAN_POINT ( 'NONE',  ( -11.64583333333332149, 1.175240473580833944, 0.6785254037844374864 ) ) ;
#3785 = CARTESIAN_POINT ( 'NONE',  ( 16.60416666666667140, 0.5876202367904140855, -1.017788105676651345 ) ) ;
#3786 = CARTESIAN_POINT ( 'NONE',  ( 12.49999999999999822, 0.000000000000000000, -1.500000000000000222 ) ) ;
#3787 = CARTESIAN_POINT ( 'NONE',  ( -16.43749999999998579, 1.500000000000001332, 0.000000000000000000 ) ) ;
#3788 = CARTESIAN_POINT ( 'NONE',  ( -14.81249999999998934, -3.224673171700113400E-15, 1.500000000000001554 ) ) ;
#3789 = CARTESIAN_POINT ( 'NONE',  ( -16.12551930614125695, -3.020732172064291457E-05, -1.499999999450486676 ) ) ;
#3790 = CARTESIAN_POINT ( 'NONE',  ( 13.64583333333333748, 1.175240473580827727, -0.6785254037844341557 ) ) ;
#3791 = ORIENTED_EDGE ( 'NONE', *, *, #3561, .F. ) ;
#3792 = CARTESIAN_POINT ( 'NONE',  ( -13.08333333333332149, -0.5876202367904166390, 1.017788105676656674 ) ) ;
#3793 = CARTESIAN_POINT ( 'NONE',  ( 13.70833333333333570, 1.175240473580827949, -0.6785254037844341557 ) ) ;
#3794 = CARTESIAN_POINT ( 'NONE',  ( -13.43749999999998757, -1.175240473580833722, 1.439254484199187407E-16 ) ) ;
#3795 = CARTESIAN_POINT ( 'NONE',  ( 13.81250000000000000, -2.492861891654318526E-16, 1.357050807568868533 ) ) ;
#3796 = CARTESIAN_POINT ( 'NONE',  ( -11.95833333333333570, 1.500000000000001554, 0.8660254037844392627 ) ) ;
#3797 = CARTESIAN_POINT ( 'NONE',  ( -16.62499999999998579, 8.309539638847769097E-17, 1.357050807568875195 ) ) ;
#3798 = CARTESIAN_POINT ( 'NONE',  ( -13.39583333333332149, 1.500000000000001554, 0.8660254037844392627 ) ) ;
#3799 = ORIENTED_EDGE ( 'NONE', *, *, #4639, .F. ) ;
#3800 = CARTESIAN_POINT ( 'NONE',  ( 14.93750000000000355, -1.175240473580827949, -1.439254484199180504E-16 ) ) ;
#3801 = CARTESIAN_POINT ( 'NONE',  ( -15.70833333333331971, 1.175240473580833944, 0.6785254037844374864 ) ) ;
#3802 = CARTESIAN_POINT ( 'NONE',  ( 12.70833333333333748, 1.175240473580827727, -0.6785254037844341557 ) ) ;
#3803 =( BOUNDED_CURVE ( )  B_SPLINE_CURVE ( 2, ( #5151, #2652, #2194, #3866, #3443, #899, #5096, #4296, #585 ),
 .UNSPECIFIED., .F., .F. ) 
 B_SPLINE_CURVE_WITH_KNOTS ( ( 3, 2, 2, 2, 3 ),
 ( 0.2526580913265100703, 0.2591365116885038233, 0.2720933372729290589, 0.2850501628573542390, 0.2915280731806461079 ),
 .UNSPECIFIED. ) 
 CURVE ( )  GEOMETRIC_REPRESENTATION_ITEM ( )  RATIONAL_B_SPLINE_CURVE ( ( 0.9330127018923108917, 0.9330126236200865231, 1.000000000000000000, 0.8660254037844387076, 1.000000000000000000, 0.8660254037844387076, 1.000000000000000000, 0.9330178974604030895, 0.9330127022951902882 ) ) 
 REPRESENTATION_ITEM ( '' )  );
#3804 = CARTESIAN_POINT ( 'NONE',  ( -14.10416666666665364, 0.5876202367904169721, 1.017788105676656452 ) ) ;
#3805 = CARTESIAN_POINT ( 'NONE',  ( -13.75000000000000178, -1.500000000000001332, 1.836970198721031413E-16 ) ) ;
#3806 = CARTESIAN_POINT ( 'NONE',  ( -11.56249999999998934, 6.333141904780402276E-15, -1.500000000000001554 ) ) ;
#3807 = CARTESIAN_POINT ( 'NONE',  ( -11.45833333333333393, 1.500000000000001110, 0.8660254037844392627 ) ) ;
#3808 = CARTESIAN_POINT ( 'NONE',  ( 12.33333333333333570, 0.5876202367904130863, 1.017788105676651789 ) ) ;
#3809 = SHAPE_DEFINITION_REPRESENTATION ( #1861, #2375 ) ;
#3810 = EDGE_CURVE ( 'NONE', #1736, #568, #1730, .T. ) ;
#3811 = EDGE_LOOP ( 'NONE', ( #1766, #244, #2643, #2047 ) ) ;
#3812 = CARTESIAN_POINT ( 'NONE',  ( -16.97916666666665719, 1.500000000000000888, -0.8660254037844402619 ) ) ;
#3813 = CARTESIAN_POINT ( 'NONE',  ( 15.85416666666666963, -0.5876202367904145296, 1.017788105676650900 ) ) ;
#3814 = DIRECTION ( 'NONE',  ( 0.000000000000000000, 0.000000000000000000, 1.000000000000000000 ) ) ;
#3815 = DIRECTION ( 'NONE',  ( -1.000000000000000000, -0.000000000000000000, -0.000000000000000000 ) ) ;
#3816 = CARTESIAN_POINT ( 'NONE',  ( -15.33333333333333393, -0.7500000000000003331, 1.299038105676659338 ) ) ;
#3817 = CARTESIAN_POINT ( 'NONE',  ( 12.43750000000000178, -1.175240473580827949, -1.439254484199180504E-16 ) ) ;
#3818 = B_SPLINE_CURVE_WITH_KNOTS ( 'NONE', 3,
 ( #5150, #3969, #1431, #257 ),
 .UNSPECIFIED., .F., .F.,
 ( 4, 4 ),
 ( 2.380746839935947480E-07, 0.001314652396222795380 ),
 .UNSPECIFIED. ) ;
#3819 = ORIENTED_EDGE ( 'NONE', *, *, #4211, .F. ) ;
#3820 = ORIENTED_EDGE ( 'NONE', *, *, #1850, .F. ) ;
#3821 = CARTESIAN_POINT ( 'NONE',  ( -14.70833333333332149, 1.175240473580833944, 0.6785254037844374864 ) ) ;
#3822 = CARTESIAN_POINT ( 'NONE',  ( -13.77083333333332327, 0.5876202367904159729, -1.017788105676656896 ) ) ;
#3823 = CARTESIAN_POINT ( 'NONE',  ( 13.89583333333333393, -1.175240473580827949, 0.6785254037844338226 ) ) ;
#3824 = EDGE_CURVE ( 'NONE', #5037, #3006, #536, .T. ) ;
#3825 = CARTESIAN_POINT ( 'NONE',  ( -12.08333333333333570, 0.7499999999999995559, -1.299038105676659560 ) ) ;
#3826 = CARTESIAN_POINT ( 'NONE',  ( -16.08333333333332149, -0.5876202367904166390, 1.017788105676656674 ) ) ;
#3827 = CARTESIAN_POINT ( 'NONE',  ( -13.02083333333332149, 0.7499999999999995559, -1.299038105676659560 ) ) ;
#3828 = VERTEX_POINT ( 'NONE', #4735 ) ;
#3829 = CARTESIAN_POINT ( 'NONE',  ( 13.52083333333333570, -0.5876202367904137525, -1.017788105676651345 ) ) ;
#3830 = CARTESIAN_POINT ( 'NONE',  ( -16.56249999999998579, -6.391244124090313355E-16, -1.500000000000001332 ) ) ;
#3831 = CARTESIAN_POINT ( 'NONE',  ( -15.16666666666665542, 0.5876202367904169721, 1.017788105676656452 ) ) ;
#3832 = CARTESIAN_POINT ( 'NONE',  ( 14.66666666666666785, 0.5876202367904140855, -1.017788105676651345 ) ) ;
#3833 = CARTESIAN_POINT ( 'NONE',  ( -14.56249999999998757, 8.309539638847769097E-17, 1.357050807568875195 ) ) ;
#3834 = CARTESIAN_POINT ( 'NONE',  ( -14.58482909936924976, -0.4019237886466817122, -1.500000000000003109 ) ) ;
#3835 =( BOUNDED_CURVE ( )  B_SPLINE_CURVE ( 2, ( #4703, #3141, #1433, #663, #3114, #2546, #586, #5207, #3523 ),
 .UNSPECIFIED., .F., .F. ) 
 B_SPLINE_CURVE_WITH_KNOTS ( ( 3, 2, 2, 2, 3 ),
 ( 0.3863636363636363535, 0.3939393939393939226, 0.4090909090909091161, 0.4242424242424242542, 0.4318181818181818232 ),
 .UNSPECIFIED. ) 
 CURVE ( )  GEOMETRIC_REPRESENTATION_ITEM ( )  RATIONAL_B_SPLINE_CURVE ( ( 0.9330127018922194093, 0.9330127018922194093, 1.000000000000000000, 0.8660254037844387076, 1.000000000000000000, 0.8660254037844387076, 1.000000000000000000, 0.9330127018922194093, 0.9330127018922194093 ) ) 
 REPRESENTATION_ITEM ( '' )  );
#3836 = CARTESIAN_POINT ( 'NONE',  ( -17.20833333333333570, -1.500000000000002220, -0.8660254037844388186 ) ) ;
#3837 = CARTESIAN_POINT ( 'NONE',  ( -17.29903810567676459, -1.299038105676813881, -2.249999999999999556 ) ) ;
#3838 = DIRECTION ( 'NONE',  ( 0.000000000000000000, 0.000000000000000000, -1.000000000000000000 ) ) ;
#3839 = ORIENTED_EDGE ( 'NONE', *, *, #3321, .T. ) ;
#3840 = DIRECTION ( 'NONE',  ( 1.000000000000000000, 0.000000000000000000, 0.000000000000000000 ) ) ;
#3841 = CARTESIAN_POINT ( 'NONE',  ( 16.43750000000000000, -1.175240473580827949, -1.439254484199180504E-16 ) ) ;
#3842 = DIRECTION ( 'NONE',  ( 0.000000000000000000, 0.000000000000000000, -1.000000000000000000 ) ) ;
#3843 = DIRECTION ( 'NONE',  ( 1.000000000000000000, 0.000000000000000000, 0.000000000000000000 ) ) ;
#3844 = EDGE_CURVE ( 'NONE', #939, #714, #1018, .T. ) ;
#3845 = CARTESIAN_POINT ( 'NONE',  ( 12.49999999999999822, 1.836970198721030181E-16, 1.500000000000000222 ) ) ;
#3846 = CARTESIAN_POINT ( 'NONE',  ( 13.97916666666667140, -1.175240473580827505, -0.6785254037844345998 ) ) ;
#3847 = ORIENTED_EDGE ( 'NONE', *, *, #4903, .T. ) ;
#3848 = EDGE_LOOP ( 'NONE', ( #2970, #4992, #2687, #409 ) ) ;
#3849 = CARTESIAN_POINT ( 'NONE',  ( -15.93749999999998579, -1.175240473580833722, 1.439254484199187407E-16 ) ) ;
#3850 = DIRECTION ( 'NONE',  ( -1.000000000000000000, -0.000000000000000000, -0.000000000000000000 ) ) ;
#3851 = CARTESIAN_POINT ( 'NONE',  ( -12.60416666666665542, 0.5876202367904169721, 1.017788105676656452 ) ) ;
#3852 = CARTESIAN_POINT ( 'NONE',  ( 13.18750000000000178, 1.175240473580827949, 0.000000000000000000 ) ) ;
#3853 = EDGE_CURVE ( 'NONE', #2234, #868, #503, .T. ) ;
#3854 = CARTESIAN_POINT ( 'NONE',  ( -11.58333333333333393, 0.7499999999999995559, -1.299038105676659560 ) ) ;
#3855 = CARTESIAN_POINT ( 'NONE',  ( -15.20833333333332149, 1.175240473580833944, 0.6785254037844374864 ) ) ;
#3856 = CARTESIAN_POINT ( 'NONE',  ( -15.58333333333331971, -0.5876202367904166390, 1.017788105676656674 ) ) ;
#3857 = ORIENTED_EDGE ( 'NONE', *, *, #4936, .T. ) ;
#3858 = CARTESIAN_POINT ( 'NONE',  ( 14.97916666666666785, -1.175240473580827727, -0.6785254037844345998 ) ) ;
#3859 = CARTESIAN_POINT ( 'NONE',  ( 17.08333333333333570, 0.7499999999999988898, 1.299038105676658672 ) ) ;
#3860 = CARTESIAN_POINT ( 'NONE',  ( -16.41666666666665719, -0.5876202367904174162, -1.017788105676656230 ) ) ;
#3861 = CARTESIAN_POINT ( 'NONE',  ( 16.47916666666666785, 1.499999999999999778, 0.8660254037844394848 ) ) ;
#3862 = CARTESIAN_POINT ( 'NONE',  ( -13.68749999999998757, 1.175240473580833722, 0.000000000000000000 ) ) ;
#3863 = CIRCLE ( 'NONE', #3604, 2.249999999999999556 ) ;
#3864 = CARTESIAN_POINT ( 'NONE',  ( 16.54017090063074491, 0.4019237886466832665, 1.500000000000000222 ) ) ;
#3865 = CARTESIAN_POINT ( 'NONE',  ( 16.12500000000000000, -6.391244124090313355E-16, 1.499999999999999778 ) ) ;
#3866 = CARTESIAN_POINT ( 'NONE',  ( -15.79166666666666963, -1.500000000000000888, 0.8660254037844398178 ) ) ;
#3867 = CARTESIAN_POINT ( 'NONE',  ( -16.87499999999998579, -2.492861891654330359E-16, -1.357050807568875195 ) ) ;
#3868 = CARTESIAN_POINT ( 'NONE',  ( -16.62591837925080185, -5.118419964778258261E-05, -1.499999998285742375 ) ) ;
#3869 = CARTESIAN_POINT ( 'NONE',  ( 15.60416666666666963, 0.5876202367904140855, -1.017788105676651345 ) ) ;
#3870 = CYLINDRICAL_SURFACE ( 'NONE', #3240, 1.500000000000000222 ) ;
#3871 = CARTESIAN_POINT ( 'NONE',  ( 16.75000000000000000, -1.500000000000000000, -1.836970198721029934E-16 ) ) ;
#3872 = CARTESIAN_POINT ( 'NONE',  ( 14.47916666666666785, 1.499999999999999778, 0.8660254037844394848 ) ) ;
#3873 = CARTESIAN_POINT ( 'NONE',  ( -15.93749999999998579, 1.500000000000001332, 0.000000000000000000 ) ) ;
#3874 = ORIENTED_EDGE ( 'NONE', *, *, #2094, .T. ) ;
#3875 = ORIENTED_EDGE ( 'NONE', *, *, #391, .T. ) ;
#3876 = CARTESIAN_POINT ( 'NONE',  ( -17.47916666666665364, -1.175240473580833722, 0.6785254037844379305 ) ) ;
#3877 = CARTESIAN_POINT ( 'NONE',  ( 17.44975952641921779, -1.159672946348584421, -0.1906536866931283769 ) ) ;
#3878 = CARTESIAN_POINT ( 'NONE',  ( 12.49999999999999822, 1.948557158514986565, 1.125000000000000222 ) ) ;
#3879 = CARTESIAN_POINT ( 'NONE',  ( 16.70833333333333570, 1.175240473580827727, -0.6785254037844341557 ) ) ;
#3880 = CARTESIAN_POINT ( 'NONE',  ( 13.70229952641917492, -1.471475802235557406, -0.2911339269738637547 ) ) ;
#3881 = CARTESIAN_POINT ( 'NONE',  ( -16.58333333333332149, -0.5876202367904166390, 1.017788105676656674 ) ) ;
#3882 = CARTESIAN_POINT ( 'NONE',  ( -14.33333333333332149, 0.5876202367904159729, -1.017788105676656896 ) ) ;
#3883 = ORIENTED_EDGE ( 'NONE', *, *, #3844, .F. ) ;
#3884 = ADVANCED_FACE ( 'NONE', ( #1096, #3168 ), #667, .F. ) ;
#3885 = FACE_OUTER_BOUND ( 'NONE', #2042, .T. ) ;
#3886 = CARTESIAN_POINT ( 'NONE',  ( 15.47916666666667140, 1.499999999999999778, 0.8660254037844394848 ) ) ;
#3887 = CARTESIAN_POINT ( 'NONE',  ( -17.43982066231315287, 1.036869053576678690, 1.094201145472627701 ) ) ;
#3888 = CARTESIAN_POINT ( 'NONE',  ( 16.43750000000000000, 1.500000000000000000, 0.000000000000000000 ) ) ;
#3889 = CARTESIAN_POINT ( 'NONE',  ( -12.97916666666665542, -1.175240473580833722, 0.6785254037844379305 ) ) ;
#3890 = B_SPLINE_CURVE_WITH_KNOTS ( 'NONE', 3,
 ( #4706, #1376, #4298, #3924 ),
 .UNSPECIFIED., .F., .F.,
 ( 4, 4 ),
 ( 0.000000000000000000, 1.000000000000000000 ),
 .UNSPECIFIED. ) ;
#3891 = CARTESIAN_POINT ( 'NONE',  ( 12.42172769284587375, -2.385571612819396670, 0.3680687615027729565 ) ) ;
#3892 = DIRECTION ( 'NONE',  ( -1.000000000000000000, 0.000000000000000000, 0.000000000000000000 ) ) ;
#3893 = PRODUCT_RELATED_PRODUCT_CATEGORY ( 'detail', '', ( #4353 ) ) ;
#3894 = ADVANCED_FACE ( 'NONE', ( #4891 ), #3237, .T. ) ;
#3895 = DIRECTION ( 'NONE',  ( 0.000000000000000000, -0.5000000000000001110, 0.8660254037844385966 ) ) ;
#3896 = CARTESIAN_POINT ( 'NONE',  ( -16.91666666666665719, -0.5876202367904174162, -1.017788105676656230 ) ) ;
#3897 = DIRECTION ( 'NONE',  ( 0.000000000000000000, 0.000000000000000000, -1.000000000000000000 ) ) ;
#3898 = CARTESIAN_POINT ( 'NONE',  ( -17.12576432730604026, 2.032061207922928336E-11, 1.176564327306035995 ) ) ;
#3899 = CARTESIAN_POINT ( 'NONE',  ( 16.83333333333333570, -0.7499999999999996669, -1.299038105676658228 ) ) ;
#3900 = AXIS2_PLACEMENT_3D ( 'NONE', #2536, #468, #3263 ) ;
#3901 = DIRECTION ( 'NONE',  ( -1.000000000000000000, -0.000000000000000000, -0.000000000000000000 ) ) ;
#3902 = CARTESIAN_POINT ( 'NONE',  ( 16.56250000000000000, -6.391244124090313355E-16, 1.499999999999999778 ) ) ;
#3903 = EDGE_LOOP ( 'NONE', ( #1902, #3712, #2402, #467 ) ) ;
#3904 = ORIENTED_EDGE ( 'NONE', *, *, #4705, .T. ) ;
#3905 = CARTESIAN_POINT ( 'NONE',  ( -11.87499999999998757, -2.492861891654330359E-16, -1.357050807568875195 ) ) ;
#3906 = CARTESIAN_POINT ( 'NONE',  ( -14.54017090063072715, 0.4019237886466869303, -1.499999999999999778 ) ) ;
#3907 = CARTESIAN_POINT ( 'NONE',  ( -14.89583333333332149, 1.500000000000001110, 0.8660254037844392627 ) ) ;
#3908 = CARTESIAN_POINT ( 'NONE',  ( 12.47916666666666785, -1.175240473580827505, -0.6785254037844345998 ) ) ;
#3909 = CARTESIAN_POINT ( 'NONE',  ( -11.10000000000000142, 1.836970198721030427E-16, -1.500000000000000666 ) ) ;
#3910 = CARTESIAN_POINT ( 'NONE',  ( -15.70833333333331971, 1.175240473580833944, 0.6785254037844374864 ) ) ;
#3911 = CIRCLE ( 'NONE', #1399, 1.500000000000000666 ) ;
#3912 = CARTESIAN_POINT ( 'NONE',  ( -14.79166666666665364, 1.175240473580833056, -0.6785254037844382635 ) ) ;
#3913 = ORIENTED_EDGE ( 'NONE', *, *, #1118, .T. ) ;
#3914 = CARTESIAN_POINT ( 'NONE',  ( 17.39583333333333570, -1.175240473580827949, 0.6785254037844338226 ) ) ;
#3915 = CARTESIAN_POINT ( 'NONE',  ( -17.35816762056360929, -1.087761048609453995, 0.8999939631582657418 ) ) ;
#3916 = CARTESIAN_POINT ( 'NONE',  ( -14.10267437706295723, 0.4018612128667787831, -1.500036128143374281 ) ) ;
#3917 = DIRECTION ( 'NONE',  ( 0.000000000000000000, 0.000000000000000000, -1.000000000000000000 ) ) ;
#3918 = CARTESIAN_POINT ( 'NONE',  ( 17.89583333333333570, 1.500000000000000222, -0.8660254037844384856 ) ) ;
#3919 = CARTESIAN_POINT ( 'NONE',  ( -17.16666666666666785, -0.7500000000000013323, -1.299038105676658894 ) ) ;
#3920 = ADVANCED_FACE ( 'NONE', ( #4402 ), #2759, .F. ) ;
#3921 = FACE_OUTER_BOUND ( 'NONE', #4028, .T. ) ;
#3922 = CARTESIAN_POINT ( 'NONE',  ( 13.41834209798311939, -1.237715208677113488, -0.05956012247191756065 ) ) ;
#3923 = CARTESIAN_POINT ( 'NONE',  ( 13.50219284975729828, 0.1808653649784362216, -1.299893323338128903 ) ) ;
#3924 = CARTESIAN_POINT ( 'NONE',  ( -17.44782445198120158, 1.181790006572912111, 0.9225316642177567861 ) ) ;
#3925 = CARTESIAN_POINT ( 'NONE',  ( -14.33333333333333570, -0.7500000000000003331, 1.299038105676659338 ) ) ;
#3926 = CARTESIAN_POINT ( 'NONE',  ( 17.20833333333333570, -1.500000000000000444, 0.8660254037844380415 ) ) ;
#3927 = CARTESIAN_POINT ( 'NONE',  ( 17.50000000000000000, 0.000000000000000000, 1.124999999999998446 ) ) ;
#3928 = CARTESIAN_POINT ( 'NONE',  ( -15.83482909936924798, 0.4019237886466845988, 1.500000000000001110 ) ) ;
#3929 = ORIENTED_EDGE ( 'NONE', *, *, #2311, .F. ) ;
#3930 = VERTEX_POINT ( 'NONE', #1170 ) ;
#3931 = CARTESIAN_POINT ( 'NONE',  ( -17.60416666666665364, 0.5876202367904169721, 1.017788105676656452 ) ) ;
#3932 = CARTESIAN_POINT ( 'NONE',  ( 14.85267090063073958, -0.4019237886466838217, -1.499999999999999778 ) ) ;
#3933 = DIRECTION ( 'NONE',  ( 0.000000000000000000, 0.000000000000000000, 1.000000000000000000 ) ) ;
#3934 = CARTESIAN_POINT ( 'NONE',  ( 16.66666666666667140, 0.5876202367904140855, -1.017788105676651345 ) ) ;
#3935 = CARTESIAN_POINT ( 'NONE',  ( -17.36022993090465860, -2.492088861051975357, 0.1835754756815216049 ) ) ;
#3936 = CARTESIAN_POINT ( 'NONE',  ( -13.45833333333332327, -1.175240473580834166, -0.6785254037844371533 ) ) ;
#3937 = CARTESIAN_POINT ( 'NONE',  ( -13.99999999999998757, -1.175240473580833722, 1.439254484199187407E-16 ) ) ;
#3938 = CARTESIAN_POINT ( 'NONE',  ( 13.20833333333333570, -1.500000000000000444, 0.8660254037844380415 ) ) ;
#3939 = CARTESIAN_POINT ( 'NONE',  ( -17.35969253106686949, 1.088925012717200991, -2.249999999999999556 ) ) ;
#3940 = CARTESIAN_POINT ( 'NONE',  ( 15.62500000000000000, 2.265986553086566003E-15, 1.499999999999999778 ) ) ;
#3941 = DIRECTION ( 'NONE',  ( -1.000000000000000000, 0.000000000000000000, 0.000000000000000000 ) ) ;
#3942 = CARTESIAN_POINT ( 'NONE',  ( 16.27083333333333570, -0.7499999999999996669, -1.299038105676658228 ) ) ;
#3943 = CARTESIAN_POINT ( 'NONE',  ( -12.10416666666665542, 0.5876202367904169721, 1.017788105676656452 ) ) ;
#3944 = AXIS2_PLACEMENT_3D ( 'NONE', #2143, #2171, #3814 ) ;
#3945 = CARTESIAN_POINT ( 'NONE',  ( -14.37500083245187277, 1.498413735659000907E-05, 1.499999999925159644 ) ) ;
#3946 = AXIS2_PLACEMENT_3D ( 'NONE', #269, #1953, #3558 ) ;
#3947 = AXIS2_PLACEMENT_3D ( 'NONE', #3199, #292, #3631 ) ;
#3948 = LINE ( 'NONE', #3189, #4372 ) ;
#3949 = CARTESIAN_POINT ( 'NONE',  ( 13.58894628328763865, 1.333835273243590303, 0.4200492695797580778 ) ) ;
#3950 = CARTESIAN_POINT ( 'NONE',  ( -16.99999999999998579, -1.175240473580833722, 1.439254484199187407E-16 ) ) ;
#3951 = ADVANCED_FACE ( 'NONE', ( #3601, #3193 ), #5288, .T. ) ;
#3952 = CARTESIAN_POINT ( 'NONE',  ( 16.16666666666666785, -0.7500000000000006661, 1.299038105676657562 ) ) ;
#3953 = CARTESIAN_POINT ( 'NONE',  ( -17.20626664482918500, 0.8796277561709802129, -0.9301031553532592699 ) ) ;
#3954 = DIRECTION ( 'NONE',  ( 0.000000000000000000, 0.000000000000000000, 1.000000000000000000 ) ) ;
#3955 = ORIENTED_EDGE ( 'NONE', *, *, #1966, .F. ) ;
#3956 = CARTESIAN_POINT ( 'NONE',  ( -16.81249999999998934, -2.492861891654330359E-16, -1.357050807568875195 ) ) ;
#3957 = CARTESIAN_POINT ( 'NONE',  ( 14.70833333333333570, -1.500000000000000222, 0.8660254037844381525 ) ) ;
#3958 = CARTESIAN_POINT ( 'NONE',  ( -11.10000000000000142, 1.836970198721030427E-16, -1.500000000000000666 ) ) ;
#3959 = CARTESIAN_POINT ( 'NONE',  ( 16.50000000000000000, -1.175240473580827949, -1.439254484199180504E-16 ) ) ;
#3960 = CARTESIAN_POINT ( 'NONE',  ( 13.41009027189392455, -0.2308319888302378109, 1.201313144337245564 ) ) ;
#3961 = CARTESIAN_POINT ( 'NONE',  ( -13.91666666666665542, -0.5876202367904174162, -1.017788105676656230 ) ) ;
#3962 = CARTESIAN_POINT ( 'NONE',  ( -12.12499999999998934, 8.309539638847769097E-17, 1.357050807568875195 ) ) ;
#3963 = CARTESIAN_POINT ( 'NONE',  ( 12.58333333333333570, 0.7499999999999988898, 1.299038105676658672 ) ) ;
#3964 = ADVANCED_FACE ( 'NONE', ( #1536 ), #3214, .F. ) ;
#3965 = CARTESIAN_POINT ( 'NONE',  ( 16.06250000000000000, 2.265986553086566003E-15, 1.499999999999999778 ) ) ;
#3966 = CARTESIAN_POINT ( 'NONE',  ( -17.42191135335524521, 0.5503689668447301342, 1.370516696314590277 ) ) ;
#3967 = CARTESIAN_POINT ( 'NONE',  ( 17.02083333333333570, 0.7499999999999988898, 1.299038105676658672 ) ) ;
#3968 = CARTESIAN_POINT ( 'NONE',  ( -12.85416666666665364, -0.5876202367904174162, -1.017788105676656230 ) ) ;
#3969 = CARTESIAN_POINT ( 'NONE',  ( -17.42172769284587730, -2.385571612819396670, -0.3680687615027734005 ) ) ;
#3970 = CARTESIAN_POINT ( 'NONE',  ( 13.40380221192613597, -1.171591312018541942, 0.2918290654030638032 ) ) ;
#3971 = FACE_OUTER_BOUND ( 'NONE', #2106, .T. ) ;
#3972 = CARTESIAN_POINT ( 'NONE',  ( -14.39732948571109716, 0.4019307427997212967, 1.499995985017873679 ) ) ;
#3973 = CARTESIAN_POINT ( 'NONE',  ( -11.10000000000000142, 0.000000000000000000, 0.000000000000000000 ) ) ;
#3974 = CARTESIAN_POINT ( 'NONE',  ( 16.00000000000000000, 1.500000000000000000, 0.000000000000000000 ) ) ;
#3975 =( BOUNDED_CURVE ( )  B_SPLINE_CURVE ( 2, ( #2281, #133, #3816, #965, #3415, #1794, #3451, #4738, #565 ),
 .UNSPECIFIED., .F., .F. ) 
 B_SPLINE_CURVE_WITH_KNOTS ( ( 3, 2, 2, 2, 3 ),
 ( 0.3303993056922886473, 0.3368774651950550147, 0.3498342907794801948, 0.3627911163639053749, 0.3692687118660674672 ),
 .UNSPECIFIED. ) 
 CURVE ( )  GEOMETRIC_REPRESENTATION_ITEM ( )  RATIONAL_B_SPLINE_CURVE ( ( 0.9330127019946168332, 0.9330153209250265922, 1.000000000000000000, 0.8660254037844387076, 1.000000000000000000, 0.8660254037844387076, 1.000000000000000000, 0.9330211527356604417, 0.9330127029583430431 ) ) 
 REPRESENTATION_ITEM ( '' )  );
#3976 = CARTESIAN_POINT ( 'NONE',  ( 17.50000000000000000, 0.000000000000000000, 0.000000000000000000 ) ) ;
#3977 = EDGE_CURVE ( 'NONE', #5190, #1998, #2781, .T. ) ;
#3978 = EDGE_CURVE ( 'NONE', #1877, #4619, #311, .T. ) ;
#3979 = CARTESIAN_POINT ( 'NONE',  ( -13.10267351647355127, 0.4018767034761147605, -1.500027184635904121 ) ) ;
#3980 = ORIENTED_EDGE ( 'NONE', *, *, #4042, .T. ) ;
#3981 = CARTESIAN_POINT ( 'NONE',  ( -13.89583333333332149, -1.175240473580834166, -0.6785254037844371533 ) ) ;
#3982 = DIRECTION ( 'NONE',  ( 0.000000000000000000, 0.000000000000000000, 1.000000000000000000 ) ) ;
#3983 = CARTESIAN_POINT ( 'NONE',  ( 12.39583333333333393, -1.175240473580827949, 0.6785254037844338226 ) ) ;
#3984 = CARTESIAN_POINT ( 'NONE',  ( 13.37754000000000154, -0.03582132963471190007, 1.174694429664876694 ) ) ;
#3985 = CARTESIAN_POINT ( 'NONE',  ( -14.37499999999998757, -2.492861891654330359E-16, -1.357050807568875195 ) ) ;
#3986 = CARTESIAN_POINT ( 'NONE',  ( -11.87499999999998757, -2.492861891654330359E-16, -1.357050807568875195 ) ) ;
#3987 = CARTESIAN_POINT ( 'NONE',  ( 12.91666666666666785, 0.7500000000000002220, -1.299038105676658006 ) ) ;
#3988 = CARTESIAN_POINT ( 'NONE',  ( 17.00000000000000000, -1.175240473580827949, -1.439254484199180504E-16 ) ) ;
#3989 = CARTESIAN_POINT ( 'NONE',  ( 12.49999999999999822, 0.000000000000000000, 0.000000000000000000 ) ) ;
#3990 = CARTESIAN_POINT ( 'NONE',  ( 15.10267090063074136, 0.4019237886466832665, 1.500000000000000222 ) ) ;
#3991 = CONICAL_SURFACE ( 'NONE', #2948, 1.124999999999998446, 0.7853981633974457255 ) ;
#3992 = CARTESIAN_POINT ( 'NONE',  ( 14.81250000000000178, 1.060575238724906915E-16, -1.732050807568877193 ) ) ;
#3993 = CARTESIAN_POINT ( 'NONE',  ( -12.35416666666665542, -0.5876202367904174162, -1.017788105676656230 ) ) ;
#3994 = CARTESIAN_POINT ( 'NONE',  ( 17.20833333333333570, 1.175240473580827727, -0.6785254037844341557 ) ) ;
#3995 = CARTESIAN_POINT ( 'NONE',  ( -11.56249999999998934, 6.333141904780402276E-15, -1.500000000000001554 ) ) ;
#3996 = CARTESIAN_POINT ( 'NONE',  ( -11.89732908607044415, 0.4019235492679381072, 1.500000138205385136 ) ) ;
#3997 = CARTESIAN_POINT ( 'NONE',  ( -17.50000000000000000, -2.598076211353315124, -4.305486435875756105E-17 ) ) ;
#3998 = CARTESIAN_POINT ( 'NONE',  ( -17.12444047358084021, 0.8328287812014609770, 0.8292082922553253299 ) ) ;
#3999 =( LENGTH_UNIT ( ) NAMED_UNIT ( * ) SI_UNIT ( .MILLI., .METRE. ) );
#4000 = ORIENTED_EDGE ( 'NONE', *, *, #832, .F. ) ;
#4001 = CARTESIAN_POINT ( 'NONE',  ( -14.56249999999998757, 8.309539638847769097E-17, 1.357050807568875195 ) ) ;
#4002 =( BOUNDED_CURVE ( )  B_SPLINE_CURVE ( 2, ( #4246, #4680, #130, #1792, #184, #5156, #2253, #1847, #3500 ),
 .UNSPECIFIED., .F., .F. ) 
 B_SPLINE_CURVE_WITH_KNOTS ( ( 3, 2, 2, 2, 3 ),
 ( 0.3863636363636363535, 0.3939393939393939226, 0.4090909090909091161, 0.4242424242424242542, 0.4318181818181818232 ),
 .UNSPECIFIED. ) 
 CURVE ( )  GEOMETRIC_REPRESENTATION_ITEM ( )  RATIONAL_B_SPLINE_CURVE ( ( 0.9330127018922194093, 0.9330127018922194093, 1.000000000000000000, 0.8660254037844387076, 1.000000000000000000, 0.8660254037844387076, 1.000000000000000000, 0.9330127018922194093, 0.9330127018922194093 ) ) 
 REPRESENTATION_ITEM ( '' )  );
#4003 = DIRECTION ( 'NONE',  ( -1.000000000000000000, 0.000000000000000000, -0.000000000000000000 ) ) ;
#4004 = CARTESIAN_POINT ( 'NONE',  ( -12.54017090063072892, 0.4019237886466869303, -1.499999999999999778 ) ) ;
#4005 = CARTESIAN_POINT ( 'NONE',  ( 13.83333333333333570, 0.5876202367904130863, 1.017788105676651789 ) ) ;
#4006 = CARTESIAN_POINT ( 'NONE',  ( -17.66666666666665364, 0.5876202367904169721, 1.017788105676656452 ) ) ;
#4007 = CARTESIAN_POINT ( 'NONE',  ( -14.99999999999998934, -1.175240473580833722, 1.439254484199187407E-16 ) ) ;
#4008 = CARTESIAN_POINT ( 'NONE',  ( -12.62499999999998757, 8.309539638847769097E-17, 1.357050807568875195 ) ) ;
#4009 = CARTESIAN_POINT ( 'NONE',  ( 12.83333333333333570, -0.7499999999999996669, -1.299038105676658228 ) ) ;
#4010 = EDGE_CURVE ( 'NONE', #5350, #3341, #446, .T. ) ;
#4011 = CARTESIAN_POINT ( 'NONE',  ( 17.16666666666667140, 0.5876202367904140855, -1.017788105676651345 ) ) ;
#4012 = CARTESIAN_POINT ( 'NONE',  ( -15.85416666666665542, -0.5876202367904174162, -1.017788105676656230 ) ) ;
#4013 = CARTESIAN_POINT ( 'NONE',  ( 17.22916666666666785, 1.175240473580827505, 0.6785254037844348218 ) ) ;
#4014 = CARTESIAN_POINT ( 'NONE',  ( -12.52083333333332149, -0.5876202367904166390, 1.017788105676656674 ) ) ;
#4015 = ORIENTED_EDGE ( 'NONE', *, *, #2335, .F. ) ;
#4016 = CARTESIAN_POINT ( 'NONE',  ( 17.12500000000000355, 8.309539638847728421E-17, -1.357050807568868533 ) ) ;
#4017 = CARTESIAN_POINT ( 'NONE',  ( 13.48507653238448967, -0.2365175622554932522, -1.266427962992621392 ) ) ;
#4018 = CARTESIAN_POINT ( 'NONE',  ( -12.87499649327407880, -6.312113439951447453E-05, 1.499999998671908807 ) ) ;
#4019 = VECTOR ( 'NONE', #1196, 1000.000000000000000 ) ;
#4020 = ORIENTED_EDGE ( 'NONE', *, *, #816, .F. ) ;
#4021 = ORIENTED_EDGE ( 'NONE', *, *, #5345, .T. ) ;
#4022 = CIRCLE ( 'NONE', #3429, 1.172700473580827740 ) ;
#4023 = CARTESIAN_POINT ( 'NONE',  ( -14.85267063772296936, -0.4019285209865765540, 1.499997267782290367 ) ) ;
#4024 = CARTESIAN_POINT ( 'NONE',  ( -17.39583333333332149, 1.500000000000001554, 0.8660254037844392627 ) ) ;
#4025 = AXIS2_PLACEMENT_3D ( 'NONE', #1837, #1061, #2347 ) ;
#4026 = LOCAL_TIME ( 18, 17, 22.00000000000000000, #4530 ) ;
#4027 = DIRECTION ( 'NONE',  ( 1.000000000000000000, 0.000000000000000000, -0.000000000000000000 ) ) ;
#4028 = EDGE_LOOP ( 'NONE', ( #106, #4074, #3857, #3322 ) ) ;
#4029 = CARTESIAN_POINT ( 'NONE',  ( -14.97916666666665542, -1.175240473580833722, 0.6785254037844379305 ) ) ;
#4030 = CARTESIAN_POINT ( 'NONE',  ( 17.38441324166553414, 0.4213069430831052342, 1.170022043491304009 ) ) ;
#4031 = CARTESIAN_POINT ( 'NONE',  ( -17.06249999999998579, -6.391244124090313355E-16, -1.500000000000001332 ) ) ;
#4032 = CARTESIAN_POINT ( 'NONE',  ( 14.87500000000000178, -2.492861891654318526E-16, 1.357050807568868533 ) ) ;
#4033 = CARTESIAN_POINT ( 'NONE',  ( -13.62499999999998934, 8.309539638847769097E-17, 1.357050807568875195 ) ) ;
#4034 = CARTESIAN_POINT ( 'NONE',  ( -12.66666666666665542, 0.5876202367904169721, 1.017788105676656452 ) ) ;
#4035 = CARTESIAN_POINT ( 'NONE',  ( 14.93750000000000355, -1.175240473580827949, -1.439254484199180504E-16 ) ) ;
#4036 = B_SPLINE_CURVE_WITH_KNOTS ( 'NONE', 3,
 ( #2863, #2887, #2836, #2409, #2053, #3650 ),
 .UNSPECIFIED., .F., .F.,
 ( 4, 2, 4 ),
 ( 0.001314652396222795163, 0.001969405109320635037, 0.002624157822418475127 ),
 .UNSPECIFIED. ) ;
#4037 = CARTESIAN_POINT ( 'NONE',  ( 15.20833333333333570, 1.175240473580827949, -0.6785254037844341557 ) ) ;
#4038 = CARTESIAN_POINT ( 'NONE',  ( -16.56249999999998579, 8.309539638847769097E-17, 1.357050807568875195 ) ) ;
#4039 = CARTESIAN_POINT ( 'NONE',  ( 16.18750000000000000, 1.175240473580827949, 0.000000000000000000 ) ) ;
#4040 = CARTESIAN_POINT ( 'NONE',  ( -16.37500000000000355, 1.060575238724907778E-16, 1.732050807568878747 ) ) ;
#4041 = ORIENTED_EDGE ( 'NONE', *, *, #4936, .F. ) ;
#4042 = EDGE_CURVE ( 'NONE', #3315, #3480, #5238, .T. ) ;
#4043 = CARTESIAN_POINT ( 'NONE',  ( 15.50000000000000178, -1.175240473580827949, -1.439254484199180504E-16 ) ) ;
#4044 = CARTESIAN_POINT ( 'NONE',  ( -16.52083333333332149, -0.5876202367904166390, 1.017788105676656674 ) ) ;
#4045 = CARTESIAN_POINT ( 'NONE',  ( 14.77083333333333570, -0.7499999999999996669, -1.299038105676658228 ) ) ;
#4046 = ORIENTED_EDGE ( 'NONE', *, *, #1533, .T. ) ;
#4047 = EDGE_LOOP ( 'NONE', ( #4285, #2904, #1005, #542 ) ) ;
#4048 = CARTESIAN_POINT ( 'NONE',  ( -14.64732829736789554, -0.4019093526221099721, -1.500008334642675356 ) ) ;
#4049 = EDGE_CURVE ( 'NONE', #1244, #3828, #2842, .T. ) ;
#4050 = DIRECTION ( 'NONE',  ( 1.000000000000000000, 0.000000000000000000, 0.000000000000000000 ) ) ;
#4051 = VERTEX_POINT ( 'NONE', #1366 ) ;
#4052 = CARTESIAN_POINT ( 'NONE',  ( -14.43749999999998934, -1.175240473580833722, 1.439254484199187407E-16 ) ) ;
#4053 = CARTESIAN_POINT ( 'NONE',  ( 13.50000000000000178, -1.175240473580827949, -1.439254484199180504E-16 ) ) ;
#4054 = CARTESIAN_POINT ( 'NONE',  ( -11.33333333333331971, 0.5876202367904159729, -1.017788105676656896 ) ) ;
#4055 = CARTESIAN_POINT ( 'NONE',  ( -11.99999999999998757, -1.175240473580833722, 1.439254484199187407E-16 ) ) ;
#4056 = CARTESIAN_POINT ( 'NONE',  ( 15.64583333333333393, 1.175240473580827727, -0.6785254037844341557 ) ) ;
#4057 = CARTESIAN_POINT ( 'NONE',  ( 14.25000000000000178, 1.175240473580827949, 0.000000000000000000 ) ) ;
#4058 = CARTESIAN_POINT ( 'NONE',  ( -15.22916666666665542, 1.175240473580833056, -0.6785254037844382635 ) ) ;
#4059 = CARTESIAN_POINT ( 'NONE',  ( 15.68750000000000000, 1.175240473580827949, 0.000000000000000000 ) ) ;
#4060 = CARTESIAN_POINT ( 'NONE',  ( -14.83333333333333570, -0.7500000000000003331, 1.299038105676659338 ) ) ;
#4061 = AXIS2_PLACEMENT_3D ( 'NONE', #5390, #4613, #4122 ) ;
#4062 = EDGE_LOOP ( 'NONE', ( #4605, #4330, #2148, #1552, #3301, #2881, #2860, #5340, #4612, #3666, #569, #3929, #1834, #2828, #289, #2927, #378, #1746, #4997, #2528, #337, #4864, #114, #1123, #4109, #2919, #1100, #4861, #3069 ) ) ;
#4063 = CARTESIAN_POINT ( 'NONE',  ( 16.41666666666667140, -0.5876202367904145296, 1.017788105676650900 ) ) ;
#4064 = EDGE_CURVE ( 'NONE', #2027, #3644, #5024, .T. ) ;
#4065 = CARTESIAN_POINT ( 'NONE',  ( -17.41666666666666785, 0.7500000000000008882, 1.299038105676659116 ) ) ;
#4066 = CARTESIAN_POINT ( 'NONE',  ( -13.10416666666665542, -0.7500000000000013323, -1.299038105676658894 ) ) ;
#4067 = B_SPLINE_CURVE_WITH_KNOTS ( 'NONE', 3,
 ( #4399, #3622, #5285, #689, #1556, #3212 ),
 .UNSPECIFIED., .F., .F.,
 ( 4, 2, 4 ),
 ( 0.01056291210070318433, 0.01121993009558844290, 0.01187694809047370147 ),
 .UNSPECIFIED. ) ;
#4068 = ORIENTED_EDGE ( 'NONE', *, *, #3313, .F. ) ;
#4069 = FACE_OUTER_BOUND ( 'NONE', #2589, .T. ) ;
#4070 = CARTESIAN_POINT ( 'NONE',  ( 15.29017090063074491, -0.4019237886466838217, -1.499999999999999778 ) ) ;
#4071 = ADVANCED_FACE ( 'NONE', ( #4696 ), #4885, .T. ) ;
#4072 = CARTESIAN_POINT ( 'NONE',  ( -15.64583333333331971, -1.500000000000001998, -0.8660254037844388186 ) ) ;
#4073 = CARTESIAN_POINT ( 'NONE',  ( -11.28823126913091279, 0.8687484867529905452, -1.017105680114671173 ) ) ;
#4074 = ORIENTED_EDGE ( 'NONE', *, *, #785, .T. ) ;
#4075 = CARTESIAN_POINT ( 'NONE',  ( -13.81249999999998579, -2.492861891654330359E-16, -1.357050807568875195 ) ) ;
#4076 = CARTESIAN_POINT ( 'NONE',  ( -12.04017090063072715, 0.4019237886466836551, -1.500000000000001776 ) ) ;
#4077 = CARTESIAN_POINT ( 'NONE',  ( 13.39583333333333570, 1.500000000000000222, -0.8660254037844384856 ) ) ;
#4078 = CARTESIAN_POINT ( 'NONE',  ( 14.06250000000000355, -6.391244124090313355E-16, 1.499999999999999778 ) ) ;
#4079 = CARTESIAN_POINT ( 'NONE',  ( -11.83333333333332149, 0.5876202367904159729, -1.017788105676656896 ) ) ;
#4080 = CARTESIAN_POINT ( 'NONE',  ( -12.72916666666665542, -1.500000000000000888, 0.8660254037844398178 ) ) ;
#4081 = CARTESIAN_POINT ( 'NONE',  ( 15.18750000000000178, 1.175240473580827949, 0.000000000000000000 ) ) ;
#4082 = ORIENTED_EDGE ( 'NONE', *, *, #2605, .T. ) ;
#4083 = CARTESIAN_POINT ( 'NONE',  ( 14.33333333333333570, 0.5876202367904130863, 1.017788105676651789 ) ) ;
#4084 = CARTESIAN_POINT ( 'NONE',  ( -15.56249999999998757, 8.309539638847769097E-17, 1.357050807568875195 ) ) ;
#4085 = CARTESIAN_POINT ( 'NONE',  ( 16.97916666666667140, -1.175240473580827505, -0.6785254037844345998 ) ) ;
#4086 = CARTESIAN_POINT ( 'NONE',  ( -16.62500000000000000, -3.181725716174723456E-16, -1.732050807568878747 ) ) ;
#4087 = VERTEX_POINT ( 'NONE', #1810 ) ;
#4088 = CARTESIAN_POINT ( 'NONE',  ( 15.29166666666666785, 1.175240473580827505, 0.6785254037844348218 ) ) ;
#4089 = CARTESIAN_POINT ( 'NONE',  ( -15.85416666666665542, -0.5876202367904174162, -1.017788105676656230 ) ) ;
#4090 = CARTESIAN_POINT ( 'NONE',  ( 14.81250000000000000, -5.723068602026326086E-15, -1.499999999999999778 ) ) ;
#4091 = ORIENTED_EDGE ( 'NONE', *, *, #1911, .T. ) ;
#4092 = CARTESIAN_POINT ( 'NONE',  ( 12.49999999999999822, -3.755786496842899057E-16, 2.250000000000000000 ) ) ;
#4093 = AXIS2_PLACEMENT_3D ( 'NONE', #1253, #843, #3290 ) ;
#4094 = DIRECTION ( 'NONE',  ( 1.000000000000000000, 0.000000000000000000, 0.000000000000000000 ) ) ;
#4095 = CARTESIAN_POINT ( 'NONE',  ( -15.81249999999998934, 1.060575238724907778E-16, 1.732050807568878747 ) ) ;
#4096 = CARTESIAN_POINT ( 'NONE',  ( 12.48056367494013763, 0.4426079883655456015, -2.249999999999999556 ) ) ;
#4097 = ADVANCED_FACE ( 'NONE', ( #4123 ), #815, .F. ) ;
#4098 = DESIGN_CONTEXT ( 'detailed design', #5322, 'design' ) ;
#4099 = ORIENTED_EDGE ( 'NONE', *, *, #3309, .T. ) ;
#4100 = CARTESIAN_POINT ( 'NONE',  ( -11.27083333333331971, 0.5876202367904159729, -1.017788105676656896 ) ) ;
#4101 = CYLINDRICAL_SURFACE ( 'NONE', #3770, 1.500000000000000666 ) ;
#4102 = CARTESIAN_POINT ( 'NONE',  ( 13.64583333333333748, -1.500000000000000444, 0.8660254037844380415 ) ) ;
#4103 = PLANE ( 'NONE',  #380 ) ;
#4104 = CONICAL_SURFACE ( 'NONE', #2999, 2.250000000000000000, 1.047197551196600074 ) ;
#4105 = DIRECTION ( 'NONE',  ( -1.000000000000000000, 0.000000000000000000, 0.000000000000000000 ) ) ;
#4106 = CARTESIAN_POINT ( 'NONE',  ( -16.68749999999998579, -1.500000000000001332, 1.836970198721031413E-16 ) ) ;
#4107 = CARTESIAN_POINT ( 'NONE',  ( 16.18750000000000000, 1.175240473580827949, 0.000000000000000000 ) ) ;
#4108 =( BOUNDED_CURVE ( )  B_SPLINE_CURVE ( 2, ( #1889, #1036, #2725, #1939, #254 ),
 .UNSPECIFIED., .F., .F. ) 
 B_SPLINE_CURVE_WITH_KNOTS ( ( 3, 2, 3 ),
 ( 0.7500000000000000000, 0.7575757575757575690, 0.7698342463663084834 ),
 .UNSPECIFIED. ) 
 CURVE ( )  GEOMETRIC_REPRESENTATION_ITEM ( )  RATIONAL_B_SPLINE_CURVE ( ( 0.9330127018922194093, 0.9330127018922194093, 1.000000000000000000, 0.8916064783288151219, 0.9586067383470719960 ) ) 
 REPRESENTATION_ITEM ( '' )  );
#4109 = ORIENTED_EDGE ( 'NONE', *, *, #613, .F. ) ;
#4110 = CARTESIAN_POINT ( 'NONE',  ( 14.58333333333333570, -0.5876202367904137525, -1.017788105676651345 ) ) ;
#4111 = CARTESIAN_POINT ( 'NONE',  ( -15.72916666666665542, 1.175240473580833056, -0.6785254037844382635 ) ) ;
#4112 = CARTESIAN_POINT ( 'NONE',  ( 15.97916666666666963, -1.175240473580827505, -0.6785254037844345998 ) ) ;
#4113 = EDGE_CURVE ( 'NONE', #3828, #4928, #3464, .T. ) ;
#4114 = CARTESIAN_POINT ( 'NONE',  ( -15.79166666666666785, -1.500000000000000888, 0.8660254037844398178 ) ) ;
#4115 = CARTESIAN_POINT ( 'NONE',  ( -15.56249999999998934, 2.788906526875773602E-15, -1.500000000000001554 ) ) ;
#4116 = CARTESIAN_POINT ( 'NONE',  ( -13.10416666666665542, -0.7500000000000013323, -1.299038105676658894 ) ) ;
#4117 = VERTEX_POINT ( 'NONE', #2075 ) ;
#4118 = CARTESIAN_POINT ( 'NONE',  ( 14.37500000000000355, -2.492861891654318526E-16, 1.357050807568868533 ) ) ;
#4119 = FACE_OUTER_BOUND ( 'NONE', #1313, .T. ) ;
#4120 = CARTESIAN_POINT ( 'NONE',  ( -13.62499999993385380, 8.929855743225641733E-10, -1.500000000000000888 ) ) ;
#4121 = ORIENTED_EDGE ( 'NONE', *, *, #2329, .T. ) ;
#4122 = DIRECTION ( 'NONE',  ( 0.000000000000000000, 0.000000000000000000, 1.000000000000000000 ) ) ;
#4123 = FACE_OUTER_BOUND ( 'NONE', #1614, .T. ) ;
#4124 = CARTESIAN_POINT ( 'NONE',  ( -14.72916666666665364, -1.500000000000000888, 0.8660254037844398178 ) ) ;
#4125 = DATE_AND_TIME ( #2540, #481 ) ;
#4126 = EDGE_LOOP ( 'NONE', ( #3234, #4665, #4966 ) ) ;
#4127 = CARTESIAN_POINT ( 'NONE',  ( -12.85416666666665364, -0.5876202367904174162, -1.017788105676656230 ) ) ;
#4128 = CARTESIAN_POINT ( 'NONE',  ( -11.20833333333333393, -1.500000000000002220, -0.8660254037844388186 ) ) ;
#4129 = CARTESIAN_POINT ( 'NONE',  ( 14.93750000000000355, 1.500000000000000000, 0.000000000000000000 ) ) ;
#4130 = DIRECTION ( 'NONE',  ( 0.000000000000000000, 0.000000000000000000, 1.000000000000000000 ) ) ;
#4131 = ADVANCED_FACE ( 'NONE', ( #1223 ), #2883, .T. ) ;
#4132 = CARTESIAN_POINT ( 'NONE',  ( -12.20833333333332149, 1.175240473580833944, 0.6785254037844374864 ) ) ;
#4133 = CARTESIAN_POINT ( 'NONE',  ( -11.83333333333333393, -0.7500000000000003331, 1.299038105676659338 ) ) ;
#4134 = CARTESIAN_POINT ( 'NONE',  ( 14.77083333333333570, 0.5876202367904130863, 1.017788105676651789 ) ) ;
#4135 = ORIENTED_EDGE ( 'NONE', *, *, #4434, .F. ) ;
#4136 = CARTESIAN_POINT ( 'NONE',  ( -13.41666666666665542, -0.5876202367904174162, -1.017788105676656230 ) ) ;
#4137 = CARTESIAN_POINT ( 'NONE',  ( 16.37500000000000000, -2.492861891654318526E-16, 1.357050807568868311 ) ) ;
#4138 = CARTESIAN_POINT ( 'NONE',  ( -12.10416666666665542, 0.5876202367904169721, 1.017788105676656452 ) ) ;
#4139 = CARTESIAN_POINT ( 'NONE',  ( 14.47916666666666785, -1.175240473580827505, -0.6785254037844345998 ) ) ;
#4140 = CARTESIAN_POINT ( 'NONE',  ( -15.45833333333333393, 1.500000000000001554, 0.8660254037844392627 ) ) ;
#4141 = CARTESIAN_POINT ( 'NONE',  ( -15.39732828903541773, 0.4019092026374694315, 1.500008421236348033 ) ) ;
#4142 = CARTESIAN_POINT ( 'NONE',  ( -12.35416666666665542, 0.7500000000000008882, 1.299038105676659116 ) ) ;
#4143 = VERTEX_POINT ( 'NONE', #523 ) ;
#4144 =( BOUNDED_CURVE ( )  B_SPLINE_CURVE ( 2, ( #246, #3124, #2742, #647, #411 ),
 .UNSPECIFIED., .F., .F. ) 
 B_SPLINE_CURVE_WITH_KNOTS ( ( 3, 2, 3 ),
 ( 0.1475305500406166870, 0.1515151515151515194, 0.1590909090909090884 ),
 .UNSPECIFIED. ) 
 CURVE ( )  GEOMETRIC_REPRESENTATION_ITEM ( )  RATIONAL_B_SPLINE_CURVE ( ( 0.9480652107226188452, 0.9647668653403715933, 1.000000000000000000, 0.9330127018922194093, 0.9330127018922194093 ) ) 
 REPRESENTATION_ITEM ( '' )  );
#4145 = CARTESIAN_POINT ( 'NONE',  ( 14.62500000000000533, 8.309539638847728421E-17, -1.357050807568868533 ) ) ;
#4146 = CARTESIAN_POINT ( 'NONE',  ( -16.60416666666665719, 0.5876202367904169721, 1.017788105676656452 ) ) ;
#4147 = CARTESIAN_POINT ( 'NONE',  ( 14.08333333333333570, 0.7499999999999988898, 1.299038105676658672 ) ) ;
#4148 = ORIENTED_EDGE ( 'NONE', *, *, #3716, .F. ) ;
#4149 = CARTESIAN_POINT ( 'NONE',  ( -11.79017090063072892, -0.4019237886466842102, 1.500000000000001110 ) ) ;
#4150 = CARTESIAN_POINT ( 'NONE',  ( -17.36022993090465860, 1.405025455977998439, 2.066424524318478451 ) ) ;
#4151 = CARTESIAN_POINT ( 'NONE',  ( 13.33333333333333570, 0.5876202367904130863, 1.017788105676651789 ) ) ;
#4152 = CARTESIAN_POINT ( 'NONE',  ( -16.31249999999998579, 1.060575238724907778E-16, 1.732050807568878747 ) ) ;
#4153 = ORIENTED_EDGE ( 'NONE', *, *, #216, .T. ) ;
#4154 = CARTESIAN_POINT ( 'NONE',  ( -12.14583333333332149, 1.175240473580833944, 0.6785254037844374864 ) ) ;
#4155 = CARTESIAN_POINT ( 'NONE',  ( 15.06250000000000355, -3.181725716174720005E-16, 1.732050807568877193 ) ) ;
#4156 = CARTESIAN_POINT ( 'NONE',  ( 15.12500000000000178, -6.391244124090313355E-16, 1.500000000000000000 ) ) ;
#4157 = CARTESIAN_POINT ( 'NONE',  ( 15.87500000000000000, 2.033577675846917841E-16, -1.499999999999999778 ) ) ;
#4158 = FACE_OUTER_BOUND ( 'NONE', #3903, .T. ) ;
#4159 = CARTESIAN_POINT ( 'NONE',  ( 12.97916666666666785, -1.175240473580827505, -0.6785254037844345998 ) ) ;
#4160 = ORIENTED_EDGE ( 'NONE', *, *, #3646, .F. ) ;
#4161 = CARTESIAN_POINT ( 'NONE',  ( -13.54166666666665364, -1.175240473580833722, 0.6785254037844379305 ) ) ;
#4162 = CARTESIAN_POINT ( 'NONE',  ( -13.97916666666665542, -1.175240473580833500, 0.6785254037844380415 ) ) ;
#4163 = CARTESIAN_POINT ( 'NONE',  ( 14.72916666666666785, 1.175240473580827505, 0.6785254037844348218 ) ) ;
#4164 = CARTESIAN_POINT ( 'NONE',  ( -12.45833333333333393, 1.500000000000001554, 0.8660254037844392627 ) ) ;
#4165 = CARTESIAN_POINT ( 'NONE',  ( -15.77083333333332149, -0.7500000000000003331, 1.299038105676659338 ) ) ;
#4166 = CARTESIAN_POINT ( 'NONE',  ( -13.85416666666665542, 0.7500000000000008882, 1.299038105676659116 ) ) ;
#4167 = ORIENTED_EDGE ( 'NONE', *, *, #1058, .T. ) ;
#4168 = ADVANCED_FACE ( 'NONE', ( #2 ), #2619, .F. ) ;
#4169 = CARTESIAN_POINT ( 'NONE',  ( -16.04166666666665719, -1.175240473580833722, 0.6785254037844379305 ) ) ;
#4170 = CARTESIAN_POINT ( 'NONE',  ( 14.70833333333333570, 1.175240473580827727, -0.6785254037844341557 ) ) ;
#4171 =( BOUNDED_CURVE ( )  B_SPLINE_CURVE ( 2, ( #2483, #4076, #2029, #3295, #5342, #720, #1616, #1201, #743 ),
 .UNSPECIFIED., .F., .F. ) 
 B_SPLINE_CURVE_WITH_KNOTS ( ( 3, 2, 2, 2, 3 ),
 ( 0.9038461538461538547, 0.9102564102564102422, 0.9230769230769231282, 0.9358974358974359031, 0.9423076923076922906 ),
 .UNSPECIFIED. ) 
 CURVE ( )  GEOMETRIC_REPRESENTATION_ITEM ( )  RATIONAL_B_SPLINE_CURVE ( ( 0.9330127018922194093, 0.9330127018922194093, 1.000000000000000000, 0.8660254037844387076, 1.000000000000000000, 0.8660254037844387076, 1.000000000000000000, 0.9330127018922194093, 0.9330127018922194093 ) ) 
 REPRESENTATION_ITEM ( '' )  );
#4172 = CARTESIAN_POINT ( 'NONE',  ( -15.31249999999998757, -2.492861891654330359E-16, -1.357050807568875195 ) ) ;
#4173 = CARTESIAN_POINT ( 'NONE',  ( -17.04166666666666785, 1.500000000000000888, -0.8660254037844402619 ) ) ;
#4174 = ORIENTED_EDGE ( 'NONE', *, *, #4443, .T. ) ;
#4175 = CARTESIAN_POINT ( 'NONE',  ( -17.29903810567666156, 1.299038105676659782, -2.249999999999999556 ) ) ;
#4176 = CARTESIAN_POINT ( 'NONE',  ( -11.58333333333333393, 0.7499999999999995559, -1.299038105676659560 ) ) ;
#4177 = CARTESIAN_POINT ( 'NONE',  ( 12.95833333333333570, -1.175240473580827949, 0.6785254037844338226 ) ) ;
#4178 = CARTESIAN_POINT ( 'NONE',  ( -15.56249999999998757, -3.181725716174723456E-16, -1.732050807568878747 ) ) ;
#4179 = CALENDAR_DATE ( 2026, 8, 1 ) ;
#4180 = ORIENTED_EDGE ( 'NONE', *, *, #2236, .T. ) ;
#4181 = CARTESIAN_POINT ( 'NONE',  ( -12.52083333333332149, -0.5876202367904166390, 1.017788105676656674 ) ) ;
#4182 = CARTESIAN_POINT ( 'NONE',  ( -12.08482909936924976, -0.4019237886466848764, -1.500000000000001110 ) ) ;
#4183 = CARTESIAN_POINT ( 'NONE',  ( 12.60416666666666963, -0.7500000000000006661, 1.299038105676657562 ) ) ;
#4184 = CARTESIAN_POINT ( 'NONE',  ( -12.62471870236601568, 1.572010132869931570E-05, -1.499999999839165099 ) ) ;
#4185 = CARTESIAN_POINT ( 'NONE',  ( 16.29017090063074136, -0.4019237886466838217, -1.499999999999999778 ) ) ;
#4186 = CARTESIAN_POINT ( 'NONE',  ( -14.06249999999998757, -6.391244124090313355E-16, -1.500000000000001332 ) ) ;
#4187 = VECTOR ( 'NONE', #1316, 1000.000000000000000 ) ;
#4188 = CARTESIAN_POINT ( 'NONE',  ( 13.22916666666666785, 1.175240473580827505, 0.6785254037844348218 ) ) ;
#4189 = VERTEX_POINT ( 'NONE', #3318 ) ;
#4190 = AXIS2_PLACEMENT_3D ( 'NONE', #1843, #3003, #3033 ) ;
#4191 = CARTESIAN_POINT ( 'NONE',  ( -14.08333333333332149, -0.5876202367904166390, 1.017788105676656674 ) ) ;
#4192 = VECTOR ( 'NONE', #2811, 1000.000000000000000 ) ;
#4193 = DIRECTION ( 'NONE',  ( 0.000000000000000000, 0.000000000000000000, -1.000000000000000000 ) ) ;
#4194 = CARTESIAN_POINT ( 'NONE',  ( -14.35416666666665364, -0.5876202367904174162, -1.017788105676656230 ) ) ;
#4195 = CARTESIAN_POINT ( 'NONE',  ( 14.85416666666666785, -0.5876202367904145296, 1.017788105676650900 ) ) ;
#4196 = CARTESIAN_POINT ( 'NONE',  ( -13.54166666666666785, 1.500000000000000888, -0.8660254037844402619 ) ) ;
#4197 = CARTESIAN_POINT ( 'NONE',  ( -12.89583333333332149, 1.500000000000001110, 0.8660254037844392627 ) ) ;
#4198 = CARTESIAN_POINT ( 'NONE',  ( -13.93749999999998757, 1.500000000000001332, 0.000000000000000000 ) ) ;
#4199 = ORIENTED_EDGE ( 'NONE', *, *, #2450, .T. ) ;
#4200 = AXIS2_PLACEMENT_3D ( 'NONE', #1427, #5175, #4726 ) ;
#4201 = DIRECTION ( 'NONE',  ( 0.000000000000000000, 0.000000000000000000, -1.000000000000000000 ) ) ;
#4202 = CARTESIAN_POINT ( 'NONE',  ( -15.79166666666665542, 1.175240473580833500, -0.6785254037844382635 ) ) ;
#4203 = CARTESIAN_POINT ( 'NONE',  ( 12.79166666666666963, 1.175240473580827505, 0.6785254037844348218 ) ) ;
#4204 = CARTESIAN_POINT ( 'NONE',  ( -15.27083333333331971, 0.5876202367904159729, -1.017788105676656896 ) ) ;
#4205 = EDGE_CURVE ( 'NONE', #2257, #1244, #2297, .T. ) ;
#4206 = DIRECTION ( 'NONE',  ( -1.000000000000000000, -0.000000000000000000, -0.000000000000000000 ) ) ;
#4207 = DIRECTION ( 'NONE',  ( -1.000000000000000000, -0.000000000000000000, -0.000000000000000000 ) ) ;
#4208 = CARTESIAN_POINT ( 'NONE',  ( -17.29903810567666156, 1.299038105676658006, 2.250000000000000000 ) ) ;
#4209 = CARTESIAN_POINT ( 'NONE',  ( 12.50000000000000000, -1.727238319854172754, -1.508335473232666812 ) ) ;
#4210 = DATE_AND_TIME ( #4179, #4026 ) ;
#4211 = EDGE_CURVE ( 'NONE', #1535, #1649, #3236, .T. ) ;
#4212 = AXIS2_PLACEMENT_3D ( 'NONE', #4667, #2216, #3081 ) ;
#4213 = VERTEX_POINT ( 'NONE', #2855 ) ;
#4214 = CARTESIAN_POINT ( 'NONE',  ( -12.56249999999998757, 8.309539638847769097E-17, 1.357050807568875195 ) ) ;
#4215 = CARTESIAN_POINT ( 'NONE',  ( 16.72916666666667140, 1.175240473580827727, 0.6785254037844348218 ) ) ;
#4216 = CARTESIAN_POINT ( 'NONE',  ( 12.52083333333333570, 0.7499999999999988898, 1.299038105676658672 ) ) ;
#4217 = LINE ( 'NONE', #509, #1084 ) ;
#4218 = CARTESIAN_POINT ( 'NONE',  ( 12.29903810567665801, 2.598076211353316456, -6.186363472576506121E-17 ) ) ;
#4219 = CARTESIAN_POINT ( 'NONE',  ( 12.64583333333333570, 1.175240473580827727, -0.6785254037844341557 ) ) ;
#4220 = VERTEX_POINT ( 'NONE', #3830 ) ;
#4221 = ORIENTED_EDGE ( 'NONE', *, *, #3669, .T. ) ;
#4222 = CARTESIAN_POINT ( 'NONE',  ( -13.62499999999998934, 8.309539638847769097E-17, 1.357050807568875195 ) ) ;
#4223 = CARTESIAN_POINT ( 'NONE',  ( -11.10000000000000142, 0.9398829575779118484, -1.100377697351961892 ) ) ;
#4224 = CARTESIAN_POINT ( 'NONE',  ( -11.77083333333332149, 0.5876202367904159729, -1.017788105676656896 ) ) ;
#4225 = CARTESIAN_POINT ( 'NONE',  ( 14.02083333333333393, -0.5876202367904137525, -1.017788105676651345 ) ) ;
#4226 = CARTESIAN_POINT ( 'NONE',  ( -13.29166666666666963, -1.500000000000000888, 0.8660254037844398178 ) ) ;
#4227 = CARTESIAN_POINT ( 'NONE',  ( -16.49999999999998579, -1.175240473580833722, 1.439254484199187407E-16 ) ) ;
#4228 = CARTESIAN_POINT ( 'NONE',  ( -13.22916666666665364, -1.500000000000000888, 0.8660254037844398178 ) ) ;
#4229 = ORIENTED_EDGE ( 'NONE', *, *, #1969, .T. ) ;
#4230 = CARTESIAN_POINT ( 'NONE',  ( 14.31250000000000178, -2.492861891654318526E-16, 1.357050807568868311 ) ) ;
#4231 = CARTESIAN_POINT ( 'NONE',  ( 15.52083333333333393, 0.7499999999999988898, 1.299038105676658672 ) ) ;
#4232 = CARTESIAN_POINT ( 'NONE',  ( -15.41666666666665542, -0.5876202367904174162, -1.017788105676656230 ) ) ;
#4233 = CARTESIAN_POINT ( 'NONE',  ( 12.58333333333333570, -0.5876202367904137525, -1.017788105676651345 ) ) ;
#4234 = CARTESIAN_POINT ( 'NONE',  ( -13.77083333333332327, 0.5876202367904159729, -1.017788105676656896 ) ) ;
#4235 = CARTESIAN_POINT ( 'NONE',  ( 12.49999999999999822, 0.000000000000000000, 0.000000000000000000 ) ) ;
#4236 = CARTESIAN_POINT ( 'NONE',  ( 16.56250000000000000, -6.391244124090313355E-16, 1.499999999999999778 ) ) ;
#4237 = ADVANCED_FACE ( 'NONE', ( #3264 ), #2060, .T. ) ;
#4238 = LINE ( 'NONE', #2193, #4809 ) ;
#4239 = CARTESIAN_POINT ( 'NONE',  ( 13.85267090063074313, -0.4019237886466838217, -1.499999999999999778 ) ) ;
#4240 = CYLINDRICAL_SURFACE ( 'NONE', #4419, 1.500000000000000222 ) ;
#4241 = ADVANCED_FACE ( 'NONE', ( #5088 ), #3694, .F. ) ;
#4242 = EDGE_LOOP ( 'NONE', ( #621, #2407, #4082, #3883, #3330, #4792 ) ) ;
#4243 = CIRCLE ( 'NONE', #696, 2.249999999999999556 ) ;
#4244 = DIRECTION ( 'NONE',  ( -1.000000000000000000, 0.000000000000000000, 0.000000000000000000 ) ) ;
#4245 = CARTESIAN_POINT ( 'NONE',  ( 15.68750000000000000, 1.175240473580827949, 0.000000000000000000 ) ) ;
#4246 = CARTESIAN_POINT ( 'NONE',  ( 15.37500000000000000, 2.033577675846917841E-16, -1.499999999999999778 ) ) ;
#4247 = DIRECTION ( 'NONE',  ( 1.000000000000000000, 0.000000000000000000, 0.000000000000000000 ) ) ;
#4248 = CARTESIAN_POINT ( 'NONE',  ( -14.91666666666666785, 0.7500000000000008882, 1.299038105676659116 ) ) ;
#4249 = CARTESIAN_POINT ( 'NONE',  ( 12.85416666666666785, -0.5876202367904145296, 1.017788105676650900 ) ) ;
#4250 = ORIENTED_EDGE ( 'NONE', *, *, #2666, .T. ) ;
#4251 = ORIENTED_EDGE ( 'NONE', *, *, #2953, .F. ) ;
#4252 = CARTESIAN_POINT ( 'NONE',  ( -14.54166666666665542, -1.175240473580833722, 0.6785254037844379305 ) ) ;
#4253 = CARTESIAN_POINT ( 'NONE',  ( 17.29089000178948510, -1.038605215929971015, 0.8429121619819760491 ) ) ;
#4254 = CARTESIAN_POINT ( 'NONE',  ( -12.93749999999998757, -1.175240473580833722, 1.439254484199187407E-16 ) ) ;
#4255 = CARTESIAN_POINT ( 'NONE',  ( 12.72916666666666963, 1.175240473580827505, 0.6785254037844348218 ) ) ;
#4256 = CARTESIAN_POINT ( 'NONE',  ( -12.87500000000000000, 1.060575238724907778E-16, 1.732050807568878747 ) ) ;
#4257 = CARTESIAN_POINT ( 'NONE',  ( -16.24999999999998579, 1.175240473580833722, 0.000000000000000000 ) ) ;
#4258 = CARTESIAN_POINT ( 'NONE',  ( -14.74999999999998934, 1.175240473580833722, 0.000000000000000000 ) ) ;
#4259 = ORIENTED_EDGE ( 'NONE', *, *, #3218, .T. ) ;
#4260 = CARTESIAN_POINT ( 'NONE',  ( 13.77083333333333570, 0.5876202367904130863, 1.017788105676651789 ) ) ;
#4261 = CARTESIAN_POINT ( 'NONE',  ( 15.31250000000000178, 2.033577675846917841E-16, -1.499999999999999778 ) ) ;
#4262 = CARTESIAN_POINT ( 'NONE',  ( -15.37499999999998757, -2.492861891654330359E-16, -1.357050807568875195 ) ) ;
#4263 = CARTESIAN_POINT ( 'NONE',  ( 17.35416666666667140, 0.7500000000000002220, -1.299038105676658006 ) ) ;
#4264 = CARTESIAN_POINT ( 'NONE',  ( -13.97916666666665542, -1.175240473580833722, 0.6785254037844379305 ) ) ;
#4265 = CARTESIAN_POINT ( 'NONE',  ( 16.43750000000000000, 1.500000000000000000, 0.000000000000000000 ) ) ;
#4266 = DIRECTION ( 'NONE',  ( 0.000000000000000000, 0.000000000000000000, -1.000000000000000000 ) ) ;
#4267 = DIRECTION ( 'NONE',  ( 0.000000000000000000, 0.000000000000000000, 1.000000000000000000 ) ) ;
#4268 = APPLICATION_CONTEXT ( 'configuration controlled 3d designs of mechanical parts and assemblies' ) ;
#4269 = DIRECTION ( 'NONE',  ( 1.000000000000000000, 0.000000000000000000, 0.000000000000000000 ) ) ;
#4270 = CARTESIAN_POINT ( 'NONE',  ( 17.44975952641921779, -1.159672946348584421, -0.1906536866931283769 ) ) ;
#4271 = CARTESIAN_POINT ( 'NONE',  ( 12.49999999999999822, 0.000000000000000000, 0.000000000000000000 ) ) ;
#4272 = CARTESIAN_POINT ( 'NONE',  ( 15.29166666666666785, -1.499999999999999778, -0.8660254037844391517 ) ) ;
#4273 = CARTESIAN_POINT ( 'NONE',  ( -11.12541971039805055, -2.419324739118198286E-05, -1.499999999641368431 ) ) ;
#4274 = EDGE_CURVE ( 'NONE', #2573, #28, #5000, .T. ) ;
#4275 = CARTESIAN_POINT ( 'NONE',  ( -16.04017090063072715, 0.4019237886466852094, -1.500000000000001110 ) ) ;
#4276 = ORIENTED_EDGE ( 'NONE', *, *, #4307, .T. ) ;
#4277 = ORIENTED_EDGE ( 'NONE', *, *, #2626, .T. ) ;
#4278 = CARTESIAN_POINT ( 'NONE',  ( -11.45833333333331971, -1.175240473580834166, -0.6785254037844371533 ) ) ;
#4279 = CARTESIAN_POINT ( 'NONE',  ( 17.12499999999999645, 0.000000000000000000, 1.500000000000000222 ) ) ;
#4280 = DIRECTION ( 'NONE',  ( 0.000000000000000000, 0.000000000000000000, 1.000000000000000000 ) ) ;
#4281 = CARTESIAN_POINT ( 'NONE',  ( 17.62500000000000000, 8.309539638847728421E-17, -1.357050807568868533 ) ) ;
#4282 = CARTESIAN_POINT ( 'NONE',  ( -13.87500000000000178, 1.060575238724907778E-16, 1.732050807568878747 ) ) ;
#4283 = CARTESIAN_POINT ( 'NONE',  ( -15.45833333333332327, -1.175240473580834166, -0.6785254037844371533 ) ) ;
#4284 = CARTESIAN_POINT ( 'NONE',  ( -14.41666666666665364, -0.5876202367904174162, -1.017788105676656230 ) ) ;
#4285 = ORIENTED_EDGE ( 'NONE', *, *, #606, .T. ) ;
#4286 = AXIS2_PLACEMENT_3D ( 'NONE', #1583, #4816, #1069 ) ;
#4287 = EDGE_CURVE ( 'NONE', #568, #4213, #4843, .T. ) ;
#4288 = CARTESIAN_POINT ( 'NONE',  ( 13.72916666666666963, 1.175240473580827727, 0.6785254037844348218 ) ) ;
#4289 = CARTESIAN_POINT ( 'NONE',  ( 17.12499999999999645, 0.000000000000000000, 1.500000000000000222 ) ) ;
#4290 = CARTESIAN_POINT ( 'NONE',  ( -11.10000000000000142, 1.836970198721030427E-16, -1.500000000000000666 ) ) ;
#4291 = CARTESIAN_POINT ( 'NONE',  ( 15.56250000000000178, -3.181725716174720005E-16, 1.732050807568877193 ) ) ;
#4292 = CARTESIAN_POINT ( 'NONE',  ( -13.06249999999998934, 8.309539638847769097E-17, 1.357050807568875195 ) ) ;
#4293 = CONICAL_SURFACE ( 'NONE', #1161, 2.250000000000000000, 1.047197551196600074 ) ;
#4294 =( BOUNDED_CURVE ( )  B_SPLINE_CURVE ( 2, ( #3179, #1029, #224, #4412, #1883, #1448, #2240, #1856, #4719 ),
 .UNSPECIFIED., .F., .F. ) 
 B_SPLINE_CURVE_WITH_KNOTS ( ( 3, 2, 2, 2, 3 ),
 ( 0.6346153846153846922, 0.6410256410256410797, 0.6538461538461538547, 0.6666666666666666297, 0.6730769230769231282 ),
 .UNSPECIFIED. ) 
 CURVE ( )  GEOMETRIC_REPRESENTATION_ITEM ( )  RATIONAL_B_SPLINE_CURVE ( ( 0.9330127018922192983, 0.9330127018922198534, 1.000000000000000000, 0.8660254037844387076, 1.000000000000000000, 0.8660254037844387076, 1.000000000000000000, 0.9330127018922187432, 0.9330127018922192983 ) ) 
 REPRESENTATION_ITEM ( '' )  );
#4295 = CARTESIAN_POINT ( 'NONE',  ( -15.54017090063072892, 0.4019237886466852094, -1.500000000000001110 ) ) ;
#4296 = CARTESIAN_POINT ( 'NONE',  ( -15.64733070687469940, -0.4019527237445840728, -1.499983294313440130 ) ) ;
#4297 = DIRECTION ( 'NONE',  ( 0.000000000000000000, 0.000000000000000000, 1.000000000000000000 ) ) ;
#4298 = CARTESIAN_POINT ( 'NONE',  ( -17.44817409081913340, 1.190644713191888471, 0.9107708254584850893 ) ) ;
#4299 = CARTESIAN_POINT ( 'NONE',  ( -14.37500083245187277, 1.498413735659000907E-05, 1.499999999925159644 ) ) ;
#4300 = CARTESIAN_POINT ( 'NONE',  ( 14.12500000000000178, -6.391244124090313355E-16, 1.499999999999999778 ) ) ;
#4301 = CARTESIAN_POINT ( 'NONE',  ( 15.25000000000000178, -1.500000000000000000, -1.836970198721029934E-16 ) ) ;
#4302 = CARTESIAN_POINT ( 'NONE',  ( 14.52083333333333570, 0.7499999999999988898, 1.299038105676658672 ) ) ;
#4303 = CARTESIAN_POINT ( 'NONE',  ( 12.50000000000000000, 0.000000000000000000, 0.000000000000000000 ) ) ;
#4304 = VERTEX_POINT ( 'NONE', #4393 ) ;
#4305 = VERTEX_POINT ( 'NONE', #175 ) ;
#4306 = CARTESIAN_POINT ( 'NONE',  ( -11.62499999999998934, 8.309539638847769097E-17, 1.357050807568875195 ) ) ;
#4307 = EDGE_CURVE ( 'NONE', #4596, #1736, #631, .T. ) ;
#4308 = CARTESIAN_POINT ( 'NONE',  ( -11.50698189760320211, 0.9742012188451836252, -1.140584054421489135 ) ) ;
#4309 = CARTESIAN_POINT ( 'NONE',  ( -14.85416666666665364, 0.7500000000000008882, 1.299038105676659116 ) ) ;
#4310 = CARTESIAN_POINT ( 'NONE',  ( 12.31250000000000355, -2.492861891654318526E-16, 1.357050807568868533 ) ) ;
#4311 = CARTESIAN_POINT ( 'NONE',  ( -15.74999999999998579, 1.175240473580833722, 0.000000000000000000 ) ) ;
#4312 = CARTESIAN_POINT ( 'NONE',  ( -16.12499999999998579, 8.309539638847769097E-17, 1.357050807568875195 ) ) ;
#4313 = ORIENTED_EDGE ( 'NONE', *, *, #1624, .F. ) ;
#4314 = CARTESIAN_POINT ( 'NONE',  ( 12.41666666666666963, 0.7500000000000002220, -1.299038105676658006 ) ) ;
#4315 = FACE_OUTER_BOUND ( 'NONE', #2157, .T. ) ;
#4316 = CARTESIAN_POINT ( 'NONE',  ( -11.10000000000000142, 1.836970198721030427E-16, -1.500000000000000666 ) ) ;
#4317 = CARTESIAN_POINT ( 'NONE',  ( -17.12444047358084021, 0.5932692422522057862, 1.026204305283445528 ) ) ;
#4318 = CARTESIAN_POINT ( 'NONE',  ( 17.10416666666667140, -0.7500000000000006661, 1.299038105676657562 ) ) ;
#4319 = CARTESIAN_POINT ( 'NONE',  ( -12.31249999999998934, -2.492861891654330359E-16, -1.357050807568875195 ) ) ;
#4320 = CARTESIAN_POINT ( 'NONE',  ( 16.33333333333333570, -0.7499999999999996669, -1.299038105676658228 ) ) ;
#4321 = CARTESIAN_POINT ( 'NONE',  ( 12.66666666666666963, 0.5876202367904140855, -1.017788105676651345 ) ) ;
#4322 = CARTESIAN_POINT ( 'NONE',  ( 13.64017526346131248, 0.3577515492884650317, 1.404147634239741427 ) ) ;
#4323 =( BOUNDED_CURVE ( )  B_SPLINE_CURVE ( 2, ( #502, #4239, #3496, #3087, #2570, #4732, #1015 ),
 .UNSPECIFIED., .F., .F. ) 
 B_SPLINE_CURVE_WITH_KNOTS ( ( 3, 2, 2, 3 ),
 ( 0.6590909090909090606, 0.6666666666666666297, 0.6818181818181817677, 0.6904188514542513033 ),
 .UNSPECIFIED. ) 
 CURVE ( )  GEOMETRIC_REPRESENTATION_ITEM ( )  RATIONAL_B_SPLINE_CURVE ( ( 0.9330127018922194093, 0.9330127018922194093, 1.000000000000000000, 0.8660254037844387076, 1.000000000000000000, 0.9239500980493940974, 0.9342387669930962701 ) ) 
 REPRESENTATION_ITEM ( '' )  );
#4324 = DIRECTION ( 'NONE',  ( 1.000000000000000000, 0.000000000000000000, 0.000000000000000000 ) ) ;
#4325 = DIRECTION ( 'NONE',  ( -1.000000000000000000, 0.000000000000000000, 0.000000000000000000 ) ) ;
#4326 = CARTESIAN_POINT ( 'NONE',  ( 15.87500000000000000, 1.060575238724906915E-16, -1.732050807568877193 ) ) ;
#4327 = CYLINDRICAL_SURFACE ( 'NONE', #4765, 1.500000000000000222 ) ;
#4328 = CARTESIAN_POINT ( 'NONE',  ( 17.12499999999999645, -1.070288237343578697, 1.050943903833108983 ) ) ;
#4329 = AXIS2_PLACEMENT_3D ( 'NONE', #5071, #3011, #618 ) ;
#4330 = ORIENTED_EDGE ( 'NONE', *, *, #434, .T. ) ;
#4331 = ORIENTED_EDGE ( 'NONE', *, *, #331, .T. ) ;
#4332 = CARTESIAN_POINT ( 'NONE',  ( -16.47916666666665719, -1.175240473580833722, 0.6785254037844379305 ) ) ;
#4333 = CARTESIAN_POINT ( 'NONE',  ( 14.83333333333333570, -0.7499999999999996669, -1.299038105676658228 ) ) ;
#4334 = DIRECTION ( 'NONE',  ( 0.000000000000000000, 0.000000000000000000, -1.000000000000000000 ) ) ;
#4335 = CARTESIAN_POINT ( 'NONE',  ( 17.37500000000000355, -2.492861891654318526E-16, 1.357050807568868533 ) ) ;
#4336 = CARTESIAN_POINT ( 'NONE',  ( -11.12500000000000178, -3.181725716174723456E-16, -1.732050807568878747 ) ) ;
#4337 = CARTESIAN_POINT ( 'NONE',  ( -17.04166666666665719, -1.175240473580833722, 0.6785254037844379305 ) ) ;
#4338 = CARTESIAN_POINT ( 'NONE',  ( -14.87499999999998934, -2.492861891654330359E-16, -1.357050807568875195 ) ) ;
#4339 = CARTESIAN_POINT ( 'NONE',  ( 13.83333333333333393, -0.7499999999999996669, -1.299038105676658228 ) ) ;
#4340 = CARTESIAN_POINT ( 'NONE',  ( 16.70833333333333570, 1.175240473580827949, -0.6785254037844341557 ) ) ;
#4341 = CYLINDRICAL_SURFACE ( 'NONE', #35, 1.500000000000000222 ) ;
#4342 = CARTESIAN_POINT ( 'NONE',  ( -17.40623843382451952, 0.1121898642812097224, 1.457038433824487722 ) ) ;
#4343 = CARTESIAN_POINT ( 'NONE',  ( 16.52083333333333570, 0.7499999999999988898, 1.299038105676658672 ) ) ;
#4344 = CARTESIAN_POINT ( 'NONE',  ( -12.60416666666665542, 0.5876202367904169721, 1.017788105676656452 ) ) ;
#4345 = EDGE_CURVE ( 'NONE', #165, #2608, #4108, .T. ) ;
#4346 = FACE_OUTER_BOUND ( 'NONE', #4500, .T. ) ;
#4347 = CARTESIAN_POINT ( 'NONE',  ( -15.91666666666666963, 0.7500000000000008882, 1.299038105676659116 ) ) ;
#4348 = CARTESIAN_POINT ( 'NONE',  ( 16.06250000000000000, 2.265986553086566003E-15, 1.499999999999999778 ) ) ;
#4349 = CARTESIAN_POINT ( 'NONE',  ( 15.02083333333333570, 0.7499999999999988898, 1.299038105676658672 ) ) ;
#4350 = CARTESIAN_POINT ( 'NONE',  ( 12.41110547264750608, -0.8717308501298497436, 2.249999999999999556 ) ) ;
#4351 = CARTESIAN_POINT ( 'NONE',  ( 17.29166666666666785, -1.499999999999999778, -0.8660254037844391517 ) ) ;
#4352 =( BOUNDED_CURVE ( )  B_SPLINE_CURVE ( 2, ( #5362, #1307, #499, #4526, #93, #379, #4916, #1195, #1637 ),
 .UNSPECIFIED., .F., .F. ) 
 B_SPLINE_CURVE_WITH_KNOTS ( ( 3, 2, 2, 2, 3 ),
 ( 0.2500000000000000000, 0.2564102564102563875, 0.2692307692307692180, 0.2820512820512820484, 0.2884615384615384914 ),
 .UNSPECIFIED. ) 
 CURVE ( )  GEOMETRIC_REPRESENTATION_ITEM ( )  RATIONAL_B_SPLINE_CURVE ( ( 0.9330127018922194093, 0.9330127018922195203, 1.000000000000000000, 0.8660254037844387076, 1.000000000000000000, 0.8660254037844387076, 1.000000000000000000, 0.9330127018922190762, 0.9330127018922194093 ) ) 
 REPRESENTATION_ITEM ( '' )  );
#4353 = PRODUCT ( '98952A407_Aluminum Male-Female Threaded Hex Standoff', '98952A407_Aluminum Male-Female Threaded Hex Standoff', '', ( #3670 ) ) ;
#4354 = CARTESIAN_POINT ( 'NONE',  ( 14.37500000000000000, -5.723068602026326086E-15, -1.499999999999999778 ) ) ;
#4355 = CARTESIAN_POINT ( 'NONE',  ( 16.68750000000000000, -1.500000000000000000, -1.836970198721029934E-16 ) ) ;
#4356 = ORIENTED_EDGE ( 'NONE', *, *, #5253, .F. ) ;
#4357 = VERTEX_POINT ( 'NONE', #1060 ) ;
#4358 = CARTESIAN_POINT ( 'NONE',  ( -11.49999999999998934, -1.175240473580833722, 1.439254484199187407E-16 ) ) ;
#4359 = DIRECTION ( 'NONE',  ( 0.000000000000000000, 0.000000000000000000, 1.000000000000000000 ) ) ;
#4360 = LINE ( 'NONE', #247, #1605 ) ;
#4361 = CARTESIAN_POINT ( 'NONE',  ( 15.91666666666666963, -0.5876202367904145296, 1.017788105676650900 ) ) ;
#4362 = CARTESIAN_POINT ( 'NONE',  ( 13.44063819699336726, -0.4305001023295190743, 1.177145349904522798 ) ) ;
#4363 = CARTESIAN_POINT ( 'NONE',  ( -13.58333333333332149, -0.5876202367904166390, 1.017788105676656674 ) ) ;
#4364 = CARTESIAN_POINT ( 'NONE',  ( -14.99999999999998934, -1.175240473580833722, 1.439254484199187407E-16 ) ) ;
#4365 = CARTESIAN_POINT ( 'NONE',  ( 12.87500000000000000, 1.060575238724906915E-16, -1.732050807568877193 ) ) ;
#4366 = DIRECTION ( 'NONE',  ( 0.000000000000000000, -1.669238443041288415E-16, 1.000000000000000000 ) ) ;
#4367 = DIRECTION ( 'NONE',  ( -1.000000000000000000, -0.000000000000000000, -0.000000000000000000 ) ) ;
#4368 = CARTESIAN_POINT ( 'NONE',  ( -17.41023474567834484, 0.2230399096069454745, 1.448212873342624940 ) ) ;
#4369 = CARTESIAN_POINT ( 'NONE',  ( 16.02083333333333570, 0.7499999999999988898, 1.299038105676658672 ) ) ;
#4370 = CARTESIAN_POINT ( 'NONE',  ( -16.79166666666667140, -1.500000000000000888, 0.8660254037844398178 ) ) ;
#4371 = CARTESIAN_POINT ( 'NONE',  ( 16.16666666666666785, -0.7500000000000006661, 1.299038105676657562 ) ) ;
#4372 = VECTOR ( 'NONE', #2301, 1000.000000000000000 ) ;
#4373 = AXIS2_PLACEMENT_3D ( 'NONE', #1073, #187, #3954 ) ;
#4374 = ADVANCED_FACE ( 'NONE', ( #2673 ), #3134, .F. ) ;
#4375 = PLANE ( 'NONE',  #2043 ) ;
#4376 = DIRECTION ( 'NONE',  ( -0.000000000000000000, 0.8660254037844385966, 0.5000000000000001110 ) ) ;
#4377 = CARTESIAN_POINT ( 'NONE',  ( -12.08333333333333570, 0.7499999999999995559, -1.299038105676659560 ) ) ;
#4378 = CARTESIAN_POINT ( 'NONE',  ( -14.87499943351206966, -1.019678460495414788E-05, 1.499999999965343056 ) ) ;
#4379 = CARTESIAN_POINT ( 'NONE',  ( 17.04166666666666785, 1.499999999999999778, 0.8660254037844394848 ) ) ;
#4380 = CARTESIAN_POINT ( 'NONE',  ( -17.17524475883896073, 1.217149130020495740, -0.2826735733348985091 ) ) ;
#4381 = LINE ( 'NONE', #3095, #3600 ) ;
#4382 = EDGE_CURVE ( 'NONE', #3746, #5309, #1913, .T. ) ;
#4383 = VERTEX_POINT ( 'NONE', #2699 ) ;
#4384 = CARTESIAN_POINT ( 'NONE',  ( -16.02083333333332149, -0.5876202367904166390, 1.017788105676656674 ) ) ;
#4385 = CARTESIAN_POINT ( 'NONE',  ( -14.47916666666665364, 1.500000000000000888, -0.8660254037844402619 ) ) ;
#4386 = CARTESIAN_POINT ( 'NONE',  ( -11.72916666666665719, 1.175240473580833056, -0.6785254037844382635 ) ) ;
#4387 = CARTESIAN_POINT ( 'NONE',  ( 12.52083333333333570, -0.5876202367904137525, -1.017788105676651345 ) ) ;
#4388 = CARTESIAN_POINT ( 'NONE',  ( 13.60545967692303293, -1.335197336524656109, 0.4725355919845189434 ) ) ;
#4389 = CARTESIAN_POINT ( 'NONE',  ( -14.66666666666665364, 0.5876202367904169721, 1.017788105676656452 ) ) ;
#4390 = CARTESIAN_POINT ( 'NONE',  ( -12.45833333333332149, -1.175240473580834166, -0.6785254037844372643 ) ) ;
#4391 = CARTESIAN_POINT ( 'NONE',  ( 12.25000000000000178, -1.500000000000000000, -1.836970198721029934E-16 ) ) ;
#4392 = CARTESIAN_POINT ( 'NONE',  ( -17.33786161522984415, -1.335174682243712718, 0.4218466158765507013 ) ) ;
#4393 = CARTESIAN_POINT ( 'NONE',  ( -17.12519676005894098, -1.147966556034699295E-05, -1.499999999921087790 ) ) ;
#4394 = CARTESIAN_POINT ( 'NONE',  ( -17.12444047358084021, 0.7230224318793787575, 0.9394940780201516128 ) ) ;
#4395 = CARTESIAN_POINT ( 'NONE',  ( 14.72916666666666785, -1.499999999999999778, -0.8660254037844391517 ) ) ;
#4396 = CARTESIAN_POINT ( 'NONE',  ( -16.70833333333333570, -1.500000000000001998, -0.8660254037844388186 ) ) ;
#4397 = CARTESIAN_POINT ( 'NONE',  ( 15.37500000000000178, -2.492861891654318526E-16, 1.357050807568868533 ) ) ;
#4398 = CARTESIAN_POINT ( 'NONE',  ( 13.47558019510840666, -0.4636402131237933877, -1.191866145883757167 ) ) ;
#4399 = CARTESIAN_POINT ( 'NONE',  ( 12.49999999999999822, 0.000000000000000000, -2.250000000000000000 ) ) ;
#4400 = EDGE_CURVE ( 'NONE', #5037, #2140, #400, .T. ) ;
#4401 = CARTESIAN_POINT ( 'NONE',  ( -14.60267009863383159, 0.4019382245910462781, -1.499991665403637819 ) ) ;
#4402 = FACE_OUTER_BOUND ( 'NONE', #5291, .T. ) ;
#4403 = CARTESIAN_POINT ( 'NONE',  ( 14.54166666666666785, 1.499999999999999778, 0.8660254037844394848 ) ) ;
#4404 = CARTESIAN_POINT ( 'NONE',  ( -17.93749999999998934, 1.500000000000001332, 0.000000000000000000 ) ) ;
#4405 = DIRECTION ( 'NONE',  ( 0.000000000000000000, 0.7603789771590762081, 0.6494796464051180163 ) ) ;
#4406 = ADVANCED_FACE ( 'NONE', ( #5226 ), #4341, .T. ) ;
#4407 = ORIENTED_EDGE ( 'NONE', *, *, #4785, .F. ) ;
#4408 = CARTESIAN_POINT ( 'NONE',  ( -13.56249999999998757, 8.309539638847769097E-17, 1.357050807568875195 ) ) ;
#4409 = CARTESIAN_POINT ( 'NONE',  ( -16.39732815443725755, 0.4019067798706378314, 1.500009820021430462 ) ) ;
#4410 = DIRECTION ( 'NONE',  ( 0.000000000000000000, 0.000000000000000000, 1.000000000000000000 ) ) ;
#4411 = CARTESIAN_POINT ( 'NONE',  ( 15.20833333333333570, 1.175240473580827727, -0.6785254037844341557 ) ) ;
#4412 = CARTESIAN_POINT ( 'NONE',  ( -13.72916666666665542, -1.500000000000000888, 0.8660254037844398178 ) ) ;
#4413 = CARTESIAN_POINT ( 'NONE',  ( -13.95833333333331971, -1.175240473580834166, -0.6785254037844371533 ) ) ;
#4414 = CARTESIAN_POINT ( 'NONE',  ( -12.58333333333332149, -0.5876202367904166390, 1.017788105676656674 ) ) ;
#4415 = CARTESIAN_POINT ( 'NONE',  ( 12.29166666666667318, -1.499999999999999778, -0.8660254037844391517 ) ) ;
#4416 = CARTESIAN_POINT ( 'NONE',  ( 16.75000000000000000, 1.175240473580827949, 0.000000000000000000 ) ) ;
#4417 = CARTESIAN_POINT ( 'NONE',  ( -17.11374784528186055, 0.7227425035087309269, 0.9397752286133255195 ) ) ;
#4418 = CARTESIAN_POINT ( 'NONE',  ( 16.06250000000000000, 8.309539638847728421E-17, -1.357050807568868533 ) ) ;
#4419 = AXIS2_PLACEMENT_3D ( 'NONE', #2598, #2655, #2681 ) ;
#4420 = CARTESIAN_POINT ( 'NONE',  ( -11.93749999999998757, -1.175240473580833722, 1.439254484199187407E-16 ) ) ;
#4421 = ORIENTED_EDGE ( 'NONE', *, *, #2783, .F. ) ;
#4422 = CARTESIAN_POINT ( 'NONE',  ( 15.25000000000000178, 1.175240473580827949, 0.000000000000000000 ) ) ;
#4423 = CARTESIAN_POINT ( 'NONE',  ( -16.08333333333333570, 0.7499999999999995559, -1.299038105676659560 ) ) ;
#4424 = CARTESIAN_POINT ( 'NONE',  ( 16.66666666666667140, -0.7500000000000006661, 1.299038105676657562 ) ) ;
#4425 = ORIENTED_EDGE ( 'NONE', *, *, #4345, .F. ) ;
#4426 = DIRECTION ( 'NONE',  ( 0.000000000000000000, -0.8660254037844385966, -0.5000000000000003331 ) ) ;
#4427 = CARTESIAN_POINT ( 'NONE',  ( 14.41666666666666785, 0.7500000000000002220, -1.299038105676658006 ) ) ;
#4428 = CARTESIAN_POINT ( 'NONE',  ( 12.49999999999999822, 0.000000000000000000, 0.000000000000000000 ) ) ;
#4429 = EDGE_LOOP ( 'NONE', ( #1947, #2803, #4250, #1322 ) ) ;
#4430 = CARTESIAN_POINT ( 'NONE',  ( -15.31249999999998757, -2.492861891654330359E-16, -1.357050807568875195 ) ) ;
#4431 = CARTESIAN_POINT ( 'NONE',  ( 17.34722195391815802, 1.135821046516920063, 0.5915060882492401140 ) ) ;
#4432 = DIRECTION ( 'NONE',  ( -1.000000000000000000, -0.000000000000000000, -0.000000000000000000 ) ) ;
#4433 = CARTESIAN_POINT ( 'NONE',  ( 13.04166666666666785, -1.175240473580827505, -0.6785254037844345998 ) ) ;
#4434 = EDGE_CURVE ( 'NONE', #862, #2535, #211, .T. ) ;
#4435 = CARTESIAN_POINT ( 'NONE',  ( -13.79166666666665542, 1.175240473580833500, -0.6785254037844382635 ) ) ;
#4436 = CARTESIAN_POINT ( 'NONE',  ( -11.33333333333331971, 0.5876202367904159729, -1.017788105676656896 ) ) ;
#4437 = CARTESIAN_POINT ( 'NONE',  ( 15.22916666666666785, 1.175240473580827505, 0.6785254037844348218 ) ) ;
#4438 = CARTESIAN_POINT ( 'NONE',  ( 15.79166666666666963, 1.175240473580827727, 0.6785254037844348218 ) ) ;
#4439 = CARTESIAN_POINT ( 'NONE',  ( -16.64583333333332149, 1.175240473580833722, 0.6785254037844374864 ) ) ;
#4440 = CARTESIAN_POINT ( 'NONE',  ( 15.85416666666666963, -0.5876202367904145296, 1.017788105676650900 ) ) ;
#4441 = CARTESIAN_POINT ( 'NONE',  ( -15.83333333333333393, -0.7500000000000003331, 1.299038105676659338 ) ) ;
#4442 = ORIENTED_EDGE ( 'NONE', *, *, #3526, .T. ) ;
#4443 = EDGE_CURVE ( 'NONE', #4740, #3453, #3731, .T. ) ;
#4444 = CARTESIAN_POINT ( 'NONE',  ( 16.29166666666666785, 1.175240473580827505, 0.6785254037844348218 ) ) ;
#4445 = CARTESIAN_POINT ( 'NONE',  ( -16.02083333333332149, -0.5876202367904166390, 1.017788105676656674 ) ) ;
#4446 = CARTESIAN_POINT ( 'NONE',  ( 16.75000000000000000, -1.500000000000000000, -1.836970198721029934E-16 ) ) ;
#4447 = EDGE_LOOP ( 'NONE', ( #5047, #2853, #940, #754 ) ) ;
#4448 = ORIENTED_EDGE ( 'NONE', *, *, #281, .T. ) ;
#4449 = CARTESIAN_POINT ( 'NONE',  ( -14.75000000000000355, -1.500000000000001332, 1.836970198721031413E-16 ) ) ;
#4450 = CARTESIAN_POINT ( 'NONE',  ( -17.14583333333332149, -1.500000000000001998, -0.8660254037844388186 ) ) ;
#4451 = CONICAL_SURFACE ( 'NONE', #2135, 2.250000000000000000, 1.047197551196600074 ) ;
#4452 =( GEOMETRIC_REPRESENTATION_CONTEXT ( 3 ) GLOBAL_UNCERTAINTY_ASSIGNED_CONTEXT ( ( #2918 ) ) GLOBAL_UNIT_ASSIGNED_CONTEXT ( ( #3999, #2003, #2025 ) ) REPRESENTATION_CONTEXT ( 'NONE', 'WORKASPACE' ) );
#4453 = CARTESIAN_POINT ( 'NONE',  ( -11.10000000000000142, 0.9398829575779118484, -1.100377697351961892 ) ) ;
#4454 =( BOUNDED_SURFACE ( )  B_SPLINE_SURFACE ( 1, 2, ( 
 ( #2366, #1128, #4006, #1957, #5271, #4849, #1544, #3201, #524, #1273, #4641, #864, #3773, #3432, #4668, #4993, #1778, #23, #463, #3370, #4607, #2126, #555, #5026, #1748, #2159, #1302, #3742, #3401, #951, #88, #2620, #3860, #3054, #1716, #4697, #2937, #1685, #892, #2966, #4576, #4169, #2561, #5058, #5089, #3342, #57, #4202, #495, #3801, #2217, #1334, #2995, #922, #2592, #2529, #4232, #4262, #2188, #151, #1811, #979, #3831, #2646, #118, #1367, #3026, #3465, #5119, #1396, #429, #2095, #4630, #3821, #2177, #4568, #2609, #4252, #882, #107, #3333, #5048, #1650, #2550, #856, #941, #4985, #13, #4191, #2928, #3302, #544, #486, #3733, #1356, #2582, #2896, #2150, #3420, #4222, #2520, #4161, #514, #452, #4136, #3016, #2116, #2206, #418, #1767, #3761, #4658, #3792, #4955, #1676, #5077, #4597, #5376, #48, #1237, #4541, #828, #2491, #2087, #913, #1265, #1707, #80, #2957, #1738, #3361, #3392, #5015, #1292, #1324, #2985, #3535, #622, #2636, #2313, #3071, #3905, #596, #969, #998, #2663, #1386, #4306, #2258, #1879, #4358, #4278, #570, #139, #245, #2285, #1798 ),
 ( #190, #2235, #3931, #4687, #2688, #3876, #1827, #1470, #2715, #3043, #166, #3481, #3122, #646, #5137, #5191, #3455, #1416, #4715, #1853, #3507, #3956, #5162, #1444, #3098, #4742, #5109, #1024, #1903, #4332, #3557, #5215, #1075, #219, #2741, #4768, #1050, #1493, #3149, #4793, #4384, #672, #3849, #1981, #2835, #3628, #2861, #3649, #1615, #1124, #317, #1200, #2786, #1540, #5341, #698, #3175, #4430, #1174, #3268, #3242, #2385, #2408, #719, #768, #4029, #290, #2433, #2362, #268, #1565, #4821, #2337, #1952, #1928, #4001, #2005, #1517, #4052, #5292, #3220, #338, #3607, #2764, #4870, #1146, #4896, #5316, #5267, #4480, #1588, #3981, #3582, #4075, #360, #2809, #1101, #742, #2028, #4408, #4845, #3672, #3197, #4456, #4921, #4506, #5240, #4560, #71, #3697, #5, #2510, #1668, #3354, #2574, #874, #4127, #2107, #99, #410, #3753, #5007, #1283, #4214, #4181, #2949, #1699, #2169, #1729, #5367, #4589, #506, #2481, #4154, #4532, #2542, #1641, #477, #2977, #3323, #3411, #5068, #2141, #4620, #2078, #3784, #2455, #3382, #4975, #1757, #3723, #821, #5038, #1257, #4100, #1347, #1314 ) ),
 .UNSPECIFIED., .F., .F., .T. ) 
 B_SPLINE_SURFACE_WITH_KNOTS ( ( 2, 2 ),
 ( 3, 2, 2, 2, 2, 2, 2, 2, 2, 2, 2, 2, 2, 2, 2, 2, 2, 2, 2, 2, 2, 2, 2, 2, 2, 2, 2, 2, 2, 2, 2, 2, 2, 2, 2, 2, 2, 2, 2, 2, 2, 2, 2, 2, 2, 2, 2, 2, 2, 2, 2, 2, 2, 2, 2, 2, 2, 2, 2, 2, 2, 2, 2, 2, 2, 2, 2, 2, 2, 2, 2, 2, 2, 2, 2, 2, 2, 2, 3 ),
 ( 0.000000000000000000, 1.000000000000000000 ),
 ( 0.000000000000000000, 0.01282051282051282007, 0.02564102564102564014, 0.03846153846153846367, 0.05128205128205128027, 0.06410256410256409687, 0.07692307692307692735, 0.08974358974358974395, 0.1025641025641025605, 0.1153846153846153910, 0.1282051282051281937, 0.1410256410256410242, 0.1538461538461538547, 0.1666666666666666574, 0.1794871794871794879, 0.1923076923076923184, 0.2051282051282051211, 0.2179487179487179516, 0.2307692307692307820, 0.2435897435897435848, 0.2564102564102563875, 0.2692307692307692180, 0.2820512820512820484, 0.2948717948717948789, 0.3076923076923077094, 0.3205128205128205399, 0.3333333333333333148, 0.3461538461538461453, 0.3589743589743589758, 0.3717948717948718063, 0.3846153846153846367, 0.3974358974358974117, 0.4102564102564102422, 0.4230769230769230727, 0.4358974358974359031, 0.4487179487179487336, 0.4615384615384615641, 0.4743589743589743390, 0.4871794871794871695, 0.5000000000000000000, 0.5128205128205127750, 0.5256410256410256610, 0.5384615384615384359, 0.5512820512820513219, 0.5641025641025640969, 0.5769230769230768718, 0.5897435897435897578, 0.6025641025641025328, 0.6153846153846154188, 0.6282051282051281937, 0.6410256410256410797, 0.6538461538461538547, 0.6666666666666666297, 0.6794871794871795156, 0.6923076923076922906, 0.7051282051282051766, 0.7179487179487179516, 0.7307692307692307265, 0.7435897435897436125, 0.7564102564102563875, 0.7692307692307692735, 0.7820512820512820484, 0.7948717948717948234, 0.8076923076923077094, 0.8205128205128204844, 0.8333333333333333703, 0.8461538461538461453, 0.8589743589743589203, 0.8717948717948718063, 0.8846153846153845812, 0.8974358974358974672, 0.9102564102564102422, 0.9230769230769231282, 0.9358974358974359031, 0.9487179487179486781, 0.9615384615384615641, 0.9743589743589743390, 0.9871794871794872250, 0.9894794629267660291 ),
 .UNSPECIFIED. ) 
 GEOMETRIC_REPRESENTATION_ITEM ( )  RATIONAL_B_SPLINE_SURFACE ( (
 ( 1.000000000000000000, 0.8660254037844387076, 1.000000000000000000, 0.8660254037844387076, 1.000000000000000000, 0.8660254037844387076, 1.000000000000000000, 0.8660254037844387076, 1.000000000000000000, 0.8660254037844387076, 1.000000000000000000, 0.8660254037844387076, 1.000000000000000000, 0.8660254037844387076, 1.000000000000000000, 0.8660254037844387076, 1.000000000000000000, 0.8660254037844387076, 1.000000000000000000, 0.8660254037844387076, 1.000000000000000000, 0.8660254037844387076, 1.000000000000000000, 0.8660254037844387076, 1.000000000000000000, 0.8660254037844387076, 1.000000000000000000, 0.8660254037844387076, 1.000000000000000000, 0.8660254037844387076, 1.000000000000000000, 0.8660254037844387076, 1.000000000000000000, 0.8660254037844387076, 1.000000000000000000, 0.8660254037844387076, 1.000000000000000000, 0.8660254037844387076, 1.000000000000000000, 0.8660254037844387076, 1.000000000000000000, 0.8660254037844387076, 1.000000000000000000, 0.8660254037844387076, 1.000000000000000000, 0.8660254037844387076, 1.000000000000000000, 0.8660254037844387076, 1.000000000000000000, 0.8660254037844387076, 1.000000000000000000, 0.8660254037844387076, 1.000000000000000000, 0.8660254037844387076, 1.000000000000000000, 0.8660254037844387076, 1.000000000000000000, 0.8660254037844387076, 1.000000000000000000, 0.8660254037844387076, 1.000000000000000000, 0.8660254037844387076, 1.000000000000000000, 0.8660254037844387076, 1.000000000000000000, 0.8660254037844387076, 1.000000000000000000, 0.8660254037844387076, 1.000000000000000000, 0.8660254037844387076, 1.000000000000000000, 0.8660254037844387076, 1.000000000000000000, 0.8660254037844387076, 1.000000000000000000, 0.8660254037844387076, 1.000000000000000000, 0.8660254037844387076, 1.000000000000000000, 0.8660254037844387076, 1.000000000000000000, 0.8660254037844387076, 1.000000000000000000, 0.8660254037844387076, 1.000000000000000000, 0.8660254037844387076, 1.000000000000000000, 0.8660254037844387076, 1.000000000000000000, 0.8660254037844387076, 1.000000000000000000, 0.8660254037844387076, 1.000000000000000000, 0.8660254037844387076, 1.000000000000000000, 0.8660254037844387076, 1.000000000000000000, 0.8660254037844387076, 1.000000000000000000, 0.8660254037844387076, 1.000000000000000000, 0.8660254037844387076, 1.000000000000000000, 0.8660254037844387076, 1.000000000000000000, 0.8660254037844387076, 1.000000000000000000, 0.8660254037844387076, 1.000000000000000000, 0.8660254037844387076, 1.000000000000000000, 0.8660254037844387076, 1.000000000000000000, 0.8660254037844387076, 1.000000000000000000, 0.8660254037844387076, 1.000000000000000000, 0.8660254037844387076, 1.000000000000000000, 0.8660254037844387076, 1.000000000000000000, 0.8660254037844387076, 1.000000000000000000, 0.8660254037844387076, 1.000000000000000000, 0.8660254037844387076, 1.000000000000000000, 0.8660254037844387076, 1.000000000000000000, 0.8660254037844387076, 1.000000000000000000, 0.8660254037844387076, 1.000000000000000000, 0.8660254037844387076, 1.000000000000000000, 0.8660254037844387076, 1.000000000000000000, 0.8660254037844387076, 1.000000000000000000, 0.8660254037844387076, 1.000000000000000000, 0.8660254037844387076, 1.000000000000000000, 0.8660254037844387076, 1.000000000000000000, 0.8660254037844387076, 1.000000000000000000, 0.8660254037844387076, 1.000000000000000000, 0.8660254037844387076, 1.000000000000000000, 0.8660254037844387076, 1.000000000000000000, 0.8660254037844387076, 1.000000000000000000, 0.9759652108803135162, 0.9605540131629604073),
 ( 1.000000000000000000, 0.8660254037844387076, 1.000000000000000000, 0.8660254037844387076, 1.000000000000000000, 0.8660254037844387076, 1.000000000000000000, 0.8660254037844387076, 1.000000000000000000, 0.8660254037844387076, 1.000000000000000000, 0.8660254037844387076, 1.000000000000000000, 0.8660254037844387076, 1.000000000000000000, 0.8660254037844387076, 1.000000000000000000, 0.8660254037844387076, 1.000000000000000000, 0.8660254037844387076, 1.000000000000000000, 0.8660254037844387076, 1.000000000000000000, 0.8660254037844387076, 1.000000000000000000, 0.8660254037844387076, 1.000000000000000000, 0.8660254037844387076, 1.000000000000000000, 0.8660254037844387076, 1.000000000000000000, 0.8660254037844387076, 1.000000000000000000, 0.8660254037844387076, 1.000000000000000000, 0.8660254037844387076, 1.000000000000000000, 0.8660254037844387076, 1.000000000000000000, 0.8660254037844387076, 1.000000000000000000, 0.8660254037844387076, 1.000000000000000000, 0.8660254037844387076, 1.000000000000000000, 0.8660254037844387076, 1.000000000000000000, 0.8660254037844387076, 1.000000000000000000, 0.8660254037844387076, 1.000000000000000000, 0.8660254037844387076, 1.000000000000000000, 0.8660254037844387076, 1.000000000000000000, 0.8660254037844387076, 1.000000000000000000, 0.8660254037844387076, 1.000000000000000000, 0.8660254037844387076, 1.000000000000000000, 0.8660254037844387076, 1.000000000000000000, 0.8660254037844387076, 1.000000000000000000, 0.8660254037844387076, 1.000000000000000000, 0.8660254037844387076, 1.000000000000000000, 0.8660254037844387076, 1.000000000000000000, 0.8660254037844387076, 1.000000000000000000, 0.8660254037844387076, 1.000000000000000000, 0.8660254037844387076, 1.000000000000000000, 0.8660254037844387076, 1.000000000000000000, 0.8660254037844387076, 1.000000000000000000, 0.8660254037844387076, 1.000000000000000000, 0.8660254037844387076, 1.000000000000000000, 0.8660254037844387076, 1.000000000000000000, 0.8660254037844387076, 1.000000000000000000, 0.8660254037844387076, 1.000000000000000000, 0.8660254037844387076, 1.000000000000000000, 0.8660254037844387076, 1.000000000000000000, 0.8660254037844387076, 1.000000000000000000, 0.8660254037844387076, 1.000000000000000000, 0.8660254037844387076, 1.000000000000000000, 0.8660254037844387076, 1.000000000000000000, 0.8660254037844387076, 1.000000000000000000, 0.8660254037844387076, 1.000000000000000000, 0.8660254037844387076, 1.000000000000000000, 0.8660254037844387076, 1.000000000000000000, 0.8660254037844387076, 1.000000000000000000, 0.8660254037844387076, 1.000000000000000000, 0.8660254037844387076, 1.000000000000000000, 0.8660254037844387076, 1.000000000000000000, 0.8660254037844387076, 1.000000000000000000, 0.8660254037844387076, 1.000000000000000000, 0.8660254037844387076, 1.000000000000000000, 0.8660254037844387076, 1.000000000000000000, 0.8660254037844387076, 1.000000000000000000, 0.8660254037844387076, 1.000000000000000000, 0.8660254037844387076, 1.000000000000000000, 0.8660254037844387076, 1.000000000000000000, 0.8660254037844387076, 1.000000000000000000, 0.8660254037844387076, 1.000000000000000000, 0.8660254037844387076, 1.000000000000000000, 0.8660254037844387076, 1.000000000000000000, 0.8660254037844387076, 1.000000000000000000, 0.8660254037844387076, 1.000000000000000000, 0.8660254037844387076, 1.000000000000000000, 0.8660254037844387076, 1.000000000000000000, 0.8660254037844387076, 1.000000000000000000, 0.8660254037844387076, 1.000000000000000000, 0.9759652108803135162, 0.9605540131629604073) ) ) 
 REPRESENTATION_ITEM ( '' )  SURFACE ( )  );
#4455 = ORIENTED_EDGE ( 'NONE', *, *, #2009, .F. ) ;
#4456 = CARTESIAN_POINT ( 'NONE',  ( -13.39583333333332149, -1.175240473580834166, -0.6785254037844371533 ) ) ;
#4457 = CARTESIAN_POINT ( 'NONE',  ( 17.27492022646128333, 0.7895874463341645555, -1.098398842220338789 ) ) ;
#4458 = CARTESIAN_POINT ( 'NONE',  ( -17.12444047358084021, 0.8328287812014609770, 0.8292082922553253299 ) ) ;
#4459 = CARTESIAN_POINT ( 'NONE',  ( 14.12500000000000178, 8.309539638847728421E-17, -1.357050807568868533 ) ) ;
#4460 = CARTESIAN_POINT ( 'NONE',  ( -13.54166666666665364, -1.175240473580833722, 0.6785254037844379305 ) ) ;
#4461 = CARTESIAN_POINT ( 'NONE',  ( -12.04166666666665542, -1.175240473580833500, 0.6785254037844380415 ) ) ;
#4462 = CARTESIAN_POINT ( 'NONE',  ( 16.43750000000000000, -1.175240473580827949, -1.439254484199180504E-16 ) ) ;
#4463 = B_SPLINE_CURVE_WITH_KNOTS ( 'NONE', 3,
 ( #1461, #2278, #209, #1870, #3445, #5099 ),
 .UNSPECIFIED., .F., .F.,
 ( 4, 2, 4 ),
 ( 0.001314652396222795597, 0.001969405109320635471, 0.002624157822418475561 ),
 .UNSPECIFIED. ) ;
#4464 = ADVANCED_FACE ( 'NONE', ( #5164 ), #2315, .T. ) ;
#4465 = CARTESIAN_POINT ( 'NONE',  ( 14.50000000000000178, -1.175240473580827949, -1.439254484199180504E-16 ) ) ;
#4466 = CARTESIAN_POINT ( 'NONE',  ( -16.27083333333332149, 0.5876202367904159729, -1.017788105676656896 ) ) ;
#4467 = CARTESIAN_POINT ( 'NONE',  ( 16.72916666666667140, 1.175240473580827505, 0.6785254037844348218 ) ) ;
#4468 = CARTESIAN_POINT ( 'NONE',  ( -15.04166666666666963, 1.500000000000000888, -0.8660254037844402619 ) ) ;
#4469 = ORIENTED_EDGE ( 'NONE', *, *, #216, .F. ) ;
#4470 = EDGE_CURVE ( 'NONE', #164, #1023, #2831, .T. ) ;
#4471 = CARTESIAN_POINT ( 'NONE',  ( 17.08333333333333570, -0.5876202367904137525, -1.017788105676651345 ) ) ;
#4472 = CARTESIAN_POINT ( 'NONE',  ( -17.37499779978612935, -3.960386173497625702E-05, 1.499999999477179102 ) ) ;
#4473 = EDGE_LOOP ( 'NONE', ( #1721, #820, #2168 ) ) ;
#4474 = CARTESIAN_POINT ( 'NONE',  ( -11.87499997226789183, -5.158374394936414509E-07, 1.499999999999912514 ) ) ;
#4475 = DIRECTION ( 'NONE',  ( -0.7071067811865463515, 0.000000000000000000, 0.7071067811865487940 ) ) ;
#4476 = CARTESIAN_POINT ( 'NONE',  ( -17.06249999999998579, -3.181725716174723456E-16, -1.732050807568878747 ) ) ;
#4477 = CYLINDRICAL_SURFACE ( 'NONE', #1956, 1.500000000000000222 ) ;
#4478 = B_SPLINE_CURVE_WITH_KNOTS ( 'NONE', 3,
 ( #4308, #1076, #597, #2286 ),
 .UNSPECIFIED., .F., .F.,
 ( 4, 4 ),
 ( 0.000000000000000000, 1.000000000000000000 ),
 .UNSPECIFIED. ) ;
#4479 = ORIENTED_EDGE ( 'NONE', *, *, #2167, .F. ) ;
#4480 = CARTESIAN_POINT ( 'NONE',  ( -13.97916666666665542, -1.175240473580833722, 0.6785254037844379305 ) ) ;
#4481 = CARTESIAN_POINT ( 'NONE',  ( -11.33333333333333393, -0.7500000000000003331, 1.299038105676659338 ) ) ;
#4482 = CARTESIAN_POINT ( 'NONE',  ( 13.97916666666667140, 1.499999999999999778, 0.8660254037844394848 ) ) ;
#4483 = CARTESIAN_POINT ( 'NONE',  ( 16.85416666666667140, 0.7500000000000002220, -1.299038105676658006 ) ) ;
#4484 = CARTESIAN_POINT ( 'NONE',  ( 12.49999999999999822, -3.755786496842899057E-16, 2.250000000000000000 ) ) ;
#4485 = CARTESIAN_POINT ( 'NONE',  ( -13.29166666666665542, 1.175240473580833056, -0.6785254037844382635 ) ) ;
#4486 = CARTESIAN_POINT ( 'NONE',  ( 15.89583333333333570, -1.175240473580827949, 0.6785254037844338226 ) ) ;
#4487 = ORIENTED_EDGE ( 'NONE', *, *, #5002, .T. ) ;
#4488 = CARTESIAN_POINT ( 'NONE',  ( 14.75000000000000355, 1.175240473580827949, 0.000000000000000000 ) ) ;
#4489 = CARTESIAN_POINT ( 'NONE',  ( -16.97916666666665719, -1.175240473580833500, 0.6785254037844380415 ) ) ;
#4490 = CARTESIAN_POINT ( 'NONE',  ( 17.35416666666666785, -0.5876202367904145296, 1.017788105676650900 ) ) ;
#4491 = CARTESIAN_POINT ( 'NONE',  ( -16.04166666666667140, 1.500000000000000888, -0.8660254037844402619 ) ) ;
#4492 = CARTESIAN_POINT ( 'NONE',  ( -15.72916666666665542, -1.500000000000000888, 0.8660254037844398178 ) ) ;
#4493 = ORIENTED_EDGE ( 'NONE', *, *, #2566, .F. ) ;
#4494 = CONICAL_SURFACE ( 'NONE', #3049, 1.124999999999998446, 0.7853981633974457255 ) ;
#4495 = CARTESIAN_POINT ( 'NONE',  ( 15.66666666666666963, 0.5876202367904140855, -1.017788105676651345 ) ) ;
#4496 =( BOUNDED_CURVE ( )  B_SPLINE_CURVE ( 2, ( #2351, #1555, #4423, #2705, #1509, #3164, #4347, #2800, #612 ),
 .UNSPECIFIED., .F., .T. ) 
 B_SPLINE_CURVE_WITH_KNOTS ( ( 3, 2, 2, 2, 3 ),
 ( 0.2137871600433734198, 0.2202660349352282554, 0.2332228605196534632, 0.2461796861040786433, 0.2526580913265100703 ),
 .UNSPECIFIED. ) 
 CURVE ( )  GEOMETRIC_REPRESENTATION_ITEM ( )  RATIONAL_B_SPLINE_CURVE ( ( 0.9330127022330404474, 0.9330079237455524144, 1.000000000000000000, 0.8660254037844387076, 1.000000000000000000, 0.8660254037844387076, 1.000000000000000000, 0.9330127801643522956, 0.9330127018923108917 ) ) 
 REPRESENTATION_ITEM ( '' )  );
#4497 = CARTESIAN_POINT ( 'NONE',  ( -17.14583333333332149, 1.175240473580833944, 0.6785254037844374864 ) ) ;
#4498 = EDGE_CURVE ( 'NONE', #3192, #3480, #4717, .T. ) ;
#4499 = DIRECTION ( 'NONE',  ( 0.000000000000000000, 0.000000000000000000, 1.000000000000000000 ) ) ;
#4500 = EDGE_LOOP ( 'NONE', ( #3390, #3740, #4547, #4448, #3913, #5135, #697, #873, #1049, #5014, #5366, #3097, #2635, #3904, #3462, #4442, #5074, #3696, #5046, #2454 ) ) ;
#4501 = CARTESIAN_POINT ( 'NONE',  ( -11.77083333333332149, -0.7500000000000003331, 1.299038105676659338 ) ) ;
#4502 = CARTESIAN_POINT ( 'NONE',  ( 12.49999999999999822, 1.836970198721030181E-16, 1.500000000000000222 ) ) ;
#4503 = CARTESIAN_POINT ( 'NONE',  ( -16.22916666666665364, -1.500000000000000888, 0.8660254037844398178 ) ) ;
#4504 = ADVANCED_FACE ( 'NONE', ( #573 ), #2564, .T. ) ;
#4505 = VERTEX_POINT ( 'NONE', #1077 ) ;
#4506 = CARTESIAN_POINT ( 'NONE',  ( -13.31249999999998757, -2.492861891654330359E-16, -1.357050807568875195 ) ) ;
#4507 = CARTESIAN_POINT ( 'NONE',  ( -17.50000000000000000, 1.948557158514986565, 1.125000000000000222 ) ) ;
#4508 = CARTESIAN_POINT ( 'NONE',  ( 13.43750000000000178, 1.500000000000000000, 0.000000000000000000 ) ) ;
#4509 = CARTESIAN_POINT ( 'NONE',  ( -12.56249999999999112, 6.333141904780402276E-15, -1.500000000000001554 ) ) ;
#4510 = CYLINDRICAL_SURFACE ( 'NONE', #1921, 1.500000000000000222 ) ;
#4511 = CARTESIAN_POINT ( 'NONE',  ( -11.62524120630311586, -1.377048542635779009E-05, -1.499999999881638901 ) ) ;
#4512 = CARTESIAN_POINT ( 'NONE',  ( 16.89583333333333570, -1.175240473580827949, 0.6785254037844338226 ) ) ;
#4513 = EDGE_LOOP ( 'NONE', ( #4091, #4627, #3875, #1095, #4909, #2403 ) ) ;
#4514 = CARTESIAN_POINT ( 'NONE',  ( 14.95833333333333570, -1.175240473580828393, 0.6785254037844338226 ) ) ;
#4515 = CARTESIAN_POINT ( 'NONE',  ( -16.06249999999998579, 8.309539638847769097E-17, 1.357050807568875195 ) ) ;
#4516 = CARTESIAN_POINT ( 'NONE',  ( 16.22916666666666785, 1.175240473580827505, 0.6785254037844348218 ) ) ;
#4517 = CARTESIAN_POINT ( 'NONE',  ( -15.70833333333333570, -1.500000000000001998, -0.8660254037844388186 ) ) ;
#4518 = CARTESIAN_POINT ( 'NONE',  ( -12.35267140071631253, -0.4019147871064228106, 1.500005197041693883 ) ) ;
#4519 = CARTESIAN_POINT ( 'NONE',  ( -12.02083333333332149, 0.7499999999999995559, -1.299038105676659560 ) ) ;
#4520 = ORIENTED_EDGE ( 'NONE', *, *, #2202, .F. ) ;
#4521 =( BOUNDED_CURVE ( )  B_SPLINE_CURVE ( 2, ( #4090, #712, #4045, #3643, #5308, #2379, #1139, #1094, #4813 ),
 .UNSPECIFIED., .F., .F. ) 
 B_SPLINE_CURVE_WITH_KNOTS ( ( 3, 2, 2, 2, 3 ),
 ( 0.5681818181818182323, 0.5757575757575758013, 0.5909090909090909394, 0.6060606060606060774, 0.6136363636363636465 ),
 .UNSPECIFIED. ) 
 CURVE ( )  GEOMETRIC_REPRESENTATION_ITEM ( )  RATIONAL_B_SPLINE_CURVE ( ( 0.9330127018922194093, 0.9330127018922198534, 1.000000000000000000, 0.8660254037844387076, 1.000000000000000000, 0.8660254037844387076, 1.000000000000000000, 0.9330127018922194093, 0.9330127018922194093 ) ) 
 REPRESENTATION_ITEM ( '' )  );
#4522 = CARTESIAN_POINT ( 'NONE',  ( 14.33333333333333570, 0.5876202367904130863, 1.017788105676651789 ) ) ;
#4523 = CARTESIAN_POINT ( 'NONE',  ( -17.56249999999998579, 8.309539638847769097E-17, 1.357050807568875195 ) ) ;
#4524 = CARTESIAN_POINT ( 'NONE',  ( -13.83333333333333393, -0.7500000000000003331, 1.299038105676659338 ) ) ;
#4525 = ORIENTED_EDGE ( 'NONE', *, *, #1338, .T. ) ;
#4526 = CARTESIAN_POINT ( 'NONE',  ( -16.22916666666665719, -1.500000000000000888, 0.8660254037844398178 ) ) ;
#4527 = EDGE_CURVE ( 'NONE', #827, #2374, #2651, .T. ) ;
#4528 = CARTESIAN_POINT ( 'NONE',  ( 15.14583333333333570, -1.500000000000000222, 0.8660254037844381525 ) ) ;
#4529 = CARTESIAN_POINT ( 'NONE',  ( -15.02083333333332149, 0.7499999999999995559, -1.299038105676659560 ) ) ;
#4530 = COORDINATED_UNIVERSAL_TIME_OFFSET ( 6, 0, .BEHIND. ) ;
#4531 = ORIENTED_EDGE ( 'NONE', *, *, #4113, .T. ) ;
#4532 = CARTESIAN_POINT ( 'NONE',  ( -12.10416666666665542, 0.5876202367904169721, 1.017788105676656452 ) ) ;
#4533 = CARTESIAN_POINT ( 'NONE',  ( -11.29166666666666963, -1.500000000000000888, 0.8660254037844398178 ) ) ;
#4534 = CARTESIAN_POINT ( 'NONE',  ( 14.47916666666666785, 1.499999999999999778, 0.8660254037844394848 ) ) ;
#4535 = LINE ( 'NONE', #3726, #1787 ) ;
#4536 = CONICAL_SURFACE ( 'NONE', #5076, 2.250000000000000000, 1.047197551196600074 ) ;
#4537 = AXIS2_PLACEMENT_3D ( 'NONE', #4073, #4405, #5313 ) ;
#4538 = CARTESIAN_POINT ( 'NONE',  ( 13.69380755934742844, -1.098585019652633221, 1.037374517558032672 ) ) ;
#4539 = CARTESIAN_POINT ( 'NONE',  ( 14.89583333333333570, -1.175240473580827949, 0.6785254037844338226 ) ) ;
#4540 = VERTEX_POINT ( 'NONE', #222 ) ;
#4541 = CARTESIAN_POINT ( 'NONE',  ( -12.74999999999998757, 1.175240473580833722, 0.000000000000000000 ) ) ;
#4542 = CARTESIAN_POINT ( 'NONE',  ( 14.00000000000000178, -1.175240473580827949, -1.439254484199180504E-16 ) ) ;
#4543 = CARTESIAN_POINT ( 'NONE',  ( -15.97916666666665542, -1.175240473580833500, 0.6785254037844380415 ) ) ;
#4544 = CARTESIAN_POINT ( 'NONE',  ( 15.18750000000000178, 1.175240473580827949, 0.000000000000000000 ) ) ;
#4545 = CARTESIAN_POINT ( 'NONE',  ( -16.00000000000000000, 1.500000000000001332, 0.000000000000000000 ) ) ;
#4546 = CARTESIAN_POINT ( 'NONE',  ( -11.89583333333331971, 1.500000000000001554, 0.8660254037844392627 ) ) ;
#4547 = ORIENTED_EDGE ( 'NONE', *, *, #5086, .T. ) ;
#4548 = CARTESIAN_POINT ( 'NONE',  ( 14.87500000000000178, -2.492861891654318526E-16, 1.357050807568868533 ) ) ;
#4549 =( BOUNDED_CURVE ( )  B_SPLINE_CURVE ( 2, ( #191, #3932, #4333, #5163, #4743, #3957, #2689, #623, #1880 ),
 .UNSPECIFIED., .F., .F. ) 
 B_SPLINE_CURVE_WITH_KNOTS ( ( 3, 2, 2, 2, 3 ),
 ( 0.4772727272727272929, 0.4848484848484848619, 0.5000000000000000000, 0.5151515151515151381, 0.5227272727272727071 ),
 .UNSPECIFIED. ) 
 CURVE ( )  GEOMETRIC_REPRESENTATION_ITEM ( )  RATIONAL_B_SPLINE_CURVE ( ( 0.9330127018922194093, 0.9330127018922194093, 1.000000000000000000, 0.8660254037844387076, 1.000000000000000000, 0.8660254037844387076, 1.000000000000000000, 0.9330127018922194093, 0.9330127018922194093 ) ) 
 REPRESENTATION_ITEM ( '' )  );
#4550 = CARTESIAN_POINT ( 'NONE',  ( -17.39732807824252703, 0.4019054083654882703, 1.500010611860297605 ) ) ;
#4551 = CARTESIAN_POINT ( 'NONE',  ( 14.12500000000000178, -6.391244124090313355E-16, 1.499999999999999778 ) ) ;
#4552 = ORIENTED_EDGE ( 'NONE', *, *, #1969, .F. ) ;
#4553 = CYLINDRICAL_SURFACE ( 'NONE', #1918, 1.500000000000000666 ) ;
#4554 = CARTESIAN_POINT ( 'NONE',  ( -11.54166666666666785, 1.500000000000000888, -0.8660254037844402619 ) ) ;
#4555 = CARTESIAN_POINT ( 'NONE',  ( 15.54017090063074136, 0.4019237886466832665, 1.500000000000000222 ) ) ;
#4556 = CARTESIAN_POINT ( 'NONE',  ( 14.54166666666666785, -1.175240473580827505, -0.6785254037844345998 ) ) ;
#4557 = CARTESIAN_POINT ( 'NONE',  ( -16.27083333333332149, -0.7500000000000003331, 1.299038105676659338 ) ) ;
#4558 = COORDINATED_UNIVERSAL_TIME_OFFSET ( 6, 0, .BEHIND. ) ;
#4559 = VERTEX_POINT ( 'NONE', #2717 ) ;
#4560 = CARTESIAN_POINT ( 'NONE',  ( -13.22916666666665364, 1.175240473580833500, -0.6785254037844382635 ) ) ;
#4561 = CARTESIAN_POINT ( 'NONE',  ( 16.47916666666667140, -1.175240473580827727, -0.6785254037844345998 ) ) ;
#4562 = CARTESIAN_POINT ( 'NONE',  ( 14.31250000000000178, 1.060575238724906915E-16, -1.732050807568877193 ) ) ;
#4563 = CARTESIAN_POINT ( 'NONE',  ( 17.45833333333333925, 1.500000000000000222, -0.8660254037844384856 ) ) ;
#4564 = CARTESIAN_POINT ( 'NONE',  ( -12.49999999999998934, -1.175240473580833722, 1.439254484199187407E-16 ) ) ;
#4565 = CARTESIAN_POINT ( 'NONE',  ( -12.58482909936924976, -0.4019237886466817122, -1.500000000000003109 ) ) ;
#4566 = EDGE_CURVE ( 'NONE', #2498, #2876, #4360, .T. ) ;
#4567 = ORIENTED_EDGE ( 'NONE', *, *, #1597, .T. ) ;
#4568 = CARTESIAN_POINT ( 'NONE',  ( -14.62499999999998934, 8.309539638847769097E-17, 1.357050807568875195 ) ) ;
#4569 = CARTESIAN_POINT ( 'NONE',  ( 13.37754000000000154, -0.03582132963471190007, 1.174694429664876694 ) ) ;
#4570 = CARTESIAN_POINT ( 'NONE',  ( -12.02083333333332149, -0.5876202367904166390, 1.017788105676656674 ) ) ;
#4571 = CARTESIAN_POINT ( 'NONE',  ( 15.02083333333333570, -0.5876202367904137525, -1.017788105676651345 ) ) ;
#4572 = CARTESIAN_POINT ( 'NONE',  ( -13.41666666666666963, 0.7500000000000008882, 1.299038105676659116 ) ) ;
#4573 = DIRECTION ( 'NONE',  ( -1.000000000000000000, -0.000000000000000000, -0.000000000000000000 ) ) ;
#4574 = CARTESIAN_POINT ( 'NONE',  ( -12.89583333333332149, 1.500000000000001554, 0.8660254037844392627 ) ) ;
#4575 = EDGE_LOOP ( 'NONE', ( #1516, #767, #912, #3374 ) ) ;
#4576 = CARTESIAN_POINT ( 'NONE',  ( -16.08333333333332149, -0.5876202367904166390, 1.017788105676656674 ) ) ;
#4577 = CARTESIAN_POINT ( 'NONE',  ( 14.29166666666666785, 1.175240473580827505, 0.6785254037844348218 ) ) ;
#4578 = CARTESIAN_POINT ( 'NONE',  ( -13.10416666666665542, 0.5876202367904169721, 1.017788105676656452 ) ) ;
#4579 = CARTESIAN_POINT ( 'NONE',  ( 13.95833333333333393, 1.500000000000000000, -0.8660254037844384856 ) ) ;
#4580 = VECTOR ( 'NONE', #1487, 1000.000000000000000 ) ;
#4581 = ORIENTED_EDGE ( 'NONE', *, *, #434, .F. ) ;
#4582 = CARTESIAN_POINT ( 'NONE',  ( 17.24387023679042130, 4.555213993897097384E-14, -1.381129763209578698 ) ) ;
#4583 = CARTESIAN_POINT ( 'NONE',  ( -17.50000000000000000, 0.000000000000000000, -2.250000000000000000 ) ) ;
#4584 = CARTESIAN_POINT ( 'NONE',  ( 14.58333333333333570, -0.5876202367904137525, -1.017788105676651345 ) ) ;
#4585 = CONICAL_SURFACE ( 'NONE', #2001, 2.250000000000000000, 1.047197551196600074 ) ;
#4586 = CARTESIAN_POINT ( 'NONE',  ( -15.68749999999998934, -1.500000000000001332, 1.836970198721031413E-16 ) ) ;
#4587 = DATE_TIME_ROLE ( 'creation_date' ) ;
#4588 = ORIENTED_EDGE ( 'NONE', *, *, #4498, .F. ) ;
#4589 = CARTESIAN_POINT ( 'NONE',  ( -12.27083333333332149, 0.5876202367904159729, -1.017788105676656896 ) ) ;
#4590 = CARTESIAN_POINT ( 'NONE',  ( -12.22916666666665542, -1.500000000000000888, 0.8660254037844398178 ) ) ;
#4591 = FACE_OUTER_BOUND ( 'NONE', #976, .T. ) ;
#4592 = CARTESIAN_POINT ( 'NONE',  ( -11.10000000000000142, 1.836970198721030427E-16, -1.500000000000000666 ) ) ;
#4593 = CARTESIAN_POINT ( 'NONE',  ( 13.54268287705360407, 1.102739078915648818, -0.7826733925242410628 ) ) ;
#4594 = CARTESIAN_POINT ( 'NONE',  ( -17.50000000000000000, -1.948557158514986787, 1.124999999999999778 ) ) ;
#4595 = CARTESIAN_POINT ( 'NONE',  ( 14.47916666666666785, -1.175240473580827505, -0.6785254037844345998 ) ) ;
#4596 = VERTEX_POINT ( 'NONE', #1905 ) ;
#4597 = CARTESIAN_POINT ( 'NONE',  ( -12.91666666666665364, -0.5876202367904174162, -1.017788105676656230 ) ) ;
#4598 = EDGE_CURVE ( 'NONE', #164, #4895, #1881, .T. ) ;
#4599 = DIRECTION ( 'NONE',  ( 1.000000000000000000, 0.000000000000000000, -0.000000000000000000 ) ) ;
#4600 = CARTESIAN_POINT ( 'NONE',  ( -12.56249999999998757, 8.309539638847769097E-17, 1.357050807568875195 ) ) ;
#4601 = CARTESIAN_POINT ( 'NONE',  ( 14.68750000000000178, 1.175240473580827949, 0.000000000000000000 ) ) ;
#4602 = CARTESIAN_POINT ( 'NONE',  ( -12.50000000000000000, 1.500000000000001332, 0.000000000000000000 ) ) ;
#4603 = CARTESIAN_POINT ( 'NONE',  ( -15.50000000000000178, 1.500000000000001332, 0.000000000000000000 ) ) ;
#4604 = CARTESIAN_POINT ( 'NONE',  ( -14.06249999999998934, -3.181725716174723456E-16, -1.732050807568878747 ) ) ;
#4605 = ORIENTED_EDGE ( 'NONE', *, *, #1658, .F. ) ;
#4606 = CARTESIAN_POINT ( 'NONE',  ( 15.18750000000000178, 1.175240473580827949, 0.000000000000000000 ) ) ;
#4607 = CARTESIAN_POINT ( 'NONE',  ( -16.91666666666665719, -0.5876202367904174162, -1.017788105676656230 ) ) ;
#4608 = CARTESIAN_POINT ( 'NONE',  ( 14.25000000000000178, 1.175240473580827949, 0.000000000000000000 ) ) ;
#4609 = CARTESIAN_POINT ( 'NONE',  ( -14.72916666666665364, 1.175240473580833500, -0.6785254037844382635 ) ) ;
#4610 = CARTESIAN_POINT ( 'NONE',  ( -13.64732909934621574, -0.4019237882318226207, -1.500000000239521958 ) ) ;
#4611 = ADVANCED_FACE ( 'NONE', ( #3559 ), #2743, .F. ) ;
#4612 = ORIENTED_EDGE ( 'NONE', *, *, #606, .F. ) ;
#4613 = DIRECTION ( 'NONE',  ( -1.000000000000000000, -0.000000000000000000, -0.000000000000000000 ) ) ;
#4614 = CARTESIAN_POINT ( 'NONE',  ( -17.25000000000000000, -1.500000000000001332, 1.836970198721031413E-16 ) ) ;
#4615 = CARTESIAN_POINT ( 'NONE',  ( 12.62500000000000178, 8.309539638847728421E-17, -1.357050807568868533 ) ) ;
#4616 = CARTESIAN_POINT ( 'NONE',  ( -14.18749999999998757, -1.500000000000001332, 1.836970198721031413E-16 ) ) ;
#4617 = PERSON_AND_ORGANIZATION ( #3331, #4814 ) ;
#4618 = B_SPLINE_CURVE_WITH_KNOTS ( 'NONE', 3,
 ( #4223, #3017, #2237, #942 ),
 .UNSPECIFIED., .F., .F.,
 ( 4, 4 ),
 ( -0.0005690840006448124114, 2.881498829294514702E-05 ),
 .UNSPECIFIED. ) ;
#4619 = VERTEX_POINT ( 'NONE', #3584 ) ;
#4620 = CARTESIAN_POINT ( 'NONE',  ( -11.72916666666665719, 1.175240473580833500, -0.6785254037844382635 ) ) ;
#4621 = CARTESIAN_POINT ( 'NONE',  ( 16.14583333333333570, 1.175240473580827949, -0.6785254037844341557 ) ) ;
#4622 = CARTESIAN_POINT ( 'NONE',  ( -17.50000000000000000, 0.000000000000000000, 0.000000000000000000 ) ) ;
#4623 = CARTESIAN_POINT ( 'NONE',  ( 17.40236388584325056, 2.468095122956097501E-11, 1.222636114156757436 ) ) ;
#4624 = CARTESIAN_POINT ( 'NONE',  ( -17.15743857885215107, 0.1929558953977654756, 1.196574318340780874 ) ) ;
#4625 = AXIS2_PLACEMENT_3D ( 'NONE', #3000, #3776, #4941 ) ;
#4626 = CARTESIAN_POINT ( 'NONE',  ( 13.06250000000000355, 8.309539638847728421E-17, -1.357050807568868533 ) ) ;
#4627 = ORIENTED_EDGE ( 'NONE', *, *, #3188, .T. ) ;
#4628 = ORIENTED_EDGE ( 'NONE', *, *, #4566, .T. ) ;
#4629 = AXIS2_PLACEMENT_3D ( 'NONE', #1828, #4599, #1708 ) ;
#4630 = CARTESIAN_POINT ( 'NONE',  ( -14.74999999999998934, 1.175240473580833722, 0.000000000000000000 ) ) ;
#4631 = VECTOR ( 'NONE', #3815, 1000.000000000000000 ) ;
#4632 = CARTESIAN_POINT ( 'NONE',  ( 17.39295777680490573, -1.220673907871966835, 0.1928270457273283389 ) ) ;
#4633 = CARTESIAN_POINT ( 'NONE',  ( -14.02083333333332149, -0.5876202367904166390, 1.017788105676656674 ) ) ;
#4634 = CARTESIAN_POINT ( 'NONE',  ( 13.31250000000000178, -2.492861891654318526E-16, 1.357050807568868533 ) ) ;
#4635 = CARTESIAN_POINT ( 'NONE',  ( -13.79166666666666785, -1.500000000000000888, 0.8660254037844398178 ) ) ;
#4636 = CARTESIAN_POINT ( 'NONE',  ( -16.99999999999998579, -1.175240473580833722, 1.439254484199187407E-16 ) ) ;
#4637 = CARTESIAN_POINT ( 'NONE',  ( -12.31249999999998934, 1.060575238724907778E-16, 1.732050807568878747 ) ) ;
#4638 = ORIENTED_EDGE ( 'NONE', *, *, #3440, .T. ) ;
#4639 = EDGE_CURVE ( 'NONE', #777, #1346, #2572, .T. ) ;
#4640 = CARTESIAN_POINT ( 'NONE',  ( 13.60416666666666963, 0.5876202367904140855, -1.017788105676651345 ) ) ;
#4641 = CARTESIAN_POINT ( 'NONE',  ( -17.33333333333332149, 0.5876202367904159729, -1.017788105676656896 ) ) ;
#4642 = CARTESIAN_POINT ( 'NONE',  ( 13.50000000000000178, -1.175240473580827949, -1.439254484199180504E-16 ) ) ;
#4643 = CARTESIAN_POINT ( 'NONE',  ( -15.10416666666665542, 0.5876202367904169721, 1.017788105676656452 ) ) ;
#4644 = CARTESIAN_POINT ( 'NONE',  ( -17.37499779978612935, -3.960386173497625702E-05, 1.499999999477179102 ) ) ;
#4645 = ADVANCED_FACE ( 'NONE', ( #1931 ), #3177, .F. ) ;
#4646 = CARTESIAN_POINT ( 'NONE',  ( -14.79017090063072892, -0.4019237886466857090, 1.500000000000000444 ) ) ;
#4647 = CARTESIAN_POINT ( 'NONE',  ( -14.56249999999998934, 6.333141904780402276E-15, -1.500000000000001554 ) ) ;
#4648 = APPROVAL_DATE_TIME ( #4210, #4852 ) ;
#4649 = EDGE_LOOP ( 'NONE', ( #1587, #2265, #5383, #3618 ) ) ;
#4650 = CARTESIAN_POINT ( 'NONE',  ( 12.50000000000000000, -0.2198508582765013597, 2.249999999999999556 ) ) ;
#4651 = CARTESIAN_POINT ( 'NONE',  ( 16.81250000000000000, -2.492861891654318526E-16, 1.357050807568868311 ) ) ;
#4652 = LINE ( 'NONE', #1759, #4187 ) ;
#4653 = DIRECTION ( 'NONE',  ( -1.000000000000000000, 0.000000000000000000, 0.000000000000000000 ) ) ;
#4654 = CARTESIAN_POINT ( 'NONE',  ( 14.39583333333333215, 1.500000000000000000, -0.8660254037844384856 ) ) ;
#4655 = CARTESIAN_POINT ( 'NONE',  ( 14.10416666666666785, 0.5876202367904140855, -1.017788105676651345 ) ) ;
#4656 = ORIENTED_EDGE ( 'NONE', *, *, #3679, .F. ) ;
#4657 = VERTEX_POINT ( 'NONE', #4031 ) ;
#4658 = CARTESIAN_POINT ( 'NONE',  ( -13.12499999999998757, 8.309539638847769097E-17, 1.357050807568875195 ) ) ;
#4659 = CARTESIAN_POINT ( 'NONE',  ( 13.54166666666666963, -1.175240473580827727, -0.6785254037844345998 ) ) ;
#4660 = CARTESIAN_POINT ( 'NONE',  ( -13.14583333333332149, 1.175240473580833722, 0.6785254037844374864 ) ) ;
#4661 = CARTESIAN_POINT ( 'NONE',  ( 14.39583333333333570, -1.175240473580827949, 0.6785254037844338226 ) ) ;
#4662 = CARTESIAN_POINT ( 'NONE',  ( -12.70833333333333748, -1.500000000000001998, -0.8660254037844388186 ) ) ;
#4663 = CARTESIAN_POINT ( 'NONE',  ( -15.41666666666665542, -0.5876202367904174162, -1.017788105676656230 ) ) ;
#4664 = CARTESIAN_POINT ( 'NONE',  ( -14.70833333333332149, 1.175240473580833722, 0.6785254037844374864 ) ) ;
#4665 = ORIENTED_EDGE ( 'NONE', *, *, #5345, .F. ) ;
#4666 = CARTESIAN_POINT ( 'NONE',  ( 13.64583333333333570, 1.175240473580827949, -0.6785254037844341557 ) ) ;
#4667 = CARTESIAN_POINT ( 'NONE',  ( -11.10000000000000142, 0.000000000000000000, 0.000000000000000000 ) ) ;
#4668 = CARTESIAN_POINT ( 'NONE',  ( -17.16666666666665719, 0.5876202367904169721, 1.017788105676656452 ) ) ;
#4669 = CARTESIAN_POINT ( 'NONE',  ( 15.81250000000000178, 1.060575238724906915E-16, -1.732050807568877193 ) ) ;
#4670 = CARTESIAN_POINT ( 'NONE',  ( -13.56249999999998757, 8.309539638847769097E-17, 1.357050807568875195 ) ) ;
#4671 =( BOUNDED_SURFACE ( )  B_SPLINE_SURFACE ( 1, 2, ( 
 ( #2923, #4563, #850, #161, #3144, #4351, #4681, #3926, #5210, #642, #2230, #4379, #1822, #4762, #564, #4789, #3899, #668, #3871, #240, #2254, #1071, #212, #5104, #3476, #2306, #1019, #2736, #185, #2332, #1793, #964, #3952, #1898, #1045, #2710, #3974, #1873, #4736, #4326, #3450, #3529, #1380, #1848, #5131, #3553, #1463, #5185, #1409, #1489, #988, #3501, #5157, #4272, #4301, #591, #2631, #1438, #3092, #3117, #3038, #3067, #4709, #2658, #2683, #617, #2280, #3170, #262, #1097, #2760, #4403, #692, #2357, #1924, #3578, #4817, #5235, #1513, #227, #1033, #4800, #3079, #3515, #2696, #2292, #5171, #3589, #4339, #4775, #5198, #629, #1424, #1057, #2344, #3130, #276, #1525, #704, #4751, #2369, #605, #4723, #3938, #1887, #1477, #3542, #2671, #5247, #2722, #3987, #4365, #4009, #1082, #2771, #652, #2320, #297, #3963, #252, #1108, #1860, #4314, #1910, #1936, #4415, #4391, #3565, #5223, #1006, #3489, #1500, #1452 ),
 ( #5144, #2266, #3156, #3182, #2748, #3106, #679, #3914, #4828, #198, #748, #5349, #5298, #2392, #2414, #2012, #2868, #1621, #1571, #4512, #3274, #3613, #1547, #798, #2034, #3655, #1131, #367, #5373, #726, #4462, #3300, #2793, #3226, #1987, #3635, #4107, #344, #1206, #4853, #1153, #5323, #2817, #4486, #3703, #3680, #4876, #3251, #1235, #4056, #4902, #774, #2438, #1596, #2892, #1180, #4927, #4953, #2461, #4437, #4081, #1647, #2841, #392, #323, #2059, #4035, #4539, #826, #2489, #4134, #1960, #5274, #3204, #11, #449, #3359, #4595, #2114, #541, #5013, #1735, #2147, #1290, #3729, #3389, #4655, #77, #2604, #3846, #3040, #1705, #4683, #2926, #1674, #880, #2955, #3790, #2548, #4983, #2203, #5045, #938, #1321, #966, #1763, #5106, #4188, #2982, #2633, #484, #4626, #3452, #4159, #1263, #910, #4249, #1382, #1353, #2579, #134, #4219, #5073, #3329, #511, #2174, #3817, #104, #1795, #3416, #3759, #3013, #416 ) ),
 .UNSPECIFIED., .F., .F., .F. ) 
 B_SPLINE_SURFACE_WITH_KNOTS ( ( 2, 2 ),
 ( 3, 2, 2, 2, 2, 2, 2, 2, 2, 2, 2, 2, 2, 2, 2, 2, 2, 2, 2, 2, 2, 2, 2, 2, 2, 2, 2, 2, 2, 2, 2, 2, 2, 2, 2, 2, 2, 2, 2, 2, 2, 2, 2, 2, 2, 2, 2, 2, 2, 2, 2, 2, 2, 2, 2, 2, 2, 2, 2, 2, 2, 2, 2, 2, 2, 2, 3 ),
 ( 0.000000000000000000, 1.000000000000000000 ),
 ( 0.000000000000000000, 0.01515151515151515194, 0.03030303030303030387, 0.04545454545454545581, 0.06060606060606060774, 0.07575757575757575968, 0.09090909090909091161, 0.1060606060606060635, 0.1212121212121212155, 0.1363636363636363535, 0.1515151515151515194, 0.1666666666666666574, 0.1818181818181818232, 0.1969696969696969613, 0.2121212121212121271, 0.2272727272727272652, 0.2424242424242424310, 0.2575757575757575690, 0.2727272727272727071, 0.2878787878787879007, 0.3030303030303030387, 0.3181818181818181768, 0.3333333333333333148, 0.3484848484848485084, 0.3636363636363636465, 0.3787878787878787845, 0.3939393939393939226, 0.4090909090909091161, 0.4242424242424242542, 0.4393939393939393923, 0.4545454545454545303, 0.4696969696969697239, 0.4848484848484848619, 0.5000000000000000000, 0.5151515151515151381, 0.5303030303030302761, 0.5454545454545454142, 0.5606060606060605522, 0.5757575757575758013, 0.5909090909090909394, 0.6060606060606060774, 0.6212121212121212155, 0.6363636363636363535, 0.6515151515151514916, 0.6666666666666666297, 0.6818181818181817677, 0.6969696969696970168, 0.7121212121212121549, 0.7272727272727272929, 0.7424242424242424310, 0.7575757575757575690, 0.7727272727272727071, 0.7878787878787878451, 0.8030303030303029832, 0.8181818181818182323, 0.8333333333333333703, 0.8484848484848485084, 0.8636363636363636465, 0.8787878787878787845, 0.8939393939393939226, 0.9090909090909090606, 0.9242424242424241987, 0.9393939393939394478, 0.9545454545454545858, 0.9696969696969697239, 0.9848484848484848619, 1.000000000000000000 ),
 .UNSPECIFIED. ) 
 GEOMETRIC_REPRESENTATION_ITEM ( )  RATIONAL_B_SPLINE_SURFACE ( (
 ( 1.000000000000000000, 0.8660254037844387076, 1.000000000000000000, 0.8660254037844387076, 1.000000000000000000, 0.8660254037844387076, 1.000000000000000000, 0.8660254037844387076, 1.000000000000000000, 0.8660254037844387076, 1.000000000000000000, 0.8660254037844387076, 1.000000000000000000, 0.8660254037844387076, 1.000000000000000000, 0.8660254037844387076, 1.000000000000000000, 0.8660254037844387076, 1.000000000000000000, 0.8660254037844387076, 1.000000000000000000, 0.8660254037844387076, 1.000000000000000000, 0.8660254037844387076, 1.000000000000000000, 0.8660254037844387076, 1.000000000000000000, 0.8660254037844387076, 1.000000000000000000, 0.8660254037844387076, 1.000000000000000000, 0.8660254037844387076, 1.000000000000000000, 0.8660254037844387076, 1.000000000000000000, 0.8660254037844387076, 1.000000000000000000, 0.8660254037844387076, 1.000000000000000000, 0.8660254037844387076, 1.000000000000000000, 0.8660254037844387076, 1.000000000000000000, 0.8660254037844387076, 1.000000000000000000, 0.8660254037844387076, 1.000000000000000000, 0.8660254037844387076, 1.000000000000000000, 0.8660254037844387076, 1.000000000000000000, 0.8660254037844387076, 1.000000000000000000, 0.8660254037844387076, 1.000000000000000000, 0.8660254037844387076, 1.000000000000000000, 0.8660254037844387076, 1.000000000000000000, 0.8660254037844387076, 1.000000000000000000, 0.8660254037844387076, 1.000000000000000000, 0.8660254037844387076, 1.000000000000000000, 0.8660254037844387076, 1.000000000000000000, 0.8660254037844387076, 1.000000000000000000, 0.8660254037844387076, 1.000000000000000000, 0.8660254037844387076, 1.000000000000000000, 0.8660254037844387076, 1.000000000000000000, 0.8660254037844387076, 1.000000000000000000, 0.8660254037844387076, 1.000000000000000000, 0.8660254037844387076, 1.000000000000000000, 0.8660254037844387076, 1.000000000000000000, 0.8660254037844387076, 1.000000000000000000, 0.8660254037844387076, 1.000000000000000000, 0.8660254037844387076, 1.000000000000000000, 0.8660254037844387076, 1.000000000000000000, 0.8660254037844387076, 1.000000000000000000, 0.8660254037844387076, 1.000000000000000000, 0.8660254037844387076, 1.000000000000000000, 0.8660254037844387076, 1.000000000000000000, 0.8660254037844387076, 1.000000000000000000, 0.8660254037844387076, 1.000000000000000000, 0.8660254037844387076, 1.000000000000000000, 0.8660254037844387076, 1.000000000000000000, 0.8660254037844387076, 1.000000000000000000, 0.8660254037844387076, 1.000000000000000000, 0.8660254037844387076, 1.000000000000000000, 0.8660254037844387076, 1.000000000000000000, 0.8660254037844387076, 1.000000000000000000, 0.8660254037844387076, 1.000000000000000000, 0.8660254037844387076, 1.000000000000000000, 0.8660254037844387076, 1.000000000000000000, 0.8660254037844387076, 1.000000000000000000, 0.8660254037844387076, 1.000000000000000000, 0.8660254037844387076, 1.000000000000000000, 0.8660254037844387076, 1.000000000000000000, 0.8660254037844387076, 1.000000000000000000),
 ( 1.000000000000000000, 0.8660254037844387076, 1.000000000000000000, 0.8660254037844387076, 1.000000000000000000, 0.8660254037844387076, 1.000000000000000000, 0.8660254037844387076, 1.000000000000000000, 0.8660254037844387076, 1.000000000000000000, 0.8660254037844387076, 1.000000000000000000, 0.8660254037844387076, 1.000000000000000000, 0.8660254037844387076, 1.000000000000000000, 0.8660254037844387076, 1.000000000000000000, 0.8660254037844387076, 1.000000000000000000, 0.8660254037844387076, 1.000000000000000000, 0.8660254037844387076, 1.000000000000000000, 0.8660254037844387076, 1.000000000000000000, 0.8660254037844387076, 1.000000000000000000, 0.8660254037844387076, 1.000000000000000000, 0.8660254037844387076, 1.000000000000000000, 0.8660254037844387076, 1.000000000000000000, 0.8660254037844387076, 1.000000000000000000, 0.8660254037844387076, 1.000000000000000000, 0.8660254037844387076, 1.000000000000000000, 0.8660254037844387076, 1.000000000000000000, 0.8660254037844387076, 1.000000000000000000, 0.8660254037844387076, 1.000000000000000000, 0.8660254037844387076, 1.000000000000000000, 0.8660254037844387076, 1.000000000000000000, 0.8660254037844387076, 1.000000000000000000, 0.8660254037844387076, 1.000000000000000000, 0.8660254037844387076, 1.000000000000000000, 0.8660254037844387076, 1.000000000000000000, 0.8660254037844387076, 1.000000000000000000, 0.8660254037844387076, 1.000000000000000000, 0.8660254037844387076, 1.000000000000000000, 0.8660254037844387076, 1.000000000000000000, 0.8660254037844387076, 1.000000000000000000, 0.8660254037844387076, 1.000000000000000000, 0.8660254037844387076, 1.000000000000000000, 0.8660254037844387076, 1.000000000000000000, 0.8660254037844387076, 1.000000000000000000, 0.8660254037844387076, 1.000000000000000000, 0.8660254037844387076, 1.000000000000000000, 0.8660254037844387076, 1.000000000000000000, 0.8660254037844387076, 1.000000000000000000, 0.8660254037844387076, 1.000000000000000000, 0.8660254037844387076, 1.000000000000000000, 0.8660254037844387076, 1.000000000000000000, 0.8660254037844387076, 1.000000000000000000, 0.8660254037844387076, 1.000000000000000000, 0.8660254037844387076, 1.000000000000000000, 0.8660254037844387076, 1.000000000000000000, 0.8660254037844387076, 1.000000000000000000, 0.8660254037844387076, 1.000000000000000000, 0.8660254037844387076, 1.000000000000000000, 0.8660254037844387076, 1.000000000000000000, 0.8660254037844387076, 1.000000000000000000, 0.8660254037844387076, 1.000000000000000000, 0.8660254037844387076, 1.000000000000000000, 0.8660254037844387076, 1.000000000000000000, 0.8660254037844387076, 1.000000000000000000, 0.8660254037844387076, 1.000000000000000000, 0.8660254037844387076, 1.000000000000000000, 0.8660254037844387076, 1.000000000000000000, 0.8660254037844387076, 1.000000000000000000, 0.8660254037844387076, 1.000000000000000000, 0.8660254037844387076, 1.000000000000000000, 0.8660254037844387076, 1.000000000000000000, 0.8660254037844387076, 1.000000000000000000) ) ) 
 REPRESENTATION_ITEM ( '' )  SURFACE ( )  );
#4672 = CARTESIAN_POINT ( 'NONE',  ( 12.49999999999999822, 1.948557158514987231, -1.124999999999999112 ) ) ;
#4673 = CARTESIAN_POINT ( 'NONE',  ( -17.50000000000000000, 0.000000000000000000, 0.000000000000000000 ) ) ;
#4674 = ADVANCED_FACE ( 'NONE', ( #2766 ), #2458, .T. ) ;
#4675 = DIRECTION ( 'NONE',  ( 0.000000000000000000, 0.000000000000000000, 1.000000000000000000 ) ) ;
#4676 = CARTESIAN_POINT ( 'NONE',  ( 14.89583333333333925, 1.500000000000000000, -0.8660254037844384856 ) ) ;
#4677 = CIRCLE ( 'NONE', #2274, 1.500000000000000222 ) ;
#4678 = CARTESIAN_POINT ( 'NONE',  ( -17.50000000000000000, 0.000000000000000000, 0.000000000000000000 ) ) ;
#4679 = CARTESIAN_POINT ( 'NONE',  ( 16.89583333333333570, -1.175240473580828393, 0.6785254037844338226 ) ) ;
#4680 = CARTESIAN_POINT ( 'NONE',  ( 15.35267090063074313, -0.4019237886466838217, -1.499999999999999778 ) ) ;
#4681 = CARTESIAN_POINT ( 'NONE',  ( 17.25000000000000000, -1.500000000000000000, -1.836970198721029934E-16 ) ) ;
#4682 = DIRECTION ( 'NONE',  ( -1.000000000000000000, -0.000000000000000000, -0.000000000000000000 ) ) ;
#4683 = CARTESIAN_POINT ( 'NONE',  ( 13.85416666666666963, -0.5876202367904145296, 1.017788105676650900 ) ) ;
#4684 = ADVANCED_FACE ( 'NONE', ( #5294 ), #4103, .T. ) ;
#4685 = ORIENTED_EDGE ( 'NONE', *, *, #213, .T. ) ;
#4686 = ORIENTED_EDGE ( 'NONE', *, *, #2365, .F. ) ;
#4687 = CARTESIAN_POINT ( 'NONE',  ( -17.56249999999998579, 8.309539638847769097E-17, 1.357050807568875195 ) ) ;
#4688 = CARTESIAN_POINT ( 'NONE',  ( 13.39850339498436504, -0.3314656926261823067, 1.165679000704016310 ) ) ;
#4689 = CARTESIAN_POINT ( 'NONE',  ( -12.77083333333332149, 0.5876202367904159729, -1.017788105676656896 ) ) ;
#4690 = CARTESIAN_POINT ( 'NONE',  ( 17.20833333333333570, 1.175240473580827727, -0.6785254037844341557 ) ) ;
#4691 = CARTESIAN_POINT ( 'NONE',  ( -12.00000000000000178, 1.500000000000001332, 0.000000000000000000 ) ) ;
#4692 = CARTESIAN_POINT ( 'NONE',  ( -17.58333333333332149, -0.5876202367904166390, 1.017788105676656674 ) ) ;
#4693 = CARTESIAN_POINT ( 'NONE',  ( -14.62499999999998934, 8.309539638847769097E-17, 1.357050807568875195 ) ) ;
#4694 = VERTEX_POINT ( 'NONE', #1618 ) ;
#4695 = CARTESIAN_POINT ( 'NONE',  ( 14.47916666666666785, -1.175240473580827727, -0.6785254037844345998 ) ) ;
#4696 = FACE_OUTER_BOUND ( 'NONE', #2086, .T. ) ;
#4697 = CARTESIAN_POINT ( 'NONE',  ( -16.29166666666665364, 1.175240473580833500, -0.6785254037844382635 ) ) ;
#4698 = CARTESIAN_POINT ( 'NONE',  ( 15.89583333333333570, 1.500000000000000222, -0.8660254037844384856 ) ) ;
#4699 = CARTESIAN_POINT ( 'NONE',  ( -13.47916666666665542, -1.175240473580833722, 0.6785254037844379305 ) ) ;
#4700 = CARTESIAN_POINT ( 'NONE',  ( 12.49999999999999822, 0.000000000000000000, 0.000000000000000000 ) ) ;
#4701 = CARTESIAN_POINT ( 'NONE',  ( 12.49999999999999822, -1.948557158514986787, 1.124999999999999778 ) ) ;
#4702 = CARTESIAN_POINT ( 'NONE',  ( -17.50000000000000000, -1.948557158514986565, -1.125000000000000444 ) ) ;
#4703 = CARTESIAN_POINT ( 'NONE',  ( 15.81250000000000000, 2.033577675846917841E-16, -1.499999999999999778 ) ) ;
#4704 =( BOUNDED_CURVE ( )  B_SPLINE_CURVE ( 2, ( #4837, #2779, #4887, #1116, #4446, #2447, #4424, #2401, #1996 ),
 .UNSPECIFIED., .F., .F. ) 
 B_SPLINE_CURVE_WITH_KNOTS ( ( 3, 2, 2, 2, 3 ),
 ( 0.1136363636363636465, 0.1212121212121212155, 0.1363636363636363535, 0.1515151515151515194, 0.1590909090909090884 ),
 .UNSPECIFIED. ) 
 CURVE ( )  GEOMETRIC_REPRESENTATION_ITEM ( )  RATIONAL_B_SPLINE_CURVE ( ( 0.9330127018922194093, 0.9330127018922194093, 1.000000000000000000, 0.8660254037844387076, 1.000000000000000000, 0.8660254037844387076, 1.000000000000000000, 0.9330127018922194093, 0.9330127018922194093 ) ) 
 REPRESENTATION_ITEM ( '' )  );
#4705 = EDGE_CURVE ( 'NONE', #105, #165, #635, .T. ) ;
#4706 = CARTESIAN_POINT ( 'NONE',  ( -17.44978582750054130, 1.208995619144335176, 0.8878792655321813276 ) ) ;
#4707 = DIRECTION ( 'NONE',  ( 0.000000000000000000, 0.000000000000000000, 1.000000000000000000 ) ) ;
#4708 = LINE ( 'NONE', #1821, #2559 ) ;
#4709 = CARTESIAN_POINT ( 'NONE',  ( 14.91666666666666785, 0.7500000000000002220, -1.299038105676658006 ) ) ;
#4710 = CARTESIAN_POINT ( 'NONE',  ( 14.62500000000000000, -6.391244124090313355E-16, 1.499999999999999778 ) ) ;
#4711 = CARTESIAN_POINT ( 'NONE',  ( -15.87500004985462354, 9.393833083394268217E-07, 1.499999999999706679 ) ) ;
#4712 = AXIS2_PLACEMENT_3D ( 'NONE', #5118, #1395, #1665 ) ;
#4713 = ORIENTED_EDGE ( 'NONE', *, *, #4382, .F. ) ;
#4714 = ORIENTED_EDGE ( 'NONE', *, *, #1227, .T. ) ;
#4715 = CARTESIAN_POINT ( 'NONE',  ( -16.93749999999998579, -1.175240473580833722, 1.439254484199187407E-16 ) ) ;
#4716 = CARTESIAN_POINT ( 'NONE',  ( -16.37499796396162921, -3.664869896212775855E-05, 1.499999999552291685 ) ) ;
#4717 = LINE ( 'NONE', #3958, #4973 ) ;
#4718 = CARTESIAN_POINT ( 'NONE',  ( 16.87500000000000000, -2.492861891654318526E-16, 1.357050807568868533 ) ) ;
#4719 = CARTESIAN_POINT ( 'NONE',  ( -13.56249999999998934, 6.333141904780402276E-15, -1.500000000000001554 ) ) ;
#4720 = CARTESIAN_POINT ( 'NONE',  ( -17.08333333333332149, -0.5876202367904166390, 1.017788105676656674 ) ) ;
#4721 = CARTESIAN_POINT ( 'NONE',  ( -13.95833333333332149, -1.175240473580834166, -0.6785254037844372643 ) ) ;
#4722 = ORIENTED_EDGE ( 'NONE', *, *, #21, .T. ) ;
#4723 = CARTESIAN_POINT ( 'NONE',  ( 13.25000000000000178, -1.500000000000000000, -1.836970198721029934E-16 ) ) ;
#4724 = VECTOR ( 'NONE', #4573, 1000.000000000000000 ) ;
#4725 = CARTESIAN_POINT ( 'NONE',  ( 14.14583333333333570, 1.175240473580827949, -0.6785254037844341557 ) ) ;
#4726 = DIRECTION ( 'NONE',  ( 0.000000000000000000, 0.000000000000000000, -1.000000000000000000 ) ) ;
#4727 = CARTESIAN_POINT ( 'NONE',  ( -13.20833333333333570, -1.500000000000002220, -0.8660254037844388186 ) ) ;
#4728 = CARTESIAN_POINT ( 'NONE',  ( 17.47916666666666785, 1.499999999999999778, 0.8660254037844394848 ) ) ;
#4729 = CARTESIAN_POINT ( 'NONE',  ( -12.56249999999998757, 8.309539638847769097E-17, 1.357050807568875195 ) ) ;
#4730 = VECTOR ( 'NONE', #194, 1000.000000000000000 ) ;
#4731 = DIRECTION ( 'NONE',  ( -1.000000000000000000, -0.000000000000000000, -0.000000000000000000 ) ) ;
#4732 = CARTESIAN_POINT ( 'NONE',  ( 13.72783095036428591, -1.500000000000000222, 0.4607750438949349547 ) ) ;
#4733 = CARTESIAN_POINT ( 'NONE',  ( 16.14583333333333570, -1.500000000000000222, 0.8660254037844381525 ) ) ;
#4734 = CARTESIAN_POINT ( 'NONE',  ( -16.49999999999998579, -1.175240473580833722, 1.439254484199187407E-16 ) ) ;
#4735 = CARTESIAN_POINT ( 'NONE',  ( 15.06250000000000355, -6.391244124090313355E-16, 1.500000000000000000 ) ) ;
#4736 = CARTESIAN_POINT ( 'NONE',  ( 15.91666666666666963, 0.7500000000000002220, -1.299038105676658006 ) ) ;
#4737 =( BOUNDED_CURVE ( )  B_SPLINE_CURVE ( 2, ( #876, #1379, #5103, #3037, #101, #479, #3384, #3066, #4300 ),
 .UNSPECIFIED., .F., .F. ) 
 B_SPLINE_CURVE_WITH_KNOTS ( ( 3, 2, 2, 2, 3 ),
 ( 0.5681818181818182323, 0.5757575757575758013, 0.5909090909090909394, 0.6060606060606060774, 0.6136363636363636465 ),
 .UNSPECIFIED. ) 
 CURVE ( )  GEOMETRIC_REPRESENTATION_ITEM ( )  RATIONAL_B_SPLINE_CURVE ( ( 0.9330127018922194093, 0.9330127018922198534, 1.000000000000000000, 0.8660254037844387076, 1.000000000000000000, 0.8660254037844387076, 1.000000000000000000, 0.9330127018922194093, 0.9330127018922194093 ) ) 
 REPRESENTATION_ITEM ( '' )  );
#4738 = CARTESIAN_POINT ( 'NONE',  ( -15.14733171404563805, -0.4019708528214804288, -1.499972827486013793 ) ) ;
#4739 = CARTESIAN_POINT ( 'NONE',  ( -12.87499649327407880, -6.312113439951447453E-05, 1.499999998671908807 ) ) ;
#4740 = VERTEX_POINT ( 'NONE', #4458 ) ;
#4741 = ORIENTED_EDGE ( 'NONE', *, *, #1404, .T. ) ;
#4742 = CARTESIAN_POINT ( 'NONE',  ( -16.64583333333332149, 1.175240473580833944, 0.6785254037844374864 ) ) ;
#4743 = CARTESIAN_POINT ( 'NONE',  ( 14.75000000000000355, -1.500000000000000000, -1.836970198721029934E-16 ) ) ;
#4744 = CARTESIAN_POINT ( 'NONE',  ( -11.35416666666665542, -0.5876202367904174162, -1.017788105676656230 ) ) ;
#4745 = CARTESIAN_POINT ( 'NONE',  ( 16.83333333333333570, 0.5876202367904130863, 1.017788105676651789 ) ) ;
#4746 = EDGE_CURVE ( 'NONE', #3505, #1221, #1916, .T. ) ;
#4747 = CARTESIAN_POINT ( 'NONE',  ( 13.65562765059178929, -1.453157459764341741, 0.09986320519214290925 ) ) ;
#4748 = CARTESIAN_POINT ( 'NONE',  ( -15.95833333333332149, -1.175240473580834166, -0.6785254037844371533 ) ) ;
#4749 = CARTESIAN_POINT ( 'NONE',  ( -13.70833333333332149, 1.175240473580833722, 0.6785254037844374864 ) ) ;
#4750 = EDGE_LOOP ( 'NONE', ( #2780, #2910, #2606, #3955 ) ) ;
#4751 = CARTESIAN_POINT ( 'NONE',  ( 13.37500000000000178, 1.060575238724906915E-16, -1.732050807568877193 ) ) ;
#4752 = DIRECTION ( 'NONE',  ( 0.000000000000000000, -1.000000000000000000, -1.669238443041288415E-16 ) ) ;
#4753 = CARTESIAN_POINT ( 'NONE',  ( 15.64732909936926042, -0.4019237886466832110, 1.500000000000000888 ) ) ;
#4754 = DIRECTION ( 'NONE',  ( 1.000000000000000000, 0.000000000000000000, -0.000000000000000000 ) ) ;
#4755 = CARTESIAN_POINT ( 'NONE',  ( 16.68750000000000000, -1.500000000000000000, -1.836970198721029934E-16 ) ) ;
#4756 = CARTESIAN_POINT ( 'NONE',  ( -12.72916666666665719, 1.175240473580833500, -0.6785254037844382635 ) ) ;
#4757 = CARTESIAN_POINT ( 'NONE',  ( 15.37500000000000000, 2.033577675846917841E-16, -1.499999999999999778 ) ) ;
#4758 = CARTESIAN_POINT ( 'NONE',  ( -14.18749999999998757, -1.500000000000001332, 1.836970198721031413E-16 ) ) ;
#4759 = CARTESIAN_POINT ( 'NONE',  ( 13.62212684405339225, 0.8331767440726366436, 1.153144477724697969 ) ) ;
#4760 = FACE_OUTER_BOUND ( 'NONE', #4126, .T. ) ;
#4761 = CARTESIAN_POINT ( 'NONE',  ( 12.49999999999999822, 1.836970198721030181E-16, 1.500000000000000222 ) ) ;
#4762 = CARTESIAN_POINT ( 'NONE',  ( 16.95833333333333570, 1.500000000000000222, -0.8660254037844384856 ) ) ;
#4763 = DIRECTION ( 'NONE',  ( 1.000000000000000000, 0.000000000000000000, -0.000000000000000000 ) ) ;
#4764 = CARTESIAN_POINT ( 'NONE',  ( -12.89732747188117834, 0.4018944938611891948, 1.500016913352292702 ) ) ;
#4765 = AXIS2_PLACEMENT_3D ( 'NONE', #2578, #3477, #989 ) ;
#4766 = ORIENTED_EDGE ( 'NONE', *, *, #2856, .T. ) ;
#4767 = ORIENTED_EDGE ( 'NONE', *, *, #2026, .T. ) ;
#4768 = CARTESIAN_POINT ( 'NONE',  ( -16.22916666666665364, 1.175240473580833500, -0.6785254037844382635 ) ) ;
#4769 = PLANE ( 'NONE',  #5335 ) ;
#4770 = DIRECTION ( 'NONE',  ( 1.000000000000000000, 0.000000000000000000, 0.000000000000000000 ) ) ;
#4771 = CARTESIAN_POINT ( 'NONE',  ( 17.12500000000000355, 8.309539638847728421E-17, -1.357050807568868533 ) ) ;
#4772 = CARTESIAN_POINT ( 'NONE',  ( -17.29017090063073070, -0.4019237886466846543, 1.500000000000001110 ) ) ;
#4773 = CARTESIAN_POINT ( 'NONE',  ( -14.54166666666665542, -1.175240473580833722, 0.6785254037844379305 ) ) ;
#4774 = CARTESIAN_POINT ( 'NONE',  ( -13.87499999999998757, -2.492861891654330359E-16, -1.357050807568875195 ) ) ;
#4775 = CARTESIAN_POINT ( 'NONE',  ( 13.79166666666666785, -1.499999999999999778, -0.8660254037844391517 ) ) ;
#4776 = ADVANCED_FACE ( 'NONE', ( #388 ), #795, .F. ) ;
#4777 = CARTESIAN_POINT ( 'NONE',  ( -17.37756511051258457, -0.7127157445144408632, 1.289391416255210032 ) ) ;
#4778 = CARTESIAN_POINT ( 'NONE',  ( -14.04166666666666963, 1.500000000000000888, -0.8660254037844402619 ) ) ;
#4779 = CARTESIAN_POINT ( 'NONE',  ( -13.33333333333333570, -0.7500000000000003331, 1.299038105676659338 ) ) ;
#4780 = CARTESIAN_POINT ( 'NONE',  ( 17.27083333333333570, -0.7499999999999996669, -1.299038105676658228 ) ) ;
#4781 = CARTESIAN_POINT ( 'NONE',  ( -17.08333333333333570, 0.7499999999999995559, -1.299038105676659560 ) ) ;
#4782 = EDGE_CURVE ( 'NONE', #840, #1221, #4872, .T. ) ;
#4783 = CARTESIAN_POINT ( 'NONE',  ( -11.10000000000000142, 0.000000000000000000, 0.000000000000000000 ) ) ;
#4784 = FACE_OUTER_BOUND ( 'NONE', #2384, .T. ) ;
#4785 = EDGE_CURVE ( 'NONE', #2617, #5067, #3609, .T. ) ;
#4786 = CARTESIAN_POINT ( 'NONE',  ( 13.56363538027308735, 1.332392535608727613, -0.2932979793853369155 ) ) ;
#4787 = ORIENTED_EDGE ( 'NONE', *, *, #3468, .T. ) ;
#4788 = CARTESIAN_POINT ( 'NONE',  ( 15.18750000000000355, -1.500000000000000000, -1.836970198721029934E-16 ) ) ;
#4789 = CARTESIAN_POINT ( 'NONE',  ( 16.87500000000000000, 1.060575238724906915E-16, -1.732050807568877193 ) ) ;
#4790 = CARTESIAN_POINT ( 'NONE',  ( -17.64583333333332149, -1.500000000000001998, -0.8660254037844388186 ) ) ;
#4791 = CARTESIAN_POINT ( 'NONE',  ( 12.49999999999999822, 0.000000000000000000, -1.500000000000000222 ) ) ;
#4792 = ORIENTED_EDGE ( 'NONE', *, *, #2139, .T. ) ;
#4793 = CARTESIAN_POINT ( 'NONE',  ( -16.06249999999998579, 8.309539638847769097E-17, 1.357050807568875195 ) ) ;
#4794 = CARTESIAN_POINT ( 'NONE',  ( 15.62500000000000000, 2.265986553086566003E-15, 1.500000000000000000 ) ) ;
#4795 = CARTESIAN_POINT ( 'NONE',  ( -11.26420044154595601, 0.6811631514151433864, -0.9637810787372884658 ) ) ;
#4796 = CARTESIAN_POINT ( 'NONE',  ( 15.79166666666666785, 1.175240473580827505, 0.6785254037844348218 ) ) ;
#4797 = CARTESIAN_POINT ( 'NONE',  ( -11.29166666666666963, -1.500000000000000888, 0.8660254037844398178 ) ) ;
#4798 = CARTESIAN_POINT ( 'NONE',  ( -14.83333333333332149, 0.5876202367904159729, -1.017788105676656896 ) ) ;
#4799 = CARTESIAN_POINT ( 'NONE',  ( -13.24999999999998757, 1.175240473580833722, 0.000000000000000000 ) ) ;
#4800 = CARTESIAN_POINT ( 'NONE',  ( 14.12500000000000178, -3.181725716174720005E-16, 1.732050807568877193 ) ) ;
#4801 = CARTESIAN_POINT ( 'NONE',  ( -17.27775099023167726, -0.8426333858790525655, -1.031050019878349877 ) ) ;
#4802 = CARTESIAN_POINT ( 'NONE',  ( 16.02083333333333570, 0.7499999999999988898, 1.299038105676658672 ) ) ;
#4803 = CYLINDRICAL_SURFACE ( 'NONE', #654, 1.500000000000000666 ) ;
#4804 = CARTESIAN_POINT ( 'NONE',  ( 14.22916666666666963, -1.499999999999999778, -0.8660254037844391517 ) ) ;
#4805 = CARTESIAN_POINT ( 'NONE',  ( -17.00000000000000000, 1.500000000000001332, 0.000000000000000000 ) ) ;
#4806 = EDGE_CURVE ( 'NONE', #3428, #4559, #22, .T. ) ;
#4807 = VECTOR ( 'NONE', #1508, 1000.000000000000000 ) ;
#4808 = CARTESIAN_POINT ( 'NONE',  ( -17.12444047358083665, -0.007890937125925152895, 1.175213982155495440 ) ) ;
#4809 = VECTOR ( 'NONE', #2624, 1000.000000000000000 ) ;
#4810 = AXIS2_PLACEMENT_3D ( 'NONE', #4303, #1465, #1515 ) ;
#4811 = CARTESIAN_POINT ( 'NONE',  ( 13.38281212462610625, -0.9493367071958972447, 0.7119133684314311594 ) ) ;
#4812 = ADVANCED_FACE ( 'NONE', ( #363 ), #1103, .F. ) ;
#4813 = CARTESIAN_POINT ( 'NONE',  ( 14.56250000000000000, -6.391244124090313355E-16, 1.499999999999999778 ) ) ;
#4814 = ORGANIZATION ( 'UNSPECIFIED', 'UNSPECIFIED', '' ) ;
#4815 = ORIENTED_EDGE ( 'NONE', *, *, #4903, .F. ) ;
#4816 = DIRECTION ( 'NONE',  ( -1.000000000000000000, -0.000000000000000000, -0.000000000000000000 ) ) ;
#4817 = CARTESIAN_POINT ( 'NONE',  ( 14.33333333333333570, -0.7499999999999996669, -1.299038105676658228 ) ) ;
#4818 = CARTESIAN_POINT ( 'NONE',  ( -17.50000000000000000, 1.299038105676658006, 2.250000000000000000 ) ) ;
#4819 = CARTESIAN_POINT ( 'NONE',  ( -13.12591874435326034, -5.120537220594853891E-05, -1.499999998284378355 ) ) ;
#4820 = ORIENTED_EDGE ( 'NONE', *, *, #4470, .T. ) ;
#4821 = CARTESIAN_POINT ( 'NONE',  ( -14.72916666666665364, 1.175240473580833500, -0.6785254037844382635 ) ) ;
#4822 = CARTESIAN_POINT ( 'NONE',  ( -16.50000000000000000, 1.500000000000001332, 0.000000000000000000 ) ) ;
#4823 = DIRECTION ( 'NONE',  ( 0.000000000000000000, 0.4999999999999996114, 0.8660254037844388186 ) ) ;
#4824 = CARTESIAN_POINT ( 'NONE',  ( 13.20833333333333570, 1.175240473580827727, -0.6785254037844341557 ) ) ;
#4825 = CARTESIAN_POINT ( 'NONE',  ( -11.08333333333333393, 0.7499999999999995559, -1.299038105676659560 ) ) ;
#4826 = CARTESIAN_POINT ( 'NONE',  ( -12.95833333333332149, -1.175240473580834166, -0.6785254037844371533 ) ) ;
#4827 = DIRECTION ( 'NONE',  ( 0.000000000000000000, 0.000000000000000000, 1.000000000000000000 ) ) ;
#4828 = CARTESIAN_POINT ( 'NONE',  ( 17.35416666666666785, -0.5876202367904145296, 1.017788105676650900 ) ) ;
#4829 = CARTESIAN_POINT ( 'NONE',  ( 16.54166666666667140, -1.175240473580827727, -0.6785254037844345998 ) ) ;
#4830 = CARTESIAN_POINT ( 'NONE',  ( 15.75000000000000000, -1.500000000000000000, -1.836970198721029934E-16 ) ) ;
#4831 = CARTESIAN_POINT ( 'NONE',  ( 15.00000000000000178, 1.500000000000000000, 0.000000000000000000 ) ) ;
#4832 = CARTESIAN_POINT ( 'NONE',  ( -12.22916666666665542, 1.175240473580833500, -0.6785254037844382635 ) ) ;
#4833 = ORIENTED_EDGE ( 'NONE', *, *, #575, .T. ) ;
#4834 = EDGE_CURVE ( 'NONE', #3746, #788, #1562, .T. ) ;
#4835 = CARTESIAN_POINT ( 'NONE',  ( 16.12500000000000000, 8.309539638847728421E-17, -1.357050807568868533 ) ) ;
#4836 = CARTESIAN_POINT ( 'NONE',  ( -14.29017090063072715, -0.4019237886466842102, 1.500000000000001110 ) ) ;
#4837 = CARTESIAN_POINT ( 'NONE',  ( 16.87500000000000000, -4.938688641342514686E-16, -1.499999999999999778 ) ) ;
#4838 = CARTESIAN_POINT ( 'NONE',  ( -15.31249999999998757, -3.224673171700113400E-15, 1.500000000000001554 ) ) ;
#4839 = EDGE_CURVE ( 'NONE', #2374, #827, #3334, .T. ) ;
#4840 = DIRECTION ( 'NONE',  ( 0.000000000000000000, 0.5000000000000002220, -0.8660254037844384856 ) ) ;
#4841 = CARTESIAN_POINT ( 'NONE',  ( -17.16610480901590208, 1.240462385569372827, -0.02907731353708487010 ) ) ;
#4842 = CARTESIAN_POINT ( 'NONE',  ( -17.50000000000000000, -1.299038105676657562, 2.249999999999999556 ) ) ;
#4843 =( BOUNDED_CURVE ( )  B_SPLINE_CURVE ( 2, ( #1009, #3916, #2294, #4778, #5201, #682, #1479, #706, #1504 ),
 .UNSPECIFIED., .F., .T. ) 
 B_SPLINE_CURVE_WITH_KNOTS ( ( 3, 2, 2, 2, 3 ),
 ( 0.5247503495362678683, 0.5312298489614328822, 0.5441866745458580068, 0.5571435001302832424, 0.5636218955185187118 ),
 .UNSPECIFIED. ) 
 CURVE ( )  GEOMETRIC_REPRESENTATION_ITEM ( )  RATIONAL_B_SPLINE_CURVE ( ( 0.9330127037768271014, 0.9330014660219755340, 1.000000000000000000, 0.8660254037844387076, 1.000000000000000000, 0.8660254037844387076, 1.000000000000000000, 0.9330128818507126276, 0.9330127018927028004 ) ) 
 REPRESENTATION_ITEM ( '' )  );
#4844 = VERTEX_POINT ( 'NONE', #2602 ) ;
#4845 = CARTESIAN_POINT ( 'NONE',  ( -13.52083333333332149, -0.5876202367904166390, 1.017788105676656674 ) ) ;
#4846 = CARTESIAN_POINT ( 'NONE',  ( 13.37753999999999799, -0.1923759850787167547, 1.169920425654225937 ) ) ;
#4847 = CARTESIAN_POINT ( 'NONE',  ( -13.62499999993385380, 8.929855743225641733E-10, -1.500000000000000888 ) ) ;
#4848 = CARTESIAN_POINT ( 'NONE',  ( 15.45833333333333393, -1.175240473580827949, 0.6785254037844338226 ) ) ;
#4849 = CARTESIAN_POINT ( 'NONE',  ( -17.54166666666665364, -1.175240473580833722, 0.6785254037844379305 ) ) ;
#4850 = CARTESIAN_POINT ( 'NONE',  ( -13.87499999999998757, -2.492861891654330359E-16, -1.357050807568875195 ) ) ;
#4851 = CARTESIAN_POINT ( 'NONE',  ( -11.45833333333331971, -1.175240473580834166, -0.6785254037844372643 ) ) ;
#4852 = APPROVAL ( #2946, 'UNSPECIFIED' ) ;
#4853 = CARTESIAN_POINT ( 'NONE',  ( 16.06250000000000000, 8.309539638847728421E-17, -1.357050807568868533 ) ) ;
#4854 = EDGE_CURVE ( 'NONE', #4220, #1074, #589, .T. ) ;
#4855 = CARTESIAN_POINT ( 'NONE',  ( 17.12500000000000000, 8.309539638847728421E-17, -1.357050807568868311 ) ) ;
#4856 = CARTESIAN_POINT ( 'NONE',  ( -15.43749999999998757, -1.175240473580833722, 1.439254484199187407E-16 ) ) ;
#4857 = CARTESIAN_POINT ( 'NONE',  ( 17.68750000000000355, 1.175240473580827949, 0.000000000000000000 ) ) ;
#4858 = CIRCLE ( 'NONE', #863, 2.249999999999999556 ) ;
#4859 = B_SPLINE_CURVE_WITH_KNOTS ( 'NONE', 3,
 ( #4092, #1692, #2882, #3778, #812, #63 ),
 .UNSPECIFIED., .F., .F.,
 ( 4, 2, 4 ),
 ( 0.01427421798431505878, 0.01491935522637697839, 0.01556449246843889626 ),
 .UNSPECIFIED. ) ;
#4860 = CARTESIAN_POINT ( 'NONE',  ( -14.37500000000000355, 1.060575238724907778E-16, 1.732050807568878747 ) ) ;
#4861 = ORIENTED_EDGE ( 'NONE', *, *, #3218, .F. ) ;
#4862 = CARTESIAN_POINT ( 'NONE',  ( 17.29166666666666785, 1.175240473580827505, 0.6785254037844348218 ) ) ;
#4863 = CARTESIAN_POINT ( 'NONE',  ( -13.22916666666665542, -1.500000000000000888, 0.8660254037844398178 ) ) ;
#4864 = ORIENTED_EDGE ( 'NONE', *, *, #5154, .F. ) ;
#4865 = VERTEX_POINT ( 'NONE', #4623 ) ;
#4866 = CARTESIAN_POINT ( 'NONE',  ( -16.62591837925080185, -5.118419964778258261E-05, -1.499999998285742375 ) ) ;
#4867 = EDGE_CURVE ( 'NONE', #3665, #4540, #1702, .T. ) ;
#4868 = DIRECTION ( 'NONE',  ( 0.000000000000000000, 0.000000000000000000, -1.000000000000000000 ) ) ;
#4869 = ORIENTED_EDGE ( 'NONE', *, *, #1122, .F. ) ;
#4870 = CARTESIAN_POINT ( 'NONE',  ( -14.18749999999998757, 1.175240473580833722, 0.000000000000000000 ) ) ;
#4871 = CARTESIAN_POINT ( 'NONE',  ( 13.37754000000000154, -0.03582132963471190007, 1.174694429664876694 ) ) ;
#4872 = LINE ( 'NONE', #5344, #3172 ) ;
#4873 = CARTESIAN_POINT ( 'NONE',  ( 14.33333333333333570, 0.5876202367904130863, 1.017788105676651789 ) ) ;
#4874 = CARTESIAN_POINT ( 'NONE',  ( -13.99999999999998757, -1.175240473580833722, 1.439254484199187407E-16 ) ) ;
#4875 = CARTESIAN_POINT ( 'NONE',  ( -13.33333333333332149, 0.5876202367904159729, -1.017788105676656896 ) ) ;
#4876 = CARTESIAN_POINT ( 'NONE',  ( 15.77083333333333393, 0.5876202367904130863, 1.017788105676651789 ) ) ;
#4877 =( BOUNDED_CURVE ( )  B_SPLINE_CURVE ( 2, ( #500, #3719, #4176, #4554, #123, #3807, #3407, #3032, #2537 ),
 .UNSPECIFIED., .F., .F. ) 
 B_SPLINE_CURVE_WITH_KNOTS ( ( 3, 2, 2, 2, 3 ),
 ( 0.9134559890550718597, 0.9199346164941886173, 0.9328914420786138528, 0.9458482676630390884, 0.9523266804552515952 ),
 .UNSPECIFIED. ) 
 CURVE ( )  GEOMETRIC_REPRESENTATION_ITEM ( )  RATIONAL_B_SPLINE_CURVE ( ( 0.9330127019657561416, 0.9330104824263374397, 1.000000000000000000, 0.8660254037844387076, 1.000000000000000000, 0.8660254037844387076, 1.000000000000000000, 0.9330127018922194093, 0.9330127018922194093 ) ) 
 REPRESENTATION_ITEM ( '' )  );
#4878 = CARTESIAN_POINT ( 'NONE',  ( 15.45833333333333570, -1.175240473580828393, 0.6785254037844338226 ) ) ;
#4879 = CARTESIAN_POINT ( 'NONE',  ( -15.02083333333332149, -0.5876202367904166390, 1.017788105676656674 ) ) ;
#4880 = CARTESIAN_POINT ( 'NONE',  ( 17.02083333333333570, -0.5876202367904137525, -1.017788105676651345 ) ) ;
#4881 = CARTESIAN_POINT ( 'NONE',  ( -14.12500000000000178, -3.181725716174723456E-16, -1.732050807568878747 ) ) ;
#4882 = ORIENTED_EDGE ( 'NONE', *, *, #2558, .F. ) ;
#4883 = CARTESIAN_POINT ( 'NONE',  ( 16.79166666666667140, 1.175240473580827505, 0.6785254037844348218 ) ) ;
#4884 = CARTESIAN_POINT ( 'NONE',  ( -16.72916666666665719, 1.175240473580833500, -0.6785254037844382635 ) ) ;
#4885 = CONICAL_SURFACE ( 'NONE', #220, 1.172700473580827518, 0.7853981633974492782 ) ;
#4886 = AXIS2_PLACEMENT_3D ( 'NONE', #4783, #3470, #1039 ) ;
#4887 = CARTESIAN_POINT ( 'NONE',  ( 16.83333333333333570, -0.7499999999999996669, -1.299038105676658228 ) ) ;
#4888 = VERTEX_POINT ( 'NONE', #3357 ) ;
#4889 = ORIENTED_EDGE ( 'NONE', *, *, #5123, .F. ) ;
#4890 = AXIS2_PLACEMENT_3D ( 'NONE', #5008, #2511, #39 ) ;
#4891 = FACE_OUTER_BOUND ( 'NONE', #4513, .T. ) ;
#4892 = CARTESIAN_POINT ( 'NONE',  ( -16.81249999999998934, 1.060575238724907778E-16, 1.732050807568878747 ) ) ;
#4893 = LOCAL_TIME ( 18, 17, 22.00000000000000000, #2166 ) ;
#4894 = CARTESIAN_POINT ( 'NONE',  ( -12.62471870236601568, 1.572010132869931570E-05, -1.499999999839165099 ) ) ;
#4895 = VERTEX_POINT ( 'NONE', #2513 ) ;
#4896 = CARTESIAN_POINT ( 'NONE',  ( -14.10416666666665364, 0.5876202367904169721, 1.017788105676656452 ) ) ;
#4897 = CARTESIAN_POINT ( 'NONE',  ( 17.26619594706366811, 0.5743911789957525382, -1.234388914982087249 ) ) ;
#4898 = CARTESIAN_POINT ( 'NONE',  ( 14.89583333333333570, 1.500000000000000222, -0.8660254037844384856 ) ) ;
#4899 = CARTESIAN_POINT ( 'NONE',  ( 16.93750000000000000, 1.500000000000000000, 0.000000000000000000 ) ) ;
#4900 = CARTESIAN_POINT ( 'NONE',  ( -11.62499999999998934, 8.309539638847769097E-17, 1.357050807568875195 ) ) ;
#4901 = CARTESIAN_POINT ( 'NONE',  ( -12.95833333333332149, -1.175240473580834166, -0.6785254037844372643 ) ) ;
#4902 = CARTESIAN_POINT ( 'NONE',  ( 15.60416666666666963, 0.5876202367904140855, -1.017788105676651345 ) ) ;
#4903 = EDGE_CURVE ( 'NONE', #2093, #188, #3437, .T. ) ;
#4904 = CARTESIAN_POINT ( 'NONE',  ( 16.33333333333333570, 0.5876202367904130863, 1.017788105676651789 ) ) ;
#4905 = CARTESIAN_POINT ( 'NONE',  ( -14.68749999999998934, 1.175240473580833722, 0.000000000000000000 ) ) ;
#4906 = CARTESIAN_POINT ( 'NONE',  ( 17.47916666666666785, -1.175240473580827505, -0.6785254037844345998 ) ) ;
#4907 = CARTESIAN_POINT ( 'NONE',  ( -14.70833333333333570, -1.500000000000001998, -0.8660254037844388186 ) ) ;
#4908 = CARTESIAN_POINT ( 'NONE',  ( -17.29903810567666156, 2.598076211353316456, 9.160418186769542995E-17 ) ) ;
#4909 = ORIENTED_EDGE ( 'NONE', *, *, #1806, .T. ) ;
#4910 =( BOUNDED_CURVE ( )  B_SPLINE_CURVE ( 2, ( #3630, #1541, #4481, #4533, #1982, #4128, #3198, #5293, #4922 ),
 .UNSPECIFIED., .F., .F. ) 
 B_SPLINE_CURVE_WITH_KNOTS ( ( 3, 2, 2, 2, 3 ),
 ( 0.9523266804552515952, 0.9588050932474642130, 0.9717619188318894485, 0.9847187444163145731, 0.9911967837233408574 ),
 .UNSPECIFIED. ) 
 CURVE ( )  GEOMETRIC_REPRESENTATION_ITEM ( )  RATIONAL_B_SPLINE_CURVE ( ( 0.9330127018922194093, 0.9330127018922194093, 1.000000000000000000, 0.8660254037844387076, 1.000000000000000000, 0.8660254037844387076, 1.000000000000000000, 0.9330165637584384442, 0.9330127021148586497 ) ) 
 REPRESENTATION_ITEM ( '' )  );
#4911 = VECTOR ( 'NONE', #1086, 1000.000000000000000 ) ;
#4912 = CARTESIAN_POINT ( 'NONE',  ( 15.83333333333333393, 0.5876202367904130863, 1.017788105676651789 ) ) ;
#4913 = CARTESIAN_POINT ( 'NONE',  ( -16.97916666666665719, -1.175240473580833722, 0.6785254037844379305 ) ) ;
#4914 = CARTESIAN_POINT ( 'NONE',  ( -13.27083333333332149, -0.7500000000000003331, 1.299038105676659338 ) ) ;
#4915 = ORIENTED_EDGE ( 'NONE', *, *, #727, .T. ) ;
#4916 = CARTESIAN_POINT ( 'NONE',  ( -16.10416666666665719, -0.7500000000000013323, -1.299038105676658894 ) ) ;
#4917 = CARTESIAN_POINT ( 'NONE',  ( 15.10416666666666785, -0.7500000000000006661, 1.299038105676657562 ) ) ;
#4918 = B_SPLINE_CURVE_WITH_KNOTS ( 'NONE', 3,
 ( #4175, #1722, #2134, #2854 ),
 .UNSPECIFIED., .F., .F.,
 ( 4, 4 ),
 ( 2.380746839930260712E-07, 0.001314652396222794947 ),
 .UNSPECIFIED. ) ;
#4919 = CARTESIAN_POINT ( 'NONE',  ( -16.77083333333332149, -0.7500000000000003331, 1.299038105676659338 ) ) ;
#4920 = EDGE_LOOP ( 'NONE', ( #3874, #4021, #3671, #5056, #521, #3293 ) ) ;
#4921 = CARTESIAN_POINT ( 'NONE',  ( -13.35416666666665542, -0.5876202367904174162, -1.017788105676656230 ) ) ;
#4922 = CARTESIAN_POINT ( 'NONE',  ( -11.12541971039805055, -2.419324739118198286E-05, -1.499999999641368431 ) ) ;
#4923 = CARTESIAN_POINT ( 'NONE',  ( 13.18750000000000178, -1.500000000000000000, -1.836970198721029934E-16 ) ) ;
#4924 = CARTESIAN_POINT ( 'NONE',  ( -13.50000000000000178, 1.500000000000001332, 0.000000000000000000 ) ) ;
#4925 = CARTESIAN_POINT ( 'NONE',  ( -11.10000000000000142, 0.000000000000000000, 1.500000000000000666 ) ) ;
#4926 = CARTESIAN_POINT ( 'NONE',  ( -12.68749999999998934, -1.500000000000001332, 1.836970198721031413E-16 ) ) ;
#4927 = CARTESIAN_POINT ( 'NONE',  ( 15.35416666666666785, -0.5876202367904145296, 1.017788105676650900 ) ) ;
#4928 = VERTEX_POINT ( 'NONE', #4156 ) ;
#4929 = CARTESIAN_POINT ( 'NONE',  ( 16.08333333333333570, -0.5876202367904137525, -1.017788105676651345 ) ) ;
#4930 = CARTESIAN_POINT ( 'NONE',  ( -15.64583333333332149, 1.175240473580833722, 0.6785254037844374864 ) ) ;
#4931 = CARTESIAN_POINT ( 'NONE',  ( 16.27083333333333570, 0.5876202367904130863, 1.017788105676651789 ) ) ;
#4932 = CARTESIAN_POINT ( 'NONE',  ( -15.20833333333333393, -1.500000000000001998, -0.8660254037844388186 ) ) ;
#4933 = CARTESIAN_POINT ( 'NONE',  ( -15.62556462521197176, -3.191347592645637756E-05, -1.499999999351781410 ) ) ;
#4934 = CARTESIAN_POINT ( 'NONE',  ( -13.47916666666665542, 1.500000000000000888, -0.8660254037844402619 ) ) ;
#4935 = ORIENTED_EDGE ( 'NONE', *, *, #4287, .T. ) ;
#4936 = EDGE_CURVE ( 'NONE', #513, #4213, #2111, .T. ) ;
#4937 = AXIS2_PLACEMENT_3D ( 'NONE', #614, #3088, #2250 ) ;
#4938 = CARTESIAN_POINT ( 'NONE',  ( 16.54166666666667140, -1.175240473580827505, -0.6785254037844345998 ) ) ;
#4939 =( BOUNDED_CURVE ( )  B_SPLINE_CURVE ( 2, ( #457, #2121, #3766, #2555, #3366, #4197, #3307, #4960, #5021 ),
 .UNSPECIFIED., .F., .F. ) 
 B_SPLINE_CURVE_WITH_KNOTS ( ( 3, 2, 2, 2, 3 ),
 ( 0.7500000000000000000, 0.7564102564102563875, 0.7692307692307692735, 0.7820512820512820484, 0.7884615384615384359 ),
 .UNSPECIFIED. ) 
 CURVE ( )  GEOMETRIC_REPRESENTATION_ITEM ( )  RATIONAL_B_SPLINE_CURVE ( ( 0.9330127018922194093, 0.9330127018922194093, 1.000000000000000000, 0.8660254037844387076, 1.000000000000000000, 0.8660254037844387076, 1.000000000000000000, 0.9330127018922194093, 0.9330127018922194093 ) ) 
 REPRESENTATION_ITEM ( '' )  );
#4940 = CARTESIAN_POINT ( 'NONE',  ( -15.93749999999998579, -1.175240473580833722, 1.439254484199187407E-16 ) ) ;
#4941 = DIRECTION ( 'NONE',  ( 0.000000000000000000, 0.000000000000000000, 1.000000000000000000 ) ) ;
#4942 = ORIENTED_EDGE ( 'NONE', *, *, #533, .T. ) ;
#4943 = CARTESIAN_POINT ( 'NONE',  ( 12.49999999999999822, 1.948557158514987231, -1.124999999999999112 ) ) ;
#4944 = CARTESIAN_POINT ( 'NONE',  ( 17.04166666666666785, 1.499999999999999778, 0.8660254037844394848 ) ) ;
#4945 = CARTESIAN_POINT ( 'NONE',  ( -16.35416666666665719, 0.7500000000000008882, 1.299038105676659116 ) ) ;
#4946 = VERTEX_POINT ( 'NONE', #5041 ) ;
#4947 = CARTESIAN_POINT ( 'NONE',  ( 16.87500000000000000, -4.938688641342514686E-16, -1.499999999999999778 ) ) ;
#4948 = CARTESIAN_POINT ( 'NONE',  ( 17.35778723600556361, 0.9873353111027705076, 0.7989273516596371305 ) ) ;
#4949 = CARTESIAN_POINT ( 'NONE',  ( 13.72916666666666963, -1.499999999999999778, -0.8660254037844391517 ) ) ;
#4950 = CARTESIAN_POINT ( 'NONE',  ( -16.54017090063072715, 0.4019237886466836551, -1.500000000000001776 ) ) ;
#4951 = DIRECTION ( 'NONE',  ( -1.000000000000000000, 0.000000000000000000, 0.000000000000000000 ) ) ;
#4952 = CARTESIAN_POINT ( 'NONE',  ( -16.56249999999998579, -6.391244124090313355E-16, -1.500000000000001332 ) ) ;
#4953 = CARTESIAN_POINT ( 'NONE',  ( 15.31250000000000000, -2.492861891654318526E-16, 1.357050807568868533 ) ) ;
#4954 = VERTEX_POINT ( 'NONE', #74 ) ;
#4955 = CARTESIAN_POINT ( 'NONE',  ( -13.04166666666665364, -1.175240473580833722, 0.6785254037844379305 ) ) ;
#4956 = CARTESIAN_POINT ( 'NONE',  ( 14.41666666666666785, -0.5876202367904145296, 1.017788105676650900 ) ) ;
#4957 = CARTESIAN_POINT ( 'NONE',  ( -17.02083333333332149, -0.5876202367904166390, 1.017788105676656674 ) ) ;
#4958 = CARTESIAN_POINT ( 'NONE',  ( 17.64583333333333570, 1.175240473580827727, -0.6785254037844341557 ) ) ;
#4959 = CARTESIAN_POINT ( 'NONE',  ( -14.45833333333333393, 1.500000000000001554, 0.8660254037844392627 ) ) ;
#4960 = CARTESIAN_POINT ( 'NONE',  ( -12.83482909936924798, 0.4019237886466845988, 1.500000000000001110 ) ) ;
#4961 = CARTESIAN_POINT ( 'NONE',  ( -14.10416666666665542, -0.7500000000000013323, -1.299038105676658894 ) ) ;
#4962 = VERTEX_POINT ( 'NONE', #1286 ) ;
#4963 = CARTESIAN_POINT ( 'NONE',  ( 13.58333333333333570, -0.5876202367904137525, -1.017788105676651345 ) ) ;
#4964 = CARTESIAN_POINT ( 'NONE',  ( -16.77083333333332149, 0.5876202367904159729, -1.017788105676656896 ) ) ;
#4965 = CARTESIAN_POINT ( 'NONE',  ( 12.49999999999999822, -1.838311014891742534, 1.315951922093992588 ) ) ;
#4966 = ORIENTED_EDGE ( 'NONE', *, *, #138, .F. ) ;
#4967 = CARTESIAN_POINT ( 'NONE',  ( -17.50000000000000000, 0.000000000000000000, 0.000000000000000000 ) ) ;
#4968 = CARTESIAN_POINT ( 'NONE',  ( 15.35416666666666785, 0.7500000000000002220, -1.299038105676658006 ) ) ;
#4969 = EDGE_CURVE ( 'NONE', #4383, #4143, #877, .T. ) ;
#4970 = CARTESIAN_POINT ( 'NONE',  ( 15.08333333333333570, -0.5876202367904137525, -1.017788105676651345 ) ) ;
#4971 = CARTESIAN_POINT ( 'NONE',  ( -15.97916666666665542, 1.500000000000000888, -0.8660254037844402619 ) ) ;
#4972 = DATE_AND_TIME ( #5066, #4893 ) ;
#4973 = VECTOR ( 'NONE', #1027, 1000.000000000000000 ) ;
#4974 = ORIENTED_EDGE ( 'NONE', *, *, #2917, .T. ) ;
#4975 = CARTESIAN_POINT ( 'NONE',  ( -11.52083333333331971, -0.5876202367904166390, 1.017788105676656674 ) ) ;
#4976 = CARTESIAN_POINT ( 'NONE',  ( -12.14583333333332149, -1.500000000000002220, -0.8660254037844388186 ) ) ;
#4977 = CARTESIAN_POINT ( 'NONE',  ( 13.02083333333333570, 0.7499999999999988898, 1.299038105676658672 ) ) ;
#4978 = CARTESIAN_POINT ( 'NONE',  ( -16.39583333333332149, 1.500000000000001110, 0.8660254037844392627 ) ) ;
#4979 = AXIS2_PLACEMENT_3D ( 'NONE', #2765, #699, #4359 ) ;
#4980 = CC_DESIGN_APPROVAL ( #4852, ( #3771 ) ) ;
#4981 = CARTESIAN_POINT ( 'NONE',  ( -12.45833333333331971, -1.175240473580834166, -0.6785254037844371533 ) ) ;
#4982 = CARTESIAN_POINT ( 'NONE',  ( 12.49999999999999822, 0.000000000000000000, 0.000000000000000000 ) ) ;
#4983 = CARTESIAN_POINT ( 'NONE',  ( 13.56250000000000178, 8.309539638847728421E-17, -1.357050807568868533 ) ) ;
#4984 = ORIENTED_EDGE ( 'NONE', *, *, #1635, .T. ) ;
#4985 = CARTESIAN_POINT ( 'NONE',  ( -14.16666666666665364, 0.5876202367904169721, 1.017788105676656452 ) ) ;
#4986 = CARTESIAN_POINT ( 'NONE',  ( 15.54166666666667318, -1.175240473580827727, -0.6785254037844345998 ) ) ;
#4987 = CARTESIAN_POINT ( 'NONE',  ( -12.27083333333332149, 0.5876202367904159729, -1.017788105676656896 ) ) ;
#4988 = CARTESIAN_POINT ( 'NONE',  ( 14.27083333333333570, 0.5876202367904130863, 1.017788105676651789 ) ) ;
#4989 = CARTESIAN_POINT ( 'NONE',  ( -13.75000000000000178, -1.500000000000001332, 1.836970198721031413E-16 ) ) ;
#4990 = DIRECTION ( 'NONE',  ( -1.000000000000000000, -0.000000000000000000, -0.000000000000000000 ) ) ;
#4991 = CARTESIAN_POINT ( 'NONE',  ( -13.43749999999998757, 1.500000000000001332, 0.000000000000000000 ) ) ;
#4992 = ORIENTED_EDGE ( 'NONE', *, *, #5154, .T. ) ;
#4993 = CARTESIAN_POINT ( 'NONE',  ( -17.12499999999998934, 8.309539638847769097E-17, 1.357050807568875195 ) ) ;
#4994 = CARTESIAN_POINT ( 'NONE',  ( 13.33333333333333570, 0.5876202367904130863, 1.017788105676651789 ) ) ;
#4995 = CARTESIAN_POINT ( 'NONE',  ( -16.18749999999998579, 1.175240473580833722, 0.000000000000000000 ) ) ;
#4996 = CARTESIAN_POINT ( 'NONE',  ( 14.04166666666666963, 1.499999999999999778, 0.8660254037844394848 ) ) ;
#4997 = ORIENTED_EDGE ( 'NONE', *, *, #3123, .F. ) ;
#4998 = LINE ( 'NONE', #5094, #3291 ) ;
#4999 = CARTESIAN_POINT ( 'NONE',  ( -16.16666666666666785, -0.7500000000000013323, -1.299038105676658894 ) ) ;
#5000 = CIRCLE ( 'NONE', #4200, 2.250000000000000000 ) ;
#5001 = CARTESIAN_POINT ( 'NONE',  ( 14.62500000000000533, 8.309539638847728421E-17, -1.357050807568868533 ) ) ;
#5002 = EDGE_CURVE ( 'NONE', #5309, #1228, #752, .T. ) ;
#5003 = CARTESIAN_POINT ( 'NONE',  ( -15.10416666666665542, -0.7500000000000013323, -1.299038105676658894 ) ) ;
#5004 = DATE_AND_TIME ( #2975, #5259 ) ;
#5005 = EDGE_CURVE ( 'NONE', #2022, #3341, #4217, .T. ) ;
#5006 = ORIENTED_EDGE ( 'NONE', *, *, #391, .F. ) ;
#5007 = CARTESIAN_POINT ( 'NONE',  ( -12.64583333333332149, 1.175240473580833944, 0.6785254037844374864 ) ) ;
#5008 = CARTESIAN_POINT ( 'NONE',  ( -11.10000000000000142, 0.000000000000000000, 0.000000000000000000 ) ) ;
#5009 = DIRECTION ( 'NONE',  ( 1.000000000000000000, 0.000000000000000000, 0.000000000000000000 ) ) ;
#5010 = CARTESIAN_POINT ( 'NONE',  ( -16.52083333333332149, 0.7499999999999995559, -1.299038105676659560 ) ) ;
#5011 = CARTESIAN_POINT ( 'NONE',  ( -11.87499999999998757, -2.492861891654330359E-16, -1.357050807568875195 ) ) ;
#5012 = CARTESIAN_POINT ( 'NONE',  ( -12.64583333333332149, -1.500000000000002220, -0.8660254037844388186 ) ) ;
#5013 = CARTESIAN_POINT ( 'NONE',  ( 14.35416666666666785, -0.5876202367904145296, 1.017788105676650900 ) ) ;
#5014 = ORIENTED_EDGE ( 'NONE', *, *, #383, .T. ) ;
#5015 = CARTESIAN_POINT ( 'NONE',  ( -12.24999999999998757, 1.175240473580833722, 0.000000000000000000 ) ) ;
#5016 = CARTESIAN_POINT ( 'NONE',  ( -11.10000000222086491, 0.4500393610791603716, -1.430896422446429339 ) ) ;
#5017 = CARTESIAN_POINT ( 'NONE',  ( -12.14583333333332149, 1.175240473580833722, 0.6785254037844374864 ) ) ;
#5018 = CARTESIAN_POINT ( 'NONE',  ( 13.14583333333333570, 1.175240473580827727, -0.6785254037844341557 ) ) ;
#5019 = ADVANCED_FACE ( 'NONE', ( #102 ), #4104, .T. ) ;
#5020 = CARTESIAN_POINT ( 'NONE',  ( -13.33333333333333570, -0.7500000000000003331, 1.299038105676659338 ) ) ;
#5021 = CARTESIAN_POINT ( 'NONE',  ( -12.81249999999998757, 2.033577675846917841E-16, 1.500000000000001110 ) ) ;
#5022 = CARTESIAN_POINT ( 'NONE',  ( -11.56249999999998934, -3.181725716174723456E-16, -1.732050807568878747 ) ) ;
#5023 = ORIENTED_EDGE ( 'NONE', *, *, #3679, .T. ) ;
#5024 =( BOUNDED_CURVE ( )  B_SPLINE_CURVE ( 2, ( #4289, #2591, #3859, #4944, #3025, #2477, #381, #3053, #3720 ),
 .UNSPECIFIED., .F., .F. ) 
 B_SPLINE_CURVE_WITH_KNOTS ( ( 3, 2, 2, 2, 3 ),
 ( 0.06818181818181819065, 0.07575757575757575968, 0.09090909090909091161, 0.1060606060606060635, 0.1136363636363636465 ),
 .UNSPECIFIED. ) 
 CURVE ( )  GEOMETRIC_REPRESENTATION_ITEM ( )  RATIONAL_B_SPLINE_CURVE ( ( 0.9330127018922194093, 0.9330127018922194093, 1.000000000000000000, 0.8660254037844387076, 1.000000000000000000, 0.8660254037844387076, 1.000000000000000000, 0.9330127018922192983, 0.9330127018922194093 ) ) 
 REPRESENTATION_ITEM ( '' )  );
#5025 = CARTESIAN_POINT ( 'NONE',  ( 13.37753999999877941, -0.8639678237730847865, 0.7967118489305471396 ) ) ;
#5026 = CARTESIAN_POINT ( 'NONE',  ( -16.79166666666665719, 1.175240473580833500, -0.6785254037844382635 ) ) ;
#5027 = CARTESIAN_POINT ( 'NONE',  ( 14.16666666666666785, 0.5876202367904140855, -1.017788105676651345 ) ) ;
#5028 = CARTESIAN_POINT ( 'NONE',  ( -14.02083333333332149, -0.5876202367904166390, 1.017788105676656674 ) ) ;
#5029 = DIRECTION ( 'NONE',  ( 1.000000000000000000, 0.000000000000000000, -0.000000000000000000 ) ) ;
#5030 = AXIS2_PLACEMENT_3D ( 'NONE', #4700, #2192, #122 ) ;
#5031 = ORIENTED_EDGE ( 'NONE', *, *, #2820, .T. ) ;
#5032 = FACE_OUTER_BOUND ( 'NONE', #1323, .T. ) ;
#5033 = CARTESIAN_POINT ( 'NONE',  ( -17.50000000000000355, 1.838311014891731876, 1.315951922094013460 ) ) ;
#5034 = CARTESIAN_POINT ( 'NONE',  ( 12.50000000000000178, -1.175240473580827949, -1.439254484199180504E-16 ) ) ;
#5035 = CARTESIAN_POINT ( 'NONE',  ( -14.35416666666665364, 0.7500000000000008882, 1.299038105676659116 ) ) ;
#5036 = PERSON_AND_ORGANIZATION ( #3331, #4814 ) ;
#5037 = VERTEX_POINT ( 'NONE', #1232 ) ;
#5038 = CARTESIAN_POINT ( 'NONE',  ( -11.35416666666665542, -0.5876202367904174162, -1.017788105676656230 ) ) ;
#5039 = CARTESIAN_POINT ( 'NONE',  ( 16.22916666666666785, 1.175240473580827727, 0.6785254037844348218 ) ) ;
#5040 = DIRECTION ( 'NONE',  ( 0.7071067811865467956, 8.659560562354942719E-17, 0.7071067811865483499 ) ) ;
#5041 = CARTESIAN_POINT ( 'NONE',  ( 12.50000000000000000, 1.436143881329345891E-16, -1.172700473580827740 ) ) ;
#5042 = EDGE_CURVE ( 'NONE', #4117, #4051, #4535, .T. ) ;
#5043 = DIRECTION ( 'NONE',  ( 1.000000000000000000, 0.000000000000000000, 0.000000000000000000 ) ) ;
#5044 = CARTESIAN_POINT ( 'NONE',  ( -12.77083333333332149, -0.7500000000000003331, 1.299038105676659338 ) ) ;
#5045 = CARTESIAN_POINT ( 'NONE',  ( 13.47916666666666785, -1.175240473580827505, -0.6785254037844345998 ) ) ;
#5046 = ORIENTED_EDGE ( 'NONE', *, *, #2666, .F. ) ;
#5047 = ORIENTED_EDGE ( 'NONE', *, *, #3123, .T. ) ;
#5048 = CARTESIAN_POINT ( 'NONE',  ( -14.37499999999998757, -2.492861891654330359E-16, -1.357050807568875195 ) ) ;
#5049 = CARTESIAN_POINT ( 'NONE',  ( -13.56249999999998934, 6.333141904780402276E-15, -1.500000000000001554 ) ) ;
#5050 = CARTESIAN_POINT ( 'NONE',  ( -11.81249999999998757, -2.492861891654330359E-16, -1.357050807568875195 ) ) ;
#5051 = CARTESIAN_POINT ( 'NONE',  ( 14.14583333333333393, 1.175240473580827727, -0.6785254037844341557 ) ) ;
#5052 = ADVANCED_FACE ( 'NONE', ( #1671 ), #4671, .T. ) ;
#5053 = CARTESIAN_POINT ( 'NONE',  ( -13.00000000000000178, 1.500000000000001332, 0.000000000000000000 ) ) ;
#5054 = CARTESIAN_POINT ( 'NONE',  ( -15.87499999999998579, -2.492861891654330359E-16, -1.357050807568875195 ) ) ;
#5055 = CARTESIAN_POINT ( 'NONE',  ( -13.27083333333332149, -0.7500000000000003331, 1.299038105676659338 ) ) ;
#5056 = ORIENTED_EDGE ( 'NONE', *, *, #1911, .F. ) ;
#5057 = CARTESIAN_POINT ( 'NONE',  ( 15.89732909936926397, 0.4019237886466842657, -1.499999999999999778 ) ) ;
#5058 = CARTESIAN_POINT ( 'NONE',  ( -15.95833333333332149, -1.175240473580834166, -0.6785254037844371533 ) ) ;
#5059 = CARTESIAN_POINT ( 'NONE',  ( 13.08333333333333570, -0.5876202367904137525, -1.017788105676651345 ) ) ;
#5060 = CARTESIAN_POINT ( 'NONE',  ( -15.18749999999998757, 1.175240473580833722, 0.000000000000000000 ) ) ;
#5061 = CARTESIAN_POINT ( 'NONE',  ( 12.48075666599057065, -1.728209346468591923, 1.506653605800991835 ) ) ;
#5062 =( BOUNDED_CURVE ( )  B_SPLINE_CURVE ( 2, ( #5195, #4772, #1105, #2317, #5244, #626, #2667, #3153, #1907 ),
 .UNSPECIFIED., .F., .F. ) 
 B_SPLINE_CURVE_WITH_KNOTS ( ( 3, 2, 2, 2, 3 ),
 ( 0.09615384615384615918, 0.1025641025641025605, 0.1153846153846153910, 0.1282051282051281937, 0.1346153846153846090 ),
 .UNSPECIFIED. ) 
 CURVE ( )  GEOMETRIC_REPRESENTATION_ITEM ( )  RATIONAL_B_SPLINE_CURVE ( ( 0.9330127018922194093, 0.9330127018922194093, 1.000000000000000000, 0.8660254037844387076, 1.000000000000000000, 0.8660254037844387076, 1.000000000000000000, 0.9330127018922194093, 0.9330127018922194093 ) ) 
 REPRESENTATION_ITEM ( '' )  );
#5063 = CARTESIAN_POINT ( 'NONE',  ( -14.64583333333332149, -1.500000000000002220, -0.8660254037844388186 ) ) ;
#5064 = DIRECTION ( 'NONE',  ( 1.000000000000000000, 0.000000000000000000, -0.000000000000000000 ) ) ;
#5065 = CYLINDRICAL_SURFACE ( 'NONE', #4190, 1.500000000000000222 ) ;
#5066 = CALENDAR_DATE ( 2026, 8, 1 ) ;
#5067 = VERTEX_POINT ( 'NONE', #2084 ) ;
#5068 = CARTESIAN_POINT ( 'NONE',  ( -11.81249999999998757, -2.492861891654330359E-16, -1.357050807568875195 ) ) ;
#5069 = CARTESIAN_POINT ( 'NONE',  ( 16.35416666666667140, -0.5876202367904145296, 1.017788105676650900 ) ) ;
#5070 = DIRECTION ( 'NONE',  ( -1.000000000000000000, -0.000000000000000000, -0.000000000000000000 ) ) ;
#5071 = CARTESIAN_POINT ( 'NONE',  ( -11.10000000000000142, 0.000000000000000000, 0.000000000000000000 ) ) ;
#5072 = CONICAL_SURFACE ( 'NONE', #4625, 1.550800000000000622, 0.7853981633974500554 ) ;
#5073 = CARTESIAN_POINT ( 'NONE',  ( 12.60416666666666963, 0.5876202367904140855, -1.017788105676651345 ) ) ;
#5074 = ORIENTED_EDGE ( 'NONE', *, *, #2300, .F. ) ;
#5075 = ORIENTED_EDGE ( 'NONE', *, *, #5002, .F. ) ;
#5076 = AXIS2_PLACEMENT_3D ( 'NONE', #4622, #907, #2576 ) ;
#5077 = CARTESIAN_POINT ( 'NONE',  ( -12.95833333333332149, -1.175240473580834166, -0.6785254037844371533 ) ) ;
#5078 = AXIS2_PLACEMENT_3D ( 'NONE', #2346, #4367, #2371 ) ;
#5079 = CARTESIAN_POINT ( 'NONE',  ( -11.11220659305599234, 0.2302813249921452921, -1.500007115241235089 ) ) ;
#5080 = CARTESIAN_POINT ( 'NONE',  ( -13.93749999999998757, -1.175240473580833722, 1.439254484199187407E-16 ) ) ;
#5081 = CARTESIAN_POINT ( 'NONE',  ( 12.77083333333333570, 0.5876202367904130863, 1.017788105676651789 ) ) ;
#5082 = CARTESIAN_POINT ( 'NONE',  ( -12.58333333333333570, 0.7499999999999995559, -1.299038105676659560 ) ) ;
#5083 = CARTESIAN_POINT ( 'NONE',  ( -11.51420102385148070, 0.8693815706731139459, -1.230113123712256895 ) ) ;
#5084 = CARTESIAN_POINT ( 'NONE',  ( -15.20833333333332149, 1.175240473580833722, 0.6785254037844374864 ) ) ;
#5085 = ORIENTED_EDGE ( 'NONE', *, *, #281, .F. ) ;
#5086 = EDGE_CURVE ( 'NONE', #4559, #2848, #961, .T. ) ;
#5087 = CARTESIAN_POINT ( 'NONE',  ( 14.35416666666666785, -0.5876202367904145296, 1.017788105676650900 ) ) ;
#5088 = FACE_OUTER_BOUND ( 'NONE', #1968, .T. ) ;
#5089 = CARTESIAN_POINT ( 'NONE',  ( -15.91666666666665542, -0.5876202367904174162, -1.017788105676656230 ) ) ;
#5090 = CARTESIAN_POINT ( 'NONE',  ( 12.45833333333333393, -1.175240473580827949, 0.6785254037844338226 ) ) ;
#5091 = CARTESIAN_POINT ( 'NONE',  ( -14.77083333333332149, 0.5876202367904159729, -1.017788105676656896 ) ) ;
#5092 = CARTESIAN_POINT ( 'NONE',  ( -11.10000000000000142, 1.836970198721030427E-16, -1.500000000000000666 ) ) ;
#5093 = B_SPLINE_CURVE_WITH_KNOTS ( 'NONE', 3,
 ( #1783, #3442, #5095, #2972 ),
 .UNSPECIFIED., .F., .F.,
 ( 4, 4 ),
 ( 2.380746840857691115E-07, 0.001314652396222795814 ),
 .UNSPECIFIED. ) ;
#5094 = CARTESIAN_POINT ( 'NONE',  ( -17.50000000000000000, 0.000000000000000000, 1.550800000000000622 ) ) ;
#5095 = CARTESIAN_POINT ( 'NONE',  ( -17.50000000000000355, -1.727238319854188964, 1.508335473232639279 ) ) ;
#5096 = CARTESIAN_POINT ( 'NONE',  ( -15.66666666666666963, -0.7500000000000013323, -1.299038105676658894 ) ) ;
#5097 = EDGE_CURVE ( 'NONE', #4946, #4505, #733, .T. ) ;
#5098 =( BOUNDED_CURVE ( )  B_SPLINE_CURVE ( 2, ( #3598, #759, #4914, #4863, #2423, #3261, #4066, #353, #2020 ),
 .UNSPECIFIED., .F., .F. ) 
 B_SPLINE_CURVE_WITH_KNOTS ( ( 3, 2, 2, 2, 3 ),
 ( 0.7115384615384615641, 0.7179487179487179516, 0.7307692307692307265, 0.7435897435897436125, 0.7500000000000000000 ),
 .UNSPECIFIED. ) 
 CURVE ( )  GEOMETRIC_REPRESENTATION_ITEM ( )  RATIONAL_B_SPLINE_CURVE ( ( 0.9330127018922194093, 0.9330127018922194093, 1.000000000000000000, 0.8660254037844387076, 1.000000000000000000, 0.8660254037844387076, 1.000000000000000000, 0.9330127018922194093, 0.9330127018922194093 ) ) 
 REPRESENTATION_ITEM ( '' )  );
#5099 = CARTESIAN_POINT ( 'NONE',  ( 12.29903810567665801, -2.598076211353315124, -8.298324231382116198E-17 ) ) ;
#5100 = AXIS2_PLACEMENT_3D ( 'NONE', #1638, #4094, #117 ) ;
#5101 = CARTESIAN_POINT ( 'NONE',  ( 14.08482909936926042, -0.4019237886466845988, 1.499999999999999778 ) ) ;
#5102 = CARTESIAN_POINT ( 'NONE',  ( 16.06250000000000000, 8.309539638847728421E-17, -1.357050807568868311 ) ) ;
#5103 = CARTESIAN_POINT ( 'NONE',  ( 14.33333333333333570, -0.7499999999999996669, -1.299038105676658228 ) ) ;
#5104 = CARTESIAN_POINT ( 'NONE',  ( 16.54166666666667140, 1.499999999999999778, 0.8660254037844394848 ) ) ;
#5105 = CARTESIAN_POINT ( 'NONE',  ( -11.10000000000000142, 0.000000000000000000, 1.500000000000000666 ) ) ;
#5106 = CARTESIAN_POINT ( 'NONE',  ( 13.27083333333333570, 0.5876202367904130863, 1.017788105676651789 ) ) ;
#5107 = ORIENTED_EDGE ( 'NONE', *, *, #1070, .F. ) ;
#5108 = EDGE_LOOP ( 'NONE', ( #2502, #3380 ) ) ;
#5109 = CARTESIAN_POINT ( 'NONE',  ( -16.60416666666665719, 0.5876202367904169721, 1.017788105676656452 ) ) ;
#5110 = CARTESIAN_POINT ( 'NONE',  ( -13.43749999999998757, 1.500000000000001332, 0.000000000000000000 ) ) ;
#5111 = CARTESIAN_POINT ( 'NONE',  ( -14.06249999999998757, 8.309539638847769097E-17, 1.357050807568875195 ) ) ;
#5112 = CARTESIAN_POINT ( 'NONE',  ( 17.29166666666666785, 1.175240473580827505, 0.6785254037844348218 ) ) ;
#5113 = CARTESIAN_POINT ( 'NONE',  ( -11.62500000000000178, -3.181725716174723456E-16, -1.732050807568878747 ) ) ;
#5114 = CARTESIAN_POINT ( 'NONE',  ( -15.29166666666665364, 1.175240473580833500, -0.6785254037844382635 ) ) ;
#5115 = CARTESIAN_POINT ( 'NONE',  ( -16.04166666666665719, -1.175240473580833500, 0.6785254037844380415 ) ) ;
#5116 = ORIENTED_EDGE ( 'NONE', *, *, #2783, .T. ) ;
#5117 = CARTESIAN_POINT ( 'NONE',  ( 14.18750000000000178, 1.175240473580827949, 0.000000000000000000 ) ) ;
#5118 = CARTESIAN_POINT ( 'NONE',  ( -11.10000000000000142, 0.000000000000000000, 0.000000000000000000 ) ) ;
#5119 = CARTESIAN_POINT ( 'NONE',  ( -14.91666666666665364, -0.5876202367904174162, -1.017788105676656230 ) ) ;
#5120 = CARTESIAN_POINT ( 'NONE',  ( 15.93750000000000000, 1.500000000000000000, 0.000000000000000000 ) ) ;
#5121 = CARTESIAN_POINT ( 'NONE',  ( -14.14583333333331971, 1.175240473580833944, 0.6785254037844374864 ) ) ;
#5122 = ADVANCED_FACE ( 'NONE', ( #2685 ), #655, .F. ) ;
#5123 = EDGE_CURVE ( 'NONE', #188, #2093, #1344, .T. ) ;
#5124 = CARTESIAN_POINT ( 'NONE',  ( 12.49999999999999822, 2.169875997175800819, -0.7416645267673328545 ) ) ;
#5125 = CARTESIAN_POINT ( 'NONE',  ( 16.29166666666666785, -1.499999999999999778, -0.8660254037844391517 ) ) ;
#5126 = CARTESIAN_POINT ( 'NONE',  ( -15.31249999999998757, -3.224673171700113400E-15, 1.500000000000001554 ) ) ;
#5127 = CARTESIAN_POINT ( 'NONE',  ( -17.50000000000000000, 0.000000000000000000, 0.000000000000000000 ) ) ;
#5128 = CARTESIAN_POINT ( 'NONE',  ( 14.22916666666666963, -1.499999999999999778, -0.8660254037844391517 ) ) ;
#5129 = B_SPLINE_CURVE_WITH_KNOTS ( 'NONE', 3,
 ( #4943, #3747, #1663, #1222, #1249, #869 ),
 .UNSPECIFIED., .F., .F.,
 ( 4, 2, 4 ),
 ( 0.001314652396222794947, 0.001969405109320634603, 0.002624157822418473826 ),
 .UNSPECIFIED. ) ;
#5130 = CARTESIAN_POINT ( 'NONE',  ( 12.72916666666666963, -1.499999999999999778, -0.8660254037844391517 ) ) ;
#5131 = CARTESIAN_POINT ( 'NONE',  ( 15.66666666666666963, -0.7500000000000006661, 1.299038105676657562 ) ) ;
#5132 =( BOUNDED_CURVE ( )  B_SPLINE_CURVE ( 2, ( #4236, #3864, #2623, #154, #4265, #558, #1401, #3058, #1043 ),
 .UNSPECIFIED., .F., .F. ) 
 B_SPLINE_CURVE_WITH_KNOTS ( ( 3, 2, 2, 2, 3 ),
 ( 0.2500000000000000000, 0.2575757575757575690, 0.2727272727272727071, 0.2878787878787879007, 0.2954545454545454697 ),
 .UNSPECIFIED. ) 
 CURVE ( )  GEOMETRIC_REPRESENTATION_ITEM ( )  RATIONAL_B_SPLINE_CURVE ( ( 0.9330127018922194093, 0.9330127018922194093, 1.000000000000000000, 0.8660254037844387076, 1.000000000000000000, 0.8660254037844387076, 1.000000000000000000, 0.9330127018922194093, 0.9330127018922194093 ) ) 
 REPRESENTATION_ITEM ( '' )  );
#5133 = LINE ( 'NONE', #3927, #2517 ) ;
#5134 = CARTESIAN_POINT ( 'NONE',  ( 17.15946809674451146, -1.463219675703974820, 0.1632893823369677144 ) ) ;
#5135 = ORIENTED_EDGE ( 'NONE', *, *, #4400, .T. ) ;
#5136 = EDGE_LOOP ( 'NONE', ( #2808, #4833, #135, #4552 ) ) ;
#5137 = CARTESIAN_POINT ( 'NONE',  ( -17.10416666666665719, 0.5876202367904169721, 1.017788105676656452 ) ) ;
#5138 = CARTESIAN_POINT ( 'NONE',  ( -11.68749999999998757, 1.175240473580833722, 0.000000000000000000 ) ) ;
#5139 = CARTESIAN_POINT ( 'NONE',  ( 17.45833333333333925, -1.175240473580827949, 0.6785254037844338226 ) ) ;
#5140 = CARTESIAN_POINT ( 'NONE',  ( 13.52129431013866423, -0.9526800835266371337, 0.9173429372476190613 ) ) ;
#5141 = CARTESIAN_POINT ( 'NONE',  ( -16.66666666666665719, 0.5876202367904169721, 1.017788105676656452 ) ) ;
#5142 = CARTESIAN_POINT ( 'NONE',  ( -15.62499999999998757, 8.309539638847769097E-17, 1.357050807568875195 ) ) ;
#5143 = VERTEX_POINT ( 'NONE', #4711 ) ;
#5144 = CARTESIAN_POINT ( 'NONE',  ( 17.68750000000000355, 1.175240473580827949, 0.000000000000000000 ) ) ;
#5145 = CARTESIAN_POINT ( 'NONE',  ( 13.68750000000000178, 1.175240473580827949, 0.000000000000000000 ) ) ;
#5146 = CARTESIAN_POINT ( 'NONE',  ( -11.10000000000000142, 0.000000000000000000, 1.500000000000000666 ) ) ;
#5147 = CARTESIAN_POINT ( 'NONE',  ( -17.12444047358083310, -2.097490117087823006E-14, 1.175240473580834832 ) ) ;
#5148 = CARTESIAN_POINT ( 'NONE',  ( 16.31250000000000000, 1.060575238724906915E-16, -1.732050807568877193 ) ) ;
#5149 = CARTESIAN_POINT ( 'NONE',  ( -13.72916666666665542, 1.175240473580833500, -0.6785254037844382635 ) ) ;
#5150 = CARTESIAN_POINT ( 'NONE',  ( -17.29903810567666156, -2.598076211353315124, -8.861406349965492488E-17 ) ) ;
#5151 = CARTESIAN_POINT ( 'NONE',  ( -15.87500004985462354, 9.393833083394268217E-07, 1.499999999999706679 ) ) ;
#5152 = CARTESIAN_POINT ( 'NONE',  ( 13.52266535953653737, 0.6955874740136586132, -1.136593028255785676 ) ) ;
#5153 = CARTESIAN_POINT ( 'NONE',  ( -17.40215908496082520, 4.791399515391888330E-13, 1.452959084960821601 ) ) ;
#5154 = EDGE_CURVE ( 'NONE', #436, #4844, #1310, .T. ) ;
#5155 = DIRECTION ( 'NONE',  ( 0.000000000000000000, 0.000000000000000000, -1.000000000000000000 ) ) ;
#5156 = CARTESIAN_POINT ( 'NONE',  ( 15.20833333333333393, -1.500000000000000222, 0.8660254037844381525 ) ) ;
#5157 = CARTESIAN_POINT ( 'NONE',  ( 15.33333333333333393, -0.7499999999999996669, -1.299038105676658228 ) ) ;
#5158 = DIRECTION ( 'NONE',  ( -1.000000000000000000, -0.000000000000000000, -0.000000000000000000 ) ) ;
#5159 = B_SPLINE_CURVE_WITH_KNOTS ( 'NONE', 3,
 ( #1566, #3698, #2810, #4897, #5317, #4457, #2787, #1175, #2456, #3244, #386, #1642, #3608, #3673, #4431, #2386, #4948, #1589, #822, #4030, #5368, #3221, #1147, #769 ),
 .UNSPECIFIED., .F., .F.,
 ( 4, 2, 2, 2, 2, 2, 2, 2, 2, 2, 2, 4 ),
 ( 0.003380322842580702532, 0.003891113749679231751, 0.004146509203228496143, 0.004401904656777760536, 0.004912695563876290188, 0.005423486470974819840, 0.005934277378073348624, 0.006189672831622613017, 0.006445068285171877409, 0.006955859192270406194, 0.007211254645819672321, 0.007466650099368936713 ),
 .UNSPECIFIED. ) ;
#5160 = ORIENTED_EDGE ( 'NONE', *, *, #5314, .F. ) ;
#5161 = EDGE_LOOP ( 'NONE', ( #4259, #718, #1714, #1385, #1355 ) ) ;
#5162 = CARTESIAN_POINT ( 'NONE',  ( -16.77083333333332149, 0.5876202367904159729, -1.017788105676656896 ) ) ;
#5163 = CARTESIAN_POINT ( 'NONE',  ( 14.79166666666666785, -1.499999999999999778, -0.8660254037844391517 ) ) ;
#5164 = FACE_OUTER_BOUND ( 'NONE', #4750, .T. ) ;
#5165 = CARTESIAN_POINT ( 'NONE',  ( 17.75000000000000355, 1.175240473580827949, 0.000000000000000000 ) ) ;
#5166 = AXIS2_PLACEMENT_3D ( 'NONE', #2595, #5029, #2880 ) ;
#5167 = CARTESIAN_POINT ( 'NONE',  ( 13.67834792463816385, -1.476214675019840161, -0.09479310760706380345 ) ) ;
#5168 = CARTESIAN_POINT ( 'NONE',  ( -16.45833333333332149, -1.175240473580834166, -0.6785254037844371533 ) ) ;
#5169 = CARTESIAN_POINT ( 'NONE',  ( -13.74999999999998757, 1.175240473580833722, 0.000000000000000000 ) ) ;
#5170 = VERTEX_POINT ( 'NONE', #5237 ) ;
#5171 = CARTESIAN_POINT ( 'NONE',  ( 13.91666666666666785, 0.7500000000000002220, -1.299038105676658006 ) ) ;
#5172 = AXIS2_PLACEMENT_3D ( 'NONE', #2656, #2279, #561 ) ;
#5173 = AXIS2_PLACEMENT_3D ( 'NONE', #771, #2435, #4410 ) ;
#5174 = CARTESIAN_POINT ( 'NONE',  ( 17.08333333333333570, -0.5876202367904137525, -1.017788105676651345 ) ) ;
#5175 = DIRECTION ( 'NONE',  ( 1.000000000000000000, 0.000000000000000000, 0.000000000000000000 ) ) ;
#5176 = CARTESIAN_POINT ( 'NONE',  ( -13.35267008984974524, -0.4019383827046620894, 1.499991574116699367 ) ) ;
#5177 = CARTESIAN_POINT ( 'NONE',  ( 17.81250000000000355, 1.060575238724906915E-16, -1.732050807568877193 ) ) ;
#5178 = CARTESIAN_POINT ( 'NONE',  ( -12.43749999999998934, -1.175240473580833722, 1.439254484199187407E-16 ) ) ;
#5179 = CIRCLE ( 'NONE', #309, 1.500000000000000666 ) ;
#5180 = CARTESIAN_POINT ( 'NONE',  ( -17.12576432730604026, 2.032061207922928336E-11, 1.176564327306035995 ) ) ;
#5181 = CARTESIAN_POINT ( 'NONE',  ( 13.47115762879195522, -0.5715647996466800551, -1.139058953157529475 ) ) ;
#5182 = CARTESIAN_POINT ( 'NONE',  ( 16.08482909936926220, -0.4019237886466832110, 1.500000000000000888 ) ) ;
#5183 = CARTESIAN_POINT ( 'NONE',  ( -11.10000000000000142, 0.000000000000000000, 1.500000000000000666 ) ) ;
#5184 = CARTESIAN_POINT ( 'NONE',  ( 14.14583333333333570, -1.500000000000000222, 0.8660254037844381525 ) ) ;
#5185 = CARTESIAN_POINT ( 'NONE',  ( 15.54166666666667140, 1.499999999999999778, 0.8660254037844394848 ) ) ;
#5186 = CARTESIAN_POINT ( 'NONE',  ( -14.95833333333333570, 1.500000000000001110, 0.8660254037844392627 ) ) ;
#5187 = ADVANCED_FACE ( 'NONE', ( #3503 ), #593, .F. ) ;
#5188 = LINE ( 'NONE', #4791, #2897 ) ;
#5189 = EDGE_LOOP ( 'NONE', ( #836, #173, #3506, #2802 ) ) ;
#5190 = VERTEX_POINT ( 'NONE', #2712 ) ;
#5191 = CARTESIAN_POINT ( 'NONE',  ( -17.06249999999998579, 8.309539638847769097E-17, 1.357050807568875195 ) ) ;
#5192 = CARTESIAN_POINT ( 'NONE',  ( -11.50698189760320211, 0.9742012188451836252, -1.140584054421489135 ) ) ;
#5193 = CARTESIAN_POINT ( 'NONE',  ( 13.37500000000000178, 0.000000000000000000, 0.000000000000000000 ) ) ;
#5194 = CARTESIAN_POINT ( 'NONE',  ( 17.70833333333333570, 1.175240473580827727, -0.6785254037844341557 ) ) ;
#5195 = CARTESIAN_POINT ( 'NONE',  ( -17.31249999999998934, -7.262777413738992359E-16, 1.500000000000001110 ) ) ;
#5196 = CARTESIAN_POINT ( 'NONE',  ( -14.87499999999998757, -2.492861891654330359E-16, -1.357050807568875195 ) ) ;
#5197 = CARTESIAN_POINT ( 'NONE',  ( -15.16666666666665542, 0.5876202367904169721, 1.017788105676656452 ) ) ;
#5198 = CARTESIAN_POINT ( 'NONE',  ( 13.75000000000000178, -1.500000000000000000, -1.836970198721029934E-16 ) ) ;
#5199 = ADVANCED_FACE ( 'NONE', ( #2334 ), #242, .F. ) ;
#5200 = CARTESIAN_POINT ( 'NONE',  ( 12.29903810567680722, -1.299038105676882493, 2.249999999999999556 ) ) ;
#5201 = CARTESIAN_POINT ( 'NONE',  ( -14.00000000000000178, 1.500000000000001332, 0.000000000000000000 ) ) ;
#5202 = DIRECTION ( 'NONE',  ( 0.000000000000000000, 0.000000000000000000, 1.000000000000000000 ) ) ;
#5203 = CARTESIAN_POINT ( 'NONE',  ( 17.60416666666666785, -0.7500000000000006661, 1.299038105676657562 ) ) ;
#5204 = CARTESIAN_POINT ( 'NONE',  ( -11.39583333333332149, -1.175240473580834166, -0.6785254037844371533 ) ) ;
#5205 = CARTESIAN_POINT ( 'NONE',  ( -17.50000000000000000, -1.948557158514986565, -1.125000000000000444 ) ) ;
#5206 = CARTESIAN_POINT ( 'NONE',  ( -14.08482909936925154, -0.4019237886466848764, -1.500000000000001110 ) ) ;
#5207 = CARTESIAN_POINT ( 'NONE',  ( 15.58482909936926220, -0.4019237886466845988, 1.499999999999999778 ) ) ;
#5208 = FACE_OUTER_BOUND ( 'NONE', #78, .T. ) ;
#5209 = CARTESIAN_POINT ( 'NONE',  ( -17.50000000000000000, 2.598076211353316456, -6.186363472576506121E-17 ) ) ;
#5210 = CARTESIAN_POINT ( 'NONE',  ( 17.16666666666666785, -0.7500000000000006661, 1.299038105676657562 ) ) ;
#5211 = FACE_OUTER_BOUND ( 'NONE', #4062, .T. ) ;
#5212 = DIRECTION ( 'NONE',  ( 1.000000000000000000, 0.000000000000000000, 0.000000000000000000 ) ) ;
#5213 = VECTOR ( 'NONE', #2352, 1000.000000000000000 ) ;
#5214 = ORIENTED_EDGE ( 'NONE', *, *, #1473, .F. ) ;
#5215 = CARTESIAN_POINT ( 'NONE',  ( -16.39583333333332149, -1.175240473580834166, -0.6785254037844371533 ) ) ;
#5216 = EDGE_CURVE ( 'NONE', #4962, #1657, #5188, .T. ) ;
#5217 = CARTESIAN_POINT ( 'NONE',  ( -14.33482909936924798, 0.4019237886466845988, 1.500000000000001110 ) ) ;
#5218 = CARTESIAN_POINT ( 'NONE',  ( -11.10000000000000142, 0.000000000000000000, 0.000000000000000000 ) ) ;
#5219 = CARTESIAN_POINT ( 'NONE',  ( 17.50000000000000000, -1.175240473580827949, -1.439254484199180504E-16 ) ) ;
#5220 = LINE ( 'NONE', #2790, #2905 ) ;
#5221 = CARTESIAN_POINT ( 'NONE',  ( -13.12499999999998757, 8.309539638847769097E-17, 1.357050807568875195 ) ) ;
#5222 = CARTESIAN_POINT ( 'NONE',  ( -11.41666666666665542, -0.5876202367904174162, -1.017788105676656230 ) ) ;
#5223 = CARTESIAN_POINT ( 'NONE',  ( 12.16666666666666963, -0.7500000000000006661, 1.299038105676657562 ) ) ;
#5224 = EDGE_CURVE ( 'NONE', #2599, #4888, #4381, .T. ) ;
#5225 = CARTESIAN_POINT ( 'NONE',  ( 17.43206891898561395, -0.8048364405048986647, 0.8923782719897447313 ) ) ;
#5226 = FACE_OUTER_BOUND ( 'NONE', #427, .T. ) ;
#5227 = CARTESIAN_POINT ( 'NONE',  ( -17.12444047358084021, 0.8328287812014609770, 0.8292082922553253299 ) ) ;
#5228 = CARTESIAN_POINT ( 'NONE',  ( 15.27083333333333570, -0.7499999999999996669, -1.299038105676658228 ) ) ;
#5229 = CARTESIAN_POINT ( 'NONE',  ( -11.64583333333332149, 1.175240473580833944, 0.6785254037844374864 ) ) ;
#5230 = CARTESIAN_POINT ( 'NONE',  ( -15.56249999999998934, 2.788906526875773602E-15, -1.500000000000001554 ) ) ;
#5231 = CARTESIAN_POINT ( 'NONE',  ( 13.49479994131603711, 1.162044386198238097E-16, -1.292500414896857963 ) ) ;
#5232 = CARTESIAN_POINT ( 'NONE',  ( 13.52887321540187671, 0.8488562511717652193, -1.034999713054527204 ) ) ;
#5233 = EDGE_LOOP ( 'NONE', ( #1980, #1117, #3419 ) ) ;
#5234 = CARTESIAN_POINT ( 'NONE',  ( -14.83333333333333570, -0.7500000000000003331, 1.299038105676659338 ) ) ;
#5235 = CARTESIAN_POINT ( 'NONE',  ( 14.29166666666666785, -1.499999999999999778, -0.8660254037844391517 ) ) ;
#5236 = CARTESIAN_POINT ( 'NONE',  ( -13.89583333333332327, 1.500000000000001110, 0.8660254037844392627 ) ) ;
#5237 = CARTESIAN_POINT ( 'NONE',  ( 13.70229952641921400, -1.241324211260519839, 0.8420891891827426701 ) ) ;
#5238 =( BOUNDED_CURVE ( )  B_SPLINE_CURVE ( 2, ( #4378, #4023, #5234, #3143, #4449, #1512, #739, #4048, #2000 ),
 .UNSPECIFIED., .F., .F. ) 
 B_SPLINE_CURVE_WITH_KNOTS ( ( 3, 2, 2, 2, 3 ),
 ( 0.4081400880878831572, 0.4146184187016061506, 0.4275752442860313307, 0.4405320698704565108, 0.4470107333476043832 ),
 .UNSPECIFIED. ) 
 CURVE ( )  GEOMETRIC_REPRESENTATION_ITEM ( )  RATIONAL_B_SPLINE_CURVE ( ( 0.9330127019029982316, 0.9330135516242694660, 1.000000000000000000, 0.8660254037844387076, 1.000000000000000000, 0.8660254037844387076, 1.000000000000000000, 0.9330101097902604446, 0.9330127019925218423 ) ) 
 REPRESENTATION_ITEM ( '' )  );
#5239 = ORIENTED_EDGE ( 'NONE', *, *, #4274, .T. ) ;
#5240 = CARTESIAN_POINT ( 'NONE',  ( -13.27083333333332149, 0.5876202367904159729, -1.017788105676656896 ) ) ;
#5241 = CYLINDRICAL_SURFACE ( 'NONE', #3946, 1.500000000000000666 ) ;
#5242 = CARTESIAN_POINT ( 'NONE',  ( 12.29903810567665801, 1.299038105676658228, 2.250000000000000000 ) ) ;
#5243 = CARTESIAN_POINT ( 'NONE',  ( 13.25000000000000178, 1.175240473580827949, 0.000000000000000000 ) ) ;
#5244 = CARTESIAN_POINT ( 'NONE',  ( -17.18749999999998579, -1.500000000000001332, 1.836970198721031413E-16 ) ) ;
#5245 = CARTESIAN_POINT ( 'NONE',  ( -15.04166666666665542, -1.175240473580833722, 0.6785254037844379305 ) ) ;
#5246 = CARTESIAN_POINT ( 'NONE',  ( -13.41666666666665542, -0.5876202367904174162, -1.017788105676656230 ) ) ;
#5247 = CARTESIAN_POINT ( 'NONE',  ( 13.00000000000000178, 1.500000000000000000, 0.000000000000000000 ) ) ;
#5248 = CARTESIAN_POINT ( 'NONE',  ( 16.79166666666667140, 1.175240473580827727, 0.6785254037844348218 ) ) ;
#5249 = CARTESIAN_POINT ( 'NONE',  ( 15.79166666666666963, -1.499999999999999778, -0.8660254037844391517 ) ) ;
#5250 = DIRECTION ( 'NONE',  ( 1.000000000000000000, 0.000000000000000000, 0.000000000000000000 ) ) ;
#5251 = CARTESIAN_POINT ( 'NONE',  ( 13.68750000000000178, -1.500000000000000000, -1.836970198721029934E-16 ) ) ;
#5252 = CARTESIAN_POINT ( 'NONE',  ( -11.77083333333332149, 0.5876202367904159729, -1.017788105676656896 ) ) ;
#5253 = EDGE_CURVE ( 'NONE', #3930, #4888, #2124, .T. ) ;
#5254 = CARTESIAN_POINT ( 'NONE',  ( 17.62500000000000000, 8.309539638847728421E-17, -1.357050807568868533 ) ) ;
#5255 = CIRCLE ( 'NONE', #1693, 2.249999999999999556 ) ;
#5256 = VECTOR ( 'NONE', #3537, 1000.000000000000000 ) ;
#5257 = CARTESIAN_POINT ( 'NONE',  ( -17.31249999999998934, -7.262777413738992359E-16, 1.500000000000001110 ) ) ;
#5258 = CARTESIAN_POINT ( 'NONE',  ( 15.31250000000000178, 2.033577675846917841E-16, -1.499999999999999778 ) ) ;
#5259 = LOCAL_TIME ( 18, 17, 22.00000000000000000, #1755 ) ;
#5260 = ORIENTED_EDGE ( 'NONE', *, *, #764, .T. ) ;
#5261 = CC_DESIGN_PERSON_AND_ORGANIZATION_ASSIGNMENT ( #5036, #2916, ( #1962 ) ) ;
#5262 = CARTESIAN_POINT ( 'NONE',  ( -17.41111469916798526, -0.8716761822346991151, -2.249999999999999556 ) ) ;
#5263 = EDGE_CURVE ( 'NONE', #3051, #37, #3406, .T. ) ;
#5264 = CARTESIAN_POINT ( 'NONE',  ( -17.68749999999998934, -1.500000000000001332, 1.836970198721031413E-16 ) ) ;
#5265 = DIRECTION ( 'NONE',  ( 1.000000000000000000, 0.000000000000000000, 0.000000000000000000 ) ) ;
#5266 = ORIENTED_EDGE ( 'NONE', *, *, #1162, .F. ) ;
#5267 = CARTESIAN_POINT ( 'NONE',  ( -14.02083333333332149, -0.5876202367904166390, 1.017788105676656674 ) ) ;
#5268 = CARTESIAN_POINT ( 'NONE',  ( -12.81249999999998757, 2.033577675846917841E-16, 1.500000000000001110 ) ) ;
#5269 = CARTESIAN_POINT ( 'NONE',  ( -12.52083333333332149, 0.7499999999999995559, -1.299038105676659560 ) ) ;
#5270 = CARTESIAN_POINT ( 'NONE',  ( 13.91666666666666963, -0.5876202367904145296, 1.017788105676650900 ) ) ;
#5271 = CARTESIAN_POINT ( 'NONE',  ( -17.58333333333332149, -0.5876202367904166390, 1.017788105676656674 ) ) ;
#5272 = CARTESIAN_POINT ( 'NONE',  ( -14.49999999999998934, -1.175240473580833722, 1.439254484199187407E-16 ) ) ;
#5273 = CARTESIAN_POINT ( 'NONE',  ( -11.58333333333331971, -0.5876202367904166390, 1.017788105676656674 ) ) ;
#5274 = CARTESIAN_POINT ( 'NONE',  ( 14.68750000000000178, 1.175240473580827949, 0.000000000000000000 ) ) ;
#5275 =( BOUNDED_CURVE ( )  B_SPLINE_CURVE ( 2, ( #3166, #4401, #1610, #5287, #1141, #1169, #1999, #3972, #5310 ),
 .UNSPECIFIED., .F., .F. ) 
 B_SPLINE_CURVE_WITH_KNOTS ( ( 3, 2, 2, 2, 3 ),
 ( 0.4470107333476043832, 0.4534888954548817463, 0.4664457210393069264, 0.4794025466237321065, 0.4858808386549574032 ),
 .UNSPECIFIED. ) 
 CURVE ( )  GEOMETRIC_REPRESENTATION_ITEM ( )  RATIONAL_B_SPLINE_CURVE ( ( 0.9330127019925218423, 0.9330152939941782630, 1.000000000000000000, 0.8660254037844387076, 1.000000000000000000, 0.8660254037844387076, 1.000000000000000000, 0.9330139505703315406, 0.9330127019154954571 ) ) 
 REPRESENTATION_ITEM ( '' )  );
#5276 = CARTESIAN_POINT ( 'NONE',  ( -17.31253340996545020, -1.342309126561888943, -0.2981554848036246930 ) ) ;
#5277 = CARTESIAN_POINT ( 'NONE',  ( -15.47916666666665542, -1.175240473580833500, 0.6785254037844380415 ) ) ;
#5278 = FACE_OUTER_BOUND ( 'NONE', #3811, .T. ) ;
#5279 = CARTESIAN_POINT ( 'NONE',  ( -15.87500000000000000, 1.060575238724907778E-16, 1.732050807568878747 ) ) ;
#5280 = VERTEX_POINT ( 'NONE', #2406 ) ;
#5281 = CARTESIAN_POINT ( 'NONE',  ( 16.16666666666666785, 0.5876202367904140855, -1.017788105676651345 ) ) ;
#5282 =( BOUNDED_CURVE ( )  B_SPLINE_CURVE ( 2, ( #2305, #3065, #1377, #210, #616, #1436, #3446, #3116, #3868 ),
 .UNSPECIFIED., .F., .F. ) 
 B_SPLINE_CURVE_WITH_KNOTS ( ( 3, 2, 2, 2, 3 ),
 ( 0.09717628840444328397, 0.1036546046754015238, 0.1166114302598267316, 0.1295682558442519117, 0.1360458513215122567 ),
 .UNSPECIFIED. ) 
 CURVE ( )  GEOMETRIC_REPRESENTATION_ITEM ( )  RATIONAL_B_SPLINE_CURVE ( ( 0.9330127019070889594, 0.9330136999295852718, 1.000000000000000000, 0.8660254037844387076, 1.000000000000000000, 0.8660254037844387076, 1.000000000000000000, 0.9330211529931464742, 0.9330127029584082132 ) ) 
 REPRESENTATION_ITEM ( '' )  );
#5283 = EDGE_CURVE ( 'NONE', #671, #2234, #1950, .T. ) ;
#5284 = CARTESIAN_POINT ( 'NONE',  ( 17.50000000000000000, 0.000000000000000000, 0.000000000000000000 ) ) ;
#5285 = CARTESIAN_POINT ( 'NONE',  ( 12.48107752023654271, -0.4380684968213947039, -2.249999999999999556 ) ) ;
#5286 = VERTEX_POINT ( 'NONE', #2784 ) ;
#5287 = CARTESIAN_POINT ( 'NONE',  ( -14.54166666666666785, 1.500000000000000888, -0.8660254037844402619 ) ) ;
#5288 = PLANE ( 'NONE',  #2806 ) ;
#5289 = CARTESIAN_POINT ( 'NONE',  ( -13.81249999999998934, -6.768908549604741285E-15, 1.500000000000001332 ) ) ;
#5290 = FACE_OUTER_BOUND ( 'NONE', #1306, .T. ) ;
#5291 = EDGE_LOOP ( 'NONE', ( #2077, #4984, #1300, #1974 ) ) ;
#5292 = CARTESIAN_POINT ( 'NONE',  ( -14.39583333333332327, -1.175240473580834166, -0.6785254037844371533 ) ) ;
#5293 = CARTESIAN_POINT ( 'NONE',  ( -11.14733029422988331, -0.4019452961378595091, -1.499987582644182194 ) ) ;
#5294 = FACE_OUTER_BOUND ( 'NONE', #3267, .T. ) ;
#5295 = CARTESIAN_POINT ( 'NONE',  ( 14.41666666666666785, -0.5876202367904145296, 1.017788105676650900 ) ) ;
#5296 = CARTESIAN_POINT ( 'NONE',  ( -12.66666666666665542, 0.5876202367904169721, 1.017788105676656452 ) ) ;
#5297 = CARTESIAN_POINT ( 'NONE',  ( -12.29166666666665719, 1.175240473580833056, -0.6785254037844382635 ) ) ;
#5298 = CARTESIAN_POINT ( 'NONE',  ( 17.18750000000000000, 1.175240473580827949, 0.000000000000000000 ) ) ;
#5299 = AXIS2_PLACEMENT_3D ( 'NONE', #2226, #3527, #3838 ) ;
#5300 = CARTESIAN_POINT ( 'NONE',  ( 15.16666666666666785, 0.5876202367904140855, -1.017788105676651345 ) ) ;
#5301 = CARTESIAN_POINT ( 'NONE',  ( -15.31249999999998757, -2.492861891654330359E-16, -1.357050807568875195 ) ) ;
#5302 = CARTESIAN_POINT ( 'NONE',  ( 17.18750000000000000, 1.175240473580827949, 0.000000000000000000 ) ) ;
#5303 = CARTESIAN_POINT ( 'NONE',  ( -16.12500000000000000, -3.181725716174723456E-16, -1.732050807568878747 ) ) ;
#5304 = ORIENTED_EDGE ( 'NONE', *, *, #1559, .F. ) ;
#5305 =( BOUNDED_CURVE ( )  B_SPLINE_CURVE ( 2, ( #1068, #3235, #4377, #690, #761, #2829, #2355, #3996, #4474 ),
 .UNSPECIFIED., .F., .F. ) 
 B_SPLINE_CURVE_WITH_KNOTS ( ( 3, 2, 2, 2, 3 ),
 ( 0.8357142488771349687, 0.8421936629876375369, 0.8551504885720626614, 0.8681073141564877860, 0.8745857311055795780 ),
 .UNSPECIFIED. ) 
 CURVE ( )  GEOMETRIC_REPRESENTATION_ITEM ( )  RATIONAL_B_SPLINE_CURVE ( ( 0.9330127034925124185, 0.9330023481822997677, 1.000000000000000000, 0.8660254037844387076, 1.000000000000000000, 0.8660254037844387076, 1.000000000000000000, 0.9330126589097618162, 0.9330127018922469428 ) ) 
 REPRESENTATION_ITEM ( '' )  );
#5306 = CARTESIAN_POINT ( 'NONE',  ( 15.20833333333333570, 1.175240473580827727, -0.6785254037844341557 ) ) ;
#5307 = CARTESIAN_POINT ( 'NONE',  ( -16.93749999999998579, -1.175240473580833722, 1.439254484199187407E-16 ) ) ;
#5308 = CARTESIAN_POINT ( 'NONE',  ( 14.68750000000000178, -1.500000000000000000, -1.836970198721029934E-16 ) ) ;
#5309 = VERTEX_POINT ( 'NONE', #4894 ) ;
#5310 = CARTESIAN_POINT ( 'NONE',  ( -14.37500083245187277, 1.498413735659000907E-05, 1.499999999925159644 ) ) ;
#5311 = CARTESIAN_POINT ( 'NONE',  ( 15.31250000000000178, 2.033577675846917841E-16, -1.499999999999999778 ) ) ;
#5312 = CARTESIAN_POINT ( 'NONE',  ( -17.50000000000000000, 0.000000000000000000, 0.000000000000000000 ) ) ;
#5313 = DIRECTION ( 'NONE',  ( 0.000000000000000000, -0.6494796464051180163, 0.7603789771590762081 ) ) ;
#5314 = EDGE_CURVE ( 'NONE', #328, #827, #3239, .T. ) ;
#5315 = ORIENTED_EDGE ( 'NONE', *, *, #2932, .T. ) ;
#5316 = CARTESIAN_POINT ( 'NONE',  ( -14.06249999999998934, 8.309539638847769097E-17, 1.357050807568875195 ) ) ;
#5317 = CARTESIAN_POINT ( 'NONE',  ( 17.26905807005938343, 0.6488302831760942579, -1.193654362906553246 ) ) ;
#5318 = CARTESIAN_POINT ( 'NONE',  ( 17.04017090063074491, 0.4019237886466832665, 1.500000000000000222 ) ) ;
#5319 = CARTESIAN_POINT ( 'NONE',  ( 14.45833333333333393, -1.175240473580827949, 0.6785254037844338226 ) ) ;
#5320 = CARTESIAN_POINT ( 'NONE',  ( -11.54166666666665364, -1.175240473580833722, 0.6785254037844379305 ) ) ;
#5321 = CARTESIAN_POINT ( 'NONE',  ( -11.32670102385148247, 0.6811549392268789749, -0.9637858200463935709 ) ) ;
#5322 = APPLICATION_CONTEXT ( 'configuration controlled 3d designs of mechanical parts and assemblies' ) ;
#5323 = CARTESIAN_POINT ( 'NONE',  ( 15.97916666666666963, -1.175240473580827505, -0.6785254037844345998 ) ) ;
#5324 = CARTESIAN_POINT ( 'NONE',  ( 15.41666666666666963, -0.5876202367904145296, 1.017788105676650900 ) ) ;
#5325 = CARTESIAN_POINT ( 'NONE',  ( -14.81249999999998934, -2.492861891654330359E-16, -1.357050807568875195 ) ) ;
#5326 = CARTESIAN_POINT ( 'NONE',  ( 15.31250000000000000, -2.492861891654318526E-16, 1.357050807568868533 ) ) ;
#5327 = CARTESIAN_POINT ( 'NONE',  ( -15.00000000000000178, 1.500000000000001332, 0.000000000000000000 ) ) ;
#5328 = CARTESIAN_POINT ( 'NONE',  ( -17.48075666599056888, 2.168904970561405410, -0.7433463941989678636 ) ) ;
#5329 = CARTESIAN_POINT ( 'NONE',  ( 16.00000000000000000, -1.175240473580827949, -1.439254484199180504E-16 ) ) ;
#5330 = FACE_OUTER_BOUND ( 'NONE', #1582, .T. ) ;
#5331 = AXIS2_PLACEMENT_3D ( 'NONE', #2951, #963, #160 ) ;
#5332 = CARTESIAN_POINT ( 'NONE',  ( -12.75000000000000178, -1.500000000000001332, 1.836970198721031413E-16 ) ) ;
#5333 = ORIENTED_EDGE ( 'NONE', *, *, #4705, .F. ) ;
#5334 = VERTEX_POINT ( 'NONE', #2359 ) ;
#5335 = AXIS2_PLACEMENT_3D ( 'NONE', #1930, #3176, #4003 ) ;
#5336 = CARTESIAN_POINT ( 'NONE',  ( 16.60267090063074491, 0.4019237886466832665, 1.500000000000000222 ) ) ;
#5337 = CARTESIAN_POINT ( 'NONE',  ( -15.22916666666665364, -1.500000000000000888, 0.8660254037844398178 ) ) ;
#5338 = APPROVAL_PERSON_ORGANIZATION ( #3409, #4852, #3751 ) ;
#5339 = CARTESIAN_POINT ( 'NONE',  ( 0.000000000000000000, 0.000000000000000000, 0.000000000000000000 ) ) ;
#5340 = ORIENTED_EDGE ( 'NONE', *, *, #4834, .F. ) ;
#5341 = CARTESIAN_POINT ( 'NONE',  ( -15.43749999999998757, -1.175240473580833722, 1.439254484199187407E-16 ) ) ;
#5342 = CARTESIAN_POINT ( 'NONE',  ( -11.93749999999998757, 1.500000000000001332, 0.000000000000000000 ) ) ;
#5343 = CARTESIAN_POINT ( 'NONE',  ( 13.31250000000000178, 1.060575238724906915E-16, -1.732050807568877193 ) ) ;
#5344 = CARTESIAN_POINT ( 'NONE',  ( -11.10000000000000142, 0.000000000000000000, 1.500000000000000666 ) ) ;
#5345 = EDGE_CURVE ( 'NONE', #4694, #2573, #1402, .T. ) ;
#5346 = ADVANCED_FACE ( 'NONE', ( #5290 ), #4477, .T. ) ;
#5347 = CARTESIAN_POINT ( 'NONE',  ( 13.67039075366744960, -0.4747670894859128410, 1.394387312040322291 ) ) ;
#5348 = CARTESIAN_POINT ( 'NONE',  ( -17.40352217604770146, 1.458388954516270930, 0.1594492355356541546 ) ) ;
#5349 = CARTESIAN_POINT ( 'NONE',  ( 17.22916666666666785, 1.175240473580827505, 0.6785254037844348218 ) ) ;
#5350 = VERTEX_POINT ( 'NONE', #336 ) ;
#5351 = CARTESIAN_POINT ( 'NONE',  ( 14.04166666666666963, -1.175240473580827727, -0.6785254037844345998 ) ) ;
#5352 = CARTESIAN_POINT ( 'NONE',  ( -14.43749999999998934, -1.175240473580833722, 1.439254484199187407E-16 ) ) ;
#5353 = CARTESIAN_POINT ( 'NONE',  ( 16.77083333333333570, 0.5876202367904130863, 1.017788105676651789 ) ) ;
#5354 = CARTESIAN_POINT ( 'NONE',  ( -15.58333333333333393, 0.7499999999999995559, -1.299038105676659560 ) ) ;
#5355 = CARTESIAN_POINT ( 'NONE',  ( -11.10000000000000142, 0.000000000000000000, 1.500000000000000666 ) ) ;
#5356 = ORIENTED_EDGE ( 'NONE', *, *, #3853, .F. ) ;
#5357 = EDGE_CURVE ( 'NONE', #436, #512, #766, .T. ) ;
#5358 = CARTESIAN_POINT ( 'NONE',  ( 17.54166666666666785, -1.175240473580827505, -0.6785254037844345998 ) ) ;
#5359 = CARTESIAN_POINT ( 'NONE',  ( 17.50000000000000000, 0.000000000000000000, 0.000000000000000000 ) ) ;
#5360 = DIRECTION ( 'NONE',  ( 1.000000000000000000, 0.000000000000000000, 0.000000000000000000 ) ) ;
#5361 = VERTEX_POINT ( 'NONE', #4453 ) ;
#5362 = CARTESIAN_POINT ( 'NONE',  ( -16.31249999999998579, -1.539708811712666471E-15, 1.500000000000001110 ) ) ;
#5363 = DIRECTION ( 'NONE',  ( -1.000000000000000000, -0.000000000000000000, -0.000000000000000000 ) ) ;
#5364 = CARTESIAN_POINT ( 'NONE',  ( -16.39583333333332149, 1.500000000000001554, 0.8660254037844392627 ) ) ;
#5365 = CARTESIAN_POINT ( 'NONE',  ( -11.10000000000000142, 1.836970198721030427E-16, -1.500000000000000666 ) ) ;
#5366 = ORIENTED_EDGE ( 'NONE', *, *, #1162, .T. ) ;
#5367 = CARTESIAN_POINT ( 'NONE',  ( -12.31249999999998934, -2.492861891654330359E-16, -1.357050807568875195 ) ) ;
#5368 = CARTESIAN_POINT ( 'NONE',  ( 17.38786136258946868, 0.3393635277562894181, 1.192705781165146250 ) ) ;
#5369 = CARTESIAN_POINT ( 'NONE',  ( 13.10416666666666785, -0.7500000000000006661, 1.299038105676657562 ) ) ;
#5370 = CARTESIAN_POINT ( 'NONE',  ( 13.83482909936926042, 0.4019237886466842657, -1.499999999999999778 ) ) ;
#5371 = CARTESIAN_POINT ( 'NONE',  ( 17.12499999999999645, 0.000000000000000000, 0.000000000000000000 ) ) ;
#5372 = CARTESIAN_POINT ( 'NONE',  ( -16.58482909936924798, -0.4019237886466848764, -1.500000000000001110 ) ) ;
#5373 = CARTESIAN_POINT ( 'NONE',  ( 16.52083333333333570, -0.5876202367904137525, -1.017788105676651345 ) ) ;
#5374 = ADVANCED_FACE ( 'NONE', ( #1613 ), #717, .T. ) ;
#5375 = ORIENTED_EDGE ( 'NONE', *, *, #4969, .T. ) ;
#5376 = CARTESIAN_POINT ( 'NONE',  ( -12.87499999999998579, -2.492861891654330359E-16, -1.357050807568875195 ) ) ;
#5377 = CARTESIAN_POINT ( 'NONE',  ( 15.95833333333333393, -1.175240473580828393, 0.6785254037844338226 ) ) ;
#5378 = CARTESIAN_POINT ( 'NONE',  ( -16.89583333333332149, -1.175240473580834166, -0.6785254037844372643 ) ) ;
#5379 = CARTESIAN_POINT ( 'NONE',  ( 15.52083333333333393, -0.5876202367904137525, -1.017788105676651345 ) ) ;
#5380 = CARTESIAN_POINT ( 'NONE',  ( -15.75000000000000000, -1.500000000000001332, 1.836970198721031413E-16 ) ) ;
#5381 = LINE ( 'NONE', #5355, #990 ) ;
#5382 = CARTESIAN_POINT ( 'NONE',  ( -13.31249999999998757, 1.060575238724907778E-16, 1.732050807568878747 ) ) ;
#5383 = ORIENTED_EDGE ( 'NONE', *, *, #3810, .F. ) ;
#5384 = EDGE_CURVE ( 'NONE', #1631, #4619, #566, .T. ) ;
#5385 = VECTOR ( 'NONE', #4682, 1000.000000000000000 ) ;
#5386 = CARTESIAN_POINT ( 'NONE',  ( 13.16666666666666785, 0.5876202367904140855, -1.017788105676651345 ) ) ;
#5387 = CARTESIAN_POINT ( 'NONE',  ( -15.77083333333332149, 0.5876202367904159729, -1.017788105676656896 ) ) ;
#5388 = CARTESIAN_POINT ( 'NONE',  ( -11.10000000000000142, 0.000000000000000000, 0.000000000000000000 ) ) ;
#5389 = ORIENTED_EDGE ( 'NONE', *, *, #4782, .F. ) ;
#5390 = CARTESIAN_POINT ( 'NONE',  ( -11.10000000000000142, 0.000000000000000000, 0.000000000000000000 ) ) ;
ENDSEC;
END-ISO-10303-21;
