ISO-10303-21;
HEADER;
FILE_DESCRIPTION (( 'STEP AP214' ),
    '1' );
FILE_NAME ('1595-2.STEP',
    '2007-12-11T16:34:23',
    ( 'Richard Maletta' ),
    ( '' ),
    'SwSTEP 2.0',
    'SolidWorks 2007',
    '' );
FILE_SCHEMA (( 'AUTOMOTIVE_DESIGN' ));
ENDSEC;

DATA;
#1 = CARTESIAN_POINT ( 'NONE',  ( -2.061755611073093000E-016, 0.08839999999999984000, -0.04105249999999999900 ) ) ;
#2 = CARTESIAN_POINT ( 'NONE',  ( -0.02370167192590714700, 0.08744999999999984700, -0.04105249999999997100 ) ) ;
#3 = CARTESIAN_POINT ( 'NONE',  ( -0.03555250788886073900, 0.08649999999999982700, -0.02052624999999986100 ) ) ;
#4 =( BOUNDED_CURVE ( )  B_SPLINE_CURVE ( 2, ( #26, #13, #12, #11, #3, #2, #1, #22, #21, #20, #7, #6, #5 ),
 .UNSPECIFIED., .F., .F. ) 
 B_SPLINE_CURVE_WITH_KNOTS ( ( 3, 2, 2, 2, 2, 2, 3 ),
 ( 0.7499999999999998900, 0.7708333333333333700, 0.7916666666666669600, 0.8125000000000005600, 0.8333333333333340400, 0.8541666666666676300, 0.8750000000000012200 ),
 .UNSPECIFIED. ) 
 CURVE ( )  GEOMETRIC_REPRESENTATION_ITEM ( )  RATIONAL_B_SPLINE_CURVE ( ( 1.000000000000000700, 0.8660254037844380400, 1.000000000000000000, 0.8660254037844387100, 1.000000000000000000, 0.8660254037844387100, 1.000000000000000000, 0.8660254037844387100, 1.000000000000000000, 0.8660254037844387100, 1.000000000000000000, 0.8660254037844308300, 1.000000000000007800 ) ) 
 REPRESENTATION_ITEM ( '' )  );
#5 = CARTESIAN_POINT ( 'NONE',  ( -2.268209354740940000E-015, 0.09409999999999992000, 0.04105249999999999900 ) ) ;
#6 = CARTESIAN_POINT ( 'NONE',  ( 0.02370167192590649100, 0.09314999999999987200, 0.04105250000000127500 ) ) ;
#7 = CARTESIAN_POINT ( 'NONE',  ( 0.03555250788886081500, 0.09219999999999982400, 0.02052624999999973200 ) ) ;
#8 = CARTESIAN_POINT ( 'NONE',  ( -2.370545708514637800E-015, 0.09979999999999991700, 0.04300000000000001000 ) ) ;
#9 = CARTESIAN_POINT ( 'NONE',  ( -4.585269322435539200E-015, 0.09380000000000002200, 0.04094999999999999300 ) ) ;
#10 = LINE ( 'NONE', #9, #15 ) ;
#11 = CARTESIAN_POINT ( 'NONE',  ( -0.04740334385181421000, 0.08554999999999983500, 3.193737636691984200E-016 ) ) ;
#12 = CARTESIAN_POINT ( 'NONE',  ( -0.03555250788886061400, 0.08459999999999984200, 0.02052625000000008600 ) ) ;
#13 = CARTESIAN_POINT ( 'NONE',  ( -0.02370167192590681400, 0.08364999999999982200, 0.04105250000000024200 ) ) ;
#14 = DIRECTION ( 'NONE',  ( 3.620247600215802300E-014, -0.9462910228001207800, -0.3233160994567101900 ) ) ;
#15 = VECTOR ( 'NONE', #14, 39.37007874015748900 ) ;
#16 = DIRECTION ( 'NONE',  ( -3.620247600215809800E-014, -0.9462910228001205600, 0.3233160994567108600 ) ) ;
#17 = VECTOR ( 'NONE', #16, 39.37007874015748100 ) ;
#18 = CARTESIAN_POINT ( 'NONE',  ( -4.585269322435539200E-015, 0.1058000000000000200, 0.04094999999999999300 ) ) ;
#19 = LINE ( 'NONE', #18, #17 ) ;
#20 = CARTESIAN_POINT ( 'NONE',  ( 0.04740334385181421000, 0.09124999999999981700, -1.567682991533102600E-016 ) ) ;
#21 = CARTESIAN_POINT ( 'NONE',  ( 0.03555250788886053800, 0.09029999999999983900, -0.02052625000000021800 ) ) ;
#22 = CARTESIAN_POINT ( 'NONE',  ( 0.02370167192590702500, 0.08934999999999983200, -0.04105250000000004000 ) ) ;
#23 = CARTESIAN_POINT ( 'NONE',  ( -0.03546374028497276100, 0.01779999999999998600, -0.02047499999999998600 ) ) ;
#24 = CARTESIAN_POINT ( 'NONE',  ( -0.04094999999999999300, 0.01735910346561912400, -0.01097251943005446800 ) ) ;
#25 = CARTESIAN_POINT ( 'NONE',  ( -0.04094999999999999300, 0.01684999999999999000, 3.431233423813697800E-018 ) ) ;
#26 = CARTESIAN_POINT ( 'NONE',  ( 2.011482458732800100E-016, 0.08269999999999984300, 0.04105249999999999900 ) ) ;
#27 = CARTESIAN_POINT ( 'NONE',  ( -2.268209354740940000E-015, 0.09409999999999992000, 0.04105249999999999900 ) ) ;
#28 = AXIS2_PLACEMENT_3D ( 'NONE', #29, #45, #44 ) ;
#29 = CARTESIAN_POINT ( 'NONE',  ( -4.212645857148978400E-017, 0.1720000000000000100, 0.0000000000000000000 ) ) ;
#30 = PLANE ( 'NONE',  #49 ) ;
#31 = FACE_BOUND ( 'NONE', #689, .T. ) ;
#32 = CARTESIAN_POINT ( 'NONE',  ( -3.061515884555943800E-017, 0.1250000000000000000, 0.0000000000000000000 ) ) ;
#33 = CARTESIAN_POINT ( 'NONE',  ( -0.03608439182435161500, 0.1250000000000000000, 0.06250000000000006900 ) ) ;
#34 = LINE ( 'NONE', #33, #51 ) ;
#35 = DIRECTION ( 'NONE',  ( -1.000000000000000000, -2.449212707644755000E-016, 0.0000000000000000000 ) ) ;
#36 = DIRECTION ( 'NONE',  ( -2.449212707644755000E-016, 1.000000000000000000, 0.0000000000000000000 ) ) ;
#37 = CARTESIAN_POINT ( 'NONE',  ( 0.04095000000000000000, 0.02254999999999997600, -2.287488949209131600E-018 ) ) ;
#38 = CARTESIAN_POINT ( 'NONE',  ( 0.04094999999999998600, 0.02204089653438084200, -0.01097251943005447800 ) ) ;
#39 = CARTESIAN_POINT ( 'NONE',  ( 0.03546374028497274700, 0.02159999999999997700, -0.02047500000000001400 ) ) ;
#40 = CARTESIAN_POINT ( 'NONE',  ( 0.02364249352331515200, 0.02064999999999998100, -0.04094999999999999300 ) ) ;
#41 = CIRCLE ( 'NONE', #28, 0.06249999999999997900 ) ;
#42 =( BOUNDED_CURVE ( )  B_SPLINE_CURVE ( 2, ( #25, #24, #23, #47, #46, #40, #39, #38, #37 ),
 .UNSPECIFIED., .F., .T. ) 
 B_SPLINE_CURVE_WITH_KNOTS ( ( 3, 2, 2, 2, 3 ),
 ( 0.2500000000000000000, 0.3333333333333333100, 0.5000000000000000000, 0.6666666666666666300, 0.7500000000000000000 ),
 .UNSPECIFIED. ) 
 CURVE ( )  GEOMETRIC_REPRESENTATION_ITEM ( )  RATIONAL_B_SPLINE_CURVE ( ( 0.9330127018922194100, 0.9330127018922194100, 1.000000000000000000, 0.8660254037844387100, 1.000000000000000000, 0.8660254037844387100, 1.000000000000000000, 0.9330127018922193000, 0.9330127018922194100 ) ) 
 REPRESENTATION_ITEM ( '' )  );
#43 = FACE_OUTER_BOUND ( 'NONE', #692, .T. ) ;
#44 = DIRECTION ( 'NONE',  ( 1.000000000000000000, 0.0000000000000000000, 0.0000000000000000000 ) ) ;
#45 = DIRECTION ( 'NONE',  ( 2.449212707644755000E-016, -1.000000000000000000, 0.0000000000000000000 ) ) ;
#46 = CARTESIAN_POINT ( 'NONE',  ( -5.014763018902634200E-018, 0.01969999999999998100, -0.04094999999999999300 ) ) ;
#47 = CARTESIAN_POINT ( 'NONE',  ( -0.02364249352331519000, 0.01874999999999998200, -0.04094999999999997300 ) ) ;
#48 = CARTESIAN_POINT ( 'NONE',  ( 0.01999999999999994100, 0.1720000000000000100, 0.0000000000000000000 ) ) ;
#49 = AXIS2_PLACEMENT_3D ( 'NONE', #48, #36, #35 ) ;
#50 = AXIS2_PLACEMENT_3D ( 'NONE', #32, #55, #54 ) ;
#51 = VECTOR ( 'NONE', #56, 39.37007874015748100 ) ;
#52 = CARTESIAN_POINT ( 'NONE',  ( -2.767610359638573200E-017, 0.1130000000000000000, 0.0000000000000000000 ) ) ;
#53 = AXIS2_PLACEMENT_3D ( 'NONE', #52, #71, #70 ) ;
#54 = DIRECTION ( 'NONE',  ( 1.000000000000000000, 0.0000000000000000000, 0.0000000000000000000 ) ) ;
#55 = DIRECTION ( 'NONE',  ( 2.449212707644755000E-016, -1.000000000000000000, 0.0000000000000000000 ) ) ;
#56 = DIRECTION ( 'NONE',  ( 1.000000000000000000, 0.0000000000000000000, -2.365849761790801000E-016 ) ) ;
#57 = CIRCLE ( 'NONE', #50, 0.03282641435620374500 ) ;
#58 = DIRECTION ( 'NONE',  ( -3.398436393386308900E-014, -0.9462910228001205600, 0.3233160994567108600 ) ) ;
#59 = VECTOR ( 'NONE', #58, 39.37007874015748100 ) ;
#60 = CARTESIAN_POINT ( 'NONE',  ( -4.304331598179582700E-015, 0.09440000000000002600, 0.04094999999999999300 ) ) ;
#61 = DIRECTION ( 'NONE',  ( 1.000000000000000000, 2.449212707644755000E-016, 0.0000000000000000000 ) ) ;
#62 = DIRECTION ( 'NONE',  ( 2.449212707644755000E-016, -1.000000000000000000, 0.0000000000000000000 ) ) ;
#63 = AXIS2_PLACEMENT_3D ( 'NONE', #73, #62, #61 ) ;
#64 = CIRCLE ( 'NONE', #63, 0.03402179676972447900 ) ;
#65 = DIRECTION ( 'NONE',  ( 1.000000000000000000, 2.449212707644755000E-016, 0.0000000000000000000 ) ) ;
#66 = DIRECTION ( 'NONE',  ( 2.449212707644755000E-016, -1.000000000000000000, 0.0000000000000000000 ) ) ;
#67 = CARTESIAN_POINT ( 'NONE',  ( 1.020423046027421800E-033, -4.166330849265823500E-018, 0.0000000000000000000 ) ) ;
#68 = AXIS2_PLACEMENT_3D ( 'NONE', #67, #66, #65 ) ;
#69 = PLANE ( 'NONE',  #68 ) ;
#70 = DIRECTION ( 'NONE',  ( 1.000000000000000000, 0.0000000000000000000, 0.0000000000000000000 ) ) ;
#71 = DIRECTION ( 'NONE',  ( 2.449212707644755000E-016, -1.000000000000000000, 0.0000000000000000000 ) ) ;
#72 = LINE ( 'NONE', #60, #59 ) ;
#73 = CARTESIAN_POINT ( 'NONE',  ( 2.040846092054843600E-033, -8.332661698531647100E-018, 0.0000000000000000000 ) ) ;
#74 = FACE_OUTER_BOUND ( 'NONE', #704, .T. ) ;
#75 = CARTESIAN_POINT ( 'NONE',  ( -2.561107494060246800E-017, 0.1720000000000000100, 0.06250000000000006900 ) ) ;
#76 = CARTESIAN_POINT ( 'NONE',  ( -2.561107494060246800E-017, 0.1720000000000000100, 0.06250000000000006900 ) ) ;
#77 = CARTESIAN_POINT ( 'NONE',  ( 0.006095030553741168800, 0.1720000000000002400, 0.06250000000000006900 ) ) ;
#78 = CARTESIAN_POINT ( 'NONE',  ( 0.01225587550985139100, 0.1715203934700239600, 0.06250000000000005600 ) ) ;
#79 = CARTESIAN_POINT ( 'NONE',  ( 0.02430148692121842200, 0.1697718739086276100, 0.06250000000000006900 ) ) ;
#80 = CARTESIAN_POINT ( 'NONE',  ( 0.03022601139805512400, 0.1685147666550296800, 0.06250000000000005600 ) ) ;
#81 = CARTESIAN_POINT ( 'NONE',  ( 0.03608439182435163600, 0.1670000000000000100, 0.06250000000000005600 ) ) ;
#82 = CARTESIAN_POINT ( 'NONE',  ( 2.040846092054843600E-033, -8.332661698531647100E-018, 0.0000000000000000000 ) ) ;
#83 = CARTESIAN_POINT ( 'NONE',  ( 0.03608439182435163600, 0.1670000000000000100, 0.06250000000000005600 ) ) ;
#84 = CARTESIAN_POINT ( 'NONE',  ( -2.561107494060246800E-017, 0.1720000000000000100, 0.06250000000000006900 ) ) ;
#85 = CARTESIAN_POINT ( 'NONE',  ( -0.03608439182435161500, 0.1670000000000000100, 0.06250000000000006900 ) ) ;
#86 = CARTESIAN_POINT ( 'NONE',  ( -0.02429484441820142800, 0.1700483532971936400, 0.06250000000000006900 ) ) ;
#87 = CARTESIAN_POINT ( 'NONE',  ( -0.01216596758628672000, 0.1720000000000002600, 0.06250000000000006900 ) ) ;
#88 = FACE_OUTER_BOUND ( 'NONE', #703, .T. ) ;
#89 = B_SPLINE_CURVE_WITH_KNOTS ( 'NONE', 3,
 ( #84, #87, #86, #85 ),
 .UNSPECIFIED., .F., .F.,
 ( 4, 4 ),
 ( 0.001769778966240714700, 0.002690134077959891900 ),
 .UNSPECIFIED. ) ;
#90 = DIRECTION ( 'NONE',  ( 0.0000000000000000000, -1.000000000000000000, 0.0000000000000000000 ) ) ;
#91 = VECTOR ( 'NONE', #90, 39.37007874015748100 ) ;
#92 = CARTESIAN_POINT ( 'NONE',  ( 0.03608439182435163600, 0.1670000000000000100, 0.06250000000000005600 ) ) ;
#93 = LINE ( 'NONE', #92, #91 ) ;
#94 = DIRECTION ( 'NONE',  ( -1.000000000000000000, -2.449212707644755000E-016, 0.0000000000000000000 ) ) ;
#95 = AXIS2_PLACEMENT_3D ( 'NONE', #82, #99, #94 ) ;
#96 = CONICAL_SURFACE ( 'NONE', #95, 0.03402179676972447900, 0.5235987755982999300 ) ;
#97 = CARTESIAN_POINT ( 'NONE',  ( 0.03608439182435163600, 0.1250000000000000000, 0.06250000000000005600 ) ) ;
#98 = B_SPLINE_CURVE_WITH_KNOTS ( 'NONE', 3,
 ( #83, #80, #79, #78, #77, #76 ),
 .UNSPECIFIED., .F., .F.,
 ( 4, 2, 4 ),
 ( 0.0008476011803088560800, 0.001308690073274785500, 0.001769778966240714700 ),
 .UNSPECIFIED. ) ;
#99 = DIRECTION ( 'NONE',  ( -2.449212707644755000E-016, 1.000000000000000000, 0.0000000000000000000 ) ) ;
#100 = DIRECTION ( 'NONE',  ( 0.4999999999999996100, 0.0000000000000000000, -0.8660254037844388200 ) ) ;
#101 = VECTOR ( 'NONE', #100, 39.37007874015748900 ) ;
#102 = CARTESIAN_POINT ( 'NONE',  ( 0.03608439182435163600, 0.1250000000000000000, 0.06250000000000005600 ) ) ;
#103 = FACE_OUTER_BOUND ( 'NONE', #1688, .T. ) ;
#104 = DIRECTION ( 'NONE',  ( -1.000000000000000000, -2.449212707644755000E-016, 0.0000000000000000000 ) ) ;
#105 = DIRECTION ( 'NONE',  ( -1.000000000000000000, 0.0000000000000000000, 2.365849761790801000E-016 ) ) ;
#106 = PLANE ( 'NONE',  #114 ) ;
#107 = CARTESIAN_POINT ( 'NONE',  ( 0.05412658773652745400, 0.1720000000000000100, 0.03125000000000001400 ) ) ;
#108 = CARTESIAN_POINT ( 'NONE',  ( 0.07216878364870325800, 0.1250000000000000000, -1.707404996040164500E-017 ) ) ;
#109 = DIRECTION ( 'NONE',  ( -0.4999999999999996100, 0.0000000000000000000, 0.8660254037844388200 ) ) ;
#110 = DIRECTION ( 'NONE',  ( -0.8660254037844388200, 0.0000000000000000000, -0.4999999999999996100 ) ) ;
#111 = CARTESIAN_POINT ( 'NONE',  ( 0.03608439182435163600, 0.1670000000000000100, 0.06250000000000005600 ) ) ;
#112 = DIRECTION ( 'NONE',  ( -2.449212707644755000E-016, 1.000000000000000000, 0.0000000000000000000 ) ) ;
#113 = CARTESIAN_POINT ( 'NONE',  ( -7.641543647851635200E-017, 0.3120000000000000000, 0.0000000000000000000 ) ) ;
#114 = AXIS2_PLACEMENT_3D ( 'NONE', #113, #112, #104 ) ;
#115 = AXIS2_PLACEMENT_3D ( 'NONE', #111, #110, #109 ) ;
#116 = PLANE ( 'NONE',  #115 ) ;
#117 = LINE ( 'NONE', #102, #101 ) ;
#118 = DIRECTION ( 'NONE',  ( -2.365849761790801000E-016, 0.0000000000000000000, -1.000000000000000000 ) ) ;
#119 = AXIS2_PLACEMENT_3D ( 'NONE', #123, #118, #105 ) ;
#120 = FACE_OUTER_BOUND ( 'NONE', #1314, .T. ) ;
#121 = PLANE ( 'NONE',  #119 ) ;
#122 = FACE_OUTER_BOUND ( 'NONE', #1278, .T. ) ;
#123 = CARTESIAN_POINT ( 'NONE',  ( -0.03608439182435161500, 0.1670000000000000100, 0.06250000000000006900 ) ) ;
#124 = CARTESIAN_POINT ( 'NONE',  ( 0.07216878364870325800, 0.1670000000000000100, -1.707404996040164500E-017 ) ) ;
#125 = DIRECTION ( 'NONE',  ( 0.0000000000000000000, -1.000000000000000000, 0.0000000000000000000 ) ) ;
#126 = VECTOR ( 'NONE', #125, 39.37007874015748100 ) ;
#127 = CARTESIAN_POINT ( 'NONE',  ( 0.06021815673088369600, 0.1720000000000000100, 0.02069909300396375100 ) ) ;
#128 = CARTESIAN_POINT ( 'NONE',  ( -0.03608439182435161500, 0.1250000000000000000, 0.06250000000000006900 ) ) ;
#129 = B_SPLINE_CURVE_WITH_KNOTS ( 'NONE', 3,
 ( #141, #140, #139, #138, #137, #136 ),
 .UNSPECIFIED., .F., .F.,
 ( 4, 2, 4 ),
 ( 0.0009246013994553370200, 0.001382278505101543300, 0.001839955610747749800 ),
 .UNSPECIFIED. ) ;
#130 = CARTESIAN_POINT ( 'NONE',  ( 0.06622026233350483700, 0.1700761476993004300, 0.01030314114783009200 ) ) ;
#131 = CARTESIAN_POINT ( 'NONE',  ( 0.07216878364870325800, 0.1670000000000000100, -1.707404996040164500E-017 ) ) ;
#132 = LINE ( 'NONE', #135, #134 ) ;
#133 = DIRECTION ( 'NONE',  ( 0.0000000000000000000, -1.000000000000000000, 0.0000000000000000000 ) ) ;
#134 = VECTOR ( 'NONE', #133, 39.37007874015748100 ) ;
#135 = CARTESIAN_POINT ( 'NONE',  ( -0.03608439182435161500, 0.1670000000000000100, 0.06250000000000006900 ) ) ;
#136 = CARTESIAN_POINT ( 'NONE',  ( -0.07216878364870327200, 0.1670000000000000100, -4.994159613417481500E-016 ) ) ;
#137 = CARTESIAN_POINT ( 'NONE',  ( -0.06921232398029272800, 0.1685288684574193200, 0.005120738356214836000 ) ) ;
#138 = CARTESIAN_POINT ( 'NONE',  ( -0.06623147017670176500, 0.1697896334781966400, 0.01028372859396936400 ) ) ;
#139 = CARTESIAN_POINT ( 'NONE',  ( -0.06019887095434772000, 0.1715320301126357900, 0.02073249694878717700 ) ) ;
#140 = CARTESIAN_POINT ( 'NONE',  ( -0.05714267866042319800, 0.1720000000000001000, 0.02602597727956496400 ) ) ;
#141 = CARTESIAN_POINT ( 'NONE',  ( -0.05412658773652746100, 0.1720000000000000100, 0.03124999999999975400 ) ) ;
#142 = B_SPLINE_CURVE_WITH_KNOTS ( 'NONE', 3,
 ( #144, #151, #150, #149 ),
 .UNSPECIFIED., .F., .F.,
 ( 4, 4 ),
 ( 2.354779598192502100E-007, 0.0009246013994553370200 ),
 .UNSPECIFIED. ) ;
#143 = B_SPLINE_CURVE_WITH_KNOTS ( 'NONE', 3,
 ( #131, #130, #127, #145 ),
 .UNSPECIFIED., .F., .F.,
 ( 4, 4 ),
 ( 2.354779598193448700E-007, 0.0009246013994553303000 ),
 .UNSPECIFIED. ) ;
#144 = CARTESIAN_POINT ( 'NONE',  ( -0.03608439182435161500, 0.1670000000000000100, 0.06250000000000006900 ) ) ;
#145 = CARTESIAN_POINT ( 'NONE',  ( 0.05412658773652745400, 0.1720000000000000100, 0.03125000000000001400 ) ) ;
#146 = CARTESIAN_POINT ( 'NONE',  ( -0.05412658773652746100, 0.1720000000000000100, 0.03124999999999975400 ) ) ;
#147 = CARTESIAN_POINT ( 'NONE',  ( 0.07216878364870325800, 0.1670000000000000100, -1.707404996040164500E-017 ) ) ;
#148 = LINE ( 'NONE', #147, #126 ) ;
#149 = CARTESIAN_POINT ( 'NONE',  ( -0.05412658773652746100, 0.1720000000000000100, 0.03124999999999975400 ) ) ;
#150 = CARTESIAN_POINT ( 'NONE',  ( -0.04803501874217121200, 0.1720000000000000700, 0.04180090699603612700 ) ) ;
#151 = CARTESIAN_POINT ( 'NONE',  ( -0.04203291313955005000, 0.1700761476993004900, 0.05219685885216987500 ) ) ;
#152 = CARTESIAN_POINT ( 'NONE',  ( -0.03608439182435161500, 0.1670000000000000100, 0.06250000000000006900 ) ) ;
#153 = CARTESIAN_POINT ( 'NONE',  ( 0.05412658773652745400, 0.1720000000000000100, -0.03125000000000003500 ) ) ;
#154 = CARTESIAN_POINT ( 'NONE',  ( 0.04803501874217121200, 0.1720000000000000100, -0.04180090699603630100 ) ) ;
#155 = LINE ( 'NONE', #178, #177 ) ;
#156 =( BOUNDED_CURVE ( )  B_SPLINE_CURVE ( 2, ( #194, #193, #192, #198, #197 ),
 .UNSPECIFIED., .F., .F. ) 
 B_SPLINE_CURVE_WITH_KNOTS ( ( 3, 2, 3 ),
 ( 0.7499999999999836800, 0.8333333333333332600, 0.9289623383004684800 ),
 .UNSPECIFIED. ) 
 CURVE ( )  GEOMETRIC_REPRESENTATION_ITEM ( )  RATIONAL_B_SPLINE_CURVE ( ( 0.9330127018922194100, 0.9330127018922063100, 1.000000000000000000, 0.9231288560381929500, 0.9344710441694219500 ) ) 
 REPRESENTATION_ITEM ( '' )  );
#157 = CARTESIAN_POINT ( 'NONE',  ( 0.07216878364870325800, 0.1670000000000000100, -1.707404996040164500E-017 ) ) ;
#158 = DIRECTION ( 'NONE',  ( -0.4999999999999998300, 0.0000000000000000000, -0.8660254037844386000 ) ) ;
#159 = CARTESIAN_POINT ( 'NONE',  ( 0.04203291313955005700, 0.1700761476993004300, -0.05219685885216995100 ) ) ;
#160 = CARTESIAN_POINT ( 'NONE',  ( 0.03608439182435163600, 0.1670000000000000100, -0.06250000000000005600 ) ) ;
#161 = CARTESIAN_POINT ( 'NONE',  ( 0.05412658773652745400, 0.1720000000000000100, -0.03125000000000003500 ) ) ;
#162 = B_SPLINE_CURVE_WITH_KNOTS ( 'NONE', 3,
 ( #161, #172, #171, #170, #169, #157 ),
 .UNSPECIFIED., .F., .F.,
 ( 4, 2, 4 ),
 ( 0.0009246013994553300800, 0.001382278505101533500, 0.001839955610747737000 ),
 .UNSPECIFIED. ) ;
#163 = CARTESIAN_POINT ( 'NONE',  ( 0.03608439182435163600, 0.1670000000000000100, -0.06250000000000005600 ) ) ;
#164 = DIRECTION ( 'NONE',  ( 0.8660254037844387100, 0.0000000000000000000, -0.4999999999999998900 ) ) ;
#165 = B_SPLINE_CURVE_WITH_KNOTS ( 'NONE', 3,
 ( #160, #159, #154, #153 ),
 .UNSPECIFIED., .F., .F.,
 ( 4, 4 ),
 ( 2.354779598190632300E-007, 0.0009246013994553300800 ),
 .UNSPECIFIED. ) ;
#166 = DIRECTION ( 'NONE',  ( 0.4999999999999998900, 0.0000000000000000000, 0.8660254037844386000 ) ) ;
#167 = FACE_OUTER_BOUND ( 'NONE', #1376, .T. ) ;
#168 = DIRECTION ( 'NONE',  ( 0.4999999999999998900, 0.0000000000000000000, 0.8660254037844386000 ) ) ;
#169 = CARTESIAN_POINT ( 'NONE',  ( 0.06921232398029270000, 0.1685288684574193800, -0.005120738356215313900 ) ) ;
#170 = CARTESIAN_POINT ( 'NONE',  ( 0.06623147017670176500, 0.1697896334781966200, -0.01028372859396979900 ) ) ;
#171 = CARTESIAN_POINT ( 'NONE',  ( 0.06019887095434772000, 0.1715320301126357400, -0.02073249694878752700 ) ) ;
#172 = CARTESIAN_POINT ( 'NONE',  ( 0.05714267866042317000, 0.1720000000000000400, -0.02602597727956527900 ) ) ;
#173 = CARTESIAN_POINT ( 'NONE',  ( -0.07216878364870325800, 0.1670000000000000100, 8.537024980200822600E-018 ) ) ;
#174 = CARTESIAN_POINT ( 'NONE',  ( 0.05412658773652745400, 0.1720000000000000100, -0.03125000000000003500 ) ) ;
#175 = AXIS2_PLACEMENT_3D ( 'NONE', #173, #164, #158 ) ;
#176 = PLANE ( 'NONE',  #175 ) ;
#177 = VECTOR ( 'NONE', #168, 39.37007874015748900 ) ;
#178 = CARTESIAN_POINT ( 'NONE',  ( -0.07216878364870325800, 0.1250000000000000000, 8.537024980200822600E-018 ) ) ;
#179 = CYLINDRICAL_SURFACE ( 'NONE', #191, 0.03282641435620374500 ) ;
#180 = FACE_OUTER_BOUND ( 'NONE', #1344, .T. ) ;
#181 = DIRECTION ( 'NONE',  ( -0.4999999999999998900, 0.0000000000000000000, -0.8660254037844386000 ) ) ;
#182 = CIRCLE ( 'NONE', #53, 0.03282641435620374500 ) ;
#183 = DIRECTION ( 'NONE',  ( 2.449212707644755000E-016, -1.000000000000000000, 0.0000000000000000000 ) ) ;
#184 = DIRECTION ( 'NONE',  ( 1.000000000000000000, 2.449212707644755500E-016, 0.0000000000000000000 ) ) ;
#185 = DIRECTION ( 'NONE',  ( 2.449212707644755000E-016, -1.000000000000000000, 0.0000000000000000000 ) ) ;
#186 = VECTOR ( 'NONE', #181, 39.37007874015748100 ) ;
#187 = CARTESIAN_POINT ( 'NONE',  ( 0.07216878364870325800, 0.1250000000000000000, -1.707404996040164500E-017 ) ) ;
#188 = CARTESIAN_POINT ( 'NONE',  ( 0.03608439182435163600, 0.1250000000000000000, -0.06250000000000005600 ) ) ;
#189 = LINE ( 'NONE', #187, #186 ) ;
#190 = CARTESIAN_POINT ( 'NONE',  ( 0.0000000000000000000, 0.0000000000000000000, 0.0000000000000000000 ) ) ;
#191 = AXIS2_PLACEMENT_3D ( 'NONE', #190, #185, #184 ) ;
#192 = CARTESIAN_POINT ( 'NONE',  ( 0.03546374028497061700, 0.1039000000000000100, 0.02047500000000369900 ) ) ;
#193 = CARTESIAN_POINT ( 'NONE',  ( 0.04094999999999999300, 0.1034591034656190400, 0.01097251943005677300 ) ) ;
#194 = CARTESIAN_POINT ( 'NONE',  ( 0.04095000000000000000, 0.1029499999999998100, 6.862466847627394900E-018 ) ) ;
#195 = CIRCLE ( 'NONE', #244, 0.06249999999999997900 ) ;
#196 = DIRECTION ( 'NONE',  ( 1.000000000000000000, 0.0000000000000000000, 0.0000000000000000000 ) ) ;
#197 = CARTESIAN_POINT ( 'NONE',  ( 0.01761132416364884200, 0.1049999999999999700, 0.03696949771369467700 ) ) ;
#198 = CARTESIAN_POINT ( 'NONE',  ( 0.02910058568127104800, 0.1044113671168019600, 0.03149630707002448700 ) ) ;
#199 = PLANE ( 'NONE',  #201 ) ;
#200 = DIRECTION ( 'NONE',  ( -0.8660254037844387100, 0.0000000000000000000, 0.4999999999999999400 ) ) ;
#201 = AXIS2_PLACEMENT_3D ( 'NONE', #204, #200, #166 ) ;
#202 = CARTESIAN_POINT ( 'NONE',  ( -4.585269322435539200E-015, 0.1058000000000000200, 0.04094999999999999300 ) ) ;
#203 = FACE_OUTER_BOUND ( 'NONE', #1350, .T. ) ;
#204 = CARTESIAN_POINT ( 'NONE',  ( 0.07216878364870325800, 0.1670000000000000100, -1.707404996040164500E-017 ) ) ;
#205 = AXIS2_PLACEMENT_3D ( 'NONE', #242, #217, #209 ) ;
#206 = CARTESIAN_POINT ( 'NONE',  ( 0.0000000000000000000, 0.0000000000000000000, 0.0000000000000000000 ) ) ;
#207 = CONICAL_SURFACE ( 'NONE', #205, 0.04094999999999998600, 0.7930629115722938000 ) ;
#208 = CARTESIAN_POINT ( 'NONE',  ( 0.03608439182435163600, 0.1670000000000000100, -0.06250000000000005600 ) ) ;
#209 = DIRECTION ( 'NONE',  ( 1.000000000000000000, 4.169487169817252700E-016, 0.0000000000000000000 ) ) ;
#210 = CARTESIAN_POINT ( 'NONE',  ( -5.122214988120493500E-017, 0.1720000000000000100, -0.06250000000000005600 ) ) ;
#211 = B_SPLINE_CURVE_WITH_KNOTS ( 'NONE', 3,
 ( #216, #230, #229, #228 ),
 .UNSPECIFIED., .F., .F.,
 ( 4, 4 ),
 ( 0.001611716271163564700, 0.002536525920910292900 ),
 .UNSPECIFIED. ) ;
#212 = AXIS2_PLACEMENT_3D ( 'NONE', #206, #241, #240 ) ;
#213 = FACE_OUTER_BOUND ( 'NONE', #1339, .T. ) ;
#214 = DIRECTION ( 'NONE',  ( 0.0000000000000000000, -1.000000000000000000, 0.0000000000000000000 ) ) ;
#215 = VECTOR ( 'NONE', #214, 39.37007874015748100 ) ;
#216 = CARTESIAN_POINT ( 'NONE',  ( -0.03608439182435162200, 0.1670000000000000100, -0.06250000000000005600 ) ) ;
#217 = DIRECTION ( 'NONE',  ( 2.449212707644755000E-016, -1.000000000000000000, 0.0000000000000000000 ) ) ;
#218 = B_SPLINE_CURVE_WITH_KNOTS ( 'NONE', 3,
 ( #273, #274, #272, #275, #263, #262 ),
 .UNSPECIFIED., .F., .F.,
 ( 4, 2, 4 ),
 ( 0.0009246013994553246600, 0.001382278505101525500, 0.001839955610747726600 ),
 .UNSPECIFIED. ) ;
#219 = DIRECTION ( 'NONE',  ( -1.000000000000000000, 0.0000000000000000000, 1.182924880895400500E-016 ) ) ;
#220 = VECTOR ( 'NONE', #219, 39.37007874015748100 ) ;
#221 = CARTESIAN_POINT ( 'NONE',  ( 0.03608439182435163600, 0.1250000000000000000, -0.06250000000000005600 ) ) ;
#222 = LINE ( 'NONE', #221, #220 ) ;
#223 = VECTOR ( 'NONE', #237, 39.37007874015748100 ) ;
#224 = LINE ( 'NONE', #208, #215 ) ;
#225 = FACE_OUTER_BOUND ( 'NONE', #1353, .T. ) ;
#226 = CYLINDRICAL_SURFACE ( 'NONE', #212, 0.04094999999999999300 ) ;
#227 = B_SPLINE_CURVE_WITH_KNOTS ( 'NONE', 3,
 ( #236, #235, #234, #233, #232, #231 ),
 .UNSPECIFIED., .F., .F.,
 ( 4, 2, 4 ),
 ( 0.002536525920910292900, 0.002999846493780690400, 0.003463167066651087500 ),
 .UNSPECIFIED. ) ;
#228 = CARTESIAN_POINT ( 'NONE',  ( -5.122214988120493500E-017, 0.1720000000000000100, -0.06250000000000005600 ) ) ;
#229 = CARTESIAN_POINT ( 'NONE',  ( -0.01216596758628673800, 0.1720000000000002600, -0.06250000000000005600 ) ) ;
#230 = CARTESIAN_POINT ( 'NONE',  ( -0.02429484441820145200, 0.1700483532971936400, -0.06250000000000005600 ) ) ;
#231 = CARTESIAN_POINT ( 'NONE',  ( 0.03608439182435163600, 0.1670000000000000100, -0.06250000000000005600 ) ) ;
#232 = CARTESIAN_POINT ( 'NONE',  ( 0.03022601139805510000, 0.1685147666550297600, -0.06250000000000005600 ) ) ;
#233 = CARTESIAN_POINT ( 'NONE',  ( 0.02430148692121840100, 0.1697718739086275500, -0.06250000000000005600 ) ) ;
#234 = CARTESIAN_POINT ( 'NONE',  ( 0.01225587550985137900, 0.1715203934700239900, -0.06250000000000006900 ) ) ;
#235 = CARTESIAN_POINT ( 'NONE',  ( 0.006095030553741155800, 0.1720000000000003200, -0.06250000000000005600 ) ) ;
#236 = CARTESIAN_POINT ( 'NONE',  ( -5.122214988120493500E-017, 0.1720000000000000100, -0.06250000000000005600 ) ) ;
#237 = DIRECTION ( 'NONE',  ( 0.0000000000000000000, -1.000000000000000000, 0.0000000000000000000 ) ) ;
#238 = CARTESIAN_POINT ( 'NONE',  ( -0.03608439182435162200, 0.1670000000000000100, -0.06250000000000005600 ) ) ;
#239 = LINE ( 'NONE', #238, #223 ) ;
#240 = DIRECTION ( 'NONE',  ( 1.000000000000000000, 2.449212707644755000E-016, 0.0000000000000000000 ) ) ;
#241 = DIRECTION ( 'NONE',  ( 2.449212707644755000E-016, -1.000000000000000000, 0.0000000000000000000 ) ) ;
#242 = CARTESIAN_POINT ( 'NONE',  ( -2.571673343026992200E-017, 0.1049999999999999700, 0.0000000000000000000 ) ) ;
#243 = LENGTH_MEASURE_WITH_UNIT ( LENGTH_MEASURE( 0.02539999999999999900 ), #246 );
#244 = AXIS2_PLACEMENT_3D ( 'NONE', #253, #255, #252 ) ;
#245 =( NAMED_UNIT ( * ) PLANE_ANGLE_UNIT ( ) SI_UNIT ( $, .RADIAN. ) );
#246 =( LENGTH_UNIT ( ) NAMED_UNIT ( * ) SI_UNIT ( $, .METRE. ) );
#247 =( CONVERSION_BASED_UNIT ( 'INCH', #243 ) LENGTH_UNIT ( ) NAMED_UNIT ( #251 ) );
#248 = MECHANICAL_DESIGN_GEOMETRIC_PRESENTATION_REPRESENTATION (  '', ( #453 ), #335 ) ;
#249 = PRESENTATION_LAYER_ASSIGNMENT (  '', '', ( #453 ) ) ;
#250 = DIRECTION ( 'NONE',  ( -3.620247600215809800E-014, -0.9462910228001205600, 0.3233160994567108600 ) ) ;
#251 = DIMENSIONAL_EXPONENTS ( 1.000000000000000000, 0.0000000000000000000, 0.0000000000000000000, 0.0000000000000000000, 0.0000000000000000000, 0.0000000000000000000, 0.0000000000000000000 ) ;
#252 = DIRECTION ( 'NONE',  ( 1.000000000000000000, 0.0000000000000000000, 0.0000000000000000000 ) ) ;
#253 = CARTESIAN_POINT ( 'NONE',  ( -4.212645857148978400E-017, 0.1720000000000000100, 0.0000000000000000000 ) ) ;
#254 = VECTOR ( 'NONE', #250, 39.37007874015748100 ) ;
#255 = DIRECTION ( 'NONE',  ( 2.449212707644755000E-016, -1.000000000000000000, 0.0000000000000000000 ) ) ;
#256 = DIRECTION ( 'NONE',  ( 1.000000000000000000, 0.0000000000000000000, 0.0000000000000000000 ) ) ;
#257 = AXIS2_PLACEMENT_3D ( 'NONE', #269, #268, #256 ) ;
#258 = CIRCLE ( 'NONE', #257, 0.03749999999999992900 ) ;
#259 = VECTOR ( 'NONE', #271, 39.37007874015748100 ) ;
#260 = CARTESIAN_POINT ( 'NONE',  ( -4.585269322435539200E-015, 0.1058000000000000200, 0.04094999999999999300 ) ) ;
#261 = LINE ( 'NONE', #260, #259 ) ;
#262 = CARTESIAN_POINT ( 'NONE',  ( -0.03608439182435162200, 0.1670000000000000100, -0.06250000000000005600 ) ) ;
#263 = CARTESIAN_POINT ( 'NONE',  ( -0.03904085149276216600, 0.1685288684574193200, -0.05737926164378479000 ) ) ;
#264 = DIRECTION ( 'NONE',  ( 0.0000000000000000000, 1.000000000000000000, 0.0000000000000000000 ) ) ;
#265 = VECTOR ( 'NONE', #264, 39.37007874015748100 ) ;
#266 = CARTESIAN_POINT ( 'NONE',  ( -4.585269322435539200E-015, 0.1058000000000000200, 0.04094999999999999300 ) ) ;
#267 = LINE ( 'NONE', #266, #265 ) ;
#268 = DIRECTION ( 'NONE',  ( 2.449212707644755000E-016, -1.000000000000000000, 0.0000000000000000000 ) ) ;
#269 = CARTESIAN_POINT ( 'NONE',  ( -7.029240470940448800E-017, 0.2870000000000000300, 0.0000000000000000000 ) ) ;
#270 = CARTESIAN_POINT ( 'NONE',  ( -2.257531320085451400E-015, 0.1051999999999997900, 0.04094999999999999300 ) ) ;
#271 = DIRECTION ( 'NONE',  ( 0.0000000000000000000, 1.000000000000000000, 0.0000000000000000000 ) ) ;
#272 = CARTESIAN_POINT ( 'NONE',  ( -0.04805430451870719400, 0.1715320301126356500, -0.04176750305121270500 ) ) ;
#273 = CARTESIAN_POINT ( 'NONE',  ( -0.05412658773652746800, 0.1720000000000000100, -0.03125000000000027800 ) ) ;
#274 = CARTESIAN_POINT ( 'NONE',  ( -0.05111049681263174500, 0.1719999999999999300, -0.03647402272043499800 ) ) ;
#275 = CARTESIAN_POINT ( 'NONE',  ( -0.04202170529635314300, 0.1697896334781966200, -0.05221627140603033600 ) ) ;
#276 = CARTESIAN_POINT ( 'NONE',  ( 0.05412658773652745400, 0.1720000000000000100, 0.03125000000000001400 ) ) ;
#277 = CARTESIAN_POINT ( 'NONE',  ( -7.519083012469399200E-017, 0.3070000000000000500, 0.0000000000000000000 ) ) ;
#278 = AXIS2_PLACEMENT_3D ( 'NONE', #277, #183, #196 ) ;
#279 =( NAMED_UNIT ( * ) SI_UNIT ( $, .STERADIAN. ) SOLID_ANGLE_UNIT ( ) );
#280 = CONICAL_SURFACE ( 'NONE', #278, 0.03749999999999993600, 0.7853981633974602700 ) ;
#281 = DIRECTION ( 'NONE',  ( 0.0000000000000000000, 0.0000000000000000000, -1.000000000000000000 ) ) ;
#282 = DIRECTION ( 'NONE',  ( 0.0000000000000000000, -1.000000000000000000, 0.0000000000000000000 ) ) ;
#283 = CARTESIAN_POINT ( 'NONE',  ( 0.0000000000000000000, 0.1720000000000000100, 0.0000000000000000000 ) ) ;
#284 = AXIS2_PLACEMENT_3D ( 'NONE', #283, #282, #281 ) ;
#285 = CONICAL_SURFACE ( 'NONE', #284, 0.06250000000000002800, 1.093540295016937700 ) ;
#286 = FACE_OUTER_BOUND ( 'NONE', #1383, .T. ) ;
#287 = CARTESIAN_POINT ( 'NONE',  ( 0.04805430451870721500, 0.1715320301126357400, 0.04176750305121253200 ) ) ;
#288 = CARTESIAN_POINT ( 'NONE',  ( 0.05111049681263172400, 0.1720000000000000400, 0.03647402272043477600 ) ) ;
#289 = DIRECTION ( 'NONE',  ( 1.000000000000000000, 0.0000000000000000000, -1.182924880895400500E-016 ) ) ;
#290 = DIRECTION ( 'NONE',  ( 1.182924880895400500E-016, 0.0000000000000000000, 1.000000000000000000 ) ) ;
#291 = CARTESIAN_POINT ( 'NONE',  ( 0.03608439182435163600, 0.1670000000000000100, -0.06250000000000005600 ) ) ;
#292 = FACE_BOUND ( 'NONE', #1293, .T. ) ;
#293 = CARTESIAN_POINT ( 'NONE',  ( 0.04202170529635313600, 0.1697896334781966200, 0.05221627140603026700 ) ) ;
#294 = DIRECTION ( 'NONE',  ( 0.0000000000000000000, 0.0000000000000000000, -1.000000000000000000 ) ) ;
#295 = DIRECTION ( 'NONE',  ( 0.0000000000000000000, -1.000000000000000000, 0.0000000000000000000 ) ) ;
#296 = AXIS2_PLACEMENT_3D ( 'NONE', #299, #295, #294 ) ;
#297 = CONICAL_SURFACE ( 'NONE', #296, 0.06250000000000002800, 1.093540295016937700 ) ;
#298 = FACE_OUTER_BOUND ( 'NONE', #1389, .T. ) ;
#299 = CARTESIAN_POINT ( 'NONE',  ( 0.0000000000000000000, 0.1720000000000000100, 0.0000000000000000000 ) ) ;
#300 = AXIS2_PLACEMENT_3D ( 'NONE', #291, #290, #289 ) ;
#301 = PLANE ( 'NONE',  #300 ) ;
#302 = DIRECTION ( 'NONE',  ( 2.449212707644755000E-016, -1.000000000000000000, 0.0000000000000000000 ) ) ;
#303 = B_SPLINE_CURVE_WITH_KNOTS ( 'NONE', 3,
 ( #276, #288, #287, #293, #324, #323 ),
 .UNSPECIFIED., .F., .F.,
 ( 4, 2, 4 ),
 ( 0.0009246013994553303000, 0.001382278505101534200, 0.001839955610747737900 ),
 .UNSPECIFIED. ) ;
#304 = CARTESIAN_POINT ( 'NONE',  ( -0.03608439182435162200, 0.1670000000000000100, -0.06250000000000005600 ) ) ;
#305 = DIRECTION ( 'NONE',  ( 1.000000000000000000, 2.449212707644755000E-016, 0.0000000000000000000 ) ) ;
#306 = DIRECTION ( 'NONE',  ( 2.449212707644755000E-016, -1.000000000000000000, 0.0000000000000000000 ) ) ;
#307 = CARTESIAN_POINT ( 'NONE',  ( 0.03282641435620371800, 0.1250000000000000000, 0.0000000000000000000 ) ) ;
#308 = AXIS2_PLACEMENT_3D ( 'NONE', #307, #306, #305 ) ;
#309 = PLANE ( 'NONE',  #308 ) ;
#310 = FACE_OUTER_BOUND ( 'NONE', #1365, .T. ) ;
#311 = FACE_BOUND ( 'NONE', #1418, .T. ) ;
#312 = DIRECTION ( 'NONE',  ( 1.000000000000000000, 0.0000000000000000000, 0.0000000000000000000 ) ) ;
#313 = AXIS2_PLACEMENT_3D ( 'NONE', #315, #302, #312 ) ;
#314 = CIRCLE ( 'NONE', #313, 0.01999999999999998300 ) ;
#315 = CARTESIAN_POINT ( 'NONE',  ( -4.212645857148978400E-017, 0.1720000000000000100, 0.0000000000000000000 ) ) ;
#316 = FACE_OUTER_BOUND ( 'NONE', #1388, .T. ) ;
#317 = DIRECTION ( 'NONE',  ( 1.000000000000000000, 2.449212707644755000E-016, 0.0000000000000000000 ) ) ;
#318 = DIRECTION ( 'NONE',  ( 2.449212707644755000E-016, -1.000000000000000000, 0.0000000000000000000 ) ) ;
#319 = CARTESIAN_POINT ( 'NONE',  ( 0.03749999999999986000, 0.2870000000000000300, 0.0000000000000000000 ) ) ;
#320 = AXIS2_PLACEMENT_3D ( 'NONE', #319, #318, #317 ) ;
#321 = PLANE ( 'NONE',  #320 ) ;
#322 = CARTESIAN_POINT ( 'NONE',  ( -4.212645857148978400E-017, 0.1720000000000000100, 0.0000000000000000000 ) ) ;
#323 = CARTESIAN_POINT ( 'NONE',  ( 0.03608439182435163600, 0.1670000000000000100, 0.06250000000000005600 ) ) ;
#324 = CARTESIAN_POINT ( 'NONE',  ( 0.03904085149276218700, 0.1685288684574193000, 0.05737926164378474900 ) ) ;
#325 = FACE_OUTER_BOUND ( 'NONE', #1364, .T. ) ;
#326 = DIRECTION ( 'NONE',  ( 1.000000000000000000, 0.0000000000000000000, 0.0000000000000000000 ) ) ;
#327 = DIRECTION ( 'NONE',  ( 2.449212707644755000E-016, -1.000000000000000000, 0.0000000000000000000 ) ) ;
#328 = AXIS2_PLACEMENT_3D ( 'NONE', #322, #327, #326 ) ;
#329 = CIRCLE ( 'NONE', #328, 0.06249999999999997900 ) ;
#330 = FACE_OUTER_BOUND ( 'NONE', #1420, .T. ) ;
#331 = AXIS2_PLACEMENT_3D ( 'NONE', #343, #341, #340 ) ;
#332 = CYLINDRICAL_SURFACE ( 'NONE', #331, 0.04094999999999999300 ) ;
#333 = DIRECTION ( 'NONE',  ( 1.000000000000000000, 4.169487169817252700E-016, 0.0000000000000000000 ) ) ;
#334 = FACE_OUTER_BOUND ( 'NONE', #1707, .T. ) ;
#335 =( GEOMETRIC_REPRESENTATION_CONTEXT ( 3 ) GLOBAL_UNCERTAINTY_ASSIGNED_CONTEXT ( ( #342 ) ) GLOBAL_UNIT_ASSIGNED_CONTEXT ( ( #247, #245, #279 ) ) REPRESENTATION_CONTEXT ( 'NONE', 'WORKASPACE' ) );
#336 = CARTESIAN_POINT ( 'NONE',  ( -2.571673343026992200E-017, 0.1049999999999999700, 0.0000000000000000000 ) ) ;
#337 = DIRECTION ( 'NONE',  ( 2.449212707644755000E-016, -1.000000000000000000, 0.0000000000000000000 ) ) ;
#338 = AXIS2_PLACEMENT_3D ( 'NONE', #336, #337, #333 ) ;
#339 = CONICAL_SURFACE ( 'NONE', #338, 0.04094999999999998600, 0.7930629115722938000 ) ;
#340 = DIRECTION ( 'NONE',  ( 1.000000000000000000, 2.449212707644755000E-016, 0.0000000000000000000 ) ) ;
#341 = DIRECTION ( 'NONE',  ( 2.449212707644755000E-016, -1.000000000000000000, 0.0000000000000000000 ) ) ;
#342 = UNCERTAINTY_MEASURE_WITH_UNIT (LENGTH_MEASURE( 1.000000000000000100E-005 ), #247, 'distance_accuracy_value', 'NONE');
#343 = CARTESIAN_POINT ( 'NONE',  ( 0.0000000000000000000, 0.0000000000000000000, 0.0000000000000000000 ) ) ;
#344 = AXIS2_PLACEMENT_3D ( 'NONE', #361, #360, #348 ) ;
#345 = DIRECTION ( 'NONE',  ( 2.449212707644755000E-016, -1.000000000000000000, 0.0000000000000000000 ) ) ;
#346 = CARTESIAN_POINT ( 'NONE',  ( -4.212645857148978400E-017, 0.1720000000000000100, 0.0000000000000000000 ) ) ;
#347 = FACE_OUTER_BOUND ( 'NONE', #1442, .T. ) ;
#348 = DIRECTION ( 'NONE',  ( 0.0000000000000000000, 0.0000000000000000000, -1.000000000000000000 ) ) ;
#349 = CARTESIAN_POINT ( 'NONE',  ( 0.0000000000000000000, 0.02599999999999999200, 0.04094999999999999300 ) ) ;
#350 = LINE ( 'NONE', #349, #367 ) ;
#351 = DIRECTION ( 'NONE',  ( 0.0000000000000000000, -1.000000000000000000, 0.0000000000000000000 ) ) ;
#352 = CARTESIAN_POINT ( 'NONE',  ( 0.0000000000000000000, 0.1720000000000000100, 0.0000000000000000000 ) ) ;
#353 = AXIS2_PLACEMENT_3D ( 'NONE', #352, #351, #359 ) ;
#354 = FACE_OUTER_BOUND ( 'NONE', #1447, .T. ) ;
#355 = CIRCLE ( 'NONE', #356, 0.06249999999999997900 ) ;
#356 = AXIS2_PLACEMENT_3D ( 'NONE', #346, #345, #363 ) ;
#357 = CYLINDRICAL_SURFACE ( 'NONE', #358, 0.01999999999999999000 ) ;
#358 = AXIS2_PLACEMENT_3D ( 'NONE', #375, #374, #373 ) ;
#359 = DIRECTION ( 'NONE',  ( 0.0000000000000000000, 0.0000000000000000000, -1.000000000000000000 ) ) ;
#360 = DIRECTION ( 'NONE',  ( 0.0000000000000000000, -1.000000000000000000, 0.0000000000000000000 ) ) ;
#361 = CARTESIAN_POINT ( 'NONE',  ( 0.0000000000000000000, 0.1720000000000000100, 0.0000000000000000000 ) ) ;
#362 = CONICAL_SURFACE ( 'NONE', #353, 0.06250000000000002800, 1.093540295016937700 ) ;
#363 = DIRECTION ( 'NONE',  ( 1.000000000000000000, 0.0000000000000000000, 0.0000000000000000000 ) ) ;
#364 = FACE_OUTER_BOUND ( 'NONE', #1407, .T. ) ;
#365 = CARTESIAN_POINT ( 'NONE',  ( 0.0000000000000000000, 0.02000000000000000000, 0.04300000000000001000 ) ) ;
#366 = DIRECTION ( 'NONE',  ( 0.0000000000000000000, -0.9462910228001205600, 0.3233160994567108600 ) ) ;
#367 = VECTOR ( 'NONE', #366, 39.37007874015748100 ) ;
#368 = DIRECTION ( 'NONE',  ( 1.000000000000000000, 0.0000000000000000000, 0.0000000000000000000 ) ) ;
#369 = DIRECTION ( 'NONE',  ( 2.449212707644755000E-016, -1.000000000000000000, 0.0000000000000000000 ) ) ;
#370 = CARTESIAN_POINT ( 'NONE',  ( -7.519083012469399200E-017, 0.3070000000000000500, 0.0000000000000000000 ) ) ;
#371 = AXIS2_PLACEMENT_3D ( 'NONE', #370, #369, #368 ) ;
#372 = CIRCLE ( 'NONE', #371, 0.03749999999999993600 ) ;
#373 = DIRECTION ( 'NONE',  ( 1.000000000000000000, 2.449212707644755500E-016, 0.0000000000000000000 ) ) ;
#374 = DIRECTION ( 'NONE',  ( 2.449212707644755000E-016, -1.000000000000000000, 0.0000000000000000000 ) ) ;
#375 = CARTESIAN_POINT ( 'NONE',  ( 0.0000000000000000000, 0.0000000000000000000, 0.0000000000000000000 ) ) ;
#376 = CONICAL_SURFACE ( 'NONE', #344, 0.06250000000000002800, 1.093540295016937700 ) ;
#377 = CARTESIAN_POINT ( 'NONE',  ( 0.0000000000000000000, 0.0000000000000000000, 0.0000000000000000000 ) ) ;
#378 = AXIS2_PLACEMENT_3D ( 'NONE', #377, #395, #399 ) ;
#379 = CYLINDRICAL_SURFACE ( 'NONE', #378, 0.03749999999999993600 ) ;
#380 = CARTESIAN_POINT ( 'NONE',  ( -2.513657617014656500E-018, 0.01430000000000000500, 0.04105249999999999900 ) ) ;
#381 = CARTESIAN_POINT ( 'NONE',  ( -7.029240470940448800E-017, 0.2870000000000000300, 0.0000000000000000000 ) ) ;
#382 = CARTESIAN_POINT ( 'NONE',  ( -4.212645857148978400E-017, 0.1720000000000000100, 0.0000000000000000000 ) ) ;
#383 = DIRECTION ( 'NONE',  ( 1.000000000000000000, 0.0000000000000000000, 0.0000000000000000000 ) ) ;
#384 = CIRCLE ( 'NONE', #409, 0.01999999999999999700 ) ;
#385 = DIRECTION ( 'NONE',  ( 2.449212707644755000E-016, -1.000000000000000000, 0.0000000000000000000 ) ) ;
#386 = CARTESIAN_POINT ( 'NONE',  ( -4.212645857148978400E-017, 0.1720000000000000100, 0.0000000000000000000 ) ) ;
#387 = AXIS2_PLACEMENT_3D ( 'NONE', #386, #385, #396 ) ;
#388 = CARTESIAN_POINT ( 'NONE',  ( 0.0000000000000000000, 0.1720000000000000100, 0.0000000000000000000 ) ) ;
#389 = DIRECTION ( 'NONE',  ( 1.000000000000000000, 0.0000000000000000000, 0.0000000000000000000 ) ) ;
#390 = DIRECTION ( 'NONE',  ( 2.449212707644755000E-016, -1.000000000000000000, 0.0000000000000000000 ) ) ;
#391 = CARTESIAN_POINT ( 'NONE',  ( -7.641543647851636500E-017, 0.3120000000000000600, 0.0000000000000000000 ) ) ;
#392 = AXIS2_PLACEMENT_3D ( 'NONE', #391, #390, #389 ) ;
#393 = FACE_OUTER_BOUND ( 'NONE', #1419, .T. ) ;
#394 = DIRECTION ( 'NONE',  ( 2.449212707644755000E-016, -1.000000000000000000, 0.0000000000000000000 ) ) ;
#395 = DIRECTION ( 'NONE',  ( 2.449212707644755000E-016, -1.000000000000000000, 0.0000000000000000000 ) ) ;
#396 = DIRECTION ( 'NONE',  ( 1.000000000000000000, 0.0000000000000000000, 0.0000000000000000000 ) ) ;
#397 = AXIS2_PLACEMENT_3D ( 'NONE', #382, #410, #411 ) ;
#398 = CIRCLE ( 'NONE', #392, 0.03249999999999980000 ) ;
#399 = DIRECTION ( 'NONE',  ( 1.000000000000000000, 2.449212707644754500E-016, 0.0000000000000000000 ) ) ;
#400 = CIRCLE ( 'NONE', #387, 0.06249999999999997900 ) ;
#401 = FACE_OUTER_BOUND ( 'NONE', #1411, .T. ) ;
#402 = CIRCLE ( 'NONE', #397, 0.06249999999999997900 ) ;
#403 = CONICAL_SURFACE ( 'NONE', #416, 0.06250000000000002800, 1.093540295016937700 ) ;
#404 = DIRECTION ( 'NONE',  ( 0.0000000000000000000, 0.0000000000000000000, -1.000000000000000000 ) ) ;
#405 = DIRECTION ( 'NONE',  ( 0.0000000000000000000, -1.000000000000000000, 0.0000000000000000000 ) ) ;
#406 = AXIS2_PLACEMENT_3D ( 'NONE', #388, #405, #404 ) ;
#407 = CONICAL_SURFACE ( 'NONE', #406, 0.06250000000000002800, 1.093540295016937700 ) ;
#408 = FACE_OUTER_BOUND ( 'NONE', #1450, .T. ) ;
#409 = AXIS2_PLACEMENT_3D ( 'NONE', #381, #394, #383 ) ;
#410 = DIRECTION ( 'NONE',  ( 2.449212707644755000E-016, -1.000000000000000000, 0.0000000000000000000 ) ) ;
#411 = DIRECTION ( 'NONE',  ( 1.000000000000000000, 0.0000000000000000000, 0.0000000000000000000 ) ) ;
#412 = LINE ( 'NONE', #202, #254 ) ;
#413 = DIRECTION ( 'NONE',  ( 0.0000000000000000000, 0.0000000000000000000, -1.000000000000000000 ) ) ;
#414 = DIRECTION ( 'NONE',  ( 0.0000000000000000000, -1.000000000000000000, 0.0000000000000000000 ) ) ;
#415 = CARTESIAN_POINT ( 'NONE',  ( 0.0000000000000000000, 0.1720000000000000100, 0.0000000000000000000 ) ) ;
#416 = AXIS2_PLACEMENT_3D ( 'NONE', #415, #414, #413 ) ;
#417 = CARTESIAN_POINT ( 'NONE',  ( -4.439785697288658500E-015, 0.1058000000000000100, 0.04094999999999999300 ) ) ;
#418 = LINE ( 'NONE', #426, #429 ) ;
#419 = FACE_OUTER_BOUND ( 'NONE', #1695, .T. ) ;
#420 = DIRECTION ( 'NONE',  ( -1.000000000000000000, -2.449212707644755000E-016, 0.0000000000000000000 ) ) ;
#421 = DIRECTION ( 'NONE',  ( -0.5000000000000010000, 0.8660254037844379300, 0.0000000000000000000 ) ) ;
#422 = VECTOR ( 'NONE', #421, 39.37007874015748900 ) ;
#423 = CARTESIAN_POINT ( 'NONE',  ( -0.03402179676972447900, -1.666532339706329400E-017, 0.0000000000000000000 ) ) ;
#424 = LINE ( 'NONE', #423, #422 ) ;
#425 = FACE_OUTER_BOUND ( 'NONE', #1455, .T. ) ;
#426 = CARTESIAN_POINT ( 'NONE',  ( 0.0000000000000000000, 0.02599999999999999200, 0.04094999999999999300 ) ) ;
#427 = AXIS2_PLACEMENT_3D ( 'NONE', #433, #434, #446 ) ;
#428 = DIRECTION ( 'NONE',  ( 0.0000000000000000000, 1.000000000000000000, 0.0000000000000000000 ) ) ;
#429 = VECTOR ( 'NONE', #428, 39.37007874015748100 ) ;
#430 = CONICAL_SURFACE ( 'NONE', #431, 0.03402179676972447900, 0.5235987755982999300 ) ;
#431 = AXIS2_PLACEMENT_3D ( 'NONE', #436, #435, #420 ) ;
#432 = CARTESIAN_POINT ( 'NONE',  ( 0.0000000000000000000, 0.02539999999999997100, 0.04094999999999999300 ) ) ;
#433 = CARTESIAN_POINT ( 'NONE',  ( -4.814812719529383900E-015, 0.09980000000000004100, 0.04300000000000001700 ) ) ;
#434 = DIRECTION ( 'NONE',  ( -1.000000000000000000, 0.0000000000000000000, -1.119723888262646900E-013 ) ) ;
#435 = DIRECTION ( 'NONE',  ( -2.449212707644755000E-016, 1.000000000000000000, 0.0000000000000000000 ) ) ;
#436 = CARTESIAN_POINT ( 'NONE',  ( 2.040846092054843600E-033, -8.332661698531647100E-018, 0.0000000000000000000 ) ) ;
#437 = CARTESIAN_POINT ( 'NONE',  ( 2.040846092054843600E-033, -8.332661698531647100E-018, 0.0000000000000000000 ) ) ;
#438 = AXIS2_PLACEMENT_3D ( 'NONE', #437, #450, #449 ) ;
#439 = CIRCLE ( 'NONE', #438, 0.03402179676972447900 ) ;
#440 = FACE_OUTER_BOUND ( 'NONE', #1459, .T. ) ;
#441 = PLANE ( 'NONE',  #427 ) ;
#442 = DIRECTION ( 'NONE',  ( 0.5000000000000006700, 0.8660254037844382600, 6.123031769111897400E-017 ) ) ;
#443 = VECTOR ( 'NONE', #442, 39.37007874015748100 ) ;
#444 = CARTESIAN_POINT ( 'NONE',  ( 0.03402179676972447900, 0.0000000000000000000, 4.166330849265822800E-018 ) ) ;
#445 = LINE ( 'NONE', #444, #443 ) ;
#446 = DIRECTION ( 'NONE',  ( -1.119723888262646900E-013, 0.0000000000000000000, 1.000000000000000000 ) ) ;
#447 = CARTESIAN_POINT ( 'NONE',  ( -0.03402179676972447900, -1.666532339706329400E-017, 0.0000000000000000000 ) ) ;
#448 = CARTESIAN_POINT ( 'NONE',  ( 0.03402179676972447900, 0.0000000000000000000, 4.590546934084228500E-018 ) ) ;
#449 = DIRECTION ( 'NONE',  ( 1.000000000000000000, 2.449212707644755000E-016, 0.0000000000000000000 ) ) ;
#450 = DIRECTION ( 'NONE',  ( 2.449212707644755000E-016, -1.000000000000000000, 0.0000000000000000000 ) ) ;
#451 =( BOUNDED_SURFACE ( )  B_SPLINE_SURFACE ( 1, 2, ( 
 ( #503, #461, #477, #479, #478, #468, #505, #504, #485, #484, #470, #469, #460 ),
 ( #512, #511, #510, #488, #487, #486, #483, #482, #481, #480, #509, #508, #507 ) ),
 .UNSPECIFIED., .F., .F., .F. ) 
 B_SPLINE_SURFACE_WITH_KNOTS ( ( 2, 2 ),
 ( 3, 2, 2, 2, 2, 2, 3 ),
 ( 0.0000000000000000000, 1.000000000000000000 ),
 ( 0.0000000000000000000, 0.1666666666666666600, 0.3333333333333333100, 0.5000000000000000000, 0.6666666666666666300, 0.8333333333333332600, 1.000000000000000000 ),
 .UNSPECIFIED. ) 
 GEOMETRIC_REPRESENTATION_ITEM ( )  RATIONAL_B_SPLINE_SURFACE ( (
 ( 1.000000000000000000, 0.8660254037844387100, 1.000000000000000000, 0.8660254037844387100, 1.000000000000000000, 0.8660254037844387100, 1.000000000000000000, 0.8660254037844387100, 1.000000000000000000, 0.8660254037844387100, 1.000000000000000000, 0.8660254037844387100, 1.000000000000000000),
 ( 1.000000000000000000, 0.8660254037844387100, 1.000000000000000000, 0.8660254037844387100, 1.000000000000000000, 0.8660254037844387100, 1.000000000000000000, 0.8660254037844387100, 1.000000000000000000, 0.8660254037844387100, 1.000000000000000000, 0.8660254037844387100, 1.000000000000000000) ) ) 
 REPRESENTATION_ITEM ( '' )  SURFACE ( )  );
#452 = FILL_AREA_STYLE ('',( #459 ) ) ;
#453 = STYLED_ITEM ( 'NONE', ( #454 ), #1705 ) ;
#454 = PRESENTATION_STYLE_ASSIGNMENT (( #455 ) ) ;
#455 = SURFACE_STYLE_USAGE ( .BOTH. , #456 ) ;
#456 = SURFACE_SIDE_STYLE ('',( #457 ) ) ;
#457 = SURFACE_STYLE_FILL_AREA ( #452 ) ;
#458 = COLOUR_RGB ( '',0.7960784313725489700, 0.8235294117647058400, 0.9372549019607843100 ) ;
#459 = FILL_AREA_STYLE_COLOUR ( '', #458 ) ;
#460 = CARTESIAN_POINT ( 'NONE',  ( 0.0000000000000000000, 0.02569999999999998000, 0.04105249999999999900 ) ) ;
#461 = CARTESIAN_POINT ( 'NONE',  ( -0.02370167192590710200, 0.01525000000000000500, 0.04105249999999999200 ) ) ;
#462 = DIRECTION ( 'NONE',  ( 1.000000000000000000, 0.0000000000000000000, 0.0000000000000000000 ) ) ;
#463 = DIRECTION ( 'NONE',  ( 2.449212707644755000E-016, -1.000000000000000000, 0.0000000000000000000 ) ) ;
#464 = CARTESIAN_POINT ( 'NONE',  ( -7.641543647851636500E-017, 0.3120000000000000600, 0.0000000000000000000 ) ) ;
#465 = AXIS2_PLACEMENT_3D ( 'NONE', #464, #463, #462 ) ;
#466 = CIRCLE ( 'NONE', #465, 0.03249999999999980000 ) ;
#467 = CARTESIAN_POINT ( 'NONE',  ( 0.03249999999999972400, 0.3120000000000000600, 0.0000000000000000000 ) ) ;
#468 = CARTESIAN_POINT ( 'NONE',  ( -0.02370167192590712600, 0.01904999999999999700, -0.04105249999999997800 ) ) ;
#469 = CARTESIAN_POINT ( 'NONE',  ( 0.02370167192590713300, 0.02474999999999998400, 0.04105249999999997800 ) ) ;
#470 = CARTESIAN_POINT ( 'NONE',  ( 0.03555250788886068400, 0.02379999999999998800, 0.02052624999999997200 ) ) ;
#471 = DIRECTION ( 'NONE',  ( 0.0000000000000000000, 0.0000000000000000000, 1.000000000000000000 ) ) ;
#472 = DIRECTION ( 'NONE',  ( -1.000000000000000000, 0.0000000000000000000, 0.0000000000000000000 ) ) ;
#473 = CARTESIAN_POINT ( 'NONE',  ( 0.0000000000000000000, 0.02000000000000001400, 0.04300000000000001700 ) ) ;
#474 = AXIS2_PLACEMENT_3D ( 'NONE', #473, #472, #471 ) ;
#475 = PLANE ( 'NONE',  #474 ) ;
#476 = LINE ( 'NONE', #497, #496 ) ;
#477 = CARTESIAN_POINT ( 'NONE',  ( -0.03555250788886066300, 0.01620000000000000300, 0.02052625000000000300 ) ) ;
#478 = CARTESIAN_POINT ( 'NONE',  ( -0.03555250788886066300, 0.01809999999999999800, -0.02052624999999998900 ) ) ;
#479 = CARTESIAN_POINT ( 'NONE',  ( -0.04740334385181421700, 0.01715000000000000200, 2.902521803667930300E-018 ) ) ;
#480 = CARTESIAN_POINT ( 'NONE',  ( 0.04728498704663033900, 0.02254999999999997300, -8.685824336656847800E-018 ) ) ;
#481 = CARTESIAN_POINT ( 'NONE',  ( 0.03546374028497274700, 0.02159999999999997700, -0.02047500000000001400 ) ) ;
#482 = CARTESIAN_POINT ( 'NONE',  ( 0.02364249352331515200, 0.02064999999999998100, -0.04094999999999999300 ) ) ;
#483 = CARTESIAN_POINT ( 'NONE',  ( -5.014763018902634200E-018, 0.01969999999999998100, -0.04094999999999999300 ) ) ;
#484 = CARTESIAN_POINT ( 'NONE',  ( 0.04740334385181421700, 0.02284999999999998800, -8.707565411003791500E-018 ) ) ;
#485 = CARTESIAN_POINT ( 'NONE',  ( 0.03555250788886064900, 0.02189999999999998900, -0.02052625000000001300 ) ) ;
#486 = CARTESIAN_POINT ( 'NONE',  ( -0.02364249352331519000, 0.01874999999999998200, -0.04094999999999997900 ) ) ;
#487 = CARTESIAN_POINT ( 'NONE',  ( -0.03546374028497276100, 0.01779999999999998600, -0.02047499999999998600 ) ) ;
#488 = CARTESIAN_POINT ( 'NONE',  ( -0.04728498704663033900, 0.01684999999999999000, 2.895274778885616100E-018 ) ) ;
#489 = DIRECTION ( 'NONE',  ( 0.0000000000000000000, -0.9462910228001207800, -0.3233160994567101900 ) ) ;
#490 = VECTOR ( 'NONE', #489, 39.37007874015748900 ) ;
#491 = CARTESIAN_POINT ( 'NONE',  ( 0.0000000000000000000, 0.01399999999999999500, 0.04094999999999999300 ) ) ;
#492 = LINE ( 'NONE', #491, #490 ) ;
#493 = CARTESIAN_POINT ( 'NONE',  ( 5.027315234029313100E-018, 0.02569999999999998000, 0.04105249999999999900 ) ) ;
#494 = CARTESIAN_POINT ( 'NONE',  ( -4.448385056374260200E-015, 0.1055000000000000000, 0.04105249999999999900 ) ) ;
#495 = DIRECTION ( 'NONE',  ( -7.918698993755099500E-017, -0.9462910228001207800, -0.3233160994567101900 ) ) ;
#496 = VECTOR ( 'NONE', #495, 39.37007874015748900 ) ;
#497 = CARTESIAN_POINT ( 'NONE',  ( 1.002952603780526800E-017, 0.02539999999999997100, 0.04094999999999999300 ) ) ;
#498 = CARTESIAN_POINT ( 'NONE',  ( -0.03249999999999987600, 0.3120000000000000600, 4.286122238378304100E-018 ) ) ;
#499 = DIRECTION ( 'NONE',  ( 0.0000000000000000000, -0.9462910228001207800, -0.3233160994567101900 ) ) ;
#500 = VECTOR ( 'NONE', #499, 39.37007874015748900 ) ;
#501 = CARTESIAN_POINT ( 'NONE',  ( 0.0000000000000000000, 0.01399999999999999500, 0.04094999999999999300 ) ) ;
#502 = LINE ( 'NONE', #501, #500 ) ;
#503 = CARTESIAN_POINT ( 'NONE',  ( 0.0000000000000000000, 0.01430000000000000500, 0.04105249999999999900 ) ) ;
#504 = CARTESIAN_POINT ( 'NONE',  ( 0.02370167192590709500, 0.02094999999999999300, -0.04105249999999999200 ) ) ;
#505 = CARTESIAN_POINT ( 'NONE',  ( -5.027315234029313100E-018, 0.01999999999999999000, -0.04105249999999999900 ) ) ;
#506 = FACE_OUTER_BOUND ( 'NONE', #1465, .T. ) ;
#507 = CARTESIAN_POINT ( 'NONE',  ( 0.0000000000000000000, 0.02539999999999997100, 0.04094999999999999300 ) ) ;
#508 = CARTESIAN_POINT ( 'NONE',  ( 0.02364249352331519000, 0.02444999999999997200, 0.04094999999999997900 ) ) ;
#509 = CARTESIAN_POINT ( 'NONE',  ( 0.03546374028497277500, 0.02349999999999997600, 0.02047499999999997200 ) ) ;
#510 = CARTESIAN_POINT ( 'NONE',  ( -0.03546374028497275400, 0.01589999999999999100, 0.02047500000000000000 ) ) ;
#511 = CARTESIAN_POINT ( 'NONE',  ( -0.02364249352331516600, 0.01494999999999999100, 0.04094999999999999300 ) ) ;
#512 = CARTESIAN_POINT ( 'NONE',  ( 0.0000000000000000000, 0.01399999999999999500, 0.04094999999999999300 ) ) ;
#513 = CARTESIAN_POINT ( 'NONE',  ( -0.04094999999999999300, 0.01684999999999999000, 3.431233423813697800E-018 ) ) ;
#514 = CARTESIAN_POINT ( 'NONE',  ( -0.04094999999999999300, 0.01634089653438085600, 0.01097251943005447500 ) ) ;
#515 = CARTESIAN_POINT ( 'NONE',  ( -0.03546374028497275400, 0.01589999999999999100, 0.02047500000000000000 ) ) ;
#516 = CARTESIAN_POINT ( 'NONE',  ( -0.02364249352331516600, 0.01494999999999999100, 0.04094999999999999300 ) ) ;
#517 = DIRECTION ( 'NONE',  ( 1.000000000000000000, 2.605929481135782000E-016, 0.0000000000000000000 ) ) ;
#518 = DIRECTION ( 'NONE',  ( 2.449212707644755000E-016, -1.000000000000000000, 0.0000000000000000000 ) ) ;
#519 = CARTESIAN_POINT ( 'NONE',  ( -2.939055249173703200E-018, 0.01199999999999998800, 0.0000000000000000000 ) ) ;
#520 = AXIS2_PLACEMENT_3D ( 'NONE', #519, #518, #517 ) ;
#521 = CIRCLE ( 'NONE', #520, 0.04095000000000000000 ) ;
#522 = CARTESIAN_POINT ( 'NONE',  ( 0.04095000000000000000, 0.01199999999999999700, 5.014763018902635000E-018 ) ) ;
#523 = CARTESIAN_POINT ( 'NONE',  ( -0.04095000000000000000, 0.01199999999999997800, 0.0000000000000000000 ) ) ;
#524 = DIRECTION ( 'NONE',  ( 2.449212707644755000E-016, -1.000000000000000000, 0.0000000000000000000 ) ) ;
#525 = VECTOR ( 'NONE', #524, 39.37007874015748100 ) ;
#526 = CARTESIAN_POINT ( 'NONE',  ( -0.04094999999999999300, -1.002952603780527000E-017, 5.014763018902634200E-018 ) ) ;
#527 = LINE ( 'NONE', #526, #525 ) ;
#528 = DIRECTION ( 'NONE',  ( 2.449212707644755000E-016, -1.000000000000000000, 0.0000000000000000000 ) ) ;
#529 = VECTOR ( 'NONE', #528, 39.37007874015748100 ) ;
#530 = CARTESIAN_POINT ( 'NONE',  ( -0.03282641435620374500, -8.039887118762644200E-018, 4.019943559381320600E-018 ) ) ;
#531 = CARTESIAN_POINT ( 'NONE',  ( 0.0000000000000000000, 0.02539999999999997100, 0.04094999999999999300 ) ) ;
#532 = CARTESIAN_POINT ( 'NONE',  ( 0.02364249352331519000, 0.02444999999999997200, 0.04094999999999997300 ) ) ;
#533 = CARTESIAN_POINT ( 'NONE',  ( 0.03546374028497277500, 0.02349999999999997600, 0.02047499999999997200 ) ) ;
#534 = CARTESIAN_POINT ( 'NONE',  ( 0.04095000000000000000, 0.02305910346561911400, 0.01097251943005445900 ) ) ;
#535 = CARTESIAN_POINT ( 'NONE',  ( 0.04095000000000000000, 0.02254999999999997600, -2.287488949209131600E-018 ) ) ;
#536 = LINE ( 'NONE', #530, #529 ) ;
#537 =( BOUNDED_CURVE ( )  B_SPLINE_CURVE ( 2, ( #535, #534, #533, #532, #531 ),
 .UNSPECIFIED., .F., .T. ) 
 B_SPLINE_CURVE_WITH_KNOTS ( ( 3, 2, 3 ),
 ( 0.7500000000000000000, 0.8333333333333332600, 1.000000000000000000 ),
 .UNSPECIFIED. ) 
 CURVE ( )  GEOMETRIC_REPRESENTATION_ITEM ( )  RATIONAL_B_SPLINE_CURVE ( ( 0.9330127018922194100, 0.9330127018922194100, 1.000000000000000000, 0.8660254037844387100, 1.000000000000000000 ) ) 
 REPRESENTATION_ITEM ( '' )  );
#538 = CARTESIAN_POINT ( 'NONE',  ( 0.04095000000000000000, 0.02254999999999997600, -2.287488949209131600E-018 ) ) ;
#539 = DIRECTION ( 'NONE',  ( 2.449212707644755000E-016, -1.000000000000000000, 0.0000000000000000000 ) ) ;
#540 = VECTOR ( 'NONE', #539, 39.37007874015748100 ) ;
#541 = CARTESIAN_POINT ( 'NONE',  ( 0.04094999999999999300, 1.002952603780527000E-017, 0.0000000000000000000 ) ) ;
#542 = LINE ( 'NONE', #541, #540 ) ;
#543 = CARTESIAN_POINT ( 'NONE',  ( 0.0000000000000000000, 0.01399999999999999500, 0.04094999999999999300 ) ) ;
#544 = CARTESIAN_POINT ( 'NONE',  ( -0.04094999999999999300, 0.01684999999999998700, 3.431233423813697800E-018 ) ) ;
#545 = CARTESIAN_POINT ( 'NONE',  ( 0.0000000000000000000, 0.01399999999999999500, 0.04094999999999999300 ) ) ;
#546 =( BOUNDED_CURVE ( )  B_SPLINE_CURVE ( 2, ( #543, #516, #515, #514, #513 ),
 .UNSPECIFIED., .F., .F. ) 
 B_SPLINE_CURVE_WITH_KNOTS ( ( 3, 2, 3 ),
 ( 0.0000000000000000000, 0.1666666666666666600, 0.2500000000000000000 ),
 .UNSPECIFIED. ) 
 CURVE ( )  GEOMETRIC_REPRESENTATION_ITEM ( )  RATIONAL_B_SPLINE_CURVE ( ( 1.000000000000000000, 0.8660254037844387100, 1.000000000000000000, 0.9330127018922194100, 0.9330127018922194100 ) ) 
 REPRESENTATION_ITEM ( '' )  );
#547 = CARTESIAN_POINT ( 'NONE',  ( 2.011482458732800100E-016, 0.08269999999999984300, 0.04105249999999999900 ) ) ;
#548 = CARTESIAN_POINT ( 'NONE',  ( 0.02370167192590728500, 0.08174999999999983700, 0.04105249999999989500 ) ) ;
#549 = CARTESIAN_POINT ( 'NONE',  ( 0.03555250788886069000, 0.04659999999999994000, 0.02052624999999995400 ) ) ;
#550 = CARTESIAN_POINT ( 'NONE',  ( 0.04740334385181421000, 0.04564999999999993400, -2.612269623301137300E-017 ) ) ;
#551 = CARTESIAN_POINT ( 'NONE',  ( -0.03555250788886065600, 0.02759999999999997500, 0.02052625000000000600 ) ) ;
#552 = CARTESIAN_POINT ( 'NONE',  ( -0.02370167192590709800, 0.02664999999999997600, 0.04105249999999999900 ) ) ;
#553 = CARTESIAN_POINT ( 'NONE',  ( 0.03282641435620371800, 0.1130000000000000000, 0.0000000000000000000 ) ) ;
#554 = DIRECTION ( 'NONE',  ( 1.000000000000000000, 0.0000000000000000000, 0.0000000000000000000 ) ) ;
#555 = DIRECTION ( 'NONE',  ( 2.449212707644755000E-016, -1.000000000000000000, 0.0000000000000000000 ) ) ;
#556 = CARTESIAN_POINT ( 'NONE',  ( -2.767610359638573200E-017, 0.1130000000000000000, 0.0000000000000000000 ) ) ;
#557 = AXIS2_PLACEMENT_3D ( 'NONE', #556, #555, #554 ) ;
#558 = CARTESIAN_POINT ( 'NONE',  ( -0.02370167192590726800, 0.07604999999999986800, -0.04105249999999989500 ) ) ;
#559 = CARTESIAN_POINT ( 'NONE',  ( -0.03555250788886073900, 0.07509999999999987500, -0.02052624999999987100 ) ) ;
#560 = CARTESIAN_POINT ( 'NONE',  ( -0.04740334385181421000, 0.07414999999999989700, 1.393531683313026900E-016 ) ) ;
#561 = CARTESIAN_POINT ( 'NONE',  ( -0.03555250788886061400, 0.07319999999999986200, 0.02052625000000007900 ) ) ;
#562 = CARTESIAN_POINT ( 'NONE',  ( -0.02370167192590703600, 0.07224999999999985600, 0.04105250000000002600 ) ) ;
#563 = CARTESIAN_POINT ( 'NONE',  ( 5.027315234029313100E-018, 0.02569999999999998000, 0.04105249999999999900 ) ) ;
#564 = CARTESIAN_POINT ( 'NONE',  ( -0.03555250788886064900, 0.03899999999999994400, 0.02052625000000002400 ) ) ;
#565 = CARTESIAN_POINT ( 'NONE',  ( -0.02370167192590706700, 0.03804999999999995200, 0.04105250000000001300 ) ) ;
#566 = CARTESIAN_POINT ( 'NONE',  ( -0.02370167192590713300, 0.03044999999999997000, -0.04105249999999997800 ) ) ;
#567 = CARTESIAN_POINT ( 'NONE',  ( -0.02370167192590704600, 0.06084999999999990400, 0.04105250000000001300 ) ) ;
#568 = CARTESIAN_POINT ( 'NONE',  ( 3.519120663820519700E-017, 0.05989999999999990500, 0.04105249999999999900 ) ) ;
#569 = CARTESIAN_POINT ( 'NONE',  ( 0.02370167192590726100, 0.05894999999999991200, 0.04105249999999990200 ) ) ;
#570 = CARTESIAN_POINT ( 'NONE',  ( 0.03555250788886073200, 0.05799999999999989900, 0.02052624999999988100 ) ) ;
#571 = CARTESIAN_POINT ( 'NONE',  ( 0.04740334385181421000, 0.05704999999999989900, -1.219380375092950700E-016 ) ) ;
#572 = CARTESIAN_POINT ( 'NONE',  ( 0.03555250788886062100, 0.05609999999999991400, -0.02052625000000006500 ) ) ;
#573 = CARTESIAN_POINT ( 'NONE',  ( -0.02370167192590706000, 0.04944999999999992500, 0.04105250000000001300 ) ) ;
#574 = CARTESIAN_POINT ( 'NONE',  ( 2.513657617014656600E-017, 0.04849999999999992500, 0.04105249999999999900 ) ) ;
#575 = CARTESIAN_POINT ( 'NONE',  ( 0.02370167192590717800, 0.04754999999999994600, 0.04105249999999995000 ) ) ;
#576 = CARTESIAN_POINT ( 'NONE',  ( 0.03555250788886073900, 0.08079999999999985800, 0.02052624999999987100 ) ) ;
#577 = CARTESIAN_POINT ( 'NONE',  ( 0.04740334385181421000, 0.07984999999999986600, -1.451582119386385500E-016 ) ) ;
#578 = CARTESIAN_POINT ( 'NONE',  ( 0.03555250788886061400, 0.07889999999999985900, -0.02052625000000008300 ) ) ;
#579 = CARTESIAN_POINT ( 'NONE',  ( 0.02370167192590703600, 0.07794999999999986700, -0.04105250000000002600 ) ) ;
#580 = CARTESIAN_POINT ( 'NONE',  ( -1.961209306392506700E-016, 0.07699999999999986000, -0.04105249999999999900 ) ) ;
#581 = CARTESIAN_POINT ( 'NONE',  ( -0.03555250788886067000, 0.02949999999999997400, -0.02052624999999998500 ) ) ;
#582 = CARTESIAN_POINT ( 'NONE',  ( 0.04740334385181421000, 0.03424999999999996100, -1.451260901833964900E-017 ) ) ;
#583 = CARTESIAN_POINT ( 'NONE',  ( 0.03555250788886064900, 0.03329999999999996200, -0.02052625000000002000 ) ) ;
#584 = CARTESIAN_POINT ( 'NONE',  ( -2.010926093611725200E-017, 0.04279999999999994200, -0.04105249999999999900 ) ) ;
#585 = CARTESIAN_POINT ( 'NONE',  ( -0.02370167192590717400, 0.04184999999999993600, -0.04105249999999997100 ) ) ;
#586 = CARTESIAN_POINT ( 'NONE',  ( -0.03282641435620376600, 0.1130000000000000000, 4.517353289141977400E-018 ) ) ;
#587 = CARTESIAN_POINT ( 'NONE',  ( 0.03555250788886062800, 0.04469999999999993400, -0.02052625000000005800 ) ) ;
#588 = CARTESIAN_POINT ( 'NONE',  ( 0.02370167192590706700, 0.04374999999999994200, -0.04105250000000001300 ) ) ;
#589 = CARTESIAN_POINT ( 'NONE',  ( -0.03555250788886073200, 0.06369999999999989600, -0.02052624999999987800 ) ) ;
#590 = CARTESIAN_POINT ( 'NONE',  ( -0.04740334385181421000, 0.06274999999999990300, 1.277430811166309500E-016 ) ) ;
#591 = CARTESIAN_POINT ( 'NONE',  ( -0.03555250788886061400, 0.06179999999999989700, 0.02052625000000006900 ) ) ;
#592 = CARTESIAN_POINT ( 'NONE',  ( 1.508194570208794200E-017, 0.03709999999999995200, 0.04105249999999999900 ) ) ;
#593 = CARTESIAN_POINT ( 'NONE',  ( -0.03555250788886069000, 0.05229999999999991600, -0.02052624999999995100 ) ) ;
#594 = CARTESIAN_POINT ( 'NONE',  ( -0.04740334385181421000, 0.05134999999999991700, 1.161329939019592200E-016 ) ) ;
#595 = CARTESIAN_POINT ( 'NONE',  ( -0.03555250788886062800, 0.05039999999999992400, 0.02052625000000006200 ) ) ;
#596 = CARTESIAN_POINT ( 'NONE',  ( 4.524583710626381800E-017, 0.07129999999999987700, 0.04105249999999999900 ) ) ;
#597 = CARTESIAN_POINT ( 'NONE',  ( 0.02370167192590726800, 0.07034999999999988500, 0.04105249999999990200 ) ) ;
#598 = CARTESIAN_POINT ( 'NONE',  ( 0.03555250788886073900, 0.06939999999999987800, 0.02052624999999987400 ) ) ;
#599 = CARTESIAN_POINT ( 'NONE',  ( 0.04740334385181421000, 0.06844999999999987200, -1.335481247239668100E-016 ) ) ;
#600 = CARTESIAN_POINT ( 'NONE',  ( 0.02370167192590713600, 0.03614999999999996700, 0.04105249999999997800 ) ) ;
#601 = CARTESIAN_POINT ( 'NONE',  ( 0.03555250788886068400, 0.03519999999999996000, 0.02052624999999996800 ) ) ;
#602 = CARTESIAN_POINT ( 'NONE',  ( 0.03555250788886061400, 0.06749999999999988000, -0.02052625000000007600 ) ) ;
#603 = CARTESIAN_POINT ( 'NONE',  ( 0.02370167192590704300, 0.06654999999999988700, -0.04105250000000002600 ) ) ;
#604 = CARTESIAN_POINT ( 'NONE',  ( -4.021852187223450500E-017, 0.06559999999999989500, -0.04105249999999999900 ) ) ;
#605 = CARTESIAN_POINT ( 'NONE',  ( -0.02370167192590726800, 0.06464999999999988800, -0.04105249999999990200 ) ) ;
#606 = CIRCLE ( 'NONE', #557, 0.03282641435620374500 ) ;
#607 = CARTESIAN_POINT ( 'NONE',  ( -0.03555250788886068400, 0.04089999999999995000, -0.02052624999999996500 ) ) ;
#608 = CARTESIAN_POINT ( 'NONE',  ( -0.04740334385181421000, 0.03994999999999994400, 6.242027965648151900E-017 ) ) ;
#609 = CARTESIAN_POINT ( 'NONE',  ( -1.005463046805862600E-017, 0.03139999999999997000, -0.04105249999999999900 ) ) ;
#610 =( BOUNDED_CURVE ( )  B_SPLINE_CURVE ( 2, ( #563, #552, #551, #612, #581, #566, #609, #611, #583, #582, #601, #600, #592, #565, #564, #608, #607, #585, #584, #588, #587, #550, #549, #575, #574, #573, #595, #594, #593, #615, #614, #613, #572, #571, #570, #569, #568, #567, #591, #590, #589, #605, #604, #603, #602, #599, #598, #597, #596, #562, #561, #560, #559, #558, #580, #579, #578, #577, #576, #548, #547 ),
 .UNSPECIFIED., .F., .T. ) 
 B_SPLINE_CURVE_WITH_KNOTS ( ( 3, 2, 2, 2, 2, 2, 2, 2, 2, 2, 2, 2, 2, 2, 2, 2, 2, 2, 2, 2, 2, 2, 2, 2, 2, 2, 2, 2, 2, 2, 3 ),
 ( 0.0000000000000000000, 0.02083333333333333200, 0.04166666666666666400, 0.06250000000000000000, 0.08333333333333332900, 0.1041666666666666600, 0.1250000000000000000, 0.1458333333333333100, 0.1666666666666666600, 0.1875000000000000000, 0.2083333333333333100, 0.2291666666666666600, 0.2500000000000000000, 0.2708333333333333100, 0.2916666666666666300, 0.3125000000000000000, 0.3333333333333333100, 0.3541666666666666300, 0.3750000000000000000, 0.3958333333333333100, 0.4166666666666666300, 0.4375000000000000000, 0.4583333333333333100, 0.4791666666666666300, 0.5000000000000000000, 0.5208333333333332600, 0.5416666666666666300, 0.5625000000000000000, 0.5833333333333332600, 0.6041666666666666300, 0.6250000000000000000 ),
 .UNSPECIFIED. ) 
 CURVE ( )  GEOMETRIC_REPRESENTATION_ITEM ( )  RATIONAL_B_SPLINE_CURVE ( ( 1.000000000000000000, 0.8660254037844387100, 1.000000000000000000, 0.8660254037844387100, 1.000000000000000000, 0.8660254037844387100, 1.000000000000000000, 0.8660254037844387100, 1.000000000000000000, 0.8660254037844387100, 1.000000000000000000, 0.8660254037844387100, 1.000000000000000000, 0.8660254037844387100, 1.000000000000000000, 0.8660254037844387100, 1.000000000000000000, 0.8660254037844387100, 1.000000000000000000, 0.8660254037844387100, 1.000000000000000000, 0.8660254037844387100, 1.000000000000000000, 0.8660254037844387100, 1.000000000000000000, 0.8660254037844387100, 1.000000000000000000, 0.8660254037844387100, 1.000000000000000000, 0.8660254037844387100, 1.000000000000000000, 0.8660254037844387100, 1.000000000000000000, 0.8660254037844387100, 1.000000000000000000, 0.8660254037844387100, 1.000000000000000000, 0.8660254037844387100, 1.000000000000000000, 0.8660254037844387100, 1.000000000000000000, 0.8660254037844387100, 1.000000000000000000, 0.8660254037844387100, 1.000000000000000000, 0.8660254037844387100, 1.000000000000000000, 0.8660254037844387100, 1.000000000000000000, 0.8660254037844387100, 1.000000000000000000, 0.8660254037844387100, 1.000000000000000000, 0.8660254037844387100, 1.000000000000000000, 0.8660254037844387100, 1.000000000000000000, 0.8660254037844387100, 1.000000000000000000, 0.8660254037844387100, 1.000000000000000000 ) ) 
 REPRESENTATION_ITEM ( '' )  );
#611 = CARTESIAN_POINT ( 'NONE',  ( 0.02370167192590708800, 0.03234999999999996900, -0.04105249999999999900 ) ) ;
#612 = CARTESIAN_POINT ( 'NONE',  ( -0.04740334385181421000, 0.02854999999999997500, 8.707565411003790000E-018 ) ) ;
#613 = CARTESIAN_POINT ( 'NONE',  ( 0.02370167192590704900, 0.05514999999999991400, -0.04105250000000001300 ) ) ;
#614 = CARTESIAN_POINT ( 'NONE',  ( -1.030877805536546800E-016, 0.05419999999999991500, -0.04105249999999999900 ) ) ;
#615 = CARTESIAN_POINT ( 'NONE',  ( -0.02370167192590717800, 0.05324999999999992200, -0.04105249999999995000 ) ) ;
#616 = FACE_OUTER_BOUND ( 'NONE', #1782, .T. ) ;
#617 = DIRECTION ( 'NONE',  ( 2.449212707644755000E-016, -1.000000000000000000, 0.0000000000000000000 ) ) ;
#618 = VECTOR ( 'NONE', #617, 39.37007874015748100 ) ;
#619 = CARTESIAN_POINT ( 'NONE',  ( 0.03282641435620374500, 8.039887118762644200E-018, 0.0000000000000000000 ) ) ;
#620 = LINE ( 'NONE', #619, #618 ) ;
#621 = EDGE_CURVE ( 'NONE', #1429, #1470, #714, .T. ) ;
#622 = ADVANCED_FACE ( 'NONE', ( #1273 ), #1274, .F. ) ;
#623 = ORIENTED_EDGE ( 'NONE', *, *, #1456, .T. ) ;
#624 = ADVANCED_FACE ( 'NONE', ( #733 ), #735, .F. ) ;
#625 = EDGE_LOOP ( 'NONE', ( #626, #630, #670, #667, #673, #665 ) ) ;
#626 = ORIENTED_EDGE ( 'NONE', *, *, #629, .F. ) ;
#627 = ORIENTED_EDGE ( 'NONE', *, *, #628, .F. ) ;
#628 = EDGE_CURVE ( 'NONE', #677, #1469, #889, .T. ) ;
#629 = EDGE_CURVE ( 'NONE', #1410, #675, #1024, .T. ) ;
#630 = ORIENTED_EDGE ( 'NONE', *, *, #1409, .F. ) ;
#631 = ORIENTED_EDGE ( 'NONE', *, *, #1722, .F. ) ;
#632 = ORIENTED_EDGE ( 'NONE', *, *, #1349, .T. ) ;
#633 = ORIENTED_EDGE ( 'NONE', *, *, #634, .T. ) ;
#634 = EDGE_CURVE ( 'NONE', #1795, #1454, #1075, .T. ) ;
#635 = ORIENTED_EDGE ( 'NONE', *, *, #1826, .T. ) ;
#636 = ORIENTED_EDGE ( 'NONE', *, *, #1814, .T. ) ;
#637 = ORIENTED_EDGE ( 'NONE', *, *, #1794, .T. ) ;
#638 = ORIENTED_EDGE ( 'NONE', *, *, #1704, .T. ) ;
#639 = ORIENTED_EDGE ( 'NONE', *, *, #640, .T. ) ;
#640 = EDGE_CURVE ( 'NONE', #1714, #1717, #1073, .T. ) ;
#641 = ADVANCED_FACE ( 'NONE', ( #1063 ), #1060, .T. ) ;
#642 = EDGE_LOOP ( 'NONE', ( #643, #644, #645, #646 ) ) ;
#643 = ORIENTED_EDGE ( 'NONE', *, *, #1713, .F. ) ;
#644 = ORIENTED_EDGE ( 'NONE', *, *, #682, .T. ) ;
#645 = ORIENTED_EDGE ( 'NONE', *, *, #1719, .T. ) ;
#646 = ORIENTED_EDGE ( 'NONE', *, *, #640, .F. ) ;
#647 = CLOSED_SHELL ( 'NONE', ( #1706, #1694, #1742, #1764, #1755, #1736, #1731, #1773, #1821, #1801, #1325, #1289, #1307, #1351, #1382, #1358, #1352, #1343, #1375, #1294, #1396, #1434, #1387, #1417, #1395, #1394, #1440, #1416, #1406, #688, #1449, #1464, #1457, #1458, #622, #624, #658, #655, #652, #701, #702, #641 ) ) ;
#648 = ORIENTED_EDGE ( 'NONE', *, *, #698, .F. ) ;
#649 = ORIENTED_EDGE ( 'NONE', *, *, #650, .F. ) ;
#650 = EDGE_CURVE ( 'NONE', #1792, #1402, #1069, .T. ) ;
#651 = EDGE_LOOP ( 'NONE', ( #637, #711, #712, #700 ) ) ;
#652 = ADVANCED_FACE ( 'NONE', ( #1070 ), #1074, .F. ) ;
#653 = ORIENTED_EDGE ( 'NONE', *, *, #1404, .T. ) ;
#654 = ORIENTED_EDGE ( 'NONE', *, *, #679, .T. ) ;
#655 = ADVANCED_FACE ( 'NONE', ( #1056 ), #1101, .F. ) ;
#656 = EDGE_LOOP ( 'NONE', ( #657, #653, #649 ) ) ;
#657 = ORIENTED_EDGE ( 'NONE', *, *, #1791, .T. ) ;
#658 = ADVANCED_FACE ( 'NONE', ( #1121 ), #1158, .F. ) ;
#659 = ORIENTED_EDGE ( 'NONE', *, *, #672, .F. ) ;
#660 = ORIENTED_EDGE ( 'NONE', *, *, #671, .F. ) ;
#661 = ORIENTED_EDGE ( 'NONE', *, *, #621, .F. ) ;
#662 = ORIENTED_EDGE ( 'NONE', *, *, #1471, .F. ) ;
#663 = EDGE_LOOP ( 'NONE', ( #659, #660, #661, #662, #664, #654 ) ) ;
#664 = ORIENTED_EDGE ( 'NONE', *, *, #629, .T. ) ;
#665 = ORIENTED_EDGE ( 'NONE', *, *, #678, .T. ) ;
#666 = VERTEX_POINT ( 'NONE', #1275 ) ;
#667 = ORIENTED_EDGE ( 'NONE', *, *, #672, .T. ) ;
#668 = ORIENTED_EDGE ( 'NONE', *, *, #1701, .F. ) ;
#669 = ORIENTED_EDGE ( 'NONE', *, *, #699, .F. ) ;
#670 = ORIENTED_EDGE ( 'NONE', *, *, #671, .T. ) ;
#671 = EDGE_CURVE ( 'NONE', #1470, #666, #610, .T. ) ;
#672 = EDGE_CURVE ( 'NONE', #666, #677, #4, .T. ) ;
#673 = ORIENTED_EDGE ( 'NONE', *, *, #628, .T. ) ;
#674 = ORIENTED_EDGE ( 'NONE', *, *, #679, .F. ) ;
#675 = VERTEX_POINT ( 'NONE', #8 ) ;
#676 = ORIENTED_EDGE ( 'NONE', *, *, #678, .F. ) ;
#677 = VERTEX_POINT ( 'NONE', #27 ) ;
#678 = EDGE_CURVE ( 'NONE', #1469, #675, #19, .T. ) ;
#679 = EDGE_CURVE ( 'NONE', #675, #677, #10, .T. ) ;
#680 = EDGE_LOOP ( 'NONE', ( #627, #648, #635, #636, #632, #633, #623 ) ) ;
#681 = ORIENTED_EDGE ( 'NONE', *, *, #682, .F. ) ;
#682 = EDGE_CURVE ( 'NONE', #1711, #1720, #42, .T. ) ;
#683 = ORIENTED_EDGE ( 'NONE', *, *, #1468, .T. ) ;
#684 = ORIENTED_EDGE ( 'NONE', *, *, #1372, .F. ) ;
#685 = ORIENTED_EDGE ( 'NONE', *, *, #686, .T. ) ;
#686 = EDGE_CURVE ( 'NONE', #1304, #1282, #41, .T. ) ;
#687 = ORIENTED_EDGE ( 'NONE', *, *, #1281, .F. ) ;
#688 = ADVANCED_FACE ( 'NONE', ( #31, #43 ), #30, .T. ) ;
#689 = EDGE_LOOP ( 'NONE', ( #690, #691 ) ) ;
#690 = ORIENTED_EDGE ( 'NONE', *, *, #1760, .T. ) ;
#691 = ORIENTED_EDGE ( 'NONE', *, *, #1386, .T. ) ;
#692 = EDGE_LOOP ( 'NONE', ( #693, #694, #695, #1430, #1432, #1448 ) ) ;
#693 = ORIENTED_EDGE ( 'NONE', *, *, #686, .F. ) ;
#694 = ORIENTED_EDGE ( 'NONE', *, *, #1405, .F. ) ;
#695 = ORIENTED_EDGE ( 'NONE', *, *, #1415, .F. ) ;
#696 = ORIENTED_EDGE ( 'NONE', *, *, #1820, .F. ) ;
#697 = ORIENTED_EDGE ( 'NONE', *, *, #698, .T. ) ;
#698 = EDGE_CURVE ( 'NONE', #1819, #677, #72, .T. ) ;
#699 = EDGE_CURVE ( 'NONE', #1699, #1698, #64, .T. ) ;
#700 = ORIENTED_EDGE ( 'NONE', *, *, #634, .F. ) ;
#701 = ADVANCED_FACE ( 'NONE', ( #74 ), #69, .T. ) ;
#702 = ADVANCED_FACE ( 'NONE', ( #88 ), #96, .T. ) ;
#703 = EDGE_LOOP ( 'NONE', ( #668, #669, #638, #639 ) ) ;
#704 = EDGE_LOOP ( 'NONE', ( #705, #713 ) ) ;
#705 = ORIENTED_EDGE ( 'NONE', *, *, #699, .T. ) ;
#706 = CARTESIAN_POINT ( 'NONE',  ( 5.027315234029313100E-018, 0.02569999999999998000, 0.04105249999999999900 ) ) ;
#707 = CARTESIAN_POINT ( 'NONE',  ( 0.02370167192590712900, 0.02474999999999998000, 0.04105249999999997800 ) ) ;
#708 = CARTESIAN_POINT ( 'NONE',  ( 0.03555250788886067700, 0.02379999999999998400, 0.02052624999999997500 ) ) ;
#709 = CARTESIAN_POINT ( 'NONE',  ( 0.04740334385181421000, 0.02284999999999998500, -2.902521803667929900E-018 ) ) ;
#710 = CARTESIAN_POINT ( 'NONE',  ( 0.03555250788886066300, 0.02189999999999998900, -0.02052625000000001000 ) ) ;
#711 = ORIENTED_EDGE ( 'NONE', *, *, #650, .T. ) ;
#712 = ORIENTED_EDGE ( 'NONE', *, *, #1401, .T. ) ;
#713 = ORIENTED_EDGE ( 'NONE', *, *, #1697, .T. ) ;
#714 =( BOUNDED_CURVE ( )  B_SPLINE_CURVE ( 2, ( #718, #717, #716, #715, #722, #721, #720, #719, #710, #709, #708, #707, #706 ),
 .UNSPECIFIED., .F., .T. ) 
 B_SPLINE_CURVE_WITH_KNOTS ( ( 3, 2, 2, 2, 2, 2, 3 ),
 ( 0.0000000000000000000, 0.02083333333333333200, 0.04166666666666666400, 0.06250000000000000000, 0.08333333333333332900, 0.1041666666666666600, 0.1250000000000000000 ),
 .UNSPECIFIED. ) 
 CURVE ( )  GEOMETRIC_REPRESENTATION_ITEM ( )  RATIONAL_B_SPLINE_CURVE ( ( 1.000000000000000000, 0.8660254037844387100, 1.000000000000000000, 0.8660254037844387100, 1.000000000000000000, 0.8660254037844387100, 1.000000000000000000, 0.8660254037844387100, 1.000000000000000000, 0.8660254037844387100, 1.000000000000000000, 0.8660254037844387100, 1.000000000000000000 ) ) 
 REPRESENTATION_ITEM ( '' )  );
#715 = CARTESIAN_POINT ( 'NONE',  ( -0.04740334385181421000, 0.01714999999999999900, -2.902521803667930300E-018 ) ) ;
#716 = CARTESIAN_POINT ( 'NONE',  ( -0.03555250788886066300, 0.01620000000000000300, 0.02052624999999999900 ) ) ;
#717 = CARTESIAN_POINT ( 'NONE',  ( -0.02370167192590710500, 0.01525000000000000100, 0.04105249999999999900 ) ) ;
#718 = CARTESIAN_POINT ( 'NONE',  ( -2.513657617014656500E-018, 0.01430000000000000500, 0.04105249999999999900 ) ) ;
#719 = CARTESIAN_POINT ( 'NONE',  ( 0.02370167192590709800, 0.02094999999999999300, -0.04105249999999999900 ) ) ;
#720 = CARTESIAN_POINT ( 'NONE',  ( 0.0000000000000000000, 0.01999999999999999000, -0.04105249999999999900 ) ) ;
#721 = CARTESIAN_POINT ( 'NONE',  ( -0.02370167192590712200, 0.01904999999999999400, -0.04105249999999997800 ) ) ;
#722 = CARTESIAN_POINT ( 'NONE',  ( -0.03555250788886066300, 0.01809999999999999800, -0.02052624999999999200 ) ) ;
#723 = ADVANCED_BREP_SHAPE_REPRESENTATION ( '1595-2', ( #1705, #1568 ), #1682 ) ;
#724 = CARTESIAN_POINT ( 'NONE',  ( 0.02370167192591141100, 0.1007499999999999900, -0.04105249999999750800 ) ) ;
#725 = CARTESIAN_POINT ( 'NONE',  ( 4.310078250926346300E-015, 0.09980000000000000000, -0.04105249999999999900 ) ) ;
#726 = CARTESIAN_POINT ( 'NONE',  ( -0.03555250788886281400, 0.09600000000000001600, 0.02052624999999626600 ) ) ;
#727 = CARTESIAN_POINT ( 'NONE',  ( -0.04740334385181421700, 0.09695000000000000800, -4.979752198605021900E-015 ) ) ;
#728 = CARTESIAN_POINT ( 'NONE',  ( -0.02370167192590281300, 0.09884999999999998000, -0.04105250000000247600 ) ) ;
#729 = CARTESIAN_POINT ( 'NONE',  ( -0.03555250788885851200, 0.09790000000000000100, -0.02052625000000372600 ) ) ;
#730 = CARTESIAN_POINT ( 'NONE',  ( -4.304331598179582700E-015, 0.1057999999999999900, 0.04094999999999999300 ) ) ;
#731 = CARTESIAN_POINT ( 'NONE',  ( -4.315105566160375000E-015, 0.09410000000000001700, 0.04105249999999999900 ) ) ;
#732 = CARTESIAN_POINT ( 'NONE',  ( -0.02370167192591142100, 0.09505000000000000900, 0.04105249999999750800 ) ) ;
#733 = FACE_OUTER_BOUND ( 'NONE', #625, .T. ) ;
#734 = CARTESIAN_POINT ( 'NONE',  ( 0.03555250788886280700, 0.1016999999999999800, -0.02052624999999628000 ) ) ;
#735 =( BOUNDED_SURFACE ( )  B_SPLINE_SURFACE ( 1, 2, ( 
 ( #740, #750, #758, #757, #756, #755, #754, #753, #752, #751, #749, #748, #747, #746, #745, #744, #743, #742, #741, #760, #759, #762, #761, #768, #767, #766, #765, #764, #763, #772, #771, #770, #769, #783, #782, #781, #780, #779, #778, #777, #776, #775, #774, #773, #785, #784, #787, #786, #789, #788, #826, #794, #832, #790, #801, #825, #800, #831, #837, #836, #803, #802, #839, #838, #835, #834, #833, #793, #792, #791, #812, #811, #810, #809, #820, #819, #818, #830, #829, #828, #827, #824, #823, #822, #821, #799, #798, #797, #796, #795, #808, #807, #806, #805, #804, #817, #816 ),
 ( #815, #814, #813, #856, #855, #854, #853, #852, #851, #850, #849, #848, #847, #846, #845, #844, #843, #880, #947, #896, #875, #895, #914, #913, #892, #891, #886, #885, #894, #893, #898, #897, #946, #945, #900, #899, #874, #873, #869, #868, #867, #866, #921, #920, #919, #926, #925, #872, #871, #870, #884, #883, #924, #923, #922, #879, #878, #877, #876, #951, #950, #949, #948, #962, #961, #960, #959, #918, #917, #916, #915, #931, #930, #929, #928, #927, #958, #957, #956, #955, #954, #953, #952, #906, #905, #904, #903, #902, #901, #912, #911, #910, #909, #908, #907, #882, #881 ) ),
 .UNSPECIFIED., .F., .F., .F. ) 
 B_SPLINE_SURFACE_WITH_KNOTS ( ( 2, 2 ),
 ( 3, 2, 2, 2, 2, 2, 2, 2, 2, 2, 2, 2, 2, 2, 2, 2, 2, 2, 2, 2, 2, 2, 2, 2, 2, 2, 2, 2, 2, 2, 2, 2, 2, 2, 2, 2, 2, 2, 2, 2, 2, 2, 2, 2, 2, 2, 2, 2, 3 ),
 ( 0.0000000000000000000, 1.000000000000000000 ),
 ( 0.0000000000000000000, 0.02083333333333333200, 0.04166666666666666400, 0.06250000000000000000, 0.08333333333333332900, 0.1041666666666666600, 0.1250000000000000000, 0.1458333333333333100, 0.1666666666666666600, 0.1875000000000000000, 0.2083333333333333100, 0.2291666666666666600, 0.2500000000000000000, 0.2708333333333333100, 0.2916666666666666300, 0.3125000000000000000, 0.3333333333333333100, 0.3541666666666666300, 0.3750000000000000000, 0.3958333333333333100, 0.4166666666666666300, 0.4375000000000000000, 0.4583333333333333100, 0.4791666666666666300, 0.5000000000000000000, 0.5208333333333332600, 0.5416666666666666300, 0.5625000000000000000, 0.5833333333333332600, 0.6041666666666666300, 0.6250000000000000000, 0.6458333333333332600, 0.6666666666666666300, 0.6875000000000000000, 0.7083333333333332600, 0.7291666666666666300, 0.7500000000000000000, 0.7708333333333332600, 0.7916666666666666300, 0.8125000000000000000, 0.8333333333333332600, 0.8541666666666666300, 0.8750000000000000000, 0.8958333333333332600, 0.9166666666666666300, 0.9375000000000000000, 0.9583333333333332600, 0.9791666666666666300, 1.000000000000000000 ),
 .UNSPECIFIED. ) 
 GEOMETRIC_REPRESENTATION_ITEM ( )  RATIONAL_B_SPLINE_SURFACE ( (
 ( 1.000000000000000000, 0.8660254037844387100, 1.000000000000000000, 0.8660254037844387100, 1.000000000000000000, 0.8660254037844387100, 1.000000000000000000, 0.8660254037844387100, 1.000000000000000000, 0.8660254037844387100, 1.000000000000000000, 0.8660254037844387100, 1.000000000000000000, 0.8660254037844387100, 1.000000000000000000, 0.8660254037844387100, 1.000000000000000000, 0.8660254037844387100, 1.000000000000000000, 0.8660254037844387100, 1.000000000000000000, 0.8660254037844387100, 1.000000000000000000, 0.8660254037844387100, 1.000000000000000000, 0.8660254037844387100, 1.000000000000000000, 0.8660254037844387100, 1.000000000000000000, 0.8660254037844387100, 1.000000000000000000, 0.8660254037844387100, 1.000000000000000000, 0.8660254037844387100, 1.000000000000000000, 0.8660254037844387100, 1.000000000000000000, 0.8660254037844387100, 1.000000000000000000, 0.8660254037844387100, 1.000000000000000000, 0.8660254037844387100, 1.000000000000000000, 0.8660254037844387100, 1.000000000000000000, 0.8660254037844387100, 1.000000000000000000, 0.8660254037844387100, 1.000000000000000000, 0.8660254037844387100, 1.000000000000000000, 0.8660254037844387100, 1.000000000000000000, 0.8660254037844387100, 1.000000000000000000, 0.8660254037844387100, 1.000000000000000000, 0.8660254037844387100, 1.000000000000000000, 0.8660254037844387100, 1.000000000000000000, 0.8660254037844387100, 1.000000000000000000, 0.8660254037844387100, 1.000000000000000000, 0.8660254037844387100, 1.000000000000000000, 0.8660254037844387100, 1.000000000000000000, 0.8660254037844387100, 1.000000000000000000, 0.8660254037844387100, 1.000000000000000000, 0.8660254037844387100, 1.000000000000000000, 0.8660254037844387100, 1.000000000000000000, 0.8660254037844387100, 1.000000000000000000, 0.8660254037844387100, 1.000000000000000000, 0.8660254037844387100, 1.000000000000000000, 0.8660254037844387100, 1.000000000000000000, 0.8660254037844387100, 1.000000000000000000, 0.8660254037844387100, 1.000000000000000000, 0.8660254037844387100, 1.000000000000000000, 0.8660254037844387100, 1.000000000000000000, 0.8660254037844387100, 1.000000000000000000, 0.8660254037844387100, 1.000000000000000000),
 ( 1.000000000000000000, 0.8660254037844387100, 1.000000000000000000, 0.8660254037844387100, 1.000000000000000000, 0.8660254037844387100, 1.000000000000000000, 0.8660254037844387100, 1.000000000000000000, 0.8660254037844387100, 1.000000000000000000, 0.8660254037844387100, 1.000000000000000000, 0.8660254037844387100, 1.000000000000000000, 0.8660254037844387100, 1.000000000000000000, 0.8660254037844387100, 1.000000000000000000, 0.8660254037844387100, 1.000000000000000000, 0.8660254037844387100, 1.000000000000000000, 0.8660254037844387100, 1.000000000000000000, 0.8660254037844387100, 1.000000000000000000, 0.8660254037844387100, 1.000000000000000000, 0.8660254037844387100, 1.000000000000000000, 0.8660254037844387100, 1.000000000000000000, 0.8660254037844387100, 1.000000000000000000, 0.8660254037844387100, 1.000000000000000000, 0.8660254037844387100, 1.000000000000000000, 0.8660254037844387100, 1.000000000000000000, 0.8660254037844387100, 1.000000000000000000, 0.8660254037844387100, 1.000000000000000000, 0.8660254037844387100, 1.000000000000000000, 0.8660254037844387100, 1.000000000000000000, 0.8660254037844387100, 1.000000000000000000, 0.8660254037844387100, 1.000000000000000000, 0.8660254037844387100, 1.000000000000000000, 0.8660254037844387100, 1.000000000000000000, 0.8660254037844387100, 1.000000000000000000, 0.8660254037844387100, 1.000000000000000000, 0.8660254037844387100, 1.000000000000000000, 0.8660254037844387100, 1.000000000000000000, 0.8660254037844387100, 1.000000000000000000, 0.8660254037844387100, 1.000000000000000000, 0.8660254037844387100, 1.000000000000000000, 0.8660254037844387100, 1.000000000000000000, 0.8660254037844387100, 1.000000000000000000, 0.8660254037844387100, 1.000000000000000000, 0.8660254037844387100, 1.000000000000000000, 0.8660254037844387100, 1.000000000000000000, 0.8660254037844387100, 1.000000000000000000, 0.8660254037844387100, 1.000000000000000000, 0.8660254037844387100, 1.000000000000000000, 0.8660254037844387100, 1.000000000000000000, 0.8660254037844387100, 1.000000000000000000, 0.8660254037844387100, 1.000000000000000000, 0.8660254037844387100, 1.000000000000000000, 0.8660254037844387100, 1.000000000000000000) ) ) 
 REPRESENTATION_ITEM ( '' )  SURFACE ( )  );
#736 = CARTESIAN_POINT ( 'NONE',  ( 0.03555250788885852600, 0.1035999999999999800, 0.02052625000000370800 ) ) ;
#737 = CARTESIAN_POINT ( 'NONE',  ( 0.02370167192590281300, 0.1045499999999999900, 0.04105250000000247600 ) ) ;
#738 = CARTESIAN_POINT ( 'NONE',  ( -4.315105566160375000E-015, 0.1054999999999999700, 0.04105249999999999900 ) ) ;
#739 = CARTESIAN_POINT ( 'NONE',  ( 0.04740334385181421700, 0.1026499999999999800, 4.973947154997685500E-015 ) ) ;
#740 = CARTESIAN_POINT ( 'NONE',  ( 0.0000000000000000000, 0.02569999999999998000, 0.04105249999999999900 ) ) ;
#741 = CARTESIAN_POINT ( 'NONE',  ( -5.027315234029313100E-018, 0.04279999999999994200, -0.04105249999999999900 ) ) ;
#742 = CARTESIAN_POINT ( 'NONE',  ( -0.02370167192590712600, 0.04184999999999993600, -0.04105249999999997800 ) ) ;
#743 = CARTESIAN_POINT ( 'NONE',  ( -0.03555250788886066300, 0.04089999999999995000, -0.02052624999999998900 ) ) ;
#744 = CARTESIAN_POINT ( 'NONE',  ( -0.04740334385181421700, 0.03994999999999995100, 2.902521803667930300E-018 ) ) ;
#745 = CARTESIAN_POINT ( 'NONE',  ( -0.03555250788886066300, 0.03899999999999994400, 0.02052625000000000300 ) ) ;
#746 = CARTESIAN_POINT ( 'NONE',  ( -0.02370167192590710200, 0.03804999999999995200, 0.04105249999999999200 ) ) ;
#747 = CARTESIAN_POINT ( 'NONE',  ( 0.0000000000000000000, 0.03709999999999995200, 0.04105249999999999900 ) ) ;
#748 = CARTESIAN_POINT ( 'NONE',  ( 0.02370167192590713300, 0.03614999999999996000, 0.04105249999999997800 ) ) ;
#749 = CARTESIAN_POINT ( 'NONE',  ( 0.03555250788886068400, 0.03519999999999996000, 0.02052624999999997200 ) ) ;
#750 = CARTESIAN_POINT ( 'NONE',  ( -0.02370167192590710200, 0.02664999999999998300, 0.04105249999999999200 ) ) ;
#751 = CARTESIAN_POINT ( 'NONE',  ( 0.04740334385181421700, 0.03424999999999996100, -8.707565411003791500E-018 ) ) ;
#752 = CARTESIAN_POINT ( 'NONE',  ( 0.03555250788886064900, 0.03329999999999996200, -0.02052625000000001300 ) ) ;
#753 = CARTESIAN_POINT ( 'NONE',  ( 0.02370167192590709500, 0.03234999999999996900, -0.04105249999999999200 ) ) ;
#754 = CARTESIAN_POINT ( 'NONE',  ( -5.027315234029313100E-018, 0.03139999999999997000, -0.04105249999999999900 ) ) ;
#755 = CARTESIAN_POINT ( 'NONE',  ( -0.02370167192590712600, 0.03044999999999997000, -0.04105249999999997800 ) ) ;
#756 = CARTESIAN_POINT ( 'NONE',  ( -0.03555250788886066300, 0.02949999999999997400, -0.02052624999999998900 ) ) ;
#757 = CARTESIAN_POINT ( 'NONE',  ( -0.04740334385181421700, 0.02854999999999997500, 2.902521803667930300E-018 ) ) ;
#758 = CARTESIAN_POINT ( 'NONE',  ( -0.03555250788886066300, 0.02759999999999997500, 0.02052625000000000300 ) ) ;
#759 = CARTESIAN_POINT ( 'NONE',  ( 0.03555250788886064900, 0.04469999999999993400, -0.02052625000000001300 ) ) ;
#760 = CARTESIAN_POINT ( 'NONE',  ( 0.02370167192590709500, 0.04374999999999994200, -0.04105249999999999200 ) ) ;
#761 = CARTESIAN_POINT ( 'NONE',  ( 0.03555250788886068400, 0.04659999999999994000, 0.02052624999999997200 ) ) ;
#762 = CARTESIAN_POINT ( 'NONE',  ( 0.04740334385181421700, 0.04564999999999994100, -8.707565411003791500E-018 ) ) ;
#763 = CARTESIAN_POINT ( 'NONE',  ( -0.03555250788886066300, 0.05229999999999991600, -0.02052624999999998900 ) ) ;
#764 = CARTESIAN_POINT ( 'NONE',  ( -0.04740334385181421700, 0.05134999999999991700, 2.902521803667930300E-018 ) ) ;
#765 = CARTESIAN_POINT ( 'NONE',  ( -0.03555250788886066300, 0.05039999999999992400, 0.02052625000000000300 ) ) ;
#766 = CARTESIAN_POINT ( 'NONE',  ( -0.02370167192590710200, 0.04944999999999992500, 0.04105249999999999200 ) ) ;
#767 = CARTESIAN_POINT ( 'NONE',  ( 0.0000000000000000000, 0.04849999999999992500, 0.04105249999999999900 ) ) ;
#768 = CARTESIAN_POINT ( 'NONE',  ( 0.02370167192590713300, 0.04754999999999993300, 0.04105249999999997800 ) ) ;
#769 = CARTESIAN_POINT ( 'NONE',  ( 0.03555250788886064900, 0.05609999999999991400, -0.02052625000000001300 ) ) ;
#770 = CARTESIAN_POINT ( 'NONE',  ( 0.02370167192590709500, 0.05514999999999992100, -0.04105249999999999200 ) ) ;
#771 = CARTESIAN_POINT ( 'NONE',  ( -5.027315234029313100E-018, 0.05419999999999991500, -0.04105249999999999900 ) ) ;
#772 = CARTESIAN_POINT ( 'NONE',  ( -0.02370167192590712600, 0.05324999999999992200, -0.04105249999999997800 ) ) ;
#773 = CARTESIAN_POINT ( 'NONE',  ( 0.02370167192590709500, 0.06654999999999988700, -0.04105249999999999200 ) ) ;
#774 = CARTESIAN_POINT ( 'NONE',  ( -5.027315234029313100E-018, 0.06559999999999989500, -0.04105249999999999900 ) ) ;
#775 = CARTESIAN_POINT ( 'NONE',  ( -0.02370167192590712600, 0.06464999999999988800, -0.04105249999999997800 ) ) ;
#776 = CARTESIAN_POINT ( 'NONE',  ( -0.03555250788886066300, 0.06369999999999989600, -0.02052624999999998900 ) ) ;
#777 = CARTESIAN_POINT ( 'NONE',  ( -0.04740334385181421700, 0.06274999999999990300, 2.902521803667930300E-018 ) ) ;
#778 = CARTESIAN_POINT ( 'NONE',  ( -0.03555250788886066300, 0.06179999999999989700, 0.02052625000000000300 ) ) ;
#779 = CARTESIAN_POINT ( 'NONE',  ( -0.02370167192590710200, 0.06084999999999989000, 0.04105249999999999200 ) ) ;
#780 = CARTESIAN_POINT ( 'NONE',  ( 0.0000000000000000000, 0.05989999999999990500, 0.04105249999999999900 ) ) ;
#781 = CARTESIAN_POINT ( 'NONE',  ( 0.02370167192590713300, 0.05894999999999990500, 0.04105249999999997800 ) ) ;
#782 = CARTESIAN_POINT ( 'NONE',  ( 0.03555250788886068400, 0.05799999999999989900, 0.02052624999999997200 ) ) ;
#783 = CARTESIAN_POINT ( 'NONE',  ( 0.04740334385181421700, 0.05704999999999989900, -8.707565411003791500E-018 ) ) ;
#784 = CARTESIAN_POINT ( 'NONE',  ( 0.04740334385181421700, 0.06844999999999987200, -8.707565411003791500E-018 ) ) ;
#785 = CARTESIAN_POINT ( 'NONE',  ( 0.03555250788886064900, 0.06749999999999988000, -0.02052625000000001300 ) ) ;
#786 = CARTESIAN_POINT ( 'NONE',  ( 0.02370167192590713300, 0.07034999999999988500, 0.04105249999999997800 ) ) ;
#787 = CARTESIAN_POINT ( 'NONE',  ( 0.03555250788886068400, 0.06939999999999987800, 0.02052624999999997200 ) ) ;
#788 = CARTESIAN_POINT ( 'NONE',  ( -0.02370167192590710200, 0.07224999999999988400, 0.04105249999999999200 ) ) ;
#789 = CARTESIAN_POINT ( 'NONE',  ( 0.0000000000000000000, 0.07129999999999987700, 0.04105249999999999900 ) ) ;
#790 = CARTESIAN_POINT ( 'NONE',  ( -0.02370167192590712600, 0.07604999999999985400, -0.04105249999999997800 ) ) ;
#791 = CARTESIAN_POINT ( 'NONE',  ( 0.04740334385181421700, 0.09124999999999984500, -8.707565411003791500E-018 ) ) ;
#792 = CARTESIAN_POINT ( 'NONE',  ( 0.03555250788886064900, 0.09029999999999982500, -0.02052625000000001300 ) ) ;
#793 = CARTESIAN_POINT ( 'NONE',  ( 0.02370167192590709500, 0.08934999999999983200, -0.04105249999999999200 ) ) ;
#794 = CARTESIAN_POINT ( 'NONE',  ( -0.04740334385181421700, 0.07414999999999986900, 2.902521803667930300E-018 ) ) ;
#795 = CARTESIAN_POINT ( 'NONE',  ( -0.02370167192590712600, 0.1102499999999997900, -0.04105249999999997800 ) ) ;
#796 = CARTESIAN_POINT ( 'NONE',  ( -0.03555250788886066300, 0.1092999999999997900, -0.02052624999999998900 ) ) ;
#797 = CARTESIAN_POINT ( 'NONE',  ( -0.04740334385181421700, 0.1083499999999998100, 2.902521803667930300E-018 ) ) ;
#798 = CARTESIAN_POINT ( 'NONE',  ( -0.03555250788886066300, 0.1073999999999997900, 0.02052625000000000300 ) ) ;
#799 = CARTESIAN_POINT ( 'NONE',  ( -0.02370167192590710200, 0.1064499999999997900, 0.04105249999999999200 ) ) ;
#800 = CARTESIAN_POINT ( 'NONE',  ( 0.03555250788886064900, 0.07889999999999985900, -0.02052625000000001300 ) ) ;
#801 = CARTESIAN_POINT ( 'NONE',  ( -5.027315234029313100E-018, 0.07699999999999986000, -0.04105249999999999900 ) ) ;
#802 = CARTESIAN_POINT ( 'NONE',  ( -0.02370167192590710200, 0.08364999999999983600, 0.04105249999999999200 ) ) ;
#803 = CARTESIAN_POINT ( 'NONE',  ( 0.0000000000000000000, 0.08269999999999984300, 0.04105249999999999900 ) ) ;
#804 = CARTESIAN_POINT ( 'NONE',  ( 0.03555250788886068400, 0.1149999999999997800, 0.02052624999999997200 ) ) ;
#805 = CARTESIAN_POINT ( 'NONE',  ( 0.04740334385181421700, 0.1140499999999997800, -8.707565411003791500E-018 ) ) ;
#806 = CARTESIAN_POINT ( 'NONE',  ( 0.03555250788886064900, 0.1130999999999997800, -0.02052625000000001300 ) ) ;
#807 = CARTESIAN_POINT ( 'NONE',  ( 0.02370167192590709500, 0.1121499999999997900, -0.04105249999999999200 ) ) ;
#808 = CARTESIAN_POINT ( 'NONE',  ( -5.027315234029313100E-018, 0.1111999999999997700, -0.04105249999999999900 ) ) ;
#809 = CARTESIAN_POINT ( 'NONE',  ( -0.02370167192590710200, 0.09504999999999981500, 0.04105249999999999200 ) ) ;
#810 = CARTESIAN_POINT ( 'NONE',  ( 0.0000000000000000000, 0.09409999999999982300, 0.04105249999999999900 ) ) ;
#811 = CARTESIAN_POINT ( 'NONE',  ( 0.02370167192590713300, 0.09314999999999983000, 0.04105249999999997800 ) ) ;
#812 = CARTESIAN_POINT ( 'NONE',  ( 0.03555250788886068400, 0.09219999999999983800, 0.02052624999999997200 ) ) ;
#813 = CARTESIAN_POINT ( 'NONE',  ( -0.03723909236273086800, 0.02189999999999999200, 0.02150000000000000900 ) ) ;
#814 = CARTESIAN_POINT ( 'NONE',  ( -0.02482606157515390700, 0.02094999999999999600, 0.04300000000000001000 ) ) ;
#815 = CARTESIAN_POINT ( 'NONE',  ( 0.0000000000000000000, 0.02000000000000000000, 0.04300000000000001000 ) ) ;
#816 = CARTESIAN_POINT ( 'NONE',  ( 0.0000000000000000000, 0.1168999999999997700, 0.04105249999999999900 ) ) ;
#817 = CARTESIAN_POINT ( 'NONE',  ( 0.02370167192590713300, 0.1159499999999997600, 0.04105249999999997800 ) ) ;
#818 = CARTESIAN_POINT ( 'NONE',  ( -0.03555250788886066300, 0.09789999999999980700, -0.02052624999999998900 ) ) ;
#819 = CARTESIAN_POINT ( 'NONE',  ( -0.04740334385181421700, 0.09694999999999981400, 2.902521803667930300E-018 ) ) ;
#820 = CARTESIAN_POINT ( 'NONE',  ( -0.03555250788886066300, 0.09599999999999980800, 0.02052625000000000300 ) ) ;
#821 = CARTESIAN_POINT ( 'NONE',  ( 0.0000000000000000000, 0.1054999999999998000, 0.04105249999999999900 ) ) ;
#822 = CARTESIAN_POINT ( 'NONE',  ( 0.02370167192590713300, 0.1045499999999998000, 0.04105249999999997800 ) ) ;
#823 = CARTESIAN_POINT ( 'NONE',  ( 0.03555250788886068400, 0.1035999999999998000, 0.02052624999999997200 ) ) ;
#824 = CARTESIAN_POINT ( 'NONE',  ( 0.04740334385181421700, 0.1026499999999998000, -8.707565411003791500E-018 ) ) ;
#825 = CARTESIAN_POINT ( 'NONE',  ( 0.02370167192590709500, 0.07794999999999986700, -0.04105249999999999200 ) ) ;
#826 = CARTESIAN_POINT ( 'NONE',  ( -0.03555250788886066300, 0.07319999999999986200, 0.02052625000000000300 ) ) ;
#827 = CARTESIAN_POINT ( 'NONE',  ( 0.03555250788886064900, 0.1016999999999998000, -0.02052625000000001300 ) ) ;
#828 = CARTESIAN_POINT ( 'NONE',  ( 0.02370167192590709500, 0.1007499999999998000, -0.04105249999999999200 ) ) ;
#829 = CARTESIAN_POINT ( 'NONE',  ( -5.027315234029313100E-018, 0.09979999999999981900, -0.04105249999999999900 ) ) ;
#830 = CARTESIAN_POINT ( 'NONE',  ( -0.02370167192590712600, 0.09884999999999981300, -0.04105249999999997800 ) ) ;
#831 = CARTESIAN_POINT ( 'NONE',  ( 0.04740334385181421700, 0.07984999999999986600, -8.707565411003791500E-018 ) ) ;
#832 = CARTESIAN_POINT ( 'NONE',  ( -0.03555250788886066300, 0.07509999999999987500, -0.02052624999999998900 ) ) ;
#833 = CARTESIAN_POINT ( 'NONE',  ( -5.027315234029313100E-018, 0.08839999999999984000, -0.04105249999999999900 ) ) ;
#834 = CARTESIAN_POINT ( 'NONE',  ( -0.02370167192590712600, 0.08744999999999984700, -0.04105249999999997800 ) ) ;
#835 = CARTESIAN_POINT ( 'NONE',  ( -0.03555250788886066300, 0.08649999999999985500, -0.02052624999999998900 ) ) ;
#836 = CARTESIAN_POINT ( 'NONE',  ( 0.02370167192590713300, 0.08174999999999986400, 0.04105249999999997800 ) ) ;
#837 = CARTESIAN_POINT ( 'NONE',  ( 0.03555250788886068400, 0.08079999999999985800, 0.02052624999999997200 ) ) ;
#838 = CARTESIAN_POINT ( 'NONE',  ( -0.04740334385181421700, 0.08554999999999983500, 2.902521803667930300E-018 ) ) ;
#839 = CARTESIAN_POINT ( 'NONE',  ( -0.03555250788886066300, 0.08459999999999984200, 0.02052625000000000300 ) ) ;
#840 = CARTESIAN_POINT ( 'NONE',  ( -0.02364249352331088800, 0.09914999999999998800, -0.04095000000000246400 ) ) ;
#841 = CARTESIAN_POINT ( 'NONE',  ( -0.03546374028497061000, 0.09820000000000001000, -0.02047500000000371600 ) ) ;
#842 = CARTESIAN_POINT ( 'NONE',  ( -0.04728498704663033900, 0.09725000000000001700, -4.967318739001902300E-015 ) ) ;
#843 = CARTESIAN_POINT ( 'NONE',  ( -0.03723909236273087500, 0.03519999999999996700, -0.02149999999999999500 ) ) ;
#844 = CARTESIAN_POINT ( 'NONE',  ( -0.04965212315030782100, 0.03424999999999996800, 3.040215274531905200E-018 ) ) ;
#845 = CARTESIAN_POINT ( 'NONE',  ( -0.03723909236273086800, 0.03329999999999996900, 0.02150000000000000900 ) ) ;
#846 = CARTESIAN_POINT ( 'NONE',  ( -0.02482606157515390700, 0.03234999999999996900, 0.04300000000000001000 ) ) ;
#847 = CARTESIAN_POINT ( 'NONE',  ( 0.0000000000000000000, 0.03139999999999997000, 0.04300000000000001000 ) ) ;
#848 = CARTESIAN_POINT ( 'NONE',  ( 0.02482606157515393500, 0.03044999999999998100, 0.04299999999999999000 ) ) ;
#849 = CARTESIAN_POINT ( 'NONE',  ( 0.03723909236273088800, 0.02949999999999997800, 0.02149999999999997400 ) ) ;
#850 = CARTESIAN_POINT ( 'NONE',  ( 0.04965212315030782100, 0.02854999999999998200, -9.120645823595716000E-018 ) ) ;
#851 = CARTESIAN_POINT ( 'NONE',  ( 0.03723909236273085400, 0.02759999999999998200, -0.02150000000000002300 ) ) ;
#852 = CARTESIAN_POINT ( 'NONE',  ( 0.02482606157515389700, 0.02664999999999998600, -0.04300000000000001000 ) ) ;
#853 = CARTESIAN_POINT ( 'NONE',  ( -5.265807321436223000E-018, 0.02569999999999998700, -0.04300000000000001000 ) ) ;
#854 = CARTESIAN_POINT ( 'NONE',  ( -0.02482606157515393100, 0.02474999999999999100, -0.04299999999999999000 ) ) ;
#855 = CARTESIAN_POINT ( 'NONE',  ( -0.03723909236273087500, 0.02379999999999999100, -0.02149999999999999500 ) ) ;
#856 = CARTESIAN_POINT ( 'NONE',  ( -0.04965212315030782100, 0.02284999999999999200, 3.040215274531905200E-018 ) ) ;
#857 = CARTESIAN_POINT ( 'NONE',  ( 0.02364249352331088800, 0.1048500000000000000, 0.04095000000000246400 ) ) ;
#858 = CARTESIAN_POINT ( 'NONE',  ( 0.03546374028497061700, 0.1039000000000000100, 0.02047500000000369900 ) ) ;
#859 = CARTESIAN_POINT ( 'NONE',  ( 0.04728498704663033900, 0.1029499999999999900, 4.961528189444131800E-015 ) ) ;
#860 = CARTESIAN_POINT ( 'NONE',  ( 0.03546374028497489800, 0.1019999999999999900, -0.02047499999999628800 ) ) ;
#861 = CARTESIAN_POINT ( 'NONE',  ( 0.02364249352331945800, 0.1010500000000000000, -0.04094999999999750900 ) ) ;
#862 = CARTESIAN_POINT ( 'NONE',  ( 4.299316835160680300E-015, 0.1001000000000000100, -0.04094999999999999300 ) ) ;
#863 = CARTESIAN_POINT ( 'NONE',  ( -4.304331598179582700E-015, 0.09440000000000002600, 0.04094999999999999300 ) ) ;
#864 = CARTESIAN_POINT ( 'NONE',  ( -0.03546374028497490500, 0.09630000000000002400, 0.02047499999999627400 ) ) ;
#865 = CARTESIAN_POINT ( 'NONE',  ( -0.02364249352331946800, 0.09535000000000000400, 0.04094999999999750900 ) ) ;
#866 = CARTESIAN_POINT ( 'NONE',  ( -0.02482606157515393100, 0.05894999999999990500, -0.04299999999999999000 ) ) ;
#867 = CARTESIAN_POINT ( 'NONE',  ( -0.03723909236273087500, 0.05799999999999992000, -0.02149999999999999500 ) ) ;
#868 = CARTESIAN_POINT ( 'NONE',  ( -0.04965212315030782100, 0.05704999999999991300, 3.040215274531905200E-018 ) ) ;
#869 = CARTESIAN_POINT ( 'NONE',  ( -0.03723909236273086800, 0.05609999999999991400, 0.02150000000000000900 ) ) ;
#870 = CARTESIAN_POINT ( 'NONE',  ( -0.02482606157515390700, 0.06654999999999988700, 0.04300000000000001000 ) ) ;
#871 = CARTESIAN_POINT ( 'NONE',  ( 0.0000000000000000000, 0.06559999999999989500, 0.04300000000000001000 ) ) ;
#872 = CARTESIAN_POINT ( 'NONE',  ( 0.02482606157515393500, 0.06464999999999988800, 0.04299999999999999000 ) ) ;
#873 = CARTESIAN_POINT ( 'NONE',  ( -0.02482606157515390700, 0.05514999999999992800, 0.04300000000000001000 ) ) ;
#874 = CARTESIAN_POINT ( 'NONE',  ( 0.0000000000000000000, 0.05419999999999992200, 0.04300000000000001000 ) ) ;
#875 = CARTESIAN_POINT ( 'NONE',  ( 0.03723909236273085400, 0.03899999999999995100, -0.02150000000000002300 ) ) ;
#876 = CARTESIAN_POINT ( 'NONE',  ( 0.03723909236273088800, 0.07509999999999987500, 0.02149999999999997400 ) ) ;
#877 = CARTESIAN_POINT ( 'NONE',  ( 0.04965212315030782100, 0.07414999999999986900, -9.120645823595716000E-018 ) ) ;
#878 = CARTESIAN_POINT ( 'NONE',  ( 0.03723909236273085400, 0.07319999999999987600, -0.02150000000000002300 ) ) ;
#879 = CARTESIAN_POINT ( 'NONE',  ( 0.02482606157515389700, 0.07224999999999989800, -0.04300000000000001000 ) ) ;
#880 = CARTESIAN_POINT ( 'NONE',  ( -0.02482606157515393100, 0.03614999999999996000, -0.04299999999999999000 ) ) ;
#881 = CARTESIAN_POINT ( 'NONE',  ( 0.0000000000000000000, 0.1111999999999998000, 0.04300000000000001000 ) ) ;
#882 = CARTESIAN_POINT ( 'NONE',  ( 0.02482606157515393500, 0.1102499999999998100, 0.04299999999999999000 ) ) ;
#883 = CARTESIAN_POINT ( 'NONE',  ( -0.04965212315030782100, 0.06844999999999988600, 3.040215274531905200E-018 ) ) ;
#884 = CARTESIAN_POINT ( 'NONE',  ( -0.03723909236273086800, 0.06749999999999988000, 0.02150000000000000900 ) ) ;
#885 = CARTESIAN_POINT ( 'NONE',  ( -0.04965212315030782100, 0.04564999999999994800, 3.040215274531905200E-018 ) ) ;
#886 = CARTESIAN_POINT ( 'NONE',  ( -0.03723909236273086800, 0.04469999999999994100, 0.02150000000000000900 ) ) ;
#887 = CARTESIAN_POINT ( 'NONE',  ( 0.03723909236273086100, 0.02759999999999998200, -0.02150000000000002300 ) ) ;
#888 = CARTESIAN_POINT ( 'NONE',  ( 0.02482606157515390000, 0.02664999999999998300, -0.04300000000000001000 ) ) ;
#889 =( BOUNDED_CURVE ( )  B_SPLINE_CURVE ( 2, ( #944, #943, #942, #941, #940, #939, #938, #937, #936, #935, #934, #933, #932 ),
 .UNSPECIFIED., .F., .T. ) 
 B_SPLINE_CURVE_WITH_KNOTS ( ( 3, 2, 2, 2, 2, 2, 3 ),
 ( 0.7500000000000012200, 0.7708333333333347000, 0.7916666666666681800, 0.8125000000000017800, 0.8333333333333352600, 0.8541666666666687400, 0.8750000000000023300 ),
 .UNSPECIFIED. ) 
 CURVE ( )  GEOMETRIC_REPRESENTATION_ITEM ( )  RATIONAL_B_SPLINE_CURVE ( ( 0.9999999999999921200, 0.8660254037844465900, 1.000000000000000000, 0.8660254037844387100, 1.000000000000000000, 0.8660254037844387100, 1.000000000000000000, 0.8660254037844387100, 1.000000000000000000, 0.8660254037844387100, 1.000000000000000000, 0.8660254037844237200, 1.000000000000015100 ) ) 
 REPRESENTATION_ITEM ( '' )  );
#890 = CARTESIAN_POINT ( 'NONE',  ( 0.04965212315030782100, 0.02854999999999998200, -9.120645823595716000E-018 ) ) ;
#891 = CARTESIAN_POINT ( 'NONE',  ( -0.02482606157515390700, 0.04374999999999994200, 0.04300000000000001000 ) ) ;
#892 = CARTESIAN_POINT ( 'NONE',  ( 0.0000000000000000000, 0.04279999999999994900, 0.04300000000000001000 ) ) ;
#893 = CARTESIAN_POINT ( 'NONE',  ( -0.02482606157515393100, 0.04754999999999993300, -0.04299999999999999000 ) ) ;
#894 = CARTESIAN_POINT ( 'NONE',  ( -0.03723909236273087500, 0.04659999999999994000, -0.02149999999999999500 ) ) ;
#895 = CARTESIAN_POINT ( 'NONE',  ( 0.04965212315030782100, 0.03994999999999995800, -9.120645823595716000E-018 ) ) ;
#896 = CARTESIAN_POINT ( 'NONE',  ( 0.02482606157515389700, 0.03804999999999995200, -0.04300000000000001000 ) ) ;
#897 = CARTESIAN_POINT ( 'NONE',  ( 0.02482606157515389700, 0.04944999999999993200, -0.04300000000000001000 ) ) ;
#898 = CARTESIAN_POINT ( 'NONE',  ( -5.265807321436223000E-018, 0.04849999999999993900, -0.04300000000000001000 ) ) ;
#899 = CARTESIAN_POINT ( 'NONE',  ( 0.02482606157515393500, 0.05324999999999992200, 0.04299999999999999000 ) ) ;
#900 = CARTESIAN_POINT ( 'NONE',  ( 0.03723909236273088800, 0.05229999999999993000, 0.02149999999999997400 ) ) ;
#901 = CARTESIAN_POINT ( 'NONE',  ( -0.03723909236273087500, 0.1035999999999998200, -0.02149999999999999500 ) ) ;
#902 = CARTESIAN_POINT ( 'NONE',  ( -0.04965212315030782100, 0.1026499999999998400, 3.040215274531905200E-018 ) ) ;
#903 = CARTESIAN_POINT ( 'NONE',  ( -0.03723909236273086800, 0.1016999999999998000, 0.02150000000000000900 ) ) ;
#904 = CARTESIAN_POINT ( 'NONE',  ( -0.02482606157515390700, 0.1007499999999998000, 0.04300000000000001000 ) ) ;
#905 = CARTESIAN_POINT ( 'NONE',  ( 0.0000000000000000000, 0.09979999999999981900, 0.04300000000000001000 ) ) ;
#906 = CARTESIAN_POINT ( 'NONE',  ( 0.02482606157515393500, 0.09884999999999981300, 0.04299999999999999000 ) ) ;
#907 = CARTESIAN_POINT ( 'NONE',  ( 0.03723909236273088800, 0.1092999999999998100, 0.02149999999999997400 ) ) ;
#908 = CARTESIAN_POINT ( 'NONE',  ( 0.04965212315030782100, 0.1083499999999997900, -9.120645823595716000E-018 ) ) ;
#909 = CARTESIAN_POINT ( 'NONE',  ( 0.03723909236273085400, 0.1073999999999997900, -0.02150000000000002300 ) ) ;
#910 = CARTESIAN_POINT ( 'NONE',  ( 0.02482606157515389700, 0.1064499999999997900, -0.04300000000000001000 ) ) ;
#911 = CARTESIAN_POINT ( 'NONE',  ( -5.265807321436223000E-018, 0.1054999999999998000, -0.04300000000000001000 ) ) ;
#912 = CARTESIAN_POINT ( 'NONE',  ( -0.02482606157515393100, 0.1045499999999998100, -0.04299999999999999000 ) ) ;
#913 = CARTESIAN_POINT ( 'NONE',  ( 0.02482606157515393500, 0.04184999999999995000, 0.04299999999999999000 ) ) ;
#914 = CARTESIAN_POINT ( 'NONE',  ( 0.03723909236273088800, 0.04089999999999995000, 0.02149999999999997400 ) ) ;
#915 = CARTESIAN_POINT ( 'NONE',  ( 0.03723909236273088800, 0.08649999999999985500, 0.02149999999999997400 ) ) ;
#916 = CARTESIAN_POINT ( 'NONE',  ( 0.04965212315030782100, 0.08554999999999984800, -9.120645823595716000E-018 ) ) ;
#917 = CARTESIAN_POINT ( 'NONE',  ( 0.03723909236273085400, 0.08459999999999984200, -0.02150000000000002300 ) ) ;
#918 = CARTESIAN_POINT ( 'NONE',  ( 0.02482606157515389700, 0.08364999999999984900, -0.04300000000000001000 ) ) ;
#919 = CARTESIAN_POINT ( 'NONE',  ( 0.03723909236273085400, 0.06179999999999990400, -0.02150000000000002300 ) ) ;
#920 = CARTESIAN_POINT ( 'NONE',  ( 0.02482606157515389700, 0.06084999999999990400, -0.04300000000000001000 ) ) ;
#921 = CARTESIAN_POINT ( 'NONE',  ( -5.265807321436223000E-018, 0.05989999999999991200, -0.04300000000000001000 ) ) ;
#922 = CARTESIAN_POINT ( 'NONE',  ( -5.265807321436223000E-018, 0.07129999999999987700, -0.04300000000000001000 ) ) ;
#923 = CARTESIAN_POINT ( 'NONE',  ( -0.02482606157515393100, 0.07034999999999988500, -0.04299999999999999000 ) ) ;
#924 = CARTESIAN_POINT ( 'NONE',  ( -0.03723909236273087500, 0.06939999999999989200, -0.02149999999999999500 ) ) ;
#925 = CARTESIAN_POINT ( 'NONE',  ( 0.03723909236273088800, 0.06369999999999989600, 0.02149999999999997400 ) ) ;
#926 = CARTESIAN_POINT ( 'NONE',  ( 0.04965212315030782100, 0.06274999999999990300, -9.120645823595716000E-018 ) ) ;
#927 = CARTESIAN_POINT ( 'NONE',  ( -0.04965212315030782100, 0.09124999999999985900, 3.040215274531905200E-018 ) ) ;
#928 = CARTESIAN_POINT ( 'NONE',  ( -0.03723909236273086800, 0.09029999999999983900, 0.02150000000000000900 ) ) ;
#929 = CARTESIAN_POINT ( 'NONE',  ( -0.02482606157515390700, 0.08934999999999983200, 0.04300000000000001000 ) ) ;
#930 = CARTESIAN_POINT ( 'NONE',  ( 0.0000000000000000000, 0.08839999999999984000, 0.04300000000000001000 ) ) ;
#931 = CARTESIAN_POINT ( 'NONE',  ( 0.02482606157515393500, 0.08744999999999984700, 0.04299999999999999000 ) ) ;
#932 = CARTESIAN_POINT ( 'NONE',  ( -4.448385056374260200E-015, 0.1055000000000000000, 0.04105249999999999900 ) ) ;
#933 = CARTESIAN_POINT ( 'NONE',  ( 0.02370167192590577600, 0.1045499999999999100, 0.04105250000000253800 ) ) ;
#934 = CARTESIAN_POINT ( 'NONE',  ( 0.03555250788886082200, 0.1035999999999998000, 0.02052624999999972500 ) ) ;
#935 = CARTESIAN_POINT ( 'NONE',  ( 0.04740334385181421000, 0.1026499999999998100, -1.683783863679819700E-016 ) ) ;
#936 = CARTESIAN_POINT ( 'NONE',  ( 0.03555250788886053100, 0.1016999999999998000, -0.02052625000000022800 ) ) ;
#937 = CARTESIAN_POINT ( 'NONE',  ( 0.02370167192590701500, 0.1007499999999998000, -0.04105250000000004000 ) ) ;
#938 = CARTESIAN_POINT ( 'NONE',  ( -2.162301915753679300E-016, 0.09979999999999981900, -0.04105249999999999900 ) ) ;
#939 = CARTESIAN_POINT ( 'NONE',  ( -0.02370167192590715400, 0.09884999999999982700, -0.04105249999999997100 ) ) ;
#940 = CARTESIAN_POINT ( 'NONE',  ( -0.03555250788886075300, 0.09789999999999980700, -0.02052624999999985400 ) ) ;
#941 = CARTESIAN_POINT ( 'NONE',  ( -0.04740334385181421000, 0.09694999999999980000, 3.309838508838701300E-016 ) ) ;
#942 = CARTESIAN_POINT ( 'NONE',  ( -0.03555250788886060700, 0.09599999999999980800, 0.02052625000000009700 ) ) ;
#943 = CARTESIAN_POINT ( 'NONE',  ( -0.02370167192590767400, 0.09504999999999988500, 0.04105249999999872900 ) ) ;
#944 = CARTESIAN_POINT ( 'NONE',  ( -2.268209354740940000E-015, 0.09409999999999992000, 0.04105249999999999900 ) ) ;
#945 = CARTESIAN_POINT ( 'NONE',  ( 0.04965212315030782100, 0.05134999999999993000, -9.120645823595716000E-018 ) ) ;
#946 = CARTESIAN_POINT ( 'NONE',  ( 0.03723909236273085400, 0.05039999999999992400, -0.02150000000000002300 ) ) ;
#947 = CARTESIAN_POINT ( 'NONE',  ( -5.265807321436223000E-018, 0.03709999999999995900, -0.04300000000000001000 ) ) ;
#948 = CARTESIAN_POINT ( 'NONE',  ( -0.03723909236273086800, 0.07889999999999987300, 0.02150000000000000900 ) ) ;
#949 = CARTESIAN_POINT ( 'NONE',  ( -0.02482606157515390700, 0.07794999999999986700, 0.04300000000000001000 ) ) ;
#950 = CARTESIAN_POINT ( 'NONE',  ( 0.0000000000000000000, 0.07699999999999987400, 0.04300000000000001000 ) ) ;
#951 = CARTESIAN_POINT ( 'NONE',  ( 0.02482606157515393500, 0.07604999999999986800, 0.04299999999999999000 ) ) ;
#952 = CARTESIAN_POINT ( 'NONE',  ( 0.03723909236273088800, 0.09789999999999983400, 0.02149999999999997400 ) ) ;
#953 = CARTESIAN_POINT ( 'NONE',  ( 0.04965212315030782100, 0.09694999999999982800, -9.120645823595716000E-018 ) ) ;
#954 = CARTESIAN_POINT ( 'NONE',  ( 0.03723909236273085400, 0.09599999999999982200, -0.02150000000000002300 ) ) ;
#955 = CARTESIAN_POINT ( 'NONE',  ( 0.02482606157515389700, 0.09504999999999981500, -0.04300000000000001000 ) ) ;
#956 = CARTESIAN_POINT ( 'NONE',  ( -5.265807321436223000E-018, 0.09409999999999982300, -0.04300000000000001000 ) ) ;
#957 = CARTESIAN_POINT ( 'NONE',  ( -0.02482606157515393100, 0.09314999999999983000, -0.04299999999999999000 ) ) ;
#958 = CARTESIAN_POINT ( 'NONE',  ( -0.03723909236273087500, 0.09219999999999983800, -0.02149999999999999500 ) ) ;
#959 = CARTESIAN_POINT ( 'NONE',  ( -5.265807321436223000E-018, 0.08269999999999984300, -0.04300000000000001000 ) ) ;
#960 = CARTESIAN_POINT ( 'NONE',  ( -0.02482606157515393100, 0.08174999999999986400, -0.04299999999999999000 ) ) ;
#961 = CARTESIAN_POINT ( 'NONE',  ( -0.03723909236273087500, 0.08079999999999985800, -0.02149999999999999500 ) ) ;
#962 = CARTESIAN_POINT ( 'NONE',  ( -0.04965212315030782100, 0.07984999999999986600, 3.040215274531905200E-018 ) ) ;
#963 = CARTESIAN_POINT ( 'NONE',  ( -0.04965212315030782100, 0.03424999999999996800, 5.930102064705593300E-017 ) ) ;
#964 = CARTESIAN_POINT ( 'NONE',  ( -0.03723909236273085400, 0.03329999999999996900, 0.02150000000000003000 ) ) ;
#965 = CARTESIAN_POINT ( 'NONE',  ( -0.02482606157515387200, 0.03234999999999996900, 0.04300000000000002400 ) ) ;
#966 = CARTESIAN_POINT ( 'NONE',  ( 1.053161464287244600E-017, 0.03139999999999997000, 0.04300000000000001000 ) ) ;
#967 = CARTESIAN_POINT ( 'NONE',  ( 0.02482606157515394200, 0.03044999999999997700, 0.04299999999999999000 ) ) ;
#968 = CARTESIAN_POINT ( 'NONE',  ( 0.03723909236273088800, 0.02949999999999997800, 0.02149999999999997400 ) ) ;
#969 = CARTESIAN_POINT ( 'NONE',  ( -0.02482606157515398000, 0.03614999999999996700, -0.04299999999999998300 ) ) ;
#970 = CARTESIAN_POINT ( 'NONE',  ( -0.03723909236273088800, 0.03519999999999996700, -0.02149999999999997100 ) ) ;
#971 = CARTESIAN_POINT ( 'NONE',  ( -0.03723909236273083300, 0.04469999999999994100, 0.02150000000000006800 ) ) ;
#972 = CARTESIAN_POINT ( 'NONE',  ( -0.02482606157515385900, 0.04374999999999994200, 0.04300000000000003800 ) ) ;
#973 = CARTESIAN_POINT ( 'NONE',  ( 2.106322928574489200E-017, 0.04279999999999994900, 0.04300000000000001000 ) ) ;
#974 = CARTESIAN_POINT ( 'NONE',  ( 0.02482606157515398300, 0.04184999999999995000, 0.04299999999999996900 ) ) ;
#975 = CARTESIAN_POINT ( 'NONE',  ( 0.03723909236273088800, 0.04089999999999995000, 0.02149999999999996700 ) ) ;
#976 = CARTESIAN_POINT ( 'NONE',  ( 0.04965212315030782100, 0.03994999999999995800, -2.128150692172333800E-017 ) ) ;
#977 = CARTESIAN_POINT ( 'NONE',  ( 0.03723909236273083300, 0.03899999999999995100, -0.02150000000000006100 ) ) ;
#978 = CARTESIAN_POINT ( 'NONE',  ( 0.02482606157515386900, 0.03804999999999996600, -0.04300000000000002400 ) ) ;
#979 = CARTESIAN_POINT ( 'NONE',  ( -1.579742196430867000E-017, 0.03709999999999995900, -0.04300000000000001000 ) ) ;
#980 = CARTESIAN_POINT ( 'NONE',  ( -0.03723909236273089500, 0.04659999999999994000, -0.02149999999999996400 ) ) ;
#981 = CARTESIAN_POINT ( 'NONE',  ( -0.04965212315030782100, 0.04564999999999994800, 1.155618260195799600E-016 ) ) ;
#982 = CARTESIAN_POINT ( 'NONE',  ( 0.03723909236273081900, 0.07319999999999987600, -0.02150000000000008800 ) ) ;
#983 = CARTESIAN_POINT ( 'NONE',  ( 0.02482606157515383800, 0.07224999999999988400, -0.04300000000000004500 ) ) ;
#984 = CARTESIAN_POINT ( 'NONE',  ( -2.001589540813475900E-016, 0.07129999999999987700, -0.04300000000000001000 ) ) ;
#985 = CARTESIAN_POINT ( 'NONE',  ( 2.054247614027837900E-016, 0.07699999999999987400, 0.04300000000000001000 ) ) ;
#986 = CARTESIAN_POINT ( 'NONE',  ( 0.02482606157515409800, 0.07604999999999986800, 0.04299999999999990600 ) ) ;
#987 = CARTESIAN_POINT ( 'NONE',  ( 0.03723909236273094400, 0.07509999999999987500, 0.02149999999999987300 ) ) ;
#988 = CARTESIAN_POINT ( 'NONE',  ( 0.04965212315030782100, 0.07414999999999989700, -1.459639787648990300E-016 ) ) ;
#989 = CARTESIAN_POINT ( 'NONE',  ( 0.02482606157515385200, 0.06084999999999990400, -0.04300000000000004500 ) ) ;
#990 = CARTESIAN_POINT ( 'NONE',  ( -3.686065125005356500E-017, 0.05989999999999991200, -0.04300000000000001000 ) ) ;
#991 = CARTESIAN_POINT ( 'NONE',  ( -0.02482606157515407400, 0.05894999999999991200, -0.04299999999999991300 ) ) ;
#992 = CARTESIAN_POINT ( 'NONE',  ( -0.02482606157515384500, 0.06654999999999988700, 0.04300000000000004500 ) ) ;
#993 = CARTESIAN_POINT ( 'NONE',  ( 4.212645857148978400E-017, 0.06559999999999989500, 0.04300000000000001000 ) ) ;
#994 = CARTESIAN_POINT ( 'NONE',  ( 0.02482606157515407700, 0.06464999999999988800, 0.04299999999999990600 ) ) ;
#995 = CARTESIAN_POINT ( 'NONE',  ( -0.02482606157515408100, 0.07034999999999988500, -0.04299999999999990600 ) ) ;
#996 = CARTESIAN_POINT ( 'NONE',  ( -0.03723909236273094400, 0.06939999999999989200, -0.02149999999999987700 ) ) ;
#997 = CARTESIAN_POINT ( 'NONE',  ( -0.04965212315030782100, 0.06844999999999988600, 1.398835482158351800E-016 ) ) ;
#998 = CARTESIAN_POINT ( 'NONE',  ( -0.03723909236273081900, 0.06749999999999988000, 0.02150000000000008500 ) ) ;
#999 = CARTESIAN_POINT ( 'NONE',  ( -0.02482606157515398700, 0.04754999999999994600, -0.04299999999999995500 ) ) ;
#1000 = CARTESIAN_POINT ( 'NONE',  ( 0.03723909236273083300, 0.05039999999999992400, -0.02150000000000007500 ) ) ;
#1001 = CARTESIAN_POINT ( 'NONE',  ( 0.02482606157515385900, 0.04944999999999993200, -0.04300000000000003800 ) ) ;
#1002 = CARTESIAN_POINT ( 'NONE',  ( 0.03723909236273093700, 0.05229999999999993000, 0.02149999999999989100 ) ) ;
#1003 = CARTESIAN_POINT ( 'NONE',  ( 0.04965212315030782100, 0.05134999999999991700, -1.216422565686437800E-016 ) ) ;
#1004 = CARTESIAN_POINT ( 'NONE',  ( -0.02482606157515385500, 0.05514999999999992800, 0.04300000000000003800 ) ) ;
#1005 = CARTESIAN_POINT ( 'NONE',  ( 3.159484392861734000E-017, 0.05419999999999992200, 0.04300000000000001000 ) ) ;
#1006 = CARTESIAN_POINT ( 'NONE',  ( 0.02482606157515406700, 0.05324999999999992200, 0.04299999999999991300 ) ) ;
#1007 = CARTESIAN_POINT ( 'NONE',  ( -0.03723909236273093700, 0.05799999999999992000, -0.02149999999999988400 ) ) ;
#1008 = CARTESIAN_POINT ( 'NONE',  ( -0.04965212315030782100, 0.05704999999999991300, 1.277226871177075900E-016 ) ) ;
#1009 = CARTESIAN_POINT ( 'NONE',  ( -0.03723909236273082600, 0.05609999999999991400, 0.02150000000000007800 ) ) ;
#1010 = CARTESIAN_POINT ( 'NONE',  ( -1.027123807013919000E-016, 0.04849999999999993900, -0.04300000000000001000 ) ) ;
#1011 = CARTESIAN_POINT ( 'NONE',  ( 0.03723909236273094400, 0.06369999999999989600, 0.02149999999999988000 ) ) ;
#1012 = CARTESIAN_POINT ( 'NONE',  ( 0.04965212315030782100, 0.06274999999999990300, -1.338031176667714100E-016 ) ) ;
#1013 = CARTESIAN_POINT ( 'NONE',  ( 0.03723909236273082600, 0.06179999999999990400, -0.02150000000000008200 ) ) ;
#1014 = CARTESIAN_POINT ( 'NONE',  ( 0.0000000000000000000, 0.05419999999999992200, 0.04300000000000001000 ) ) ;
#1015 = CARTESIAN_POINT ( 'NONE',  ( 0.02482606157515393500, 0.05324999999999992200, 0.04299999999999999000 ) ) ;
#1016 = CARTESIAN_POINT ( 'NONE',  ( -5.265807321436223000E-018, 0.02569999999999998700, -0.04300000000000001000 ) ) ;
#1017 = CARTESIAN_POINT ( 'NONE',  ( -0.02482606157515393100, 0.02474999999999999100, -0.04299999999999999000 ) ) ;
#1018 = CARTESIAN_POINT ( 'NONE',  ( -0.03723909236273087500, 0.02379999999999999100, -0.02149999999999999500 ) ) ;
#1019 = CARTESIAN_POINT ( 'NONE',  ( -0.04965212315030782100, 0.02284999999999999500, 3.040215274531905600E-018 ) ) ;
#1020 = CARTESIAN_POINT ( 'NONE',  ( -0.03723909236273086800, 0.02189999999999999200, 0.02150000000000000900 ) ) ;
#1021 = CARTESIAN_POINT ( 'NONE',  ( -0.02482606157515390700, 0.02094999999999999600, 0.04300000000000001000 ) ) ;
#1022 = CARTESIAN_POINT ( 'NONE',  ( 0.0000000000000000000, 0.02000000000000000000, 0.04300000000000001000 ) ) ;
#1023 = CARTESIAN_POINT ( 'NONE',  ( -0.02482606157515390700, 0.05514999999999992800, 0.04300000000000001000 ) ) ;
#1024 =( BOUNDED_CURVE ( )  B_SPLINE_CURVE ( 2, ( #1022, #1021, #1020, #1019, #1018, #1017, #1016, #888, #887, #890, #968, #967, #966, #965, #964, #963, #970, #969, #979, #978, #977, #976, #975, #974, #973, #972, #971, #981, #980, #999, #1010, #1001, #1000, #1003, #1002, #1006, #1005, #1004, #1009, #1008, #1007, #991, #990, #989, #1013, #1012, #1011, #994, #993, #992, #998, #997, #996, #995, #984, #983, #982, #988, #987, #986, #985, #1034, #1048, #1026, #1025, #1041, #1031, #1030, #1033, #1032, #1040, #1039, #1038, #1037, #1036, #1035, #1029, #1028, #1027, #1047, #1046, #1045, #1044, #1043, #1042 ),
 .UNSPECIFIED., .F., .T. ) 
 B_SPLINE_CURVE_WITH_KNOTS ( ( 3, 2, 2, 2, 2, 2, 2, 2, 2, 2, 2, 2, 2, 2, 2, 2, 2, 2, 2, 2, 2, 2, 2, 2, 2, 2, 2, 2, 2, 2, 2, 2, 2, 2, 2, 2, 2, 2, 2, 2, 2, 2, 3 ),
 ( 0.0000000000000000000, 0.02083333333333336300, 0.04166666666666672700, 0.06250000000000008300, 0.08333333333333345400, 0.1041666666666668100, 0.1250000000000001700, 0.1458333333333335100, 0.1666666666666669100, 0.1875000000000002500, 0.2083333333333336200, 0.2291666666666669600, 0.2500000000000003300, 0.2708333333333337000, 0.2916666666666670200, 0.3125000000000004400, 0.3333333333333338100, 0.3541666666666671300, 0.3750000000000005000, 0.3958333333333338700, 0.4166666666666672400, 0.4375000000000006100, 0.4583333333333339300, 0.4791666666666673000, 0.5000000000000006700, 0.5208333333333340400, 0.5416666666666674100, 0.5625000000000007800, 0.5833333333333340400, 0.6041666666666675200, 0.6250000000000008900, 0.6458333333333341500, 0.6666666666666676300, 0.6875000000000010000, 0.7083333333333342600, 0.7291666666666676300, 0.7500000000000010000, 0.7708333333333342600, 0.7916666666666677400, 0.8125000000000011100, 0.8333333333333344800, 0.8541666666666678500, 0.8750000000000012200 ),
 .UNSPECIFIED. ) 
 CURVE ( )  GEOMETRIC_REPRESENTATION_ITEM ( )  RATIONAL_B_SPLINE_CURVE ( ( 1.000000000000000000, 0.8660254037844387100, 1.000000000000000000, 0.8660254037844387100, 1.000000000000000000, 0.8660254037844387100, 1.000000000000000000, 0.8660254037844387100, 1.000000000000000000, 0.8660254037844387100, 1.000000000000000000, 0.8660254037844387100, 1.000000000000000000, 0.8660254037844387100, 1.000000000000000000, 0.8660254037844387100, 1.000000000000000000, 0.8660254037844387100, 1.000000000000000000, 0.8660254037844387100, 1.000000000000000000, 0.8660254037844387100, 1.000000000000000000, 0.8660254037844387100, 1.000000000000000000, 0.8660254037844387100, 1.000000000000000000, 0.8660254037844387100, 1.000000000000000000, 0.8660254037844387100, 1.000000000000000000, 0.8660254037844387100, 1.000000000000000000, 0.8660254037844387100, 1.000000000000000000, 0.8660254037844387100, 1.000000000000000000, 0.8660254037844387100, 1.000000000000000000, 0.8660254037844387100, 1.000000000000000000, 0.8660254037844387100, 1.000000000000000000, 0.8660254037844387100, 1.000000000000000000, 0.8660254037844387100, 1.000000000000000000, 0.8660254037844387100, 1.000000000000000000, 0.8660254037844387100, 1.000000000000000000, 0.8660254037844387100, 1.000000000000000000, 0.8660254037844387100, 1.000000000000000000, 0.8660254037844387100, 1.000000000000000000, 0.8660254037844387100, 1.000000000000000000, 0.8660254037844387100, 1.000000000000000000, 0.8660254037844387100, 1.000000000000000000, 0.8660254037844387100, 1.000000000000000000, 0.8660254037844387100, 1.000000000000000000, 0.8660254037844387100, 1.000000000000000000, 0.8660254037844387100, 1.000000000000000000, 0.8660254037844387100, 1.000000000000000000, 0.8660254037844387100, 1.000000000000000000, 0.8660254037844387100, 1.000000000000000000, 0.8660254037844387100, 1.000000000000000000, 0.8660254037844387100, 1.000000000000000000, 0.8660254037844387100, 1.000000000000000000, 0.8660254037844308300, 1.000000000000007800 ) ) 
 REPRESENTATION_ITEM ( '' )  );
#1025 = CARTESIAN_POINT ( 'NONE',  ( -0.03723909236273095100, 0.08079999999999985800, -0.02149999999999986600 ) ) ;
#1026 = CARTESIAN_POINT ( 'NONE',  ( -0.04965212315030782100, 0.07984999999999986600, 3.284441864115485100E-016 ) ) ;
#1027 = CARTESIAN_POINT ( 'NONE',  ( -2.212221833670924600E-016, 0.09409999999999982300, -0.04300000000000001000 ) ) ;
#1028 = CARTESIAN_POINT ( 'NONE',  ( -0.02482606157515395600, 0.09314999999999983000, -0.04299999999999998300 ) ) ;
#1029 = CARTESIAN_POINT ( 'NONE',  ( -0.03723909236273095800, 0.09219999999999983800, -0.02149999999999986000 ) ) ;
#1030 = CARTESIAN_POINT ( 'NONE',  ( 0.02482606157515382700, 0.08364999999999984900, -0.04300000000000005900 ) ) ;
#1031 = CARTESIAN_POINT ( 'NONE',  ( -2.106905687242200200E-016, 0.08269999999999984300, -0.04300000000000001000 ) ) ;
#1032 = CARTESIAN_POINT ( 'NONE',  ( 0.04965212315030782100, 0.08554999999999986200, -1.581248398630266900E-016 ) ) ;
#1033 = CARTESIAN_POINT ( 'NONE',  ( 0.03723909236273073600, 0.08459999999999984200, -0.02150000000000023400 ) ) ;
#1034 = CARTESIAN_POINT ( 'NONE',  ( -0.02482606157515383800, 0.07794999999999986700, 0.04300000000000005900 ) ) ;
#1035 = CARTESIAN_POINT ( 'NONE',  ( -0.04965212315030782100, 0.09124999999999984500, 3.406050475096761500E-016 ) ) ;
#1036 = CARTESIAN_POINT ( 'NONE',  ( -0.03723909236273081200, 0.09029999999999983900, 0.02150000000000010200 ) ) ;
#1037 = CARTESIAN_POINT ( 'NONE',  ( -0.02482606157515366800, 0.08934999999999983200, 0.04300000000000014900 ) ) ;
#1038 = CARTESIAN_POINT ( 'NONE',  ( 6.318968785723467900E-017, 0.08839999999999984000, 0.04300000000000001000 ) ) ;
#1039 = CARTESIAN_POINT ( 'NONE',  ( 0.02482606157515410500, 0.08744999999999984700, 0.04299999999999989900 ) ) ;
#1040 = CARTESIAN_POINT ( 'NONE',  ( 0.03723909236273102700, 0.08649999999999985500, 0.02149999999999973100 ) ) ;
#1041 = CARTESIAN_POINT ( 'NONE',  ( -0.02482606157515394500, 0.08174999999999983700, -0.04299999999999999000 ) ) ;
#1042 = CARTESIAN_POINT ( 'NONE',  ( -2.370545708514637800E-015, 0.09979999999999991700, 0.04300000000000001000 ) ) ;
#1043 = CARTESIAN_POINT ( 'NONE',  ( 0.02482606157515327600, 0.09884999999999989600, 0.04300000000000134300 ) ) ;
#1044 = CARTESIAN_POINT ( 'NONE',  ( 0.03723909236273103400, 0.09789999999999983400, 0.02149999999999972400 ) ) ;
#1045 = CARTESIAN_POINT ( 'NONE',  ( 0.04965212315030782100, 0.09694999999999984200, -1.702857009611543000E-016 ) ) ;
#1046 = CARTESIAN_POINT ( 'NONE',  ( 0.03723909236273073600, 0.09599999999999982200, -0.02150000000000024500 ) ) ;
#1047 = CARTESIAN_POINT ( 'NONE',  ( 0.02482606157515381700, 0.09504999999999981500, -0.04300000000000005900 ) ) ;
#1048 = CARTESIAN_POINT ( 'NONE',  ( -0.03723909236273081900, 0.07889999999999987300, 0.02150000000000009500 ) ) ;
#1049 = CARTESIAN_POINT ( 'NONE',  ( 0.0000000000000000000, 0.0000000000000000000, 0.0000000000000000000 ) ) ;
#1050 = CARTESIAN_POINT ( 'NONE',  ( -0.03723909236273086800, 0.05609999999999991400, 0.02150000000000000900 ) ) ;
#1051 = CARTESIAN_POINT ( 'NONE',  ( -0.04965212315030782100, 0.05704999999999991300, 3.040215274531905200E-018 ) ) ;
#1052 = DIRECTION ( 'NONE',  ( 0.0000000000000000000, 0.0000000000000000000, 1.000000000000000000 ) ) ;
#1053 = DIRECTION ( 'NONE',  ( 0.0000000000000000000, 1.000000000000000000, 0.0000000000000000000 ) ) ;
#1054 = CARTESIAN_POINT ( 'NONE',  ( 0.0000000000000000000, 0.02000000000000000000, 0.0000000000000000000 ) ) ;
#1055 = AXIS2_PLACEMENT_3D ( 'NONE', #1054, #1053, #1052 ) ;
#1056 = FACE_OUTER_BOUND ( 'NONE', #656, .T. ) ;
#1057 = CARTESIAN_POINT ( 'NONE',  ( -2.939055249173703200E-018, 0.01199999999999998800, 0.0000000000000000000 ) ) ;
#1058 = DIRECTION ( 'NONE',  ( 2.449212707644755000E-016, -1.000000000000000000, 0.0000000000000000000 ) ) ;
#1059 = AXIS2_PLACEMENT_3D ( 'NONE', #1049, #1058, #1071 ) ;
#1060 = CYLINDRICAL_SURFACE ( 'NONE', #1059, 0.04094999999999999300 ) ;
#1061 = DIRECTION ( 'NONE',  ( 1.000000000000000000, 2.605929481135782000E-016, 0.0000000000000000000 ) ) ;
#1062 = DIRECTION ( 'NONE',  ( 2.449212707644755000E-016, -1.000000000000000000, 0.0000000000000000000 ) ) ;
#1063 = FACE_OUTER_BOUND ( 'NONE', #642, .T. ) ;
#1064 = CARTESIAN_POINT ( 'NONE',  ( -4.439785697288658500E-015, 0.1058000000000000100, 0.04094999999999999300 ) ) ;
#1065 = CARTESIAN_POINT ( 'NONE',  ( 0.009255497605376764000, 0.1054280966423257600, 0.04095000000000095800 ) ) ;
#1066 = CARTESIAN_POINT ( 'NONE',  ( -2.257531320085451400E-015, 0.1051999999999997900, 0.04094999999999999300 ) ) ;
#1067 = CARTESIAN_POINT ( 'NONE',  ( 0.002415104725393513400, 0.1051029565351521300, 0.04094999999996906000 ) ) ;
#1068 = CARTESIAN_POINT ( 'NONE',  ( 0.004813466880702398800, 0.1049999999999999700, 0.04066611656635508300 ) ) ;
#1069 =( BOUNDED_CURVE ( )  B_SPLINE_CURVE ( 2, ( #1068, #1067, #1066 ),
 .UNSPECIFIED., .F., .F. ) 
 B_SPLINE_CURVE_WITH_KNOTS ( ( 3, 3 ),
 ( 0.8725808577473922500, 0.8749999999997333200 ),
 .UNSPECIFIED. ) 
 CURVE ( )  GEOMETRIC_REPRESENTATION_ITEM ( )  RATIONAL_B_SPLINE_CURVE ( ( 0.9724989687514820100, 0.9844430268875893300, 0.9999999999982850400 ) ) 
 REPRESENTATION_ITEM ( '' )  );
#1070 = FACE_OUTER_BOUND ( 'NONE', #651, .T. ) ;
#1071 = DIRECTION ( 'NONE',  ( 1.000000000000000000, 2.449212707644755000E-016, 0.0000000000000000000 ) ) ;
#1072 = AXIS2_PLACEMENT_3D ( 'NONE', #1057, #1062, #1061 ) ;
#1073 = CIRCLE ( 'NONE', #1072, 0.04095000000000000000 ) ;
#1074 = CYLINDRICAL_SURFACE ( 'NONE', #1055, 0.04094999999999999300 ) ;
#1075 =( BOUNDED_CURVE ( )  B_SPLINE_CURVE ( 2, ( #1076, #1065, #1064 ),
 .UNSPECIFIED., .F., .T. ) 
 B_SPLINE_CURVE_WITH_KNOTS ( ( 3, 3 ),
 ( 0.9289623383004684800, 1.000000000000000000 ),
 .UNSPECIFIED. ) 
 CURVE ( )  GEOMETRIC_REPRESENTATION_ITEM ( )  RATIONAL_B_SPLINE_CURVE ( ( 0.9344710441694219500, 0.9428965477462457600, 1.000000000000000000 ) ) 
 REPRESENTATION_ITEM ( '' )  );
#1076 = CARTESIAN_POINT ( 'NONE',  ( 0.01761132416364884200, 0.1049999999999999700, 0.03696949771369467700 ) ) ;
#1077 = CARTESIAN_POINT ( 'NONE',  ( -0.02482606157515393100, 0.05894999999999990500, -0.04299999999999999000 ) ) ;
#1078 = CARTESIAN_POINT ( 'NONE',  ( -0.03723909236273087500, 0.05799999999999992000, -0.02149999999999999500 ) ) ;
#1079 = CARTESIAN_POINT ( 'NONE',  ( 0.03723909236273088800, 0.07509999999999987500, 0.02149999999999997400 ) ) ;
#1080 = CARTESIAN_POINT ( 'NONE',  ( 0.04965212315030782100, 0.07414999999999986900, -9.120645823595716000E-018 ) ) ;
#1081 = CARTESIAN_POINT ( 'NONE',  ( 0.03723909236273085400, 0.07319999999999987600, -0.02150000000000002300 ) ) ;
#1082 = CARTESIAN_POINT ( 'NONE',  ( 0.02482606157515389700, 0.07224999999999989800, -0.04300000000000001000 ) ) ;
#1083 = CARTESIAN_POINT ( 'NONE',  ( 0.04965212315030782100, 0.06274999999999990300, -9.120645823595716000E-018 ) ) ;
#1084 = CARTESIAN_POINT ( 'NONE',  ( 0.03723909236273085400, 0.06179999999999990400, -0.02150000000000002300 ) ) ;
#1085 = CARTESIAN_POINT ( 'NONE',  ( 0.04965212315030782100, 0.09694999999999982800, -9.120645823595716000E-018 ) ) ;
#1086 = CARTESIAN_POINT ( 'NONE',  ( 0.03723909236273085400, 0.09599999999999982200, -0.02150000000000002300 ) ) ;
#1087 = CARTESIAN_POINT ( 'NONE',  ( 0.02482606157515389700, 0.09504999999999981500, -0.04300000000000001000 ) ) ;
#1088 = CARTESIAN_POINT ( 'NONE',  ( -5.265807321436223000E-018, 0.09409999999999982300, -0.04300000000000001000 ) ) ;
#1089 = CARTESIAN_POINT ( 'NONE',  ( -0.02482606157515393100, 0.09314999999999983000, -0.04299999999999999000 ) ) ;
#1090 = CARTESIAN_POINT ( 'NONE',  ( -0.03723909236273087500, 0.09219999999999983800, -0.02149999999999999500 ) ) ;
#1091 = CARTESIAN_POINT ( 'NONE',  ( -0.04965212315030782100, 0.09124999999999985900, 3.040215274531905200E-018 ) ) ;
#1092 = CARTESIAN_POINT ( 'NONE',  ( -0.03723909236273086800, 0.07889999999999987300, 0.02150000000000000900 ) ) ;
#1093 = CARTESIAN_POINT ( 'NONE',  ( -0.02482606157515390700, 0.07794999999999986700, 0.04300000000000001000 ) ) ;
#1094 = CARTESIAN_POINT ( 'NONE',  ( 0.0000000000000000000, 0.07699999999999987400, 0.04300000000000001000 ) ) ;
#1095 = CARTESIAN_POINT ( 'NONE',  ( 0.02482606157515393500, 0.07604999999999986800, 0.04299999999999999000 ) ) ;
#1096 = DIRECTION ( 'NONE',  ( 0.0000000000000000000, 1.000000000000000000, 0.0000000000000000000 ) ) ;
#1097 = CARTESIAN_POINT ( 'NONE',  ( -0.03723909236273086800, 0.06749999999999988000, 0.02150000000000000900 ) ) ;
#1098 = CARTESIAN_POINT ( 'NONE',  ( -0.02482606157515390700, 0.06654999999999988700, 0.04300000000000001000 ) ) ;
#1099 = CARTESIAN_POINT ( 'NONE',  ( 0.0000000000000000000, 0.06559999999999989500, 0.04300000000000001000 ) ) ;
#1100 = CARTESIAN_POINT ( 'NONE',  ( 0.0000000000000000000, 0.02000000000000000000, 0.0000000000000000000 ) ) ;
#1101 = CYLINDRICAL_SURFACE ( 'NONE', #1102, 0.04094999999999999300 ) ;
#1102 = AXIS2_PLACEMENT_3D ( 'NONE', #1100, #1096, #1133 ) ;
#1103 = CARTESIAN_POINT ( 'NONE',  ( -0.03723909236273086800, 0.09029999999999983900, 0.02150000000000000900 ) ) ;
#1104 = CARTESIAN_POINT ( 'NONE',  ( -0.02482606157515390700, 0.08934999999999983200, 0.04300000000000001000 ) ) ;
#1105 = CARTESIAN_POINT ( 'NONE',  ( 0.0000000000000000000, 0.08839999999999984000, 0.04300000000000001000 ) ) ;
#1106 = CARTESIAN_POINT ( 'NONE',  ( 0.02482606157515393500, 0.08744999999999984700, 0.04299999999999999000 ) ) ;
#1107 = CARTESIAN_POINT ( 'NONE',  ( 0.03723909236273088800, 0.08649999999999985500, 0.02149999999999997400 ) ) ;
#1108 = CARTESIAN_POINT ( 'NONE',  ( 0.04965212315030782100, 0.08554999999999984800, -9.120645823595716000E-018 ) ) ;
#1109 = CARTESIAN_POINT ( 'NONE',  ( 0.03723909236273085400, 0.08459999999999984200, -0.02150000000000002300 ) ) ;
#1110 = CARTESIAN_POINT ( 'NONE',  ( 0.02482606157515389700, 0.08364999999999984900, -0.04300000000000001000 ) ) ;
#1111 = CARTESIAN_POINT ( 'NONE',  ( -5.265807321436223000E-018, 0.08269999999999984300, -0.04300000000000001000 ) ) ;
#1112 = CARTESIAN_POINT ( 'NONE',  ( -0.02482606157515393100, 0.08174999999999986400, -0.04299999999999999000 ) ) ;
#1113 = CARTESIAN_POINT ( 'NONE',  ( -0.03723909236273087500, 0.08079999999999985800, -0.02149999999999999500 ) ) ;
#1114 = CARTESIAN_POINT ( 'NONE',  ( -0.04965212315030782100, 0.07984999999999986600, 3.040215274531905200E-018 ) ) ;
#1115 = CARTESIAN_POINT ( 'NONE',  ( 0.02482606157515389700, 0.06084999999999990400, -0.04300000000000001000 ) ) ;
#1116 = CARTESIAN_POINT ( 'NONE',  ( -5.265807321436223000E-018, 0.05989999999999991200, -0.04300000000000001000 ) ) ;
#1117 = CARTESIAN_POINT ( 'NONE',  ( -5.265807321436223000E-018, 0.07129999999999987700, -0.04300000000000001000 ) ) ;
#1118 = CARTESIAN_POINT ( 'NONE',  ( -0.02482606157515393100, 0.07034999999999988500, -0.04299999999999999000 ) ) ;
#1119 = CARTESIAN_POINT ( 'NONE',  ( -0.03723909236273087500, 0.06939999999999989200, -0.02149999999999999500 ) ) ;
#1120 = CARTESIAN_POINT ( 'NONE',  ( -0.04965212315030782100, 0.06844999999999988600, 3.040215274531905200E-018 ) ) ;
#1121 = FACE_OUTER_BOUND ( 'NONE', #663, .T. ) ;
#1122 = CARTESIAN_POINT ( 'NONE',  ( 0.02482606157515393500, 0.06464999999999988800, 0.04299999999999999000 ) ) ;
#1123 = CARTESIAN_POINT ( 'NONE',  ( 0.03723909236273088800, 0.06369999999999989600, 0.02149999999999997400 ) ) ;
#1124 = CARTESIAN_POINT ( 'NONE',  ( -5.265807321436223000E-018, 0.1054999999999998000, -0.04300000000000001000 ) ) ;
#1125 = CARTESIAN_POINT ( 'NONE',  ( -0.02482606157515393100, 0.1045499999999998100, -0.04299999999999999000 ) ) ;
#1126 = CARTESIAN_POINT ( 'NONE',  ( -0.03723909236273087500, 0.1035999999999998200, -0.02149999999999999500 ) ) ;
#1127 = CARTESIAN_POINT ( 'NONE',  ( -0.04965212315030782100, 0.1026499999999998400, 3.040215274531905200E-018 ) ) ;
#1128 = CARTESIAN_POINT ( 'NONE',  ( -0.03723909236273086800, 0.1016999999999998000, 0.02150000000000000900 ) ) ;
#1129 = CARTESIAN_POINT ( 'NONE',  ( -0.02482606157515390700, 0.1007499999999998000, 0.04300000000000001000 ) ) ;
#1130 = CARTESIAN_POINT ( 'NONE',  ( 0.0000000000000000000, 0.09979999999999981900, 0.04300000000000001000 ) ) ;
#1131 = CARTESIAN_POINT ( 'NONE',  ( 0.02482606157515393500, 0.09884999999999981300, 0.04299999999999999000 ) ) ;
#1132 = CARTESIAN_POINT ( 'NONE',  ( 0.03723909236273088800, 0.09789999999999983400, 0.02149999999999997400 ) ) ;
#1133 = DIRECTION ( 'NONE',  ( 0.0000000000000000000, 0.0000000000000000000, 1.000000000000000000 ) ) ;
#1134 = CARTESIAN_POINT ( 'NONE',  ( -0.02482606157515390700, 0.03234999999999996900, 0.04300000000000001000 ) ) ;
#1135 = CARTESIAN_POINT ( 'NONE',  ( 0.0000000000000000000, 0.03139999999999997000, 0.04300000000000001000 ) ) ;
#1136 = CARTESIAN_POINT ( 'NONE',  ( 0.02482606157515393500, 0.03044999999999998100, 0.04299999999999999000 ) ) ;
#1137 = CARTESIAN_POINT ( 'NONE',  ( 0.03723909236273088800, 0.02949999999999997800, 0.02149999999999997400 ) ) ;
#1138 = CARTESIAN_POINT ( 'NONE',  ( 0.04965212315030782100, 0.02854999999999998200, -9.120645823595716000E-018 ) ) ;
#1139 = CARTESIAN_POINT ( 'NONE',  ( 0.03723909236273085400, 0.02759999999999998200, -0.02150000000000002300 ) ) ;
#1140 = CARTESIAN_POINT ( 'NONE',  ( 0.02482606157515389700, 0.02664999999999998600, -0.04300000000000001000 ) ) ;
#1141 = CARTESIAN_POINT ( 'NONE',  ( -5.265807321436223000E-018, 0.02569999999999998700, -0.04300000000000001000 ) ) ;
#1142 = CARTESIAN_POINT ( 'NONE',  ( -0.02482606157515390700, 0.02094999999999999600, 0.04300000000000001000 ) ) ;
#1143 = CARTESIAN_POINT ( 'NONE',  ( 0.0000000000000000000, 0.02000000000000000000, 0.04300000000000001000 ) ) ;
#1144 = CARTESIAN_POINT ( 'NONE',  ( -0.02482606157515393100, 0.02474999999999999100, -0.04299999999999999000 ) ) ;
#1145 = CARTESIAN_POINT ( 'NONE',  ( -0.03723909236273087500, 0.02379999999999999100, -0.02149999999999999500 ) ) ;
#1146 = CARTESIAN_POINT ( 'NONE',  ( -0.04965212315030782100, 0.02284999999999999200, 3.040215274531905200E-018 ) ) ;
#1147 = CARTESIAN_POINT ( 'NONE',  ( -0.03723909236273086800, 0.02189999999999999200, 0.02150000000000000900 ) ) ;
#1148 = CARTESIAN_POINT ( 'NONE',  ( 0.02482606157515393500, 0.04184999999999995000, 0.04299999999999999000 ) ) ;
#1149 = CARTESIAN_POINT ( 'NONE',  ( 0.03723909236273088800, 0.04089999999999995000, 0.02149999999999997400 ) ) ;
#1150 = CARTESIAN_POINT ( 'NONE',  ( 0.04965212315030782100, 0.03994999999999995800, -9.120645823595716000E-018 ) ) ;
#1151 = CARTESIAN_POINT ( 'NONE',  ( 0.03723909236273085400, 0.03899999999999995100, -0.02150000000000002300 ) ) ;
#1152 = CARTESIAN_POINT ( 'NONE',  ( 0.02482606157515389700, 0.03804999999999995200, -0.04300000000000001000 ) ) ;
#1153 = CARTESIAN_POINT ( 'NONE',  ( -5.265807321436223000E-018, 0.03709999999999995900, -0.04300000000000001000 ) ) ;
#1154 = CARTESIAN_POINT ( 'NONE',  ( -0.02482606157515393100, 0.03614999999999996000, -0.04299999999999999000 ) ) ;
#1155 = CARTESIAN_POINT ( 'NONE',  ( -0.03723909236273087500, 0.03519999999999996700, -0.02149999999999999500 ) ) ;
#1156 = CARTESIAN_POINT ( 'NONE',  ( -0.04965212315030782100, 0.03424999999999996800, 3.040215274531905200E-018 ) ) ;
#1157 = CARTESIAN_POINT ( 'NONE',  ( -0.03723909236273086800, 0.03329999999999996900, 0.02150000000000000900 ) ) ;
#1158 =( BOUNDED_SURFACE ( )  B_SPLINE_SURFACE ( 1, 2, ( 
 ( #1143, #1142, #1147, #1146, #1145, #1144, #1141, #1140, #1139, #1138, #1137, #1136, #1135, #1134, #1157, #1156, #1155, #1154, #1153, #1152, #1151, #1150, #1149, #1148, #1169, #1168, #1167, #1166, #1165, #1164, #1163, #1162, #1161, #1160, #1159, #1015, #1014, #1023, #1050, #1051, #1078, #1077, #1116, #1115, #1084, #1083, #1123, #1122, #1099, #1098, #1097, #1120, #1119, #1118, #1117, #1082, #1081, #1080, #1079, #1095, #1094, #1093, #1092, #1114, #1113, #1112, #1111, #1110, #1109, #1108, #1107, #1106, #1105, #1104, #1103, #1091, #1090, #1089, #1088, #1087, #1086, #1085, #1132, #1131, #1130, #1129, #1128, #1127, #1126, #1125, #1124, #1200, #1187, #1170, #1179, #1213, #1191 ),
 ( #1210, #1208, #1192, #1209, #1214, #1184, #1190, #1180, #1183, #1189, #1188, #1178, #1177, #1182, #1181, #1212, #1211, #1186, #1185, #1176, #1175, #1174, #1173, #1172, #1171, #1199, #1198, #1197, #1196, #1195, #1194, #1193, #1207, #1206, #1205, #1204, #1203, #1202, #1201, #1215, #1216, #1235, #1234, #1233, #1232, #1231, #1230, #1229, #1228, #1227, #1226, #1225, #1224, #1223, #1222, #1221, #1220, #1219, #1218, #1217, #1245, #1244, #1243, #1242, #1241, #1240, #1239, #1238, #1237, #1236, #1259, #1248, #1257, #1251, #1262, #1255, #1252, #1256, #1272, #1268, #1271, #1263, #1260, #1247, #1270, #1269, #1267, #1266, #1265, #1264, #1261, #1258, #1254, #1246, #1250, #1253, #1249 ) ),
 .UNSPECIFIED., .F., .F., .T. ) 
 B_SPLINE_SURFACE_WITH_KNOTS ( ( 2, 2 ),
 ( 3, 2, 2, 2, 2, 2, 2, 2, 2, 2, 2, 2, 2, 2, 2, 2, 2, 2, 2, 2, 2, 2, 2, 2, 2, 2, 2, 2, 2, 2, 2, 2, 2, 2, 2, 2, 2, 2, 2, 2, 2, 2, 2, 2, 2, 2, 2, 2, 3 ),
 ( 0.0000000000000000000, 1.000000000000000000 ),
 ( 0.0000000000000000000, 0.02083333333333333200, 0.04166666666666666400, 0.06250000000000000000, 0.08333333333333332900, 0.1041666666666666600, 0.1250000000000000000, 0.1458333333333333100, 0.1666666666666666600, 0.1875000000000000000, 0.2083333333333333100, 0.2291666666666666600, 0.2500000000000000000, 0.2708333333333333100, 0.2916666666666666300, 0.3125000000000000000, 0.3333333333333333100, 0.3541666666666666300, 0.3750000000000000000, 0.3958333333333333100, 0.4166666666666666300, 0.4375000000000000000, 0.4583333333333333100, 0.4791666666666666300, 0.5000000000000000000, 0.5208333333333332600, 0.5416666666666666300, 0.5625000000000000000, 0.5833333333333332600, 0.6041666666666666300, 0.6250000000000000000, 0.6458333333333332600, 0.6666666666666666300, 0.6875000000000000000, 0.7083333333333332600, 0.7291666666666666300, 0.7500000000000000000, 0.7708333333333332600, 0.7916666666666666300, 0.8125000000000000000, 0.8333333333333332600, 0.8541666666666666300, 0.8750000000000000000, 0.8958333333333332600, 0.9166666666666666300, 0.9375000000000000000, 0.9583333333333332600, 0.9791666666666666300, 1.000000000000000000 ),
 .UNSPECIFIED. ) 
 GEOMETRIC_REPRESENTATION_ITEM ( )  RATIONAL_B_SPLINE_SURFACE ( (
 ( 1.000000000000000000, 0.8660254037844387100, 1.000000000000000000, 0.8660254037844387100, 1.000000000000000000, 0.8660254037844387100, 1.000000000000000000, 0.8660254037844387100, 1.000000000000000000, 0.8660254037844387100, 1.000000000000000000, 0.8660254037844387100, 1.000000000000000000, 0.8660254037844387100, 1.000000000000000000, 0.8660254037844387100, 1.000000000000000000, 0.8660254037844387100, 1.000000000000000000, 0.8660254037844387100, 1.000000000000000000, 0.8660254037844387100, 1.000000000000000000, 0.8660254037844387100, 1.000000000000000000, 0.8660254037844387100, 1.000000000000000000, 0.8660254037844387100, 1.000000000000000000, 0.8660254037844387100, 1.000000000000000000, 0.8660254037844387100, 1.000000000000000000, 0.8660254037844387100, 1.000000000000000000, 0.8660254037844387100, 1.000000000000000000, 0.8660254037844387100, 1.000000000000000000, 0.8660254037844387100, 1.000000000000000000, 0.8660254037844387100, 1.000000000000000000, 0.8660254037844387100, 1.000000000000000000, 0.8660254037844387100, 1.000000000000000000, 0.8660254037844387100, 1.000000000000000000, 0.8660254037844387100, 1.000000000000000000, 0.8660254037844387100, 1.000000000000000000, 0.8660254037844387100, 1.000000000000000000, 0.8660254037844387100, 1.000000000000000000, 0.8660254037844387100, 1.000000000000000000, 0.8660254037844387100, 1.000000000000000000, 0.8660254037844387100, 1.000000000000000000, 0.8660254037844387100, 1.000000000000000000, 0.8660254037844387100, 1.000000000000000000, 0.8660254037844387100, 1.000000000000000000, 0.8660254037844387100, 1.000000000000000000, 0.8660254037844387100, 1.000000000000000000, 0.8660254037844387100, 1.000000000000000000, 0.8660254037844387100, 1.000000000000000000, 0.8660254037844387100, 1.000000000000000000, 0.8660254037844387100, 1.000000000000000000, 0.8660254037844387100, 1.000000000000000000, 0.8660254037844387100, 1.000000000000000000, 0.8660254037844387100, 1.000000000000000000, 0.8660254037844387100, 1.000000000000000000, 0.8660254037844387100, 1.000000000000000000, 0.8660254037844387100, 1.000000000000000000, 0.8660254037844387100, 1.000000000000000000, 0.8660254037844387100, 1.000000000000000000),
 ( 1.000000000000000000, 0.8660254037844387100, 1.000000000000000000, 0.8660254037844387100, 1.000000000000000000, 0.8660254037844387100, 1.000000000000000000, 0.8660254037844387100, 1.000000000000000000, 0.8660254037844387100, 1.000000000000000000, 0.8660254037844387100, 1.000000000000000000, 0.8660254037844387100, 1.000000000000000000, 0.8660254037844387100, 1.000000000000000000, 0.8660254037844387100, 1.000000000000000000, 0.8660254037844387100, 1.000000000000000000, 0.8660254037844387100, 1.000000000000000000, 0.8660254037844387100, 1.000000000000000000, 0.8660254037844387100, 1.000000000000000000, 0.8660254037844387100, 1.000000000000000000, 0.8660254037844387100, 1.000000000000000000, 0.8660254037844387100, 1.000000000000000000, 0.8660254037844387100, 1.000000000000000000, 0.8660254037844387100, 1.000000000000000000, 0.8660254037844387100, 1.000000000000000000, 0.8660254037844387100, 1.000000000000000000, 0.8660254037844387100, 1.000000000000000000, 0.8660254037844387100, 1.000000000000000000, 0.8660254037844387100, 1.000000000000000000, 0.8660254037844387100, 1.000000000000000000, 0.8660254037844387100, 1.000000000000000000, 0.8660254037844387100, 1.000000000000000000, 0.8660254037844387100, 1.000000000000000000, 0.8660254037844387100, 1.000000000000000000, 0.8660254037844387100, 1.000000000000000000, 0.8660254037844387100, 1.000000000000000000, 0.8660254037844387100, 1.000000000000000000, 0.8660254037844387100, 1.000000000000000000, 0.8660254037844387100, 1.000000000000000000, 0.8660254037844387100, 1.000000000000000000, 0.8660254037844387100, 1.000000000000000000, 0.8660254037844387100, 1.000000000000000000, 0.8660254037844387100, 1.000000000000000000, 0.8660254037844387100, 1.000000000000000000, 0.8660254037844387100, 1.000000000000000000, 0.8660254037844387100, 1.000000000000000000, 0.8660254037844387100, 1.000000000000000000, 0.8660254037844387100, 1.000000000000000000, 0.8660254037844387100, 1.000000000000000000, 0.8660254037844387100, 1.000000000000000000, 0.8660254037844387100, 1.000000000000000000, 0.8660254037844387100, 1.000000000000000000, 0.8660254037844387100, 1.000000000000000000, 0.8660254037844387100, 1.000000000000000000) ) ) 
 REPRESENTATION_ITEM ( '' )  SURFACE ( )  );
#1159 = CARTESIAN_POINT ( 'NONE',  ( 0.03723909236273088800, 0.05229999999999993000, 0.02149999999999997400 ) ) ;
#1160 = CARTESIAN_POINT ( 'NONE',  ( 0.04965212315030782100, 0.05134999999999993000, -9.120645823595716000E-018 ) ) ;
#1161 = CARTESIAN_POINT ( 'NONE',  ( 0.03723909236273085400, 0.05039999999999992400, -0.02150000000000002300 ) ) ;
#1162 = CARTESIAN_POINT ( 'NONE',  ( 0.02482606157515389700, 0.04944999999999993200, -0.04300000000000001000 ) ) ;
#1163 = CARTESIAN_POINT ( 'NONE',  ( -5.265807321436223000E-018, 0.04849999999999993900, -0.04300000000000001000 ) ) ;
#1164 = CARTESIAN_POINT ( 'NONE',  ( -0.02482606157515393100, 0.04754999999999993300, -0.04299999999999999000 ) ) ;
#1165 = CARTESIAN_POINT ( 'NONE',  ( -0.03723909236273087500, 0.04659999999999994000, -0.02149999999999999500 ) ) ;
#1166 = CARTESIAN_POINT ( 'NONE',  ( -0.04965212315030782100, 0.04564999999999994800, 3.040215274531905200E-018 ) ) ;
#1167 = CARTESIAN_POINT ( 'NONE',  ( -0.03723909236273086800, 0.04469999999999994100, 0.02150000000000000900 ) ) ;
#1168 = CARTESIAN_POINT ( 'NONE',  ( -0.02482606157515390700, 0.04374999999999994200, 0.04300000000000001000 ) ) ;
#1169 = CARTESIAN_POINT ( 'NONE',  ( 0.0000000000000000000, 0.04279999999999994900, 0.04300000000000001000 ) ) ;
#1170 = CARTESIAN_POINT ( 'NONE',  ( 0.04965212315030782100, 0.1083499999999997900, -9.120645823595716000E-018 ) ) ;
#1171 = CARTESIAN_POINT ( 'NONE',  ( 0.0000000000000000000, 0.03709999999999995200, 0.04105249999999999900 ) ) ;
#1172 = CARTESIAN_POINT ( 'NONE',  ( 0.02370167192590713300, 0.03614999999999996000, 0.04105249999999997800 ) ) ;
#1173 = CARTESIAN_POINT ( 'NONE',  ( 0.03555250788886068400, 0.03519999999999996000, 0.02052624999999997200 ) ) ;
#1174 = CARTESIAN_POINT ( 'NONE',  ( 0.04740334385181421700, 0.03424999999999996100, -8.707565411003791500E-018 ) ) ;
#1175 = CARTESIAN_POINT ( 'NONE',  ( 0.03555250788886064900, 0.03329999999999996200, -0.02052625000000001300 ) ) ;
#1176 = CARTESIAN_POINT ( 'NONE',  ( 0.02370167192590709500, 0.03234999999999996900, -0.04105249999999999200 ) ) ;
#1177 = CARTESIAN_POINT ( 'NONE',  ( 0.0000000000000000000, 0.02569999999999998000, 0.04105249999999999900 ) ) ;
#1178 = CARTESIAN_POINT ( 'NONE',  ( 0.02370167192590713300, 0.02474999999999997700, 0.04105249999999997800 ) ) ;
#1179 = CARTESIAN_POINT ( 'NONE',  ( 0.03723909236273088800, 0.1092999999999998100, 0.02149999999999997400 ) ) ;
#1180 = CARTESIAN_POINT ( 'NONE',  ( 0.02370167192590709500, 0.02094999999999999300, -0.04105249999999999200 ) ) ;
#1181 = CARTESIAN_POINT ( 'NONE',  ( -0.03555250788886066300, 0.02759999999999997500, 0.02052625000000000300 ) ) ;
#1182 = CARTESIAN_POINT ( 'NONE',  ( -0.02370167192590710200, 0.02664999999999998300, 0.04105249999999999200 ) ) ;
#1183 = CARTESIAN_POINT ( 'NONE',  ( 0.03555250788886064900, 0.02189999999999998900, -0.02052625000000001300 ) ) ;
#1184 = CARTESIAN_POINT ( 'NONE',  ( -0.02370167192590712600, 0.01904999999999999700, -0.04105249999999997800 ) ) ;
#1185 = CARTESIAN_POINT ( 'NONE',  ( -5.027315234029313100E-018, 0.03139999999999997000, -0.04105249999999999900 ) ) ;
#1186 = CARTESIAN_POINT ( 'NONE',  ( -0.02370167192590712600, 0.03044999999999997000, -0.04105249999999997800 ) ) ;
#1187 = CARTESIAN_POINT ( 'NONE',  ( 0.03723909236273085400, 0.1073999999999997900, -0.02150000000000002300 ) ) ;
#1188 = CARTESIAN_POINT ( 'NONE',  ( 0.03555250788886068400, 0.02379999999999998400, 0.02052624999999997200 ) ) ;
#1189 = CARTESIAN_POINT ( 'NONE',  ( 0.04740334385181421700, 0.02284999999999998800, -8.707565411003791500E-018 ) ) ;
#1190 = CARTESIAN_POINT ( 'NONE',  ( -5.027315234029313100E-018, 0.01999999999999999000, -0.04105249999999999900 ) ) ;
#1191 = CARTESIAN_POINT ( 'NONE',  ( 0.0000000000000000000, 0.1111999999999998000, 0.04300000000000001000 ) ) ;
#1192 = CARTESIAN_POINT ( 'NONE',  ( -0.03555250788886066300, 0.01620000000000000300, 0.02052625000000000300 ) ) ;
#1193 = CARTESIAN_POINT ( 'NONE',  ( 0.02370167192590709500, 0.04374999999999994200, -0.04105249999999999200 ) ) ;
#1194 = CARTESIAN_POINT ( 'NONE',  ( -5.027315234029313100E-018, 0.04279999999999994200, -0.04105249999999999900 ) ) ;
#1195 = CARTESIAN_POINT ( 'NONE',  ( -0.02370167192590712600, 0.04184999999999993600, -0.04105249999999997800 ) ) ;
#1196 = CARTESIAN_POINT ( 'NONE',  ( -0.03555250788886066300, 0.04089999999999995000, -0.02052624999999998900 ) ) ;
#1197 = CARTESIAN_POINT ( 'NONE',  ( -0.04740334385181421700, 0.03994999999999995100, 2.902521803667930300E-018 ) ) ;
#1198 = CARTESIAN_POINT ( 'NONE',  ( -0.03555250788886066300, 0.03899999999999994400, 0.02052625000000000300 ) ) ;
#1199 = CARTESIAN_POINT ( 'NONE',  ( -0.02370167192590710200, 0.03804999999999994500, 0.04105249999999999200 ) ) ;
#1200 = CARTESIAN_POINT ( 'NONE',  ( 0.02482606157515389700, 0.1064499999999997900, -0.04300000000000001000 ) ) ;
#1201 = CARTESIAN_POINT ( 'NONE',  ( -0.03555250788886066300, 0.05039999999999992400, 0.02052625000000000300 ) ) ;
#1202 = CARTESIAN_POINT ( 'NONE',  ( -0.02370167192590710200, 0.04944999999999992500, 0.04105249999999999200 ) ) ;
#1203 = CARTESIAN_POINT ( 'NONE',  ( 0.0000000000000000000, 0.04849999999999992500, 0.04105249999999999900 ) ) ;
#1204 = CARTESIAN_POINT ( 'NONE',  ( 0.02370167192590713300, 0.04754999999999993300, 0.04105249999999997800 ) ) ;
#1205 = CARTESIAN_POINT ( 'NONE',  ( 0.03555250788886068400, 0.04659999999999992600, 0.02052624999999997200 ) ) ;
#1206 = CARTESIAN_POINT ( 'NONE',  ( 0.04740334385181421700, 0.04564999999999993400, -8.707565411003791500E-018 ) ) ;
#1207 = CARTESIAN_POINT ( 'NONE',  ( 0.03555250788886064900, 0.04469999999999993400, -0.02052625000000001300 ) ) ;
#1208 = CARTESIAN_POINT ( 'NONE',  ( -0.02370167192590710200, 0.01525000000000000500, 0.04105249999999999200 ) ) ;
#1209 = CARTESIAN_POINT ( 'NONE',  ( -0.04740334385181421700, 0.01714999999999999900, 2.902521803667930300E-018 ) ) ;
#1210 = CARTESIAN_POINT ( 'NONE',  ( 0.0000000000000000000, 0.01430000000000000500, 0.04105249999999999900 ) ) ;
#1211 = CARTESIAN_POINT ( 'NONE',  ( -0.03555250788886066300, 0.02949999999999996700, -0.02052624999999998900 ) ) ;
#1212 = CARTESIAN_POINT ( 'NONE',  ( -0.04740334385181421700, 0.02854999999999997500, 2.902521803667930300E-018 ) ) ;
#1213 = CARTESIAN_POINT ( 'NONE',  ( 0.02482606157515393500, 0.1102499999999998100, 0.04299999999999999000 ) ) ;
#1214 = CARTESIAN_POINT ( 'NONE',  ( -0.03555250788886066300, 0.01809999999999999800, -0.02052624999999998900 ) ) ;
#1215 = CARTESIAN_POINT ( 'NONE',  ( -0.04740334385181421700, 0.05134999999999991700, 2.902521803667930300E-018 ) ) ;
#1216 = CARTESIAN_POINT ( 'NONE',  ( -0.03555250788886066300, 0.05229999999999991600, -0.02052624999999998900 ) ) ;
#1217 = CARTESIAN_POINT ( 'NONE',  ( 0.02370167192590713300, 0.07034999999999987100, 0.04105249999999997800 ) ) ;
#1218 = CARTESIAN_POINT ( 'NONE',  ( 0.03555250788886068400, 0.06939999999999987800, 0.02052624999999997200 ) ) ;
#1219 = CARTESIAN_POINT ( 'NONE',  ( 0.04740334385181421700, 0.06844999999999988600, -8.707565411003791500E-018 ) ) ;
#1220 = CARTESIAN_POINT ( 'NONE',  ( 0.03555250788886064900, 0.06749999999999988000, -0.02052625000000001300 ) ) ;
#1221 = CARTESIAN_POINT ( 'NONE',  ( 0.02370167192590709500, 0.06654999999999988700, -0.04105249999999999200 ) ) ;
#1222 = CARTESIAN_POINT ( 'NONE',  ( -5.027315234029313100E-018, 0.06559999999999989500, -0.04105249999999999900 ) ) ;
#1223 = CARTESIAN_POINT ( 'NONE',  ( -0.02370167192590712600, 0.06464999999999988800, -0.04105249999999997800 ) ) ;
#1224 = CARTESIAN_POINT ( 'NONE',  ( -0.03555250788886066300, 0.06369999999999989600, -0.02052624999999998900 ) ) ;
#1225 = CARTESIAN_POINT ( 'NONE',  ( -0.04740334385181421700, 0.06274999999999990300, 2.902521803667930300E-018 ) ) ;
#1226 = CARTESIAN_POINT ( 'NONE',  ( -0.03555250788886066300, 0.06179999999999989000, 0.02052625000000000300 ) ) ;
#1227 = CARTESIAN_POINT ( 'NONE',  ( -0.02370167192590710200, 0.06084999999999989000, 0.04105249999999999200 ) ) ;
#1228 = CARTESIAN_POINT ( 'NONE',  ( 0.0000000000000000000, 0.05989999999999990500, 0.04105249999999999900 ) ) ;
#1229 = CARTESIAN_POINT ( 'NONE',  ( 0.02370167192590713300, 0.05894999999999990500, 0.04105249999999997800 ) ) ;
#1230 = CARTESIAN_POINT ( 'NONE',  ( 0.03555250788886068400, 0.05799999999999989900, 0.02052624999999997200 ) ) ;
#1231 = CARTESIAN_POINT ( 'NONE',  ( 0.04740334385181421700, 0.05704999999999989900, -8.707565411003791500E-018 ) ) ;
#1232 = CARTESIAN_POINT ( 'NONE',  ( 0.03555250788886064900, 0.05609999999999991400, -0.02052625000000001300 ) ) ;
#1233 = CARTESIAN_POINT ( 'NONE',  ( 0.02370167192590709500, 0.05514999999999990700, -0.04105249999999999200 ) ) ;
#1234 = CARTESIAN_POINT ( 'NONE',  ( -5.027315234029313100E-018, 0.05419999999999991500, -0.04105249999999999900 ) ) ;
#1235 = CARTESIAN_POINT ( 'NONE',  ( -0.02370167192590712600, 0.05324999999999992200, -0.04105249999999997800 ) ) ;
#1236 = CARTESIAN_POINT ( 'NONE',  ( 0.04740334385181421700, 0.07984999999999985200, -8.707565411003791500E-018 ) ) ;
#1237 = CARTESIAN_POINT ( 'NONE',  ( 0.03555250788886064900, 0.07889999999999985900, -0.02052625000000001300 ) ) ;
#1238 = CARTESIAN_POINT ( 'NONE',  ( 0.02370167192590709500, 0.07794999999999986700, -0.04105249999999999200 ) ) ;
#1239 = CARTESIAN_POINT ( 'NONE',  ( -5.027315234029313100E-018, 0.07699999999999986000, -0.04105249999999999900 ) ) ;
#1240 = CARTESIAN_POINT ( 'NONE',  ( -0.02370167192590712600, 0.07604999999999985400, -0.04105249999999997800 ) ) ;
#1241 = CARTESIAN_POINT ( 'NONE',  ( -0.03555250788886066300, 0.07509999999999987500, -0.02052624999999998900 ) ) ;
#1242 = CARTESIAN_POINT ( 'NONE',  ( -0.04740334385181421700, 0.07414999999999985500, 2.902521803667930300E-018 ) ) ;
#1243 = CARTESIAN_POINT ( 'NONE',  ( -0.03555250788886066300, 0.07319999999999986200, 0.02052625000000000300 ) ) ;
#1244 = CARTESIAN_POINT ( 'NONE',  ( -0.02370167192590710200, 0.07224999999999988400, 0.04105249999999999200 ) ) ;
#1245 = CARTESIAN_POINT ( 'NONE',  ( 0.0000000000000000000, 0.07129999999999987700, 0.04105249999999999900 ) ) ;
#1246 = CARTESIAN_POINT ( 'NONE',  ( 0.04740334385181421700, 0.1026499999999997800, -8.707565411003791500E-018 ) ) ;
#1247 = CARTESIAN_POINT ( 'NONE',  ( 0.02370167192590713300, 0.09314999999999981600, 0.04105249999999997800 ) ) ;
#1248 = CARTESIAN_POINT ( 'NONE',  ( 0.02370167192590713300, 0.08174999999999986400, 0.04105249999999997800 ) ) ;
#1249 = CARTESIAN_POINT ( 'NONE',  ( 0.0000000000000000000, 0.1054999999999997900, 0.04105249999999999900 ) ) ;
#1250 = CARTESIAN_POINT ( 'NONE',  ( 0.03555250788886068400, 0.1035999999999998000, 0.02052624999999997200 ) ) ;
#1251 = CARTESIAN_POINT ( 'NONE',  ( -0.02370167192590710200, 0.08364999999999983600, 0.04105249999999999200 ) ) ;
#1252 = CARTESIAN_POINT ( 'NONE',  ( -0.03555250788886066300, 0.08649999999999982700, -0.02052624999999998900 ) ) ;
#1253 = CARTESIAN_POINT ( 'NONE',  ( 0.02370167192590713300, 0.1045499999999998000, 0.04105249999999997800 ) ) ;
#1254 = CARTESIAN_POINT ( 'NONE',  ( 0.03555250788886064900, 0.1016999999999998000, -0.02052625000000001300 ) ) ;
#1255 = CARTESIAN_POINT ( 'NONE',  ( -0.04740334385181421700, 0.08554999999999983500, 2.902521803667930300E-018 ) ) ;
#1256 = CARTESIAN_POINT ( 'NONE',  ( -0.02370167192590712600, 0.08744999999999984700, -0.04105249999999997800 ) ) ;
#1257 = CARTESIAN_POINT ( 'NONE',  ( 0.0000000000000000000, 0.08269999999999984300, 0.04105249999999999900 ) ) ;
#1258 = CARTESIAN_POINT ( 'NONE',  ( 0.02370167192590709500, 0.1007499999999998000, -0.04105249999999999200 ) ) ;
#1259 = CARTESIAN_POINT ( 'NONE',  ( 0.03555250788886068400, 0.08079999999999985800, 0.02052624999999997200 ) ) ;
#1260 = CARTESIAN_POINT ( 'NONE',  ( 0.03555250788886068400, 0.09219999999999982400, 0.02052624999999997200 ) ) ;
#1261 = CARTESIAN_POINT ( 'NONE',  ( -5.027315234029313100E-018, 0.09979999999999979200, -0.04105249999999999900 ) ) ;
#1262 = CARTESIAN_POINT ( 'NONE',  ( -0.03555250788886066300, 0.08459999999999984200, 0.02052625000000000300 ) ) ;
#1263 = CARTESIAN_POINT ( 'NONE',  ( 0.04740334385181421700, 0.09124999999999984500, -8.707565411003791500E-018 ) ) ;
#1264 = CARTESIAN_POINT ( 'NONE',  ( -0.02370167192590712600, 0.09884999999999979900, -0.04105249999999997800 ) ) ;
#1265 = CARTESIAN_POINT ( 'NONE',  ( -0.03555250788886066300, 0.09789999999999980700, -0.02052624999999998900 ) ) ;
#1266 = CARTESIAN_POINT ( 'NONE',  ( -0.04740334385181421700, 0.09694999999999981400, 2.902521803667930300E-018 ) ) ;
#1267 = CARTESIAN_POINT ( 'NONE',  ( -0.03555250788886066300, 0.09599999999999980800, 0.02052625000000000300 ) ) ;
#1268 = CARTESIAN_POINT ( 'NONE',  ( 0.02370167192590709500, 0.08934999999999983200, -0.04105249999999999200 ) ) ;
#1269 = CARTESIAN_POINT ( 'NONE',  ( -0.02370167192590710200, 0.09504999999999981500, 0.04105249999999999200 ) ) ;
#1270 = CARTESIAN_POINT ( 'NONE',  ( 0.0000000000000000000, 0.09409999999999982300, 0.04105249999999999900 ) ) ;
#1271 = CARTESIAN_POINT ( 'NONE',  ( 0.03555250788886064900, 0.09029999999999983900, -0.02052625000000001300 ) ) ;
#1272 = CARTESIAN_POINT ( 'NONE',  ( -5.027315234029313100E-018, 0.08839999999999984000, -0.04105249999999999900 ) ) ;
#1273 = FACE_OUTER_BOUND ( 'NONE', #680, .T. ) ;
#1274 =( BOUNDED_SURFACE ( )  B_SPLINE_SURFACE ( 1, 2, ( 
 ( #863, #865, #864, #842, #841, #840, #862, #861, #860, #859, #858, #857, #730 ),
 ( #731, #732, #726, #727, #729, #728, #725, #724, #734, #739, #736, #737, #738 ) ),
 .UNSPECIFIED., .F., .F., .F. ) 
 B_SPLINE_SURFACE_WITH_KNOTS ( ( 2, 2 ),
 ( 3, 2, 2, 2, 2, 2, 3 ),
 ( 0.0000000000000000000, 1.000000000000000000 ),
 ( 0.0000000000000000000, 0.1666666666666666600, 0.3333333333333333100, 0.5000000000000000000, 0.6666666666666666300, 0.8333333333333332600, 1.000000000000000000 ),
 .UNSPECIFIED. ) 
 GEOMETRIC_REPRESENTATION_ITEM ( )  RATIONAL_B_SPLINE_SURFACE ( (
 ( 1.000000000000000000, 0.8660254037844387100, 1.000000000000000000, 0.8660254037844387100, 1.000000000000000000, 0.8660254037844387100, 1.000000000000000000, 0.8660254037844387100, 1.000000000000000000, 0.8660254037844387100, 1.000000000000000000, 0.8660254037844387100, 1.000000000000000000),
 ( 1.000000000000000000, 0.8660254037844387100, 1.000000000000000000, 0.8660254037844387100, 1.000000000000000000, 0.8660254037844387100, 1.000000000000000000, 0.8660254037844387100, 1.000000000000000000, 0.8660254037844387100, 1.000000000000000000, 0.8660254037844387100, 1.000000000000000000) ) ) 
 REPRESENTATION_ITEM ( '' )  SURFACE ( )  );
#1275 = CARTESIAN_POINT ( 'NONE',  ( 2.011482458732800100E-016, 0.08269999999999984300, 0.04105249999999999900 ) ) ;
#1276 = ORIENTED_EDGE ( 'NONE', *, *, #1277, .T. ) ;
#1277 = EDGE_CURVE ( 'NONE', #1282, #1315, #89, .T. ) ;
#1278 = EDGE_LOOP ( 'NONE', ( #1772, #1427 ) ) ;
#1279 = VERTEX_POINT ( 'NONE', #81 ) ;
#1280 = ORIENTED_EDGE ( 'NONE', *, *, #1281, .T. ) ;
#1281 = EDGE_CURVE ( 'NONE', #1279, #1282, #98, .T. ) ;
#1282 = VERTEX_POINT ( 'NONE', #75 ) ;
#1283 = ORIENTED_EDGE ( 'NONE', *, *, #1324, .T. ) ;
#1284 = VERTEX_POINT ( 'NONE', #97 ) ;
#1285 = ORIENTED_EDGE ( 'NONE', *, *, #1286, .F. ) ;
#1286 = EDGE_CURVE ( 'NONE', #1279, #1284, #93, .T. ) ;
#1287 = ORIENTED_EDGE ( 'NONE', *, *, #1288, .T. ) ;
#1288 = EDGE_CURVE ( 'NONE', #1322, #1284, #34, .T. ) ;
#1289 = ADVANCED_FACE ( 'NONE', ( #120 ), #121, .F. ) ;
#1290 = ORIENTED_EDGE ( 'NONE', *, *, #1739, .F. ) ;
#1291 = ORIENTED_EDGE ( 'NONE', *, *, #1309, .F. ) ;
#1292 = ORIENTED_EDGE ( 'NONE', *, *, #1336, .F. ) ;
#1293 = EDGE_LOOP ( 'NONE', ( #1290, #1291 ) ) ;
#1294 = ADVANCED_FACE ( 'NONE', ( #122 ), #106, .T. ) ;
#1295 = ORIENTED_EDGE ( 'NONE', *, *, #1327, .F. ) ;
#1296 = ORIENTED_EDGE ( 'NONE', *, *, #1803, .F. ) ;
#1297 = ORIENTED_EDGE ( 'NONE', *, *, #1370, .F. ) ;
#1298 = ORIENTED_EDGE ( 'NONE', *, *, #1724, .F. ) ;
#1299 = ORIENTED_EDGE ( 'NONE', *, *, #1309, .T. ) ;
#1300 = ORIENTED_EDGE ( 'NONE', *, *, #1308, .T. ) ;
#1301 = VERTEX_POINT ( 'NONE', #108 ) ;
#1302 = ORIENTED_EDGE ( 'NONE', *, *, #1312, .F. ) ;
#1303 = ORIENTED_EDGE ( 'NONE', *, *, #1288, .F. ) ;
#1304 = VERTEX_POINT ( 'NONE', #107 ) ;
#1305 = ORIENTED_EDGE ( 'NONE', *, *, #1372, .T. ) ;
#1306 = ORIENTED_EDGE ( 'NONE', *, *, #1308, .F. ) ;
#1307 = ADVANCED_FACE ( 'NONE', ( #103 ), #116, .F. ) ;
#1308 = EDGE_CURVE ( 'NONE', #1284, #1301, #117, .T. ) ;
#1309 = EDGE_CURVE ( 'NONE', #1741, #1740, #57, .T. ) ;
#1310 = ORIENTED_EDGE ( 'NONE', *, *, #1311, .T. ) ;
#1311 = EDGE_CURVE ( 'NONE', #1313, #1304, #143, .T. ) ;
#1312 = EDGE_CURVE ( 'NONE', #1313, #1301, #148, .T. ) ;
#1313 = VERTEX_POINT ( 'NONE', #124 ) ;
#1314 = EDGE_LOOP ( 'NONE', ( #1287, #1285, #1280, #1276, #1283 ) ) ;
#1315 = VERTEX_POINT ( 'NONE', #152 ) ;
#1316 = ORIENTED_EDGE ( 'NONE', *, *, #1318, .T. ) ;
#1317 = ORIENTED_EDGE ( 'NONE', *, *, #1807, .T. ) ;
#1318 = EDGE_CURVE ( 'NONE', #1315, #1319, #142, .T. ) ;
#1319 = VERTEX_POINT ( 'NONE', #146 ) ;
#1320 = EDGE_CURVE ( 'NONE', #1319, #1808, #129, .T. ) ;
#1321 = ORIENTED_EDGE ( 'NONE', *, *, #1320, .T. ) ;
#1322 = VERTEX_POINT ( 'NONE', #128 ) ;
#1323 = ORIENTED_EDGE ( 'NONE', *, *, #1324, .F. ) ;
#1324 = EDGE_CURVE ( 'NONE', #1315, #1322, #132, .T. ) ;
#1325 = ADVANCED_FACE ( 'NONE', ( #167 ), #176, .F. ) ;
#1326 = ORIENTED_EDGE ( 'NONE', *, *, #1327, .T. ) ;
#1327 = EDGE_CURVE ( 'NONE', #1805, #1322, #155, .T. ) ;
#1328 = EDGE_CURVE ( 'NONE', #1330, #1313, #162, .T. ) ;
#1329 = ORIENTED_EDGE ( 'NONE', *, *, #1312, .T. ) ;
#1330 = VERTEX_POINT ( 'NONE', #174 ) ;
#1331 = ORIENTED_EDGE ( 'NONE', *, *, #1328, .T. ) ;
#1332 = VERTEX_POINT ( 'NONE', #163 ) ;
#1333 = ORIENTED_EDGE ( 'NONE', *, *, #1334, .T. ) ;
#1334 = EDGE_CURVE ( 'NONE', #1332, #1330, #165, .T. ) ;
#1335 = ORIENTED_EDGE ( 'NONE', *, *, #1336, .T. ) ;
#1336 = EDGE_CURVE ( 'NONE', #1301, #1342, #189, .T. ) ;
#1337 = ORIENTED_EDGE ( 'NONE', *, *, #1800, .T. ) ;
#1338 = ORIENTED_EDGE ( 'NONE', *, *, #1824, .F. ) ;
#1339 = EDGE_LOOP ( 'NONE', ( #1340, #1341, #1348 ) ) ;
#1340 = ORIENTED_EDGE ( 'NONE', *, *, #1816, .F. ) ;
#1341 = ORIENTED_EDGE ( 'NONE', *, *, #1797, .T. ) ;
#1342 = VERTEX_POINT ( 'NONE', #188 ) ;
#1343 = ADVANCED_FACE ( 'NONE', ( #180 ), #179, .T. ) ;
#1344 = EDGE_LOOP ( 'NONE', ( #1298, #1299, #1368, #1369 ) ) ;
#1345 = ORIENTED_EDGE ( 'NONE', *, *, #1785, .F. ) ;
#1346 = ORIENTED_EDGE ( 'NONE', *, *, #1347, .T. ) ;
#1347 = EDGE_CURVE ( 'NONE', #1725, #1728, #182, .T. ) ;
#1348 = ORIENTED_EDGE ( 'NONE', *, *, #1349, .F. ) ;
#1349 = EDGE_CURVE ( 'NONE', #1818, #1795, #156, .T. ) ;
#1350 = EDGE_LOOP ( 'NONE', ( #1335, #1354, #1333, #1331, #1329 ) ) ;
#1351 = ADVANCED_FACE ( 'NONE', ( #203 ), #199, .F. ) ;
#1352 = ADVANCED_FACE ( 'NONE', ( #225 ), #207, .T. ) ;
#1353 = EDGE_LOOP ( 'NONE', ( #1345, #1346, #1337, #1338 ) ) ;
#1354 = ORIENTED_EDGE ( 'NONE', *, *, #1355, .F. ) ;
#1355 = EDGE_CURVE ( 'NONE', #1332, #1342, #224, .T. ) ;
#1356 = ORIENTED_EDGE ( 'NONE', *, *, #1363, .T. ) ;
#1357 = ORIENTED_EDGE ( 'NONE', *, *, #1355, .T. ) ;
#1358 = ADVANCED_FACE ( 'NONE', ( #213 ), #226, .T. ) ;
#1359 = ORIENTED_EDGE ( 'NONE', *, *, #1367, .F. ) ;
#1360 = ORIENTED_EDGE ( 'NONE', *, *, #1361, .T. ) ;
#1361 = EDGE_CURVE ( 'NONE', #1379, #1362, #211, .T. ) ;
#1362 = VERTEX_POINT ( 'NONE', #210 ) ;
#1363 = EDGE_CURVE ( 'NONE', #1362, #1332, #227, .T. ) ;
#1364 = EDGE_LOOP ( 'NONE', ( #1306, #1303, #1295, #1296, #1297, #1292 ) ) ;
#1365 = EDGE_LOOP ( 'NONE', ( #1374, #1359, #1360, #1356, #1357 ) ) ;
#1366 = ORIENTED_EDGE ( 'NONE', *, *, #1367, .T. ) ;
#1367 = EDGE_CURVE ( 'NONE', #1379, #1804, #239, .T. ) ;
#1368 = ORIENTED_EDGE ( 'NONE', *, *, #1730, .T. ) ;
#1369 = ORIENTED_EDGE ( 'NONE', *, *, #1347, .F. ) ;
#1370 = EDGE_CURVE ( 'NONE', #1342, #1804, #222, .T. ) ;
#1371 = EDGE_CURVE ( 'NONE', #1811, #1379, #218, .T. ) ;
#1372 = EDGE_CURVE ( 'NONE', #1304, #1279, #303, .T. ) ;
#1373 = ORIENTED_EDGE ( 'NONE', *, *, #1286, .T. ) ;
#1374 = ORIENTED_EDGE ( 'NONE', *, *, #1370, .T. ) ;
#1375 = ADVANCED_FACE ( 'NONE', ( #325, #292 ), #309, .T. ) ;
#1376 = EDGE_LOOP ( 'NONE', ( #1326, #1323, #1316, #1321, #1317 ) ) ;
#1377 = ORIENTED_EDGE ( 'NONE', *, *, #1439, .T. ) ;
#1378 = ORIENTED_EDGE ( 'NONE', *, *, #1735, .T. ) ;
#1379 = VERTEX_POINT ( 'NONE', #304 ) ;
#1380 = ORIENTED_EDGE ( 'NONE', *, *, #1754, .T. ) ;
#1381 = ORIENTED_EDGE ( 'NONE', *, *, #1398, .F. ) ;
#1382 = ADVANCED_FACE ( 'NONE', ( #310 ), #301, .F. ) ;
#1383 = EDGE_LOOP ( 'NONE', ( #1436, #1377, #1378, #1433 ) ) ;
#1384 = ORIENTED_EDGE ( 'NONE', *, *, #1763, .T. ) ;
#1385 = ORIENTED_EDGE ( 'NONE', *, *, #1386, .F. ) ;
#1386 = EDGE_CURVE ( 'NONE', #1748, #1761, #314, .T. ) ;
#1387 = ADVANCED_FACE ( 'NONE', ( #316, #311 ), #321, .T. ) ;
#1388 = EDGE_LOOP ( 'NONE', ( #1397, #1435 ) ) ;
#1389 = EDGE_LOOP ( 'NONE', ( #1390, #1391, #1393 ) ) ;
#1390 = ORIENTED_EDGE ( 'NONE', *, *, #1277, .F. ) ;
#1391 = ORIENTED_EDGE ( 'NONE', *, *, #1392, .T. ) ;
#1392 = EDGE_CURVE ( 'NONE', #1282, #1319, #329, .T. ) ;
#1393 = ORIENTED_EDGE ( 'NONE', *, *, #1318, .F. ) ;
#1394 = ADVANCED_FACE ( 'NONE', ( #330 ), #297, .T. ) ;
#1395 = ADVANCED_FACE ( 'NONE', ( #298 ), #285, .T. ) ;
#1396 = ADVANCED_FACE ( 'NONE', ( #286 ), #280, .T. ) ;
#1397 = ORIENTED_EDGE ( 'NONE', *, *, #1751, .T. ) ;
#1398 = EDGE_CURVE ( 'NONE', #1771, #1752, #258, .T. ) ;
#1399 = ORIENTED_EDGE ( 'NONE', *, *, #1424, .T. ) ;
#1400 = ORIENTED_EDGE ( 'NONE', *, *, #1401, .F. ) ;
#1401 = EDGE_CURVE ( 'NONE', #1402, #1454, #261, .T. ) ;
#1402 = VERTEX_POINT ( 'NONE', #270 ) ;
#1403 = ORIENTED_EDGE ( 'NONE', *, *, #1404, .F. ) ;
#1404 = EDGE_CURVE ( 'NONE', #1789, #1402, #267, .T. ) ;
#1405 = EDGE_CURVE ( 'NONE', #1330, #1304, #195, .T. ) ;
#1406 = ADVANCED_FACE ( 'NONE', ( #364 ), #376, .T. ) ;
#1407 = EDGE_LOOP ( 'NONE', ( #684, #685, #687 ) ) ;
#1408 = ORIENTED_EDGE ( 'NONE', *, *, #1409, .T. ) ;
#1409 = EDGE_CURVE ( 'NONE', #1470, #1410, #350, .T. ) ;
#1410 = VERTEX_POINT ( 'NONE', #365 ) ;
#1411 = EDGE_LOOP ( 'NONE', ( #1445, #1446, #1380, #1381 ) ) ;
#1412 = ORIENTED_EDGE ( 'NONE', *, *, #1334, .F. ) ;
#1413 = ORIENTED_EDGE ( 'NONE', *, *, #1363, .F. ) ;
#1414 = ORIENTED_EDGE ( 'NONE', *, *, #1415, .T. ) ;
#1415 = EDGE_CURVE ( 'NONE', #1362, #1330, #355, .T. ) ;
#1416 = ADVANCED_FACE ( 'NONE', ( #347 ), #362, .T. ) ;
#1417 = ADVANCED_FACE ( 'NONE', ( #354 ), #357, .T. ) ;
#1418 = EDGE_LOOP ( 'NONE', ( #1437, #1438 ) ) ;
#1419 = EDGE_LOOP ( 'NONE', ( #1412, #1413, #1414 ) ) ;
#1420 = EDGE_LOOP ( 'NONE', ( #1421, #1422, #1426 ) ) ;
#1421 = ORIENTED_EDGE ( 'NONE', *, *, #1320, .F. ) ;
#1422 = ORIENTED_EDGE ( 'NONE', *, *, #1425, .T. ) ;
#1423 = EDGE_CURVE ( 'NONE', #1769, #1768, #372, .T. ) ;
#1424 = EDGE_CURVE ( 'NONE', #1747, #1746, #384, .T. ) ;
#1425 = EDGE_CURVE ( 'NONE', #1319, #1811, #402, .T. ) ;
#1426 = ORIENTED_EDGE ( 'NONE', *, *, #1810, .F. ) ;
#1427 = ORIENTED_EDGE ( 'NONE', *, *, #1439, .F. ) ;
#1428 = ORIENTED_EDGE ( 'NONE', *, *, #1471, .T. ) ;
#1429 = VERTEX_POINT ( 'NONE', #380 ) ;
#1430 = ORIENTED_EDGE ( 'NONE', *, *, #1431, .F. ) ;
#1431 = EDGE_CURVE ( 'NONE', #1811, #1362, #400, .T. ) ;
#1432 = ORIENTED_EDGE ( 'NONE', *, *, #1425, .F. ) ;
#1433 = ORIENTED_EDGE ( 'NONE', *, *, #1423, .F. ) ;
#1434 = ADVANCED_FACE ( 'NONE', ( #401 ), #379, .T. ) ;
#1435 = ORIENTED_EDGE ( 'NONE', *, *, #1398, .T. ) ;
#1436 = ORIENTED_EDGE ( 'NONE', *, *, #1732, .F. ) ;
#1437 = ORIENTED_EDGE ( 'NONE', *, *, #1745, .F. ) ;
#1438 = ORIENTED_EDGE ( 'NONE', *, *, #1424, .F. ) ;
#1439 = EDGE_CURVE ( 'NONE', #1685, #1687, #398, .T. ) ;
#1440 = ADVANCED_FACE ( 'NONE', ( #393 ), #407, .T. ) ;
#1441 = ORIENTED_EDGE ( 'NONE', *, *, #1758, .F. ) ;
#1442 = EDGE_LOOP ( 'NONE', ( #1443, #1444, #1780 ) ) ;
#1443 = ORIENTED_EDGE ( 'NONE', *, *, #1311, .F. ) ;
#1444 = ORIENTED_EDGE ( 'NONE', *, *, #1328, .F. ) ;
#1445 = ORIENTED_EDGE ( 'NONE', *, *, #1749, .F. ) ;
#1446 = ORIENTED_EDGE ( 'NONE', *, *, #1423, .T. ) ;
#1447 = EDGE_LOOP ( 'NONE', ( #1441, #1399, #1384, #1385 ) ) ;
#1448 = ORIENTED_EDGE ( 'NONE', *, *, #1392, .F. ) ;
#1449 = ADVANCED_FACE ( 'NONE', ( #408 ), #403, .T. ) ;
#1450 = EDGE_LOOP ( 'NONE', ( #1451, #1452, #1463 ) ) ;
#1451 = ORIENTED_EDGE ( 'NONE', *, *, #1361, .F. ) ;
#1452 = ORIENTED_EDGE ( 'NONE', *, *, #1371, .F. ) ;
#1453 = ORIENTED_EDGE ( 'NONE', *, *, #1456, .F. ) ;
#1454 = VERTEX_POINT ( 'NONE', #417 ) ;
#1455 = EDGE_LOOP ( 'NONE', ( #1453, #1400, #1403, #696, #697, #674, #676 ) ) ;
#1456 = EDGE_CURVE ( 'NONE', #1454, #1469, #412, .T. ) ;
#1457 = ADVANCED_FACE ( 'NONE', ( #425 ), #441, .T. ) ;
#1458 = ADVANCED_FACE ( 'NONE', ( #440 ), #451, .F. ) ;
#1459 = EDGE_LOOP ( 'NONE', ( #1460, #1461, #1462, #683, #631, #681 ) ) ;
#1460 = ORIENTED_EDGE ( 'NONE', *, *, #1709, .F. ) ;
#1461 = ORIENTED_EDGE ( 'NONE', *, *, #1473, .F. ) ;
#1462 = ORIENTED_EDGE ( 'NONE', *, *, #621, .T. ) ;
#1463 = ORIENTED_EDGE ( 'NONE', *, *, #1431, .T. ) ;
#1464 = ADVANCED_FACE ( 'NONE', ( #506 ), #475, .F. ) ;
#1465 = EDGE_LOOP ( 'NONE', ( #1466, #1467, #1408, #1428, #1472 ) ) ;
#1466 = ORIENTED_EDGE ( 'NONE', *, *, #1693, .T. ) ;
#1467 = ORIENTED_EDGE ( 'NONE', *, *, #1468, .F. ) ;
#1468 = EDGE_CURVE ( 'NONE', #1470, #1691, #476, .T. ) ;
#1469 = VERTEX_POINT ( 'NONE', #494 ) ;
#1470 = VERTEX_POINT ( 'NONE', #493 ) ;
#1471 = EDGE_CURVE ( 'NONE', #1410, #1429, #492, .T. ) ;
#1472 = ORIENTED_EDGE ( 'NONE', *, *, #1473, .T. ) ;
#1473 = EDGE_CURVE ( 'NONE', #1429, #1710, #502, .T. ) ;
#1474 = DIRECTION ( 'NONE',  ( 1.000000000000000000, 4.169487169817252700E-016, 0.0000000000000000000 ) ) ;
#1475 = PLANE ( 'NONE',  #1488 ) ;
#1476 = DIRECTION ( 'NONE',  ( 2.449212707644755000E-016, -1.000000000000000000, 0.0000000000000000000 ) ) ;
#1477 = AXIS2_PLACEMENT_3D ( 'NONE', #1480, #1476, #1474 ) ;
#1478 = CARTESIAN_POINT ( 'NONE',  ( 0.02364249352331945800, 0.1010500000000000000, -0.04094999999999750900 ) ) ;
#1479 = CARTESIAN_POINT ( 'NONE',  ( 4.299316835160680300E-015, 0.1001000000000000100, -0.04094999999999999300 ) ) ;
#1480 = CARTESIAN_POINT ( 'NONE',  ( -2.571673343026992200E-017, 0.1049999999999999700, 0.0000000000000000000 ) ) ;
#1481 = CARTESIAN_POINT ( 'NONE',  ( 0.004813466880702398800, 0.1049999999999999700, 0.04066611656635508300 ) ) ;
#1482 = CIRCLE ( 'NONE', #1477, 0.04094999999999998600 ) ;
#1483 = LINE ( 'NONE', #1489, #1487 ) ;
#1484 = CARTESIAN_POINT ( 'NONE',  ( -0.03608439182435162200, 0.1670000000000000100, -0.06250000000000005600 ) ) ;
#1485 = CARTESIAN_POINT ( 'NONE',  ( 0.03546374028497489800, 0.1019999999999999900, -0.02047499999999628800 ) ) ;
#1486 = DIRECTION ( 'NONE',  ( 0.0000000000000000000, -1.000000000000000000, 0.0000000000000000000 ) ) ;
#1487 = VECTOR ( 'NONE', #1486, 39.37007874015748100 ) ;
#1488 = AXIS2_PLACEMENT_3D ( 'NONE', #1484, #1491, #1490 ) ;
#1489 = CARTESIAN_POINT ( 'NONE',  ( -0.07216878364870325800, 0.1670000000000000100, 8.537024980200822600E-018 ) ) ;
#1490 = DIRECTION ( 'NONE',  ( 0.4999999999999998300, 0.0000000000000000000, -0.8660254037844386000 ) ) ;
#1491 = DIRECTION ( 'NONE',  ( 0.8660254037844387100, 0.0000000000000000000, 0.4999999999999998900 ) ) ;
#1492 = CARTESIAN_POINT ( 'NONE',  ( 0.01761132416364884200, 0.1049999999999999700, 0.03696949771369467700 ) ) ;
#1493 = FACE_OUTER_BOUND ( 'NONE', #1817, .T. ) ;
#1494 = DIRECTION ( 'NONE',  ( 0.7125057529480676200, -0.7016662682614200900, 0.0000000000000000000 ) ) ;
#1495 = VECTOR ( 'NONE', #1494, 39.37007874015748900 ) ;
#1496 = CARTESIAN_POINT ( 'NONE',  ( 0.04094999999999995900, 0.1050000000000000000, 0.0000000000000000000 ) ) ;
#1497 = LINE ( 'NONE', #1496, #1495 ) ;
#1498 = DIRECTION ( 'NONE',  ( 1.000000000000000000, 4.169487169817252700E-016, 0.0000000000000000000 ) ) ;
#1499 = DIRECTION ( 'NONE',  ( 2.449212707644755000E-016, -1.000000000000000000, 0.0000000000000000000 ) ) ;
#1500 = AXIS2_PLACEMENT_3D ( 'NONE', #1503, #1499, #1498 ) ;
#1501 = CARTESIAN_POINT ( 'NONE',  ( 0.04094999999999995900, 0.1050000000000000000, 0.0000000000000000000 ) ) ;
#1502 = CIRCLE ( 'NONE', #1500, 0.04094999999999998600 ) ;
#1503 = CARTESIAN_POINT ( 'NONE',  ( -2.571673343026992200E-017, 0.1049999999999999700, 0.0000000000000000000 ) ) ;
#1504 = CARTESIAN_POINT ( 'NONE',  ( 0.04094999999999999300, 0.1024408965343807800, -0.01097251943005216800 ) ) ;
#1505 = CARTESIAN_POINT ( 'NONE',  ( -0.03608439182435162200, 0.1250000000000000000, -0.06250000000000005600 ) ) ;
#1506 = LINE ( 'NONE', #1505, #1510 ) ;
#1507 = CARTESIAN_POINT ( 'NONE',  ( -0.03608439182435162200, 0.1250000000000000000, -0.06250000000000005600 ) ) ;
#1508 = CARTESIAN_POINT ( 'NONE',  ( -0.07216878364870325800, 0.1250000000000000000, 8.537024980200822600E-018 ) ) ;
#1509 = DIRECTION ( 'NONE',  ( -0.4999999999999998300, 0.0000000000000000000, 0.8660254037844386000 ) ) ;
#1510 = VECTOR ( 'NONE', #1509, 39.37007874015748900 ) ;
#1511 = CARTESIAN_POINT ( 'NONE',  ( -0.04094999999999998600, 0.09724999999999978100, 1.029370027144109300E-017 ) ) ;
#1512 = CARTESIAN_POINT ( 'NONE',  ( -0.05412658773652746800, 0.1720000000000000100, -0.03125000000000027800 ) ) ;
#1513 = CARTESIAN_POINT ( 'NONE',  ( -0.07216878364870327200, 0.1670000000000000100, -4.994159613417481500E-016 ) ) ;
#1514 = B_SPLINE_CURVE_WITH_KNOTS ( 'NONE', 3,
 ( #1513, #1521, #1520, #1522 ),
 .UNSPECIFIED., .F., .F.,
 ( 4, 4 ),
 ( 2.354779598192972500E-007, 0.0009246013994553246600 ),
 .UNSPECIFIED. ) ;
#1515 =( BOUNDED_CURVE ( )  B_SPLINE_CURVE ( 2, ( #1511, #1519, #1518, #1517, #1479, #1478, #1485, #1504, #1523 ),
 .UNSPECIFIED., .F., .T. ) 
 B_SPLINE_CURVE_WITH_KNOTS ( ( 3, 2, 2, 2, 3 ),
 ( 0.2499999999999836200, 0.3333333333333333100, 0.5000000000000000000, 0.6666666666666666300, 0.7499999999999835700 ),
 .UNSPECIFIED. ) 
 CURVE ( )  GEOMETRIC_REPRESENTATION_ITEM ( )  RATIONAL_B_SPLINE_CURVE ( ( 0.9330127018922193000, 0.9330127018922060900, 1.000000000000000000, 0.8660254037844387100, 1.000000000000000000, 0.8660254037844387100, 1.000000000000000000, 0.9330127018922325100, 0.9330127018922194100 ) ) 
 REPRESENTATION_ITEM ( '' )  );
#1516 = CARTESIAN_POINT ( 'NONE',  ( -0.07216878364870327200, 0.1670000000000000100, -4.994159613417481500E-016 ) ) ;
#1517 = CARTESIAN_POINT ( 'NONE',  ( -0.02364249352331088100, 0.09915000000000000200, -0.04095000000000245700 ) ) ;
#1518 = CARTESIAN_POINT ( 'NONE',  ( -0.03546374028497061000, 0.09820000000000001000, -0.02047500000000371600 ) ) ;
#1519 = CARTESIAN_POINT ( 'NONE',  ( -0.04095000000000000000, 0.09775910346561904300, -0.01097251943005677300 ) ) ;
#1520 = CARTESIAN_POINT ( 'NONE',  ( -0.06021815673088369600, 0.1719999999999999300, -0.02069909300396410200 ) ) ;
#1521 = CARTESIAN_POINT ( 'NONE',  ( -0.06622026233350486500, 0.1700761476993004100, -0.01030314114783053300 ) ) ;
#1522 = CARTESIAN_POINT ( 'NONE',  ( -0.05412658773652746800, 0.1720000000000000100, -0.03125000000000027800 ) ) ;
#1523 = CARTESIAN_POINT ( 'NONE',  ( 0.04095000000000000000, 0.1029499999999998100, 6.862466847627394900E-018 ) ) ;
#1524 = DIRECTION ( 'NONE',  ( 0.0000000000000000000, 1.000000000000000000, 0.0000000000000000000 ) ) ;
#1525 = VECTOR ( 'NONE', #1524, 39.37007874015748100 ) ;
#1526 = VECTOR ( 'NONE', #1543, 39.37007874015748100 ) ;
#1527 = DIRECTION ( 'NONE',  ( 1.000000000000000000, 2.449212707644755000E-016, 0.0000000000000000000 ) ) ;
#1528 = AXIS2_PLACEMENT_3D ( 'NONE', #1542, #1544, #1527 ) ;
#1529 = CYLINDRICAL_SURFACE ( 'NONE', #1528, 0.04094999999999999300 ) ;
#1530 = FACE_OUTER_BOUND ( 'NONE', #1775, .T. ) ;
#1531 = CARTESIAN_POINT ( 'NONE',  ( 0.04095000000000000000, 0.1029499999999998100, 6.862466847627394900E-018 ) ) ;
#1532 =( CONVERSION_BASED_UNIT ( 'INCH', #1533 ) LENGTH_UNIT ( ) NAMED_UNIT ( #1534 ) );
#1533 = LENGTH_MEASURE_WITH_UNIT ( LENGTH_MEASURE( 0.02539999999999999900 ), #1535 );
#1534 = DIMENSIONAL_EXPONENTS ( 1.000000000000000000, 0.0000000000000000000, 0.0000000000000000000, 0.0000000000000000000, 0.0000000000000000000, 0.0000000000000000000, 0.0000000000000000000 ) ;
#1535 =( LENGTH_UNIT ( ) NAMED_UNIT ( * ) SI_UNIT ( $, .METRE. ) );
#1536 = CARTESIAN_POINT ( 'NONE',  ( 0.04094999999999999300, 1.002952603780527000E-017, 0.0000000000000000000 ) ) ;
#1537 = CARTESIAN_POINT ( 'NONE',  ( -4.585269322435539200E-015, 0.1058000000000000200, 0.04094999999999999300 ) ) ;
#1538 = LINE ( 'NONE', #1537, #1525 ) ;
#1539 = DIRECTION ( 'NONE',  ( 1.000000000000000000, 4.169487169817252700E-016, 0.0000000000000000000 ) ) ;
#1540 = DIRECTION ( 'NONE',  ( 2.449212707644755000E-016, -1.000000000000000000, 0.0000000000000000000 ) ) ;
#1541 = LINE ( 'NONE', #1536, #1526 ) ;
#1542 = CARTESIAN_POINT ( 'NONE',  ( 0.0000000000000000000, 0.0000000000000000000, 0.0000000000000000000 ) ) ;
#1543 = DIRECTION ( 'NONE',  ( 2.449212707644755000E-016, -1.000000000000000000, 0.0000000000000000000 ) ) ;
#1544 = DIRECTION ( 'NONE',  ( 2.449212707644755000E-016, -1.000000000000000000, 0.0000000000000000000 ) ) ;
#1545 = CARTESIAN_POINT ( 'NONE',  ( -0.02364249352331946800, 0.09535000000000000400, 0.04094999999999750900 ) ) ;
#1546 = CARTESIAN_POINT ( 'NONE',  ( -4.304331598179582700E-015, 0.09440000000000002600, 0.04094999999999999300 ) ) ;
#1547 = CARTESIAN_POINT ( 'NONE',  ( -2.571673343026992200E-017, 0.1049999999999999700, 0.0000000000000000000 ) ) ;
#1548 = AXIS2_PLACEMENT_3D ( 'NONE', #1547, #1540, #1539 ) ;
#1549 = CIRCLE ( 'NONE', #1548, 0.04094999999999998600 ) ;
#1550 =( BOUNDED_CURVE ( )  B_SPLINE_CURVE ( 2, ( #1546, #1545, #1553, #1552, #1551 ),
 .UNSPECIFIED., .F., .T. ) 
 B_SPLINE_CURVE_WITH_KNOTS ( ( 3, 2, 3 ),
 ( 0.0000000000000000000, 0.1666666666666666600, 0.2499999999999836200 ),
 .UNSPECIFIED. ) 
 CURVE ( )  GEOMETRIC_REPRESENTATION_ITEM ( )  RATIONAL_B_SPLINE_CURVE ( ( 1.000000000000000000, 0.8660254037844387100, 1.000000000000000000, 0.9330127018922325100, 0.9330127018922193000 ) ) 
 REPRESENTATION_ITEM ( '' )  );
#1551 = CARTESIAN_POINT ( 'NONE',  ( -0.04094999999999998600, 0.09724999999999978100, 1.029370027144109300E-017 ) ) ;
#1552 = CARTESIAN_POINT ( 'NONE',  ( -0.04094999999999998600, 0.09674089653438076900, 0.01097251943005217100 ) ) ;
#1553 = CARTESIAN_POINT ( 'NONE',  ( -0.03546374028497490500, 0.09630000000000002400, 0.02047499999999627400 ) ) ;
#1554 = CARTESIAN_POINT ( 'NONE',  ( -4.304331598179582700E-015, 0.09440000000000002600, 0.04094999999999999300 ) ) ;
#1555 = PRODUCT_RELATED_PRODUCT_CATEGORY ( 'part', '', ( #1562 ) ) ;
#1556 = PRODUCT_DEFINITION_FORMATION_WITH_SPECIFIED_SOURCE ( 'ANY', '', #1562, .NOT_KNOWN. ) ;
#1557 = APPLICATION_CONTEXT ( 'automotive_design' ) ;
#1558 = PRODUCT_CONTEXT ( 'NONE', #1557, 'mechanical' ) ;
#1559 = APPLICATION_PROTOCOL_DEFINITION ( 'draft international standard', 'automotive_design', 1998, #1557 ) ;
#1560 = CARTESIAN_POINT ( 'NONE',  ( 0.0000000000000000000, 0.0000000000000000000, 0.0000000000000000000 ) ) ;
#1561 = DIRECTION ( 'NONE',  ( 1.000000000000000000, 0.0000000000000000000, 0.0000000000000000000 ) ) ;
#1562 = PRODUCT ( '1595-2', '1595-2', '', ( #1558 ) ) ;
#1563 = APPLICATION_CONTEXT ( 'automotive_design' ) ;
#1564 = PRODUCT_DEFINITION ( 'UNKNOWN', '', #1556, #1565 ) ;
#1565 = PRODUCT_DEFINITION_CONTEXT ( 'detailed design', #1563, 'design' ) ;
#1566 = APPLICATION_PROTOCOL_DEFINITION ( 'draft international standard', 'automotive_design', 1998, #1563 ) ;
#1567 = DIRECTION ( 'NONE',  ( 0.0000000000000000000, 0.0000000000000000000, 1.000000000000000000 ) ) ;
#1568 = AXIS2_PLACEMENT_3D ( 'NONE', #1560, #1567, #1561 ) ;
#1569 = PRODUCT_DEFINITION_SHAPE ( 'NONE', 'NONE',  #1564 ) ;
#1570 = SHAPE_DEFINITION_REPRESENTATION ( #1569, #723 ) ;
#1571 = CARTESIAN_POINT ( 'NONE',  ( -0.01999999999999999000, -4.898425415289508200E-018, 2.449212707644753700E-018 ) ) ;
#1572 = DIRECTION ( 'NONE',  ( 2.449212707644755000E-016, -1.000000000000000000, 0.0000000000000000000 ) ) ;
#1573 = DIRECTION ( 'NONE',  ( 2.449212707644755000E-016, -1.000000000000000000, 0.0000000000000000000 ) ) ;
#1574 = VECTOR ( 'NONE', #1572, 39.37007874015748100 ) ;
#1575 = DIRECTION ( 'NONE',  ( 1.000000000000000000, 0.0000000000000000000, 0.0000000000000000000 ) ) ;
#1576 = DIRECTION ( 'NONE',  ( 2.449212707644755000E-016, -1.000000000000000000, 0.0000000000000000000 ) ) ;
#1577 = CARTESIAN_POINT ( 'NONE',  ( -3.061515884555943800E-017, 0.1250000000000000000, 0.0000000000000000000 ) ) ;
#1578 = AXIS2_PLACEMENT_3D ( 'NONE', #1577, #1576, #1575 ) ;
#1579 = CIRCLE ( 'NONE', #1578, 0.03282641435620374500 ) ;
#1580 = DIRECTION ( 'NONE',  ( 1.000000000000000000, 4.169487169817252700E-016, 0.0000000000000000000 ) ) ;
#1581 = CARTESIAN_POINT ( 'NONE',  ( -0.03282641435620378000, 0.1250000000000000000, 4.019943559381322100E-018 ) ) ;
#1582 = DIRECTION ( 'NONE',  ( 1.000000000000000000, 2.449212707644755500E-016, 0.0000000000000000000 ) ) ;
#1583 = DIRECTION ( 'NONE',  ( 2.449212707644755000E-016, -1.000000000000000000, 0.0000000000000000000 ) ) ;
#1584 = AXIS2_PLACEMENT_3D ( 'NONE', #1586, #1583, #1582 ) ;
#1585 = CYLINDRICAL_SURFACE ( 'NONE', #1584, 0.01999999999999999000 ) ;
#1586 = CARTESIAN_POINT ( 'NONE',  ( 0.0000000000000000000, 0.0000000000000000000, 0.0000000000000000000 ) ) ;
#1587 = FACE_OUTER_BOUND ( 'NONE', #1743, .T. ) ;
#1588 = CARTESIAN_POINT ( 'NONE',  ( 0.03282641435620371800, 0.1250000000000000000, 0.0000000000000000000 ) ) ;
#1589 = DIRECTION ( 'NONE',  ( 2.449212707644755000E-016, -1.000000000000000000, 0.0000000000000000000 ) ) ;
#1590 = AXIS2_PLACEMENT_3D ( 'NONE', #1596, #1589, #1609 ) ;
#1591 = DIRECTION ( 'NONE',  ( 1.000000000000000000, 0.0000000000000000000, 0.0000000000000000000 ) ) ;
#1592 = DIRECTION ( 'NONE',  ( 2.449212707644755000E-016, -1.000000000000000000, 0.0000000000000000000 ) ) ;
#1593 = CARTESIAN_POINT ( 'NONE',  ( -7.029240470940448800E-017, 0.2870000000000000300, 0.0000000000000000000 ) ) ;
#1594 = AXIS2_PLACEMENT_3D ( 'NONE', #1593, #1592, #1591 ) ;
#1595 = CIRCLE ( 'NONE', #1594, 0.03749999999999992900 ) ;
#1596 = CARTESIAN_POINT ( 'NONE',  ( -7.029240470940448800E-017, 0.2870000000000000300, 0.0000000000000000000 ) ) ;
#1597 = CARTESIAN_POINT ( 'NONE',  ( -0.02000000000000006300, 0.2870000000000000300, 2.449212707644756000E-018 ) ) ;
#1598 = CARTESIAN_POINT ( 'NONE',  ( 0.01999999999999992800, 0.2870000000000000300, 0.0000000000000000000 ) ) ;
#1599 = CARTESIAN_POINT ( 'NONE',  ( 0.03749999999999986000, 0.2870000000000000300, 0.0000000000000000000 ) ) ;
#1600 = CARTESIAN_POINT ( 'NONE',  ( -0.03749999999999993600, -9.184547653667814600E-018, 4.592273826833906600E-018 ) ) ;
#1601 = LINE ( 'NONE', #1600, #1611 ) ;
#1602 = LINE ( 'NONE', #1571, #1574 ) ;
#1603 = DIRECTION ( 'NONE',  ( 1.000000000000000000, 0.0000000000000000000, 0.0000000000000000000 ) ) ;
#1604 = DIRECTION ( 'NONE',  ( 2.449212707644755000E-016, -1.000000000000000000, 0.0000000000000000000 ) ) ;
#1605 = CARTESIAN_POINT ( 'NONE',  ( -7.519083012469399200E-017, 0.3070000000000000500, 0.0000000000000000000 ) ) ;
#1606 = AXIS2_PLACEMENT_3D ( 'NONE', #1605, #1604, #1603 ) ;
#1607 = CONICAL_SURFACE ( 'NONE', #1606, 0.03749999999999993600, 0.7853981633974602700 ) ;
#1608 = CARTESIAN_POINT ( 'NONE',  ( -0.02000000000000002500, 0.1720000000000000100, 2.449212707644753300E-018 ) ) ;
#1609 = DIRECTION ( 'NONE',  ( 1.000000000000000000, 0.0000000000000000000, 0.0000000000000000000 ) ) ;
#1610 = DIRECTION ( 'NONE',  ( 2.449212707644755000E-016, -1.000000000000000000, 0.0000000000000000000 ) ) ;
#1611 = VECTOR ( 'NONE', #1610, 39.37007874015748100 ) ;
#1612 = CIRCLE ( 'NONE', #1590, 0.01999999999999999700 ) ;
#1613 = FACE_OUTER_BOUND ( 'NONE', #1756, .T. ) ;
#1614 = DIRECTION ( 'NONE',  ( 2.449212707644755000E-016, -1.000000000000000000, 0.0000000000000000000 ) ) ;
#1615 = VECTOR ( 'NONE', #1614, 39.37007874015748100 ) ;
#1616 = CARTESIAN_POINT ( 'NONE',  ( 0.03749999999999993600, 9.184547653667814600E-018, 0.0000000000000000000 ) ) ;
#1617 = LINE ( 'NONE', #1616, #1615 ) ;
#1618 = DIRECTION ( 'NONE',  ( 2.449212707644755000E-016, -1.000000000000000000, 0.0000000000000000000 ) ) ;
#1619 = DIRECTION ( 'NONE',  ( 1.000000000000000000, 2.449212707644755000E-016, 0.0000000000000000000 ) ) ;
#1620 = DIRECTION ( 'NONE',  ( 2.449212707644755000E-016, -1.000000000000000000, 0.0000000000000000000 ) ) ;
#1621 = DIRECTION ( 'NONE',  ( 1.000000000000000000, 0.0000000000000000000, 0.0000000000000000000 ) ) ;
#1622 = DIRECTION ( 'NONE',  ( 2.449212707644755000E-016, -1.000000000000000000, 0.0000000000000000000 ) ) ;
#1623 = LINE ( 'NONE', #1665, #1664 ) ;
#1624 = CARTESIAN_POINT ( 'NONE',  ( 0.0000000000000000000, 0.0000000000000000000, 0.0000000000000000000 ) ) ;
#1625 = AXIS2_PLACEMENT_3D ( 'NONE', #1624, #1662, #1661 ) ;
#1626 = CARTESIAN_POINT ( 'NONE',  ( 6.519191924573422500E-017, 0.1049999999999999700, 0.04094999999999998600 ) ) ;
#1627 = CARTESIAN_POINT ( 'NONE',  ( 0.0000000000000000000, 0.0000000000000000000, 0.0000000000000000000 ) ) ;
#1628 = AXIS2_PLACEMENT_3D ( 'NONE', #1627, #1620, #1619 ) ;
#1629 = CARTESIAN_POINT ( 'NONE',  ( -2.571673343026992200E-017, 0.1049999999999999700, 0.0000000000000000000 ) ) ;
#1630 = AXIS2_PLACEMENT_3D ( 'NONE', #1629, #1573, #1580 ) ;
#1631 = CIRCLE ( 'NONE', #1630, 0.04094999999999998600 ) ;
#1632 = DIRECTION ( 'NONE',  ( 2.449212707644755000E-016, -1.000000000000000000, 0.0000000000000000000 ) ) ;
#1633 = CARTESIAN_POINT ( 'NONE',  ( -7.519083012469399200E-017, 0.3070000000000000500, 0.0000000000000000000 ) ) ;
#1634 = CYLINDRICAL_SURFACE ( 'NONE', #1628, 0.04094999999999999300 ) ;
#1635 = CARTESIAN_POINT ( 'NONE',  ( 0.01999999999999999000, 4.898425415289508200E-018, 0.0000000000000000000 ) ) ;
#1636 = LINE ( 'NONE', #1635, #1656 ) ;
#1637 = CARTESIAN_POINT ( 'NONE',  ( -0.03750000000000001900, 0.3070000000000000500, 4.592273826833907300E-018 ) ) ;
#1638 = AXIS2_PLACEMENT_3D ( 'NONE', #1633, #1632, #1621 ) ;
#1639 = CARTESIAN_POINT ( 'NONE',  ( 0.03749999999999984600, 0.3070000000000000500, 0.0000000000000000000 ) ) ;
#1640 = CARTESIAN_POINT ( 'NONE',  ( -4.212645857148978400E-017, 0.1720000000000000100, 0.0000000000000000000 ) ) ;
#1641 = AXIS2_PLACEMENT_3D ( 'NONE', #1640, #1618, #1666 ) ;
#1642 = DIRECTION ( 'NONE',  ( 1.000000000000000000, 4.169487169817252700E-016, 0.0000000000000000000 ) ) ;
#1643 = DIRECTION ( 'NONE',  ( 2.449212707644755000E-016, -1.000000000000000000, 0.0000000000000000000 ) ) ;
#1644 = CARTESIAN_POINT ( 'NONE',  ( -2.571673343026992200E-017, 0.1049999999999999700, 0.0000000000000000000 ) ) ;
#1645 = AXIS2_PLACEMENT_3D ( 'NONE', #1644, #1643, #1642 ) ;
#1646 = CYLINDRICAL_SURFACE ( 'NONE', #1625, 0.03749999999999993600 ) ;
#1647 = CARTESIAN_POINT ( 'NONE',  ( 0.01999999999999994100, 0.1720000000000000100, 0.0000000000000000000 ) ) ;
#1648 = CIRCLE ( 'NONE', #1645, 0.04094999999999998600 ) ;
#1649 = CARTESIAN_POINT ( 'NONE',  ( -0.04095000000000000700, 0.1049999999999999500, 5.014763018902634200E-018 ) ) ;
#1650 = CIRCLE ( 'NONE', #1641, 0.01999999999999998300 ) ;
#1651 = FACE_OUTER_BOUND ( 'NONE', #1781, .T. ) ;
#1652 = CARTESIAN_POINT ( 'NONE',  ( -0.03749999999999999900, 0.2870000000000000300, 4.592273826833905800E-018 ) ) ;
#1653 = CARTESIAN_POINT ( 'NONE',  ( -0.04094999999999998600, 0.09724999999999978100, 1.029370027144109300E-017 ) ) ;
#1654 = DIRECTION ( 'NONE',  ( 2.449212707644755000E-016, -1.000000000000000000, 0.0000000000000000000 ) ) ;
#1655 = CIRCLE ( 'NONE', #1638, 0.03749999999999993600 ) ;
#1656 = VECTOR ( 'NONE', #1622, 39.37007874015748100 ) ;
#1657 = VECTOR ( 'NONE', #1654, 39.37007874015748100 ) ;
#1658 = CARTESIAN_POINT ( 'NONE',  ( -0.04094999999999999300, -1.002952603780527000E-017, 5.014763018902634200E-018 ) ) ;
#1659 = LINE ( 'NONE', #1658, #1657 ) ;
#1660 = FACE_OUTER_BOUND ( 'NONE', #1765, .T. ) ;
#1661 = DIRECTION ( 'NONE',  ( 1.000000000000000000, 2.449212707644754500E-016, 0.0000000000000000000 ) ) ;
#1662 = DIRECTION ( 'NONE',  ( 2.449212707644755000E-016, -1.000000000000000000, 0.0000000000000000000 ) ) ;
#1663 = DIRECTION ( 'NONE',  ( -0.7125057529480671700, -0.7016662682614205300, 8.725390721952003600E-017 ) ) ;
#1664 = VECTOR ( 'NONE', #1663, 39.37007874015748100 ) ;
#1665 = CARTESIAN_POINT ( 'NONE',  ( -0.04095000000000000700, 0.1049999999999999500, 5.014763018902632700E-018 ) ) ;
#1666 = DIRECTION ( 'NONE',  ( 1.000000000000000000, 0.0000000000000000000, 0.0000000000000000000 ) ) ;
#1667 = FACE_OUTER_BOUND ( 'NONE', #1737, .T. ) ;
#1668 = DIRECTION ( 'NONE',  ( 0.7071067811865562300, -0.7071067811865388000, 0.0000000000000000000 ) ) ;
#1669 = VECTOR ( 'NONE', #1668, 39.37007874015748100 ) ;
#1670 = CARTESIAN_POINT ( 'NONE',  ( -0.03750000000000001200, 0.3070000000000000500, 4.592273826833906600E-018 ) ) ;
#1671 = LINE ( 'NONE', #1670, #1675 ) ;
#1672 = CARTESIAN_POINT ( 'NONE',  ( 0.03749999999999985300, 0.3070000000000000500, 0.0000000000000000000 ) ) ;
#1673 = LINE ( 'NONE', #1672, #1669 ) ;
#1674 = CYLINDRICAL_SURFACE ( 'NONE', #1680, 0.03282641435620374500 ) ;
#1675 = VECTOR ( 'NONE', #1676, 39.37007874015748100 ) ;
#1676 = DIRECTION ( 'NONE',  ( -0.7071067811865557900, -0.7071067811865392500, 8.659274570719459000E-017 ) ) ;
#1677 = DIRECTION ( 'NONE',  ( 1.000000000000000000, 2.449212707644755500E-016, 0.0000000000000000000 ) ) ;
#1678 = DIRECTION ( 'NONE',  ( 2.449212707644755000E-016, -1.000000000000000000, 0.0000000000000000000 ) ) ;
#1679 = CARTESIAN_POINT ( 'NONE',  ( 0.0000000000000000000, 0.0000000000000000000, 0.0000000000000000000 ) ) ;
#1680 = AXIS2_PLACEMENT_3D ( 'NONE', #1679, #1678, #1677 ) ;
#1681 =( NAMED_UNIT ( * ) PLANE_ANGLE_UNIT ( ) SI_UNIT ( $, .RADIAN. ) );
#1682 =( GEOMETRIC_REPRESENTATION_CONTEXT ( 3 ) GLOBAL_UNCERTAINTY_ASSIGNED_CONTEXT ( ( #1684 ) ) GLOBAL_UNIT_ASSIGNED_CONTEXT ( ( #1532, #1681, #1683 ) ) REPRESENTATION_CONTEXT ( 'NONE', 'WORKASPACE' ) );
#1683 =( NAMED_UNIT ( * ) SI_UNIT ( $, .STERADIAN. ) SOLID_ANGLE_UNIT ( ) );
#1684 = UNCERTAINTY_MEASURE_WITH_UNIT (LENGTH_MEASURE( 1.000000000000000100E-005 ), #1532, 'distance_accuracy_value', 'NONE');
#1685 = VERTEX_POINT ( 'NONE', #498 ) ;
#1686 = ORIENTED_EDGE ( 'NONE', *, *, #1732, .T. ) ;
#1687 = VERTEX_POINT ( 'NONE', #467 ) ;
#1688 = EDGE_LOOP ( 'NONE', ( #1300, #1302, #1310, #1305, #1373 ) ) ;
#1689 = ORIENTED_EDGE ( 'NONE', *, *, #1690, .T. ) ;
#1690 = EDGE_CURVE ( 'NONE', #1687, #1685, #466, .T. ) ;
#1691 = VERTEX_POINT ( 'NONE', #432 ) ;
#1692 = ORIENTED_EDGE ( 'NONE', *, *, #1693, .F. ) ;
#1693 = EDGE_CURVE ( 'NONE', #1710, #1691, #418, .T. ) ;
#1694 = ADVANCED_FACE ( 'NONE', ( #419 ), #430, .T. ) ;
#1695 = EDGE_LOOP ( 'NONE', ( #1696, #1700, #1702, #1703 ) ) ;
#1696 = ORIENTED_EDGE ( 'NONE', *, *, #1697, .F. ) ;
#1697 = EDGE_CURVE ( 'NONE', #1698, #1699, #439, .T. ) ;
#1698 = VERTEX_POINT ( 'NONE', #448 ) ;
#1699 = VERTEX_POINT ( 'NONE', #447 ) ;
#1700 = ORIENTED_EDGE ( 'NONE', *, *, #1701, .T. ) ;
#1701 = EDGE_CURVE ( 'NONE', #1698, #1717, #445, .T. ) ;
#1702 = ORIENTED_EDGE ( 'NONE', *, *, #1716, .T. ) ;
#1703 = ORIENTED_EDGE ( 'NONE', *, *, #1704, .F. ) ;
#1704 = EDGE_CURVE ( 'NONE', #1699, #1714, #424, .T. ) ;
#1705 = MANIFOLD_SOLID_BREP ( 'NONE', #647 ) ;
#1706 = ADVANCED_FACE ( 'NONE', ( #334 ), #332, .T. ) ;
#1707 = EDGE_LOOP ( 'NONE', ( #1708, #1712, #1715, #1718, #1721, #1692 ) ) ;
#1708 = ORIENTED_EDGE ( 'NONE', *, *, #1709, .T. ) ;
#1709 = EDGE_CURVE ( 'NONE', #1710, #1711, #546, .T. ) ;
#1710 = VERTEX_POINT ( 'NONE', #545 ) ;
#1711 = VERTEX_POINT ( 'NONE', #544 ) ;
#1712 = ORIENTED_EDGE ( 'NONE', *, *, #1713, .T. ) ;
#1713 = EDGE_CURVE ( 'NONE', #1711, #1714, #527, .T. ) ;
#1714 = VERTEX_POINT ( 'NONE', #523 ) ;
#1715 = ORIENTED_EDGE ( 'NONE', *, *, #1716, .F. ) ;
#1716 = EDGE_CURVE ( 'NONE', #1717, #1714, #521, .T. ) ;
#1717 = VERTEX_POINT ( 'NONE', #522 ) ;
#1718 = ORIENTED_EDGE ( 'NONE', *, *, #1719, .F. ) ;
#1719 = EDGE_CURVE ( 'NONE', #1720, #1717, #542, .T. ) ;
#1720 = VERTEX_POINT ( 'NONE', #538 ) ;
#1721 = ORIENTED_EDGE ( 'NONE', *, *, #1722, .T. ) ;
#1722 = EDGE_CURVE ( 'NONE', #1720, #1691, #537, .T. ) ;
#1723 = ORIENTED_EDGE ( 'NONE', *, *, #1724, .T. ) ;
#1724 = EDGE_CURVE ( 'NONE', #1741, #1725, #536, .T. ) ;
#1725 = VERTEX_POINT ( 'NONE', #586 ) ;
#1726 = ORIENTED_EDGE ( 'NONE', *, *, #1727, .F. ) ;
#1727 = EDGE_CURVE ( 'NONE', #1728, #1725, #606, .T. ) ;
#1728 = VERTEX_POINT ( 'NONE', #553 ) ;
#1729 = ORIENTED_EDGE ( 'NONE', *, *, #1730, .F. ) ;
#1730 = EDGE_CURVE ( 'NONE', #1740, #1728, #620, .T. ) ;
#1731 = ADVANCED_FACE ( 'NONE', ( #616 ), #339, .T. ) ;
#1732 = EDGE_CURVE ( 'NONE', #1685, #1769, #1671, .T. ) ;
#1733 = ORIENTED_EDGE ( 'NONE', *, *, #1767, .F. ) ;
#1734 = ORIENTED_EDGE ( 'NONE', *, *, #1735, .F. ) ;
#1735 = EDGE_CURVE ( 'NONE', #1687, #1768, #1673, .T. ) ;
#1736 = ADVANCED_FACE ( 'NONE', ( #1667 ), #1674, .T. ) ;
#1737 = EDGE_LOOP ( 'NONE', ( #1738, #1723, #1726, #1729 ) ) ;
#1738 = ORIENTED_EDGE ( 'NONE', *, *, #1739, .T. ) ;
#1739 = EDGE_CURVE ( 'NONE', #1740, #1741, #1579, .T. ) ;
#1740 = VERTEX_POINT ( 'NONE', #1588 ) ;
#1741 = VERTEX_POINT ( 'NONE', #1581 ) ;
#1742 = ADVANCED_FACE ( 'NONE', ( #1587 ), #1585, .T. ) ;
#1743 = EDGE_LOOP ( 'NONE', ( #1744, #1757, #1759, #1762 ) ) ;
#1744 = ORIENTED_EDGE ( 'NONE', *, *, #1745, .T. ) ;
#1745 = EDGE_CURVE ( 'NONE', #1746, #1747, #1612, .T. ) ;
#1746 = VERTEX_POINT ( 'NONE', #1598 ) ;
#1747 = VERTEX_POINT ( 'NONE', #1597 ) ;
#1748 = VERTEX_POINT ( 'NONE', #1608 ) ;
#1749 = EDGE_CURVE ( 'NONE', #1769, #1771, #1601, .T. ) ;
#1750 = ORIENTED_EDGE ( 'NONE', *, *, #1751, .F. ) ;
#1751 = EDGE_CURVE ( 'NONE', #1752, #1771, #1595, .T. ) ;
#1752 = VERTEX_POINT ( 'NONE', #1599 ) ;
#1753 = ORIENTED_EDGE ( 'NONE', *, *, #1754, .F. ) ;
#1754 = EDGE_CURVE ( 'NONE', #1768, #1752, #1617, .T. ) ;
#1755 = ADVANCED_FACE ( 'NONE', ( #1613 ), #1607, .T. ) ;
#1756 = EDGE_LOOP ( 'NONE', ( #1689, #1686, #1733, #1734 ) ) ;
#1757 = ORIENTED_EDGE ( 'NONE', *, *, #1758, .T. ) ;
#1758 = EDGE_CURVE ( 'NONE', #1747, #1748, #1602, .T. ) ;
#1759 = ORIENTED_EDGE ( 'NONE', *, *, #1760, .F. ) ;
#1760 = EDGE_CURVE ( 'NONE', #1761, #1748, #1650, .T. ) ;
#1761 = VERTEX_POINT ( 'NONE', #1647 ) ;
#1762 = ORIENTED_EDGE ( 'NONE', *, *, #1763, .F. ) ;
#1763 = EDGE_CURVE ( 'NONE', #1746, #1761, #1636, .T. ) ;
#1764 = ADVANCED_FACE ( 'NONE', ( #1660 ), #1646, .T. ) ;
#1765 = EDGE_LOOP ( 'NONE', ( #1766, #1770, #1750, #1753 ) ) ;
#1766 = ORIENTED_EDGE ( 'NONE', *, *, #1767, .T. ) ;
#1767 = EDGE_CURVE ( 'NONE', #1768, #1769, #1655, .T. ) ;
#1768 = VERTEX_POINT ( 'NONE', #1639 ) ;
#1769 = VERTEX_POINT ( 'NONE', #1637 ) ;
#1770 = ORIENTED_EDGE ( 'NONE', *, *, #1749, .T. ) ;
#1771 = VERTEX_POINT ( 'NONE', #1652 ) ;
#1772 = ORIENTED_EDGE ( 'NONE', *, *, #1690, .F. ) ;
#1773 = ADVANCED_FACE ( 'NONE', ( #1651 ), #1634, .T. ) ;
#1774 = ORIENTED_EDGE ( 'NONE', *, *, #1826, .F. ) ;
#1775 = EDGE_LOOP ( 'NONE', ( #1822, #1823, #1815, #1813 ) ) ;
#1776 = ORIENTED_EDGE ( 'NONE', *, *, #1777, .T. ) ;
#1777 = EDGE_CURVE ( 'NONE', #1786, #1779, #1659, .T. ) ;
#1778 = ORIENTED_EDGE ( 'NONE', *, *, #1788, .T. ) ;
#1779 = VERTEX_POINT ( 'NONE', #1653 ) ;
#1780 = ORIENTED_EDGE ( 'NONE', *, *, #1405, .T. ) ;
#1781 = EDGE_LOOP ( 'NONE', ( #1778, #1776, #1774, #1825 ) ) ;
#1782 = EDGE_LOOP ( 'NONE', ( #1783, #1784, #1787, #1790, #1793, #1796, #1799 ) ) ;
#1783 = ORIENTED_EDGE ( 'NONE', *, *, #1727, .T. ) ;
#1784 = ORIENTED_EDGE ( 'NONE', *, *, #1785, .T. ) ;
#1785 = EDGE_CURVE ( 'NONE', #1725, #1786, #1623, .T. ) ;
#1786 = VERTEX_POINT ( 'NONE', #1649 ) ;
#1787 = ORIENTED_EDGE ( 'NONE', *, *, #1788, .F. ) ;
#1788 = EDGE_CURVE ( 'NONE', #1789, #1786, #1648, .T. ) ;
#1789 = VERTEX_POINT ( 'NONE', #1626 ) ;
#1790 = ORIENTED_EDGE ( 'NONE', *, *, #1791, .F. ) ;
#1791 = EDGE_CURVE ( 'NONE', #1792, #1789, #1631, .T. ) ;
#1792 = VERTEX_POINT ( 'NONE', #1481 ) ;
#1793 = ORIENTED_EDGE ( 'NONE', *, *, #1794, .F. ) ;
#1794 = EDGE_CURVE ( 'NONE', #1795, #1792, #1482, .T. ) ;
#1795 = VERTEX_POINT ( 'NONE', #1492 ) ;
#1796 = ORIENTED_EDGE ( 'NONE', *, *, #1797, .F. ) ;
#1797 = EDGE_CURVE ( 'NONE', #1798, #1795, #1502, .T. ) ;
#1798 = VERTEX_POINT ( 'NONE', #1501 ) ;
#1799 = ORIENTED_EDGE ( 'NONE', *, *, #1800, .F. ) ;
#1800 = EDGE_CURVE ( 'NONE', #1728, #1798, #1497, .T. ) ;
#1801 = ADVANCED_FACE ( 'NONE', ( #1493 ), #1475, .F. ) ;
#1802 = ORIENTED_EDGE ( 'NONE', *, *, #1803, .T. ) ;
#1803 = EDGE_CURVE ( 'NONE', #1804, #1805, #1506, .T. ) ;
#1804 = VERTEX_POINT ( 'NONE', #1507 ) ;
#1805 = VERTEX_POINT ( 'NONE', #1508 ) ;
#1806 = ORIENTED_EDGE ( 'NONE', *, *, #1807, .F. ) ;
#1807 = EDGE_CURVE ( 'NONE', #1808, #1805, #1483, .T. ) ;
#1808 = VERTEX_POINT ( 'NONE', #1516 ) ;
#1809 = ORIENTED_EDGE ( 'NONE', *, *, #1810, .T. ) ;
#1810 = EDGE_CURVE ( 'NONE', #1808, #1811, #1514, .T. ) ;
#1811 = VERTEX_POINT ( 'NONE', #1512 ) ;
#1812 = ORIENTED_EDGE ( 'NONE', *, *, #1371, .T. ) ;
#1813 = ORIENTED_EDGE ( 'NONE', *, *, #1814, .F. ) ;
#1814 = EDGE_CURVE ( 'NONE', #1779, #1818, #1515, .T. ) ;
#1815 = ORIENTED_EDGE ( 'NONE', *, *, #1816, .T. ) ;
#1816 = EDGE_CURVE ( 'NONE', #1798, #1818, #1541, .T. ) ;
#1817 = EDGE_LOOP ( 'NONE', ( #1802, #1806, #1809, #1812, #1366 ) ) ;
#1818 = VERTEX_POINT ( 'NONE', #1531 ) ;
#1819 = VERTEX_POINT ( 'NONE', #1554 ) ;
#1820 = EDGE_CURVE ( 'NONE', #1819, #1789, #1538, .T. ) ;
#1821 = ADVANCED_FACE ( 'NONE', ( #1530 ), #1529, .T. ) ;
#1822 = ORIENTED_EDGE ( 'NONE', *, *, #1777, .F. ) ;
#1823 = ORIENTED_EDGE ( 'NONE', *, *, #1824, .T. ) ;
#1824 = EDGE_CURVE ( 'NONE', #1786, #1798, #1549, .T. ) ;
#1825 = ORIENTED_EDGE ( 'NONE', *, *, #1820, .T. ) ;
#1826 = EDGE_CURVE ( 'NONE', #1819, #1779, #1550, .T. ) ;
ENDSEC;
END-ISO-10303-21;
