ISO-10303-21;
HEADER;
FILE_DESCRIPTION (( 'STEP AP203' ),
    '1' );
FILE_NAME ('91200A112_18-8 Stainless Steel Pan Head Slotted Screws.STEP',
    '2026-06-11T14:08:26',
    ( 'McMaster Carr Supply' ),
    ( 'McMaster Carr Supply' ),
    'SwSTEP 2.0',
    'SolidWorks 2024',
    '' );
FILE_SCHEMA (( 'CONFIG_CONTROL_DESIGN' ));
ENDSEC;

DATA;
#1 = CARTESIAN_POINT ( 'NONE',  ( 2.878508968398376785E-16, 1.175240473580834388, -3.149999999999998579 ) ) ;
#2 = CARTESIAN_POINT ( 'NONE',  ( 1.299038105676658228, 0.7499999999999986677, -0.5458333333333326154 ) ) ;
#3 =( BOUNDED_CURVE ( )  B_SPLINE_CURVE ( 2, ( #2880, #863, #396, #911, #1412, #3192, #2625, #1382, #2185 ),
 .UNSPECIFIED., .F., .F. ) 
 B_SPLINE_CURVE_WITH_KNOTS ( ( 3, 2, 2, 2, 3 ),
 ( 0.7678571428571429047, 0.7738095238095238360, 0.7857142857142856984, 0.7976190476190476719, 0.8035714285714286031 ),
 .UNSPECIFIED. ) 
 CURVE ( )  GEOMETRIC_REPRESENTATION_ITEM ( )  RATIONAL_B_SPLINE_CURVE ( ( 0.9330127018922192983, 0.9330127018922198534, 1.000000000000000000, 0.8660254037844385966, 1.000000000000000000, 0.8660254037844385966, 1.000000000000000000, 0.9330127018922192983, 0.9330127018922192983 ) ) 
 REPRESENTATION_ITEM ( '' )  );
#4 = CARTESIAN_POINT ( 'NONE',  ( -0.8972754037844382635, 1.554126587736527343, -2.389583333333332060 ) ) ;
#5 = ORIENTED_EDGE ( 'NONE', *, *, #1134, .F. ) ;
#6 = CARTESIAN_POINT ( 'NONE',  ( 0.6785254037844385966, 1.175240473580834166, -0.1916666666666655139 ) ) ;
#7 = CARTESIAN_POINT ( 'NONE',  ( -1.439254484199188393E-16, -1.175240473580834388, 0.5375000000000008660 ) ) ;
#8 = EDGE_CURVE ( 'NONE', #1765, #351, #2038, .T. ) ;
#9 = CARTESIAN_POINT ( 'NONE',  ( 1.499999999999999556, 6.943215207534478466E-15, -2.087499999999998579 ) ) ;
#10 = CARTESIAN_POINT ( 'NONE',  ( 0.6785254037844375974, -1.175240473580834610, 0.07916666666666749563 ) ) ;
#11 = CARTESIAN_POINT ( 'NONE',  ( -0.6785254037844383745, -1.175240473580834166, -3.504166666666665098 ) ) ;
#12 = CARTESIAN_POINT ( 'NONE',  ( 1.017788105676656896, -0.5876202367904177493, 0.6833333333333344584 ) ) ;
#13 = CARTESIAN_POINT ( 'NONE',  ( 2.984962311319696138, -0.2999999999999998779, 3.352438282869640851 ) ) ;
#14 = ORIENTED_EDGE ( 'NONE', *, *, #151, .T. ) ;
#15 = VECTOR ( 'NONE', #1446, 1000.000000000000000 ) ;
#16 = CARTESIAN_POINT ( 'NONE',  ( -0.8816504037844384856, 1.527063293868264005, -2.373958333333333837 ) ) ;
#17 = VECTOR ( 'NONE', #2736, 1000.000000000000000 ) ;
#18 = CARTESIAN_POINT ( 'NONE',  ( -0.4966672514566664587, -1.340101981714879820, -3.630853205638869152 ) ) ;
#19 = CARTESIAN_POINT ( 'NONE',  ( 0.8816504037844381525, -1.527063293868264449, -3.623958333333333393 ) ) ;
#20 = CARTESIAN_POINT ( 'NONE',  ( 0.6785254037844375974, -1.175240473580834610, -2.858333333333332504 ) ) ;
#21 = CARTESIAN_POINT ( 'NONE',  ( 3.673940397442058389E-16, 1.499999999999999556, -0.4624999999999993561 ) ) ;
#22 = CARTESIAN_POINT ( 'NONE',  ( 1.345913105676657562, -0.7770632938682643376, -2.097916666666665542 ) ) ;
#23 = ORIENTED_EDGE ( 'NONE', *, *, #1317, .T. ) ;
#24 = CARTESIAN_POINT ( 'NONE',  ( 0.6785254037844385966, 1.175240473580834166, -1.191666666666665542 ) ) ;
#25 = CARTESIAN_POINT ( 'NONE',  ( 1.017788105676656896, -0.5876202367904177493, 0.6208333333333343473 ) ) ;
#26 = EDGE_CURVE ( 'NONE', #2243, #1257, #2529, .T. ) ;
#27 = CARTESIAN_POINT ( 'NONE',  ( -1.357050807568876083, 8.309539638847774027E-17, -0.5874999999999992450 ) ) ;
#28 = CARTESIAN_POINT ( 'NONE',  ( -0.6785254037844378194, 1.175240473580834388, -4.170833333333331616 ) ) ;
#29 = CARTESIAN_POINT ( 'NONE',  ( -1.017788105676657118, -0.5876202367904169721, 1.016666666666667718 ) ) ;
#30 = CARTESIAN_POINT ( 'NONE',  ( -1.499999999999999334, 2.324088772396477673E-16, -2.837499999999999467 ) ) ;
#31 = ORIENTED_EDGE ( 'NONE', *, *, #1068, .T. ) ;
#32 = ADVANCED_FACE ( 'NONE', ( #1774 ), #611, .T. ) ;
#33 = CARTESIAN_POINT ( 'NONE',  ( 0.8816504037844394848, 1.527063293868263338, -2.457291666666667318 ) ) ;
#34 = CARTESIAN_POINT ( 'NONE',  ( -1.227782704881529519, -0.6574195526946642332, -3.667495334389835993 ) ) ;
#35 = CARTESIAN_POINT ( 'NONE',  ( 1.763300807568877193, -3.239131034884752599E-16, -4.040625000000000355 ) ) ;
#36 = B_SPLINE_CURVE_WITH_KNOTS ( 'NONE', 3,
 ( #2558, #1293, #252, #3057 ),
 .UNSPECIFIED., .F., .F.,
 ( 4, 4 ),
 ( 0.01223194374856627527, 0.01258935061476810710 ),
 .UNSPECIFIED. ) ;
#37 = CARTESIAN_POINT ( 'NONE',  ( 1.017788105676656896, -0.5876202367904177493, -2.316666666666665098 ) ) ;
#38 = DIRECTION ( 'NONE',  ( -0.000000000000000000, -0.000000000000000000, 1.000000000000000000 ) ) ;
#39 = CARTESIAN_POINT ( 'NONE',  ( -1.345913105676657784, 0.7770632938682638935, -1.347916666666665764 ) ) ;
#40 = B_SPLINE_CURVE_WITH_KNOTS ( 'NONE', 3,
 ( #981, #1934, #1699, #2484, #686, #2730, #2954, #1714 ),
 .UNSPECIFIED., .F., .F.,
 ( 4, 2, 2, 4 ),
 ( 0.000000000000000000, 0.0008191312219720260071, 0.001228696832958038740, 0.001638262443944051580 ),
 .UNSPECIFIED. ) ;
#41 = CARTESIAN_POINT ( 'NONE',  ( 1.017788105676656896, -0.5876202367904177493, -1.816666666666665542 ) ) ;
#42 = CARTESIAN_POINT ( 'NONE',  ( -1.357050807568875861, 8.309539638847774027E-17, 0.4125000000000009215 ) ) ;
#43 = CARTESIAN_POINT ( 'NONE',  ( -1.836970198721029688E-16, -1.499999999999999556, -0.6500000000000000222 ) ) ;
#44 =( BOUNDED_CURVE ( )  B_SPLINE_CURVE ( 2, ( #3092, #90, #356, #2122, #1655, #3128, #2874, #609, #3162 ),
 .UNSPECIFIED., .F., .F. ) 
 B_SPLINE_CURVE_WITH_KNOTS ( ( 3, 2, 2, 2, 3 ),
 ( 0.6607142857142856984, 0.6666666666666666297, 0.6785714285714286031, 0.6904761904761904656, 0.6964285714285713969 ),
 .UNSPECIFIED. ) 
 CURVE ( )  GEOMETRIC_REPRESENTATION_ITEM ( )  RATIONAL_B_SPLINE_CURVE ( ( 0.9330127018922194093, 0.9330127018922194093, 1.000000000000000000, 0.8660254037844388186, 1.000000000000000000, 0.8660254037844388186, 1.000000000000000000, 0.9330127018922194093, 0.9330127018922194093 ) ) 
 REPRESENTATION_ITEM ( '' )  );
#45 = CARTESIAN_POINT ( 'NONE',  ( -1.357050807568876083, 8.309539638847774027E-17, -1.587499999999999023 ) ) ;
#46 = CARTESIAN_POINT ( 'NONE',  ( 1.357050807568875861, -2.492861891654331838E-16, -1.837499999999999467 ) ) ;
#47 = CARTESIAN_POINT ( 'NONE',  ( -1.439254484199188393E-16, -1.175240473580834388, 2.100000000000000977 ) ) ;
#48 = CARTESIAN_POINT ( 'NONE',  ( 0.8660254037844380415, -1.500000000000000444, -0.6708333333333328374 ) ) ;
#49 = ORIENTED_EDGE ( 'NONE', *, *, #2086, .F. ) ;
#50 = EDGE_CURVE ( 'NONE', #3036, #1488, #843, .T. ) ;
#51 = CARTESIAN_POINT ( 'NONE',  ( -1.870113174931183375E-16, -1.527063293868263782, -1.665625000000000355 ) ) ;
#52 = DIRECTION ( 'NONE',  ( -1.000000000000000000, 0.000000000000000000, 0.000000000000000000 ) ) ;
#53 = CARTESIAN_POINT ( 'NONE',  ( 0.000000000000000000, 0.000000000000000000, 2.100000000000000089 ) ) ;
#54 = EDGE_CURVE ( 'NONE', #1502, #3275, #1767, .T. ) ;
#55 = CARTESIAN_POINT ( 'NONE',  ( 1.017788105676656896, -0.5876202367904177493, -3.816666666666665542 ) ) ;
#56 = DIRECTION ( 'NONE',  ( -1.000000000000000000, 0.000000000000000000, 0.000000000000000000 ) ) ;
#57 = CARTESIAN_POINT ( 'NONE',  ( 3.806512302282672647E-16, 1.554126587736527343, -1.431249999999999467 ) ) ;
#58 = CARTESIAN_POINT ( 'NONE',  ( 2.878508968398376785E-16, 1.175240473580834388, -3.149999999999998579 ) ) ;
#59 = CARTESIAN_POINT ( 'NONE',  ( -1.439254484199188393E-16, -1.175240473580834388, 1.537500000000000977 ) ) ;
#60 = CARTESIAN_POINT ( 'NONE',  ( -0.8660254037844389297, -1.499999999999999334, -1.254166666666666430 ) ) ;
#61 = CARTESIAN_POINT ( 'NONE',  ( 1.299038105676658228, 0.7499999999999987788, 0.01666666666666649296 ) ) ;
#62 = CARTESIAN_POINT ( 'NONE',  ( 0.6785254037844385966, 1.175240473580834166, -2.254166666666665986 ) ) ;
#63 = CARTESIAN_POINT ( 'NONE',  ( -0.6785254037844383745, -1.175240473580834166, 2.558333333333334458 ) ) ;
#64 = CARTESIAN_POINT ( 'NONE',  ( 1.500000000000001110, -0.4019237886466808796, -0.6098290993692591089 ) ) ;
#65 = ORIENTED_EDGE ( 'NONE', *, *, #3115, .F. ) ;
#66 = CARTESIAN_POINT ( 'NONE',  ( 3.740226349862366751E-16, 1.527063293868263782, -2.915625000000000799 ) ) ;
#67 = CARTESIAN_POINT ( 'NONE',  ( 2.984962311319860007, -0.2999999999999999334, 3.209999999999999964 ) ) ;
#68 = CARTESIAN_POINT ( 'NONE',  ( 0.3754708205888623307, -1.113647984611309205, -3.874759526419165656 ) ) ;
#69 = AXIS2_PLACEMENT_3D ( 'NONE', #3266, #2210, #2763 ) ;
#70 = CARTESIAN_POINT ( 'NONE',  ( 2.990384590650506880, 0.2400000000000002409, 3.149999999999999911 ) ) ;
#71 = CARTESIAN_POINT ( 'NONE',  ( 1.294318966601190946, -1.572536565622766873E-13, 1.593749999999992673 ) ) ;
#72 = AXIS2_PLACEMENT_3D ( 'NONE', #986, #1477, #3007 ) ;
#73 = ADVANCED_FACE ( 'NONE', ( #2768 ), #2910, .T. ) ;
#74 = CARTESIAN_POINT ( 'NONE',  ( 0.7807772653395199658, 1.076169904234775432, 1.649751973116968751 ) ) ;
#75 = CARTESIAN_POINT ( 'NONE',  ( 3.806512302282672647E-16, 1.554126587736527343, -1.931249999999999023 ) ) ;
#76 = DIRECTION ( 'NONE',  ( 0.000000000000000000, 0.000000000000000000, -1.000000000000000000 ) ) ;
#77 = CARTESIAN_POINT ( 'NONE',  ( 1.357050807568875861, -2.492861891654331838E-16, -1.337499999999998801 ) ) ;
#78 = AXIS2_PLACEMENT_3D ( 'NONE', #2896, #1613, #663 ) ;
#79 = DIRECTION ( 'NONE',  ( 1.000000000000000000, 0.000000000000000000, 0.000000000000000000 ) ) ;
#80 = CARTESIAN_POINT ( 'NONE',  ( -1.299038105676657562, 0.7500000000000000000, 0.1833333333333332649 ) ) ;
#81 = CARTESIAN_POINT ( 'NONE',  ( 1.322475605676658006, -0.7635316469341325574, 0.4177083333333328485 ) ) ;
#82 = CARTESIAN_POINT ( 'NONE',  ( 1.357050807568875861, -2.492861891654331838E-16, -2.274999999999999023 ) ) ;
#83 = CARTESIAN_POINT ( 'NONE',  ( 1.180089832936792815, -0.1833634097944449315, -3.859260268605645194 ) ) ;
#84 = CARTESIAN_POINT ( 'NONE',  ( 1.499999999999999334, -0.4019237886466844878, -1.547329099369260330 ) ) ;
#85 = EDGE_LOOP ( 'NONE', ( #1815, #199, #2998, #2630 ) ) ;
#86 = CARTESIAN_POINT ( 'NONE',  ( -1.499999999999999556, -0.4019237886466836551, 1.684829099369260730 ) ) ;
#87 = LINE ( 'NONE', #887, #2822 ) ;
#88 = CARTESIAN_POINT ( 'NONE',  ( -1.499999999999999334, 2.324088772396477673E-16, -1.837499999999999023 ) ) ;
#89 = DATE_TIME_ROLE ( 'creation_date' ) ;
#90 = CARTESIAN_POINT ( 'NONE',  ( 1.499999999999999334, -0.4019237886466844878, -2.047329099369260330 ) ) ;
#91 = CARTESIAN_POINT ( 'NONE',  ( 2.878508968398376785E-16, 1.175240473580834388, 2.350000000000000977 ) ) ;
#92 = CARTESIAN_POINT ( 'NONE',  ( -0.6785254037844379305, 1.175240473580834388, -3.108333333333332504 ) ) ;
#93 = CARTESIAN_POINT ( 'NONE',  ( 1.357050807568875861, -2.492861891654331838E-16, -2.337499999999999023 ) ) ;
#94 = DIRECTION ( 'NONE',  ( 1.000000000000000000, 0.000000000000000000, 0.000000000000000000 ) ) ;
#95 = CARTESIAN_POINT ( 'NONE',  ( -0.6785254037844379305, 1.175240473580834388, -3.670833333333332060 ) ) ;
#96 = CARTESIAN_POINT ( 'NONE',  ( 3.740226349862366751E-16, 1.527063293868263782, 0.5843749999999994227 ) ) ;
#97 = CARTESIAN_POINT ( 'NONE',  ( -1.357050807568875861, 8.309539638847774027E-17, -0.02499999999999898137 ) ) ;
#98 = DIRECTION ( 'NONE',  ( -1.000000000000000000, 0.000000000000000000, 0.000000000000000000 ) ) ;
#99 = EDGE_LOOP ( 'NONE', ( #3067, #1519, #689, #2268, #2358 ) ) ;
#100 = CARTESIAN_POINT ( 'NONE',  ( -0.8660254037844380415, 1.499999999999999334, 0.6416666666666666075 ) ) ;
#101 = CARTESIAN_POINT ( 'NONE',  ( -1.017788105676657118, -0.5876202367904169721, 1.454166666666667718 ) ) ;
#102 = CARTESIAN_POINT ( 'NONE',  ( -2.985010261740724147, 0.2995239891576157443, 3.201299407783008810 ) ) ;
#103 = VERTEX_POINT ( 'NONE', #1588 ) ;
#104 = AXIS2_PLACEMENT_3D ( 'NONE', #2231, #1064, #2800 ) ;
#105 =( NAMED_UNIT ( * ) PLANE_ANGLE_UNIT ( ) SI_UNIT ( $, .RADIAN. ) );
#106 = CARTESIAN_POINT ( 'NONE',  ( -1.120545899432641823, 0.8262237498170339478, 1.743995571191127469 ) ) ;
#107 = CARTESIAN_POINT ( 'NONE',  ( -1.439254484199188393E-16, -1.175240473580834388, 2.100000000000000977 ) ) ;
#108 = CARTESIAN_POINT ( 'NONE',  ( -1.439254484199188393E-16, -1.175240473580834388, -2.399999999999999023 ) ) ;
#109 = CARTESIAN_POINT ( 'NONE',  ( -1.017788105676657118, 0.5876202367904173052, -3.129166666666665986 ) ) ;
#110 = CARTESIAN_POINT ( 'NONE',  ( -2.984962311319860007, 0.3000000000000001554, 3.899999999999999911 ) ) ;
#111 = CARTESIAN_POINT ( 'NONE',  ( 1.357050807568876083, -2.492861891654331838E-16, -2.337499999999999023 ) ) ;
#112 = CARTESIAN_POINT ( 'NONE',  ( 3.740226349862366751E-16, 1.527063293868263782, 1.084374999999999423 ) ) ;
#113 = CARTESIAN_POINT ( 'NONE',  ( -0.6785254037844378194, 1.175240473580834388, -1.108333333333332282 ) ) ;
#114 = EDGE_CURVE ( 'NONE', #3222, #2160, #2851, .T. ) ;
#115 = ORIENTED_EDGE ( 'NONE', *, *, #1221, .F. ) ;
#116 = ORIENTED_EDGE ( 'NONE', *, *, #648, .T. ) ;
#117 = DIRECTION ( 'NONE',  ( -1.000000000000000000, 0.000000000000000000, 0.000000000000000000 ) ) ;
#118 = CARTESIAN_POINT ( 'NONE',  ( -1.017788105676657118, 0.5876202367904173052, 1.370833333333334236 ) ) ;
#119 = CARTESIAN_POINT ( 'NONE',  ( 1.299038105676657562, -0.7500000000000004441, -1.066666666666666874 ) ) ;
#120 = CIRCLE ( 'NONE', #2928, 3.000000000000000000 ) ;
#121 = CARTESIAN_POINT ( 'NONE',  ( 0.6785254037844375974, -1.175240473580834610, 2.141666666666667496 ) ) ;
#122 = CARTESIAN_POINT ( 'NONE',  ( -0.6785254037844382635, -1.175240473580834166, -2.941666666666665986 ) ) ;
#123 = CARTESIAN_POINT ( 'NONE',  ( 0.6785254037844375974, -1.175240473580834610, -1.420833333333332060 ) ) ;
#124 = CARTESIAN_POINT ( 'NONE',  ( -1.345913105676658006, -0.7770632938682633384, 2.735416666666667052 ) ) ;
#125 = CARTESIAN_POINT ( 'NONE',  ( -0.6785254037844379305, 1.175240473580834388, -3.170833333333332060 ) ) ;
#126 = CARTESIAN_POINT ( 'NONE',  ( 3.740226349862366751E-16, 1.527063293868263782, 1.584374999999999423 ) ) ;
#127 = CARTESIAN_POINT ( 'NONE',  ( -1.017788105676657118, 0.5876202367904173052, -0.06666666666666583307 ) ) ;
#128 = ORIENTED_EDGE ( 'NONE', *, *, #1784, .T. ) ;
#129 = CARTESIAN_POINT ( 'NONE',  ( 0.8871019775749170444, -0.7859683907434840133, -3.874759526419166544 ) ) ;
#130 = EDGE_CURVE ( 'NONE', #2460, #1790, #2640, .T. ) ;
#131 = CARTESIAN_POINT ( 'NONE',  ( 1.499999999999999556, 1.307299934473018605E-15, 0.9749999999999998668 ) ) ;
#132 = CARTESIAN_POINT ( 'NONE',  ( -1.357050807568875861, 8.309539638847774027E-17, 2.412500000000000977 ) ) ;
#133 = CARTESIAN_POINT ( 'NONE',  ( 0.7256058228046302627, 1.027735826166185085, -3.803120437995176850 ) ) ;
#134 =( BOUNDED_CURVE ( )  B_SPLINE_CURVE ( 2, ( #245, #1957, #1442, #2446, #2942, #1013, #2501, #230, #2672 ),
 .UNSPECIFIED., .F., .F. ) 
 B_SPLINE_CURVE_WITH_KNOTS ( ( 3, 2, 2, 2, 3 ),
 ( 0.6964285714285713969, 0.7023809523809523281, 0.7142857142857143016, 0.7261904761904761640, 0.7321428571428572063 ),
 .UNSPECIFIED. ) 
 CURVE ( )  GEOMETRIC_REPRESENTATION_ITEM ( )  RATIONAL_B_SPLINE_CURVE ( ( 0.9330127018922192983, 0.9330127018922192983, 1.000000000000000000, 0.8660254037844385966, 1.000000000000000000, 0.8660254037844385966, 1.000000000000000000, 0.9330127018922187432, 0.9330127018922192983 ) ) 
 REPRESENTATION_ITEM ( '' )  );
#135 = ORIENTED_EDGE ( 'NONE', *, *, #50, .F. ) ;
#136 = DIRECTION ( 'NONE',  ( 1.000000000000000000, 0.000000000000000000, 0.000000000000000000 ) ) ;
#137 = ADVANCED_FACE ( 'NONE', ( #2714 ), #672, .T. ) ;
#138 = CARTESIAN_POINT ( 'NONE',  ( 1.499999999999999778, 1.307299934473018605E-15, 1.912500000000000755 ) ) ;
#139 = CARTESIAN_POINT ( 'NONE',  ( -0.8972754037844382635, 1.554126587736527343, -3.389583333333332060 ) ) ;
#140 = FACE_OUTER_BOUND ( 'NONE', #2741, .T. ) ;
#141 = CARTESIAN_POINT ( 'NONE',  ( -1.439254484199188393E-16, -1.175240473580834388, -2.462499999999999023 ) ) ;
#142 = CARTESIAN_POINT ( 'NONE',  ( 1.430908802125417045, -0.4500000000000016209, -3.550000000000000711 ) ) ;
#143 = CARTESIAN_POINT ( 'NONE',  ( -0.8660254037844382635, 1.499999999999999778, -2.420833333333332504 ) ) ;
#144 = CARTESIAN_POINT ( 'NONE',  ( -1.322475605676658006, 0.7635316469341321133, 0.6677083333333329040 ) ) ;
#145 = CARTESIAN_POINT ( 'NONE',  ( 0.6785254037844375974, -1.175240473580834610, -1.858333333333332060 ) ) ;
#146 = ORIENTED_EDGE ( 'NONE', *, *, #2682, .T. ) ;
#147 = CARTESIAN_POINT ( 'NONE',  ( 1.051225365478629659, -0.5254668416911060236, -3.874759526419165212 ) ) ;
#148 = CARTESIAN_POINT ( 'NONE',  ( 1.299038105676657340, -0.7500000000000003331, -0.1291666666666658747 ) ) ;
#149 = CARTESIAN_POINT ( 'NONE',  ( 0.8660254037844390407, 1.499999999999998668, 1.558333333333332904 ) ) ;
#150 = CARTESIAN_POINT ( 'NONE',  ( -2.984962311319925732, 0.3000000000002107647, 3.205662450564370936 ) ) ;
#151 = EDGE_CURVE ( 'NONE', #3283, #1139, #1168, .T. ) ;
#152 = ORIENTED_EDGE ( 'NONE', *, *, #1217, .F. ) ;
#153 = APPROVAL_ROLE ( '' ) ;
#154 =( BOUNDED_CURVE ( )  B_SPLINE_CURVE ( 2, ( #2857, #876, #1071, #575, #891, #2348, #1593, #3112, #2087 ),
 .UNSPECIFIED., .F., .F. ) 
 B_SPLINE_CURVE_WITH_KNOTS ( ( 3, 2, 2, 2, 3 ),
 ( 0.8392857142857143016, 0.8452380952380952328, 0.8571428571428570953, 0.8690476190476190688, 0.8750000000000000000 ),
 .UNSPECIFIED. ) 
 CURVE ( )  GEOMETRIC_REPRESENTATION_ITEM ( )  RATIONAL_B_SPLINE_CURVE ( ( 0.9330127018922194093, 0.9330127018922194093, 1.000000000000000000, 0.8660254037844388186, 1.000000000000000000, 0.8660254037844388186, 1.000000000000000000, 0.9330127018922194093, 0.9330127018922194093 ) ) 
 REPRESENTATION_ITEM ( '' )  );
#155 = VECTOR ( 'NONE', #1626, 1000.000000000000000 ) ;
#156 = DIRECTION ( 'NONE',  ( 0.000000000000000000, 0.000000000000000000, -1.000000000000000000 ) ) ;
#157 = ADVANCED_FACE ( 'NONE', ( #1151 ), #3140, .F. ) ;
#158 = CARTESIAN_POINT ( 'NONE',  ( 3.806512302282672647E-16, 1.554126587736527343, -2.931249999999999023 ) ) ;
#159 = FACE_OUTER_BOUND ( 'NONE', #2373, .T. ) ;
#160 = FACE_OUTER_BOUND ( 'NONE', #2680, .T. ) ;
#161 = DIRECTION ( 'NONE',  ( 0.000000000000000000, 0.000000000000000000, -1.000000000000000000 ) ) ;
#162 = CARTESIAN_POINT ( 'NONE',  ( -1.322475605676658006, 0.7635316469341321133, -0.3322916666666673735 ) ) ;
#163 = CARTESIAN_POINT ( 'NONE',  ( -1.017788105676657118, -0.5876202367904169721, -2.983333333333332060 ) ) ;
#164 = EDGE_LOOP ( 'NONE', ( #1884, #1475, #690, #951 ) ) ;
#165 = CARTESIAN_POINT ( 'NONE',  ( 2.985517028547372220, 0.2944367259785661828, 3.183897002929509501 ) ) ;
#166 = CARTESIAN_POINT ( 'NONE',  ( 1.357050807568876083, -2.492861891654331838E-16, 0.6625000000000009770 ) ) ;
#167 = CARTESIAN_POINT ( 'NONE',  ( 1.017788105676657562, 0.5876202367904164170, -0.7958333333333323933 ) ) ;
#168 = CARTESIAN_POINT ( 'NONE',  ( -2.985103776145125121, 0.2985890916361753633, 3.197064840888188986 ) ) ;
#169 = ORIENTED_EDGE ( 'NONE', *, *, #1109, .T. ) ;
#170 = CARTESIAN_POINT ( 'NONE',  ( 1.299038105676657562, -0.7500000000000004441, 0.4333333333333332371 ) ) ;
#171 = CARTESIAN_POINT ( 'NONE',  ( -1.017788105676657118, -0.5876202367904169721, -0.4833333333333321713 ) ) ;
#172 =( BOUNDED_CURVE ( )  B_SPLINE_CURVE ( 2, ( #2378, #2137, #119, #390, #1141, #2153, #2656, #754, #3282 ),
 .UNSPECIFIED., .F., .F. ) 
 B_SPLINE_CURVE_WITH_KNOTS ( ( 3, 2, 2, 2, 3 ),
 ( 0.5178571428571427937, 0.5238095238095238360, 0.5357142857142856984, 0.5476190476190476719, 0.5535714285714286031 ),
 .UNSPECIFIED. ) 
 CURVE ( )  GEOMETRIC_REPRESENTATION_ITEM ( )  RATIONAL_B_SPLINE_CURVE ( ( 0.9330127018922194093, 0.9330127018922187432, 1.000000000000000000, 0.8660254037844388186, 1.000000000000000000, 0.8660254037844388186, 1.000000000000000000, 0.9330127018922194093, 0.9330127018922194093 ) ) 
 REPRESENTATION_ITEM ( '' )  );
#173 = EDGE_CURVE ( 'NONE', #552, #1654, #2626, .T. ) ;
#174 = CARTESIAN_POINT ( 'NONE',  ( -1.299038105676657784, -0.7499999999999995559, 1.266666666666666607 ) ) ;
#175 = VECTOR ( 'NONE', #997, 1000.000000000000000 ) ;
#176 = CARTESIAN_POINT ( 'NONE',  ( 3.806512302282672647E-16, 1.554126587736527343, 1.568750000000000755 ) ) ;
#177 = AXIS2_PLACEMENT_3D ( 'NONE', #1496, #1996, #2968 ) ;
#178 = CARTESIAN_POINT ( 'NONE',  ( 2.878508968398376785E-16, 1.175240473580834388, 0.8500000000000009770 ) ) ;
#179 = CARTESIAN_POINT ( 'NONE',  ( 1.357050807568875861, -2.492861891654331838E-16, -3.774999999999998579 ) ) ;
#180 = CARTESIAN_POINT ( 'NONE',  ( 0.8660254037844377084, -1.499999999999999556, -0.1083333333333336007 ) ) ;
#181 = DIRECTION ( 'NONE',  ( -0.000000000000000000, -0.000000000000000000, 1.000000000000000000 ) ) ;
#182 = CARTESIAN_POINT ( 'NONE',  ( 1.017788105676656896, -0.5876202367904177493, -0.8791666666666656527 ) ) ;
#183 = CARTESIAN_POINT ( 'NONE',  ( 3.673940397442059375E-16, 1.499999999999999556, -1.900000000000000133 ) ) ;
#184 = ORIENTED_EDGE ( 'NONE', *, *, #1987, .T. ) ;
#185 = ORIENTED_EDGE ( 'NONE', *, *, #2682, .F. ) ;
#186 = CARTESIAN_POINT ( 'NONE',  ( 1.500000000000000222, 1.836970198721030181E-16, 6.342640687119286191 ) ) ;
#187 = CARTESIAN_POINT ( 'NONE',  ( 1.017788105676657562, 0.5876202367904164170, -0.7333333333333323933 ) ) ;
#188 = CARTESIAN_POINT ( 'NONE',  ( -1.836970198721029688E-16, -1.499999999999999556, -2.649999999999999911 ) ) ;
#189 = DIRECTION ( 'NONE',  ( -0.000000000000000000, -0.000000000000000000, 1.000000000000000000 ) ) ;
#190 = CARTESIAN_POINT ( 'NONE',  ( -1.794550807568877193, 1.098845451198261649E-16, 0.6937500000000007550 ) ) ;
#191 = ORIENTED_EDGE ( 'NONE', *, *, #1155, .F. ) ;
#192 = CARTESIAN_POINT ( 'NONE',  ( 1.357050807568876083, -2.492861891654331838E-16, 1.225000000000000977 ) ) ;
#193 = B_SPLINE_CURVE_WITH_KNOTS ( 'NONE', 3,
 ( #368, #873, #3175, #2135, #1439, #2670, #1920, #2376, #2921, #405, #656, #1421, #168, #102, #150, #1185 ),
 .UNSPECIFIED., .F., .F.,
 ( 4, 3, 3, 3, 3, 4 ),
 ( 0.000000000000000000, 2.027794713964061130E-05, 4.055659825294208846E-05, 6.082064997283354783E-05, 8.101128717374845916E-05, 9.391475842884562805E-05 ),
 .UNSPECIFIED. ) ;
#194 = CARTESIAN_POINT ( 'NONE',  ( 0.6785254037844385966, 1.175240473580834166, 2.245833333333334014 ) ) ;
#195 = CARTESIAN_POINT ( 'NONE',  ( -0.8660254037844389297, -1.499999999999999334, 0.2458333333333340698 ) ) ;
#196 = CARTESIAN_POINT ( 'NONE',  ( -1.095096033015354298, -0.6863386739883279297, 1.585102504317035477 ) ) ;
#197 = CARTESIAN_POINT ( 'NONE',  ( 0.6785254037844385966, 1.175240473580834166, -1.254166666666665542 ) ) ;
#198 = CYLINDRICAL_SURFACE ( 'NONE', #712, 1.500000000000000222 ) ;
#199 = ORIENTED_EDGE ( 'NONE', *, *, #1683, .T. ) ;
#200 = ORIENTED_EDGE ( 'NONE', *, *, #2183, .F. ) ;
#201 = CARTESIAN_POINT ( 'NONE',  ( -1.299038105676657562, 0.7500000000000000000, -2.316666666666666874 ) ) ;
#202 = CARTESIAN_POINT ( 'NONE',  ( 0.6785254037844375974, -1.175240473580834610, 0.1416666666666675234 ) ) ;
#203 = CARTESIAN_POINT ( 'NONE',  ( -0.9556102461917790336, -1.079369838922865643, 1.831199866767786011 ) ) ;
#204 = CARTESIAN_POINT ( 'NONE',  ( -1.499999999999999334, 2.324088772396477673E-16, -1.837499999999999023 ) ) ;
#205 = CARTESIAN_POINT ( 'NONE',  ( 3.806512302282672647E-16, 1.554126587736527343, 0.5687500000000006439 ) ) ;
#206 = CARTESIAN_POINT ( 'NONE',  ( -1.357355715852097022, -1.538523526438743883E-11, -3.692644284147901690 ) ) ;
#207 = CARTESIAN_POINT ( 'NONE',  ( -0.6785254037844378194, 1.175240473580834388, 1.829166666666667274 ) ) ;
#208 = CARTESIAN_POINT ( 'NONE',  ( 0.8660254037844380415, -1.500000000000000444, 0.3291666666666672736 ) ) ;
#209 = EDGE_CURVE ( 'NONE', #2228, #816, #3244, .T. ) ;
#210 = CARTESIAN_POINT ( 'NONE',  ( -1.261242695983906703, -0.1772463766683247122, 1.536460218765959507 ) ) ;
#211 = CARTESIAN_POINT ( 'NONE',  ( 0.6785254037844375974, -1.175240473580834610, 0.5791666666666677177 ) ) ;
#212 = CARTESIAN_POINT ( 'NONE',  ( 0.000000000000000000, 0.000000000000000000, 6.342640687119286191 ) ) ;
#213 = ORIENTED_EDGE ( 'NONE', *, *, #744, .T. ) ;
#214 = ORIENTED_EDGE ( 'NONE', *, *, #402, .F. ) ;
#215 = COORDINATED_UNIVERSAL_TIME_OFFSET ( 6, 0, .BEHIND. ) ;
#216 = CARTESIAN_POINT ( 'NONE',  ( 1.299038105676658228, 0.7499999999999986677, -1.045833333333332726 ) ) ;
#217 = CARTESIAN_POINT ( 'NONE',  ( -1.357050807568875861, 8.309539638847774027E-17, -0.02499999999999898137 ) ) ;
#218 = LINE ( 'NONE', #1177, #3249 ) ;
#219 = CARTESIAN_POINT ( 'NONE',  ( -1.345913105676657784, 0.7770632938682638935, 1.652083333333334014 ) ) ;
#220 = EDGE_LOOP ( 'NONE', ( #264, #414, #2957, #2756, #889 ) ) ;
#221 = CARTESIAN_POINT ( 'NONE',  ( -1.017788105676657118, 0.5876202367904173052, -2.066666666666665986 ) ) ;
#222 = AXIS2_PLACEMENT_3D ( 'NONE', #2524, #1278, #1310 ) ;
#223 = CARTESIAN_POINT ( 'NONE',  ( -0.6785254037844383745, -1.175240473580834166, -3.441666666666665542 ) ) ;
#224 = CARTESIAN_POINT ( 'NONE',  ( 0.2046804791260694867, -1.239211499432951502, 1.509075716909557219 ) ) ;
#225 = AXIS2_PLACEMENT_3D ( 'NONE', #2255, #1745, #3031 ) ;
#226 = CARTESIAN_POINT ( 'NONE',  ( -1.251017696411974578, 1.162044386198239330E-16, 1.518750000000001821 ) ) ;
#227 = CARTESIAN_POINT ( 'NONE',  ( -1.017788105676657118, -0.5876202367904169721, -1.045833333333332282 ) ) ;
#228 = CARTESIAN_POINT ( 'NONE',  ( -2.916871979714531715, -0.2999999999999998779, 3.599180990533879854 ) ) ;
#229 = ORIENTED_EDGE ( 'NONE', *, *, #1461, .F. ) ;
#230 = CARTESIAN_POINT ( 'NONE',  ( -1.500000000000001776, 0.4019237886466805465, 1.140170900630740336 ) ) ;
#231 = ORIENTED_EDGE ( 'NONE', *, *, #1342, .F. ) ;
#232 = CARTESIAN_POINT ( 'NONE',  ( 1.467524047358084394, 1.220146605508151000E-15, 1.893750000000001599 ) ) ;
#233 = B_SPLINE_CURVE_WITH_KNOTS ( 'NONE', 3,
 ( #1967, #1999, #1270, #228, #3020, #3252 ),
 .UNSPECIFIED., .F., .F.,
 ( 4, 2, 4 ),
 ( 0.003346852147743673619, 0.003840613415126832748, 0.004334374682509991444 ),
 .UNSPECIFIED. ) ;
#234 = LOCAL_TIME ( 9, 8, 26.00000000000000000, #1188 ) ;
#235 = CARTESIAN_POINT ( 'NONE',  ( -1.357050807568875861, 8.309539638847774027E-17, -1.524999999999999023 ) ) ;
#236 = DIRECTION ( 'NONE',  ( 0.000000000000000000, 0.000000000000000000, -1.000000000000000000 ) ) ;
#237 = CARTESIAN_POINT ( 'NONE',  ( 1.794550807568877193, -3.296536353594784206E-16, -0.05624999999999900913 ) ) ;
#238 = ORIENTED_EDGE ( 'NONE', *, *, #315, .F. ) ;
#239 = CARTESIAN_POINT ( 'NONE',  ( -1.017788105676657118, -0.5876202367904169721, 0.01666666666666786686 ) ) ;
#240 = CARTESIAN_POINT ( 'NONE',  ( -1.017788105676657118, 0.5876202367904173052, 1.370833333333334236 ) ) ;
#241 = CARTESIAN_POINT ( 'NONE',  ( -1.299038105676657784, -0.7499999999999995559, -0.2333333333333333093 ) ) ;
#242 = CARTESIAN_POINT ( 'NONE',  ( -1.439254484199188393E-16, -1.175240473580834388, -1.962499999999998579 ) ) ;
#243 = CARTESIAN_POINT ( 'NONE',  ( -1.017788105676657118, 0.5876202367904173052, -2.629166666666665542 ) ) ;
#244 = CARTESIAN_POINT ( 'NONE',  ( -1.299038105676657562, 0.7500000000000000000, -0.8166666666666665408 ) ) ;
#245 = CARTESIAN_POINT ( 'NONE',  ( 1.499999999999999556, 3.108468733080289270E-15, 0.9125000000000009770 ) ) ;
#246 = ORIENTED_EDGE ( 'NONE', *, *, #377, .T. ) ;
#247 = CARTESIAN_POINT ( 'NONE',  ( -0.8816504037844392627, -1.527063293868263338, -1.207291666666667096 ) ) ;
#248 = CARTESIAN_POINT ( 'NONE',  ( 1.500000000000000222, 1.836970198721030181E-16, 6.342640687119286191 ) ) ;
#249 = CARTESIAN_POINT ( 'NONE',  ( 3.000000000000000000, 0.000000000000000000, 2.100000000000000089 ) ) ;
#250 = CARTESIAN_POINT ( 'NONE',  ( 1.017788105676656896, -0.5876202367904177493, -3.316666666666665098 ) ) ;
#251 = EDGE_CURVE ( 'NONE', #2030, #1062, #1857, .T. ) ;
#252 = CARTESIAN_POINT ( 'NONE',  ( -1.160645126961731721, 0.2386226687206955133, 1.393616239596930262 ) ) ;
#253 = CARTESIAN_POINT ( 'NONE',  ( -1.794550807568877193, 1.098845451198261649E-16, -0.8062499999999992450 ) ) ;
#254 = VERTEX_POINT ( 'NONE', #654 ) ;
#255 = CARTESIAN_POINT ( 'NONE',  ( 2.878508968398376785E-16, 1.175240473580834388, -1.149999999999999023 ) ) ;
#256 =( BOUNDED_CURVE ( )  B_SPLINE_CURVE ( 2, ( #1171, #1919, #1902, #386, #2903, #149, #1153, #1652, #404 ),
 .UNSPECIFIED., .F., .F. ) 
 B_SPLINE_CURVE_WITH_KNOTS ( ( 3, 2, 2, 2, 3 ),
 ( 0.1250000000000000000, 0.1309523809523809590, 0.1428571428571428492, 0.1547619047619047672, 0.1607142857142856984 ),
 .UNSPECIFIED. ) 
 CURVE ( )  GEOMETRIC_REPRESENTATION_ITEM ( )  RATIONAL_B_SPLINE_CURVE ( ( 0.9330127018922194093, 0.9330127018922194093, 1.000000000000000000, 0.8660254037844388186, 1.000000000000000000, 0.8660254037844388186, 1.000000000000000000, 0.9330127018922195203, 0.9330127018922192983 ) ) 
 REPRESENTATION_ITEM ( '' )  );
#257 = CARTESIAN_POINT ( 'NONE',  ( 0.6785254037844375974, -1.175240473580834610, 0.07916666666666749563 ) ) ;
#258 = AXIS2_PLACEMENT_3D ( 'NONE', #2724, #1427, #1924 ) ;
#259 = CARTESIAN_POINT ( 'NONE',  ( -1.299038105676657562, 0.7500000000000000000, -3.379166666666665098 ) ) ;
#260 = CARTESIAN_POINT ( 'NONE',  ( 1.357050807568876083, -2.492861891654331838E-16, -0.8374999999999988010 ) ) ;
#261 = CARTESIAN_POINT ( 'NONE',  ( 1.017788105676656896, -0.5876202367904177493, -2.879166666666665542 ) ) ;
#262 = CARTESIAN_POINT ( 'NONE',  ( -0.6785254037844383745, -1.175240473580834166, 1.558333333333334458 ) ) ;
#263 = CARTESIAN_POINT ( 'NONE',  ( 1.499999999999999556, 6.943215207534478466E-15, -0.5874999999999988010 ) ) ;
#264 = ORIENTED_EDGE ( 'NONE', *, *, #947, .F. ) ;
#265 = CARTESIAN_POINT ( 'NONE',  ( -1.322475605676658228, -0.7635316469341315582, -2.248958333333333837 ) ) ;
#266 = FACE_OUTER_BOUND ( 'NONE', #220, .T. ) ;
#267 = CARTESIAN_POINT ( 'NONE',  ( -0.8816504037844392627, -1.527063293868263338, -3.707291666666666874 ) ) ;
#268 = CARTESIAN_POINT ( 'NONE',  ( 0.6785254037844375974, -1.175240473580834610, -1.858333333333332060 ) ) ;
#269 = CARTESIAN_POINT ( 'NONE',  ( 0.000000000000000000, 0.000000000000000000, 6.342640687119286191 ) ) ;
#270 = CARTESIAN_POINT ( 'NONE',  ( -0.8972754037844390407, -1.554126587736526899, -2.222916666666665542 ) ) ;
#271 = EDGE_CURVE ( 'NONE', #290, #669, #1859, .T. ) ;
#272 = ORIENTED_EDGE ( 'NONE', *, *, #2400, .F. ) ;
#273 = CARTESIAN_POINT ( 'NONE',  ( 1.017788105676656896, -0.5876202367904177493, -0.8166666666666656527 ) ) ;
#274 = CARTESIAN_POINT ( 'NONE',  ( -1.017788105676657118, -0.5876202367904169721, 0.4541666666666676067 ) ) ;
#275 = CARTESIAN_POINT ( 'NONE',  ( -1.131825940072508585, -0.4013767950209918833, 1.427194387671921527 ) ) ;
#276 = ADVANCED_FACE ( 'NONE', ( #335 ), #366, .T. ) ;
#277 =( BOUNDED_CURVE ( )  B_SPLINE_CURVE ( 2, ( #897, #1333, #80, #1615, #2157, #2338, #61, #2914, #649 ),
 .UNSPECIFIED., .F., .F. ) 
 B_SPLINE_CURVE_WITH_KNOTS ( ( 3, 2, 2, 2, 3 ),
 ( 0.3392857142857142461, 0.3452380952380952328, 0.3571428571428571508, 0.3690476190476190688, 0.3750000000000000000 ),
 .UNSPECIFIED. ) 
 CURVE ( )  GEOMETRIC_REPRESENTATION_ITEM ( )  RATIONAL_B_SPLINE_CURVE ( ( 0.9330127018922194093, 0.9330127018922190762, 1.000000000000000000, 0.8660254037844388186, 1.000000000000000000, 0.8660254037844388186, 1.000000000000000000, 0.9330127018922194093, 0.9330127018922194093 ) ) 
 REPRESENTATION_ITEM ( '' )  );
#278 = CARTESIAN_POINT ( 'NONE',  ( -0.6785254037844382635, -1.175240473580834166, -0.004166666666665774094 ) ) ;
#279 = CARTESIAN_POINT ( 'NONE',  ( -1.017788105676657118, 0.5876202367904173052, -2.129166666666665986 ) ) ;
#280 = CARTESIAN_POINT ( 'NONE',  ( 2.878508968398376785E-16, 1.175240473580834388, 0.3500000000000009215 ) ) ;
#281 = CARTESIAN_POINT ( 'NONE',  ( -1.299038105676657784, -0.7499999999999995559, -1.733333333333333171 ) ) ;
#282 = ORIENTED_EDGE ( 'NONE', *, *, #1784, .F. ) ;
#283 = CARTESIAN_POINT ( 'NONE',  ( 3.740226349862366751E-16, 1.527063293868263782, -3.415625000000000355 ) ) ;
#284 = CARTESIAN_POINT ( 'NONE',  ( 0.000000000000000000, 0.000000000000000000, 6.342640687119286191 ) ) ;
#285 = CARTESIAN_POINT ( 'NONE',  ( -1.299038105676657784, -0.7499999999999993339, -1.795833333333332282 ) ) ;
#286 = CARTESIAN_POINT ( 'NONE',  ( -1.017788105676657118, 0.5876202367904173052, -3.566666666666665542 ) ) ;
#287 =( GEOMETRIC_REPRESENTATION_CONTEXT ( 3 ) GLOBAL_UNCERTAINTY_ASSIGNED_CONTEXT ( ( #2941 ) ) GLOBAL_UNIT_ASSIGNED_CONTEXT ( ( #1360, #105, #642 ) ) REPRESENTATION_CONTEXT ( 'NONE', 'WORKASPACE' ) );
#288 = FACE_OUTER_BOUND ( 'NONE', #2294, .T. ) ;
#289 = CARTESIAN_POINT ( 'NONE',  ( -1.345913105676658006, -0.7770632938682633384, -0.2645833333333323933 ) ) ;
#290 = VERTEX_POINT ( 'NONE', #886 ) ;
#291 = CARTESIAN_POINT ( 'NONE',  ( 1.357050807568876083, -2.492861891654331838E-16, -1.274999999999998801 ) ) ;
#292 = CARTESIAN_POINT ( 'NONE',  ( -0.6785254037844383745, -1.175240473580834166, 1.495833333333334014 ) ) ;
#293 = CARTESIAN_POINT ( 'NONE',  ( -1.041581470032090007, -0.6268900937328470979, 1.438797574789556277 ) ) ;
#294 = CARTESIAN_POINT ( 'NONE',  ( -1.439254484199188393E-16, -1.175240473580834388, -0.4624999999999989120 ) ) ;
#295 = CARTESIAN_POINT ( 'NONE',  ( 1.322475605676658006, -0.7635316469341325574, 2.417708333333333126 ) ) ;
#296 = CARTESIAN_POINT ( 'NONE',  ( -1.017788105676657118, -0.5876202367904169721, 2.516666666666667496 ) ) ;
#297 = EDGE_CURVE ( 'NONE', #1921, #1222, #3122, .T. ) ;
#298 = CARTESIAN_POINT ( 'NONE',  ( -2.990023591743821818, -0.2444980231992262276, 3.149999999999641975 ) ) ;
#299 = ORIENTED_EDGE ( 'NONE', *, *, #1259, .T. ) ;
#300 = CARTESIAN_POINT ( 'NONE',  ( 0.8816504037844381525, -1.527063293868264449, -1.123958333333334059 ) ) ;
#301 = DIRECTION ( 'NONE',  ( -0.7071067811865466846, 8.659560562354922997E-17, 0.7071067811865483499 ) ) ;
#302 = CARTESIAN_POINT ( 'NONE',  ( 1.299038105676658228, 0.7499999999999987788, -1.483333333333333393 ) ) ;
#303 = CARTESIAN_POINT ( 'NONE',  ( 0.6785254037844385966, 1.175240473580834166, -3.191666666666665986 ) ) ;
#304 = CYLINDRICAL_SURFACE ( 'NONE', #222, 3.000000000000000000 ) ;
#305 = CARTESIAN_POINT ( 'NONE',  ( -0.8972754037844390407, -1.554126587736526899, -1.722916666666666208 ) ) ;
#306 = CARTESIAN_POINT ( 'NONE',  ( -1.017788105676657118, -0.5876202367904169721, -2.483333333333332504 ) ) ;
#307 = CARTESIAN_POINT ( 'NONE',  ( 1.017788105676657562, 0.5876202367904164170, -0.7958333333333323933 ) ) ;
#308 = CARTESIAN_POINT ( 'NONE',  ( -1.499999999999999556, -0.4019237886466836551, -1.315170900630738826 ) ) ;
#309 = CARTESIAN_POINT ( 'NONE',  ( -0.6785254037844382635, -1.175240473580834166, -2.504166666666665542 ) ) ;
#310 = CARTESIAN_POINT ( 'NONE',  ( -1.439254484199188393E-16, -1.175240473580834388, -2.462499999999999023 ) ) ;
#311 = VECTOR ( 'NONE', #1876, 1000.000000000000000 ) ;
#312 = CARTESIAN_POINT ( 'NONE',  ( 2.878508968398376785E-16, 1.175240473580834388, 1.850000000000000977 ) ) ;
#313 = DIRECTION ( 'NONE',  ( 0.000000000000000000, 0.000000000000000000, -1.000000000000000000 ) ) ;
#314 = VERTEX_POINT ( 'NONE', #3124 ) ;
#315 = EDGE_CURVE ( 'NONE', #314, #369, #1394, .T. ) ;
#316 = CARTESIAN_POINT ( 'NONE',  ( 1.322475605676658672, 0.7635316469341310031, -2.498958333333333837 ) ) ;
#317 = CARTESIAN_POINT ( 'NONE',  ( 0.000000000000000000, 0.000000000000000000, 3.149999999999999911 ) ) ;
#318 = DIRECTION ( 'NONE',  ( -1.000000000000000000, 0.000000000000000000, 0.000000000000000000 ) ) ;
#319 = B_SPLINE_CURVE_WITH_KNOTS ( 'NONE', 3,
 ( #2395, #1365, #1143, #560, #1577, #829, #577, #1596 ),
 .UNSPECIFIED., .F., .F.,
 ( 4, 2, 2, 4 ),
 ( 0.000000000000000000, 0.0003332761764001442462, 0.0006665523528002884925, 0.001333104705600576768 ),
 .UNSPECIFIED. ) ;
#320 = CARTESIAN_POINT ( 'NONE',  ( 0.000000000000000000, 0.000000000000000000, 6.342640687119286191 ) ) ;
#321 = DIRECTION ( 'NONE',  ( 0.000000000000000000, 0.000000000000000000, 1.000000000000000000 ) ) ;
#322 = CLOSED_SHELL ( 'NONE', ( #1719, #807, #73, #908, #851, #1803, #524, #2328, #2805, #3091, #1584, #2703, #2349, #1484, #1889, #2847, #1604, #1823, #2131, #137, #540, #2245, #580, #32, #1048, #276, #870, #1947, #625, #1820, #1759, #2825, #2745, #2504, #2522, #1129, #2869, #157, #2909, #1927, #2466, #2723, #1640, #1196, #3232, #3134, #562 ) ) ;
#323 = CARTESIAN_POINT ( 'NONE',  ( -0.7174387945453499782, 1.167506861531187878, 1.720473749626908022 ) ) ;
#324 = CARTESIAN_POINT ( 'NONE',  ( 1.794550807568877193, -3.296536353594784206E-16, -1.056249999999999023 ) ) ;
#325 = LINE ( 'NONE', #2351, #2171 ) ;
#326 = CARTESIAN_POINT ( 'NONE',  ( -0.6785254037844378194, 1.175240473580834388, -1.170833333333332282 ) ) ;
#327 = CARTESIAN_POINT ( 'NONE',  ( -1.499999999999999334, -3.486133158594716806E-15, 0.1625000000000009770 ) ) ;
#328 =( BOUNDED_CURVE ( )  B_SPLINE_CURVE ( 2, ( #2778, #2024, #1728, #195, #2746, #208, #514, #2271, #1201 ),
 .UNSPECIFIED., .F., .F. ) 
 B_SPLINE_CURVE_WITH_KNOTS ( ( 3, 2, 2, 2, 3 ),
 ( 0.5892857142857143016, 0.5952380952380952328, 0.6071428571428572063, 0.6190476190476190688, 0.6250000000000000000 ),
 .UNSPECIFIED. ) 
 CURVE ( )  GEOMETRIC_REPRESENTATION_ITEM ( )  RATIONAL_B_SPLINE_CURVE ( ( 0.9330127018922192983, 0.9330127018922198534, 1.000000000000000000, 0.8660254037844385966, 1.000000000000000000, 0.8660254037844385966, 1.000000000000000000, 0.9330127018922192983, 0.9330127018922192983 ) ) 
 REPRESENTATION_ITEM ( '' )  );
#329 = CARTESIAN_POINT ( 'NONE',  ( 0.000000000000000000, 0.000000000000000000, 6.342640687119286191 ) ) ;
#330 = CARTESIAN_POINT ( 'NONE',  ( 1.322475605676658006, -0.7635316469341325574, 0.9177083333333329040 ) ) ;
#331 = CARTESIAN_POINT ( 'NONE',  ( -0.6785254037844378194, 1.175240473580834388, 1.391666666666667940 ) ) ;
#332 = CARTESIAN_POINT ( 'NONE',  ( 2.968435312328687736, -0.2999999999999998779, 3.435236215084909173 ) ) ;
#333 = CC_DESIGN_DATE_AND_TIME_ASSIGNMENT ( #623, #89, ( #2863 ) ) ;
#334 = ORIENTED_EDGE ( 'NONE', *, *, #1259, .F. ) ;
#335 = FACE_OUTER_BOUND ( 'NONE', #2686, .T. ) ;
#336 = CARTESIAN_POINT ( 'NONE',  ( 0.1705718726689143538, -1.441909197913563201, -3.607958768962414187 ) ) ;
#337 = CARTESIAN_POINT ( 'NONE',  ( -1.180085041697836568, 0.6398362333639916466, -3.717993864409400828 ) ) ;
#338 = CIRCLE ( 'NONE', #1406, 1.500000000000000000 ) ;
#339 = PERSON_AND_ORGANIZATION ( #3018, #2721 ) ;
#340 = AXIS2_PLACEMENT_3D ( 'NONE', #2614, #2372, #98 ) ;
#341 = CARTESIAN_POINT ( 'NONE',  ( 1.267285703350269133, 0.3544254475012728056, 1.610761862406967504 ) ) ;
#342 = CARTESIAN_POINT ( 'NONE',  ( 0.8972754037844380415, -1.554126587736527787, -3.139583333333332504 ) ) ;
#343 = CARTESIAN_POINT ( 'NONE',  ( 0.8660254037844377084, -1.499999999999999556, -2.608333333333332948 ) ) ;
#344 = CARTESIAN_POINT ( 'NONE',  ( 0.6785254037844385966, 1.175240473580834166, -2.754166666666665986 ) ) ;
#345 = LOCAL_TIME ( 9, 8, 26.00000000000000000, #1855 ) ;
#346 = CARTESIAN_POINT ( 'NONE',  ( 1.794550807568877193, -3.296536353594784206E-16, 2.443750000000000533 ) ) ;
#347 = CARTESIAN_POINT ( 'NONE',  ( 1.017788105676656896, -0.5876202367904177493, -2.879166666666665542 ) ) ;
#348 = CARTESIAN_POINT ( 'NONE',  ( 1.763300807568877193, -3.239131034884752599E-16, 1.959374999999999423 ) ) ;
#349 = CARTESIAN_POINT ( 'NONE',  ( -1.357050807568875861, 8.309539638847774027E-17, -2.524999999999999467 ) ) ;
#350 = CARTESIAN_POINT ( 'NONE',  ( 1.499999999999999778, 0.4019237886466831555, 0.4348290993692610074 ) ) ;
#351 = VERTEX_POINT ( 'NONE', #871 ) ;
#352 = CARTESIAN_POINT ( 'NONE',  ( 0.000000000000000000, 0.000000000000000000, 1.950000000000000400 ) ) ;
#353 = DIRECTION ( 'NONE',  ( -0.000000000000000000, -0.000000000000000000, 1.000000000000000000 ) ) ;
#354 = CARTESIAN_POINT ( 'NONE',  ( 1.299038105676658228, 0.7499999999999987788, -2.983333333333332948 ) ) ;
#355 = CARTESIAN_POINT ( 'NONE',  ( 0.8660254037844392627, 1.499999999999999334, -1.504166666666665764 ) ) ;
#356 = CARTESIAN_POINT ( 'NONE',  ( 1.299038105676657562, -0.7500000000000004441, -2.066666666666666874 ) ) ;
#357 = CARTESIAN_POINT ( 'NONE',  ( -1.017788105676657118, -0.5876202367904169721, 2.016666666666667496 ) ) ;
#358 = EDGE_CURVE ( 'NONE', #2301, #3043, #2070, .T. ) ;
#359 = CARTESIAN_POINT ( 'NONE',  ( -1.439254484199188393E-16, -1.175240473580834388, -3.399999999999999023 ) ) ;
#360 = CARTESIAN_POINT ( 'NONE',  ( -0.6785254037844383745, -1.175240473580834166, -3.504166666666665098 ) ) ;
#361 = CARTESIAN_POINT ( 'NONE',  ( -0.9987579465666667211, 0.6385026096052288658, 1.387499999999999734 ) ) ;
#362 = CARTESIAN_POINT ( 'NONE',  ( 1.357050807568876083, -2.492861891654331838E-16, -2.837499999999999023 ) ) ;
#363 = CARTESIAN_POINT ( 'NONE',  ( 1.763300807568877193, -3.239131034884752599E-16, -0.04062500000000029976 ) ) ;
#364 = CARTESIAN_POINT ( 'NONE',  ( 0.6785254037844375974, -1.175240473580834610, -2.358333333333332060 ) ) ;
#365 = ORIENTED_EDGE ( 'NONE', *, *, #3160, .T. ) ;
#366 = CYLINDRICAL_SURFACE ( 'NONE', #1385, 3.000000000000000000 ) ;
#367 = CARTESIAN_POINT ( 'NONE',  ( 1.017788105676656896, -0.5876202367904177493, 2.120833333333334458 ) ) ;
#368 = CARTESIAN_POINT ( 'NONE',  ( -2.990384590650506880, 0.2400000000000002409, 3.149999999999999911 ) ) ;
#369 = VERTEX_POINT ( 'NONE', #3107 ) ;
#370 = B_SPLINE_CURVE_WITH_KNOTS ( 'NONE', 3,
 ( #2832, #1551, #2326, #1831, #2079, #534, #3066, #2342, #1534, #2551, #801, #585, #1814, #2816, #298, #3084 ),
 .UNSPECIFIED., .F., .F.,
 ( 4, 3, 3, 3, 3, 4 ),
 ( 0.000000000000000000, 2.007525980926775483E-05, 4.014734060424963210E-05, 6.026939233389665487E-05, 8.048367676054388100E-05, 9.391465792548047635E-05 ),
 .UNSPECIFIED. ) ;
#371 = APPROVAL_STATUS ( 'not_yet_approved' ) ;
#372 = CARTESIAN_POINT ( 'NONE',  ( -0.3912556596545849752, 1.303570190793062133, 1.704355291657659421 ) ) ;
#373 = APPROVAL ( #371, 'UNSPECIFIED' ) ;
#374 = CARTESIAN_POINT ( 'NONE',  ( -0.6785254037844378194, 1.175240473580834388, 2.391666666666667940 ) ) ;
#375 = CARTESIAN_POINT ( 'NONE',  ( 1.357050807568876083, -2.492861891654331838E-16, -2.274999999999999023 ) ) ;
#376 = CARTESIAN_POINT ( 'NONE',  ( -0.6785254037844378194, 1.175240473580834388, -2.170833333333332060 ) ) ;
#377 = EDGE_CURVE ( 'NONE', #2212, #2198, #836, .T. ) ;
#378 = CARTESIAN_POINT ( 'NONE',  ( -0.8972754037844390407, -1.554126587736526899, 2.777083333333334014 ) ) ;
#379 = DIRECTION ( 'NONE',  ( 0.7071067811865466846, 0.000000000000000000, 0.7071067811865483499 ) ) ;
#380 = CARTESIAN_POINT ( 'NONE',  ( -0.8816504037844392627, -1.527063293868263338, 1.792708333333332682 ) ) ;
#381 = CARTESIAN_POINT ( 'NONE',  ( -1.439254484199188393E-16, -1.175240473580834388, 0.1000000000000011297 ) ) ;
#382 = EDGE_CURVE ( 'NONE', #254, #2160, #1643, .T. ) ;
#383 = ORIENTED_EDGE ( 'NONE', *, *, #1276, .F. ) ;
#384 = FACE_OUTER_BOUND ( 'NONE', #1223, .T. ) ;
#385 = CARTESIAN_POINT ( 'NONE',  ( 3.673940397442059375E-16, 1.499999999999999556, 0.5999999999999997558 ) ) ;
#386 = CARTESIAN_POINT ( 'NONE',  ( -0.8660254037844380415, 1.499999999999999334, 1.641666666666666163 ) ) ;
#387 = CARTESIAN_POINT ( 'NONE',  ( 1.206204108564883803, 0.1666078499707520366, -3.843795891435116907 ) ) ;
#388 = PERSON_AND_ORGANIZATION ( #3018, #2721 ) ;
#389 =( BOUNDED_CURVE ( )  B_SPLINE_CURVE ( 2, ( #1214, #714, #1179, #1413, #1430, #960, #2966, #1945, #1467 ),
 .UNSPECIFIED., .F., .F. ) 
 B_SPLINE_CURVE_WITH_KNOTS ( ( 3, 2, 2, 2, 3 ),
 ( 0.2321428571428571230, 0.2380952380952380820, 0.2500000000000000000, 0.2619047619047619180, 0.2678571428571428492 ),
 .UNSPECIFIED. ) 
 CURVE ( )  GEOMETRIC_REPRESENTATION_ITEM ( )  RATIONAL_B_SPLINE_CURVE ( ( 0.9330127018922192983, 0.9330127018922191873, 1.000000000000000000, 0.8660254037844388186, 1.000000000000000000, 0.8660254037844388186, 1.000000000000000000, 0.9330127018922197424, 0.9330127018922194093 ) ) 
 REPRESENTATION_ITEM ( '' )  );
#390 = CARTESIAN_POINT ( 'NONE',  ( 0.8660254037844377084, -1.499999999999999556, -1.108333333333333615 ) ) ;
#391 = AXIS2_PLACEMENT_3D ( 'NONE', #3226, #189, #1244 ) ;
#392 = CARTESIAN_POINT ( 'NONE',  ( -0.8972754037844382635, 1.554126587736527343, -3.889583333333332504 ) ) ;
#393 = CARTESIAN_POINT ( 'NONE',  ( 2.984962311319860007, 0.3000000000000001554, 3.899999999999999911 ) ) ;
#394 = DIRECTION ( 'NONE',  ( -0.000000000000000000, -0.000000000000000000, 1.000000000000000000 ) ) ;
#395 = CARTESIAN_POINT ( 'NONE',  ( -0.6785254037844383745, -1.175240473580834166, -1.004166666666665764 ) ) ;
#396 = CARTESIAN_POINT ( 'NONE',  ( 1.299038105676658228, 0.7499999999999986677, 1.454166666666667274 ) ) ;
#397 = CARTESIAN_POINT ( 'NONE',  ( 1.357050807568876083, -2.492861891654331838E-16, 0.7250000000000010880 ) ) ;
#398 = CARTESIAN_POINT ( 'NONE',  ( -1.763300807568877193, 1.079710344961584282E-16, 1.209374999999999423 ) ) ;
#399 = CARTESIAN_POINT ( 'NONE',  ( 0.6785254037844385966, 1.175240473580834166, -0.1916666666666655139 ) ) ;
#400 = ORIENTED_EDGE ( 'NONE', *, *, #1664, .F. ) ;
#401 = CARTESIAN_POINT ( 'NONE',  ( -2.984962311319872885, 0.3000000000000002665, 3.270000000000001794 ) ) ;
#402 = EDGE_CURVE ( 'NONE', #1215, #2243, #40, .T. ) ;
#403 = CARTESIAN_POINT ( 'NONE',  ( -1.299038105676657562, 0.7500000000000000000, 0.6833333333333332371 ) ) ;
#404 = CARTESIAN_POINT ( 'NONE',  ( 1.499999999999999556, 1.307299934473018605E-15, 1.474999999999999645 ) ) ;
#405 = CARTESIAN_POINT ( 'NONE',  ( -2.985854209961086525, 0.2909890665603384607, 3.178375403697353274 ) ) ;
#406 = CARTESIAN_POINT ( 'NONE',  ( 1.500000000000000000, -0.4019237886466826559, 0.4526709006307397254 ) ) ;
#407 = CARTESIAN_POINT ( 'NONE',  ( 1.017788105676657562, 0.5876202367904164170, 2.266666666666667496 ) ) ;
#408 = DIRECTION ( 'NONE',  ( 0.7071067811865466846, 0.000000000000000000, 0.7071067811865483499 ) ) ;
#409 = CARTESIAN_POINT ( 'NONE',  ( 1.299038105676658228, 0.7499999999999986677, -2.045833333333332504 ) ) ;
#410 = CARTESIAN_POINT ( 'NONE',  ( 0.8972754037844394848, 1.554126587736526899, 2.527083333333333570 ) ) ;
#411 = DIRECTION ( 'NONE',  ( -1.000000000000000000, 0.000000000000000000, 0.000000000000000000 ) ) ;
#412 = CARTESIAN_POINT ( 'NONE',  ( -1.322475605676658228, -0.7635316469341315582, -0.7489583333333337256 ) ) ;
#413 = CARTESIAN_POINT ( 'NONE',  ( 1.017788105676656896, -0.5876202367904177493, -2.316666666666665098 ) ) ;
#414 = ORIENTED_EDGE ( 'NONE', *, *, #114, .T. ) ;
#415 = DIRECTION ( 'NONE',  ( -1.000000000000000000, 0.000000000000000000, 0.000000000000000000 ) ) ;
#416 = CARTESIAN_POINT ( 'NONE',  ( -0.6785254037844379305, 1.175240473580834388, 0.8291666666666677177 ) ) ;
#417 = CARTESIAN_POINT ( 'NONE',  ( -1.357050807568875861, 8.309539638847774027E-17, 0.4125000000000009215 ) ) ;
#418 = CARTESIAN_POINT ( 'NONE',  ( 3.673940397442059375E-16, 1.499999999999999556, -2.900000000000000799 ) ) ;
#419 = ORIENTED_EDGE ( 'NONE', *, *, #726, .F. ) ;
#420 = ORIENTED_EDGE ( 'NONE', *, *, #2152, .T. ) ;
#421 = EDGE_CURVE ( 'NONE', #1756, #1139, #557, .T. ) ;
#422 = CIRCLE ( 'NONE', #3127, 1.500000000000000222 ) ;
#423 = CARTESIAN_POINT ( 'NONE',  ( -0.6785254037844383745, -1.175240473580834166, 1.058333333333334236 ) ) ;
#424 = CARTESIAN_POINT ( 'NONE',  ( -1.499999999999997113, -0.4019237886466872078, -2.752670900630739048 ) ) ;
#425 = LINE ( 'NONE', #1428, #15 ) ;
#426 = CARTESIAN_POINT ( 'NONE',  ( 0.8972754037844394848, 1.554126587736526899, 2.027083333333334014 ) ) ;
#427 = ORIENTED_EDGE ( 'NONE', *, *, #358, .T. ) ;
#428 = CARTESIAN_POINT ( 'NONE',  ( 0.6785254037844375974, -1.175240473580834610, 1.141666666666667496 ) ) ;
#429 = CARTESIAN_POINT ( 'NONE',  ( 0.6785254037844375974, -1.175240473580834610, -2.858333333333332504 ) ) ;
#430 = CARTESIAN_POINT ( 'NONE',  ( 2.989278354223632306, 0.2534066316615517511, 3.151516991976374360 ) ) ;
#431 = CARTESIAN_POINT ( 'NONE',  ( -0.09476763361398805874, -1.354487477870013556, 1.698683735589036292 ) ) ;
#432 = CARTESIAN_POINT ( 'NONE',  ( 1.357050807568875861, -2.492861891654331838E-16, -0.8374999999999988010 ) ) ;
#433 = CARTESIAN_POINT ( 'NONE',  ( 1.499999999999999334, -0.4019237886466844323, -2.609829099369258998 ) ) ;
#434 = VERTEX_POINT ( 'NONE', #3250 ) ;
#435 = VERTEX_POINT ( 'NONE', #735 ) ;
#436 = EDGE_CURVE ( 'NONE', #1116, #1783, #2471, .T. ) ;
#437 = CARTESIAN_POINT ( 'NONE',  ( 1.499999999999998668, 0.4019237886466849319, -0.5026709006307397143 ) ) ;
#438 = CARTESIAN_POINT ( 'NONE',  ( -1.017788105676657118, -0.5876202367904169721, 1.016666666666667718 ) ) ;
#439 = CARTESIAN_POINT ( 'NONE',  ( 1.299038105676657340, -0.7500000000000003331, 1.370833333333334236 ) ) ;
#440 = CARTESIAN_POINT ( 'NONE',  ( 0.000000000000000000, 0.000000000000000000, 3.899999999999999911 ) ) ;
#441 = CIRCLE ( 'NONE', #1562, 2.369999999999999662 ) ;
#442 = CARTESIAN_POINT ( 'NONE',  ( 3.806512302282672647E-16, 1.554126587736527343, 0.06875000000000067168 ) ) ;
#443 = AXIS2_PLACEMENT_3D ( 'NONE', #320, #1403, #415 ) ;
#444 = VERTEX_POINT ( 'NONE', #2713 ) ;
#445 = CARTESIAN_POINT ( 'NONE',  ( -1.357050807568876083, 8.309539638847774027E-17, 0.4750000000000011435 ) ) ;
#446 = ORIENTED_EDGE ( 'NONE', *, *, #1338, .F. ) ;
#447 = CARTESIAN_POINT ( 'NONE',  ( -1.017788105676657118, -0.5876202367904169721, 2.454166666666667496 ) ) ;
#448 = CARTESIAN_POINT ( 'NONE',  ( 0.8039135977619485951, -0.9889269533402496037, 1.541252567716046684 ) ) ;
#449 = CARTESIAN_POINT ( 'NONE',  ( -0.004492414238213966043, -1.361908096807765478, 1.705781132416742008 ) ) ;
#450 = AXIS2_PLACEMENT_3D ( 'NONE', #2856, #1376, #136 ) ;
#451 = CARTESIAN_POINT ( 'NONE',  ( 0.000000000000000000, 0.000000000000000000, 6.342640687119286191 ) ) ;
#452 = CARTESIAN_POINT ( 'NONE',  ( -1.017788105676657118, 0.5876202367904173052, -0.6291666666666654306 ) ) ;
#453 = FACE_OUTER_BOUND ( 'NONE', #164, .T. ) ;
#454 = EDGE_LOOP ( 'NONE', ( #2252, #2552 ) ) ;
#455 = ORIENTED_EDGE ( 'NONE', *, *, #2445, .F. ) ;
#456 = DATE_AND_TIME ( #2214, #1779 ) ;
#457 = CARTESIAN_POINT ( 'NONE',  ( 1.499999999999999778, 0.4019237886466831555, -1.065170900630738826 ) ) ;
#458 =( BOUNDED_CURVE ( )  B_SPLINE_CURVE ( 2, ( #868, #350, #1371, #1115, #3138, #1883, #599, #1618, #473 ),
 .UNSPECIFIED., .F., .F. ) 
 B_SPLINE_CURVE_WITH_KNOTS ( ( 3, 2, 2, 2, 3 ),
 ( 0.6250000000000000000, 0.6309523809523809312, 0.6428571428571427937, 0.6547619047619047672, 0.6607142857142858094 ),
 .UNSPECIFIED. ) 
 CURVE ( )  GEOMETRIC_REPRESENTATION_ITEM ( )  RATIONAL_B_SPLINE_CURVE ( ( 0.9330127018922192983, 0.9330127018922192983, 1.000000000000000000, 0.8660254037844385966, 1.000000000000000000, 0.8660254037844385966, 1.000000000000000000, 0.9330127018922187432, 0.9330127018922192983 ) ) 
 REPRESENTATION_ITEM ( '' )  );
#459 = CARTESIAN_POINT ( 'NONE',  ( -1.357050807568875861, 8.309539638847774027E-17, -1.024999999999999023 ) ) ;
#460 = CARTESIAN_POINT ( 'NONE',  ( 0.000000000000000000, 0.000000000000000000, 1.950000000000000400 ) ) ;
#461 = CARTESIAN_POINT ( 'NONE',  ( 0.8660254037844377084, -1.499999999999999556, 1.391666666666666163 ) ) ;
#462 = CARTESIAN_POINT ( 'NONE',  ( 1.345913105676658450, 0.7770632938682625612, 1.985416666666667496 ) ) ;
#463 = EDGE_CURVE ( 'NONE', #478, #816, #2422, .T. ) ;
#464 = ORIENTED_EDGE ( 'NONE', *, *, #3115, .T. ) ;
#465 = CARTESIAN_POINT ( 'NONE',  ( -1.017788105676657118, -0.5876202367904169721, 1.016666666666667718 ) ) ;
#466 = CARTESIAN_POINT ( 'NONE',  ( 2.878508968398376785E-16, 1.175240473580834388, 2.287500000000000977 ) ) ;
#467 = DIRECTION ( 'NONE',  ( 0.000000000000000000, 0.000000000000000000, -1.000000000000000000 ) ) ;
#468 = CARTESIAN_POINT ( 'NONE',  ( -0.9976564487250514368, -0.8357467792820935104, 1.600828431266782204 ) ) ;
#469 = CARTESIAN_POINT ( 'NONE',  ( -1.439254484199188393E-16, -1.175240473580834388, -1.462499999999999023 ) ) ;
#470 = FACE_OUTER_BOUND ( 'NONE', #2197, .T. ) ;
#471 = EDGE_LOOP ( 'NONE', ( #1750, #2789, #2833, #486 ) ) ;
#472 = VERTEX_POINT ( 'NONE', #581 ) ;
#473 = CARTESIAN_POINT ( 'NONE',  ( -1.499999999999999334, -3.486133158594716806E-15, 0.6625000000000009770 ) ) ;
#474 = CARTESIAN_POINT ( 'NONE',  ( 1.017788105676657562, 0.5876202367904164170, 0.7666666666666677177 ) ) ;
#475 = CARTESIAN_POINT ( 'NONE',  ( 1.499999999999999556, 6.943215207534478466E-15, -2.087499999999998579 ) ) ;
#476 =( BOUNDED_CURVE ( )  B_SPLINE_CURVE ( 2, ( #3187, #770, #1688, #1782, #920, #2782, #1256, #551, #30 ),
 .UNSPECIFIED., .F., .F. ) 
 B_SPLINE_CURVE_WITH_KNOTS ( ( 3, 2, 2, 2, 3 ),
 ( 0.1250000000000000000, 0.1309523809523809312, 0.1428571428571429047, 0.1547619047619047672, 0.1607142857142856984 ),
 .UNSPECIFIED. ) 
 CURVE ( )  GEOMETRIC_REPRESENTATION_ITEM ( )  RATIONAL_B_SPLINE_CURVE ( ( 0.9330127018922192983, 0.9330127018922192983, 1.000000000000000000, 0.8660254037844385966, 1.000000000000000000, 0.8660254037844385966, 1.000000000000000000, 0.9330127018922192983, 0.9330127018922192983 ) ) 
 REPRESENTATION_ITEM ( '' )  );
#477 = CARTESIAN_POINT ( 'NONE',  ( -0.8972754037844390407, -1.554126587736526899, 2.277083333333334014 ) ) ;
#478 = VERTEX_POINT ( 'NONE', #596 ) ;
#479 = CARTESIAN_POINT ( 'NONE',  ( 0.6785254037844375974, -1.175240473580834610, -1.358333333333332060 ) ) ;
#480 = CARTESIAN_POINT ( 'NONE',  ( -1.357050807568875861, 8.309539638847774027E-17, -4.024999999999999467 ) ) ;
#481 = EDGE_CURVE ( 'NONE', #103, #472, #277, .T. ) ;
#482 = CYLINDRICAL_SURFACE ( 'NONE', #2196, 1.500000000000000222 ) ;
#483 = CARTESIAN_POINT ( 'NONE',  ( 1.017788105676656896, -0.5876202367904177493, 1.120833333333334458 ) ) ;
#484 = CARTESIAN_POINT ( 'NONE',  ( 1.017788105676656896, -0.5876202367904177493, 0.1208333333333343335 ) ) ;
#485 = CARTESIAN_POINT ( 'NONE',  ( 0.8660254037844380415, -1.500000000000000444, -2.670833333333332504 ) ) ;
#486 = ORIENTED_EDGE ( 'NONE', *, *, #2285, .T. ) ;
#487 = VERTEX_POINT ( 'NONE', #1896 ) ;
#488 = CARTESIAN_POINT ( 'NONE',  ( 3.673940397442058389E-16, 1.499999999999999556, -0.9624999999999993561 ) ) ;
#489 = CARTESIAN_POINT ( 'NONE',  ( -1.017788105676657118, -0.5876202367904169721, -0.9833333333333321713 ) ) ;
#490 = DIRECTION ( 'NONE',  ( -1.000000000000000000, 0.000000000000000000, 0.000000000000000000 ) ) ;
#491 = CARTESIAN_POINT ( 'NONE',  ( -1.345913105676658006, -0.7770632938682633384, 0.7354166666666673846 ) ) ;
#492 = ORIENTED_EDGE ( 'NONE', *, *, #2304, .F. ) ;
#493 = CARTESIAN_POINT ( 'NONE',  ( 1.017788105676657562, 0.5876202367904164170, -0.7333333333333323933 ) ) ;
#494 = AXIS2_PLACEMENT_3D ( 'NONE', #212, #1236, #2242 ) ;
#495 =( BOUNDED_CURVE ( )  B_SPLINE_CURVE ( 2, ( #1031, #84, #2046, #1569, #2062, #815, #281, #1287, #1080 ),
 .UNSPECIFIED., .F., .F. ) 
 B_SPLINE_CURVE_WITH_KNOTS ( ( 3, 2, 2, 2, 3 ),
 ( 0.5892857142857143016, 0.5952380952380952328, 0.6071428571428570953, 0.6190476190476190688, 0.6250000000000000000 ),
 .UNSPECIFIED. ) 
 CURVE ( )  GEOMETRIC_REPRESENTATION_ITEM ( )  RATIONAL_B_SPLINE_CURVE ( ( 0.9330127018922194093, 0.9330127018922194093, 1.000000000000000000, 0.8660254037844388186, 1.000000000000000000, 0.8660254037844388186, 1.000000000000000000, 0.9330127018922194093, 0.9330127018922194093 ) ) 
 REPRESENTATION_ITEM ( '' )  );
#496 = CARTESIAN_POINT ( 'NONE',  ( 0.6785254037844385966, 1.175240473580834166, 0.2458333333333344584 ) ) ;
#497 = PLANE ( 'NONE',  #2036 ) ;
#498 = VECTOR ( 'NONE', #740, 1000.000000000000000 ) ;
#499 = CARTESIAN_POINT ( 'NONE',  ( 1.017788105676656896, -0.5876202367904177493, -1.879166666666665764 ) ) ;
#500 = CARTESIAN_POINT ( 'NONE',  ( 1.357050807568875861, -2.492861891654331838E-16, -2.837499999999999023 ) ) ;
#501 = CARTESIAN_POINT ( 'NONE',  ( -1.499999999999999334, 2.324088772396477673E-16, -1.837499999999999023 ) ) ;
#502 = CARTESIAN_POINT ( 'NONE',  ( -1.299038105676657784, -0.7499999999999995559, 0.2666666666666664964 ) ) ;
#503 = VERTEX_POINT ( 'NONE', #3135 ) ;
#504 = EDGE_CURVE ( 'NONE', #2243, #2526, #864, .T. ) ;
#505 = CARTESIAN_POINT ( 'NONE',  ( -1.870113174931183375E-16, -1.527063293868263782, -2.665625000000000355 ) ) ;
#506 = DIRECTION ( 'NONE',  ( 0.000000000000000000, 0.000000000000000000, -1.000000000000000000 ) ) ;
#507 = CIRCLE ( 'NONE', #3098, 1.150000000000001243 ) ;
#508 = CARTESIAN_POINT ( 'NONE',  ( -0.6785254037844378194, 1.175240473580834388, -3.108333333333332504 ) ) ;
#509 = LINE ( 'NONE', #1771, #1614 ) ;
#510 = CARTESIAN_POINT ( 'NONE',  ( 1.345913105676658450, 0.7770632938682625612, -2.014583333333332504 ) ) ;
#511 = CARTESIAN_POINT ( 'NONE',  ( 0.8816504037844394848, 1.527063293868263338, -3.457291666666666430 ) ) ;
#512 = CARTESIAN_POINT ( 'NONE',  ( -0.6785254037844382635, -1.175240473580834166, -1.441666666666665542 ) ) ;
#513 = CARTESIAN_POINT ( 'NONE',  ( -1.017788105676657118, -0.5876202367904169721, 0.9541666666666676067 ) ) ;
#514 = CARTESIAN_POINT ( 'NONE',  ( 1.299038105676657340, -0.7500000000000003331, 0.3708333333333341253 ) ) ;
#515 =( BOUNDED_CURVE ( )  B_SPLINE_CURVE ( 2, ( #1518, #2764, #2014, #999, #1672, #1157, #2518, #437, #1458 ),
 .UNSPECIFIED., .F., .F. ) 
 B_SPLINE_CURVE_WITH_KNOTS ( ( 3, 2, 2, 2, 3 ),
 ( 0.4107142857142856984, 0.4166666666666666852, 0.4285714285714285476, 0.4404761904761904656, 0.4464285714285713969 ),
 .UNSPECIFIED. ) 
 CURVE ( )  GEOMETRIC_REPRESENTATION_ITEM ( )  RATIONAL_B_SPLINE_CURVE ( ( 0.9330127018922194093, 0.9330127018922190762, 1.000000000000000000, 0.8660254037844388186, 1.000000000000000000, 0.8660254037844388186, 1.000000000000000000, 0.9330127018922197424, 0.9330127018922194093 ) ) 
 REPRESENTATION_ITEM ( '' )  );
#516 = CARTESIAN_POINT ( 'NONE',  ( 0.6785254037844385966, 1.175240473580834166, -0.7541666666666655416 ) ) ;
#517 = CARTESIAN_POINT ( 'NONE',  ( 1.017788105676656896, -0.5876202367904177493, -3.379166666666665098 ) ) ;
#518 = CARTESIAN_POINT ( 'NONE',  ( -1.017788105676657118, -0.5876202367904169721, 0.5166666666666676067 ) ) ;
#519 = CARTESIAN_POINT ( 'NONE',  ( 2.681328307148495682, 0.3000000000000001554, 3.832426877843132296 ) ) ;
#520 = ORIENTED_EDGE ( 'NONE', *, *, #543, .F. ) ;
#521 = CARTESIAN_POINT ( 'NONE',  ( -0.8816504037844384856, 1.527063293868264005, -2.873958333333332948 ) ) ;
#522 = CARTESIAN_POINT ( 'NONE',  ( 0.000000000000000000, 0.000000000000000000, 6.342640687119286191 ) ) ;
#523 = CARTESIAN_POINT ( 'NONE',  ( -0.8660254037844380415, 1.499999999999999334, -1.358333333333333171 ) ) ;
#524 = ADVANCED_FACE ( 'NONE', ( #1880 ), #2355, .T. ) ;
#525 = CARTESIAN_POINT ( 'NONE',  ( 2.878508968398376785E-16, 1.175240473580834388, -1.649999999999999023 ) ) ;
#526 = LINE ( 'NONE', #2541, #1457 ) ;
#527 = CARTESIAN_POINT ( 'NONE',  ( 1.345913105676657562, -0.7770632938682643376, -1.597916666666665986 ) ) ;
#528 = ORIENTED_EDGE ( 'NONE', *, *, #3239, .F. ) ;
#529 = CARTESIAN_POINT ( 'NONE',  ( 2.878508968398376785E-16, 1.175240473580834388, -0.1499999999999990785 ) ) ;
#530 = CARTESIAN_POINT ( 'NONE',  ( -1.357050807568875861, 8.309539638847774027E-17, 1.412500000000000977 ) ) ;
#531 = CARTESIAN_POINT ( 'NONE',  ( 0.6785254037844385966, 1.175240473580834166, -0.2541666666666655416 ) ) ;
#532 = CARTESIAN_POINT ( 'NONE',  ( 1.017788105676656896, -0.5876202367904177493, -1.879166666666665764 ) ) ;
#533 = CARTESIAN_POINT ( 'NONE',  ( -1.357050807568875861, 8.309539638847774027E-17, 1.975000000000001199 ) ) ;
#534 = CARTESIAN_POINT ( 'NONE',  ( -2.985844695017330075, -0.2911166468308447053, 3.177879906032046176 ) ) ;
#535 = VERTEX_POINT ( 'NONE', #1599 ) ;
#536 = CARTESIAN_POINT ( 'NONE',  ( -1.870113174931183375E-16, -1.527063293868263782, -3.165624999999999911 ) ) ;
#537 = CARTESIAN_POINT ( 'NONE',  ( -1.500000000000000222, 0.000000000000000000, 1.950000000000000400 ) ) ;
#538 = CARTESIAN_POINT ( 'NONE',  ( 1.763300807568877193, -3.239131034884752599E-16, -3.540625000000000355 ) ) ;
#539 = CARTESIAN_POINT ( 'NONE',  ( -1.017788105676657118, 0.5876202367904173052, -3.066666666666665986 ) ) ;
#540 = ADVANCED_FACE ( 'NONE', ( #1351 ), #615, .T. ) ;
#541 = CARTESIAN_POINT ( 'NONE',  ( -1.500000000000001776, 0.4019237886466805465, -0.3598290993692591089 ) ) ;
#542 = CARTESIAN_POINT ( 'NONE',  ( -1.345913105676657784, 0.7770632938682638935, -2.847916666666665986 ) ) ;
#543 = EDGE_CURVE ( 'NONE', #1062, #314, #389, .T. ) ;
#544 = ORIENTED_EDGE ( 'NONE', *, *, #766, .F. ) ;
#545 = CARTESIAN_POINT ( 'NONE',  ( -1.357050807568876083, 8.309539638847774027E-17, -0.02499999999999898137 ) ) ;
#546 = CARTESIAN_POINT ( 'NONE',  ( 1.017788105676657562, 0.5876202367904164170, 0.7041666666666676067 ) ) ;
#547 = CARTESIAN_POINT ( 'NONE',  ( 1.499999999999999556, -6.100733027540754016E-16, -1.087499999999999245 ) ) ;
#548 = CARTESIAN_POINT ( 'NONE',  ( 0.6785254037844385966, 1.175240473580834166, -2.254166666666665986 ) ) ;
#549 = CARTESIAN_POINT ( 'NONE',  ( 1.322475605676658672, 0.7635316469341310031, 2.501041666666666163 ) ) ;
#550 = CARTESIAN_POINT ( 'NONE',  ( 0.6785254037844385966, 1.175240473580834166, 0.8083333333333342363 ) ) ;
#551 = CARTESIAN_POINT ( 'NONE',  ( -1.499999999999999334, 0.4019237886466840437, -2.859829099369259886 ) ) ;
#552 = VERTEX_POINT ( 'NONE', #1449 ) ;
#553 = CARTESIAN_POINT ( 'NONE',  ( 0.8816504037844394848, 1.527063293868263338, -1.957291666666666874 ) ) ;
#554 = CARTESIAN_POINT ( 'NONE',  ( 0.6614551441096694351, -1.312602808149427425, -3.589976519973699709 ) ) ;
#555 = CARTESIAN_POINT ( 'NONE',  ( 1.500000000000000222, 1.836970198721030181E-16, 6.342640687119286191 ) ) ;
#556 = CARTESIAN_POINT ( 'NONE',  ( -0.6785254037844378194, 1.175240473580834388, -3.608333333333332060 ) ) ;
#557 = B_SPLINE_CURVE_WITH_KNOTS ( 'NONE', 3,
 ( #226, #210, #2683, #1203, #196, #468, #1997, #964, #1979, #2697, #1234, #431, #449, #2937, #2208, #1452, #1471, #932, #917, #717, #2240, #2455 ),
 .UNSPECIFIED., .F., .F.,
 ( 4, 2, 2, 2, 2, 2, 2, 2, 2, 2, 4 ),
 ( 0.001333104705600576768, 0.001867590028786857799, 0.002134832690379998531, 0.002402075351973139046, 0.002936560675159420944, 0.003203803336752561893, 0.003471045998345702842, 0.004005531321531984740, 0.004540016644718266638, 0.005074501967904548536, 0.005608987291090831301 ),
 .UNSPECIFIED. ) ;
#558 = CARTESIAN_POINT ( 'NONE',  ( 1.499999999999999556, 6.943215207534478466E-15, -0.5874999999999988010 ) ) ;
#559 = CARTESIAN_POINT ( 'NONE',  ( -1.345913105676658006, -0.7770632938682633384, -2.264583333333332948 ) ) ;
#560 = CARTESIAN_POINT ( 'NONE',  ( -0.9034689499287551495, 0.8003064207454987367, 1.433570647545986620 ) ) ;
#561 = CARTESIAN_POINT ( 'NONE',  ( 0.6785254037844385966, 1.175240473580834166, -0.7541666666666654306 ) ) ;
#562 = ADVANCED_FACE ( 'NONE', ( #944 ), #2677, .F. ) ;
#563 = CARTESIAN_POINT ( 'NONE',  ( -0.8660254037844382635, 1.499999999999999778, 0.07916666666666746788 ) ) ;
#564 = CARTESIAN_POINT ( 'NONE',  ( -0.6785254037844379305, 1.175240473580834388, -1.670833333333331838 ) ) ;
#565 = B_SPLINE_CURVE_WITH_KNOTS ( 'NONE', 3,
 ( #2368, #1367, #361, #1162, #2127, #1128 ),
 .UNSPECIFIED., .F., .F.,
 ( 4, 2, 4 ),
 ( 0.000000000000000000, 0.0004675215792214430918, 0.0009350431584428861836 ),
 .UNSPECIFIED. ) ;
#566 = CARTESIAN_POINT ( 'NONE',  ( 0.6785254037844375974, -1.175240473580834610, -3.920833333333331616 ) ) ;
#567 = CARTESIAN_POINT ( 'NONE',  ( -0.6785254037844378194, 1.175240473580834388, 1.891666666666667496 ) ) ;
#568 = CARTESIAN_POINT ( 'NONE',  ( -1.499999999999999334, 2.324088772396477673E-16, -0.8374999999999991340 ) ) ;
#569 = VERTEX_POINT ( 'NONE', #206 ) ;
#570 = CARTESIAN_POINT ( 'NONE',  ( -1.763300807568877193, 1.079710344961584282E-16, -2.290624999999999911 ) ) ;
#571 = CYLINDRICAL_SURFACE ( 'NONE', #2503, 1.500000000000000222 ) ;
#572 = LINE ( 'NONE', #555, #2088 ) ;
#573 = CARTESIAN_POINT ( 'NONE',  ( 2.985078649073708679, 0.2988484115164686261, 3.196524244903677925 ) ) ;
#574 = CARTESIAN_POINT ( 'NONE',  ( -0.6785254037844383745, -1.175240473580834166, -3.941666666666666430 ) ) ;
#575 = CARTESIAN_POINT ( 'NONE',  ( -0.8660254037844380415, 1.499999999999999334, -3.358333333333332504 ) ) ;
#576 = CARTESIAN_POINT ( 'NONE',  ( -0.8972754037844382635, 1.554126587736527343, -2.889583333333332060 ) ) ;
#577 = CARTESIAN_POINT ( 'NONE',  ( -1.238266181587538206, 0.2210425324483946130, 1.496663728450610797 ) ) ;
#578 = CARTESIAN_POINT ( 'NONE',  ( -1.439254484199188393E-16, -1.175240473580834388, -2.962499999999998579 ) ) ;
#579 = CARTESIAN_POINT ( 'NONE',  ( -1.499999999999998446, -0.4019237886466854315, -0.7526709006307396033 ) ) ;
#580 = ADVANCED_FACE ( 'NONE', ( #732 ), #664, .T. ) ;
#581 = CARTESIAN_POINT ( 'NONE',  ( 1.499999999999999556, -6.100733027540754016E-16, -0.02500000000000003955 ) ) ;
#582 = CARTESIAN_POINT ( 'NONE',  ( -1.870113174931183375E-16, -1.527063293868263782, 1.834374999999999423 ) ) ;
#583 = AXIS2_PLACEMENT_3D ( 'NONE', #1722, #394, #1227 ) ;
#584 = CARTESIAN_POINT ( 'NONE',  ( 0.6785254037844375974, -1.175240473580834610, 1.641666666666667718 ) ) ;
#585 = CARTESIAN_POINT ( 'NONE',  ( -2.988723479758284451, -0.2599521360854120111, 3.153017481944576872 ) ) ;
#586 = ORIENTED_EDGE ( 'NONE', *, *, #3256, .F. ) ;
#587 =( BOUNDED_CURVE ( )  B_SPLINE_CURVE ( 2, ( #2490, #457, #216, #2003, #488, #2770, #3255, #1207, #3240 ),
 .UNSPECIFIED., .F., .F. ) 
 B_SPLINE_CURVE_WITH_KNOTS ( ( 3, 2, 2, 2, 3 ),
 ( 0.4107142857142856984, 0.4166666666666666297, 0.4285714285714286031, 0.4404761904761904656, 0.4464285714285713969 ),
 .UNSPECIFIED. ) 
 CURVE ( )  GEOMETRIC_REPRESENTATION_ITEM ( )  RATIONAL_B_SPLINE_CURVE ( ( 0.9330127018922192983, 0.9330127018922192983, 1.000000000000000000, 0.8660254037844385966, 1.000000000000000000, 0.8660254037844385966, 1.000000000000000000, 0.9330127018922192983, 0.9330127018922192983 ) ) 
 REPRESENTATION_ITEM ( '' )  );
#588 = CARTESIAN_POINT ( 'NONE',  ( -1.499999999999999334, 2.324088772396477673E-16, 1.662500000000000311 ) ) ;
#589 = DIRECTION ( 'NONE',  ( -0.5000000000000009992, 0.000000000000000000, 0.8660254037844380415 ) ) ;
#590 = CARTESIAN_POINT ( 'NONE',  ( -1.499999999999999334, 1.743066579297358255E-16, -1.275000000000000133 ) ) ;
#591 = APPROVAL_STATUS ( 'not_yet_approved' ) ;
#592 = CARTESIAN_POINT ( 'NONE',  ( -0.6785254037844383745, -1.175240473580834166, 1.558333333333334458 ) ) ;
#593 = CARTESIAN_POINT ( 'NONE',  ( -0.6785254037844382635, -1.175240473580834166, -2.441666666666665542 ) ) ;
#594 = CARTESIAN_POINT ( 'NONE',  ( -1.439254484199188393E-16, -1.175240473580834388, -1.962499999999998579 ) ) ;
#595 = CARTESIAN_POINT ( 'NONE',  ( -0.8660254037844382635, 1.499999999999999778, -3.420833333333332948 ) ) ;
#596 = CARTESIAN_POINT ( 'NONE',  ( -1.121107958840569463, 0.3525721420742662926, 1.387499999999999734 ) ) ;
#597 = CARTESIAN_POINT ( 'NONE',  ( 0.8816504037844381525, -1.527063293868264449, 1.876041666666665719 ) ) ;
#598 = CARTESIAN_POINT ( 'NONE',  ( 0.6785254037844375974, -1.175240473580834610, -1.358333333333332282 ) ) ;
#599 = CARTESIAN_POINT ( 'NONE',  ( -1.299038105676657562, 0.7500000000000000000, 0.6208333333333341253 ) ) ;
#600 = ORIENTED_EDGE ( 'NONE', *, *, #2023, .F. ) ;
#601 = CARTESIAN_POINT ( 'NONE',  ( 0.8660254037844390407, 1.499999999999998668, 0.5583333333333330151 ) ) ;
#602 = CARTESIAN_POINT ( 'NONE',  ( -0.6785254037844383745, -1.175240473580834166, 0.9958333333333342363 ) ) ;
#603 = DIRECTION ( 'NONE',  ( -0.000000000000000000, -0.000000000000000000, 1.000000000000000000 ) ) ;
#604 = AXIS2_PLACEMENT_3D ( 'NONE', #966, #1763, #1474 ) ;
#605 =( BOUNDED_CURVE ( )  B_SPLINE_CURVE ( 2, ( #1636, #1686, #3186, #2442, #418, #2888, #354, #2904, #621 ),
 .UNSPECIFIED., .F., .F. ) 
 B_SPLINE_CURVE_WITH_KNOTS ( ( 3, 2, 2, 2, 3 ),
 ( 0.7678571428571427937, 0.7738095238095238360, 0.7857142857142856984, 0.7976190476190476719, 0.8035714285714286031 ),
 .UNSPECIFIED. ) 
 CURVE ( )  GEOMETRIC_REPRESENTATION_ITEM ( )  RATIONAL_B_SPLINE_CURVE ( ( 0.9330127018922194093, 0.9330127018922187432, 1.000000000000000000, 0.8660254037844388186, 1.000000000000000000, 0.8660254037844388186, 1.000000000000000000, 0.9330127018922194093, 0.9330127018922194093 ) ) 
 REPRESENTATION_ITEM ( '' )  );
#606 = EDGE_CURVE ( 'NONE', #3260, #731, #942, .T. ) ;
#607 = CARTESIAN_POINT ( 'NONE',  ( -1.499999999999999334, 2.324088772396477673E-16, -1.337499999999999023 ) ) ;
#608 = TOROIDAL_SURFACE ( 'NONE', #1191, 2.369999999999999662, 0.6300000000000003375 ) ;
#609 = CARTESIAN_POINT ( 'NONE',  ( -1.499999999999999556, -0.4019237886466837661, -2.252670900630739936 ) ) ;
#610 = CARTESIAN_POINT ( 'NONE',  ( -1.017788105676657118, -0.5876202367904169721, 2.516666666666667496 ) ) ;
#611 = CYLINDRICAL_SURFACE ( 'NONE', #2798, 1.500000000000000222 ) ;
#612 = CARTESIAN_POINT ( 'NONE',  ( 2.878508968398376785E-16, 1.175240473580834388, -3.649999999999999023 ) ) ;
#613 = CARTESIAN_POINT ( 'NONE',  ( 1.017788105676656896, -0.5876202367904177493, -3.379166666666665098 ) ) ;
#614 = DIRECTION ( 'NONE',  ( 0.000000000000000000, 0.000000000000000000, -1.000000000000000000 ) ) ;
#615 = CYLINDRICAL_SURFACE ( 'NONE', #3227, 1.500000000000000222 ) ;
#616 = CARTESIAN_POINT ( 'NONE',  ( 3.740226349862366751E-16, 1.527063293868263782, 0.08437499999999938105 ) ) ;
#617 = CARTESIAN_POINT ( 'NONE',  ( -1.017788105676657118, -0.5876202367904169721, -1.983333333333332282 ) ) ;
#618 = EDGE_LOOP ( 'NONE', ( #2718, #1544, #1416, #641 ) ) ;
#619 = CARTESIAN_POINT ( 'NONE',  ( 1.299038105676657340, -0.7500000000000003331, 1.870833333333334014 ) ) ;
#620 = CARTESIAN_POINT ( 'NONE',  ( 1.017788105676657562, 0.5876202367904164170, 2.204166666666667496 ) ) ;
#621 = CARTESIAN_POINT ( 'NONE',  ( 1.499999999999999556, -6.100733027540754016E-16, -3.024999999999999467 ) ) ;
#622 = EDGE_LOOP ( 'NONE', ( #1237, #1149, #2426 ) ) ;
#623 = DATE_AND_TIME ( #2891, #2100 ) ;
#624 =( BOUNDED_SURFACE ( )  B_SPLINE_SURFACE ( 1, 2, ( 
 ( #737, #1748, #2581, #2831, #1830, #2781, #2027, #63, #296, #1568, #2596, #834, #1030, #1286, #2567, #2533, #2097, #814, #47, #2815, #1583, #533, #3034, #567, #312, #1781, #1335, #2340, #769, #584, #1320, #262, #784, #2045, #1060, #331, #1079, #3103, #2325, #2061, #2309, #2292, #1797, #2078, #29, #1848, #2846, #3281, #1601, #550, #2795, #1353, #12, #2550, #3083, #1012, #518, #1550, #1533, #3049, #280, #1303, #1045, #3065, #800, #1813, #381, #1617, #3137, #97, #127, #2679, #2916, #399, #1400, #1132, #1386, #1370, #866, #2403, #2388, #1915, #2664, #2357, #1415, #2899, #1882, #1165, #2371, #1632, #1148, #634, #1930, #2159, #3169, #113, #2115, #1867, #2866, #899, #1648, #598, #1114, #2419, #2934, #914, #2130, #850, #2145, #2883, #3154, #2647, #651, #145, #1898, #3119, #617, #883, #1663, #2174, #1098, #3181, #666, #82, #413, #364, #2613, #2629, #1680, #349, #1216, #3197, #945, #2238, #2758, #1946, #2254, #429, #928, #1199, #163, #1963, #1727, #1695, #993, #2437, #2206, #3215, #1249, #1433, #1181, #223, #3262, #2009, #2950, #2695, #3247, #2188, #683, #179, #979, #1450, #2967, #1995, #2452, #480, #733, #3000, #1744 ),
 ( #2469, #3014, #699, #1712, #748, #2743, #1495, #2710, #447, #2496, #1758, #1469, #466, #194, #2222, #3230, #962, #1483, #1976, #2983, #715, #2728, #2481, #207, #1231, #2578, #2777, #3045, #2562, #2057, #59, #292, #2810, #530, #240, #3277, #1008, #2321, #3061, #2022, #1529, #1826, #1074, #2336, #513, #2270, #1546, #2528, #2546, #795, #546, #810, #25, #1265, #7, #2303, #274, #42, #2513, #1056, #1297, #496, #830, #1792, #3030, #257, #1042, #1809, #1563, #764, #1024, #1315, #1842, #1776, #1331, #1282, #2288, #2040, #780, #2791, #2074, #3079, #2093, #1511, #2827, #561, #307, #1578, #3097, #1658, #2659, #395, #1094, #3114, #1397, #326, #2592, #1612, #2396, #77, #2367, #123, #2110, #1911, #2156, #1144, #3165, #2353, #1597, #2912, #3150, #1127, #2170, #1411, #594, #845, #2140, #1862, #2414, #376, #2895, #2382, #895, #93, #1348, #646, #141, #2860, #1161, #3179, #2609, #910, #879, #344, #1366, #1108, #630, #2842, #578, #2126, #1894, #1642, #109, #3132, #862, #1877, #2879, #2642, #613, #1628, #2624, #360, #1381, #2235, #1960, #662, #1464, #2996, #1491, #2707, #2725, #1228, #1709, #2203, #679, #1943, #1194, #1676, #728 ) ),
 .UNSPECIFIED., .F., .F., .F. ) 
 B_SPLINE_SURFACE_WITH_KNOTS ( ( 2, 2 ),
 ( 3, 2, 2, 2, 2, 2, 2, 2, 2, 2, 2, 2, 2, 2, 2, 2, 2, 2, 2, 2, 2, 2, 2, 2, 2, 2, 2, 2, 2, 2, 2, 2, 2, 2, 2, 2, 2, 2, 2, 2, 2, 2, 2, 2, 2, 2, 2, 2, 2, 2, 2, 2, 2, 2, 2, 2, 2, 2, 2, 2, 2, 2, 2, 2, 2, 2, 2, 2, 2, 2, 2, 2, 2, 2, 2, 2, 2, 2, 2, 2, 2, 2, 2, 2, 3 ),
 ( 0.000000000000000000, 1.000000000000000000 ),
 ( 0.000000000000000000, 0.01190476190476190410, 0.02380952380952380820, 0.03571428571428571230, 0.04761904761904761640, 0.05952380952380952051, 0.07142857142857142461, 0.08333333333333332871, 0.09523809523809523281, 0.1071428571428571369, 0.1190476190476190410, 0.1309523809523809590, 0.1428571428571428492, 0.1547619047619047672, 0.1666666666666666574, 0.1785714285714285754, 0.1904761904761904656, 0.2023809523809523836, 0.2142857142857142738, 0.2261904761904761918, 0.2380952380952380820, 0.2500000000000000000, 0.2619047619047619180, 0.2738095238095238360, 0.2857142857142856984, 0.2976190476190476164, 0.3095238095238095344, 0.3214285714285714524, 0.3333333333333333148, 0.3452380952380952328, 0.3571428571428571508, 0.3690476190476190688, 0.3809523809523809312, 0.3928571428571428492, 0.4047619047619047672, 0.4166666666666666852, 0.4285714285714285476, 0.4404761904761904656, 0.4523809523809523836, 0.4642857142857143016, 0.4761904761904761640, 0.4880952380952380820, 0.5000000000000000000, 0.5119047619047618625, 0.5238095238095238360, 0.5357142857142856984, 0.5476190476190476719, 0.5595238095238095344, 0.5714285714285713969, 0.5833333333333333703, 0.5952380952380952328, 0.6071428571428570953, 0.6190476190476190688, 0.6309523809523809312, 0.6428571428571429047, 0.6547619047619047672, 0.6666666666666666297, 0.6785714285714286031, 0.6904761904761904656, 0.7023809523809523281, 0.7142857142857143016, 0.7261904761904761640, 0.7380952380952381375, 0.7500000000000000000, 0.7619047619047618625, 0.7738095238095238360, 0.7857142857142856984, 0.7976190476190476719, 0.8095238095238095344, 0.8214285714285713969, 0.8333333333333333703, 0.8452380952380952328, 0.8571428571428570953, 0.8690476190476190688, 0.8809523809523809312, 0.8928571428571429047, 0.9047619047619047672, 0.9166666666666666297, 0.9285714285714286031, 0.9404761904761904656, 0.9523809523809523281, 0.9642857142857143016, 0.9761904761904761640, 0.9880952380952381375, 1.000000000000000000 ),
 .UNSPECIFIED. ) 
 GEOMETRIC_REPRESENTATION_ITEM ( )  RATIONAL_B_SPLINE_SURFACE ( (
 ( 1.000000000000000000, 0.8660254037844387076, 1.000000000000000000, 0.8660254037844387076, 1.000000000000000000, 0.8660254037844387076, 1.000000000000000000, 0.8660254037844387076, 1.000000000000000000, 0.8660254037844387076, 1.000000000000000000, 0.8660254037844387076, 1.000000000000000000, 0.8660254037844387076, 1.000000000000000000, 0.8660254037844387076, 1.000000000000000000, 0.8660254037844387076, 1.000000000000000000, 0.8660254037844387076, 1.000000000000000000, 0.8660254037844387076, 1.000000000000000000, 0.8660254037844387076, 1.000000000000000000, 0.8660254037844387076, 1.000000000000000000, 0.8660254037844387076, 1.000000000000000000, 0.8660254037844387076, 1.000000000000000000, 0.8660254037844387076, 1.000000000000000000, 0.8660254037844387076, 1.000000000000000000, 0.8660254037844387076, 1.000000000000000000, 0.8660254037844387076, 1.000000000000000000, 0.8660254037844387076, 1.000000000000000000, 0.8660254037844387076, 1.000000000000000000, 0.8660254037844387076, 1.000000000000000000, 0.8660254037844387076, 1.000000000000000000, 0.8660254037844387076, 1.000000000000000000, 0.8660254037844387076, 1.000000000000000000, 0.8660254037844387076, 1.000000000000000000, 0.8660254037844387076, 1.000000000000000000, 0.8660254037844387076, 1.000000000000000000, 0.8660254037844387076, 1.000000000000000000, 0.8660254037844387076, 1.000000000000000000, 0.8660254037844387076, 1.000000000000000000, 0.8660254037844387076, 1.000000000000000000, 0.8660254037844387076, 1.000000000000000000, 0.8660254037844387076, 1.000000000000000000, 0.8660254037844387076, 1.000000000000000000, 0.8660254037844387076, 1.000000000000000000, 0.8660254037844387076, 1.000000000000000000, 0.8660254037844387076, 1.000000000000000000, 0.8660254037844387076, 1.000000000000000000, 0.8660254037844387076, 1.000000000000000000, 0.8660254037844387076, 1.000000000000000000, 0.8660254037844387076, 1.000000000000000000, 0.8660254037844387076, 1.000000000000000000, 0.8660254037844387076, 1.000000000000000000, 0.8660254037844387076, 1.000000000000000000, 0.8660254037844387076, 1.000000000000000000, 0.8660254037844387076, 1.000000000000000000, 0.8660254037844387076, 1.000000000000000000, 0.8660254037844387076, 1.000000000000000000, 0.8660254037844387076, 1.000000000000000000, 0.8660254037844387076, 1.000000000000000000, 0.8660254037844387076, 1.000000000000000000, 0.8660254037844387076, 1.000000000000000000, 0.8660254037844387076, 1.000000000000000000, 0.8660254037844387076, 1.000000000000000000, 0.8660254037844387076, 1.000000000000000000, 0.8660254037844387076, 1.000000000000000000, 0.8660254037844387076, 1.000000000000000000, 0.8660254037844387076, 1.000000000000000000, 0.8660254037844387076, 1.000000000000000000, 0.8660254037844387076, 1.000000000000000000, 0.8660254037844387076, 1.000000000000000000, 0.8660254037844387076, 1.000000000000000000, 0.8660254037844387076, 1.000000000000000000, 0.8660254037844387076, 1.000000000000000000, 0.8660254037844387076, 1.000000000000000000, 0.8660254037844387076, 1.000000000000000000, 0.8660254037844387076, 1.000000000000000000, 0.8660254037844387076, 1.000000000000000000, 0.8660254037844387076, 1.000000000000000000, 0.8660254037844387076, 1.000000000000000000, 0.8660254037844387076, 1.000000000000000000, 0.8660254037844387076, 1.000000000000000000, 0.8660254037844387076, 1.000000000000000000, 0.8660254037844387076, 1.000000000000000000, 0.8660254037844387076, 1.000000000000000000, 0.8660254037844387076, 1.000000000000000000, 0.8660254037844387076, 1.000000000000000000, 0.8660254037844387076, 1.000000000000000000, 0.8660254037844387076, 1.000000000000000000, 0.8660254037844387076, 1.000000000000000000, 0.8660254037844387076, 1.000000000000000000, 0.8660254037844387076, 1.000000000000000000, 0.8660254037844387076, 1.000000000000000000),
 ( 1.000000000000000000, 0.8660254037844387076, 1.000000000000000000, 0.8660254037844387076, 1.000000000000000000, 0.8660254037844387076, 1.000000000000000000, 0.8660254037844387076, 1.000000000000000000, 0.8660254037844387076, 1.000000000000000000, 0.8660254037844387076, 1.000000000000000000, 0.8660254037844387076, 1.000000000000000000, 0.8660254037844387076, 1.000000000000000000, 0.8660254037844387076, 1.000000000000000000, 0.8660254037844387076, 1.000000000000000000, 0.8660254037844387076, 1.000000000000000000, 0.8660254037844387076, 1.000000000000000000, 0.8660254037844387076, 1.000000000000000000, 0.8660254037844387076, 1.000000000000000000, 0.8660254037844387076, 1.000000000000000000, 0.8660254037844387076, 1.000000000000000000, 0.8660254037844387076, 1.000000000000000000, 0.8660254037844387076, 1.000000000000000000, 0.8660254037844387076, 1.000000000000000000, 0.8660254037844387076, 1.000000000000000000, 0.8660254037844387076, 1.000000000000000000, 0.8660254037844387076, 1.000000000000000000, 0.8660254037844387076, 1.000000000000000000, 0.8660254037844387076, 1.000000000000000000, 0.8660254037844387076, 1.000000000000000000, 0.8660254037844387076, 1.000000000000000000, 0.8660254037844387076, 1.000000000000000000, 0.8660254037844387076, 1.000000000000000000, 0.8660254037844387076, 1.000000000000000000, 0.8660254037844387076, 1.000000000000000000, 0.8660254037844387076, 1.000000000000000000, 0.8660254037844387076, 1.000000000000000000, 0.8660254037844387076, 1.000000000000000000, 0.8660254037844387076, 1.000000000000000000, 0.8660254037844387076, 1.000000000000000000, 0.8660254037844387076, 1.000000000000000000, 0.8660254037844387076, 1.000000000000000000, 0.8660254037844387076, 1.000000000000000000, 0.8660254037844387076, 1.000000000000000000, 0.8660254037844387076, 1.000000000000000000, 0.8660254037844387076, 1.000000000000000000, 0.8660254037844387076, 1.000000000000000000, 0.8660254037844387076, 1.000000000000000000, 0.8660254037844387076, 1.000000000000000000, 0.8660254037844387076, 1.000000000000000000, 0.8660254037844387076, 1.000000000000000000, 0.8660254037844387076, 1.000000000000000000, 0.8660254037844387076, 1.000000000000000000, 0.8660254037844387076, 1.000000000000000000, 0.8660254037844387076, 1.000000000000000000, 0.8660254037844387076, 1.000000000000000000, 0.8660254037844387076, 1.000000000000000000, 0.8660254037844387076, 1.000000000000000000, 0.8660254037844387076, 1.000000000000000000, 0.8660254037844387076, 1.000000000000000000, 0.8660254037844387076, 1.000000000000000000, 0.8660254037844387076, 1.000000000000000000, 0.8660254037844387076, 1.000000000000000000, 0.8660254037844387076, 1.000000000000000000, 0.8660254037844387076, 1.000000000000000000, 0.8660254037844387076, 1.000000000000000000, 0.8660254037844387076, 1.000000000000000000, 0.8660254037844387076, 1.000000000000000000, 0.8660254037844387076, 1.000000000000000000, 0.8660254037844387076, 1.000000000000000000, 0.8660254037844387076, 1.000000000000000000, 0.8660254037844387076, 1.000000000000000000, 0.8660254037844387076, 1.000000000000000000, 0.8660254037844387076, 1.000000000000000000, 0.8660254037844387076, 1.000000000000000000, 0.8660254037844387076, 1.000000000000000000, 0.8660254037844387076, 1.000000000000000000, 0.8660254037844387076, 1.000000000000000000, 0.8660254037844387076, 1.000000000000000000, 0.8660254037844387076, 1.000000000000000000, 0.8660254037844387076, 1.000000000000000000, 0.8660254037844387076, 1.000000000000000000, 0.8660254037844387076, 1.000000000000000000, 0.8660254037844387076, 1.000000000000000000, 0.8660254037844387076, 1.000000000000000000, 0.8660254037844387076, 1.000000000000000000, 0.8660254037844387076, 1.000000000000000000, 0.8660254037844387076, 1.000000000000000000, 0.8660254037844387076, 1.000000000000000000) ) ) 
 REPRESENTATION_ITEM ( '' )  SURFACE ( )  );
#625 = ADVANCED_FACE ( 'NONE', ( #1975 ), #1225, .T. ) ;
#626 = CARTESIAN_POINT ( 'NONE',  ( -1.402572142074932415, -2.651396004435004690E-11, 1.781250000001181499 ) ) ;
#627 = CARTESIAN_POINT ( 'NONE',  ( 0.6785254037844385966, 1.175240473580834166, 1.808333333333334458 ) ) ;
#628 = CARTESIAN_POINT ( 'NONE',  ( -0.6785254037844379305, 1.175240473580834388, -3.608333333333332060 ) ) ;
#629 = EDGE_CURVE ( 'NONE', #535, #1215, #1520, .T. ) ;
#630 = CARTESIAN_POINT ( 'NONE',  ( 1.017788105676656896, -0.5876202367904177493, -2.879166666666665542 ) ) ;
#631 = CARTESIAN_POINT ( 'NONE',  ( 2.990384590650506880, 0.2400000000000002409, 3.149999999999999911 ) ) ;
#632 = CARTESIAN_POINT ( 'NONE',  ( 1.150000000000001243, 0.000000000000000000, -3.899999999999999911 ) ) ;
#633 = CARTESIAN_POINT ( 'NONE',  ( 1.763300807568877193, -3.239131034884752599E-16, 1.459374999999999201 ) ) ;
#634 = CARTESIAN_POINT ( 'NONE',  ( -0.6785254037844383745, -1.175240473580834166, -0.9416666666666659857 ) ) ;
#635 = ORIENTED_EDGE ( 'NONE', *, *, #297, .F. ) ;
#636 = CARTESIAN_POINT ( 'NONE',  ( 2.984962311319860007, -0.2999999999999999334, 3.209999999999999964 ) ) ;
#637 = CARTESIAN_POINT ( 'NONE',  ( -1.499999999999999334, 0.4019237886466840992, 1.202670900630739448 ) ) ;
#638 = CARTESIAN_POINT ( 'NONE',  ( 1.017788105676657562, 0.5876202367904164170, 2.704166666666667496 ) ) ;
#639 = CARTESIAN_POINT ( 'NONE',  ( 0.5847485553872883157, 1.122143354530003689, -3.795965055607577021 ) ) ;
#640 = ORIENTED_EDGE ( 'NONE', *, *, #828, .T. ) ;
#641 = ORIENTED_EDGE ( 'NONE', *, *, #2602, .F. ) ;
#642 =( NAMED_UNIT ( * ) SI_UNIT ( $, .STERADIAN. ) SOLID_ANGLE_UNIT ( ) );
#643 = CARTESIAN_POINT ( 'NONE',  ( 0.5566860092890560940, 1.215315223730548677, 1.662140488179657982 ) ) ;
#644 = CARTESIAN_POINT ( 'NONE',  ( -1.345913105676657784, 0.7770632938682638935, -3.347916666666665542 ) ) ;
#645 = CARTESIAN_POINT ( 'NONE',  ( -0.01715402907144280772, -1.466440442843457426, 1.874594961860823750 ) ) ;
#646 = CARTESIAN_POINT ( 'NONE',  ( 0.6785254037844375974, -1.175240473580834610, -2.420833333333332948 ) ) ;
#647 = CARTESIAN_POINT ( 'NONE',  ( 3.806512302282672647E-16, 1.554126587736527343, 2.568750000000000533 ) ) ;
#648 = EDGE_CURVE ( 'NONE', #103, #935, #3131, .T. ) ;
#649 = CARTESIAN_POINT ( 'NONE',  ( 1.499999999999999556, -6.100733027540754016E-16, -0.02500000000000003955 ) ) ;
#650 = CARTESIAN_POINT ( 'NONE',  ( -0.8816504037844384856, 1.527063293868264005, 1.126041666666666163 ) ) ;
#651 = CARTESIAN_POINT ( 'NONE',  ( 1.017788105676656896, -0.5876202367904177493, -1.816666666666665542 ) ) ;
#652 = ORIENTED_EDGE ( 'NONE', *, *, #251, .F. ) ;
#653 = CARTESIAN_POINT ( 'NONE',  ( 0.000000000000000000, 0.000000000000000000, 3.269999999999999574 ) ) ;
#654 = CARTESIAN_POINT ( 'NONE',  ( -1.499999999999999334, 2.324088772396477673E-16, 1.662500000000000533 ) ) ;
#655 = CARTESIAN_POINT ( 'NONE',  ( 2.878508968398376785E-16, 1.175240473580834388, 2.787500000000000977 ) ) ;
#656 = CARTESIAN_POINT ( 'NONE',  ( -2.985508974534699433, 0.2945315455389832526, 3.184087024320178205 ) ) ;
#657 = CONICAL_SURFACE ( 'NONE', #1023, 1.500000000000000222, 0.5235987755983000369 ) ;
#658 = CARTESIAN_POINT ( 'NONE',  ( 2.984962311319859563, 0.3000000000000002665, 3.270000000000000462 ) ) ;
#659 = AXIS2_PLACEMENT_3D ( 'NONE', #2439, #2918, #2405 ) ;
#660 = CARTESIAN_POINT ( 'NONE',  ( 3.806512302282672647E-16, 1.554126587736527343, -3.931249999999999023 ) ) ;
#661 = DIRECTION ( 'NONE',  ( -0.000000000000000000, -0.000000000000000000, 1.000000000000000000 ) ) ;
#662 = CARTESIAN_POINT ( 'NONE',  ( -0.6785254037844378194, 1.175240473580834388, -3.670833333333332060 ) ) ;
#663 = DIRECTION ( 'NONE',  ( -1.000000000000000000, 0.000000000000000000, 0.000000000000000000 ) ) ;
#664 = CYLINDRICAL_SURFACE ( 'NONE', #1169, 1.500000000000000222 ) ;
#665 = CARTESIAN_POINT ( 'NONE',  ( 1.322475605676658006, -0.7635316469341325574, -0.5822916666666672070 ) ) ;
#666 = CARTESIAN_POINT ( 'NONE',  ( 1.017788105676657562, 0.5876202367904164170, -2.233333333333332504 ) ) ;
#667 = EDGE_CURVE ( 'NONE', #535, #1756, #319, .T. ) ;
#668 = APPROVAL_PERSON_ORGANIZATION ( #1423, #1513, #153 ) ;
#669 = VERTEX_POINT ( 'NONE', #2591 ) ;
#670 = CARTESIAN_POINT ( 'NONE',  ( 2.987618334605197212, -0.2723316726485736083, 3.159008684920879162 ) ) ;
#671 = CARTESIAN_POINT ( 'NONE',  ( -1.357050807568876083, 8.309539638847774027E-17, 0.9125000000000009770 ) ) ;
#672 = CYLINDRICAL_SURFACE ( 'NONE', #2536, 1.500000000000000222 ) ;
#673 = CARTESIAN_POINT ( 'NONE',  ( -1.439254484199188393E-16, -1.175240473580834388, 1.537500000000000977 ) ) ;
#674 = LINE ( 'NONE', #2685, #1505 ) ;
#675 = ORIENTED_EDGE ( 'NONE', *, *, #2365, .F. ) ;
#676 = CARTESIAN_POINT ( 'NONE',  ( 2.990384590650507324, -0.2399999999999998246, 3.149999999999999911 ) ) ;
#677 = CARTESIAN_POINT ( 'NONE',  ( -0.6785254037844383745, -1.175240473580834166, 0.05833333333333427795 ) ) ;
#678 = DIRECTION ( 'NONE',  ( -0.000000000000000000, -0.000000000000000000, 1.000000000000000000 ) ) ;
#679 = CARTESIAN_POINT ( 'NONE',  ( -1.017788105676657118, -0.5876202367904169721, -4.045833333333331616 ) ) ;
#680 = CARTESIAN_POINT ( 'NONE',  ( 1.345913105676657562, -0.7770632938682643376, 1.902083333333334236 ) ) ;
#681 = EDGE_LOOP ( 'NONE', ( #984, #2535, #1742, #383 ) ) ;
#682 = CARTESIAN_POINT ( 'NONE',  ( 2.878508968398376785E-16, 1.175240473580834388, 1.350000000000000977 ) ) ;
#683 = CARTESIAN_POINT ( 'NONE',  ( 1.017788105676657562, 0.5876202367904164170, -3.733333333333332060 ) ) ;
#684 = ORIENTED_EDGE ( 'NONE', *, *, #2264, .T. ) ;
#685 = CARTESIAN_POINT ( 'NONE',  ( 2.985010261740724147, -0.2995239891576153002, 3.201299407783008810 ) ) ;
#686 = CARTESIAN_POINT ( 'NONE',  ( 1.240351165046324589, -0.5138096911669574052, -3.714304425095116713 ) ) ;
#687 = CARTESIAN_POINT ( 'NONE',  ( -1.357050807568875861, 8.309539638847774027E-17, -0.5874999999999990230 ) ) ;
#688 = LINE ( 'NONE', #2988, #175 ) ;
#689 = ORIENTED_EDGE ( 'NONE', *, *, #1091, .T. ) ;
#690 = ORIENTED_EDGE ( 'NONE', *, *, #3256, .T. ) ;
#691 = CALENDAR_DATE ( 2026, 11, 6 ) ;
#692 = FACE_OUTER_BOUND ( 'NONE', #786, .T. ) ;
#693 = CARTESIAN_POINT ( 'NONE',  ( -0.6785254037844378194, 1.175240473580834388, 0.3916666666666677732 ) ) ;
#694 = CARTESIAN_POINT ( 'NONE',  ( -1.402572142074932415, -2.651396004435004690E-11, 1.781250000001181499 ) ) ;
#695 = PLANE ( 'NONE',  #2034 ) ;
#696 = CARTESIAN_POINT ( 'NONE',  ( 1.345913105676658450, 0.7770632938682625612, 0.4854166666666674401 ) ) ;
#697 = ORIENTED_EDGE ( 'NONE', *, *, #3272, .T. ) ;
#698 = CARTESIAN_POINT ( 'NONE',  ( -0.6785254037844382635, -1.175240473580834166, 1.058333333333334236 ) ) ;
#699 = CARTESIAN_POINT ( 'NONE',  ( 1.017788105676657562, 0.5876202367904164170, 2.704166666666667496 ) ) ;
#700 = FACE_OUTER_BOUND ( 'NONE', #1687, .T. ) ;
#701 = CARTESIAN_POINT ( 'NONE',  ( -0.6785254037844382635, -1.175240473580834166, 0.4958333333333342363 ) ) ;
#702 = CARTESIAN_POINT ( 'NONE',  ( -0.6785254037844383745, -1.175240473580834166, -1.004166666666665764 ) ) ;
#703 = CARTESIAN_POINT ( 'NONE',  ( 1.499999999999997558, 0.4019237886466867082, -1.002670900630739492 ) ) ;
#704 = ORIENTED_EDGE ( 'NONE', *, *, #2953, .T. ) ;
#705 = ORIENTED_EDGE ( 'NONE', *, *, #3095, .T. ) ;
#706 = PERSON_AND_ORGANIZATION_ROLE ( 'creator' ) ;
#707 = CARTESIAN_POINT ( 'NONE',  ( -1.499999999999999334, 0.4019237886466840992, -2.297329099369259886 ) ) ;
#708 = EDGE_CURVE ( 'NONE', #2687, #1222, #325, .T. ) ;
#709 = CARTESIAN_POINT ( 'NONE',  ( 1.017788105676656896, -0.5876202367904177493, 0.1833333333333344028 ) ) ;
#710 = CARTESIAN_POINT ( 'NONE',  ( 1.430908802125421708, -0.4499999999999905742, 1.950000000000000400 ) ) ;
#711 = DIRECTION ( 'NONE',  ( 0.000000000000000000, 0.000000000000000000, -1.000000000000000000 ) ) ;
#712 = AXIS2_PLACEMENT_3D ( 'NONE', #1487, #1732, #2732 ) ;
#713 = CARTESIAN_POINT ( 'NONE',  ( -1.345913105676657784, 0.7770632938682638935, 1.152083333333334236 ) ) ;
#714 = CARTESIAN_POINT ( 'NONE',  ( 1.499999999999999778, -0.4019237886466835996, 0.9526709006307396699 ) ) ;
#715 = CARTESIAN_POINT ( 'NONE',  ( -1.017788105676657118, -0.5876202367904169721, 1.954166666666667496 ) ) ;
#716 = DIRECTION ( 'NONE',  ( 0.000000000000000000, 1.445602896647339410E-16, -1.000000000000000000 ) ) ;
#717 = CARTESIAN_POINT ( 'NONE',  ( 1.417098203500962050, -0.3544995587014467819, 1.863270436227306703 ) ) ;
#718 = APPROVAL_PERSON_ORGANIZATION ( #339, #3211, #2410 ) ;
#719 = CARTESIAN_POINT ( 'NONE',  ( 0.6785254037844375974, -1.175240473580834610, -1.420833333333332060 ) ) ;
#720 = CARTESIAN_POINT ( 'NONE',  ( -1.499999999999999334, 1.743066579297358255E-16, -1.775000000000000133 ) ) ;
#721 = ORIENTED_EDGE ( 'NONE', *, *, #892, .T. ) ;
#722 = EDGE_LOOP ( 'NONE', ( #2312, #2001, #1931, #1440 ) ) ;
#723 = FACE_OUTER_BOUND ( 'NONE', #1649, .T. ) ;
#724 = CARTESIAN_POINT ( 'NONE',  ( 0.6785254037844375974, -1.175240473580834610, 1.141666666666667496 ) ) ;
#725 = CARTESIAN_POINT ( 'NONE',  ( -0.8660254037844389297, -1.499999999999999334, 0.7458333333333342363 ) ) ;
#726 = EDGE_CURVE ( 'NONE', #2959, #3275, #1093, .T. ) ;
#727 = CARTESIAN_POINT ( 'NONE',  ( 0.000000000000000000, 0.000000000000000000, 1.950000000000000400 ) ) ;
#728 = CARTESIAN_POINT ( 'NONE',  ( 2.878508968398376785E-16, 1.175240473580834388, -4.212499999999999467 ) ) ;
#729 = CARTESIAN_POINT ( 'NONE',  ( -1.794550807568877193, 1.098845451198261649E-16, 0.1937500000000007827 ) ) ;
#730 = EDGE_CURVE ( 'NONE', #1681, #2080, #818, .T. ) ;
#731 = VERTEX_POINT ( 'NONE', #1176 ) ;
#732 = FACE_OUTER_BOUND ( 'NONE', #3012, .T. ) ;
#733 = CARTESIAN_POINT ( 'NONE',  ( -1.017788105676657118, 0.5876202367904173052, -4.066666666666666430 ) ) ;
#734 = CARTESIAN_POINT ( 'NONE',  ( 0.6677515760493464292, -1.080209701994804927, 1.533175260675881058 ) ) ;
#735 = CARTESIAN_POINT ( 'NONE',  ( -3.000000000000000000, 3.673940397442059868E-16, 2.100000000000000089 ) ) ;
#736 = CARTESIAN_POINT ( 'NONE',  ( -0.6785254037844383745, -1.175240473580834166, -1.504166666666665764 ) ) ;
#737 = CARTESIAN_POINT ( 'NONE',  ( 2.878508968398376785E-16, 1.175240473580834388, 2.850000000000000977 ) ) ;
#738 = ORIENTED_EDGE ( 'NONE', *, *, #1005, .T. ) ;
#739 = VERTEX_POINT ( 'NONE', #1909 ) ;
#740 = DIRECTION ( 'NONE',  ( 0.000000000000000000, 0.000000000000000000, -1.000000000000000000 ) ) ;
#741 = CARTESIAN_POINT ( 'NONE',  ( -0.6785254037844378194, 1.175240473580834388, 0.8916666666666678287 ) ) ;
#742 = VECTOR ( 'NONE', #379, 1000.000000000000000 ) ;
#743 = DIRECTION ( 'NONE',  ( -0.000000000000000000, -0.000000000000000000, 1.000000000000000000 ) ) ;
#744 = EDGE_CURVE ( 'NONE', #1387, #1749, #3100, .T. ) ;
#745 = CARTESIAN_POINT ( 'NONE',  ( 1.345913105676658450, 0.7770632938682625612, 1.485416666666667496 ) ) ;
#746 = ORIENTED_EDGE ( 'NONE', *, *, #629, .F. ) ;
#747 = CARTESIAN_POINT ( 'NONE',  ( -0.6785254037844379305, 1.175240473580834388, 0.3916666666666677732 ) ) ;
#748 = CARTESIAN_POINT ( 'NONE',  ( 1.017788105676656896, -0.5876202367904177493, 2.620833333333334458 ) ) ;
#749 = EDGE_CURVE ( 'NONE', #2526, #1257, #3015, .T. ) ;
#750 = CARTESIAN_POINT ( 'NONE',  ( -0.1197696554866348323, -1.233977413951952151, 1.494687207133430507 ) ) ;
#751 = CARTESIAN_POINT ( 'NONE',  ( 1.357050807568876083, -2.492861891654331838E-16, -1.837499999999999467 ) ) ;
#752 = CARTESIAN_POINT ( 'NONE',  ( -1.017788105676657118, 0.5876202367904173052, -1.129166666666665542 ) ) ;
#753 = CARTESIAN_POINT ( 'NONE',  ( 0.000000000000000000, 0.000000000000000000, 6.342640687119286191 ) ) ;
#754 = CARTESIAN_POINT ( 'NONE',  ( -1.499999999999999556, -0.4019237886466837661, -1.252670900630739936 ) ) ;
#755 = ORIENTED_EDGE ( 'NONE', *, *, #26, .F. ) ;
#756 = CARTESIAN_POINT ( 'NONE',  ( 0.8816504037844381525, -1.527063293868264449, -2.123958333333333393 ) ) ;
#757 = CARTESIAN_POINT ( 'NONE',  ( 1.465037235937388882, 0.2321277454765135750, 1.913404799113349153 ) ) ;
#758 = CARTESIAN_POINT ( 'NONE',  ( 1.017788105676656896, -0.5876202367904177493, -1.816666666666665542 ) ) ;
#759 = FACE_OUTER_BOUND ( 'NONE', #2013, .T. ) ;
#760 = CARTESIAN_POINT ( 'NONE',  ( -0.8972754037844390407, -1.554126587736526899, -2.722916666666665986 ) ) ;
#761 = ORIENTED_EDGE ( 'NONE', *, *, #130, .T. ) ;
#762 = CARTESIAN_POINT ( 'NONE',  ( -1.017788105676657118, 0.5876202367904173052, 0.4333333333333344028 ) ) ;
#763 = VECTOR ( 'NONE', #1038, 1000.000000000000000 ) ;
#764 = CARTESIAN_POINT ( 'NONE',  ( -1.357050807568875861, 8.309539638847774027E-17, -0.08749999999999903688 ) ) ;
#765 = CARTESIAN_POINT ( 'NONE',  ( 1.294318966601190946, -1.572536565622766873E-13, 1.593749999999992673 ) ) ;
#766 = EDGE_CURVE ( 'NONE', #793, #905, #1989, .T. ) ;
#767 = CARTESIAN_POINT ( 'NONE',  ( -0.6785254037844379305, 1.175240473580834388, -1.170833333333332282 ) ) ;
#768 = CARTESIAN_POINT ( 'NONE',  ( 0.6785254037844385966, 1.175240473580834166, -3.254166666666665098 ) ) ;
#769 = CARTESIAN_POINT ( 'NONE',  ( 1.017788105676656896, -0.5876202367904177493, 1.683333333333334458 ) ) ;
#770 = CARTESIAN_POINT ( 'NONE',  ( 1.499999999999999778, 0.4019237886466831555, -3.065170900630738160 ) ) ;
#771 = ORIENTED_EDGE ( 'NONE', *, *, #3072, .T. ) ;
#772 = CARTESIAN_POINT ( 'NONE',  ( -1.322475605676658006, 0.7635316469341321133, -2.332291666666667318 ) ) ;
#773 = CARTESIAN_POINT ( 'NONE',  ( -1.500000000000000222, 0.000000000000000000, 6.342640687119286191 ) ) ;
#774 = CC_DESIGN_APPROVAL ( #1513, ( #2774 ) ) ;
#775 = CARTESIAN_POINT ( 'NONE',  ( -1.439254484199188393E-16, -1.175240473580834388, -2.399999999999999023 ) ) ;
#776 = CARTESIAN_POINT ( 'NONE',  ( -2.984962311319860007, -0.2999999999999999334, 3.209999999999999964 ) ) ;
#777 = CARTESIAN_POINT ( 'NONE',  ( 0.8972754037844394848, 1.554126587736526899, -0.9729166666666657637 ) ) ;
#778 = ORIENTED_EDGE ( 'NONE', *, *, #1338, .T. ) ;
#779 = CARTESIAN_POINT ( 'NONE',  ( 0.6785254037844385966, 1.175240473580834166, 0.3083333333333345139 ) ) ;
#780 = CARTESIAN_POINT ( 'NONE',  ( -1.439254484199188393E-16, -1.175240473580834388, -0.4624999999999989120 ) ) ;
#781 = CARTESIAN_POINT ( 'NONE',  ( -2.984962311319860007, 0.3000000000000001554, 3.209999999999999964 ) ) ;
#782 = CARTESIAN_POINT ( 'NONE',  ( -1.357050807568876083, 8.309539638847774027E-17, -0.08749999999999903688 ) ) ;
#783 = CARTESIAN_POINT ( 'NONE',  ( -0.6785254037844383745, -1.175240473580834166, -2.004166666666665986 ) ) ;
#784 = CARTESIAN_POINT ( 'NONE',  ( -1.017788105676657118, -0.5876202367904169721, 1.516666666666667718 ) ) ;
#785 = FACE_OUTER_BOUND ( 'NONE', #952, .T. ) ;
#786 = EDGE_LOOP ( 'NONE', ( #446, #2211, #2261, #427 ) ) ;
#787 = CARTESIAN_POINT ( 'NONE',  ( 1.322475605676658672, 0.7635316469341310031, -1.998958333333333393 ) ) ;
#788 = DIRECTION ( 'NONE',  ( -0.000000000000000000, -0.000000000000000000, 1.000000000000000000 ) ) ;
#789 = CARTESIAN_POINT ( 'NONE',  ( -1.499999999999999334, 0.4019237886466840992, -1.297329099369260330 ) ) ;
#790 = CARTESIAN_POINT ( 'NONE',  ( 2.878508968398376785E-16, 1.175240473580834388, -3.649999999999999023 ) ) ;
#791 = CARTESIAN_POINT ( 'NONE',  ( -1.499999999999999334, 2.324088772396477673E-16, -3.337499999999999023 ) ) ;
#792 = CARTESIAN_POINT ( 'NONE',  ( -0.8972754037844390407, -1.554126587736526899, -1.222916666666665986 ) ) ;
#793 = VERTEX_POINT ( 'NONE', #710 ) ;
#794 = CARTESIAN_POINT ( 'NONE',  ( -1.439254484199188393E-16, -1.175240473580834388, 0.1000000000000011297 ) ) ;
#795 = CARTESIAN_POINT ( 'NONE',  ( 0.6785254037844385966, 1.175240473580834166, 0.7458333333333342363 ) ) ;
#796 = VECTOR ( 'NONE', #2505, 1000.000000000000000 ) ;
#797 = CARTESIAN_POINT ( 'NONE',  ( -1.500000000000001776, 0.4019237886466805465, 0.1401709006307405858 ) ) ;
#798 = CARTESIAN_POINT ( 'NONE',  ( -0.6785254037844382635, -1.175240473580834166, -2.004166666666665986 ) ) ;
#799 = CARTESIAN_POINT ( 'NONE',  ( 2.878508968398376785E-16, 1.175240473580834388, -2.712499999999999023 ) ) ;
#800 = CARTESIAN_POINT ( 'NONE',  ( 1.017788105676656896, -0.5876202367904177493, 0.1833333333333344028 ) ) ;
#801 = CARTESIAN_POINT ( 'NONE',  ( -2.988160250287184905, -0.2663285085019699294, 3.155668195507793872 ) ) ;
#802 = ORIENTED_EDGE ( 'NONE', *, *, #1361, .T. ) ;
#803 = CARTESIAN_POINT ( 'NONE',  ( 3.740226349862366751E-16, 1.527063293868263782, -0.9156250000000006883 ) ) ;
#804 = CARTESIAN_POINT ( 'NONE',  ( -1.357355715852097022, -1.538523526438743883E-11, -3.692644284147901690 ) ) ;
#805 = CARTESIAN_POINT ( 'NONE',  ( 1.322475605676658672, 0.7635316469341310031, -3.998958333333333393 ) ) ;
#806 = CARTESIAN_POINT ( 'NONE',  ( 1.357050807568875861, -2.492861891654331838E-16, -2.774999999999999467 ) ) ;
#807 = ADVANCED_FACE ( 'NONE', ( #140 ), #2277, .T. ) ;
#808 = CARTESIAN_POINT ( 'NONE',  ( 0.8972754037844380415, -1.554126587736527787, -2.139583333333332948 ) ) ;
#809 = CARTESIAN_POINT ( 'NONE',  ( -1.500000000000000222, 0.000000000000000000, 6.342640687119286191 ) ) ;
#810 = CARTESIAN_POINT ( 'NONE',  ( 1.357050807568875861, -2.492861891654331838E-16, 0.6625000000000009770 ) ) ;
#811 = CARTESIAN_POINT ( 'NONE',  ( -1.182677969937173001, -0.1621129158587942265, 1.414765686375560660 ) ) ;
#812 = CARTESIAN_POINT ( 'NONE',  ( 1.017788105676657562, 0.5876202367904164170, -1.295833333333332504 ) ) ;
#813 = CARTESIAN_POINT ( 'NONE',  ( 0.6785254037844385966, 1.175240473580834166, -3.754166666666665542 ) ) ;
#814 = CARTESIAN_POINT ( 'NONE',  ( 0.6785254037844375974, -1.175240473580834610, 2.141666666666667496 ) ) ;
#815 = CARTESIAN_POINT ( 'NONE',  ( -0.8660254037844387076, -1.499999999999998668, -1.691666666666666874 ) ) ;
#816 = VERTEX_POINT ( 'NONE', #1160 ) ;
#817 = AXIS2_PLACEMENT_3D ( 'NONE', #1019, #743, #490 ) ;
#818 =( BOUNDED_CURVE ( )  B_SPLINE_CURVE ( 2, ( #844, #1861, #2607, #343, #188, #3164, #2217, #424, #1675 ),
 .UNSPECIFIED., .F., .F. ) 
 B_SPLINE_CURVE_WITH_KNOTS ( ( 3, 2, 2, 2, 3 ),
 ( 0.7321428571428570953, 0.7380952380952381375, 0.7500000000000000000, 0.7619047619047618625, 0.7678571428571427937 ),
 .UNSPECIFIED. ) 
 CURVE ( )  GEOMETRIC_REPRESENTATION_ITEM ( )  RATIONAL_B_SPLINE_CURVE ( ( 0.9330127018922194093, 0.9330127018922187432, 1.000000000000000000, 0.8660254037844388186, 1.000000000000000000, 0.8660254037844388186, 1.000000000000000000, 0.9330127018922200755, 0.9330127018922194093 ) ) 
 REPRESENTATION_ITEM ( '' )  );
#819 = CARTESIAN_POINT ( 'NONE',  ( 1.322475605676658006, -0.7635316469341325574, -2.082291666666667318 ) ) ;
#820 = CARTESIAN_POINT ( 'NONE',  ( 1.499999999999999556, 1.307299934473018605E-15, 0.9749999999999998668 ) ) ;
#821 = CARTESIAN_POINT ( 'NONE',  ( -0.8816504037844384856, 1.527063293868264005, -4.373958333333334281 ) ) ;
#822 = DIRECTION ( 'NONE',  ( 0.000000000000000000, 0.000000000000000000, -1.000000000000000000 ) ) ;
#823 = CARTESIAN_POINT ( 'NONE',  ( 1.017788105676657562, 0.5876202367904164170, -3.233333333333332504 ) ) ;
#824 = PRODUCT_RELATED_PRODUCT_CATEGORY ( 'detail', '', ( #1736 ) ) ;
#825 = CONICAL_SURFACE ( 'NONE', #2828, 1.150000000000001243, 0.7853981633974471688 ) ;
#826 = CARTESIAN_POINT ( 'NONE',  ( 0.3106356118591249715, 1.316406833607389526, 1.674419047703457508 ) ) ;
#827 = CARTESIAN_POINT ( 'NONE',  ( 0.8972754037844380415, -1.554126587736527787, -2.639583333333332060 ) ) ;
#828 = EDGE_CURVE ( 'NONE', #2460, #2228, #1410, .T. ) ;
#829 = CARTESIAN_POINT ( 'NONE',  ( -1.164507379371331641, 0.4409749361116885868, 1.474321894044949399 ) ) ;
#830 = CARTESIAN_POINT ( 'NONE',  ( 1.017788105676657562, 0.5876202367904164170, 0.2041666666666676067 ) ) ;
#831 = CARTESIAN_POINT ( 'NONE',  ( 1.499999999999999556, 3.108468733080288876E-15, -0.08749999999999895361 ) ) ;
#832 = CARTESIAN_POINT ( 'NONE',  ( -0.6785254037844382635, -1.175240473580834166, -3.004166666666665986 ) ) ;
#833 = CARTESIAN_POINT ( 'NONE',  ( -0.6785254037844383745, -1.175240473580834166, -3.004166666666665986 ) ) ;
#834 = CARTESIAN_POINT ( 'NONE',  ( -0.6785254037844378194, 1.175240473580834388, 2.391666666666667940 ) ) ;
#835 = ORIENTED_EDGE ( 'NONE', *, *, #2400, .T. ) ;
#836 = LINE ( 'NONE', #1851, #2380 ) ;
#837 = CARTESIAN_POINT ( 'NONE',  ( 0.9515192251343781438, -1.136155349040749885, -3.577771303244147383 ) ) ;
#838 = CARTESIAN_POINT ( 'NONE',  ( -1.763300807568877193, 1.079710344961584282E-16, -3.790625000000000799 ) ) ;
#839 = CARTESIAN_POINT ( 'NONE',  ( 2.986200694973644598, -0.2874337655118657797, 3.172643109755393098 ) ) ;
#840 = PERSON_AND_ORGANIZATION ( #3018, #2721 ) ;
#841 = CARTESIAN_POINT ( 'NONE',  ( 0.8501929369041343332, 1.019074655926024642, 1.645555093341587671 ) ) ;
#842 = CARTESIAN_POINT ( 'NONE',  ( -1.794550807568877193, 1.098845451198261649E-16, -3.306249999999999023 ) ) ;
#843 = LINE ( 'NONE', #1860, #155 ) ;
#844 = CARTESIAN_POINT ( 'NONE',  ( 1.499999999999999778, 6.943215207534476889E-15, -2.524999999999999023 ) ) ;
#845 = CARTESIAN_POINT ( 'NONE',  ( -0.6785254037844383745, -1.175240473580834166, -2.004166666666665986 ) ) ;
#846 = CARTESIAN_POINT ( 'NONE',  ( 1.299038105676657340, -0.7500000000000003331, -1.129166666666665986 ) ) ;
#847 = CARTESIAN_POINT ( 'NONE',  ( 1.017788105676657562, 0.5876202367904164170, -3.295833333333332504 ) ) ;
#848 = CARTESIAN_POINT ( 'NONE',  ( 1.763300807568877193, -3.239131034884752599E-16, 0.9593749999999994227 ) ) ;
#849 = AXIS2_PLACEMENT_3D ( 'NONE', #284, #2801, #1554 ) ;
#850 = CARTESIAN_POINT ( 'NONE',  ( -0.6785254037844378194, 1.175240473580834388, -1.608333333333331838 ) ) ;
#851 = ADVANCED_FACE ( 'NONE', ( #957 ), #3189, .T. ) ;
#852 = LINE ( 'NONE', #1868, #2769 ) ;
#853 = ORIENTED_EDGE ( 'NONE', *, *, #1541, .T. ) ;
#854 = CARTESIAN_POINT ( 'NONE',  ( -1.836970198721029194E-16, -1.499999999999999556, 1.787500000000000533 ) ) ;
#855 = CARTESIAN_POINT ( 'NONE',  ( 0.6785254037844385966, 1.175240473580834166, 1.245833333333334236 ) ) ;
#856 = CARTESIAN_POINT ( 'NONE',  ( 3.673940397442059375E-16, 1.499999999999999556, -1.400000000000000133 ) ) ;
#857 = ORIENTED_EDGE ( 'NONE', *, *, #114, .F. ) ;
#858 =( BOUNDED_CURVE ( )  B_SPLINE_CURVE ( 2, ( #906, #406, #170, #3268, #2029, #1190, #502, #3207, #1271 ),
 .UNSPECIFIED., .F., .F. ) 
 B_SPLINE_CURVE_WITH_KNOTS ( ( 3, 2, 2, 2, 3 ),
 ( 0.3035714285714285476, 0.3095238095238095344, 0.3214285714285714524, 0.3333333333333333148, 0.3392857142857142461 ),
 .UNSPECIFIED. ) 
 CURVE ( )  GEOMETRIC_REPRESENTATION_ITEM ( )  RATIONAL_B_SPLINE_CURVE ( ( 0.9330127018922194093, 0.9330127018922190762, 1.000000000000000000, 0.8660254037844388186, 1.000000000000000000, 0.8660254037844388186, 1.000000000000000000, 0.9330127018922197424, 0.9330127018922194093 ) ) 
 REPRESENTATION_ITEM ( '' )  );
#859 = CARTESIAN_POINT ( 'NONE',  ( 1.381457290957135653, -0.6072457835757797406, 1.941264123134678776 ) ) ;
#860 = CARTESIAN_POINT ( 'NONE',  ( -1.345913105676658006, -0.7770632938682633384, -3.264583333333332060 ) ) ;
#861 = CARTESIAN_POINT ( 'NONE',  ( 1.357050807568876083, -2.492861891654331838E-16, -3.274999999999999023 ) ) ;
#862 = CARTESIAN_POINT ( 'NONE',  ( 2.878508968398376785E-16, 1.175240473580834388, -3.212499999999998579 ) ) ;
#863 = CARTESIAN_POINT ( 'NONE',  ( 1.499999999999997780, 0.4019237886466867082, 1.434829099369261174 ) ) ;
#864 = LINE ( 'NONE', #632, #742 ) ;
#865 = CARTESIAN_POINT ( 'NONE',  ( 1.322475605676658672, 0.7635316469341310031, 2.001041666666666163 ) ) ;
#866 = CARTESIAN_POINT ( 'NONE',  ( -1.439254484199188393E-16, -1.175240473580834388, -0.3999999999999988565 ) ) ;
#867 = CARTESIAN_POINT ( 'NONE',  ( 1.130497112333641807, -0.3597029793110298468, -3.867191093883374453 ) ) ;
#868 = CARTESIAN_POINT ( 'NONE',  ( 1.499999999999999556, -6.100733027540754016E-16, 0.4125000000000009215 ) ) ;
#869 = ORIENTED_EDGE ( 'NONE', *, *, #730, .F. ) ;
#870 = ADVANCED_FACE ( 'NONE', ( #159 ), #2224, .T. ) ;
#871 = CARTESIAN_POINT ( 'NONE',  ( 2.350935983815807706, 0.3000000000000001554, 3.899999999999999911 ) ) ;
#872 = CARTESIAN_POINT ( 'NONE',  ( 1.017788105676657562, 0.5876202367904164170, 1.204166666666667718 ) ) ;
#873 = CARTESIAN_POINT ( 'NONE',  ( -2.989843845393449939, 0.2467376511840438380, 3.149999999999999911 ) ) ;
#874 = VECTOR ( 'NONE', #2939, 1000.000000000000000 ) ;
#875 = ORIENTED_EDGE ( 'NONE', *, *, #8, .T. ) ;
#876 = CARTESIAN_POINT ( 'NONE',  ( -1.499999999999999334, 0.4019237886466840992, -3.297329099369260774 ) ) ;
#877 = CARTESIAN_POINT ( 'NONE',  ( -1.017788105676657118, 0.5876202367904173052, 1.433333333333334236 ) ) ;
#878 = CARTESIAN_POINT ( 'NONE',  ( 1.017788105676656896, -0.5876202367904177493, -2.816666666666665542 ) ) ;
#879 = CARTESIAN_POINT ( 'NONE',  ( 2.878508968398376785E-16, 1.175240473580834388, -2.712499999999999023 ) ) ;
#880 = CARTESIAN_POINT ( 'NONE',  ( -1.499999999999999334, 1.743066579297358255E-16, -3.275000000000000355 ) ) ;
#881 = CARTESIAN_POINT ( 'NONE',  ( -1.017788105676657118, 0.5876202367904173052, -3.129166666666665986 ) ) ;
#882 = CARTESIAN_POINT ( 'NONE',  ( 0.8816504037844394848, 1.527063293868263338, 1.042708333333332682 ) ) ;
#883 = CARTESIAN_POINT ( 'NONE',  ( -1.357050807568875861, 8.309539638847774027E-17, -2.024999999999998579 ) ) ;
#884 = ORIENTED_EDGE ( 'NONE', *, *, #3095, .F. ) ;
#885 = B_SPLINE_CURVE_WITH_KNOTS ( 'NONE', 3,
 ( #1932, #2421, #1591, #1069, #2681, #670, #2588, #2855, #839, #1682, #2667, #1343, #1150, #685, #1650, #636 ),
 .UNSPECIFIED., .F., .F.,
 ( 4, 3, 3, 3, 3, 4 ),
 ( 0.000000000000000000, 2.027794713964064518E-05, 4.055659825294216978E-05, 6.082064997283358172E-05, 8.101128717374851337E-05, 9.391475842884568226E-05 ),
 .UNSPECIFIED. ) ;
#886 = CARTESIAN_POINT ( 'NONE',  ( -1.500000000000000222, 0.000000000000000000, 1.950000000000000400 ) ) ;
#887 = CARTESIAN_POINT ( 'NONE',  ( 1.500000000000000222, 1.836970198721030181E-16, 6.342640687119286191 ) ) ;
#888 = CARTESIAN_POINT ( 'NONE',  ( -1.299038105676657784, -0.7499999999999993339, -2.795833333333332504 ) ) ;
#889 = ORIENTED_EDGE ( 'NONE', *, *, #1704, .F. ) ;
#890 = DIRECTION ( 'NONE',  ( 1.000000000000000000, 0.000000000000000000, 0.000000000000000000 ) ) ;
#891 = CARTESIAN_POINT ( 'NONE',  ( 3.673940397442059375E-16, 1.499999999999999556, -3.399999999999999911 ) ) ;
#892 = EDGE_CURVE ( 'NONE', #2687, #3139, #1729, .T. ) ;
#893 = CARTESIAN_POINT ( 'NONE',  ( -1.903256151141336323E-16, -1.554126587736527343, -3.681249999999998579 ) ) ;
#894 = CARTESIAN_POINT ( 'NONE',  ( 1.499999999999999778, 1.307299934473018605E-15, 1.412500000000000977 ) ) ;
#895 = CARTESIAN_POINT ( 'NONE',  ( 1.017788105676657562, 0.5876202367904164170, -2.295833333333332504 ) ) ;
#896 = FACE_OUTER_BOUND ( 'NONE', #622, .T. ) ;
#897 = CARTESIAN_POINT ( 'NONE',  ( -1.499999999999999334, -3.544235377904628279E-15, 0.2250000000000000888 ) ) ;
#898 = CARTESIAN_POINT ( 'NONE',  ( -1.322475605676658228, -0.7635316469341315582, 1.751041666666666163 ) ) ;
#899 = CARTESIAN_POINT ( 'NONE',  ( 1.357050807568875861, -2.492861891654331838E-16, -1.274999999999998579 ) ) ;
#900 = ORIENTED_EDGE ( 'NONE', *, *, #1704, .T. ) ;
#901 = CYLINDRICAL_SURFACE ( 'NONE', #443, 1.500000000000000222 ) ;
#902 = CARTESIAN_POINT ( 'NONE',  ( 1.299038105676658228, 0.7499999999999987788, 1.016666666666666607 ) ) ;
#903 = CARTESIAN_POINT ( 'NONE',  ( 1.357050807568875861, -2.492861891654331838E-16, 1.662500000000000533 ) ) ;
#904 = CARTESIAN_POINT ( 'NONE',  ( 0.9025787751946618975, 0.8492123531831977656, -3.813553057285186565 ) ) ;
#905 = VERTEX_POINT ( 'NONE', #1340 ) ;
#906 = CARTESIAN_POINT ( 'NONE',  ( 1.499999999999999556, 3.108468733080288481E-15, 0.4750000000000000888 ) ) ;
#907 = CARTESIAN_POINT ( 'NONE',  ( 1.345913105676658450, 0.7770632938682625612, -3.014583333333332504 ) ) ;
#908 = ADVANCED_FACE ( 'NONE', ( #266 ), #2554, .T. ) ;
#909 = CARTESIAN_POINT ( 'NONE',  ( -0.8660254037844387076, -1.499999999999998668, -3.191666666666666430 ) ) ;
#910 = CARTESIAN_POINT ( 'NONE',  ( -0.6785254037844378194, 1.175240473580834388, -2.670833333333332060 ) ) ;
#911 = CARTESIAN_POINT ( 'NONE',  ( 0.8660254037844392627, 1.499999999999999334, 1.495833333333334236 ) ) ;
#912 = CARTESIAN_POINT ( 'NONE',  ( 1.299038105676658228, 0.7499999999999986677, -2.545833333333332060 ) ) ;
#913 = CARTESIAN_POINT ( 'NONE',  ( 3.740226349862366751E-16, 1.527063293868263782, -0.4156250000000006328 ) ) ;
#914 = CARTESIAN_POINT ( 'NONE',  ( -1.357050807568875861, 8.309539638847774027E-17, -1.524999999999999023 ) ) ;
#915 = ORIENTED_EDGE ( 'NONE', *, *, #377, .F. ) ;
#916 = CARTESIAN_POINT ( 'NONE',  ( 2.987642906434317958, 0.2720107785230239106, 3.159252487170799206 ) ) ;
#917 = CARTESIAN_POINT ( 'NONE',  ( 1.274127617733937345, -0.6801291978344168321, 1.834519396859315199 ) ) ;
#918 = CARTESIAN_POINT ( 'NONE',  ( 1.017788105676657562, 0.5876202367904164170, 1.704166666666667718 ) ) ;
#919 = DATE_AND_TIME ( #2475, #234 ) ;
#920 = CARTESIAN_POINT ( 'NONE',  ( 3.673940397442058389E-16, 1.499999999999999556, -2.962499999999998579 ) ) ;
#921 = AXIS2_PLACEMENT_3D ( 'NONE', #2796, #1304, #3104 ) ;
#922 =( BOUNDED_CURVE ( )  B_SPLINE_CURVE ( 2, ( #1299, #2041, #2322, #2306, #43, #1827, #1580, #579, #2075 ),
 .UNSPECIFIED., .F., .F. ) 
 B_SPLINE_CURVE_WITH_KNOTS ( ( 3, 2, 2, 2, 3 ),
 ( 0.4464285714285713969, 0.4523809523809523836, 0.4642857142857143016, 0.4761904761904761640, 0.4821428571428570953 ),
 .UNSPECIFIED. ) 
 CURVE ( )  GEOMETRIC_REPRESENTATION_ITEM ( )  RATIONAL_B_SPLINE_CURVE ( ( 0.9330127018922194093, 0.9330127018922190762, 1.000000000000000000, 0.8660254037844388186, 1.000000000000000000, 0.8660254037844388186, 1.000000000000000000, 0.9330127018922197424, 0.9330127018922194093 ) ) 
 REPRESENTATION_ITEM ( '' )  );
#923 = CARTESIAN_POINT ( 'NONE',  ( -1.017788105676657118, -0.5876202367904169721, 0.5166666666666676067 ) ) ;
#924 = CARTESIAN_POINT ( 'NONE',  ( 1.500000000000001110, -0.4019237886466808796, 1.390170900630740780 ) ) ;
#925 = CARTESIAN_POINT ( 'NONE',  ( -1.836970198721029688E-16, -1.499999999999999556, 1.349999999999999867 ) ) ;
#926 = CARTESIAN_POINT ( 'NONE',  ( -1.500000000000000222, 0.000000000000000000, 6.342640687119286191 ) ) ;
#927 = CARTESIAN_POINT ( 'NONE',  ( 0.000000000000000000, 0.000000000000000000, 1.950000000000000400 ) ) ;
#928 = CARTESIAN_POINT ( 'NONE',  ( -1.439254484199188393E-16, -1.175240473580834388, -2.899999999999998579 ) ) ;
#929 = VECTOR ( 'NONE', #3133, 1000.000000000000000 ) ;
#930 = ORIENTED_EDGE ( 'NONE', *, *, #1379, .F. ) ;
#931 = CARTESIAN_POINT ( 'NONE',  ( -2.984962311319865780, 0.3000000000000003220, 3.352765064088993885 ) ) ;
#932 = CARTESIAN_POINT ( 'NONE',  ( 1.171724248335783036, -0.8313550309415285167, 1.821362519636887001 ) ) ;
#933 = CARTESIAN_POINT ( 'NONE',  ( 0.6785254037844385966, 1.175240473580834166, 0.2458333333333344584 ) ) ;
#934 = CARTESIAN_POINT ( 'NONE',  ( -1.299038105676657562, 0.7500000000000000000, -1.816666666666666430 ) ) ;
#935 = VERTEX_POINT ( 'NONE', #1738 ) ;
#936 = ORIENTED_EDGE ( 'NONE', *, *, #402, .T. ) ;
#937 = PERSON_AND_ORGANIZATION_ROLE ( 'classification_officer' ) ;
#938 = CARTESIAN_POINT ( 'NONE',  ( 1.198862066797609538, -4.648177544792955347E-16, -3.851137933202391395 ) ) ;
#939 = CARTESIAN_POINT ( 'NONE',  ( -1.017788105676657118, -0.5876202367904169721, 0.01666666666666786686 ) ) ;
#940 = CARTESIAN_POINT ( 'NONE',  ( 0.6549548606444846044, -1.329843863243877156, 1.902122882347791810 ) ) ;
#941 = DIRECTION ( 'NONE',  ( -1.000000000000000000, -0.000000000000000000, -0.000000000000000000 ) ) ;
#942 =( BOUNDED_CURVE ( )  B_SPLINE_CURVE ( 2, ( #1230, #2237, #912, #1678, #2221, #143, #2417, #2186, #3229 ),
 .UNSPECIFIED., .F., .F. ) 
 B_SPLINE_CURVE_WITH_KNOTS ( ( 3, 2, 2, 2, 3 ),
 ( 0.1964285714285713969, 0.2023809523809523281, 0.2142857142857143016, 0.2261904761904761640, 0.2321428571428572063 ),
 .UNSPECIFIED. ) 
 CURVE ( )  GEOMETRIC_REPRESENTATION_ITEM ( )  RATIONAL_B_SPLINE_CURVE ( ( 0.9330127018922192983, 0.9330127018922192983, 1.000000000000000000, 0.8660254037844385966, 1.000000000000000000, 0.8660254037844385966, 1.000000000000000000, 0.9330127018922187432, 0.9330127018922192983 ) ) 
 REPRESENTATION_ITEM ( '' )  );
#943 = CARTESIAN_POINT ( 'NONE',  ( 1.345913105676657562, -0.7770632938682643376, 0.9020833333333341253 ) ) ;
#944 = FACE_OUTER_BOUND ( 'NONE', #2935, .T. ) ;
#945 = CARTESIAN_POINT ( 'NONE',  ( 2.878508968398376785E-16, 1.175240473580834388, -2.649999999999999023 ) ) ;
#946 = DIRECTION ( 'NONE',  ( 0.000000000000000000, -1.000000000000000000, -1.445602896647339410E-16 ) ) ;
#947 = EDGE_CURVE ( 'NONE', #3222, #487, #422, .T. ) ;
#948 = CARTESIAN_POINT ( 'NONE',  ( -1.439254484199188393E-16, -1.175240473580834388, 0.5375000000000008660 ) ) ;
#949 = CARTESIAN_POINT ( 'NONE',  ( -0.6785254037844378194, 1.175240473580834388, -0.6708333333333321713 ) ) ;
#950 = CARTESIAN_POINT ( 'NONE',  ( 1.299038105676658228, 0.7499999999999987788, -1.983333333333332948 ) ) ;
#951 = ORIENTED_EDGE ( 'NONE', *, *, #1906, .F. ) ;
#952 = EDGE_LOOP ( 'NONE', ( #1272, #778, #2244, #3085 ) ) ;
#953 = PERSON_AND_ORGANIZATION ( #3018, #2721 ) ;
#954 = LINE ( 'NONE', #3270, #1082 ) ;
#955 = CARTESIAN_POINT ( 'NONE',  ( -1.439254484199188393E-16, -1.175240473580834388, 1.100000000000000977 ) ) ;
#956 = B_SPLINE_CURVE_WITH_KNOTS ( 'NONE', 3,
 ( #2297, #3055, #1325, #337, #2362, #1103, #2119, #2785, #1538, #2539, #1291, #1802, #1887, #639, #133, #904, #2181, #1405, #2618, #1390, #387, #1154 ),
 .UNSPECIFIED., .F., .F.,
 ( 4, 2, 2, 2, 2, 2, 2, 2, 2, 2, 4 ),
 ( 0.004047950282474896584, 0.004549233172850993684, 0.005050516063227090784, 0.005551798953603187883, 0.005802440398791236000, 0.006053081843979284116, 0.006554364734355380348, 0.007055647624731476580, 0.007306289069919524697, 0.007556930515107572813, 0.008058213405483669045 ),
 .UNSPECIFIED. ) ;
#957 = FACE_OUTER_BOUND ( 'NONE', #1021, .T. ) ;
#958 = CARTESIAN_POINT ( 'NONE',  ( -1.499999999999999334, 1.743066579297358255E-16, 1.224999999999999645 ) ) ;
#959 = CARTESIAN_POINT ( 'NONE',  ( 1.345913105676658450, 0.7770632938682625612, -0.01458333333333259457 ) ) ;
#960 = CARTESIAN_POINT ( 'NONE',  ( -0.8660254037844387076, -1.499999999999998668, 0.8083333333333330151 ) ) ;
#961 =( BOUNDED_CURVE ( )  B_SPLINE_CURVE ( 2, ( #558, #2509, #2, #2772, #21, #3026, #3009, #541, #2316 ),
 .UNSPECIFIED., .F., .F. ) 
 B_SPLINE_CURVE_WITH_KNOTS ( ( 3, 2, 2, 2, 3 ),
 ( 0.4821428571428572063, 0.4880952380952381375, 0.5000000000000000000, 0.5119047619047618625, 0.5178571428571429047 ),
 .UNSPECIFIED. ) 
 CURVE ( )  GEOMETRIC_REPRESENTATION_ITEM ( )  RATIONAL_B_SPLINE_CURVE ( ( 0.9330127018922192983, 0.9330127018922198534, 1.000000000000000000, 0.8660254037844385966, 1.000000000000000000, 0.8660254037844385966, 1.000000000000000000, 0.9330127018922187432, 0.9330127018922192983 ) ) 
 REPRESENTATION_ITEM ( '' )  );
#962 = CARTESIAN_POINT ( 'NONE',  ( 1.017788105676656896, -0.5876202367904177493, 2.120833333333334458 ) ) ;
#963 = CARTESIAN_POINT ( 'NONE',  ( -1.499999999999999334, -3.544235377904628279E-15, -0.2749999999999999112 ) ) ;
#964 = CARTESIAN_POINT ( 'NONE',  ( -0.7537604559651234215, -1.095163968104834185, 1.633890897676279819 ) ) ;
#965 = CARTESIAN_POINT ( 'NONE',  ( 1.017788105676657562, 0.5876202367904164170, -0.2958333333333323933 ) ) ;
#966 = CARTESIAN_POINT ( 'NONE',  ( 0.000000000000000000, 0.000000000000000000, 2.100000000000000089 ) ) ;
#967 = EDGE_LOOP ( 'NONE', ( #761, #2063, #299, #2220 ) ) ;
#968 = ORIENTED_EDGE ( 'NONE', *, *, #2285, .F. ) ;
#969 = EDGE_CURVE ( 'NONE', #2751, #2301, #1990, .T. ) ;
#970 = APPROVAL_DATE_TIME ( #2671, #373 ) ;
#971 = CARTESIAN_POINT ( 'NONE',  ( 1.500000000000000000, 1.836970198721030181E-16, -3.550000000000000266 ) ) ;
#972 = CARTESIAN_POINT ( 'NONE',  ( 1.017788105676657562, 0.5876202367904164170, -0.2333333333333323656 ) ) ;
#973 = DIRECTION ( 'NONE',  ( -1.000000000000000000, 0.000000000000000000, 0.000000000000000000 ) ) ;
#974 = CARTESIAN_POINT ( 'NONE',  ( -2.350935983815807706, 0.3000000000000001554, 3.899999999999999911 ) ) ;
#975 = VECTOR ( 'NONE', #2425, 1000.000000000000000 ) ;
#976 = CARTESIAN_POINT ( 'NONE',  ( 1.794550807568877193, -3.296536353594784206E-16, 1.443750000000000977 ) ) ;
#977 = CARTESIAN_POINT ( 'NONE',  ( 0.000000000000000000, 0.3000000000000001554, 3.899999999999999911 ) ) ;
#978 = CARTESIAN_POINT ( 'NONE',  ( -1.357050807568876083, 8.309539638847774027E-17, 0.9750000000000010880 ) ) ;
#979 = CARTESIAN_POINT ( 'NONE',  ( 1.017788105676656896, -0.5876202367904177493, -3.816666666666665542 ) ) ;
#980 = PLANE ( 'NONE',  #177 ) ;
#981 = CARTESIAN_POINT ( 'NONE',  ( 0.3754708205888623307, -1.113647984611309205, -3.874759526419165656 ) ) ;
#982 = CARTESIAN_POINT ( 'NONE',  ( 0.6785254037844385966, 1.175240473580834166, -0.2541666666666655416 ) ) ;
#983 = FACE_OUTER_BOUND ( 'NONE', #2136, .T. ) ;
#984 = ORIENTED_EDGE ( 'NONE', *, *, #2620, .T. ) ;
#985 = ORIENTED_EDGE ( 'NONE', *, *, #1910, .F. ) ;
#986 = CARTESIAN_POINT ( 'NONE',  ( -3.000000000000000000, 0.3000000000000002665, 3.149999999999999911 ) ) ;
#987 = CARTESIAN_POINT ( 'NONE',  ( 1.357050807568875861, -2.492861891654331838E-16, -0.7749999999999988010 ) ) ;
#988 = EDGE_CURVE ( 'NONE', #1790, #569, #1065, .T. ) ;
#989 = DIRECTION ( 'NONE',  ( -0.000000000000000000, -0.000000000000000000, 1.000000000000000000 ) ) ;
#990 = CARTESIAN_POINT ( 'NONE',  ( -1.794550807568877193, 1.098845451198261649E-16, 1.193750000000000533 ) ) ;
#991 = VERTEX_POINT ( 'NONE', #2234 ) ;
#992 = CARTESIAN_POINT ( 'NONE',  ( 0.6785254037844385966, 1.175240473580834166, -2.191666666666665986 ) ) ;
#993 = CARTESIAN_POINT ( 'NONE',  ( 2.878508968398376785E-16, 1.175240473580834388, -3.149999999999998579 ) ) ;
#994 = CARTESIAN_POINT ( 'NONE',  ( 1.299038105676657562, -0.7500000000000004441, -0.06666666666666677676 ) ) ;
#995 = CARTESIAN_POINT ( 'NONE',  ( -1.017788105676657118, -0.5876202367904169721, -1.545833333333332282 ) ) ;
#996 = CARTESIAN_POINT ( 'NONE',  ( -0.6785254037844383745, -1.175240473580834166, -0.004166666666665774094 ) ) ;
#997 = DIRECTION ( 'NONE',  ( -0.000000000000000000, -0.000000000000000000, 1.000000000000000000 ) ) ;
#998 = ORIENTED_EDGE ( 'NONE', *, *, #1559, .T. ) ;
#999 = CARTESIAN_POINT ( 'NONE',  ( -0.8660254037844380415, 1.499999999999999334, -0.3583333333333333370 ) ) ;
#1000 = ORIENTED_EDGE ( 'NONE', *, *, #1843, .F. ) ;
#1001 = CARTESIAN_POINT ( 'NONE',  ( 1.500000000000000222, 1.836970198721030181E-16, 6.342640687119286191 ) ) ;
#1002 = CARTESIAN_POINT ( 'NONE',  ( 0.6785254037844375974, -1.175240473580834610, -3.858333333333332060 ) ) ;
#1003 = CARTESIAN_POINT ( 'NONE',  ( -1.500000000000000222, 0.000000000000000000, 6.342640687119286191 ) ) ;
#1004 = CARTESIAN_POINT ( 'NONE',  ( -0.8972754037844382635, 1.554126587736527343, 1.110416666666667496 ) ) ;
#1005 = EDGE_CURVE ( 'NONE', #1502, #2783, #2142, .T. ) ;
#1006 = ORIENTED_EDGE ( 'NONE', *, *, #2304, .T. ) ;
#1007 = CARTESIAN_POINT ( 'NONE',  ( -0.6785254037844379305, 1.175240473580834388, -0.1083333333333322407 ) ) ;
#1008 = CARTESIAN_POINT ( 'NONE',  ( 2.878508968398376785E-16, 1.175240473580834388, 1.287500000000000977 ) ) ;
#1009 = FACE_OUTER_BOUND ( 'NONE', #2890, .T. ) ;
#1010 = CARTESIAN_POINT ( 'NONE',  ( -1.357050807568876083, 8.309539638847774027E-17, -1.087499999999999023 ) ) ;
#1011 = CARTESIAN_POINT ( 'NONE',  ( 2.878508968398376785E-16, 1.175240473580834388, -3.212499999999998579 ) ) ;
#1012 = CARTESIAN_POINT ( 'NONE',  ( -0.6785254037844383745, -1.175240473580834166, 0.5583333333333343473 ) ) ;
#1013 = CARTESIAN_POINT ( 'NONE',  ( -0.8660254037844382635, 1.499999999999999778, 1.079166666666667718 ) ) ;
#1014 = VERTEX_POINT ( 'NONE', #1324 ) ;
#1015 = CARTESIAN_POINT ( 'NONE',  ( 0.8816504037844394848, 1.527063293868263338, -1.457291666666667096 ) ) ;
#1016 = DIRECTION ( 'NONE',  ( 0.000000000000000000, 0.000000000000000000, -1.000000000000000000 ) ) ;
#1017 = CARTESIAN_POINT ( 'NONE',  ( 3.673940397442059375E-16, 1.499999999999999556, -2.399999999999999911 ) ) ;
#1018 = CARTESIAN_POINT ( 'NONE',  ( 2.878508968398376785E-16, 1.175240473580834388, -2.149999999999998579 ) ) ;
#1019 = CARTESIAN_POINT ( 'NONE',  ( 0.000000000000000000, 0.000000000000000000, 1.950000000000000400 ) ) ;
#1020 = CARTESIAN_POINT ( 'NONE',  ( 0.8972754037844394848, 1.554126587736526899, -2.472916666666665986 ) ) ;
#1021 = EDGE_LOOP ( 'NONE', ( #2047, #3105, #1560, #2007 ) ) ;
#1022 = CARTESIAN_POINT ( 'NONE',  ( 1.017788105676656896, -0.5876202367904177493, -0.3166666666666655972 ) ) ;
#1023 = AXIS2_PLACEMENT_3D ( 'NONE', #2283, #38, #3041 ) ;
#1024 = CARTESIAN_POINT ( 'NONE',  ( -1.017788105676657118, 0.5876202367904173052, -0.1291666666666658747 ) ) ;
#1025 = CARTESIAN_POINT ( 'NONE',  ( -0.9494649719834544754, -0.7658001743813508400, 1.446069290027225396 ) ) ;
#1026 = AXIS2_PLACEMENT_3D ( 'NONE', #653, #3183, #3199 ) ;
#1027 =( BOUNDED_SURFACE ( )  B_SPLINE_SURFACE ( 1, 2, ( 
 ( #2930, #1677, #3151, #1644, #2643, #2676, #3166, #378, #124, #2434, #1145, #2913, #647, #410, #1429, #346, #3228, #2997, #2204, #477, #2479, #1992, #1961, #2493, #1447, #426, #462, #2980, #680, #2965, #1246, #3212, #3010, #3259, #219, #2251, #176, #2693, #745, #976, #2236, #3274, #1465, #1195, #1492, #990, #713, #1004, #1755, #1692, #1481, #2219, #943, #2006, #2708, #2755, #491, #190, #1725, #3245, #205, #2450, #696, #2465, #1710, #1740, #2019, #1508, #2510, #729, #2726, #1229, #442, #1212, #959, #237, #2740, #1974, #1262, #2266, #289, #1543, #1840, #2037, #2300, #1822, #1311, #2590, #2824, #2072, #3058, #2773, #2525, #253, #1576, #2318, #1279, #777, #1072, #324, #1594, #3042, #1526, #792, #1789, #1806, #39, #3076, #57, #2559, #1345, #2334, #527, #2543, #1773, #305, #2089, #1558, #2350, #2807, #75, #1054, #510, #2840, #22, #808, #2284, #270, #559, #1090, #2788, #4, #3093, #1020, #2575, #1328, #3027, #827, #1294, #760, #1039, #2054, #542, #576, #158, #1858, #907, #1923, #2924, #342, #2364, #1395, #860, #842, #644, #139, #2876, #3129, #2908, #1409, #1908, #1378, #893, #2657, #1158, #2412, #2430, #392, #660 ),
 ( #1673, #1656, #2394, #2606, #2107, #2168, #3177, #1364, #610, #1875, #2673, #374, #91, #2138, #407, #2622, #1625, #121, #107, #1142, #357, #2379, #2154, #1106, #1425, #627, #3163, #2123, #1124, #3113, #2858, #592, #1610, #3147, #877, #1892, #2892, #1639, #2638, #2993, #1504, #724, #955, #423, #438, #2508, #1753, #741, #1971, #1988, #474, #2977, #1460, #3208, #1192, #2462, #923, #3257, #1940, #693, #1490, #2961, #1737, #1721, #709, #202, #2200, #677, #939, #217, #2447, #3008, #2182, #1175, #972, #2722, #2737, #1707, #3188, #2491, #171, #1243, #3241, #2216, #2249, #2753, #187, #987, #1208, #2004, #1226, #3224, #489, #459, #1958, #2943, #1689, #1478, #2477, #2689, #1444, #2704, #2233, #2540, #2033, #235, #1052, #2786, #525, #1574, #3025, #1070, #758, #268, #3040, #2804, #2281, #2263, #2069, #2573, #1018, #1275, #3073, #2821, #37, #1540, #775, #1292, #1787, #2332, #2523, #2298, #2315, #1804, #3090, #806, #2556, #20, #3271, #1769, #2771, #1819, #539, #508, #1, #303, #823, #2085, #250, #2017, #1037, #2052, #3056, #1556, #286, #556, #790, #1838, #1326, #1309, #55, #1002, #2838, #574, #1592, #1260, #1524, #1156, #3145 ) ),
 .UNSPECIFIED., .F., .F., .T. ) 
 B_SPLINE_SURFACE_WITH_KNOTS ( ( 2, 2 ),
 ( 3, 2, 2, 2, 2, 2, 2, 2, 2, 2, 2, 2, 2, 2, 2, 2, 2, 2, 2, 2, 2, 2, 2, 2, 2, 2, 2, 2, 2, 2, 2, 2, 2, 2, 2, 2, 2, 2, 2, 2, 2, 2, 2, 2, 2, 2, 2, 2, 2, 2, 2, 2, 2, 2, 2, 2, 2, 2, 2, 2, 2, 2, 2, 2, 2, 2, 2, 2, 2, 2, 2, 2, 2, 2, 2, 2, 2, 2, 2, 2, 2, 2, 2, 2, 3 ),
 ( 0.000000000000000000, 1.000000000000000000 ),
 ( 0.000000000000000000, 0.01190476190476190410, 0.02380952380952380820, 0.03571428571428571230, 0.04761904761904761640, 0.05952380952380952051, 0.07142857142857142461, 0.08333333333333332871, 0.09523809523809523281, 0.1071428571428571369, 0.1190476190476190410, 0.1309523809523809590, 0.1428571428571428492, 0.1547619047619047672, 0.1666666666666666574, 0.1785714285714285754, 0.1904761904761904656, 0.2023809523809523836, 0.2142857142857142738, 0.2261904761904761918, 0.2380952380952380820, 0.2500000000000000000, 0.2619047619047619180, 0.2738095238095238360, 0.2857142857142856984, 0.2976190476190476164, 0.3095238095238095344, 0.3214285714285714524, 0.3333333333333333148, 0.3452380952380952328, 0.3571428571428571508, 0.3690476190476190688, 0.3809523809523809312, 0.3928571428571428492, 0.4047619047619047672, 0.4166666666666666852, 0.4285714285714285476, 0.4404761904761904656, 0.4523809523809523836, 0.4642857142857143016, 0.4761904761904761640, 0.4880952380952380820, 0.5000000000000000000, 0.5119047619047618625, 0.5238095238095238360, 0.5357142857142856984, 0.5476190476190476719, 0.5595238095238095344, 0.5714285714285713969, 0.5833333333333333703, 0.5952380952380952328, 0.6071428571428570953, 0.6190476190476190688, 0.6309523809523809312, 0.6428571428571429047, 0.6547619047619047672, 0.6666666666666666297, 0.6785714285714286031, 0.6904761904761904656, 0.7023809523809523281, 0.7142857142857143016, 0.7261904761904761640, 0.7380952380952381375, 0.7500000000000000000, 0.7619047619047618625, 0.7738095238095238360, 0.7857142857142856984, 0.7976190476190476719, 0.8095238095238095344, 0.8214285714285713969, 0.8333333333333333703, 0.8452380952380952328, 0.8571428571428570953, 0.8690476190476190688, 0.8809523809523809312, 0.8928571428571429047, 0.9047619047619047672, 0.9166666666666666297, 0.9285714285714286031, 0.9404761904761904656, 0.9523809523809523281, 0.9642857142857143016, 0.9761904761904761640, 0.9880952380952381375, 1.000000000000000000 ),
 .UNSPECIFIED. ) 
 GEOMETRIC_REPRESENTATION_ITEM ( )  RATIONAL_B_SPLINE_SURFACE ( (
 ( 1.000000000000000000, 0.8660254037844387076, 1.000000000000000000, 0.8660254037844387076, 1.000000000000000000, 0.8660254037844387076, 1.000000000000000000, 0.8660254037844387076, 1.000000000000000000, 0.8660254037844387076, 1.000000000000000000, 0.8660254037844387076, 1.000000000000000000, 0.8660254037844387076, 1.000000000000000000, 0.8660254037844387076, 1.000000000000000000, 0.8660254037844387076, 1.000000000000000000, 0.8660254037844387076, 1.000000000000000000, 0.8660254037844387076, 1.000000000000000000, 0.8660254037844387076, 1.000000000000000000, 0.8660254037844387076, 1.000000000000000000, 0.8660254037844387076, 1.000000000000000000, 0.8660254037844387076, 1.000000000000000000, 0.8660254037844387076, 1.000000000000000000, 0.8660254037844387076, 1.000000000000000000, 0.8660254037844387076, 1.000000000000000000, 0.8660254037844387076, 1.000000000000000000, 0.8660254037844387076, 1.000000000000000000, 0.8660254037844387076, 1.000000000000000000, 0.8660254037844387076, 1.000000000000000000, 0.8660254037844387076, 1.000000000000000000, 0.8660254037844387076, 1.000000000000000000, 0.8660254037844387076, 1.000000000000000000, 0.8660254037844387076, 1.000000000000000000, 0.8660254037844387076, 1.000000000000000000, 0.8660254037844387076, 1.000000000000000000, 0.8660254037844387076, 1.000000000000000000, 0.8660254037844387076, 1.000000000000000000, 0.8660254037844387076, 1.000000000000000000, 0.8660254037844387076, 1.000000000000000000, 0.8660254037844387076, 1.000000000000000000, 0.8660254037844387076, 1.000000000000000000, 0.8660254037844387076, 1.000000000000000000, 0.8660254037844387076, 1.000000000000000000, 0.8660254037844387076, 1.000000000000000000, 0.8660254037844387076, 1.000000000000000000, 0.8660254037844387076, 1.000000000000000000, 0.8660254037844387076, 1.000000000000000000, 0.8660254037844387076, 1.000000000000000000, 0.8660254037844387076, 1.000000000000000000, 0.8660254037844387076, 1.000000000000000000, 0.8660254037844387076, 1.000000000000000000, 0.8660254037844387076, 1.000000000000000000, 0.8660254037844387076, 1.000000000000000000, 0.8660254037844387076, 1.000000000000000000, 0.8660254037844387076, 1.000000000000000000, 0.8660254037844387076, 1.000000000000000000, 0.8660254037844387076, 1.000000000000000000, 0.8660254037844387076, 1.000000000000000000, 0.8660254037844387076, 1.000000000000000000, 0.8660254037844387076, 1.000000000000000000, 0.8660254037844387076, 1.000000000000000000, 0.8660254037844387076, 1.000000000000000000, 0.8660254037844387076, 1.000000000000000000, 0.8660254037844387076, 1.000000000000000000, 0.8660254037844387076, 1.000000000000000000, 0.8660254037844387076, 1.000000000000000000, 0.8660254037844387076, 1.000000000000000000, 0.8660254037844387076, 1.000000000000000000, 0.8660254037844387076, 1.000000000000000000, 0.8660254037844387076, 1.000000000000000000, 0.8660254037844387076, 1.000000000000000000, 0.8660254037844387076, 1.000000000000000000, 0.8660254037844387076, 1.000000000000000000, 0.8660254037844387076, 1.000000000000000000, 0.8660254037844387076, 1.000000000000000000, 0.8660254037844387076, 1.000000000000000000, 0.8660254037844387076, 1.000000000000000000, 0.8660254037844387076, 1.000000000000000000, 0.8660254037844387076, 1.000000000000000000, 0.8660254037844387076, 1.000000000000000000, 0.8660254037844387076, 1.000000000000000000, 0.8660254037844387076, 1.000000000000000000, 0.8660254037844387076, 1.000000000000000000, 0.8660254037844387076, 1.000000000000000000, 0.8660254037844387076, 1.000000000000000000, 0.8660254037844387076, 1.000000000000000000, 0.8660254037844387076, 1.000000000000000000, 0.8660254037844387076, 1.000000000000000000, 0.8660254037844387076, 1.000000000000000000, 0.8660254037844387076, 1.000000000000000000, 0.8660254037844387076, 1.000000000000000000),
 ( 1.000000000000000000, 0.8660254037844387076, 1.000000000000000000, 0.8660254037844387076, 1.000000000000000000, 0.8660254037844387076, 1.000000000000000000, 0.8660254037844387076, 1.000000000000000000, 0.8660254037844387076, 1.000000000000000000, 0.8660254037844387076, 1.000000000000000000, 0.8660254037844387076, 1.000000000000000000, 0.8660254037844387076, 1.000000000000000000, 0.8660254037844387076, 1.000000000000000000, 0.8660254037844387076, 1.000000000000000000, 0.8660254037844387076, 1.000000000000000000, 0.8660254037844387076, 1.000000000000000000, 0.8660254037844387076, 1.000000000000000000, 0.8660254037844387076, 1.000000000000000000, 0.8660254037844387076, 1.000000000000000000, 0.8660254037844387076, 1.000000000000000000, 0.8660254037844387076, 1.000000000000000000, 0.8660254037844387076, 1.000000000000000000, 0.8660254037844387076, 1.000000000000000000, 0.8660254037844387076, 1.000000000000000000, 0.8660254037844387076, 1.000000000000000000, 0.8660254037844387076, 1.000000000000000000, 0.8660254037844387076, 1.000000000000000000, 0.8660254037844387076, 1.000000000000000000, 0.8660254037844387076, 1.000000000000000000, 0.8660254037844387076, 1.000000000000000000, 0.8660254037844387076, 1.000000000000000000, 0.8660254037844387076, 1.000000000000000000, 0.8660254037844387076, 1.000000000000000000, 0.8660254037844387076, 1.000000000000000000, 0.8660254037844387076, 1.000000000000000000, 0.8660254037844387076, 1.000000000000000000, 0.8660254037844387076, 1.000000000000000000, 0.8660254037844387076, 1.000000000000000000, 0.8660254037844387076, 1.000000000000000000, 0.8660254037844387076, 1.000000000000000000, 0.8660254037844387076, 1.000000000000000000, 0.8660254037844387076, 1.000000000000000000, 0.8660254037844387076, 1.000000000000000000, 0.8660254037844387076, 1.000000000000000000, 0.8660254037844387076, 1.000000000000000000, 0.8660254037844387076, 1.000000000000000000, 0.8660254037844387076, 1.000000000000000000, 0.8660254037844387076, 1.000000000000000000, 0.8660254037844387076, 1.000000000000000000, 0.8660254037844387076, 1.000000000000000000, 0.8660254037844387076, 1.000000000000000000, 0.8660254037844387076, 1.000000000000000000, 0.8660254037844387076, 1.000000000000000000, 0.8660254037844387076, 1.000000000000000000, 0.8660254037844387076, 1.000000000000000000, 0.8660254037844387076, 1.000000000000000000, 0.8660254037844387076, 1.000000000000000000, 0.8660254037844387076, 1.000000000000000000, 0.8660254037844387076, 1.000000000000000000, 0.8660254037844387076, 1.000000000000000000, 0.8660254037844387076, 1.000000000000000000, 0.8660254037844387076, 1.000000000000000000, 0.8660254037844387076, 1.000000000000000000, 0.8660254037844387076, 1.000000000000000000, 0.8660254037844387076, 1.000000000000000000, 0.8660254037844387076, 1.000000000000000000, 0.8660254037844387076, 1.000000000000000000, 0.8660254037844387076, 1.000000000000000000, 0.8660254037844387076, 1.000000000000000000, 0.8660254037844387076, 1.000000000000000000, 0.8660254037844387076, 1.000000000000000000, 0.8660254037844387076, 1.000000000000000000, 0.8660254037844387076, 1.000000000000000000, 0.8660254037844387076, 1.000000000000000000, 0.8660254037844387076, 1.000000000000000000, 0.8660254037844387076, 1.000000000000000000, 0.8660254037844387076, 1.000000000000000000, 0.8660254037844387076, 1.000000000000000000, 0.8660254037844387076, 1.000000000000000000, 0.8660254037844387076, 1.000000000000000000, 0.8660254037844387076, 1.000000000000000000, 0.8660254037844387076, 1.000000000000000000, 0.8660254037844387076, 1.000000000000000000, 0.8660254037844387076, 1.000000000000000000, 0.8660254037844387076, 1.000000000000000000, 0.8660254037844387076, 1.000000000000000000, 0.8660254037844387076, 1.000000000000000000, 0.8660254037844387076, 1.000000000000000000) ) ) 
 REPRESENTATION_ITEM ( '' )  SURFACE ( )  );
#1028 = CARTESIAN_POINT ( 'NONE',  ( 1.017788105676656896, -0.5876202367904177493, -0.8791666666666656527 ) ) ;
#1029 = CARTESIAN_POINT ( 'NONE',  ( -1.017788105676657118, -0.5876202367904169721, -3.545833333333331616 ) ) ;
#1030 = CARTESIAN_POINT ( 'NONE',  ( 2.878508968398376785E-16, 1.175240473580834388, 2.350000000000000977 ) ) ;
#1031 = CARTESIAN_POINT ( 'NONE',  ( 1.499999999999999556, -6.100733027540754016E-16, -1.524999999999999911 ) ) ;
#1032 = VERTEX_POINT ( 'NONE', #3070 ) ;
#1033 = CARTESIAN_POINT ( 'NONE',  ( -1.322475605676658006, 0.7635316469341321133, -3.332291666666667318 ) ) ;
#1034 = CARTESIAN_POINT ( 'NONE',  ( -0.9241893836532608653, -1.065194519635198400, -3.649890701541334881 ) ) ;
#1035 = CARTESIAN_POINT ( 'NONE',  ( 3.740226349862366751E-16, 1.527063293868263782, -4.415625000000000355 ) ) ;
#1036 = APPROVAL_PERSON_ORGANIZATION ( #2636, #373, #1392 ) ;
#1037 = CARTESIAN_POINT ( 'NONE',  ( -1.439254484199188393E-16, -1.175240473580834388, -3.399999999999999023 ) ) ;
#1038 = DIRECTION ( 'NONE',  ( 0.000000000000000000, 0.000000000000000000, -1.000000000000000000 ) ) ;
#1039 = CARTESIAN_POINT ( 'NONE',  ( -1.345913105676658006, -0.7770632938682633384, -2.764583333333332504 ) ) ;
#1040 = EDGE_LOOP ( 'NONE', ( #3121, #231, #1696, #915 ) ) ;
#1041 = CARTESIAN_POINT ( 'NONE',  ( 1.017788105676657562, 0.5876202367904164170, -1.233333333333332282 ) ) ;
#1042 = CARTESIAN_POINT ( 'NONE',  ( -1.439254484199188393E-16, -1.175240473580834388, 0.03750000000000107414 ) ) ;
#1043 = CARTESIAN_POINT ( 'NONE',  ( 2.878508968398376785E-16, 1.175240473580834388, -1.212499999999999245 ) ) ;
#1044 = CARTESIAN_POINT ( 'NONE',  ( -0.6785254037844383745, -1.175240473580834166, -4.004166666666666430 ) ) ;
#1045 = CARTESIAN_POINT ( 'NONE',  ( 1.017788105676657562, 0.5876202367904164170, 0.2666666666666676622 ) ) ;
#1046 = CARTESIAN_POINT ( 'NONE',  ( -1.836970198721029194E-16, -1.499999999999999556, -0.7124999999999991340 ) ) ;
#1047 = ORIENTED_EDGE ( 'NONE', *, *, #1233, .F. ) ;
#1048 = ADVANCED_FACE ( 'NONE', ( #2852 ), #571, .T. ) ;
#1049 = CARTESIAN_POINT ( 'NONE',  ( -1.763300807568877193, 1.079710344961584282E-16, -3.290624999999999911 ) ) ;
#1050 = CARTESIAN_POINT ( 'NONE',  ( -1.338431735762052321, -0.3392551173255078933, -3.679539545375722920 ) ) ;
#1051 = CARTESIAN_POINT ( 'NONE',  ( 1.499999999999999556, -6.100733027540754016E-16, -1.524999999999999911 ) ) ;
#1052 = CARTESIAN_POINT ( 'NONE',  ( -1.017788105676657118, 0.5876202367904173052, -1.566666666666665320 ) ) ;
#1053 = CARTESIAN_POINT ( 'NONE',  ( 1.499999999999999778, 6.943215207534476889E-15, -1.024999999999999689 ) ) ;
#1054 = CARTESIAN_POINT ( 'NONE',  ( 0.8972754037844394848, 1.554126587736526899, -1.972916666666666208 ) ) ;
#1055 = CARTESIAN_POINT ( 'NONE',  ( 0.6785254037844375974, -1.175240473580834610, -1.858333333333332060 ) ) ;
#1056 = CARTESIAN_POINT ( 'NONE',  ( -0.6785254037844378194, 1.175240473580834388, 0.3291666666666677177 ) ) ;
#1057 = CARTESIAN_POINT ( 'NONE',  ( 1.499999999999999556, 3.108468733080289270E-15, -0.08749999999999895361 ) ) ;
#1058 = CARTESIAN_POINT ( 'NONE',  ( -1.439254484199188393E-16, -1.175240473580834388, -0.9624999999999989120 ) ) ;
#1059 = CARTESIAN_POINT ( 'NONE',  ( -1.439254484199188393E-16, -1.175240473580834388, -3.462499999999999023 ) ) ;
#1060 = CARTESIAN_POINT ( 'NONE',  ( -1.017788105676657118, 0.5876202367904173052, 1.433333333333334236 ) ) ;
#1061 = CARTESIAN_POINT ( 'NONE',  ( -1.299038105676657784, -0.7499999999999993339, -0.7958333333333323933 ) ) ;
#1062 = VERTEX_POINT ( 'NONE', #820 ) ;
#1063 = CARTESIAN_POINT ( 'NONE',  ( -1.870113174931183375E-16, -1.527063293868263782, -1.165625000000000355 ) ) ;
#1064 = DIRECTION ( 'NONE',  ( 0.000000000000000000, 0.000000000000000000, -1.000000000000000000 ) ) ;
#1065 = LINE ( 'NONE', #1307, #1189 ) ;
#1066 = CARTESIAN_POINT ( 'NONE',  ( 1.322475605676658006, -0.7635316469341325574, -3.582291666666666874 ) ) ;
#1067 =( BOUNDED_CURVE ( )  B_SPLINE_CURVE ( 2, ( #1517, #2517, #244, #1454, #2274, #3220, #2699, #703, #2457 ),
 .UNSPECIFIED., .F., .F. ) 
 B_SPLINE_CURVE_WITH_KNOTS ( ( 3, 2, 2, 2, 3 ),
 ( 0.4821428571428570953, 0.4880952380952380820, 0.5000000000000000000, 0.5119047619047618625, 0.5178571428571427937 ),
 .UNSPECIFIED. ) 
 CURVE ( )  GEOMETRIC_REPRESENTATION_ITEM ( )  RATIONAL_B_SPLINE_CURVE ( ( 0.9330127018922194093, 0.9330127018922190762, 1.000000000000000000, 0.8660254037844388186, 1.000000000000000000, 0.8660254037844388186, 1.000000000000000000, 0.9330127018922200755, 0.9330127018922194093 ) ) 
 REPRESENTATION_ITEM ( '' )  );
#1068 = EDGE_CURVE ( 'NONE', #793, #290, #1985, .T. ) ;
#1069 = CARTESIAN_POINT ( 'NONE',  ( 2.988718988751571271, -0.2599207692274483339, 3.153403507587601240 ) ) ;
#1070 = CARTESIAN_POINT ( 'NONE',  ( 1.357050807568875861, -2.492861891654331838E-16, -1.774999999999999467 ) ) ;
#1071 = CARTESIAN_POINT ( 'NONE',  ( -1.299038105676657562, 0.7500000000000000000, -3.316666666666666874 ) ) ;
#1072 = CARTESIAN_POINT ( 'NONE',  ( 1.345913105676658450, 0.7770632938682625612, -1.014583333333332504 ) ) ;
#1073 = CARTESIAN_POINT ( 'NONE',  ( 0.3754708205888623307, -1.113647984611309205, -3.874759526419165656 ) ) ;
#1074 = CARTESIAN_POINT ( 'NONE',  ( -1.439254484199188393E-16, -1.175240473580834388, 1.037500000000000977 ) ) ;
#1075 = CARTESIAN_POINT ( 'NONE',  ( 3.673940397442058389E-16, 1.499999999999999556, 0.03750000000000063005 ) ) ;
#1076 = AXIS2_PLACEMENT_3D ( 'NONE', #2571, #2345, #1290 ) ;
#1077 = DIRECTION ( 'NONE',  ( -1.000000000000000000, 0.000000000000000000, 0.000000000000000000 ) ) ;
#1078 = CARTESIAN_POINT ( 'NONE',  ( 1.017788105676657562, 0.5876202367904164170, -2.295833333333332504 ) ) ;
#1079 = CARTESIAN_POINT ( 'NONE',  ( 2.878508968398376785E-16, 1.175240473580834388, 1.350000000000000977 ) ) ;
#1080 = CARTESIAN_POINT ( 'NONE',  ( -1.499999999999999334, 1.743066579297358255E-16, -1.775000000000000133 ) ) ;
#1081 = ORIENTED_EDGE ( 'NONE', *, *, #708, .F. ) ;
#1082 = VECTOR ( 'NONE', #1768, 1000.000000000000000 ) ;
#1083 = ADVANCED_BREP_SHAPE_REPRESENTATION ( '91200A112_18-8 Stainless Steel Pan Head Slotted Screws', ( #2813, #2305 ), #287 ) ;
#1084 = CARTESIAN_POINT ( 'NONE',  ( 0.8816504037844381525, -1.527063293868264449, -1.623958333333333615 ) ) ;
#1085 = CARTESIAN_POINT ( 'NONE',  ( 1.292035711091281458, -0.7598098912031437946, -3.560744050700582086 ) ) ;
#1086 = CARTESIAN_POINT ( 'NONE',  ( -1.499999999999999556, -0.4019237886466836551, -1.815170900630738382 ) ) ;
#1087 = CARTESIAN_POINT ( 'NONE',  ( 0.6557760352283817928, -0.9872456743310522587, -3.874759526419166544 ) ) ;
#1088 = CALENDAR_DATE ( 2026, 11, 6 ) ;
#1089 = CARTESIAN_POINT ( 'NONE',  ( 1.036591492616342869, 0.8316134715292312629, 1.633412929873772734 ) ) ;
#1090 = CARTESIAN_POINT ( 'NONE',  ( -1.794550807568877193, 1.098845451198261649E-16, -2.306249999999999023 ) ) ;
#1091 = EDGE_CURVE ( 'NONE', #905, #290, #2330, .T. ) ;
#1092 = CARTESIAN_POINT ( 'NONE',  ( 1.411274047358088923, -5.810221930991194676E-16, -3.638725952641912009 ) ) ;
#1093 = LINE ( 'NONE', #2859, #1113 ) ;
#1094 = CARTESIAN_POINT ( 'NONE',  ( -1.017788105676657118, -0.5876202367904169721, -1.045833333333332282 ) ) ;
#1095 = CARTESIAN_POINT ( 'NONE',  ( 1.339542832461899424, 0.6749999999999637401, -3.550000000000001155 ) ) ;
#1096 = CARTESIAN_POINT ( 'NONE',  ( -1.439254484199188393E-16, -1.175240473580834388, -2.962499999999998579 ) ) ;
#1097 = CARTESIAN_POINT ( 'NONE',  ( -1.870113174931183375E-16, -1.527063293868263782, 0.3343749999999993672 ) ) ;
#1098 = CARTESIAN_POINT ( 'NONE',  ( 2.878508968398376785E-16, 1.175240473580834388, -2.149999999999998579 ) ) ;
#1099 = CARTESIAN_POINT ( 'NONE',  ( 2.857930775121259259, -0.2999999999999998779, 3.657543023785430059 ) ) ;
#1100 = ORIENTED_EDGE ( 'NONE', *, *, #1298, .T. ) ;
#1101 = CARTESIAN_POINT ( 'NONE',  ( -1.299038105676657784, -0.7499999999999993339, 1.704166666666667496 ) ) ;
#1102 = CARTESIAN_POINT ( 'NONE',  ( -0.6785254037844378194, 1.175240473580834388, 1.829166666666667274 ) ) ;
#1103 = CARTESIAN_POINT ( 'NONE',  ( -0.8477579545530131711, 1.017174896815448815, -3.736371769244159147 ) ) ;
#1104 = ORIENTED_EDGE ( 'NONE', *, *, #209, .T. ) ;
#1105 = CARTESIAN_POINT ( 'NONE',  ( -0.8660254037844387076, -1.499999999999998668, 1.808333333333332904 ) ) ;
#1106 = CARTESIAN_POINT ( 'NONE',  ( -0.6785254037844378194, 1.175240473580834388, 1.891666666666667496 ) ) ;
#1107 = CARTESIAN_POINT ( 'NONE',  ( 0.6785254037844375974, -1.175240473580834610, -2.858333333333332060 ) ) ;
#1108 = CARTESIAN_POINT ( 'NONE',  ( 1.357050807568875861, -2.492861891654331838E-16, -2.837499999999999023 ) ) ;
#1109 = EDGE_CURVE ( 'NONE', #2438, #2198, #1138, .T. ) ;
#1110 = CARTESIAN_POINT ( 'NONE',  ( -1.499999999999999334, 2.324088772396477673E-16, -3.337499999999999023 ) ) ;
#1111 = CARTESIAN_POINT ( 'NONE',  ( 1.017788105676656896, -0.5876202367904177493, -2.379166666666665098 ) ) ;
#1112 = CARTESIAN_POINT ( 'NONE',  ( -1.763300807568877193, 1.079710344961584282E-16, 2.209374999999999645 ) ) ;
#1113 = VECTOR ( 'NONE', #2109, 1000.000000000000000 ) ;
#1114 = CARTESIAN_POINT ( 'NONE',  ( -1.439254484199188393E-16, -1.175240473580834388, -1.399999999999998801 ) ) ;
#1115 = CARTESIAN_POINT ( 'NONE',  ( 0.8660254037844392627, 1.499999999999999334, 0.4958333333333342918 ) ) ;
#1116 = VERTEX_POINT ( 'NONE', #67 ) ;
#1117 = DIRECTION ( 'NONE',  ( 0.000000000000000000, 0.000000000000000000, -1.000000000000000000 ) ) ;
#1118 = CARTESIAN_POINT ( 'NONE',  ( -1.299038105676657784, -0.7499999999999993339, -0.2958333333333323933 ) ) ;
#1119 = CARTESIAN_POINT ( 'NONE',  ( -1.357050807568875861, 8.309539638847774027E-17, 1.412500000000000977 ) ) ;
#1120 = DIRECTION ( 'NONE',  ( 0.000000000000000000, 0.000000000000000000, -1.000000000000000000 ) ) ;
#1121 = ORIENTED_EDGE ( 'NONE', *, *, #1579, .F. ) ;
#1122 = APPLICATION_PROTOCOL_DEFINITION ( 'international standard', 'config_control_design', 1994, #1978 ) ;
#1123 = CARTESIAN_POINT ( 'NONE',  ( 1.136542893431911727, 0.6805767669408070430, 1.626171255643673375 ) ) ;
#1124 = CARTESIAN_POINT ( 'NONE',  ( 1.017788105676656896, -0.5876202367904177493, 1.683333333333334458 ) ) ;
#1125 = CARTESIAN_POINT ( 'NONE',  ( 1.198862066797609538, -4.648177544792955347E-16, -3.851137933202391395 ) ) ;
#1126 = CARTESIAN_POINT ( 'NONE',  ( -1.357050807568876083, 8.309539638847774027E-17, -3.524999999999999023 ) ) ;
#1127 = CARTESIAN_POINT ( 'NONE',  ( 1.357050807568875861, -2.492861891654331838E-16, -1.837499999999999467 ) ) ;
#1128 = CARTESIAN_POINT ( 'NONE',  ( -0.5359958465575211939, 1.045896086241644651, 1.387499999999999512 ) ) ;
#1129 = ADVANCED_FACE ( 'NONE', ( #2538 ), #1852, .F. ) ;
#1130 = CARTESIAN_POINT ( 'NONE',  ( 1.017788105676657562, 0.5876202367904164170, -2.795833333333332060 ) ) ;
#1131 = CARTESIAN_POINT ( 'NONE',  ( 1.322475605676658006, -0.7635316469341325574, 1.917708333333332682 ) ) ;
#1132 = CARTESIAN_POINT ( 'NONE',  ( 1.357050807568875861, -2.492861891654331838E-16, -0.2749999999999987454 ) ) ;
#1133 = ORIENTED_EDGE ( 'NONE', *, *, #2112, .F. ) ;
#1134 = EDGE_CURVE ( 'NONE', #3123, #569, #1950, .T. ) ;
#1135 = CARTESIAN_POINT ( 'NONE',  ( 1.499999999999999556, 3.108468733080288481E-15, 0.4750000000000000888 ) ) ;
#1136 = CARTESIAN_POINT ( 'NONE',  ( 0.6785254037844375974, -1.175240473580834610, 2.079166666666667940 ) ) ;
#1137 = LINE ( 'NONE', #1872, #975 ) ;
#1138 = CIRCLE ( 'NONE', #1668, 3.000000000000000000 ) ;
#1139 = VERTEX_POINT ( 'NONE', #1817 ) ;
#1140 = CARTESIAN_POINT ( 'NONE',  ( 2.984962311319860007, 0.3000000000000001554, 3.209999999999999964 ) ) ;
#1141 = CARTESIAN_POINT ( 'NONE',  ( -1.836970198721029688E-16, -1.499999999999999556, -1.149999999999999911 ) ) ;
#1142 = CARTESIAN_POINT ( 'NONE',  ( -0.6785254037844383745, -1.175240473580834166, 2.058333333333334458 ) ) ;
#1143 = CARTESIAN_POINT ( 'NONE',  ( -0.7326182581806804928, 0.9427668319296008681, 1.410960104078889055 ) ) ;
#1144 = CARTESIAN_POINT ( 'NONE',  ( -1.357050807568875861, 8.309539638847774027E-17, -1.587499999999999023 ) ) ;
#1145 = CARTESIAN_POINT ( 'NONE',  ( -1.345913105676657784, 0.7770632938682638935, 2.652083333333334014 ) ) ;
#1146 = CARTESIAN_POINT ( 'NONE',  ( 0.6785254037844375974, -1.175240473580834610, -3.420833333333332504 ) ) ;
#1147 = CARTESIAN_POINT ( 'NONE',  ( 1.322475605676658006, -0.7635316469341325574, 1.417708333333332904 ) ) ;
#1148 = CARTESIAN_POINT ( 'NONE',  ( -1.439254484199188393E-16, -1.175240473580834388, -0.8999999999999989120 ) ) ;
#1149 = ORIENTED_EDGE ( 'NONE', *, *, #26, .T. ) ;
#1150 = CARTESIAN_POINT ( 'NONE',  ( 2.985103776145125121, -0.2985890916361749192, 3.197064840888188986 ) ) ;
#1151 = FACE_OUTER_BOUND ( 'NONE', #1040, .T. ) ;
#1152 = CARTESIAN_POINT ( 'NONE',  ( 1.499999999999999556, -6.100733027540754016E-16, -3.087499999999999023 ) ) ;
#1153 = CARTESIAN_POINT ( 'NONE',  ( 1.299038105676658228, 0.7499999999999987788, 1.516666666666666385 ) ) ;
#1154 = CARTESIAN_POINT ( 'NONE',  ( 1.198862066797609538, -4.648177544792955347E-16, -3.851137933202391395 ) ) ;
#1155 = EDGE_CURVE ( 'NONE', #2868, #2435, #256, .T. ) ;
#1156 = CARTESIAN_POINT ( 'NONE',  ( -0.6785254037844378194, 1.175240473580834388, -4.108333333333331616 ) ) ;
#1157 = CARTESIAN_POINT ( 'NONE',  ( 0.8660254037844390407, 1.499999999999998668, -0.4416666666666665964 ) ) ;
#1158 = CARTESIAN_POINT ( 'NONE',  ( -1.345913105676658006, -0.7770632938682633384, -3.764583333333332504 ) ) ;
#1159 = CARTESIAN_POINT ( 'NONE',  ( 0.8660254037844380415, -1.500000000000000444, 0.8291666666666676067 ) ) ;
#1160 = CARTESIAN_POINT ( 'NONE',  ( 1.051225365478629659, -0.5254668416911060236, -3.874759526419165212 ) ) ;
#1161 = CARTESIAN_POINT ( 'NONE',  ( -1.017788105676657118, -0.5876202367904169721, -2.545833333333332504 ) ) ;
#1162 = CARTESIAN_POINT ( 'NONE',  ( -0.7991217556392701260, 0.8755612131466087300, 1.387499999999999734 ) ) ;
#1163 = CARTESIAN_POINT ( 'NONE',  ( -0.6785254037844382635, -1.175240473580834166, 0.5583333333333342363 ) ) ;
#1164 = CARTESIAN_POINT ( 'NONE',  ( 1.322475605676658672, 0.7635316469341310031, 0.5010416666666661634 ) ) ;
#1165 = CARTESIAN_POINT ( 'NONE',  ( 1.357050807568875861, -2.492861891654331838E-16, -0.7749999999999988010 ) ) ;
#1166 = VERTEX_POINT ( 'NONE', #2149 ) ;
#1167 = CARTESIAN_POINT ( 'NONE',  ( 0.3754708205888623307, -1.113647984611309205, -3.874759526419165656 ) ) ;
#1168 = LINE ( 'NONE', #2191, #2964 ) ;
#1169 = AXIS2_PLACEMENT_3D ( 'NONE', #1962, #2932, #1482 ) ;
#1170 = CARTESIAN_POINT ( 'NONE',  ( 1.499999999999999556, 3.108468733080289270E-15, -0.08749999999999895361 ) ) ;
#1171 = CARTESIAN_POINT ( 'NONE',  ( -1.499999999999999334, 1.743066579297358255E-16, 1.724999999999999645 ) ) ;
#1172 = CC_DESIGN_PERSON_AND_ORGANIZATION_ASSIGNMENT ( #3238, #1956, ( #1515 ) ) ;
#1173 = EDGE_CURVE ( 'NONE', #2917, #1182, #87, .T. ) ;
#1174 = DIRECTION ( 'NONE',  ( 0.000000000000000000, 0.000000000000000000, -1.000000000000000000 ) ) ;
#1175 = CARTESIAN_POINT ( 'NONE',  ( 0.6785254037844385966, 1.175240473580834166, -0.1916666666666655139 ) ) ;
#1176 = CARTESIAN_POINT ( 'NONE',  ( -1.499999999999999334, -7.320879633048904819E-15, -2.337499999999999023 ) ) ;
#1177 = CARTESIAN_POINT ( 'NONE',  ( -1.500000000000000222, 0.000000000000000000, 6.342640687119286191 ) ) ;
#1178 = CARTESIAN_POINT ( 'NONE',  ( -1.499999999999999334, 2.324088772396477673E-16, -2.837499999999999467 ) ) ;
#1179 = CARTESIAN_POINT ( 'NONE',  ( 1.299038105676657562, -0.7500000000000004441, 0.9333333333333332371 ) ) ;
#1180 = CARTESIAN_POINT ( 'NONE',  ( 1.322475605676658672, 0.7635316469341310031, -0.4989583333333338921 ) ) ;
#1181 = CARTESIAN_POINT ( 'NONE',  ( -1.439254484199188393E-16, -1.175240473580834388, -3.399999999999999023 ) ) ;
#1182 = VERTEX_POINT ( 'NONE', #2920 ) ;
#1183 = CARTESIAN_POINT ( 'NONE',  ( 1.017788105676656896, -0.5876202367904177493, 0.6208333333333343473 ) ) ;
#1184 = CARTESIAN_POINT ( 'NONE',  ( 0.6785254037844385966, 1.175240473580834166, -1.754166666666665542 ) ) ;
#1185 = CARTESIAN_POINT ( 'NONE',  ( -2.984962311319860007, 0.3000000000000001554, 3.209999999999999964 ) ) ;
#1186 = VERTEX_POINT ( 'NONE', #3185 ) ;
#1187 = ORIENTED_EDGE ( 'NONE', *, *, #1659, .F. ) ;
#1188 = COORDINATED_UNIVERSAL_TIME_OFFSET ( 6, 0, .BEHIND. ) ;
#1189 = VECTOR ( 'NONE', #301, 1000.000000000000000 ) ;
#1190 = CARTESIAN_POINT ( 'NONE',  ( -0.8660254037844387076, -1.499999999999998668, 0.3083333333333330706 ) ) ;
#1191 = AXIS2_PLACEMENT_3D ( 'NONE', #2232, #1786, #2248 ) ;
#1192 = CARTESIAN_POINT ( 'NONE',  ( -1.439254484199188393E-16, -1.175240473580834388, 0.6000000000000009770 ) ) ;
#1193 = CARTESIAN_POINT ( 'NONE',  ( -1.299038105676657784, -0.7499999999999993339, 1.204166666666667274 ) ) ;
#1194 = CARTESIAN_POINT ( 'NONE',  ( -1.017788105676657118, 0.5876202367904173052, -4.129166666666666430 ) ) ;
#1195 = CARTESIAN_POINT ( 'NONE',  ( -0.8972754037844390407, -1.554126587736526899, 1.277083333333334014 ) ) ;
#1196 = ADVANCED_FACE ( 'NONE', ( #3157 ), #2213, .F. ) ;
#1197 = ORIENTED_EDGE ( 'NONE', *, *, #726, .T. ) ;
#1198 = CARTESIAN_POINT ( 'NONE',  ( 1.017788105676657562, 0.5876202367904164170, 0.7666666666666677177 ) ) ;
#1199 = CARTESIAN_POINT ( 'NONE',  ( -0.6785254037844383745, -1.175240473580834166, -2.941666666666665986 ) ) ;
#1200 = CC_DESIGN_SECURITY_CLASSIFICATION ( #2774, ( #1515 ) ) ;
#1201 = CARTESIAN_POINT ( 'NONE',  ( 1.499999999999999556, -6.100733027540754016E-16, 0.4125000000000009215 ) ) ;
#1202 = ORIENTED_EDGE ( 'NONE', *, *, #2990, .F. ) ;
#1203 = CARTESIAN_POINT ( 'NONE',  ( -1.136670655127322238, -0.6059867230285006512, 1.577723086124968699 ) ) ;
#1204 = CARTESIAN_POINT ( 'NONE',  ( -1.357050807568875861, 8.309539638847774027E-17, -0.08749999999999903688 ) ) ;
#1205 = CARTESIAN_POINT ( 'NONE',  ( 0.8660254037844390407, 1.499999999999998668, -1.941666666666665986 ) ) ;
#1206 = ORIENTED_EDGE ( 'NONE', *, *, #2487, .T. ) ;
#1207 = CARTESIAN_POINT ( 'NONE',  ( -1.499999999999999334, 0.4019237886466840437, -0.8598290993692593309 ) ) ;
#1208 = CARTESIAN_POINT ( 'NONE',  ( 1.017788105676656896, -0.5876202367904177493, -0.8166666666666656527 ) ) ;
#1209 = CARTESIAN_POINT ( 'NONE',  ( 1.375172000511918347, -0.6139864725660968414, 1.943117560581609782 ) ) ;
#1210 = CARTESIAN_POINT ( 'NONE',  ( 0.000000000000000000, 0.000000000000000000, -3.550000000000000266 ) ) ;
#1211 = CC_DESIGN_PERSON_AND_ORGANIZATION_ASSIGNMENT ( #388, #3161, ( #1736 ) ) ;
#1212 = CARTESIAN_POINT ( 'NONE',  ( 0.8972754037844394848, 1.554126587736526899, 0.02708333333333425366 ) ) ;
#1213 = ORIENTED_EDGE ( 'NONE', *, *, #421, .T. ) ;
#1214 = CARTESIAN_POINT ( 'NONE',  ( 1.499999999999999556, 1.307299934473018605E-15, 0.9749999999999998668 ) ) ;
#1215 = VERTEX_POINT ( 'NONE', #68 ) ;
#1216 = CARTESIAN_POINT ( 'NONE',  ( -1.017788105676657118, 0.5876202367904173052, -2.566666666666665542 ) ) ;
#1217 = EDGE_CURVE ( 'NONE', #1402, #2917, #2399, .T. ) ;
#1218 = CARTESIAN_POINT ( 'NONE',  ( -1.836970198721029688E-16, -1.499999999999999556, -0.1500000000000000500 ) ) ;
#1219 = CARTESIAN_POINT ( 'NONE',  ( -1.439254484199188393E-16, -1.175240473580834388, 0.5375000000000008660 ) ) ;
#1220 = CYLINDRICAL_SURFACE ( 'NONE', #1350, 1.500000000000000222 ) ;
#1221 = EDGE_CURVE ( 'NONE', #487, #3222, #2398, .T. ) ;
#1222 = VERTEX_POINT ( 'NONE', #2836 ) ;
#1223 = EDGE_LOOP ( 'NONE', ( #2797, #1603, #1501, #135 ) ) ;
#1224 = LINE ( 'NONE', #2507, #1300 ) ;
#1225 = CONICAL_SURFACE ( 'NONE', #1751, 1.500000000000000222, 0.5235987755983000369 ) ;
#1226 = CARTESIAN_POINT ( 'NONE',  ( -1.439254484199188393E-16, -1.175240473580834388, -0.8999999999999989120 ) ) ;
#1227 = DIRECTION ( 'NONE',  ( 1.000000000000000000, 0.000000000000000000, 0.000000000000000000 ) ) ;
#1228 = CARTESIAN_POINT ( 'NONE',  ( 0.6785254037844375974, -1.175240473580834610, -3.920833333333331616 ) ) ;
#1229 = CARTESIAN_POINT ( 'NONE',  ( -0.8972754037844382635, 1.554126587736527343, 0.1104166666666675095 ) ) ;
#1230 = CARTESIAN_POINT ( 'NONE',  ( 1.499999999999999556, -6.100733027540754016E-16, -2.587499999999999467 ) ) ;
#1231 = CARTESIAN_POINT ( 'NONE',  ( 2.878508968398376785E-16, 1.175240473580834388, 1.787500000000000977 ) ) ;
#1232 = FACE_OUTER_BOUND ( 'NONE', #454, .T. ) ;
#1233 = EDGE_CURVE ( 'NONE', #2598, #2750, #572, .T. ) ;
#1234 = CARTESIAN_POINT ( 'NONE',  ( -0.2692424703560259980, -1.321909421894173597, 1.683498071168792798 ) ) ;
#1235 = CARTESIAN_POINT ( 'NONE',  ( -1.357050807568875861, 8.309539638847774027E-17, -1.587499999999999023 ) ) ;
#1236 = DIRECTION ( 'NONE',  ( 0.000000000000000000, 0.000000000000000000, -1.000000000000000000 ) ) ;
#1237 = ORIENTED_EDGE ( 'NONE', *, *, #504, .F. ) ;
#1238 = PRODUCT_DEFINITION_SHAPE ( 'NONE', 'NONE',  #2863 ) ;
#1239 = ORIENTED_EDGE ( 'NONE', *, *, #1418, .T. ) ;
#1240 = COORDINATED_UNIVERSAL_TIME_OFFSET ( 6, 0, .BEHIND. ) ;
#1241 = EDGE_CURVE ( 'NONE', #1488, #1182, #1539, .T. ) ;
#1242 = FACE_OUTER_BOUND ( 'NONE', #2473, .T. ) ;
#1243 = CARTESIAN_POINT ( 'NONE',  ( -1.357050807568875861, 8.309539638847774027E-17, -0.5249999999999990230 ) ) ;
#1244 = DIRECTION ( 'NONE',  ( 1.000000000000000000, 0.000000000000000000, 0.000000000000000000 ) ) ;
#1245 = VECTOR ( 'NONE', #1261, 1000.000000000000000 ) ;
#1246 = CARTESIAN_POINT ( 'NONE',  ( -1.903256151141336323E-16, -1.554126587736527343, 1.818750000000000755 ) ) ;
#1247 = ORIENTED_EDGE ( 'NONE', *, *, #1723, .F. ) ;
#1248 = CARTESIAN_POINT ( 'NONE',  ( -0.6785254037844379305, 1.175240473580834388, -2.108333333333332504 ) ) ;
#1249 = CARTESIAN_POINT ( 'NONE',  ( 1.017788105676656896, -0.5876202367904177493, -3.316666666666665098 ) ) ;
#1250 = CARTESIAN_POINT ( 'NONE',  ( -0.03928689385630869391, -1.241217809854835430, 1.498238540924317075 ) ) ;
#1251 = CARTESIAN_POINT ( 'NONE',  ( 2.878508968398376785E-16, 1.175240473580834388, -2.212499999999998579 ) ) ;
#1252 = CC_DESIGN_APPROVAL ( #373, ( #1515 ) ) ;
#1253 = CARTESIAN_POINT ( 'NONE',  ( -1.017788105676657118, -0.5876202367904169721, -0.5458333333333321713 ) ) ;
#1254 = DIRECTION ( 'NONE',  ( 0.000000000000000000, 0.000000000000000000, -1.000000000000000000 ) ) ;
#1255 = ORIENTED_EDGE ( 'NONE', *, *, #2310, .T. ) ;
#1256 = CARTESIAN_POINT ( 'NONE',  ( -1.299038105676657562, 0.7500000000000000000, -2.879166666666665986 ) ) ;
#1257 = VERTEX_POINT ( 'NONE', #2601 ) ;
#1258 = CARTESIAN_POINT ( 'NONE',  ( 1.387471529518153890, 0.5687678230980776073, 1.941334923011453828 ) ) ;
#1259 = EDGE_CURVE ( 'NONE', #569, #2228, #956, .T. ) ;
#1260 = CARTESIAN_POINT ( 'NONE',  ( -1.357050807568875861, 8.309539638847774027E-17, -4.024999999999999467 ) ) ;
#1261 = DIRECTION ( 'NONE',  ( -0.5000000000000009992, 0.000000000000000000, 0.8660254037844380415 ) ) ;
#1262 = CARTESIAN_POINT ( 'NONE',  ( -1.903256151141336323E-16, -1.554126587736527343, -0.1812499999999991340 ) ) ;
#1263 = ORIENTED_EDGE ( 'NONE', *, *, #2990, .T. ) ;
#1264 = CARTESIAN_POINT ( 'NONE',  ( 0.6785254037844385966, 1.175240473580834166, -0.6916666666666655416 ) ) ;
#1265 = CARTESIAN_POINT ( 'NONE',  ( 0.6785254037844375974, -1.175240473580834610, 0.5791666666666677177 ) ) ;
#1266 = CARTESIAN_POINT ( 'NONE',  ( 1.499999999999999556, -6.100733027540754016E-16, -1.524999999999999911 ) ) ;
#1267 =( BOUNDED_CURVE ( )  B_SPLINE_CURVE ( 2, ( #1095, #1547, #1283, #3116, #2861, #595, #259, #1565, #1110 ),
 .UNSPECIFIED., .F., .F. ) 
 B_SPLINE_CURVE_WITH_KNOTS ( ( 3, 2, 2, 2, 3 ),
 ( 0.05885215433589785494, 0.05952380952380953438, 0.07142857142857139685, 0.08333333333333337034, 0.08928571428571430157 ),
 .UNSPECIFIED. ) 
 CURVE ( )  GEOMETRIC_REPRESENTATION_ITEM ( )  RATIONAL_B_SPLINE_CURVE ( ( 0.9857354760343153277, 0.9924412824618894513, 1.000000000000000000, 0.8660254037844385966, 1.000000000000000000, 0.8660254037844385966, 1.000000000000000000, 0.9330127018922192983, 0.9330127018922192983 ) ) 
 REPRESENTATION_ITEM ( '' )  );
#1268 = CARTESIAN_POINT ( 'NONE',  ( 0.6785254037844385966, 1.175240473580834166, 0.2458333333333344584 ) ) ;
#1269 = CARTESIAN_POINT ( 'NONE',  ( -1.017788105676657118, -0.5876202367904169721, -2.545833333333332504 ) ) ;
#1270 = CARTESIAN_POINT ( 'NONE',  ( -2.680268213860841353, -0.2999999999999999334, 3.833517066801576334 ) ) ;
#1271 = CARTESIAN_POINT ( 'NONE',  ( -1.499999999999999334, -3.544235377904628279E-15, 0.2250000000000000888 ) ) ;
#1272 = ORIENTED_EDGE ( 'NONE', *, *, #481, .T. ) ;
#1273 = CARTESIAN_POINT ( 'NONE',  ( -0.8816504037844392627, -1.527063293868263338, -2.707291666666666874 ) ) ;
#1274 = DIRECTION ( 'NONE',  ( 0.000000000000000000, 0.000000000000000000, -1.000000000000000000 ) ) ;
#1275 = CARTESIAN_POINT ( 'NONE',  ( 0.6785254037844385966, 1.175240473580834166, -2.191666666666665986 ) ) ;
#1276 = EDGE_CURVE ( 'NONE', #2653, #731, #674, .T. ) ;
#1277 = AXIS2_PLACEMENT_3D ( 'NONE', #460, #661, #1479 ) ;
#1278 = DIRECTION ( 'NONE',  ( -0.000000000000000000, -0.000000000000000000, 1.000000000000000000 ) ) ;
#1279 = CARTESIAN_POINT ( 'NONE',  ( 3.806512302282672647E-16, 1.554126587736527343, -0.9312499999999993561 ) ) ;
#1280 = ORIENTED_EDGE ( 'NONE', *, *, #1276, .T. ) ;
#1281 = CARTESIAN_POINT ( 'NONE',  ( -0.6785254037844379305, 1.175240473580834388, -1.108333333333332282 ) ) ;
#1282 = CARTESIAN_POINT ( 'NONE',  ( 1.357050807568875861, -2.492861891654331838E-16, -0.3374999999999988010 ) ) ;
#1283 = CARTESIAN_POINT ( 'NONE',  ( 1.299038105676658228, 0.7499999999999986677, -3.545833333333332060 ) ) ;
#1284 = CARTESIAN_POINT ( 'NONE',  ( 0.6785254037844375974, -1.175240473580834610, -1.420833333333332060 ) ) ;
#1285 = CARTESIAN_POINT ( 'NONE',  ( 0.6785254037844375974, -1.175240473580834610, -2.920833333333332060 ) ) ;
#1286 = CARTESIAN_POINT ( 'NONE',  ( 0.6785254037844385966, 1.175240473580834166, 2.308333333333334014 ) ) ;
#1287 = CARTESIAN_POINT ( 'NONE',  ( -1.499999999999999556, -0.4019237886466837661, -1.752670900630739714 ) ) ;
#1288 = EDGE_LOOP ( 'NONE', ( #1619, #875 ) ) ;
#1289 = CARTESIAN_POINT ( 'NONE',  ( 1.322475605676658006, -0.7635316469341325574, -3.082291666666667318 ) ) ;
#1290 = DIRECTION ( 'NONE',  ( 1.000000000000000000, 0.000000000000000000, 0.000000000000000000 ) ) ;
#1291 = CARTESIAN_POINT ( 'NONE',  ( -0.1461912187118651618, 1.277849294806041813, -3.766557051391839384 ) ) ;
#1292 = CARTESIAN_POINT ( 'NONE',  ( -0.6785254037844383745, -1.175240473580834166, -2.441666666666665542 ) ) ;
#1293 = CARTESIAN_POINT ( 'NONE',  ( -1.182421885879319845, 0.1197723210294549950, 1.399938570971075436 ) ) ;
#1294 = CARTESIAN_POINT ( 'NONE',  ( -1.903256151141336323E-16, -1.554126587736527343, -2.681249999999998579 ) ) ;
#1295 = ORIENTED_EDGE ( 'NONE', *, *, #606, .F. ) ;
#1296 = CARTESIAN_POINT ( 'NONE',  ( 1.357050807568876083, -2.492861891654331838E-16, 0.2250000000000012546 ) ) ;
#1297 = CARTESIAN_POINT ( 'NONE',  ( 2.878508968398376785E-16, 1.175240473580834388, 0.2875000000000008660 ) ) ;
#1298 = EDGE_CURVE ( 'NONE', #2080, #2687, #605, .T. ) ;
#1299 = CARTESIAN_POINT ( 'NONE',  ( 1.499999999999999556, 3.108468733080288481E-15, -0.5249999999999998002 ) ) ;
#1300 = VECTOR ( 'NONE', #822, 1000.000000000000000 ) ;
#1301 = CARTESIAN_POINT ( 'NONE',  ( -0.6785254037844382635, -1.175240473580834166, -0.5041666666666657637 ) ) ;
#1302 = CARTESIAN_POINT ( 'NONE',  ( 1.017788105676656896, -0.5876202367904177493, -2.379166666666665098 ) ) ;
#1303 = CARTESIAN_POINT ( 'NONE',  ( 0.6785254037844385966, 1.175240473580834166, 0.3083333333333345139 ) ) ;
#1304 = DIRECTION ( 'NONE',  ( 0.000000000000000000, 0.000000000000000000, -1.000000000000000000 ) ) ;
#1305 = ORIENTED_EDGE ( 'NONE', *, *, #1173, .F. ) ;
#1306 = CARTESIAN_POINT ( 'NONE',  ( -0.8816504037844392627, -1.527063293868263338, -2.207291666666667318 ) ) ;
#1307 = CARTESIAN_POINT ( 'NONE',  ( -1.150000000000001243, 1.408343819019457754E-16, -3.899999999999999911 ) ) ;
#1308 = CARTESIAN_POINT ( 'NONE',  ( -1.870113174931183375E-16, -1.527063293868263782, -3.665625000000000355 ) ) ;
#1309 = CARTESIAN_POINT ( 'NONE',  ( 1.357050807568875861, -2.492861891654331838E-16, -3.774999999999998579 ) ) ;
#1310 = DIRECTION ( 'NONE',  ( 1.000000000000000000, 0.000000000000000000, 0.000000000000000000 ) ) ;
#1311 = CARTESIAN_POINT ( 'NONE',  ( 1.345913105676658450, 0.7770632938682625612, -0.5145833333333326154 ) ) ;
#1312 = VERTEX_POINT ( 'NONE', #1936 ) ;
#1313 = CC_DESIGN_PERSON_AND_ORGANIZATION_ASSIGNMENT ( #953, #937, ( #2774 ) ) ;
#1314 = CARTESIAN_POINT ( 'NONE',  ( 1.017788105676657562, 0.5876202367904164170, -0.2333333333333323656 ) ) ;
#1315 = CARTESIAN_POINT ( 'NONE',  ( -0.6785254037844378194, 1.175240473580834388, -0.1708333333333322823 ) ) ;
#1316 = CARTESIAN_POINT ( 'NONE',  ( -1.154511729286462396, -0.3218164455438689564, 1.423078740330486980 ) ) ;
#1317 = EDGE_CURVE ( 'NONE', #2868, #254, #3143, .T. ) ;
#1318 = CARTESIAN_POINT ( 'NONE',  ( -1.017788105676657118, -0.5876202367904169721, -1.045833333333332282 ) ) ;
#1319 = CARTESIAN_POINT ( 'NONE',  ( 1.357050807568875861, -2.492861891654331838E-16, -2.337499999999999023 ) ) ;
#1320 = CARTESIAN_POINT ( 'NONE',  ( -1.439254484199188393E-16, -1.175240473580834388, 1.600000000000000977 ) ) ;
#1321 = CARTESIAN_POINT ( 'NONE',  ( -1.499999999999999334, -3.486133158594716806E-15, -0.3374999999999989120 ) ) ;
#1322 = ORIENTED_EDGE ( 'NONE', *, *, #2167, .F. ) ;
#1323 = CARTESIAN_POINT ( 'NONE',  ( -1.322475605676658228, -0.7635316469341315582, -1.248958333333333615 ) ) ;
#1324 = CARTESIAN_POINT ( 'NONE',  ( -2.350935983815807706, -0.2999999999999999334, 3.899999999999999911 ) ) ;
#1325 = CARTESIAN_POINT ( 'NONE',  ( -1.312726699513521167, 0.3339614642258330601, -3.705741512472351840 ) ) ;
#1326 = CARTESIAN_POINT ( 'NONE',  ( 1.017788105676657562, 0.5876202367904164170, -3.733333333333332060 ) ) ;
#1327 = FACE_OUTER_BOUND ( 'NONE', #1717, .T. ) ;
#1328 = CARTESIAN_POINT ( 'NONE',  ( 1.794550807568877193, -3.296536353594784206E-16, -2.556249999999999023 ) ) ;
#1329 = VECTOR ( 'NONE', #181, 1000.000000000000000 ) ;
#1330 = CARTESIAN_POINT ( 'NONE',  ( -1.017788105676657118, 0.5876202367904173052, -3.566666666666665542 ) ) ;
#1331 = CARTESIAN_POINT ( 'NONE',  ( 1.017788105676657562, 0.5876202367904164170, -0.2958333333333323933 ) ) ;
#1332 = CARTESIAN_POINT ( 'NONE',  ( -1.186065791128140479, -2.934162075150553272E-15, 1.406250000000000888 ) ) ;
#1333 = CARTESIAN_POINT ( 'NONE',  ( -1.500000000000000000, 0.4019237886466823229, 0.2026709006307397254 ) ) ;
#1334 = CARTESIAN_POINT ( 'NONE',  ( -1.017788105676657118, 0.5876202367904173052, -3.129166666666665986 ) ) ;
#1335 = CARTESIAN_POINT ( 'NONE',  ( 1.017788105676657562, 0.5876202367904164170, 1.766666666666667718 ) ) ;
#1336 = DIRECTION ( 'NONE',  ( -1.000000000000000000, 0.000000000000000000, 0.000000000000000000 ) ) ;
#1337 = ORIENTED_EDGE ( 'NONE', *, *, #2760, .T. ) ;
#1338 = EDGE_CURVE ( 'NONE', #472, #3043, #1137, .T. ) ;
#1339 = CARTESIAN_POINT ( 'NONE',  ( -0.8816504037844384856, 1.527063293868264005, -1.373958333333333615 ) ) ;
#1340 = CARTESIAN_POINT ( 'NONE',  ( -1.402572142074932415, -2.651396004435004690E-11, 1.781250000001181499 ) ) ;
#1341 = CARTESIAN_POINT ( 'NONE',  ( 1.499999999999999778, 0.4019237886466832110, -1.502670900630739714 ) ) ;
#1342 = EDGE_CURVE ( 'NONE', #1116, #1983, #2164, .T. ) ;
#1343 = CARTESIAN_POINT ( 'NONE',  ( 2.985248866924480993, -0.2971385663307620217, 3.190494766310457031 ) ) ;
#1344 = CARTESIAN_POINT ( 'NONE',  ( -0.2188989113813364640, 1.338776451069372042, 1.696603432814725254 ) ) ;
#1345 = CARTESIAN_POINT ( 'NONE',  ( 1.345913105676658450, 0.7770632938682625612, -1.514583333333332282 ) ) ;
#1346 = CARTESIAN_POINT ( 'NONE',  ( 1.442889820694137626, 0.2262960676159462281, -3.607110179305863085 ) ) ;
#1347 = CARTESIAN_POINT ( 'NONE',  ( 1.017788105676657562, 0.5876202367904164170, -3.733333333333332060 ) ) ;
#1348 = CARTESIAN_POINT ( 'NONE',  ( 1.017788105676656896, -0.5876202367904177493, -2.379166666666665098 ) ) ;
#1349 = CARTESIAN_POINT ( 'NONE',  ( -1.836970198721029194E-16, -1.499999999999999556, -1.212499999999999245 ) ) ;
#1350 = AXIS2_PLACEMENT_3D ( 'NONE', #753, #1500, #2500 ) ;
#1351 = FACE_OUTER_BOUND ( 'NONE', #722, .T. ) ;
#1352 = CARTESIAN_POINT ( 'NONE',  ( -0.8816504037844384856, 1.527063293868264005, 2.126041666666666607 ) ) ;
#1353 = CARTESIAN_POINT ( 'NONE',  ( 1.357050807568875861, -2.492861891654331838E-16, 0.7250000000000009770 ) ) ;
#1354 = CARTESIAN_POINT ( 'NONE',  ( 2.904594179384893948, -0.2999999999999997113, 3.588125449715495296 ) ) ;
#1355 = ORIENTED_EDGE ( 'NONE', *, *, #2406, .F. ) ;
#1356 = TOROIDAL_SURFACE ( 'NONE', #1026, 2.369999999999999662, 0.6300000000000003375 ) ;
#1357 = CARTESIAN_POINT ( 'NONE',  ( 1.499999999999998668, 0.4019237886466849319, 0.4973290993692601192 ) ) ;
#1358 = CARTESIAN_POINT ( 'NONE',  ( 1.357050807568875861, -2.492861891654331838E-16, 1.162500000000000977 ) ) ;
#1359 = CARTESIAN_POINT ( 'NONE',  ( -1.299038105676657562, 0.7500000000000000000, -1.316666666666666430 ) ) ;
#1360 =( LENGTH_UNIT ( ) NAMED_UNIT ( * ) SI_UNIT ( .MILLI., .METRE. ) );
#1361 = EDGE_CURVE ( 'NONE', #739, #3123, #2192, .T. ) ;
#1362 = VECTOR ( 'NONE', #2660, 1000.000000000000000 ) ;
#1363 = CARTESIAN_POINT ( 'NONE',  ( 1.294318966601190946, -1.572536565622766873E-13, 1.593749999999992673 ) ) ;
#1364 = CARTESIAN_POINT ( 'NONE',  ( -0.6785254037844383745, -1.175240473580834166, 2.558333333333334458 ) ) ;
#1365 = CARTESIAN_POINT ( 'NONE',  ( -0.6386675955837066709, 1.000987796694687626, 1.399381982185037510 ) ) ;
#1366 = CARTESIAN_POINT ( 'NONE',  ( 1.017788105676657562, 0.5876202367904164170, -2.795833333333332060 ) ) ;
#1367 = CARTESIAN_POINT ( 'NONE',  ( -1.074289359828856538, 0.5014457985832377895, 1.387499999999999734 ) ) ;
#1368 = CARTESIAN_POINT ( 'NONE',  ( -1.017788105676657118, -0.5876202367904169721, -2.545833333333332504 ) ) ;
#1369 = CARTESIAN_POINT ( 'NONE',  ( 0.8816504037844381525, -1.527063293868264449, 0.8760416666666661634 ) ) ;
#1370 = CARTESIAN_POINT ( 'NONE',  ( 0.6785254037844375974, -1.175240473580834610, -0.3583333333333324489 ) ) ;
#1371 = CARTESIAN_POINT ( 'NONE',  ( 1.299038105676658228, 0.7499999999999986677, 0.4541666666666673291 ) ) ;
#1372 = EDGE_LOOP ( 'NONE', ( #1305, #1006, #1570, #2000 ) ) ;
#1373 = CARTESIAN_POINT ( 'NONE',  ( 1.299038105676657340, -0.7500000000000003331, -3.129166666666665542 ) ) ;
#1374 = CARTESIAN_POINT ( 'NONE',  ( -1.500000000000000222, 0.000000000000000000, 6.342640687119286191 ) ) ;
#1375 = ORIENTED_EDGE ( 'NONE', *, *, #2086, .T. ) ;
#1376 = DIRECTION ( 'NONE',  ( -0.000000000000000000, -0.000000000000000000, 1.000000000000000000 ) ) ;
#1377 = CARTESIAN_POINT ( 'NONE',  ( 0.6342751873616006009, 1.173945208817477104, 1.658025924852944977 ) ) ;
#1378 = CARTESIAN_POINT ( 'NONE',  ( 0.8972754037844380415, -1.554126587736527787, -3.639583333333332060 ) ) ;
#1379 = EDGE_CURVE ( 'NONE', #1166, #2959, #193, .T. ) ;
#1380 = CARTESIAN_POINT ( 'NONE',  ( -1.017788105676657118, -0.5876202367904169721, -3.483333333333331616 ) ) ;
#1381 = CARTESIAN_POINT ( 'NONE',  ( -1.017788105676657118, -0.5876202367904169721, -3.545833333333331616 ) ) ;
#1382 = CARTESIAN_POINT ( 'NONE',  ( -1.499999999999999334, 0.4019237886466840437, 1.640170900630740336 ) ) ;
#1383 = CARTESIAN_POINT ( 'NONE',  ( 1.333915816657894826, 0.04007097969046333197, -3.834658668049130359 ) ) ;
#1384 = CARTESIAN_POINT ( 'NONE',  ( 1.322475605676658006, -0.7635316469341325574, -0.08229166666666715146 ) ) ;
#1385 = AXIS2_PLACEMENT_3D ( 'NONE', #2616, #2919, #2117 ) ;
#1386 = CARTESIAN_POINT ( 'NONE',  ( 1.017788105676656896, -0.5876202367904177493, -0.3166666666666655972 ) ) ;
#1387 = VERTEX_POINT ( 'NONE', #2195 ) ;
#1388 = DIRECTION ( 'NONE',  ( -1.000000000000000000, 0.000000000000000000, 0.000000000000000000 ) ) ;
#1389 = CARTESIAN_POINT ( 'NONE',  ( -1.017788105676657118, 0.5876202367904173052, 1.870833333333334236 ) ) ;
#1390 = CARTESIAN_POINT ( 'NONE',  ( 1.177838515998879565, 0.3363081313814725859, -3.836460924139612594 ) ) ;
#1391 = ORIENTED_EDGE ( 'NONE', *, *, #1401, .F. ) ;
#1392 = APPROVAL_ROLE ( '' ) ;
#1393 = CARTESIAN_POINT ( 'NONE',  ( -0.1313625946979843362, 1.348069050408380765, 1.692846556370997568 ) ) ;
#1394 =( BOUNDED_CURVE ( )  B_SPLINE_CURVE ( 2, ( #2850, #2374, #403, #100, #385, #601, #2631, #1357, #1135 ),
 .UNSPECIFIED., .F., .F. ) 
 B_SPLINE_CURVE_WITH_KNOTS ( ( 3, 2, 2, 2, 3 ),
 ( 0.2678571428571428492, 0.2738095238095238360, 0.2857142857142856984, 0.2976190476190476164, 0.3035714285714285476 ),
 .UNSPECIFIED. ) 
 CURVE ( )  GEOMETRIC_REPRESENTATION_ITEM ( )  RATIONAL_B_SPLINE_CURVE ( ( 0.9330127018922194093, 0.9330127018922190762, 1.000000000000000000, 0.8660254037844388186, 1.000000000000000000, 0.8660254037844388186, 1.000000000000000000, 0.9330127018922197424, 0.9330127018922194093 ) ) 
 REPRESENTATION_ITEM ( '' )  );
#1395 = CARTESIAN_POINT ( 'NONE',  ( -0.8972754037844390407, -1.554126587736526899, -3.222916666666665098 ) ) ;
#1396 = CARTESIAN_POINT ( 'NONE',  ( 0.7959308873910621029, -0.9718882108869658643, -3.843914138051940821 ) ) ;
#1397 = CARTESIAN_POINT ( 'NONE',  ( -1.017788105676657118, 0.5876202367904173052, -1.129166666666665542 ) ) ;
#1398 = DIRECTION ( 'NONE',  ( -0.000000000000000000, -0.000000000000000000, 1.000000000000000000 ) ) ;
#1399 = CARTESIAN_POINT ( 'NONE',  ( -1.322475605676658006, 0.7635316469341321133, 0.1677083333333328485 ) ) ;
#1400 = CARTESIAN_POINT ( 'NONE',  ( 1.017788105676657562, 0.5876202367904164170, -0.2333333333333323656 ) ) ;
#1401 = EDGE_CURVE ( 'NONE', #1014, #991, #441, .T. ) ;
#1402 = VERTEX_POINT ( 'NONE', #2409 ) ;
#1403 = DIRECTION ( 'NONE',  ( 0.000000000000000000, 0.000000000000000000, -1.000000000000000000 ) ) ;
#1404 = CARTESIAN_POINT ( 'NONE',  ( -1.439254484199188393E-16, -1.175240473580834388, 2.537500000000000533 ) ) ;
#1405 = CARTESIAN_POINT ( 'NONE',  ( 1.046944975893745911, 0.6444194013354573869, -3.823473413906867791 ) ) ;
#1406 = AXIS2_PLACEMENT_3D ( 'NONE', #1210, #1691, #2675 ) ;
#1407 = CARTESIAN_POINT ( 'NONE',  ( 3.673940397442058389E-16, 1.499999999999999556, -1.462499999999999467 ) ) ;
#1408 = CARTESIAN_POINT ( 'NONE',  ( -1.836970198721029688E-16, -1.499999999999999556, 1.849999999999999645 ) ) ;
#1409 = CARTESIAN_POINT ( 'NONE',  ( 1.794550807568877193, -3.296536353594784206E-16, -3.556249999999998135 ) ) ;
#1410 = LINE ( 'NONE', #3225, #1595 ) ;
#1411 = CARTESIAN_POINT ( 'NONE',  ( 0.6785254037844375974, -1.175240473580834610, -1.920833333333332060 ) ) ;
#1412 = CARTESIAN_POINT ( 'NONE',  ( 3.673940397442058389E-16, 1.499999999999999556, 1.537500000000000755 ) ) ;
#1413 = CARTESIAN_POINT ( 'NONE',  ( 0.8660254037844377084, -1.499999999999999556, 0.8916666666666663854 ) ) ;
#1414 = CARTESIAN_POINT ( 'NONE',  ( -1.322475605676658228, -0.7635316469341315582, 2.251041666666666163 ) ) ;
#1415 = CARTESIAN_POINT ( 'NONE',  ( 2.878508968398376785E-16, 1.175240473580834388, -0.6499999999999991340 ) ) ;
#1416 = ORIENTED_EDGE ( 'NONE', *, *, #2183, .T. ) ;
#1417 = CARTESIAN_POINT ( 'NONE',  ( 2.984962311319860007, 0.3000000000000002665, 3.203308246730247166 ) ) ;
#1418 = EDGE_CURVE ( 'NONE', #3155, #3260, #2885, .T. ) ;
#1419 = CARTESIAN_POINT ( 'NONE',  ( -0.8660254037844389297, -1.499999999999999334, -3.254166666666665542 ) ) ;
#1420 = CARTESIAN_POINT ( 'NONE',  ( 0.6785254037844385966, 1.175240473580834166, 2.745833333333334014 ) ) ;
#1421 = CARTESIAN_POINT ( 'NONE',  ( -2.985248866924480993, 0.2971385663307624658, 3.190494766310457031 ) ) ;
#1422 = ORIENTED_EDGE ( 'NONE', *, *, #766, .T. ) ;
#1423 = PERSON_AND_ORGANIZATION ( #3018, #2721 ) ;
#1424 = CARTESIAN_POINT ( 'NONE',  ( 0.000000000000000000, 0.000000000000000000, 6.342640687119286191 ) ) ;
#1425 = CARTESIAN_POINT ( 'NONE',  ( 2.878508968398376785E-16, 1.175240473580834388, 1.850000000000000977 ) ) ;
#1426 = CARTESIAN_POINT ( 'NONE',  ( -1.499999999999997335, -0.4019237886466871523, 0.6848290993692611739 ) ) ;
#1427 = DIRECTION ( 'NONE',  ( 0.000000000000000000, 0.000000000000000000, -1.000000000000000000 ) ) ;
#1428 = CARTESIAN_POINT ( 'NONE',  ( 1.500000000000000222, 1.836970198721030181E-16, 6.342640687119286191 ) ) ;
#1429 = CARTESIAN_POINT ( 'NONE',  ( 1.345913105676658450, 0.7770632938682625612, 2.485416666666667496 ) ) ;
#1430 = CARTESIAN_POINT ( 'NONE',  ( -1.836970198721029688E-16, -1.499999999999999556, 0.8499999999999997558 ) ) ;
#1431 = ORIENTED_EDGE ( 'NONE', *, *, #436, .F. ) ;
#1432 = CARTESIAN_POINT ( 'NONE',  ( -1.870113174931183375E-16, -1.527063293868263782, -0.6656250000000004663 ) ) ;
#1433 = CARTESIAN_POINT ( 'NONE',  ( 0.6785254037844375974, -1.175240473580834610, -3.358333333333332948 ) ) ;
#1434 = EDGE_LOOP ( 'NONE', ( #2849, #802, #2511 ) ) ;
#1435 = CYLINDRICAL_SURFACE ( 'NONE', #659, 1.500000000000000222 ) ;
#1436 = CARTESIAN_POINT ( 'NONE',  ( -1.499999999999999334, -3.486133158594716806E-15, 0.6625000000000009770 ) ) ;
#1437 = CARTESIAN_POINT ( 'NONE',  ( 0.6785254037844385966, 1.175240473580834166, 0.7458333333333342363 ) ) ;
#1438 = CARTESIAN_POINT ( 'NONE',  ( 1.357050807568875861, -2.492861891654331838E-16, 0.6625000000000009770 ) ) ;
#1439 = CARTESIAN_POINT ( 'NONE',  ( -2.988166342686106258, 0.2662754125859772558, 3.155640207751730930 ) ) ;
#1440 = ORIENTED_EDGE ( 'NONE', *, *, #3011, .T. ) ;
#1441 = VERTEX_POINT ( 'NONE', #2258 ) ;
#1442 = CARTESIAN_POINT ( 'NONE',  ( 1.299038105676658228, 0.7499999999999986677, 0.9541666666666672736 ) ) ;
#1443 = EDGE_CURVE ( 'NONE', #2212, #1441, #2766, .T. ) ;
#1444 = CARTESIAN_POINT ( 'NONE',  ( 1.017788105676656896, -0.5876202367904177493, -1.316666666666665542 ) ) ;
#1445 = CARTESIAN_POINT ( 'NONE',  ( 1.292543589037569829, -0.7659674353009302550, 1.937103255444900807 ) ) ;
#1446 = DIRECTION ( 'NONE',  ( 0.000000000000000000, 0.000000000000000000, -1.000000000000000000 ) ) ;
#1447 = CARTESIAN_POINT ( 'NONE',  ( 3.806512302282672647E-16, 1.554126587736527343, 2.068750000000000533 ) ) ;
#1448 = ORIENTED_EDGE ( 'NONE', *, *, #1521, .F. ) ;
#1449 = CARTESIAN_POINT ( 'NONE',  ( -1.499999999999999334, -3.486133158594716806E-15, 0.6625000000000009770 ) ) ;
#1450 = CARTESIAN_POINT ( 'NONE',  ( 0.6785254037844375974, -1.175240473580834610, -3.858333333333332060 ) ) ;
#1451 = CARTESIAN_POINT ( 'NONE',  ( -2.904311007248864929, 0.3000000000000002665, 3.588767158012821312 ) ) ;
#1452 = CARTESIAN_POINT ( 'NONE',  ( 0.7682155198995402889, -1.182817015830375462, 1.775454709972586809 ) ) ;
#1453 = CARTESIAN_POINT ( 'NONE',  ( -0.6785254037844378194, 1.175240473580834388, 0.8291666666666677177 ) ) ;
#1454 = CARTESIAN_POINT ( 'NONE',  ( -0.8660254037844380415, 1.499999999999999334, -0.8583333333333335036 ) ) ;
#1455 = ORIENTED_EDGE ( 'NONE', *, *, #2042, .F. ) ;
#1456 = ORIENTED_EDGE ( 'NONE', *, *, #3193, .F. ) ;
#1457 = VECTOR ( 'NONE', #56, 1000.000000000000000 ) ;
#1458 = CARTESIAN_POINT ( 'NONE',  ( 1.499999999999999556, 3.108468733080288481E-15, -0.5249999999999998002 ) ) ;
#1459 = AXIS2_PLACEMENT_3D ( 'NONE', #2354, #1863, #79 ) ;
#1460 = CARTESIAN_POINT ( 'NONE',  ( 1.017788105676656896, -0.5876202367904177493, 0.6833333333333344584 ) ) ;
#1461 = EDGE_CURVE ( 'NONE', #1186, #2438, #688, .T. ) ;
#1462 = CARTESIAN_POINT ( 'NONE',  ( 0.1567025594913876441, -1.461746642026824583, 1.880792225574738463 ) ) ;
#1463 =( BOUNDED_CURVE ( )  B_SPLINE_CURVE ( 2, ( #3285, #707, #201, #1986, #1017, #1720, #2476, #2032, #3039 ),
 .UNSPECIFIED., .F., .F. ) 
 B_SPLINE_CURVE_WITH_KNOTS ( ( 3, 2, 2, 2, 3 ),
 ( 0.6964285714285713969, 0.7023809523809523281, 0.7142857142857143016, 0.7261904761904761640, 0.7321428571428570953 ),
 .UNSPECIFIED. ) 
 CURVE ( )  GEOMETRIC_REPRESENTATION_ITEM ( )  RATIONAL_B_SPLINE_CURVE ( ( 0.9330127018922194093, 0.9330127018922194093, 1.000000000000000000, 0.8660254037844388186, 1.000000000000000000, 0.8660254037844388186, 1.000000000000000000, 0.9330127018922200755, 0.9330127018922194093 ) ) 
 REPRESENTATION_ITEM ( '' )  );
#1464 = CARTESIAN_POINT ( 'NONE',  ( 2.878508968398376785E-16, 1.175240473580834388, -3.712499999999999023 ) ) ;
#1465 = CARTESIAN_POINT ( 'NONE',  ( -1.903256151141336323E-16, -1.554126587736527343, 1.318750000000000755 ) ) ;
#1466 = ORIENTED_EDGE ( 'NONE', *, *, #2482, .T. ) ;
#1467 = CARTESIAN_POINT ( 'NONE',  ( -1.499999999999999334, -3.544235377904628279E-15, 0.7250000000000000888 ) ) ;
#1468 = ORIENTED_EDGE ( 'NONE', *, *, #1461, .T. ) ;
#1469 = CARTESIAN_POINT ( 'NONE',  ( -0.6785254037844378194, 1.175240473580834388, 2.329166666666667496 ) ) ;
#1470 = CARTESIAN_POINT ( 'NONE',  ( -2.350935983815807706, 0.3000000000000001554, 3.899999999999999911 ) ) ;
#1471 = CARTESIAN_POINT ( 'NONE',  ( 0.9199564280066873101, -1.081210192740890141, 1.791568613664829890 ) ) ;
#1472 = DIRECTION ( 'NONE',  ( 1.000000000000000000, 0.000000000000000000, 0.000000000000000000 ) ) ;
#1473 = CARTESIAN_POINT ( 'NONE',  ( -1.017788105676657118, 0.5876202367904173052, 0.3708333333333343473 ) ) ;
#1474 = DIRECTION ( 'NONE',  ( 1.000000000000000000, 0.000000000000000000, 0.000000000000000000 ) ) ;
#1475 = ORIENTED_EDGE ( 'NONE', *, *, #1173, .T. ) ;
#1476 = ORIENTED_EDGE ( 'NONE', *, *, #3011, .F. ) ;
#1477 = DIRECTION ( 'NONE',  ( 0.000000000000000000, 1.000000000000000000, 1.445602896647339410E-16 ) ) ;
#1478 = CARTESIAN_POINT ( 'NONE',  ( 0.6785254037844385966, 1.175240473580834166, -1.191666666666665542 ) ) ;
#1479 = DIRECTION ( 'NONE',  ( -1.000000000000000000, 0.000000000000000000, 0.000000000000000000 ) ) ;
#1480 = CARTESIAN_POINT ( 'NONE',  ( -1.499999999999999556, -0.4019237886466837661, 1.247329099369260064 ) ) ;
#1481 = CARTESIAN_POINT ( 'NONE',  ( 1.345913105676658450, 0.7770632938682625612, 0.9854166666666673846 ) ) ;
#1482 = DIRECTION ( 'NONE',  ( -1.000000000000000000, 0.000000000000000000, 0.000000000000000000 ) ) ;
#1483 = CARTESIAN_POINT ( 'NONE',  ( 0.6785254037844375974, -1.175240473580834610, 2.079166666666667940 ) ) ;
#1484 = ADVANCED_FACE ( 'NONE', ( #2012 ), #1220, .T. ) ;
#1485 = CARTESIAN_POINT ( 'NONE',  ( -1.017788105676657118, 0.5876202367904173052, 1.370833333333334236 ) ) ;
#1486 = CARTESIAN_POINT ( 'NONE',  ( -1.017788105676657118, -0.5876202367904169721, -1.545833333333332282 ) ) ;
#1487 = CARTESIAN_POINT ( 'NONE',  ( 0.000000000000000000, 0.000000000000000000, 6.342640687119286191 ) ) ;
#1488 = VERTEX_POINT ( 'NONE', #501 ) ;
#1489 = LINE ( 'NONE', #1001, #2717 ) ;
#1490 = CARTESIAN_POINT ( 'NONE',  ( 2.878508968398376785E-16, 1.175240473580834388, 0.3500000000000009215 ) ) ;
#1491 = CARTESIAN_POINT ( 'NONE',  ( 1.017788105676657562, 0.5876202367904164170, -3.795833333333332060 ) ) ;
#1492 = CARTESIAN_POINT ( 'NONE',  ( -1.345913105676658006, -0.7770632938682633384, 1.235416666666667496 ) ) ;
#1493 = ORIENTED_EDGE ( 'NONE', *, *, #1068, .F. ) ;
#1494 = CARTESIAN_POINT ( 'NONE',  ( -0.6785254037844379305, 1.175240473580834388, -1.608333333333331838 ) ) ;
#1495 = CARTESIAN_POINT ( 'NONE',  ( -1.439254484199188393E-16, -1.175240473580834388, 2.537500000000000533 ) ) ;
#1496 = CARTESIAN_POINT ( 'NONE',  ( -3.000000000000000000, -0.2999999999999998224, 3.149999999999999911 ) ) ;
#1497 = EDGE_CURVE ( 'NONE', #1014, #1873, #233, .T. ) ;
#1498 = CARTESIAN_POINT ( 'NONE',  ( 0.6785254037844375974, -1.175240473580834610, 1.079166666666667496 ) ) ;
#1499 = CARTESIAN_POINT ( 'NONE',  ( -1.357050807568875861, 8.309539638847774027E-17, -1.087499999999999023 ) ) ;
#1500 = DIRECTION ( 'NONE',  ( 0.000000000000000000, 0.000000000000000000, -1.000000000000000000 ) ) ;
#1501 = ORIENTED_EDGE ( 'NONE', *, *, #1664, .T. ) ;
#1502 = VERTEX_POINT ( 'NONE', #2971 ) ;
#1503 = CARTESIAN_POINT ( 'NONE',  ( 1.499999999999999556, 6.943215207534478466E-15, -0.5874999999999988010 ) ) ;
#1504 = CARTESIAN_POINT ( 'NONE',  ( 1.017788105676656896, -0.5876202367904177493, 1.183333333333334458 ) ) ;
#1505 = VECTOR ( 'NONE', #2391, 1000.000000000000000 ) ;
#1506 = DIRECTION ( 'NONE',  ( 0.000000000000000000, 0.000000000000000000, -1.000000000000000000 ) ) ;
#1507 = AXIS2_PLACEMENT_3D ( 'NONE', #2582, #313, #1336 ) ;
#1508 = CARTESIAN_POINT ( 'NONE',  ( -0.8972754037844390407, -1.554126587736526899, 0.2770833333333340698 ) ) ;
#1509 = EDGE_LOOP ( 'NONE', ( #746, #2474, #1213, #3024, #675, #3059, #1456, #2648, #200, #2343, #1355, #2775, #1807, #2808, #1000, #968, #1982, #1476, #586, #3106, #400, #1202, #1295, #2444, #2327, #635, #1899, #755, #214 ) ) ;
#1510 = CARTESIAN_POINT ( 'NONE',  ( -1.357050807568876083, 8.309539638847774027E-17, -1.024999999999999023 ) ) ;
#1511 = CARTESIAN_POINT ( 'NONE',  ( -0.6785254037844378194, 1.175240473580834388, -0.6708333333333321713 ) ) ;
#1512 = CARTESIAN_POINT ( 'NONE',  ( -0.2789980838054564871, -1.203438570335784608, 1.487014641998144260 ) ) ;
#1513 = APPROVAL ( #2975, 'UNSPECIFIED' ) ;
#1514 = CARTESIAN_POINT ( 'NONE',  ( 0.6785254037844385966, 1.175240473580834166, -1.254166666666665542 ) ) ;
#1515 = PRODUCT_DEFINITION_FORMATION_WITH_SPECIFIED_SOURCE ( 'ANY', '', #1736, .NOT_KNOWN. ) ;
#1516 = CARTESIAN_POINT ( 'NONE',  ( 1.017788105676657562, 0.5876202367904164170, -1.795833333333332060 ) ) ;
#1517 = CARTESIAN_POINT ( 'NONE',  ( -1.499999999999999334, -3.544235377904628279E-15, -0.7749999999999998002 ) ) ;
#1518 = CARTESIAN_POINT ( 'NONE',  ( -1.499999999999999334, -3.544235377904628279E-15, -0.2749999999999999112 ) ) ;
#1519 = ORIENTED_EDGE ( 'NONE', *, *, #2068, .F. ) ;
#1520 =( BOUNDED_CURVE ( )  B_SPLINE_CURVE ( 2, ( #1726, #2727, #682, #1693, #3246, #192, #2694, #428, #2451, #698, #465, #978, #1994, #2999, #178, #2662, #1198, #397, #2205, #3213, #1711, #1163, #2709, #445, #762, #747, #2512, #779, #1775, #1296, #2056, #1743, #794, #2287, #239, #545, #1757, #1007, #529, #6, #1314, #1791, #1022, #1561, #1545, #2039, #1808, #3013, #3044, #2790, #3261, #1264, #493, #2545, #273, #2008, #2776, #2561, #2269, #1510, #2302, #1281, #255, #24, #1041, #291, #3060, #479, #2809, #512, #2742, #2073, #3029, #1494, #2757, #2527, #2320, #1528, #41, #1055, #3077, #3276, #2495, #2021, #221, #1248, #2253, #992, #1893, #375, #1611, #1627, #108, #593, #306, #1841, #3149, #2091, #2641, #1824, #2155, #2826, #878, #1107, #2366, #122, #1641, #2841, #3096, #92, #58, #2894, #2623, #861, #2577, #2125, #359, #2877, #1380, #1126, #1330, #628, #612, #2381, #1347, #2139, #2335, #1396, #1073 ),
 .UNSPECIFIED., .F., .F. ) 
 B_SPLINE_CURVE_WITH_KNOTS ( ( 3, 2, 2, 2, 2, 2, 2, 2, 2, 2, 2, 2, 2, 2, 2, 2, 2, 2, 2, 2, 2, 2, 2, 2, 2, 2, 2, 2, 2, 2, 2, 2, 2, 2, 2, 2, 2, 2, 2, 2, 2, 2, 2, 2, 2, 2, 2, 2, 2, 2, 2, 2, 2, 2, 2, 2, 2, 2, 2, 2, 2, 2, 2, 2, 3 ),
 ( 0.2088890455743381835, 0.2142857142857142738, 0.2261904761904761918, 0.2380952380952380820, 0.2500000000000000000, 0.2619047619047619180, 0.2738095238095238360, 0.2857142857142856984, 0.2976190476190476164, 0.3095238095238095344, 0.3214285714285714524, 0.3333333333333333148, 0.3452380952380952328, 0.3571428571428571508, 0.3690476190476190688, 0.3809523809523809312, 0.3928571428571428492, 0.4047619047619047672, 0.4166666666666666852, 0.4285714285714284921, 0.4404761904761904656, 0.4523809523809523836, 0.4642857142857143016, 0.4761904761904761640, 0.4880952380952380820, 0.5000000000000000000, 0.5119047619047618625, 0.5238095238095238360, 0.5357142857142856984, 0.5476190476190476719, 0.5595238095238095344, 0.5714285714285713969, 0.5833333333333333703, 0.5952380952380951218, 0.6071428571428570953, 0.6190476190476190688, 0.6309523809523809312, 0.6428571428571429047, 0.6547619047619047672, 0.6666666666666666297, 0.6785714285714286031, 0.6904761904761904656, 0.7023809523809523281, 0.7142857142857143016, 0.7261904761904761640, 0.7380952380952381375, 0.7500000000000000000, 0.7619047619047618625, 0.7738095238095238360, 0.7857142857142856984, 0.7976190476190476719, 0.8095238095238095344, 0.8214285714285713969, 0.8333333333333333703, 0.8452380952380952328, 0.8571428571428570953, 0.8690476190476190688, 0.8809523809523809312, 0.8928571428571427937, 0.9047619047619047672, 0.9166666666666666297, 0.9285714285714286031, 0.9404761904761904656, 0.9523809523809524391, 0.9605444303146573048 ),
 .UNSPECIFIED. ) 
 CURVE ( )  GEOMETRIC_REPRESENTATION_ITEM ( )  RATIONAL_B_SPLINE_CURVE ( ( 0.9335965648880040213, 0.9392666130326756679, 1.000000000000000000, 0.8660254037844387076, 1.000000000000000000, 0.8660254037844387076, 1.000000000000000000, 0.8660254037844387076, 1.000000000000000000, 0.8660254037844387076, 1.000000000000000000, 0.8660254037844387076, 1.000000000000000000, 0.8660254037844387076, 1.000000000000000000, 0.8660254037844387076, 1.000000000000000000, 0.8660254037844387076, 1.000000000000000000, 0.8660254037844387076, 1.000000000000000000, 0.8660254037844387076, 1.000000000000000000, 0.8660254037844387076, 1.000000000000000000, 0.8660254037844387076, 1.000000000000000000, 0.8660254037844387076, 1.000000000000000000, 0.8660254037844387076, 1.000000000000000000, 0.8660254037844387076, 1.000000000000000000, 0.8660254037844387076, 1.000000000000000000, 0.8660254037844387076, 1.000000000000000000, 0.8660254037844387076, 1.000000000000000000, 0.8660254037844387076, 1.000000000000000000, 0.8660254037844387076, 1.000000000000000000, 0.8660254037844387076, 1.000000000000000000, 0.8660254037844387076, 1.000000000000000000, 0.8660254037844387076, 1.000000000000000000, 0.8660254037844387076, 1.000000000000000000, 0.8660254037844387076, 1.000000000000000000, 0.8660254037844387076, 1.000000000000000000, 0.8660254037844387076, 1.000000000000000000, 0.8660254037844387076, 1.000000000000000000, 0.8660254037844387076, 1.000000000000000000, 0.8660254037844387076, 1.000000000000000000, 0.8660254037844387076, 1.000000000000000000, 0.8660254037844387076, 1.000000000000000000, 0.8660254037844387076, 1.000000000000000000, 0.8660254037844387076, 1.000000000000000000, 0.8660254037844387076, 1.000000000000000000, 0.8660254037844387076, 1.000000000000000000, 0.8660254037844387076, 1.000000000000000000, 0.8660254037844387076, 1.000000000000000000, 0.8660254037844387076, 1.000000000000000000, 0.8660254037844387076, 1.000000000000000000, 0.8660254037844387076, 1.000000000000000000, 0.8660254037844387076, 1.000000000000000000, 0.8660254037844387076, 1.000000000000000000, 0.8660254037844387076, 1.000000000000000000, 0.8660254037844387076, 1.000000000000000000, 0.8660254037844387076, 1.000000000000000000, 0.8660254037844387076, 1.000000000000000000, 0.8660254037844387076, 1.000000000000000000, 0.8660254037844387076, 1.000000000000000000, 0.8660254037844387076, 1.000000000000000000, 0.8660254037844387076, 1.000000000000000000, 0.8660254037844387076, 1.000000000000000000, 0.8660254037844387076, 1.000000000000000000, 0.8660254037844387076, 1.000000000000000000, 0.8660254037844387076, 1.000000000000000000, 0.8660254037844387076, 1.000000000000000000, 0.8660254037844387076, 1.000000000000000000, 0.8660254037844387076, 1.000000000000000000, 0.8660254037844387076, 1.000000000000000000, 0.8660254037844387076, 1.000000000000000000, 0.8660254037844387076, 1.000000000000000000, 0.8660254037844387076, 1.000000000000000000, 0.9081293125698479685, 0.9422559925108744405 ) ) 
 REPRESENTATION_ITEM ( '' )  );
#1521 = EDGE_CURVE ( 'NONE', #1441, #1166, #120, .T. ) ;
#1522 = CARTESIAN_POINT ( 'NONE',  ( -1.322475605676658006, 0.7635316469341321133, -1.332291666666666874 ) ) ;
#1523 = LINE ( 'NONE', #186, #498 ) ;
#1524 = CARTESIAN_POINT ( 'NONE',  ( -1.017788105676657118, 0.5876202367904173052, -4.066666666666666430 ) ) ;
#1525 = DIRECTION ( 'NONE',  ( 0.000000000000000000, 0.000000000000000000, -1.000000000000000000 ) ) ;
#1526 = CARTESIAN_POINT ( 'NONE',  ( -1.903256151141336323E-16, -1.554126587736527343, -1.181249999999999245 ) ) ;
#1527 = ORIENTED_EDGE ( 'NONE', *, *, #1109, .F. ) ;
#1528 = CARTESIAN_POINT ( 'NONE',  ( 1.357050807568876083, -2.492861891654331838E-16, -1.774999999999999467 ) ) ;
#1529 = CARTESIAN_POINT ( 'NONE',  ( 1.017788105676656896, -0.5876202367904177493, 1.120833333333334458 ) ) ;
#1530 = DIRECTION ( 'NONE',  ( 0.000000000000000000, 0.000000000000000000, -1.000000000000000000 ) ) ;
#1531 = CARTESIAN_POINT ( 'NONE',  ( -1.017788105676657118, 0.5876202367904173052, -0.6291666666666654306 ) ) ;
#1532 = CARTESIAN_POINT ( 'NONE',  ( 0.6785254037844375974, -1.175240473580834610, -3.420833333333332504 ) ) ;
#1533 = CARTESIAN_POINT ( 'NONE',  ( -1.017788105676657118, 0.5876202367904173052, 0.4333333333333344028 ) ) ;
#1534 = CARTESIAN_POINT ( 'NONE',  ( -2.987127885024430718, -0.2776675398847080478, 3.162820688349760267 ) ) ;
#1535 = ORIENTED_EDGE ( 'NONE', *, *, #2563, .F. ) ;
#1536 = CARTESIAN_POINT ( 'NONE',  ( 1.322475605676658672, 0.7635316469341310031, -1.498958333333333837 ) ) ;
#1537 = DIRECTION ( 'NONE',  ( 0.000000000000000000, 0.000000000000000000, -1.000000000000000000 ) ) ;
#1538 = CARTESIAN_POINT ( 'NONE',  ( -0.3927239705810222081, 1.234952840411013719, -3.756798455546504378 ) ) ;
#1539 =( BOUNDED_CURVE ( )  B_SPLINE_CURVE ( 2, ( #88, #1086, #285, #2051, #1573, #2103, #3109, #1607, #2555 ),
 .UNSPECIFIED., .F., .F. ) 
 B_SPLINE_CURVE_WITH_KNOTS ( ( 3, 2, 2, 2, 3 ),
 ( 0.3035714285714286031, 0.3095238095238095344, 0.3214285714285713969, 0.3333333333333333703, 0.3392857142857143016 ),
 .UNSPECIFIED. ) 
 CURVE ( )  GEOMETRIC_REPRESENTATION_ITEM ( )  RATIONAL_B_SPLINE_CURVE ( ( 0.9330127018922192983, 0.9330127018922192983, 1.000000000000000000, 0.8660254037844385966, 1.000000000000000000, 0.8660254037844385966, 1.000000000000000000, 0.9330127018922192983, 0.9330127018922192983 ) ) 
 REPRESENTATION_ITEM ( '' )  );
#1540 = CARTESIAN_POINT ( 'NONE',  ( 0.6785254037844375974, -1.175240473580834610, -2.358333333333332060 ) ) ;
#1541 = EDGE_CURVE ( 'NONE', #435, #1186, #1933, .T. ) ;
#1542 = CARTESIAN_POINT ( 'NONE',  ( 1.500000000000000222, 1.836970198721030181E-16, 6.342640687119286191 ) ) ;
#1543 = CARTESIAN_POINT ( 'NONE',  ( -1.794550807568877193, 1.098845451198261649E-16, -0.3062499999999991895 ) ) ;
#1544 = ORIENTED_EDGE ( 'NONE', *, *, #2445, .T. ) ;
#1545 = CARTESIAN_POINT ( 'NONE',  ( -1.439254484199188393E-16, -1.175240473580834388, -0.3999999999999988565 ) ) ;
#1546 = CARTESIAN_POINT ( 'NONE',  ( -1.017788105676657118, 0.5876202367904173052, 0.8708333333333343473 ) ) ;
#1547 = CARTESIAN_POINT ( 'NONE',  ( 1.320356382932048822, 0.7130756606638222195, -3.547884685518674974 ) ) ;
#1548 = CARTESIAN_POINT ( 'NONE',  ( 2.878508968398376785E-16, 1.175240473580834388, -0.2124999999999991340 ) ) ;
#1549 = CARTESIAN_POINT ( 'NONE',  ( -1.357050807568875861, 8.309539638847774027E-17, -4.087499999999998579 ) ) ;
#1550 = CARTESIAN_POINT ( 'NONE',  ( -1.357050807568875861, 8.309539638847774027E-17, 0.4750000000000010880 ) ) ;
#1551 = CARTESIAN_POINT ( 'NONE',  ( -2.984962311319860007, -0.2999999999999998224, 3.203308246730247166 ) ) ;
#1552 = ORIENTED_EDGE ( 'NONE', *, *, #1443, .F. ) ;
#1553 = CARTESIAN_POINT ( 'NONE',  ( -1.322475605676658228, -0.7635316469341315582, -3.248958333333333837 ) ) ;
#1554 = DIRECTION ( 'NONE',  ( -1.000000000000000000, 0.000000000000000000, 0.000000000000000000 ) ) ;
#1555 = CARTESIAN_POINT ( 'NONE',  ( -1.322475605676658006, 0.7635316469341321133, -4.332291666666667318 ) ) ;
#1556 = CARTESIAN_POINT ( 'NONE',  ( -1.357050807568875861, 8.309539638847774027E-17, -3.524999999999999023 ) ) ;
#1557 = DIRECTION ( 'NONE',  ( -1.000000000000000000, 0.000000000000000000, 0.000000000000000000 ) ) ;
#1558 = CARTESIAN_POINT ( 'NONE',  ( -1.794550807568877193, 1.098845451198261649E-16, -1.806249999999998801 ) ) ;
#1559 = EDGE_CURVE ( 'NONE', #1312, #1968, #1067, .T. ) ;
#1560 = ORIENTED_EDGE ( 'NONE', *, *, #3193, .T. ) ;
#1561 = CARTESIAN_POINT ( 'NONE',  ( 0.6785254037844375974, -1.175240473580834610, -0.3583333333333324489 ) ) ;
#1562 = AXIS2_PLACEMENT_3D ( 'NONE', #2872, #603, #1622 ) ;
#1563 = CARTESIAN_POINT ( 'NONE',  ( -1.017788105676657118, -0.5876202367904169721, -0.04583333333333218518 ) ) ;
#1564 = B_SPLINE_CURVE_WITH_KNOTS ( 'NONE', 3,
 ( #401, #931, #2696, #1451, #3089, #1837, #2514, #1470 ),
 .UNSPECIFIED., .F., .F.,
 ( 4, 2, 2, 4 ),
 ( 0.003578657814831055339, 0.003825483810366379651, 0.004072309805901703529, 0.004565961796972351286 ),
 .UNSPECIFIED. ) ;
#1565 = CARTESIAN_POINT ( 'NONE',  ( -1.499999999999999334, 0.4019237886466840437, -3.359829099369259442 ) ) ;
#1566 = CARTESIAN_POINT ( 'NONE',  ( -1.017788105676657118, -0.5876202367904169721, -0.04583333333333218518 ) ) ;
#1567 = CARTESIAN_POINT ( 'NONE',  ( 3.740226349862366751E-16, 1.527063293868263782, 2.584374999999999645 ) ) ;
#1568 = CARTESIAN_POINT ( 'NONE',  ( -1.357050807568875861, 8.309539638847774027E-17, 2.475000000000001421 ) ) ;
#1569 = CARTESIAN_POINT ( 'NONE',  ( 0.8660254037844377084, -1.499999999999999556, -1.608333333333332948 ) ) ;
#1570 = ORIENTED_EDGE ( 'NONE', *, *, #50, .T. ) ;
#1571 = CARTESIAN_POINT ( 'NONE',  ( -0.8816504037844384856, 1.527063293868264005, -0.8739583333333339477 ) ) ;
#1572 = CARTESIAN_POINT ( 'NONE',  ( -0.7917944595626618121, -1.174706775227754907, -3.643479321929489867 ) ) ;
#1573 = CARTESIAN_POINT ( 'NONE',  ( -1.836970198721029194E-16, -1.499999999999999556, -1.712499999999998579 ) ) ;
#1574 = CARTESIAN_POINT ( 'NONE',  ( 0.6785254037844385966, 1.175240473580834166, -1.691666666666665542 ) ) ;
#1575 = LINE ( 'NONE', #1003, #763 ) ;
#1576 = CARTESIAN_POINT ( 'NONE',  ( -1.345913105676657784, 0.7770632938682638935, -0.8479166666666656527 ) ) ;
#1577 = CARTESIAN_POINT ( 'NONE',  ( -0.9787629458601232457, 0.7167892588934067222, 1.444418094216706194 ) ) ;
#1578 = CARTESIAN_POINT ( 'NONE',  ( 1.357050807568875861, -2.492861891654331838E-16, -0.8374999999999988010 ) ) ;
#1579 = EDGE_CURVE ( 'NONE', #3036, #2598, #3078, .T. ) ;
#1580 = CARTESIAN_POINT ( 'NONE',  ( -1.299038105676657784, -0.7499999999999995559, -0.7333333333333332815 ) ) ;
#1581 = CARTESIAN_POINT ( 'NONE',  ( 1.017788105676657562, 0.5876202367904164170, -0.7958333333333323933 ) ) ;
#1582 = CARTESIAN_POINT ( 'NONE',  ( -1.357050807568875861, 8.309539638847774027E-17, -3.087499999999999023 ) ) ;
#1583 = CARTESIAN_POINT ( 'NONE',  ( -1.017788105676657118, -0.5876202367904169721, 2.016666666666667496 ) ) ;
#1584 = ADVANCED_FACE ( 'NONE', ( #453 ), #198, .T. ) ;
#1585 = FACE_OUTER_BOUND ( 'NONE', #681, .T. ) ;
#1586 = ORIENTED_EDGE ( 'NONE', *, *, #629, .T. ) ;
#1587 = CARTESIAN_POINT ( 'NONE',  ( 3.740226349862366751E-16, 1.527063293868263782, -2.415625000000000355 ) ) ;
#1588 = CARTESIAN_POINT ( 'NONE',  ( -1.499999999999999334, -3.544235377904628279E-15, 0.2250000000000000888 ) ) ;
#1589 = DIRECTION ( 'NONE',  ( -1.000000000000000000, 0.000000000000000000, 0.000000000000000000 ) ) ;
#1590 = DIRECTION ( 'NONE',  ( 0.000000000000000000, 0.000000000000000000, -1.000000000000000000 ) ) ;
#1591 = CARTESIAN_POINT ( 'NONE',  ( 2.989271626418971373, -0.2535662224347171589, 3.151166841412591513 ) ) ;
#1592 = CARTESIAN_POINT ( 'NONE',  ( -1.017788105676657118, -0.5876202367904169721, -3.983333333333331616 ) ) ;
#1593 = CARTESIAN_POINT ( 'NONE',  ( 1.299038105676658228, 0.7499999999999987788, -3.483333333333333393 ) ) ;
#1594 = CARTESIAN_POINT ( 'NONE',  ( 1.345913105676657562, -0.7770632938682643376, -1.097916666666665986 ) ) ;
#1595 = VECTOR ( 'NONE', #408, 1000.000000000000000 ) ;
#1596 = CARTESIAN_POINT ( 'NONE',  ( -1.251017696411974578, 1.162044386198239330E-16, 1.518750000000001821 ) ) ;
#1597 = CARTESIAN_POINT ( 'NONE',  ( 2.878508968398376785E-16, 1.175240473580834388, -1.712499999999999245 ) ) ;
#1598 = CARTESIAN_POINT ( 'NONE',  ( -1.299038105676657784, -0.7499999999999993339, -2.295833333333332948 ) ) ;
#1599 = CARTESIAN_POINT ( 'NONE',  ( -0.5359958465575211939, 1.045896086241644651, 1.387499999999999512 ) ) ;
#1600 = CARTESIAN_POINT ( 'NONE',  ( -1.322475605676658006, 0.7635316469341321133, 1.667708333333332682 ) ) ;
#1601 = CARTESIAN_POINT ( 'NONE',  ( 2.878508968398376785E-16, 1.175240473580834388, 0.8500000000000009770 ) ) ;
#1602 = CARTESIAN_POINT ( 'NONE',  ( 1.499999999999999778, 0.3565714834180347403, 1.932309526856557769 ) ) ;
#1603 = ORIENTED_EDGE ( 'NONE', *, *, #1233, .T. ) ;
#1604 = ADVANCED_FACE ( 'NONE', ( #470 ), #2486, .T. ) ;
#1605 = CARTESIAN_POINT ( 'NONE',  ( -1.499999999999999556, -0.4019237886466836551, -3.315170900630738160 ) ) ;
#1606 = CARTESIAN_POINT ( 'NONE',  ( 0.5029396173729673292, -1.374617862712399274, -3.596105732712949088 ) ) ;
#1607 = CARTESIAN_POINT ( 'NONE',  ( 1.499999999999999334, -0.4019237886466844323, -1.609829099369259664 ) ) ;
#1608 = DATE_AND_TIME ( #1088, #345 ) ;
#1609 = CARTESIAN_POINT ( 'NONE',  ( -1.359499610817220372, 0.3526500244969840714, 1.765455080584973357 ) ) ;
#1610 = CARTESIAN_POINT ( 'NONE',  ( -1.017788105676657118, -0.5876202367904169721, 1.516666666666667718 ) ) ;
#1611 = CARTESIAN_POINT ( 'NONE',  ( 1.017788105676656896, -0.5876202367904177493, -2.316666666666665098 ) ) ;
#1612 = CARTESIAN_POINT ( 'NONE',  ( 0.6785254037844385966, 1.175240473580834166, -1.254166666666665542 ) ) ;
#1613 = DIRECTION ( 'NONE',  ( 0.000000000000000000, 0.000000000000000000, -1.000000000000000000 ) ) ;
#1614 = VECTOR ( 'NONE', #1525, 1000.000000000000000 ) ;
#1615 = CARTESIAN_POINT ( 'NONE',  ( -0.8660254037844380415, 1.499999999999999334, 0.1416666666666665797 ) ) ;
#1616 = CARTESIAN_POINT ( 'NONE',  ( -0.8816504037844384856, 1.527063293868264005, 1.626041666666665941 ) ) ;
#1617 = CARTESIAN_POINT ( 'NONE',  ( -0.6785254037844383745, -1.175240473580834166, 0.05833333333333427795 ) ) ;
#1618 = CARTESIAN_POINT ( 'NONE',  ( -1.500000000000001776, 0.4019237886466805465, 0.6401709006307406691 ) ) ;
#1619 = ORIENTED_EDGE ( 'NONE', *, *, #3239, .T. ) ;
#1620 = CARTESIAN_POINT ( 'NONE',  ( 3.673940397442059375E-16, 1.499999999999999556, 1.099999999999999867 ) ) ;
#1621 = CARTESIAN_POINT ( 'NONE',  ( -1.017788105676657118, -0.5876202367904169721, 0.9541666666666676067 ) ) ;
#1622 = DIRECTION ( 'NONE',  ( 1.000000000000000000, 0.000000000000000000, 0.000000000000000000 ) ) ;
#1623 = CARTESIAN_POINT ( 'NONE',  ( 1.499999999999999778, 0.4019237886466831555, -1.565170900630738826 ) ) ;
#1624 = CC_DESIGN_APPROVAL ( #3211, ( #2863 ) ) ;
#1625 = CARTESIAN_POINT ( 'NONE',  ( 1.017788105676656896, -0.5876202367904177493, 2.183333333333334458 ) ) ;
#1626 = DIRECTION ( 'NONE',  ( 0.000000000000000000, 0.000000000000000000, -1.000000000000000000 ) ) ;
#1627 = CARTESIAN_POINT ( 'NONE',  ( 0.6785254037844375974, -1.175240473580834610, -2.358333333333332504 ) ) ;
#1628 = CARTESIAN_POINT ( 'NONE',  ( 0.6785254037844375974, -1.175240473580834610, -3.420833333333332504 ) ) ;
#1629 = LINE ( 'NONE', #2415, #1362 ) ;
#1630 = CARTESIAN_POINT ( 'NONE',  ( -1.357050807568876083, 8.309539638847774027E-17, -3.087499999999998579 ) ) ;
#1631 = CARTESIAN_POINT ( 'NONE',  ( 0.8816504037844394848, 1.527063293868263338, 0.04270833333333295956 ) ) ;
#1632 = CARTESIAN_POINT ( 'NONE',  ( 0.6785254037844375974, -1.175240473580834610, -0.8583333333333326154 ) ) ;
#1633 = ORIENTED_EDGE ( 'NONE', *, *, #209, .F. ) ;
#1634 = CARTESIAN_POINT ( 'NONE',  ( 1.499999999999999334, -0.4019237886466844323, 1.890170900630740558 ) ) ;
#1635 = CARTESIAN_POINT ( 'NONE',  ( -0.6785254037844378194, 1.175240473580834388, 2.329166666666667496 ) ) ;
#1636 = CARTESIAN_POINT ( 'NONE',  ( -1.499999999999999334, -7.378981852358816687E-15, -2.774999999999999023 ) ) ;
#1637 = CARTESIAN_POINT ( 'NONE',  ( -0.8660254037844382635, 1.499999999999999778, -1.420833333333332282 ) ) ;
#1638 = CARTESIAN_POINT ( 'NONE',  ( -0.6400072944604906500, 1.209074295665634624, 1.716455192429695131 ) ) ;
#1639 = CARTESIAN_POINT ( 'NONE',  ( 0.6785254037844385966, 1.175240473580834166, 1.308333333333334236 ) ) ;
#1640 = ADVANCED_FACE ( 'NONE', ( #983 ), #624, .F. ) ;
#1641 = CARTESIAN_POINT ( 'NONE',  ( -1.017788105676657118, -0.5876202367904169721, -2.983333333333332060 ) ) ;
#1642 = CARTESIAN_POINT ( 'NONE',  ( -1.357050807568875861, 8.309539638847774027E-17, -3.087499999999999023 ) ) ;
#1643 =( BOUNDED_CURVE ( )  B_SPLINE_CURVE ( 2, ( #588, #86, #1101, #2886, #854, #2870, #619, #1634, #2193 ),
 .UNSPECIFIED., .F., .F. ) 
 B_SPLINE_CURVE_WITH_KNOTS ( ( 3, 2, 2, 2, 3 ),
 ( 0.8035714285714286031, 0.8095238095238095344, 0.8214285714285713969, 0.8333333333333333703, 0.8392857142857143016 ),
 .UNSPECIFIED. ) 
 CURVE ( )  GEOMETRIC_REPRESENTATION_ITEM ( )  RATIONAL_B_SPLINE_CURVE ( ( 0.9330127018922192983, 0.9330127018922192983, 1.000000000000000000, 0.8660254037844385966, 1.000000000000000000, 0.8660254037844385966, 1.000000000000000000, 0.9330127018922192983, 0.9330127018922192983 ) ) 
 REPRESENTATION_ITEM ( '' )  );
#1644 = CARTESIAN_POINT ( 'NONE',  ( 1.794550807568877193, -3.296536353594784206E-16, 2.943750000000000533 ) ) ;
#1645 = CARTESIAN_POINT ( 'NONE',  ( 1.357050807568876083, -2.492861891654331838E-16, -3.337499999999999023 ) ) ;
#1646 = CARTESIAN_POINT ( 'NONE',  ( -0.8816504037844392627, -1.527063293868263338, -0.2072916666666672625 ) ) ;
#1647 = AXIS2_PLACEMENT_3D ( 'NONE', #2179, #353, #1472 ) ;
#1648 = CARTESIAN_POINT ( 'NONE',  ( 1.017788105676656896, -0.5876202367904177493, -1.316666666666665542 ) ) ;
#1649 = EDGE_LOOP ( 'NONE', ( #2229, #3198 ) ) ;
#1650 = CARTESIAN_POINT ( 'NONE',  ( 2.984962311319926176, -0.3000000000002103206, 3.205662450564370936 ) ) ;
#1651 = CARTESIAN_POINT ( 'NONE',  ( 1.499999999999998890, 0.4019237886466840437, 0.9973290993692599526 ) ) ;
#1652 = CARTESIAN_POINT ( 'NONE',  ( 1.499999999999998890, 0.4019237886466840437, 1.497329099369259620 ) ) ;
#1653 = CARTESIAN_POINT ( 'NONE',  ( -1.836970198721029194E-16, -1.499999999999999556, -2.712499999999998579 ) ) ;
#1654 = VERTEX_POINT ( 'NONE', #2464 ) ;
#1655 = CARTESIAN_POINT ( 'NONE',  ( -1.836970198721029688E-16, -1.499999999999999556, -2.149999999999999467 ) ) ;
#1656 = CARTESIAN_POINT ( 'NONE',  ( 0.6785254037844385966, 1.175240473580834166, 2.808333333333334458 ) ) ;
#1657 = CARTESIAN_POINT ( 'NONE',  ( -0.8206530130042067883, -1.190520884597096041, 1.838746778738310050 ) ) ;
#1658 = CARTESIAN_POINT ( 'NONE',  ( 0.6785254037844375974, -1.175240473580834610, -0.9208333333333326154 ) ) ;
#1659 = EDGE_CURVE ( 'NONE', #3123, #2526, #338, .T. ) ;
#1660 = CYLINDRICAL_SURFACE ( 'NONE', #78, 1.500000000000000222 ) ;
#1661 = CARTESIAN_POINT ( 'NONE',  ( 1.017788105676657562, 0.5876202367904164170, -2.295833333333332504 ) ) ;
#1662 = CARTESIAN_POINT ( 'NONE',  ( -1.322475605676658006, 0.7635316469341321133, 1.167708333333332682 ) ) ;
#1663 = CARTESIAN_POINT ( 'NONE',  ( -1.017788105676657118, 0.5876202367904173052, -2.066666666666665986 ) ) ;
#1664 = EDGE_CURVE ( 'NONE', #2750, #1488, #2542, .T. ) ;
#1665 = ORIENTED_EDGE ( 'NONE', *, *, #3052, .T. ) ;
#1666 = CARTESIAN_POINT ( 'NONE',  ( -1.499999999999999334, -3.544235377904628279E-15, -0.2749999999999999112 ) ) ;
#1667 = DIRECTION ( 'NONE',  ( 0.5000000000000009992, -6.123233995736778362E-17, 0.8660254037844380415 ) ) ;
#1668 = AXIS2_PLACEMENT_3D ( 'NONE', #317, #1537, #973 ) ;
#1669 = CARTESIAN_POINT ( 'NONE',  ( -1.357050807568875861, 8.309539638847774027E-17, 1.912500000000000977 ) ) ;
#1670 = CARTESIAN_POINT ( 'NONE',  ( 1.499999999999999334, -0.2303039929152728427, -3.537794666273070376 ) ) ;
#1671 = VECTOR ( 'NONE', #941, 1000.000000000000000 ) ;
#1672 = CARTESIAN_POINT ( 'NONE',  ( 3.673940397442059375E-16, 1.499999999999999556, -0.4000000000000002442 ) ) ;
#1673 = CARTESIAN_POINT ( 'NONE',  ( 2.878508968398376785E-16, 1.175240473580834388, 2.850000000000000977 ) ) ;
#1674 = CIRCLE ( 'NONE', #450, 3.000000000000000000 ) ;
#1675 = CARTESIAN_POINT ( 'NONE',  ( -1.499999999999999334, -7.378981852358816687E-15, -2.774999999999999023 ) ) ;
#1676 = CARTESIAN_POINT ( 'NONE',  ( -0.6785254037844378194, 1.175240473580834388, -4.170833333333331616 ) ) ;
#1677 = CARTESIAN_POINT ( 'NONE',  ( 0.8972754037844394848, 1.554126587736526899, 3.027083333333333570 ) ) ;
#1678 = CARTESIAN_POINT ( 'NONE',  ( 0.8660254037844392627, 1.499999999999999334, -2.504166666666666430 ) ) ;
#1679 = CARTESIAN_POINT ( 'NONE',  ( 0.8816504037844381525, -1.527063293868264449, -0.6239583333333339477 ) ) ;
#1680 = CARTESIAN_POINT ( 'NONE',  ( -1.017788105676657118, -0.5876202367904169721, -2.483333333333332504 ) ) ;
#1681 = VERTEX_POINT ( 'NONE', #2691 ) ;
#1682 = CARTESIAN_POINT ( 'NONE',  ( 2.985854209961086525, -0.2909890665603380167, 3.178375403697353274 ) ) ;
#1683 = EDGE_CURVE ( 'NONE', #369, #3004, #425, .T. ) ;
#1684 = CARTESIAN_POINT ( 'NONE',  ( -1.017788105676657118, 0.5876202367904173052, 0.8708333333333343473 ) ) ;
#1685 = CARTESIAN_POINT ( 'NONE',  ( 1.357050807568875861, -2.492861891654331838E-16, 2.162500000000000977 ) ) ;
#1686 = CARTESIAN_POINT ( 'NONE',  ( -1.500000000000001776, 0.4019237886466805465, -2.797329099369259442 ) ) ;
#1687 = EDGE_LOOP ( 'NONE', ( #1702, #1466, #2973, #2132 ) ) ;
#1688 = CARTESIAN_POINT ( 'NONE',  ( 1.299038105676658228, 0.7499999999999986677, -3.045833333333332060 ) ) ;
#1689 = CARTESIAN_POINT ( 'NONE',  ( 2.878508968398376785E-16, 1.175240473580834388, -1.149999999999999023 ) ) ;
#1690 = CARTESIAN_POINT ( 'NONE',  ( -1.499999999999999334, -3.486133158594716806E-15, 1.162500000000000755 ) ) ;
#1691 = DIRECTION ( 'NONE',  ( -0.000000000000000000, -0.000000000000000000, 1.000000000000000000 ) ) ;
#1692 = CARTESIAN_POINT ( 'NONE',  ( 0.8972754037844394848, 1.554126587736526899, 1.027083333333334014 ) ) ;
#1693 = CARTESIAN_POINT ( 'NONE',  ( 0.6785254037844385966, 1.175240473580834166, 1.308333333333334236 ) ) ;
#1694 = ORIENTED_EDGE ( 'NONE', *, *, #2974, .F. ) ;
#1695 = CARTESIAN_POINT ( 'NONE',  ( -0.6785254037844378194, 1.175240473580834388, -3.108333333333332504 ) ) ;
#1696 = ORIENTED_EDGE ( 'NONE', *, *, #2665, .F. ) ;
#1697 = FACE_OUTER_BOUND ( 'NONE', #1434, .T. ) ;
#1698 = VECTOR ( 'NONE', #1835, 1000.000000000000000 ) ;
#1699 = CARTESIAN_POINT ( 'NONE',  ( 0.8920685542700035331, -0.9342889115895938179, -3.787122496518151582 ) ) ;
#1700 = CARTESIAN_POINT ( 'NONE',  ( 0.6785254037844385966, 1.175240473580834166, 0.7458333333333342363 ) ) ;
#1701 = CARTESIAN_POINT ( 'NONE',  ( 0.000000000000000000, 0.000000000000000000, 3.149999999999999911 ) ) ;
#1702 = ORIENTED_EDGE ( 'NONE', *, *, #2167, .T. ) ;
#1703 = ORIENTED_EDGE ( 'NONE', *, *, #2620, .F. ) ;
#1704 = EDGE_CURVE ( 'NONE', #487, #290, #218, .T. ) ;
#1705 = SECURITY_CLASSIFICATION_LEVEL ( 'unclassified' ) ;
#1706 = CARTESIAN_POINT ( 'NONE',  ( -1.500000000000000222, 0.000000000000000000, 6.342640687119286191 ) ) ;
#1707 = CARTESIAN_POINT ( 'NONE',  ( 0.6785254037844375974, -1.175240473580834610, -0.3583333333333324489 ) ) ;
#1708 = CARTESIAN_POINT ( 'NONE',  ( -1.836970198721029194E-16, -1.499999999999999556, 1.287500000000000755 ) ) ;
#1709 = CARTESIAN_POINT ( 'NONE',  ( -1.439254484199188393E-16, -1.175240473580834388, -3.962499999999999023 ) ) ;
#1710 = CARTESIAN_POINT ( 'NONE',  ( 1.345913105676657562, -0.7770632938682643376, 0.4020833333333341253 ) ) ;
#1711 = CARTESIAN_POINT ( 'NONE',  ( -1.439254484199188393E-16, -1.175240473580834388, 0.6000000000000009770 ) ) ;
#1712 = CARTESIAN_POINT ( 'NONE',  ( 1.357050807568875861, -2.492861891654331838E-16, 2.662500000000000533 ) ) ;
#1713 = CARTESIAN_POINT ( 'NONE',  ( 0.000000000000000000, 0.000000000000000000, 6.342640687119286191 ) ) ;
#1714 = CARTESIAN_POINT ( 'NONE',  ( 1.411274047358088923, -5.810221930991194676E-16, -3.638725952641912009 ) ) ;
#1715 = CARTESIAN_POINT ( 'NONE',  ( 2.878508968398376785E-16, 1.175240473580834388, -1.212499999999999245 ) ) ;
#1716 = CARTESIAN_POINT ( 'NONE',  ( 1.499999999999999778, 0.4019237886466832110, -2.002670900630739936 ) ) ;
#1717 = EDGE_LOOP ( 'NONE', ( #282, #2189, #1850, #2989 ) ) ;
#1718 = ORIENTED_EDGE ( 'NONE', *, *, #3176, .T. ) ;
#1719 = ADVANCED_FACE ( 'NONE', ( #2979 ), #1825, .T. ) ;
#1720 = CARTESIAN_POINT ( 'NONE',  ( 0.8660254037844390407, 1.499999999999998668, -2.441666666666666430 ) ) ;
#1721 = CARTESIAN_POINT ( 'NONE',  ( 1.357050807568875861, -2.492861891654331838E-16, 0.2250000000000012268 ) ) ;
#1722 = CARTESIAN_POINT ( 'NONE',  ( 0.000000000000000000, 0.000000000000000000, -3.899999999999999911 ) ) ;
#1723 = EDGE_CURVE ( 'NONE', #2435, #2030, #2735, .T. ) ;
#1724 = CARTESIAN_POINT ( 'NONE',  ( 3.673940397442058389E-16, 1.499999999999999556, -1.962499999999999023 ) ) ;
#1725 = CARTESIAN_POINT ( 'NONE',  ( -1.345913105676657784, 0.7770632938682638935, 0.6520833333333341253 ) ) ;
#1726 = CARTESIAN_POINT ( 'NONE',  ( -0.5359958465575211939, 1.045896086241644651, 1.387499999999999512 ) ) ;
#1727 = CARTESIAN_POINT ( 'NONE',  ( -1.017788105676657118, 0.5876202367904173052, -3.066666666666665986 ) ) ;
#1728 = CARTESIAN_POINT ( 'NONE',  ( -1.299038105676657784, -0.7499999999999993339, 0.2041666666666675789 ) ) ;
#1729 =( BOUNDED_CURVE ( )  B_SPLINE_CURVE ( 2, ( #2944, #2413, #2431, #2169, #2674, #909, #2926, #2600, #2835 ),
 .UNSPECIFIED., .F., .F. ) 
 B_SPLINE_CURVE_WITH_KNOTS ( ( 3, 2, 2, 2, 3 ),
 ( 0.8035714285714286031, 0.8095238095238095344, 0.8214285714285713969, 0.8333333333333333703, 0.8392857142857143016 ),
 .UNSPECIFIED. ) 
 CURVE ( )  GEOMETRIC_REPRESENTATION_ITEM ( )  RATIONAL_B_SPLINE_CURVE ( ( 0.9330127018922194093, 0.9330127018922194093, 1.000000000000000000, 0.8660254037844388186, 1.000000000000000000, 0.8660254037844388186, 1.000000000000000000, 0.9330127018922194093, 0.9330127018922194093 ) ) 
 REPRESENTATION_ITEM ( '' )  );
#1730 = CARTESIAN_POINT ( 'NONE',  ( 2.984962311319860007, -0.2999999999999999334, 3.899999999999999911 ) ) ;
#1731 = CARTESIAN_POINT ( 'NONE',  ( 2.878508968398376785E-16, 1.175240473580834388, -0.2124999999999991340 ) ) ;
#1732 = DIRECTION ( 'NONE',  ( 0.000000000000000000, 0.000000000000000000, -1.000000000000000000 ) ) ;
#1733 = ORIENTED_EDGE ( 'NONE', *, *, #1342, .T. ) ;
#1734 = ORIENTED_EDGE ( 'NONE', *, *, #3160, .F. ) ;
#1735 = CARTESIAN_POINT ( 'NONE',  ( 1.150000000000001243, 0.000000000000000000, -3.899999999999999911 ) ) ;
#1736 = PRODUCT ( '91200A112_18-8 Stainless Steel Pan Head Slotted Screws', '91200A112_18-8 Stainless Steel Pan Head Slotted Screws', '', ( #1922 ) ) ;
#1737 = CARTESIAN_POINT ( 'NONE',  ( 1.017788105676657562, 0.5876202367904164170, 0.2666666666666676622 ) ) ;
#1738 = CARTESIAN_POINT ( 'NONE',  ( -1.499999999999999334, -3.486133158594716806E-15, 0.1625000000000009770 ) ) ;
#1739 = CARTESIAN_POINT ( 'NONE',  ( -2.984962311319860007, 0.2400000000000002409, 3.149999999999999911 ) ) ;
#1740 = CARTESIAN_POINT ( 'NONE',  ( 0.8972754037844380415, -1.554126587736527787, 0.3604166666666673291 ) ) ;
#1741 = EDGE_CURVE ( 'NONE', #3182, #1166, #3210, .T. ) ;
#1742 = ORIENTED_EDGE ( 'NONE', *, *, #606, .T. ) ;
#1743 = CARTESIAN_POINT ( 'NONE',  ( 0.6785254037844375974, -1.175240473580834610, 0.1416666666666675511 ) ) ;
#1744 = CARTESIAN_POINT ( 'NONE',  ( 2.878508968398376785E-16, 1.175240473580834388, -4.149999999999999467 ) ) ;
#1745 = DIRECTION ( 'NONE',  ( 0.000000000000000000, 0.000000000000000000, -1.000000000000000000 ) ) ;
#1746 = CARTESIAN_POINT ( 'NONE',  ( -1.082363013904100946, 0.4757732148463867383, 1.378764123134678998 ) ) ;
#1747 = CARTESIAN_POINT ( 'NONE',  ( -1.439254484199188393E-16, -1.175240473580834388, -0.4624999999999989120 ) ) ;
#1748 = CARTESIAN_POINT ( 'NONE',  ( 0.6785254037844385966, 1.175240473580834166, 2.808333333333334458 ) ) ;
#1749 = VERTEX_POINT ( 'NONE', #2927 ) ;
#1750 = ORIENTED_EDGE ( 'NONE', *, *, #2482, .F. ) ;
#1751 = AXIS2_PLACEMENT_3D ( 'NONE', #927, #2949, #2468 ) ;
#1752 = FACE_OUTER_BOUND ( 'NONE', #3254, .T. ) ;
#1753 = CARTESIAN_POINT ( 'NONE',  ( -1.017788105676657118, 0.5876202367904173052, 0.9333333333333344584 ) ) ;
#1754 = DIRECTION ( 'NONE',  ( 0.000000000000000000, 0.000000000000000000, -1.000000000000000000 ) ) ;
#1755 = CARTESIAN_POINT ( 'NONE',  ( 3.806512302282672647E-16, 1.554126587736527343, 1.068750000000000755 ) ) ;
#1756 = VERTEX_POINT ( 'NONE', #1973 ) ;
#1757 = CARTESIAN_POINT ( 'NONE',  ( -1.017788105676657118, 0.5876202367904173052, -0.06666666666666583307 ) ) ;
#1758 = CARTESIAN_POINT ( 'NONE',  ( -1.017788105676657118, 0.5876202367904173052, 2.370833333333334014 ) ) ;
#1759 = ADVANCED_FACE ( 'NONE', ( #2250 ), #695, .F. ) ;
#1760 = DIRECTION ( 'NONE',  ( -1.000000000000000000, 0.000000000000000000, 0.000000000000000000 ) ) ;
#1761 = CARTESIAN_POINT ( 'NONE',  ( 1.017788105676657562, 0.5876202367904164170, -0.2958333333333323933 ) ) ;
#1762 = CARTESIAN_POINT ( 'NONE',  ( 1.017788105676656896, -0.5876202367904177493, 0.6208333333333343473 ) ) ;
#1763 = DIRECTION ( 'NONE',  ( -0.000000000000000000, -0.000000000000000000, 1.000000000000000000 ) ) ;
#1764 = CARTESIAN_POINT ( 'NONE',  ( 2.915656310053990286, 0.3000000000000000999, 3.600425238048920118 ) ) ;
#1765 = VERTEX_POINT ( 'NONE', #974 ) ;
#1766 = CARTESIAN_POINT ( 'NONE',  ( 1.322475605676658672, 0.7635316469341310031, -2.998958333333333393 ) ) ;
#1767 = LINE ( 'NONE', #393, #796 ) ;
#1768 = DIRECTION ( 'NONE',  ( 0.000000000000000000, 0.000000000000000000, -1.000000000000000000 ) ) ;
#1769 = CARTESIAN_POINT ( 'NONE',  ( -0.6785254037844383745, -1.175240473580834166, -2.941666666666665986 ) ) ;
#1770 = AXIS2_PLACEMENT_3D ( 'NONE', #269, #236, #3074 ) ;
#1771 = CARTESIAN_POINT ( 'NONE',  ( -1.500000000000000222, 0.000000000000000000, 6.342640687119286191 ) ) ;
#1772 = CIRCLE ( 'NONE', #340, 3.000000000000000000 ) ;
#1773 = CARTESIAN_POINT ( 'NONE',  ( -1.903256151141336323E-16, -1.554126587736527343, -1.681249999999998801 ) ) ;
#1774 = FACE_OUTER_BOUND ( 'NONE', #2615, .T. ) ;
#1775 = CARTESIAN_POINT ( 'NONE',  ( 1.017788105676657562, 0.5876202367904164170, 0.2666666666666676622 ) ) ;
#1776 = CARTESIAN_POINT ( 'NONE',  ( 0.6785254037844385966, 1.175240473580834166, -0.2541666666666655416 ) ) ;
#1777 = CARTESIAN_POINT ( 'NONE',  ( -0.3582367711961707557, -1.179828439564962084, 1.482964608282207220 ) ) ;
#1778 = CARTESIAN_POINT ( 'NONE',  ( 2.878508968398376785E-16, 1.175240473580834388, -0.7124999999999991340 ) ) ;
#1779 = LOCAL_TIME ( 9, 8, 26.00000000000000000, #1240 ) ;
#1780 = CARTESIAN_POINT ( 'NONE',  ( -0.6785254037844383745, -1.175240473580834166, -2.504166666666665542 ) ) ;
#1781 = CARTESIAN_POINT ( 'NONE',  ( 0.6785254037844385966, 1.175240473580834166, 1.808333333333334458 ) ) ;
#1782 = CARTESIAN_POINT ( 'NONE',  ( 0.8660254037844392627, 1.499999999999999334, -3.004166666666665986 ) ) ;
#1783 = VERTEX_POINT ( 'NONE', #2739 ) ;
#1784 = EDGE_CURVE ( 'NONE', #434, #478, #36, .T. ) ;
#1785 = CARTESIAN_POINT ( 'NONE',  ( 1.763300807568877193, -3.239131034884752599E-16, -1.540625000000000133 ) ) ;
#1786 = DIRECTION ( 'NONE',  ( -0.000000000000000000, -0.000000000000000000, 1.000000000000000000 ) ) ;
#1787 = CARTESIAN_POINT ( 'NONE',  ( -1.017788105676657118, -0.5876202367904169721, -2.483333333333332504 ) ) ;
#1788 = LINE ( 'NONE', #2053, #2454 ) ;
#1789 = CARTESIAN_POINT ( 'NONE',  ( -1.345913105676658006, -0.7770632938682633384, -1.264583333333332504 ) ) ;
#1790 = VERTEX_POINT ( 'NONE', #2492 ) ;
#1791 = CARTESIAN_POINT ( 'NONE',  ( 1.357050807568876083, -2.492861891654331838E-16, -0.2749999999999987454 ) ) ;
#1792 = CARTESIAN_POINT ( 'NONE',  ( 1.357050807568875861, -2.492861891654331838E-16, 0.1625000000000011990 ) ) ;
#1793 = CARTESIAN_POINT ( 'NONE',  ( 0.8660254037844392627, 1.499999999999999334, -0.004166666666665786237 ) ) ;
#1794 = CARTESIAN_POINT ( 'NONE',  ( -0.6785254037844379305, 1.175240473580834388, -0.1708333333333322823 ) ) ;
#1795 = B_SPLINE_CURVE_WITH_KNOTS ( 'NONE', 3,
 ( #2702, #2923, #519, #1764, #2260, #658 ),
 .UNSPECIFIED., .F., .F.,
 ( 4, 2, 4 ),
 ( 0.0007101310929212404938, 0.001204334882019905510, 0.001698538671118570527 ),
 .UNSPECIFIED. ) ;
#1796 = CARTESIAN_POINT ( 'NONE',  ( 1.017788105676656896, -0.5876202367904177493, -3.879166666666665542 ) ) ;
#1797 = CARTESIAN_POINT ( 'NONE',  ( -1.439254484199188393E-16, -1.175240473580834388, 1.100000000000000977 ) ) ;
#1798 = CARTESIAN_POINT ( 'NONE',  ( 2.515835271340624679, -0.2999999999999999334, 3.900000000000014566 ) ) ;
#1799 = ORIENTED_EDGE ( 'NONE', *, *, #3216, .F. ) ;
#1800 = CARTESIAN_POINT ( 'NONE',  ( 0.8816504037844381525, -1.527063293868264449, -2.623958333333333837 ) ) ;
#1801 = DIRECTION ( 'NONE',  ( 0.000000000000000000, 0.000000000000000000, -1.000000000000000000 ) ) ;
#1802 = CARTESIAN_POINT ( 'NONE',  ( 0.1057618655640068517, 1.280854281764152169, -3.775796836454193617 ) ) ;
#1803 = ADVANCED_FACE ( 'NONE', ( #1805 ), #2265, .T. ) ;
#1804 = CARTESIAN_POINT ( 'NONE',  ( 0.6785254037844385966, 1.175240473580834166, -2.691666666666665542 ) ) ;
#1805 = FACE_OUTER_BOUND ( 'NONE', #618, .T. ) ;
#1806 = CARTESIAN_POINT ( 'NONE',  ( -1.794550807568877193, 1.098845451198261649E-16, -1.306249999999999245 ) ) ;
#1807 = ORIENTED_EDGE ( 'NONE', *, *, #2995, .F. ) ;
#1808 = CARTESIAN_POINT ( 'NONE',  ( -1.017788105676657118, -0.5876202367904169721, -0.4833333333333321713 ) ) ;
#1809 = CARTESIAN_POINT ( 'NONE',  ( -0.6785254037844383745, -1.175240473580834166, -0.004166666666665774094 ) ) ;
#1810 = CARTESIAN_POINT ( 'NONE',  ( 1.499999999999999556, -6.100733027540754016E-16, 0.4125000000000009215 ) ) ;
#1811 = CARTESIAN_POINT ( 'NONE',  ( -1.357050807568876083, 8.309539638847774027E-17, -2.087499999999998579 ) ) ;
#1812 = CARTESIAN_POINT ( 'NONE',  ( -1.439254484199188393E-16, -1.175240473580834388, -3.962499999999999023 ) ) ;
#1813 = CARTESIAN_POINT ( 'NONE',  ( 0.6785254037844375974, -1.175240473580834610, 0.1416666666666675234 ) ) ;
#1814 = CARTESIAN_POINT ( 'NONE',  ( -2.989278354223632306, -0.2534066316615512515, 3.151516991976374360 ) ) ;
#1815 = ORIENTED_EDGE ( 'NONE', *, *, #315, .T. ) ;
#1816 = CARTESIAN_POINT ( 'NONE',  ( 1.322475605676658006, -0.7635316469341325574, -1.582291666666667096 ) ) ;
#1817 = CARTESIAN_POINT ( 'NONE',  ( 1.467524047358084394, 1.220146605508151000E-15, 1.893750000000001599 ) ) ;
#1818 = CARTESIAN_POINT ( 'NONE',  ( -1.870113174931183375E-16, -1.527063293868263782, -4.165625000000000355 ) ) ;
#1819 = CARTESIAN_POINT ( 'NONE',  ( -1.357050807568875861, 8.309539638847774027E-17, -3.024999999999998579 ) ) ;
#1820 = ADVANCED_FACE ( 'NONE', ( #2299 ), #2247, .T. ) ;
#1821 = DIRECTION ( 'NONE',  ( -1.000000000000000000, 0.000000000000000000, 0.000000000000000000 ) ) ;
#1822 = CARTESIAN_POINT ( 'NONE',  ( 0.8972754037844394848, 1.554126587736526899, -0.4729166666666657082 ) ) ;
#1823 = ADVANCED_FACE ( 'NONE', ( #2823 ), #2806, .T. ) ;
#1824 = CARTESIAN_POINT ( 'NONE',  ( 0.6785254037844385966, 1.175240473580834166, -2.691666666666665542 ) ) ;
#1825 = CONICAL_SURFACE ( 'NONE', #391, 1.150000000000001243, 0.7853981633974471688 ) ;
#1826 = CARTESIAN_POINT ( 'NONE',  ( 0.6785254037844375974, -1.175240473580834610, 1.079166666666667496 ) ) ;
#1827 = CARTESIAN_POINT ( 'NONE',  ( -0.8660254037844387076, -1.499999999999998668, -0.6916666666666667629 ) ) ;
#1828 = CARTESIAN_POINT ( 'NONE',  ( -0.6785254037844379305, 1.175240473580834388, 0.3291666666666677177 ) ) ;
#1829 = CARTESIAN_POINT ( 'NONE',  ( -0.6785254037844378194, 1.175240473580834388, -3.670833333333332060 ) ) ;
#1830 = CARTESIAN_POINT ( 'NONE',  ( 1.017788105676656896, -0.5876202367904177493, 2.683333333333334458 ) ) ;
#1831 = CARTESIAN_POINT ( 'NONE',  ( -2.985297848516208497, -0.2966424710733405745, 3.190210344351006366 ) ) ;
#1832 = EDGE_LOOP ( 'NONE', ( #1937, #1718, #1948, #771, #884 ) ) ;
#1833 = AXIS2_PLACEMENT_3D ( 'NONE', #2619, #2922, #2655 ) ;
#1834 = CARTESIAN_POINT ( 'NONE',  ( -1.870113174931183375E-16, -1.527063293868263782, -2.165624999999999911 ) ) ;
#1835 = DIRECTION ( 'NONE',  ( 0.000000000000000000, 0.000000000000000000, -1.000000000000000000 ) ) ;
#1836 = CARTESIAN_POINT ( 'NONE',  ( -1.322475605676658006, 0.7635316469341321133, -3.832291666666666874 ) ) ;
#1837 = CARTESIAN_POINT ( 'NONE',  ( -2.681250116841456865, 0.3000000000000001554, 3.832384322587711001 ) ) ;
#1838 = CARTESIAN_POINT ( 'NONE',  ( 0.6785254037844385966, 1.175240473580834166, -3.691666666666665986 ) ) ;
#1839 = CARTESIAN_POINT ( 'NONE',  ( -1.499999999999999556, -0.4019237886466837661, 1.747329099369260064 ) ) ;
#1840 = CARTESIAN_POINT ( 'NONE',  ( -1.345913105676657784, 0.7770632938682638935, -0.3479166666666656527 ) ) ;
#1841 = CARTESIAN_POINT ( 'NONE',  ( -1.357050807568876083, 8.309539638847774027E-17, -2.524999999999999023 ) ) ;
#1842 = CARTESIAN_POINT ( 'NONE',  ( 2.878508968398376785E-16, 1.175240473580834388, -0.2124999999999991340 ) ) ;
#1843 = EDGE_CURVE ( 'NONE', #2634, #2301, #961, .T. ) ;
#1844 = VECTOR ( 'NONE', #2319, 1000.000000000000000 ) ;
#1845 = CARTESIAN_POINT ( 'NONE',  ( 1.499999999999999334, -0.4019237886466844323, -1.109829099369259220 ) ) ;
#1846 = CARTESIAN_POINT ( 'NONE',  ( 1.017788105676656896, -0.5876202367904177493, -3.379166666666665098 ) ) ;
#1847 = CARTESIAN_POINT ( 'NONE',  ( 0.8816504037844381525, -1.527063293868264449, 0.3760416666666662189 ) ) ;
#1848 = CARTESIAN_POINT ( 'NONE',  ( -1.357050807568875861, 8.309539638847774027E-17, 0.9750000000000010880 ) ) ;
#1849 = CARTESIAN_POINT ( 'NONE',  ( -1.499999999999999556, -0.4019237886466836551, -0.8151709006307388261 ) ) ;
#1850 = ORIENTED_EDGE ( 'NONE', *, *, #667, .F. ) ;
#1851 = CARTESIAN_POINT ( 'NONE',  ( 2.984962311319860451, -0.2399999999999998246, 3.149999999999999911 ) ) ;
#1852 = CYLINDRICAL_SURFACE ( 'NONE', #1879, 0.06000000000000015737 ) ;
#1853 = CARTESIAN_POINT ( 'NONE',  ( 1.322475605676658672, 0.7635316469341310031, -3.498958333333333837 ) ) ;
#1854 = CARTESIAN_POINT ( 'NONE',  ( -1.499999999999999334, 1.743066579297358255E-16, -2.274999999999999911 ) ) ;
#1855 = COORDINATED_UNIVERSAL_TIME_OFFSET ( 6, 0, .BEHIND. ) ;
#1856 = CARTESIAN_POINT ( 'NONE',  ( 0.8660254037844377084, -1.499999999999999556, 1.891666666666665941 ) ) ;
#1857 =( BOUNDED_CURVE ( )  B_SPLINE_CURVE ( 2, ( #1918, #637, #3156, #3141, #1620, #2148, #902, #1651, #131 ),
 .UNSPECIFIED., .F., .F. ) 
 B_SPLINE_CURVE_WITH_KNOTS ( ( 3, 2, 2, 2, 3 ),
 ( 0.1964285714285714246, 0.2023809523809523836, 0.2142857142857142738, 0.2261904761904761918, 0.2321428571428571230 ),
 .UNSPECIFIED. ) 
 CURVE ( )  GEOMETRIC_REPRESENTATION_ITEM ( )  RATIONAL_B_SPLINE_CURVE ( ( 0.9330127018922194093, 0.9330127018922194093, 1.000000000000000000, 0.8660254037844388186, 1.000000000000000000, 0.8660254037844388186, 1.000000000000000000, 0.9330127018922195203, 0.9330127018922192983 ) ) 
 REPRESENTATION_ITEM ( '' )  );
#1858 = CARTESIAN_POINT ( 'NONE',  ( 0.8972754037844394848, 1.554126587736526899, -2.972916666666665098 ) ) ;
#1859 = CIRCLE ( 'NONE', #2433, 1.500000000000000222 ) ;
#1860 = CARTESIAN_POINT ( 'NONE',  ( -1.500000000000000222, 0.000000000000000000, 6.342640687119286191 ) ) ;
#1861 = CARTESIAN_POINT ( 'NONE',  ( 1.500000000000001776, -0.4019237886466809351, -2.547329099369259442 ) ) ;
#1862 = CARTESIAN_POINT ( 'NONE',  ( -1.357050807568875861, 8.309539638847774027E-17, -2.087499999999998579 ) ) ;
#1863 = DIRECTION ( 'NONE',  ( -0.000000000000000000, -0.000000000000000000, 1.000000000000000000 ) ) ;
#1864 = EDGE_CURVE ( 'NONE', #434, #1756, #2018, .T. ) ;
#1865 = CARTESIAN_POINT ( 'NONE',  ( -1.017788105676657118, -0.5876202367904169721, -3.545833333333331616 ) ) ;
#1866 = CARTESIAN_POINT ( 'NONE',  ( -1.322475605676658228, -0.7635316469341315582, 0.2510416666666661079 ) ) ;
#1867 = CARTESIAN_POINT ( 'NONE',  ( 0.6785254037844385966, 1.175240473580834166, -1.191666666666665542 ) ) ;
#1868 = CARTESIAN_POINT ( 'NONE',  ( 1.500000000000000222, 1.836970198721030181E-16, 6.342640687119286191 ) ) ;
#1869 = ORIENTED_EDGE ( 'NONE', *, *, #1221, .T. ) ;
#1870 = DIRECTION ( 'NONE',  ( 0.000000000000000000, 0.000000000000000000, -1.000000000000000000 ) ) ;
#1871 = CARTESIAN_POINT ( 'NONE',  ( 1.357050807568875861, -2.492861891654331838E-16, 2.662500000000000533 ) ) ;
#1872 = CARTESIAN_POINT ( 'NONE',  ( 1.500000000000000222, 1.836970198721030181E-16, 6.342640687119286191 ) ) ;
#1873 = VERTEX_POINT ( 'NONE', #2071 ) ;
#1874 = CARTESIAN_POINT ( 'NONE',  ( -0.9336108770287546710, 1.012499262574427128, 1.732501939926121448 ) ) ;
#1875 = CARTESIAN_POINT ( 'NONE',  ( -1.357050807568875861, 8.309539638847774027E-17, 2.475000000000001421 ) ) ;
#1876 = DIRECTION ( 'NONE',  ( 0.000000000000000000, 0.000000000000000000, -1.000000000000000000 ) ) ;
#1877 = CARTESIAN_POINT ( 'NONE',  ( 0.6785254037844385966, 1.175240473580834166, -3.254166666666665098 ) ) ;
#1878 = LINE ( 'NONE', #2397, #1941 ) ;
#1879 = AXIS2_PLACEMENT_3D ( 'NONE', #2082, #52, #2314 ) ;
#1880 = FACE_OUTER_BOUND ( 'NONE', #85, .T. ) ;
#1881 = CARTESIAN_POINT ( 'NONE',  ( -1.763300807568877193, 1.079710344961584282E-16, 0.2093749999999994782 ) ) ;
#1882 = CARTESIAN_POINT ( 'NONE',  ( 1.017788105676657562, 0.5876202367904164170, -0.7333333333333323933 ) ) ;
#1883 = CARTESIAN_POINT ( 'NONE',  ( -0.8660254037844382635, 1.499999999999999778, 0.5791666666666678287 ) ) ;
#1884 = ORIENTED_EDGE ( 'NONE', *, *, #1217, .T. ) ;
#1885 = CARTESIAN_POINT ( 'NONE',  ( -1.499999999999997335, -0.4019237886466871523, -0.3151709006307387706 ) ) ;
#1886 = CARTESIAN_POINT ( 'NONE',  ( 0.6785254037844385966, 1.175240473580834166, 2.245833333333334014 ) ) ;
#1887 = CARTESIAN_POINT ( 'NONE',  ( 0.2717236289222982326, 1.249976329279685494, -3.782032486659001158 ) ) ;
#1888 = ORIENTED_EDGE ( 'NONE', *, *, #1521, .T. ) ;
#1889 = ADVANCED_FACE ( 'NONE', ( #759 ), #2754, .T. ) ;
#1890 = APPLICATION_PROTOCOL_DEFINITION ( 'international standard', 'config_control_design', 1994, #2416 ) ;
#1891 = CARTESIAN_POINT ( 'NONE',  ( 1.299038105676657562, -0.7500000000000004441, 1.933333333333333126 ) ) ;
#1892 = CARTESIAN_POINT ( 'NONE',  ( -0.6785254037844378194, 1.175240473580834388, 1.391666666666667940 ) ) ;
#1893 = CARTESIAN_POINT ( 'NONE',  ( 1.017788105676657562, 0.5876202367904164170, -2.233333333333332504 ) ) ;
#1894 = CARTESIAN_POINT ( 'NONE',  ( -1.017788105676657118, -0.5876202367904169721, -3.045833333333332060 ) ) ;
#1895 = FACE_OUTER_BOUND ( 'NONE', #1509, .T. ) ;
#1896 = CARTESIAN_POINT ( 'NONE',  ( -1.500000000000000222, 0.000000000000000000, 2.100000000000000089 ) ) ;
#1897 = CARTESIAN_POINT ( 'NONE',  ( 0.8816504037844381525, -1.527063293868264449, -0.1239583333333339893 ) ) ;
#1898 = CARTESIAN_POINT ( 'NONE',  ( -1.439254484199188393E-16, -1.175240473580834388, -1.899999999999998579 ) ) ;
#1899 = ORIENTED_EDGE ( 'NONE', *, *, #3072, .F. ) ;
#1900 = DIRECTION ( 'NONE',  ( -1.000000000000000000, 0.000000000000000000, 0.000000000000000000 ) ) ;
#1901 = CARTESIAN_POINT ( 'NONE',  ( -1.499999999999999334, -3.486133158594716806E-15, -0.3374999999999989120 ) ) ;
#1902 = CARTESIAN_POINT ( 'NONE',  ( -1.299038105676657562, 0.7500000000000000000, 1.683333333333332904 ) ) ;
#1903 = CARTESIAN_POINT ( 'NONE',  ( -0.8660254037844389297, -1.499999999999999334, -2.754166666666666874 ) ) ;
#1904 = ORIENTED_EDGE ( 'NONE', *, *, #2310, .F. ) ;
#1905 = CARTESIAN_POINT ( 'NONE',  ( 1.299038105676658228, 0.7499999999999986677, -1.545833333333332060 ) ) ;
#1906 = EDGE_CURVE ( 'NONE', #1402, #444, #1575, .T. ) ;
#1907 = CARTESIAN_POINT ( 'NONE',  ( -1.499999999999999334, -7.378981852358816687E-15, -2.774999999999999023 ) ) ;
#1908 = CARTESIAN_POINT ( 'NONE',  ( 1.345913105676657562, -0.7770632938682643376, -3.597916666666665986 ) ) ;
#1909 = CARTESIAN_POINT ( 'NONE',  ( 1.499999999999999556, -6.100733027540754016E-16, -3.524999999999999911 ) ) ;
#1910 = EDGE_CURVE ( 'NONE', #1312, #503, #509, .T. ) ;
#1911 = CARTESIAN_POINT ( 'NONE',  ( -0.6785254037844383745, -1.175240473580834166, -1.504166666666665764 ) ) ;
#1912 = CARTESIAN_POINT ( 'NONE',  ( 0.000000000000000000, 0.000000000000000000, -3.899999999999999911 ) ) ;
#1913 = CARTESIAN_POINT ( 'NONE',  ( 2.878508968398376785E-16, 1.175240473580834388, -2.712499999999999023 ) ) ;
#1914 = CARTESIAN_POINT ( 'NONE',  ( 0.8816504037844381525, -1.527063293868264449, 1.376041666666665941 ) ) ;
#1915 = CARTESIAN_POINT ( 'NONE',  ( -1.357050807568875861, 8.309539638847774027E-17, -0.5249999999999990230 ) ) ;
#1916 = ORIENTED_EDGE ( 'NONE', *, *, #988, .F. ) ;
#1917 = CARTESIAN_POINT ( 'NONE',  ( 2.988160250287184905, 0.2663285085019703735, 3.155668195507793872 ) ) ;
#1918 = CARTESIAN_POINT ( 'NONE',  ( -1.499999999999999334, 1.743066579297358255E-16, 1.224999999999999645 ) ) ;
#1919 = CARTESIAN_POINT ( 'NONE',  ( -1.499999999999999334, 0.4019237886466840992, 1.702670900630739448 ) ) ;
#1920 = CARTESIAN_POINT ( 'NONE',  ( -2.987130002997323786, 0.2775866444791788012, 3.163232017824201492 ) ) ;
#1921 = VERTEX_POINT ( 'NONE', #791 ) ;
#1922 = MECHANICAL_CONTEXT ( 'NONE', #1978, 'mechanical' ) ;
#1923 = CARTESIAN_POINT ( 'NONE',  ( 1.794550807568877193, -3.296536353594784206E-16, -3.056249999999999023 ) ) ;
#1924 = DIRECTION ( 'NONE',  ( -1.000000000000000000, 0.000000000000000000, 0.000000000000000000 ) ) ;
#1925 = CARTESIAN_POINT ( 'NONE',  ( 1.499999999999999778, -0.4019237886466835996, 1.452670900630739670 ) ) ;
#1926 = CARTESIAN_POINT ( 'NONE',  ( 0.000000000000000000, 0.000000000000000000, -3.899999999999999911 ) ) ;
#1927 = ADVANCED_FACE ( 'NONE', ( #288 ), #304, .T. ) ;
#1928 = CARTESIAN_POINT ( 'NONE',  ( 0.000000000000000000, 0.000000000000000000, 6.342640687119286191 ) ) ;
#1929 = CARTESIAN_POINT ( 'NONE',  ( -0.8816504037844384856, 1.527063293868264005, -0.3739583333333337811 ) ) ;
#1930 = CARTESIAN_POINT ( 'NONE',  ( -1.017788105676657118, -0.5876202367904169721, -0.9833333333333321713 ) ) ;
#1931 = ORIENTED_EDGE ( 'NONE', *, *, #1906, .T. ) ;
#1932 = CARTESIAN_POINT ( 'NONE',  ( 2.990384590650507324, -0.2399999999999998246, 3.149999999999999911 ) ) ;
#1933 = CIRCLE ( 'NONE', #604, 3.000000000000000000 ) ;
#1934 = CARTESIAN_POINT ( 'NONE',  ( 0.6452813986142331704, -1.069505873978641164, -3.830387989049206521 ) ) ;
#1935 = CARTESIAN_POINT ( 'NONE',  ( 1.017788105676656896, -0.5876202367904177493, 1.620833333333334458 ) ) ;
#1936 = CARTESIAN_POINT ( 'NONE',  ( -1.499999999999999334, -3.544235377904628279E-15, -0.7749999999999998002 ) ) ;
#1937 = ORIENTED_EDGE ( 'NONE', *, *, #2064, .T. ) ;
#1938 = PERSON_AND_ORGANIZATION ( #3018, #2721 ) ;
#1939 = LINE ( 'NONE', #1706, #2931 ) ;
#1940 = CARTESIAN_POINT ( 'NONE',  ( -1.017788105676657118, 0.5876202367904173052, 0.4333333333333344028 ) ) ;
#1941 = VECTOR ( 'NONE', #2610, 1000.000000000000000 ) ;
#1942 = CARTESIAN_POINT ( 'NONE',  ( -0.5213181464002536458, -1.357851649336037081, 1.853614354027708577 ) ) ;
#1943 = CARTESIAN_POINT ( 'NONE',  ( -1.357050807568875861, 8.309539638847774027E-17, -4.087499999999998579 ) ) ;
#1944 = DIRECTION ( 'NONE',  ( -0.000000000000000000, -0.000000000000000000, 1.000000000000000000 ) ) ;
#1945 = CARTESIAN_POINT ( 'NONE',  ( -1.499999999999998446, -0.4019237886466854315, 0.7473290993692601747 ) ) ;
#1946 = CARTESIAN_POINT ( 'NONE',  ( 1.357050807568875861, -2.492861891654331838E-16, -2.774999999999999467 ) ) ;
#1947 = ADVANCED_FACE ( 'NONE', ( #1327 ), #657, .T. ) ;
#1948 = ORIENTED_EDGE ( 'NONE', *, *, #749, .T. ) ;
#1949 = CARTESIAN_POINT ( 'NONE',  ( 2.989649948007962799, 0.2490231739407311462, 3.150512129110167425 ) ) ;
#1950 = B_SPLINE_CURVE_WITH_KNOTS ( 'NONE', 3,
 ( #3108, #2102, #1085, #2819, #837, #554, #1606, #336, #3242, #2296, #18, #1572, #1034, #2050, #34, #1050, #2066, #804 ),
 .UNSPECIFIED., .F., .F.,
 ( 4, 2, 2, 2, 2, 2, 2, 2, 4 ),
 ( 2.858189099383268564E-17, 0.0005059937853093871181, 0.001011987570618745613, 0.001517981355928104108, 0.002023975141237462604, 0.002529968926546821099, 0.003035962711856179594, 0.003541956497165538089, 0.004047950282474896584 ),
 .UNSPECIFIED. ) ;
#1951 = CARTESIAN_POINT ( 'NONE',  ( -0.6785254037844379305, 1.175240473580834388, 1.329166666666668162 ) ) ;
#1952 = CARTESIAN_POINT ( 'NONE',  ( -1.017788105676657118, 0.5876202367904173052, -0.1291666666666658747 ) ) ;
#1953 = CARTESIAN_POINT ( 'NONE',  ( -0.8660254037844380415, 1.499999999999999334, -1.858333333333332948 ) ) ;
#1954 = ORIENTED_EDGE ( 'NONE', *, *, #1361, .F. ) ;
#1955 = ORIENTED_EDGE ( 'NONE', *, *, #2346, .T. ) ;
#1956 = PERSON_AND_ORGANIZATION_ROLE ( 'design_supplier' ) ;
#1957 = CARTESIAN_POINT ( 'NONE',  ( 1.499999999999999778, 0.4019237886466831555, 0.9348290993692610629 ) ) ;
#1958 = CARTESIAN_POINT ( 'NONE',  ( -1.017788105676657118, 0.5876202367904173052, -1.066666666666665320 ) ) ;
#1959 = CARTESIAN_POINT ( 'NONE',  ( -1.406966341015702282, -0.1707990827875912887, 1.788860975830752764 ) ) ;
#1960 = CARTESIAN_POINT ( 'NONE',  ( -1.017788105676657118, 0.5876202367904173052, -3.629166666666665542 ) ) ;
#1961 = CARTESIAN_POINT ( 'NONE',  ( -1.345913105676657784, 0.7770632938682638935, 2.152083333333334014 ) ) ;
#1962 = CARTESIAN_POINT ( 'NONE',  ( 0.000000000000000000, 0.000000000000000000, 6.342640687119286191 ) ) ;
#1963 = CARTESIAN_POINT ( 'NONE',  ( -1.357050807568875861, 8.309539638847774027E-17, -3.024999999999998579 ) ) ;
#1964 = FACE_OUTER_BOUND ( 'NONE', #2489, .T. ) ;
#1965 = CARTESIAN_POINT ( 'NONE',  ( -1.017788105676657118, -0.5876202367904169721, 0.4541666666666676067 ) ) ;
#1966 = CARTESIAN_POINT ( 'NONE',  ( 0.6785254037844375974, -1.175240473580834610, -0.9208333333333326154 ) ) ;
#1967 = CARTESIAN_POINT ( 'NONE',  ( -2.350935983815807706, -0.2999999999999999334, 3.899999999999999911 ) ) ;
#1968 = VERTEX_POINT ( 'NONE', #1053 ) ;
#1969 = ORIENTED_EDGE ( 'NONE', *, *, #2953, .F. ) ;
#1970 = DIRECTION ( 'NONE',  ( -1.000000000000000000, 0.000000000000000000, -0.000000000000000000 ) ) ;
#1971 = CARTESIAN_POINT ( 'NONE',  ( 2.878508968398376785E-16, 1.175240473580834388, 0.8500000000000009770 ) ) ;
#1972 = CARTESIAN_POINT ( 'NONE',  ( -0.8660254037844389297, -1.499999999999999334, 1.245833333333334680 ) ) ;
#1973 = CARTESIAN_POINT ( 'NONE',  ( -1.251017696411974578, 1.162044386198239330E-16, 1.518750000000001821 ) ) ;
#1974 = CARTESIAN_POINT ( 'NONE',  ( 0.8972754037844380415, -1.554126587736527787, -0.1395833333333326987 ) ) ;
#1975 = FACE_OUTER_BOUND ( 'NONE', #99, .T. ) ;
#1976 = CARTESIAN_POINT ( 'NONE',  ( -1.439254484199188393E-16, -1.175240473580834388, 2.037500000000000977 ) ) ;
#1977 = CARTESIAN_POINT ( 'NONE',  ( -1.499999999999999334, 1.743066579297358255E-16, 1.724999999999999645 ) ) ;
#1978 = APPLICATION_CONTEXT ( 'configuration controlled 3d designs of mechanical parts and assemblies' ) ;
#1979 = CARTESIAN_POINT ( 'NONE',  ( -0.6038427870800731068, -1.195527528141535401, 1.650914010241267826 ) ) ;
#1980 = CARTESIAN_POINT ( 'NONE',  ( 1.357050807568875861, -2.492861891654331838E-16, -1.337499999999998801 ) ) ;
#1981 = DIRECTION ( 'NONE',  ( -1.000000000000000000, 0.000000000000000000, 0.000000000000000000 ) ) ;
#1982 = ORIENTED_EDGE ( 'NONE', *, *, #2487, .F. ) ;
#1983 = VERTEX_POINT ( 'NONE', #776 ) ;
#1984 =( BOUNDED_CURVE ( )  B_SPLINE_CURVE ( 2, ( #3146, #859, #1891, #1856, #1408, #1105, #2907, #1839, #2839 ),
 .UNSPECIFIED., .F., .F. ) 
 B_SPLINE_CURVE_WITH_KNOTS ( ( 3, 2, 2, 2, 3 ),
 ( 0.09269645318549903090, 0.09523809523809523281, 0.1071428571428571369, 0.1190476190476190410, 0.1250000000000000000 ),
 .UNSPECIFIED. ) 
 CURVE ( )  GEOMETRIC_REPRESENTATION_ITEM ( )  RATIONAL_B_SPLINE_CURVE ( ( 0.9550068919397511902, 0.9713967007114303609, 1.000000000000000000, 0.8660254037844388186, 1.000000000000000000, 0.8660254037844388186, 1.000000000000000000, 0.9330127018922194093, 0.9330127018922194093 ) ) 
 REPRESENTATION_ITEM ( '' )  );
#1985 = CIRCLE ( 'NONE', #2712, 1.500000000000000222 ) ;
#1986 = CARTESIAN_POINT ( 'NONE',  ( -0.8660254037844380415, 1.499999999999999334, -2.358333333333332948 ) ) ;
#1987 = EDGE_CURVE ( 'NONE', #435, #1441, #1788, .T. ) ;
#1988 = CARTESIAN_POINT ( 'NONE',  ( 0.6785254037844385966, 1.175240473580834166, 0.8083333333333342363 ) ) ;
#1989 = B_SPLINE_CURVE_WITH_KNOTS ( 'NONE', 3,
 ( #2202, #1209, #1445, #2448, #3209, #940, #2978, #1462, #645, #2463, #1942, #1657, #203, #2184, #2658, #3178, #1959, #694 ),
 .UNSPECIFIED., .F., .F.,
 ( 4, 2, 2, 2, 2, 2, 2, 2, 4 ),
 ( 0.000000000000000000, 0.0005139501658899386103, 0.001027900331779877221, 0.001541850497669815722, 0.002055800663559754441, 0.002569750829449692943, 0.003083700995339631445, 0.003597651161229570380, 0.004111601327119509749 ),
 .UNSPECIFIED. ) ;
#1990 = LINE ( 'NONE', #3054, #1698 ) ;
#1991 = DIRECTION ( 'NONE',  ( 0.000000000000000000, 0.000000000000000000, -1.000000000000000000 ) ) ;
#1992 = CARTESIAN_POINT ( 'NONE',  ( -1.794550807568877193, 1.098845451198261649E-16, 2.193750000000000977 ) ) ;
#1993 = ORIENTED_EDGE ( 'NONE', *, *, #2048, .T. ) ;
#1994 = CARTESIAN_POINT ( 'NONE',  ( -1.017788105676657118, 0.5876202367904173052, 0.9333333333333344584 ) ) ;
#1995 = CARTESIAN_POINT ( 'NONE',  ( -0.6785254037844383745, -1.175240473580834166, -3.941666666666666430 ) ) ;
#1996 = DIRECTION ( 'NONE',  ( 0.000000000000000000, 0.000000000000000000, -1.000000000000000000 ) ) ;
#1997 = CARTESIAN_POINT ( 'NONE',  ( -0.9419392629856953025, -0.9048256853377240061, 1.608927677249242238 ) ) ;
#1998 = CARTESIAN_POINT ( 'NONE',  ( -1.017788105676657118, 0.5876202367904173052, -1.629166666666665542 ) ) ;
#1999 = CARTESIAN_POINT ( 'NONE',  ( -2.516247658580481605, -0.2999999999999999334, 3.900000000000007905 ) ) ;
#2000 = ORIENTED_EDGE ( 'NONE', *, *, #1241, .T. ) ;
#2001 = ORIENTED_EDGE ( 'NONE', *, *, #2112, .T. ) ;
#2002 = CC_DESIGN_PERSON_AND_ORGANIZATION_ASSIGNMENT ( #1938, #706, ( #1515 ) ) ;
#2003 = CARTESIAN_POINT ( 'NONE',  ( 0.8660254037844392627, 1.499999999999999334, -1.004166666666665986 ) ) ;
#2004 = CARTESIAN_POINT ( 'NONE',  ( 0.6785254037844375974, -1.175240473580834610, -0.8583333333333326154 ) ) ;
#2005 = LINE ( 'NONE', #1542, #2875 ) ;
#2006 = CARTESIAN_POINT ( 'NONE',  ( 0.8972754037844380415, -1.554126587736527787, 0.8604166666666676067 ) ) ;
#2007 = ORIENTED_EDGE ( 'NONE', *, *, #1317, .F. ) ;
#2008 = CARTESIAN_POINT ( 'NONE',  ( 0.6785254037844375974, -1.175240473580834610, -0.8583333333333323933 ) ) ;
#2009 = CARTESIAN_POINT ( 'NONE',  ( -1.357050807568875861, 8.309539638847774027E-17, -3.524999999999999023 ) ) ;
#2010 = CARTESIAN_POINT ( 'NONE',  ( 1.017788105676656896, -0.5876202367904177493, -0.3791666666666656527 ) ) ;
#2011 = CARTESIAN_POINT ( 'NONE',  ( 1.017788105676657562, 0.5876202367904164170, 0.2041666666666676067 ) ) ;
#2012 = FACE_OUTER_BOUND ( 'NONE', #2259, .T. ) ;
#2013 = EDGE_LOOP ( 'NONE', ( #857, #115, #900, #1493, #1993, #23, #2583 ) ) ;
#2014 = CARTESIAN_POINT ( 'NONE',  ( -1.299038105676657562, 0.7500000000000000000, -0.3166666666666669849 ) ) ;
#2015 = EDGE_LOOP ( 'NONE', ( #1391, #2981, #1665, #1255 ) ) ;
#2016 = CARTESIAN_POINT ( 'NONE',  ( 1.339542832461883215, 0.6749999999999954925, 1.950000000000000178 ) ) ;
#2017 = CARTESIAN_POINT ( 'NONE',  ( 0.6785254037844375974, -1.175240473580834610, -3.358333333333332948 ) ) ;
#2018 = LINE ( 'NONE', #2035, #1245 ) ;
#2019 = CARTESIAN_POINT ( 'NONE',  ( -1.903256151141336323E-16, -1.554126587736527343, 0.3187500000000008660 ) ) ;
#2020 = ORIENTED_EDGE ( 'NONE', *, *, #1741, .F. ) ;
#2021 = CARTESIAN_POINT ( 'NONE',  ( -1.357050807568876083, 8.309539638847774027E-17, -2.024999999999998579 ) ) ;
#2022 = CARTESIAN_POINT ( 'NONE',  ( 1.357050807568875861, -2.492861891654331838E-16, 1.162500000000000977 ) ) ;
#2023 = EDGE_CURVE ( 'NONE', #2435, #1749, #2005, .T. ) ;
#2024 = CARTESIAN_POINT ( 'NONE',  ( -1.499999999999997335, -0.4019237886466871523, 0.1848290993692612572 ) ) ;
#2025 = CARTESIAN_POINT ( 'NONE',  ( 1.017788105676656896, -0.5876202367904177493, -1.379166666666665764 ) ) ;
#2026 = CARTESIAN_POINT ( 'NONE',  ( 1.357050807568875861, -2.492861891654331838E-16, -3.337499999999999023 ) ) ;
#2027 = CARTESIAN_POINT ( 'NONE',  ( -1.439254484199188393E-16, -1.175240473580834388, 2.600000000000000533 ) ) ;
#2028 =( BOUNDED_CURVE ( )  B_SPLINE_CURVE ( 2, ( #2564, #2094, #1598, #2530, #2593, #3080, #2058, #3062, #9 ),
 .UNSPECIFIED., .F., .F. ) 
 B_SPLINE_CURVE_WITH_KNOTS ( ( 3, 2, 2, 2, 3 ),
 ( 0.2321428571428572063, 0.2380952380952381375, 0.2500000000000000000, 0.2619047619047618625, 0.2678571428571429047 ),
 .UNSPECIFIED. ) 
 CURVE ( )  GEOMETRIC_REPRESENTATION_ITEM ( )  RATIONAL_B_SPLINE_CURVE ( ( 0.9330127018922192983, 0.9330127018922198534, 1.000000000000000000, 0.8660254037844385966, 1.000000000000000000, 0.8660254037844385966, 1.000000000000000000, 0.9330127018922187432, 0.9330127018922192983 ) ) 
 REPRESENTATION_ITEM ( '' )  );
#2029 = CARTESIAN_POINT ( 'NONE',  ( -1.836970198721029688E-16, -1.499999999999999556, 0.3499999999999997558 ) ) ;
#2030 = VERTEX_POINT ( 'NONE', #2787 ) ;
#2031 = CARTESIAN_POINT ( 'NONE',  ( 0.8816504037844381525, -1.527063293868264449, -3.123958333333333393 ) ) ;
#2032 = CARTESIAN_POINT ( 'NONE',  ( 1.499999999999997558, 0.4019237886466867082, -2.502670900630739048 ) ) ;
#2033 = CARTESIAN_POINT ( 'NONE',  ( -1.017788105676657118, -0.5876202367904169721, -1.483333333333332060 ) ) ;
#2034 = AXIS2_PLACEMENT_3D ( 'NONE', #440, #711, #2478 ) ;
#2035 = CARTESIAN_POINT ( 'NONE',  ( -1.500000000000000222, 0.000000000000000000, 1.950000000000000400 ) ) ;
#2036 = AXIS2_PLACEMENT_3D ( 'NONE', #3001, #946, #716 ) ;
#2037 = CARTESIAN_POINT ( 'NONE',  ( -0.8972754037844382635, 1.554126587736527343, -0.3895833333333324489 ) ) ;
#2038 = LINE ( 'NONE', #977, #1844 ) ;
#2039 = CARTESIAN_POINT ( 'NONE',  ( -0.6785254037844382635, -1.175240473580834166, -0.4416666666666657082 ) ) ;
#2040 = CARTESIAN_POINT ( 'NONE',  ( 0.6785254037844375974, -1.175240473580834610, -0.4208333333333325044 ) ) ;
#2041 = CARTESIAN_POINT ( 'NONE',  ( 1.500000000000000000, -0.4019237886466826559, -0.5473290993692599971 ) ) ;
#2042 = EDGE_CURVE ( 'NONE', #991, #1014, #526, .T. ) ;
#2043 = CARTESIAN_POINT ( 'NONE',  ( -1.017788105676657118, -0.5876202367904169721, -2.045833333333332060 ) ) ;
#2044 = CARTESIAN_POINT ( 'NONE',  ( -1.017788105676657118, 0.5876202367904173052, -3.629166666666665542 ) ) ;
#2045 = CARTESIAN_POINT ( 'NONE',  ( -1.357050807568875861, 8.309539638847774027E-17, 1.475000000000001199 ) ) ;
#2046 = CARTESIAN_POINT ( 'NONE',  ( 1.299038105676657562, -0.7500000000000004441, -1.566666666666666652 ) ) ;
#2047 = ORIENTED_EDGE ( 'NONE', *, *, #1155, .T. ) ;
#2048 = EDGE_CURVE ( 'NONE', #793, #2868, #1984, .T. ) ;
#2049 = CARTESIAN_POINT ( 'NONE',  ( -0.8816504037844384856, 1.527063293868264005, -3.373958333333333393 ) ) ;
#2050 = CARTESIAN_POINT ( 'NONE',  ( -1.141735390743434886, -0.8070099588644857880, -3.662064323430409996 ) ) ;
#2051 = CARTESIAN_POINT ( 'NONE',  ( -0.8660254037844389297, -1.499999999999999334, -1.754166666666666430 ) ) ;
#2052 = CARTESIAN_POINT ( 'NONE',  ( -0.6785254037844383745, -1.175240473580834166, -3.441666666666665542 ) ) ;
#2053 = CARTESIAN_POINT ( 'NONE',  ( -3.000000000000000000, 3.673940397442059868E-16, 3.899999999999999911 ) ) ;
#2054 = CARTESIAN_POINT ( 'NONE',  ( -1.794550807568877193, 1.098845451198261649E-16, -2.806249999999999023 ) ) ;
#2055 = ORIENTED_EDGE ( 'NONE', *, *, #2760, .F. ) ;
#2056 = CARTESIAN_POINT ( 'NONE',  ( 1.017788105676656896, -0.5876202367904177493, 0.1833333333333344028 ) ) ;
#2057 = CARTESIAN_POINT ( 'NONE',  ( 0.6785254037844375974, -1.175240473580834610, 1.579166666666667496 ) ) ;
#2058 = CARTESIAN_POINT ( 'NONE',  ( 1.299038105676657340, -0.7500000000000003331, -2.129166666666665542 ) ) ;
#2059 = CARTESIAN_POINT ( 'NONE',  ( 0.6785254037844375974, -1.175240473580834610, -1.920833333333332060 ) ) ;
#2060 = CARTESIAN_POINT ( 'NONE',  ( 2.878508968398376785E-16, 1.175240473580834388, -4.212499999999999467 ) ) ;
#2061 = CARTESIAN_POINT ( 'NONE',  ( 1.357050807568875861, -2.492861891654331838E-16, 1.225000000000001199 ) ) ;
#2062 = CARTESIAN_POINT ( 'NONE',  ( -1.836970198721029688E-16, -1.499999999999999556, -1.649999999999999911 ) ) ;
#2063 = ORIENTED_EDGE ( 'NONE', *, *, #988, .T. ) ;
#2064 = EDGE_CURVE ( 'NONE', #3139, #739, #154, .T. ) ;
#2065 = CARTESIAN_POINT ( 'NONE',  ( 3.740226349862366751E-16, 1.527063293868263782, -1.415625000000000577 ) ) ;
#2066 = CARTESIAN_POINT ( 'NONE',  ( -1.363902991105612417, -0.1682145917846521732, -3.686097008892481597 ) ) ;
#2067 = CARTESIAN_POINT ( 'NONE',  ( 1.322475605676658006, -0.7635316469341325574, -4.082291666666667318 ) ) ;
#2068 = EDGE_CURVE ( 'NONE', #905, #3283, #3206, .T. ) ;
#2069 = CARTESIAN_POINT ( 'NONE',  ( -1.017788105676657118, 0.5876202367904173052, -2.066666666666665986 ) ) ;
#2070 =( BOUNDED_CURVE ( )  B_SPLINE_CURVE ( 2, ( #1901, #1885, #1118, #2902, #2423, #2407, #148, #2360, #1170 ),
 .UNSPECIFIED., .F., .F. ) 
 B_SPLINE_CURVE_WITH_KNOTS ( ( 3, 2, 2, 2, 3 ),
 ( 0.5178571428571429047, 0.5238095238095238360, 0.5357142857142856984, 0.5476190476190476719, 0.5535714285714286031 ),
 .UNSPECIFIED. ) 
 CURVE ( )  GEOMETRIC_REPRESENTATION_ITEM ( )  RATIONAL_B_SPLINE_CURVE ( ( 0.9330127018922192983, 0.9330127018922198534, 1.000000000000000000, 0.8660254037844385966, 1.000000000000000000, 0.8660254037844385966, 1.000000000000000000, 0.9330127018922192983, 0.9330127018922192983 ) ) 
 REPRESENTATION_ITEM ( '' )  );
#2071 = CARTESIAN_POINT ( 'NONE',  ( -2.984962311319913297, -0.2999999999999998224, 3.269999999999995133 ) ) ;
#2072 = CARTESIAN_POINT ( 'NONE',  ( 0.8972754037844380415, -1.554126587736527787, -0.6395833333333327264 ) ) ;
#2073 = CARTESIAN_POINT ( 'NONE',  ( -1.357050807568876083, 8.309539638847774027E-17, -1.524999999999999023 ) ) ;
#2074 = CARTESIAN_POINT ( 'NONE',  ( -1.017788105676657118, -0.5876202367904169721, -0.5458333333333321713 ) ) ;
#2075 = CARTESIAN_POINT ( 'NONE',  ( -1.499999999999999334, -3.544235377904628279E-15, -0.7749999999999998002 ) ) ;
#2076 = CARTESIAN_POINT ( 'NONE',  ( -1.439254484199188393E-16, -1.175240473580834388, -1.462499999999999023 ) ) ;
#2077 = CARTESIAN_POINT ( 'NONE',  ( -1.357050807568875861, 8.309539638847774027E-17, -3.587499999999999023 ) ) ;
#2078 = CARTESIAN_POINT ( 'NONE',  ( -0.6785254037844383745, -1.175240473580834166, 1.058333333333334236 ) ) ;
#2079 = CARTESIAN_POINT ( 'NONE',  ( -2.985517028547372220, -0.2944367259785657387, 3.183897002929509501 ) ) ;
#2080 = VERTEX_POINT ( 'NONE', #1907 ) ;
#2081 = CARTESIAN_POINT ( 'NONE',  ( -0.8816504037844392627, -1.527063293868263338, -1.707291666666667318 ) ) ;
#2082 = CARTESIAN_POINT ( 'NONE',  ( -3.000000000000000000, 0.2400000000000002409, 3.209999999999999964 ) ) ;
#2083 = CARTESIAN_POINT ( 'NONE',  ( -1.322475605676658228, -0.7635316469341315582, -3.748958333333333393 ) ) ;
#2084 = CARTESIAN_POINT ( 'NONE',  ( 2.986644724062897716, 0.2827911324196453191, 3.167411799406527617 ) ) ;
#2085 = CARTESIAN_POINT ( 'NONE',  ( 1.357050807568875861, -2.492861891654331838E-16, -3.274999999999999023 ) ) ;
#2086 = EDGE_CURVE ( 'NONE', #2598, #2653, #44, .T. ) ;
#2087 = CARTESIAN_POINT ( 'NONE',  ( 1.499999999999999556, -6.100733027540754016E-16, -3.524999999999999911 ) ) ;
#2088 = VECTOR ( 'NONE', #1590, 1000.000000000000000 ) ;
#2089 = CARTESIAN_POINT ( 'NONE',  ( -1.345913105676658006, -0.7770632938682633384, -1.764583333333332504 ) ) ;
#2090 = DIRECTION ( 'NONE',  ( -1.000000000000000000, 0.000000000000000000, 0.000000000000000000 ) ) ;
#2091 = CARTESIAN_POINT ( 'NONE',  ( -0.6785254037844379305, 1.175240473580834388, -2.608333333333332504 ) ) ;
#2092 = AXIS2_PLACEMENT_3D ( 'NONE', #249, #1274, #1970 ) ;
#2093 = CARTESIAN_POINT ( 'NONE',  ( -1.017788105676657118, 0.5876202367904173052, -0.6291666666666654306 ) ) ;
#2094 = CARTESIAN_POINT ( 'NONE',  ( -1.499999999999997335, -0.4019237886466871523, -2.315170900630738604 ) ) ;
#2095 = CARTESIAN_POINT ( 'NONE',  ( -1.017788105676657118, 0.5876202367904173052, -2.629166666666665542 ) ) ;
#2096 = CARTESIAN_POINT ( 'NONE',  ( -0.6785254037844378194, 1.175240473580834388, -3.170833333333332060 ) ) ;
#2097 = CARTESIAN_POINT ( 'NONE',  ( 1.017788105676656896, -0.5876202367904177493, 2.183333333333334458 ) ) ;
#2098 = CARTESIAN_POINT ( 'NONE',  ( 2.350935983815807706, -0.2999999999999999334, 3.899999999999999911 ) ) ;
#2099 = EDGE_LOOP ( 'NONE', ( #3204, #1422, #2654, #704, #128, #2803, #1633, #334, #5, #1954, #2544, #2666, #2905, #869, #1703, #49, #1121, #492, #152, #1133, #2700, #1694, #1322, #2276, #2116, #3144, #238, #520, #652, #1247, #191 ) ) ;
#2100 = LOCAL_TIME ( 9, 8, 26.00000000000000000, #2363 ) ;
#2101 = CARTESIAN_POINT ( 'NONE',  ( 0.8816504037844394848, 1.527063293868263338, -2.957291666666666874 ) ) ;
#2102 = CARTESIAN_POINT ( 'NONE',  ( 1.374309539821953807, -0.6108842309415346561, -3.555726985800091278 ) ) ;
#2103 = CARTESIAN_POINT ( 'NONE',  ( 0.8660254037844380415, -1.500000000000000444, -1.670833333333332504 ) ) ;
#2104 = CARTESIAN_POINT ( 'NONE',  ( 2.985297848516208497, 0.2966424710733409631, 3.190210344351006366 ) ) ;
#2105 = APPROVAL_DATE_TIME ( #1608, #3211 ) ;
#2106 = CARTESIAN_POINT ( 'NONE',  ( -1.221476104603576918, 0.6760413954896774547, 1.750764577443450820 ) ) ;
#2107 = CARTESIAN_POINT ( 'NONE',  ( 1.017788105676656896, -0.5876202367904177493, 2.683333333333334458 ) ) ;
#2108 = CARTESIAN_POINT ( 'NONE',  ( 0.000000000000000000, 0.000000000000000000, 6.342640687119286191 ) ) ;
#2109 = DIRECTION ( 'NONE',  ( 1.000000000000000000, -0.000000000000000000, 0.000000000000000000 ) ) ;
#2110 = CARTESIAN_POINT ( 'NONE',  ( -1.439254484199188393E-16, -1.175240473580834388, -1.462499999999999023 ) ) ;
#2111 = CARTESIAN_POINT ( 'NONE',  ( -1.499999999999999334, 1.743066579297358255E-16, -1.775000000000000133 ) ) ;
#2112 = EDGE_CURVE ( 'NONE', #1968, #1402, #172, .T. ) ;
#2113 = CARTESIAN_POINT ( 'NONE',  ( -1.439254484199188393E-16, -1.175240473580834388, -2.462499999999999023 ) ) ;
#2114 = CARTESIAN_POINT ( 'NONE',  ( -1.763300807568877193, 1.079710344961584282E-16, 0.7093749999999995337 ) ) ;
#2115 = CARTESIAN_POINT ( 'NONE',  ( 2.878508968398376785E-16, 1.175240473580834388, -1.149999999999999023 ) ) ;
#2116 = ORIENTED_EDGE ( 'NONE', *, *, #481, .F. ) ;
#2117 = DIRECTION ( 'NONE',  ( 1.000000000000000000, 0.000000000000000000, 0.000000000000000000 ) ) ;
#2118 = CARTESIAN_POINT ( 'NONE',  ( 0.6785254037844375974, -1.175240473580834610, 2.579166666666667496 ) ) ;
#2119 = CARTESIAN_POINT ( 'NONE',  ( -0.7053284337279871474, 1.112671752003367098, -3.743237258331101103 ) ) ;
#2120 = ORIENTED_EDGE ( 'NONE', *, *, #3075, .T. ) ;
#2121 = CARTESIAN_POINT ( 'NONE',  ( 1.499999999999999556, -6.100733027540754016E-16, -2.587499999999999467 ) ) ;
#2122 = CARTESIAN_POINT ( 'NONE',  ( 0.8660254037844377084, -1.499999999999999556, -2.108333333333332504 ) ) ;
#2123 = CARTESIAN_POINT ( 'NONE',  ( 1.357050807568875861, -2.492861891654331838E-16, 1.725000000000000755 ) ) ;
#2124 = CARTESIAN_POINT ( 'NONE',  ( 1.051225365478629659, -0.5254668416911060236, -3.874759526419165212 ) ) ;
#2125 = CARTESIAN_POINT ( 'NONE',  ( 0.6785254037844375974, -1.175240473580834610, -3.358333333333332060 ) ) ;
#2126 = CARTESIAN_POINT ( 'NONE',  ( -0.6785254037844383745, -1.175240473580834166, -3.004166666666665986 ) ) ;
#2127 = CARTESIAN_POINT ( 'NONE',  ( -0.6748820023995569795, 0.9747203703603595226, 1.387500000000001954 ) ) ;
#2128 = CARTESIAN_POINT ( 'NONE',  ( 2.878508968398376785E-16, 1.175240473580834388, -3.712499999999999023 ) ) ;
#2129 = CARTESIAN_POINT ( 'NONE',  ( 1.322475605676658672, 0.7635316469341310031, 1.501041666666666163 ) ) ;
#2130 = CARTESIAN_POINT ( 'NONE',  ( -1.017788105676657118, 0.5876202367904173052, -1.566666666666665320 ) ) ;
#2131 = ADVANCED_FACE ( 'NONE', ( #692 ), #2199, .T. ) ;
#2132 = ORIENTED_EDGE ( 'NONE', *, *, #969, .F. ) ;
#2133 = DIRECTION ( 'NONE',  ( 1.000000000000000000, 0.000000000000000000, 0.000000000000000000 ) ) ;
#2134 = CARTESIAN_POINT ( 'NONE',  ( -1.439254484199188393E-16, -1.175240473580834388, 1.037500000000000977 ) ) ;
#2135 = CARTESIAN_POINT ( 'NONE',  ( -2.988718988751571271, 0.2599207692274487780, 3.153403507587601240 ) ) ;
#2136 = EDGE_LOOP ( 'NONE', ( #2175, #2120, #1586, #185 ) ) ;
#2137 = CARTESIAN_POINT ( 'NONE',  ( 1.500000000000001776, -0.4019237886466809351, -1.047329099369260108 ) ) ;
#2138 = CARTESIAN_POINT ( 'NONE',  ( 0.6785254037844385966, 1.175240473580834166, 2.308333333333334014 ) ) ;
#2139 = CARTESIAN_POINT ( 'NONE',  ( 1.357050807568876083, -2.492861891654331838E-16, -3.774999999999998579 ) ) ;
#2140 = CARTESIAN_POINT ( 'NONE',  ( -1.017788105676657118, -0.5876202367904169721, -2.045833333333332060 ) ) ;
#2141 = CARTESIAN_POINT ( 'NONE',  ( 1.500000000000000222, 1.836970198721030181E-16, 2.100000000000000089 ) ) ;
#2142 = CIRCLE ( 'NONE', #1076, 3.000000000000000000 ) ;
#2143 = CARTESIAN_POINT ( 'NONE',  ( 0.6785254037844375974, -1.175240473580834610, -2.420833333333332504 ) ) ;
#2144 = CARTESIAN_POINT ( 'NONE',  ( 0.8816504037844394848, 1.527063293868263338, 1.542708333333332682 ) ) ;
#2145 = CARTESIAN_POINT ( 'NONE',  ( 2.878508968398376785E-16, 1.175240473580834388, -1.649999999999999023 ) ) ;
#2146 = ORIENTED_EDGE ( 'NONE', *, *, #2383, .T. ) ;
#2147 = EDGE_CURVE ( 'NONE', #351, #1502, #1795, .T. ) ;
#2148 = CARTESIAN_POINT ( 'NONE',  ( 0.8660254037844390407, 1.499999999999998668, 1.058333333333332682 ) ) ;
#2149 = CARTESIAN_POINT ( 'NONE',  ( -2.990384590650506880, 0.2400000000000002409, 3.149999999999999911 ) ) ;
#2150 = CARTESIAN_POINT ( 'NONE',  ( -1.499999999999999334, 2.324088772396477673E-16, -2.837499999999999467 ) ) ;
#2151 = ORIENTED_EDGE ( 'NONE', *, *, #8, .F. ) ;
#2152 = EDGE_CURVE ( 'NONE', #314, #552, #1939, .T. ) ;
#2153 = CARTESIAN_POINT ( 'NONE',  ( -0.8660254037844387076, -1.499999999999998668, -1.191666666666666652 ) ) ;
#2154 = CARTESIAN_POINT ( 'NONE',  ( -1.017788105676657118, 0.5876202367904173052, 1.933333333333334236 ) ) ;
#2155 = CARTESIAN_POINT ( 'NONE',  ( 1.017788105676657562, 0.5876202367904164170, -2.733333333333332060 ) ) ;
#2156 = CARTESIAN_POINT ( 'NONE',  ( -1.017788105676657118, -0.5876202367904169721, -1.545833333333332282 ) ) ;
#2157 = CARTESIAN_POINT ( 'NONE',  ( 3.673940397442059375E-16, 1.499999999999999556, 0.09999999999999974187 ) ) ;
#2158 = CARTESIAN_POINT ( 'NONE',  ( -1.870113174931183375E-16, -1.527063293868263782, 1.334374999999999423 ) ) ;
#2159 = CARTESIAN_POINT ( 'NONE',  ( -1.357050807568875861, 8.309539638847774027E-17, -1.024999999999999023 ) ) ;
#2160 = VERTEX_POINT ( 'NONE', #138 ) ;
#2161 = CARTESIAN_POINT ( 'NONE',  ( 1.499999999999999556, -6.100733027540754016E-16, -3.024999999999999467 ) ) ;
#2162 = CARTESIAN_POINT ( 'NONE',  ( 1.499999999999999334, -0.4019237886466844323, -3.109829099369258998 ) ) ;
#2163 = CARTESIAN_POINT ( 'NONE',  ( -1.017788105676657118, 0.5876202367904173052, 2.370833333333334014 ) ) ;
#2164 = LINE ( 'NONE', #2633, #874 ) ;
#2165 = CARTESIAN_POINT ( 'NONE',  ( 1.499999999999999556, -6.100733027540754016E-16, -1.587499999999999245 ) ) ;
#2166 = CARTESIAN_POINT ( 'NONE',  ( -2.990384590650507324, -0.2399999999999998246, 3.149999999999999911 ) ) ;
#2167 = EDGE_CURVE ( 'NONE', #2751, #2488, #515, .T. ) ;
#2168 = CARTESIAN_POINT ( 'NONE',  ( 0.6785254037844375974, -1.175240473580834610, 2.641666666666667940 ) ) ;
#2169 = CARTESIAN_POINT ( 'NONE',  ( 0.8660254037844377084, -1.499999999999999556, -3.108333333333332504 ) ) ;
#2170 = CARTESIAN_POINT ( 'NONE',  ( 1.017788105676656896, -0.5876202367904177493, -1.879166666666665764 ) ) ;
#2171 = VECTOR ( 'NONE', #76, 1000.000000000000000 ) ;
#2172 = LINE ( 'NONE', #110, #929 ) ;
#2173 = CARTESIAN_POINT ( 'NONE',  ( -0.8816504037844392627, -1.527063293868263338, 1.292708333333332682 ) ) ;
#2174 = CARTESIAN_POINT ( 'NONE',  ( -0.6785254037844378194, 1.175240473580834388, -2.108333333333332060 ) ) ;
#2175 = ORIENTED_EDGE ( 'NONE', *, *, #463, .F. ) ;
#2176 = FACE_OUTER_BOUND ( 'NONE', #2015, .T. ) ;
#2177 = DIRECTION ( 'NONE',  ( 0.000000000000000000, 0.000000000000000000, 1.000000000000000000 ) ) ;
#2178 = CARTESIAN_POINT ( 'NONE',  ( -0.6785254037844382635, -1.175240473580834166, 0.9958333333333342363 ) ) ;
#2179 = CARTESIAN_POINT ( 'NONE',  ( 0.000000000000000000, 0.000000000000000000, -3.899999999999999911 ) ) ;
#2180 = CARTESIAN_POINT ( 'NONE',  ( -0.6785254037844383745, -1.175240473580834166, 1.995833333333334236 ) ) ;
#2181 = CARTESIAN_POINT ( 'NONE',  ( 0.9550432587416521901, 0.7844465891632252941, -3.816930092677524033 ) ) ;
#2182 = CARTESIAN_POINT ( 'NONE',  ( 2.878508968398376785E-16, 1.175240473580834388, -0.1499999999999990785 ) ) ;
#2183 = EDGE_CURVE ( 'NONE', #1654, #1387, #134, .T. ) ;
#2184 = CARTESIAN_POINT ( 'NONE',  ( -1.177015777647812511, -0.8181776847777646466, 1.816971838935939498 ) ) ;
#2185 = CARTESIAN_POINT ( 'NONE',  ( -1.499999999999999334, 2.324088772396477673E-16, 1.662500000000000311 ) ) ;
#2186 = CARTESIAN_POINT ( 'NONE',  ( -1.500000000000001776, 0.4019237886466805465, -2.359829099369259442 ) ) ;
#2187 = CARTESIAN_POINT ( 'NONE',  ( 0.8816504037844394848, 1.527063293868263338, -0.4572916666666670404 ) ) ;
#2188 = CARTESIAN_POINT ( 'NONE',  ( 0.6785254037844385966, 1.175240473580834166, -3.691666666666665986 ) ) ;
#2189 = ORIENTED_EDGE ( 'NONE', *, *, #1864, .T. ) ;
#2190 = CARTESIAN_POINT ( 'NONE',  ( 1.499999999999999556, 6.943215207534478466E-15, -2.087499999999998579 ) ) ;
#2191 = CARTESIAN_POINT ( 'NONE',  ( 1.500000000000000222, -1.836970198721030181E-16, 1.950000000000000400 ) ) ;
#2192 =( BOUNDED_CURVE ( )  B_SPLINE_CURVE ( 2, ( #3203, #1670, #2652 ),
 .UNSPECIFIED., .F., .F. ) 
 B_SPLINE_CURVE_WITH_KNOTS ( ( 3, 3 ),
 ( 0.8750000000000000000, 0.8784107388997848265 ),
 .UNSPECIFIED. ) 
 CURVE ( )  GEOMETRIC_REPRESENTATION_ITEM ( )  RATIONAL_B_SPLINE_CURVE ( ( 0.9330127018922194093, 0.9330127018922194093, 0.9550068919397523004 ) ) 
 REPRESENTATION_ITEM ( '' )  );
#2193 = CARTESIAN_POINT ( 'NONE',  ( 1.499999999999999778, 1.307299934473018605E-15, 1.912500000000000755 ) ) ;
#2194 = CARTESIAN_POINT ( 'NONE',  ( 2.878508968398376785E-16, 1.175240473580834388, 0.2875000000000008660 ) ) ;
#2195 = CARTESIAN_POINT ( 'NONE',  ( -1.499999999999999334, -3.486133158594716806E-15, 1.162500000000000755 ) ) ;
#2196 = AXIS2_PLACEMENT_3D ( 'NONE', #1713, #1530, #1760 ) ;
#2197 = EDGE_LOOP ( 'NONE', ( #455, #2901, #420, #3269 ) ) ;
#2198 = VERTEX_POINT ( 'NONE', #676 ) ;
#2199 = CYLINDRICAL_SURFACE ( 'NONE', #2352, 1.500000000000000222 ) ;
#2200 = CARTESIAN_POINT ( 'NONE',  ( -1.439254484199188393E-16, -1.175240473580834388, 0.1000000000000011297 ) ) ;
#2201 = LOCAL_TIME ( 9, 8, 26.00000000000000000, #215 ) ;
#2202 = CARTESIAN_POINT ( 'NONE',  ( 1.430908802125421708, -0.4499999999999905742, 1.950000000000000400 ) ) ;
#2203 = CARTESIAN_POINT ( 'NONE',  ( -0.6785254037844383745, -1.175240473580834166, -4.004166666666666430 ) ) ;
#2204 = CARTESIAN_POINT ( 'NONE',  ( -1.903256151141336323E-16, -1.554126587736527343, 2.318750000000000533 ) ) ;
#2205 = CARTESIAN_POINT ( 'NONE',  ( 1.017788105676656896, -0.5876202367904177493, 0.6833333333333344584 ) ) ;
#2206 = CARTESIAN_POINT ( 'NONE',  ( 1.017788105676657562, 0.5876202367904164170, -3.233333333333332504 ) ) ;
#2207 = CARTESIAN_POINT ( 'NONE',  ( -0.8660254037844387076, -1.499999999999998668, -0.1916666666666668462 ) ) ;
#2208 = CARTESIAN_POINT ( 'NONE',  ( 0.4412452116661934598, -1.320423121837726255, 1.743683029304422982 ) ) ;
#2209 = CARTESIAN_POINT ( 'NONE',  ( -1.017788105676657118, -0.5876202367904169721, 0.4541666666666676067 ) ) ;
#2210 = DIRECTION ( 'NONE',  ( 0.000000000000000000, 0.000000000000000000, -1.000000000000000000 ) ) ;
#2211 = ORIENTED_EDGE ( 'NONE', *, *, #2889, .T. ) ;
#2212 = VERTEX_POINT ( 'NONE', #2166 ) ;
#2213 =( BOUNDED_SURFACE ( )  B_SPLINE_SURFACE ( 1, 2, ( 
 ( #655, #1420, #638, #1871, #3142, #2118, #1404, #2669, #2408, #132, #2163, #1635, #2632, #1886, #620, #1685, #367, #1136, #2375, #2180, #2887, #1669, #1389, #1102, #3174, #2424, #918, #903, #1935, #2938, #673, #2390, #101, #1119, #118, #3125, #2684, #855, #872, #1358, #2361, #2871, #2134, #602, #1621, #2617, #3202, #1453, #2748, #1700, #2257, #1438, #1762, #211, #1219, #2241, #2209, #417, #1473, #3265, #2194, #933, #2011, #3251, #484, #3219, #2698, #996, #2485, #1204, #1952, #2715, #1731, #982, #965, #2456, #3019, #2970, #1747, #2955, #1253, #687, #452, #949, #2731, #2472, #167, #432, #182, #1966, #2227, #702, #227, #1499, #752, #2441, #1715, #197, #3234, #1980, #2987, #719, #469, #736, #1486, #1235, #1998, #3003, #2499, #1184, #1516, #46, #532, #2762, #3102, #783, #2516, #2780, #279, #3064, #2549, #62, #1078, #1319, #1302, #3280, #310, #1780, #1269, #2532, #243, #2291, #799, #3033, #2339, #500, #261, #1285, #2580, #833, #2273, #1582, #1334, #2096, #1011, #768, #2324, #2026, #517, #1532, #1059, #11, #1029, #2077, #2044, #1829, #3082, #813, #2830, #3048, #1796, #566, #1812, #1044, #2794, #1549, #2308, #28, #2060 ),
 ( #1567, #2814, #549, #2566, #295, #2402, #2387, #2865, #1414, #1112, #3168, #1352, #2663, #2356, #865, #348, #1131, #597, #582, #380, #898, #2612, #1600, #1616, #126, #2144, #2129, #633, #1147, #1914, #2158, #2173, #2915, #398, #1662, #650, #112, #882, #2418, #848, #330, #1369, #2595, #2370, #3153, #2114, #144, #2845, #96, #3136, #1164, #3180, #81, #1847, #1097, #3118, #1866, #1881, #1399, #2882, #616, #1631, #2628, #363, #1384, #1897, #2898, #1646, #2646, #2436, #162, #1929, #913, #2187, #1180, #2933, #665, #1679, #1432, #2678, #412, #3284, #2834, #1571, #803, #2520, #2313, #2570, #2818, #300, #1063, #247, #1323, #2329, #1522, #1339, #2065, #1015, #1536, #1785, #1816, #1084, #51, #2081, #3069, #2799, #3053, #3038, #2537, #553, #787, #3086, #819, #756, #1834, #1306, #265, #570, #772, #16, #1587, #33, #316, #2584, #2344, #1800, #505, #1273, #2278, #2784, #2553, #521, #66, #2101, #1766, #2767, #1289, #2031, #536, #2295, #1553, #1049, #1033, #2049, #283, #511, #1853, #538, #1066, #19, #1308, #267, #2083, #838, #1836, #3088, #2331, #3071, #805, #35, #2067, #3126, #1818, #2572, #2802, #2853, #1555, #821, #1035 ) ),
 .UNSPECIFIED., .F., .F., .F. ) 
 B_SPLINE_SURFACE_WITH_KNOTS ( ( 2, 2 ),
 ( 3, 2, 2, 2, 2, 2, 2, 2, 2, 2, 2, 2, 2, 2, 2, 2, 2, 2, 2, 2, 2, 2, 2, 2, 2, 2, 2, 2, 2, 2, 2, 2, 2, 2, 2, 2, 2, 2, 2, 2, 2, 2, 2, 2, 2, 2, 2, 2, 2, 2, 2, 2, 2, 2, 2, 2, 2, 2, 2, 2, 2, 2, 2, 2, 2, 2, 2, 2, 2, 2, 2, 2, 2, 2, 2, 2, 2, 2, 2, 2, 2, 2, 2, 2, 3 ),
 ( 0.000000000000000000, 1.000000000000000000 ),
 ( 0.000000000000000000, 0.01190476190476190410, 0.02380952380952380820, 0.03571428571428571230, 0.04761904761904761640, 0.05952380952380952051, 0.07142857142857142461, 0.08333333333333332871, 0.09523809523809523281, 0.1071428571428571369, 0.1190476190476190410, 0.1309523809523809590, 0.1428571428571428492, 0.1547619047619047672, 0.1666666666666666574, 0.1785714285714285754, 0.1904761904761904656, 0.2023809523809523836, 0.2142857142857142738, 0.2261904761904761918, 0.2380952380952380820, 0.2500000000000000000, 0.2619047619047619180, 0.2738095238095238360, 0.2857142857142856984, 0.2976190476190476164, 0.3095238095238095344, 0.3214285714285714524, 0.3333333333333333148, 0.3452380952380952328, 0.3571428571428571508, 0.3690476190476190688, 0.3809523809523809312, 0.3928571428571428492, 0.4047619047619047672, 0.4166666666666666852, 0.4285714285714285476, 0.4404761904761904656, 0.4523809523809523836, 0.4642857142857143016, 0.4761904761904761640, 0.4880952380952380820, 0.5000000000000000000, 0.5119047619047618625, 0.5238095238095238360, 0.5357142857142856984, 0.5476190476190476719, 0.5595238095238095344, 0.5714285714285713969, 0.5833333333333333703, 0.5952380952380952328, 0.6071428571428570953, 0.6190476190476190688, 0.6309523809523809312, 0.6428571428571429047, 0.6547619047619047672, 0.6666666666666666297, 0.6785714285714286031, 0.6904761904761904656, 0.7023809523809523281, 0.7142857142857143016, 0.7261904761904761640, 0.7380952380952381375, 0.7500000000000000000, 0.7619047619047618625, 0.7738095238095238360, 0.7857142857142856984, 0.7976190476190476719, 0.8095238095238095344, 0.8214285714285713969, 0.8333333333333333703, 0.8452380952380952328, 0.8571428571428570953, 0.8690476190476190688, 0.8809523809523809312, 0.8928571428571429047, 0.9047619047619047672, 0.9166666666666666297, 0.9285714285714286031, 0.9404761904761904656, 0.9523809523809523281, 0.9642857142857143016, 0.9761904761904761640, 0.9880952380952381375, 1.000000000000000000 ),
 .UNSPECIFIED. ) 
 GEOMETRIC_REPRESENTATION_ITEM ( )  RATIONAL_B_SPLINE_SURFACE ( (
 ( 1.000000000000000000, 0.8660254037844387076, 1.000000000000000000, 0.8660254037844387076, 1.000000000000000000, 0.8660254037844387076, 1.000000000000000000, 0.8660254037844387076, 1.000000000000000000, 0.8660254037844387076, 1.000000000000000000, 0.8660254037844387076, 1.000000000000000000, 0.8660254037844387076, 1.000000000000000000, 0.8660254037844387076, 1.000000000000000000, 0.8660254037844387076, 1.000000000000000000, 0.8660254037844387076, 1.000000000000000000, 0.8660254037844387076, 1.000000000000000000, 0.8660254037844387076, 1.000000000000000000, 0.8660254037844387076, 1.000000000000000000, 0.8660254037844387076, 1.000000000000000000, 0.8660254037844387076, 1.000000000000000000, 0.8660254037844387076, 1.000000000000000000, 0.8660254037844387076, 1.000000000000000000, 0.8660254037844387076, 1.000000000000000000, 0.8660254037844387076, 1.000000000000000000, 0.8660254037844387076, 1.000000000000000000, 0.8660254037844387076, 1.000000000000000000, 0.8660254037844387076, 1.000000000000000000, 0.8660254037844387076, 1.000000000000000000, 0.8660254037844387076, 1.000000000000000000, 0.8660254037844387076, 1.000000000000000000, 0.8660254037844387076, 1.000000000000000000, 0.8660254037844387076, 1.000000000000000000, 0.8660254037844387076, 1.000000000000000000, 0.8660254037844387076, 1.000000000000000000, 0.8660254037844387076, 1.000000000000000000, 0.8660254037844387076, 1.000000000000000000, 0.8660254037844387076, 1.000000000000000000, 0.8660254037844387076, 1.000000000000000000, 0.8660254037844387076, 1.000000000000000000, 0.8660254037844387076, 1.000000000000000000, 0.8660254037844387076, 1.000000000000000000, 0.8660254037844387076, 1.000000000000000000, 0.8660254037844387076, 1.000000000000000000, 0.8660254037844387076, 1.000000000000000000, 0.8660254037844387076, 1.000000000000000000, 0.8660254037844387076, 1.000000000000000000, 0.8660254037844387076, 1.000000000000000000, 0.8660254037844387076, 1.000000000000000000, 0.8660254037844387076, 1.000000000000000000, 0.8660254037844387076, 1.000000000000000000, 0.8660254037844387076, 1.000000000000000000, 0.8660254037844387076, 1.000000000000000000, 0.8660254037844387076, 1.000000000000000000, 0.8660254037844387076, 1.000000000000000000, 0.8660254037844387076, 1.000000000000000000, 0.8660254037844387076, 1.000000000000000000, 0.8660254037844387076, 1.000000000000000000, 0.8660254037844387076, 1.000000000000000000, 0.8660254037844387076, 1.000000000000000000, 0.8660254037844387076, 1.000000000000000000, 0.8660254037844387076, 1.000000000000000000, 0.8660254037844387076, 1.000000000000000000, 0.8660254037844387076, 1.000000000000000000, 0.8660254037844387076, 1.000000000000000000, 0.8660254037844387076, 1.000000000000000000, 0.8660254037844387076, 1.000000000000000000, 0.8660254037844387076, 1.000000000000000000, 0.8660254037844387076, 1.000000000000000000, 0.8660254037844387076, 1.000000000000000000, 0.8660254037844387076, 1.000000000000000000, 0.8660254037844387076, 1.000000000000000000, 0.8660254037844387076, 1.000000000000000000, 0.8660254037844387076, 1.000000000000000000, 0.8660254037844387076, 1.000000000000000000, 0.8660254037844387076, 1.000000000000000000, 0.8660254037844387076, 1.000000000000000000, 0.8660254037844387076, 1.000000000000000000, 0.8660254037844387076, 1.000000000000000000, 0.8660254037844387076, 1.000000000000000000, 0.8660254037844387076, 1.000000000000000000, 0.8660254037844387076, 1.000000000000000000, 0.8660254037844387076, 1.000000000000000000, 0.8660254037844387076, 1.000000000000000000, 0.8660254037844387076, 1.000000000000000000, 0.8660254037844387076, 1.000000000000000000, 0.8660254037844387076, 1.000000000000000000, 0.8660254037844387076, 1.000000000000000000, 0.8660254037844387076, 1.000000000000000000, 0.8660254037844387076, 1.000000000000000000),
 ( 1.000000000000000000, 0.8660254037844387076, 1.000000000000000000, 0.8660254037844387076, 1.000000000000000000, 0.8660254037844387076, 1.000000000000000000, 0.8660254037844387076, 1.000000000000000000, 0.8660254037844387076, 1.000000000000000000, 0.8660254037844387076, 1.000000000000000000, 0.8660254037844387076, 1.000000000000000000, 0.8660254037844387076, 1.000000000000000000, 0.8660254037844387076, 1.000000000000000000, 0.8660254037844387076, 1.000000000000000000, 0.8660254037844387076, 1.000000000000000000, 0.8660254037844387076, 1.000000000000000000, 0.8660254037844387076, 1.000000000000000000, 0.8660254037844387076, 1.000000000000000000, 0.8660254037844387076, 1.000000000000000000, 0.8660254037844387076, 1.000000000000000000, 0.8660254037844387076, 1.000000000000000000, 0.8660254037844387076, 1.000000000000000000, 0.8660254037844387076, 1.000000000000000000, 0.8660254037844387076, 1.000000000000000000, 0.8660254037844387076, 1.000000000000000000, 0.8660254037844387076, 1.000000000000000000, 0.8660254037844387076, 1.000000000000000000, 0.8660254037844387076, 1.000000000000000000, 0.8660254037844387076, 1.000000000000000000, 0.8660254037844387076, 1.000000000000000000, 0.8660254037844387076, 1.000000000000000000, 0.8660254037844387076, 1.000000000000000000, 0.8660254037844387076, 1.000000000000000000, 0.8660254037844387076, 1.000000000000000000, 0.8660254037844387076, 1.000000000000000000, 0.8660254037844387076, 1.000000000000000000, 0.8660254037844387076, 1.000000000000000000, 0.8660254037844387076, 1.000000000000000000, 0.8660254037844387076, 1.000000000000000000, 0.8660254037844387076, 1.000000000000000000, 0.8660254037844387076, 1.000000000000000000, 0.8660254037844387076, 1.000000000000000000, 0.8660254037844387076, 1.000000000000000000, 0.8660254037844387076, 1.000000000000000000, 0.8660254037844387076, 1.000000000000000000, 0.8660254037844387076, 1.000000000000000000, 0.8660254037844387076, 1.000000000000000000, 0.8660254037844387076, 1.000000000000000000, 0.8660254037844387076, 1.000000000000000000, 0.8660254037844387076, 1.000000000000000000, 0.8660254037844387076, 1.000000000000000000, 0.8660254037844387076, 1.000000000000000000, 0.8660254037844387076, 1.000000000000000000, 0.8660254037844387076, 1.000000000000000000, 0.8660254037844387076, 1.000000000000000000, 0.8660254037844387076, 1.000000000000000000, 0.8660254037844387076, 1.000000000000000000, 0.8660254037844387076, 1.000000000000000000, 0.8660254037844387076, 1.000000000000000000, 0.8660254037844387076, 1.000000000000000000, 0.8660254037844387076, 1.000000000000000000, 0.8660254037844387076, 1.000000000000000000, 0.8660254037844387076, 1.000000000000000000, 0.8660254037844387076, 1.000000000000000000, 0.8660254037844387076, 1.000000000000000000, 0.8660254037844387076, 1.000000000000000000, 0.8660254037844387076, 1.000000000000000000, 0.8660254037844387076, 1.000000000000000000, 0.8660254037844387076, 1.000000000000000000, 0.8660254037844387076, 1.000000000000000000, 0.8660254037844387076, 1.000000000000000000, 0.8660254037844387076, 1.000000000000000000, 0.8660254037844387076, 1.000000000000000000, 0.8660254037844387076, 1.000000000000000000, 0.8660254037844387076, 1.000000000000000000, 0.8660254037844387076, 1.000000000000000000, 0.8660254037844387076, 1.000000000000000000, 0.8660254037844387076, 1.000000000000000000, 0.8660254037844387076, 1.000000000000000000, 0.8660254037844387076, 1.000000000000000000, 0.8660254037844387076, 1.000000000000000000, 0.8660254037844387076, 1.000000000000000000, 0.8660254037844387076, 1.000000000000000000, 0.8660254037844387076, 1.000000000000000000, 0.8660254037844387076, 1.000000000000000000, 0.8660254037844387076, 1.000000000000000000, 0.8660254037844387076, 1.000000000000000000, 0.8660254037844387076, 1.000000000000000000) ) ) 
 REPRESENTATION_ITEM ( '' )  SURFACE ( )  );
#2214 = CALENDAR_DATE ( 2026, 11, 6 ) ;
#2215 = CARTESIAN_POINT ( 'NONE',  ( 1.422277244639703619, 0.4577651024689848858, 1.932194537472696760 ) ) ;
#2216 = CARTESIAN_POINT ( 'NONE',  ( -0.6785254037844378194, 1.175240473580834388, -0.6083333333333321713 ) ) ;
#2217 = CARTESIAN_POINT ( 'NONE',  ( -1.299038105676657784, -0.7499999999999995559, -2.733333333333333837 ) ) ;
#2218 = CARTESIAN_POINT ( 'NONE',  ( -0.8660254037844382635, 1.499999999999999778, -1.920833333333332948 ) ) ;
#2219 = CARTESIAN_POINT ( 'NONE',  ( 1.794550807568877193, -3.296536353594784206E-16, 0.9437500000000008660 ) ) ;
#2220 = ORIENTED_EDGE ( 'NONE', *, *, #828, .F. ) ;
#2221 = CARTESIAN_POINT ( 'NONE',  ( 3.673940397442058389E-16, 1.499999999999999556, -2.462499999999999467 ) ) ;
#2222 = CARTESIAN_POINT ( 'NONE',  ( 1.017788105676657562, 0.5876202367904164170, 2.204166666666667496 ) ) ;
#2223 = DIRECTION ( 'NONE',  ( -1.000000000000000000, 0.000000000000000000, -0.000000000000000000 ) ) ;
#2224 = CONICAL_SURFACE ( 'NONE', #1277, 1.500000000000000222, 0.5235987755983000369 ) ;
#2225 = EDGE_CURVE ( 'NONE', #369, #103, #858, .T. ) ;
#2226 = CARTESIAN_POINT ( 'NONE',  ( 0.6785254037844385966, 1.175240473580834166, 1.245833333333334236 ) ) ;
#2227 = CARTESIAN_POINT ( 'NONE',  ( -1.439254484199188393E-16, -1.175240473580834388, -0.9624999999999989120 ) ) ;
#2228 = VERTEX_POINT ( 'NONE', #938 ) ;
#2229 = ORIENTED_EDGE ( 'NONE', *, *, #3272, .F. ) ;
#2230 = B_SPLINE_CURVE_WITH_KNOTS ( 'NONE', 3,
 ( #2837, #1417, #573, #2104, #165, #2347, #2952, #2084, #2453, #916, #1917, #2936, #430, #1949, #3110, #70 ),
 .UNSPECIFIED., .F., .F.,
 ( 4, 3, 3, 3, 3, 4 ),
 ( 0.000000000000000000, 2.007525980926776500E-05, 4.014734060424964565E-05, 6.026939233389666843E-05, 8.048367676054386745E-05, 9.391465792548043569E-05 ),
 .UNSPECIFIED. ) ;
#2231 = CARTESIAN_POINT ( 'NONE',  ( 0.000000000000000000, 0.000000000000000000, 6.342640687119286191 ) ) ;
#2232 = CARTESIAN_POINT ( 'NONE',  ( 0.000000000000000000, 0.000000000000000000, 3.269999999999999574 ) ) ;
#2233 = CARTESIAN_POINT ( 'NONE',  ( -1.439254484199188393E-16, -1.175240473580834388, -1.399999999999998801 ) ) ;
#2234 = CARTESIAN_POINT ( 'NONE',  ( 2.350935983815807706, -0.2999999999999999334, 3.899999999999999911 ) ) ;
#2235 = CARTESIAN_POINT ( 'NONE',  ( -1.357050807568875861, 8.309539638847774027E-17, -3.587499999999999023 ) ) ;
#2236 = CARTESIAN_POINT ( 'NONE',  ( 1.345913105676657562, -0.7770632938682643376, 1.402083333333334236 ) ) ;
#2237 = CARTESIAN_POINT ( 'NONE',  ( 1.499999999999999778, 0.4019237886466831555, -2.565170900630739048 ) ) ;
#2238 = CARTESIAN_POINT ( 'NONE',  ( 0.6785254037844385966, 1.175240473580834166, -2.691666666666665542 ) ) ;
#2239 = CARTESIAN_POINT ( 'NONE',  ( 1.126691170791213281, -0.6220775474388779980, 1.563322306805627226 ) ) ;
#2240 = CARTESIAN_POINT ( 'NONE',  ( 1.458779792712039391, -0.1778110052645174854, 1.878604506678732244 ) ) ;
#2241 = CARTESIAN_POINT ( 'NONE',  ( -0.6785254037844383745, -1.175240473580834166, 0.4958333333333341808 ) ) ;
#2242 = DIRECTION ( 'NONE',  ( -1.000000000000000000, 0.000000000000000000, 0.000000000000000000 ) ) ;
#2243 = VERTEX_POINT ( 'NONE', #3023 ) ;
#2244 = ORIENTED_EDGE ( 'NONE', *, *, #2995, .T. ) ;
#2245 = ADVANCED_FACE ( 'NONE', ( #2960 ), #3035, .T. ) ;
#2246 = SHAPE_DEFINITION_REPRESENTATION ( #1238, #1083 ) ;
#2247 = CONICAL_SURFACE ( 'NONE', #817, 1.500000000000000222, 0.5235987755983000369 ) ;
#2248 = DIRECTION ( 'NONE',  ( 1.000000000000000000, 0.000000000000000000, 0.000000000000000000 ) ) ;
#2249 = CARTESIAN_POINT ( 'NONE',  ( 2.878508968398376785E-16, 1.175240473580834388, -0.6499999999999991340 ) ) ;
#2250 = FACE_OUTER_BOUND ( 'NONE', #1288, .T. ) ;
#2251 = CARTESIAN_POINT ( 'NONE',  ( -0.8972754037844382635, 1.554126587736527343, 1.610416666666667496 ) ) ;
#2252 = ORIENTED_EDGE ( 'NONE', *, *, #1401, .T. ) ;
#2253 = CARTESIAN_POINT ( 'NONE',  ( 2.878508968398376785E-16, 1.175240473580834388, -2.149999999999998579 ) ) ;
#2254 = CARTESIAN_POINT ( 'NONE',  ( 1.017788105676656896, -0.5876202367904177493, -2.816666666666665542 ) ) ;
#2255 = CARTESIAN_POINT ( 'NONE',  ( 0.000000000000000000, 0.000000000000000000, 6.342640687119286191 ) ) ;
#2256 = CARTESIAN_POINT ( 'NONE',  ( 1.357050807568876083, -2.492861891654331838E-16, -1.337499999999998801 ) ) ;
#2257 = CARTESIAN_POINT ( 'NONE',  ( 1.017788105676657562, 0.5876202367904164170, 0.7041666666666676067 ) ) ;
#2258 = CARTESIAN_POINT ( 'NONE',  ( -3.000000000000000000, 3.673940397442059868E-16, 3.149999999999999911 ) ) ;
#2259 = EDGE_LOOP ( 'NONE', ( #1100, #2560, #684, #65 ) ) ;
#2260 = CARTESIAN_POINT ( 'NONE',  ( 2.984962311319860007, 0.3000000000000003220, 3.436768220364140092 ) ) ;
#2261 = ORIENTED_EDGE ( 'NONE', *, *, #969, .T. ) ;
#2262 = CARTESIAN_POINT ( 'NONE',  ( 1.473186741324786997, 0.1151486716114946823, 1.903558073658043970 ) ) ;
#2263 = CARTESIAN_POINT ( 'NONE',  ( -1.357050807568875861, 8.309539638847774027E-17, -2.024999999999998579 ) ) ;
#2264 = EDGE_CURVE ( 'NONE', #1222, #3155, #476, .T. ) ;
#2265 = CYLINDRICAL_SURFACE ( 'NONE', #1770, 1.500000000000000222 ) ;
#2266 = CARTESIAN_POINT ( 'NONE',  ( -0.8972754037844390407, -1.554126587736526899, -0.2229166666666659857 ) ) ;
#2267 = B_SPLINE_CURVE_WITH_KNOTS ( 'NONE', 3,
 ( #232, #2262, #757, #2215, #1258, #2016 ),
 .UNSPECIFIED., .F., .F.,
 ( 4, 2, 4 ),
 ( 0.005608987291090831301, 0.005955114769922542454, 0.006301242248754253608 ),
 .UNSPECIFIED. ) ;
#2268 = ORIENTED_EDGE ( 'NONE', *, *, #271, .T. ) ;
#2269 = CARTESIAN_POINT ( 'NONE',  ( -1.017788105676657118, -0.5876202367904169721, -0.9833333333333321713 ) ) ;
#2270 = CARTESIAN_POINT ( 'NONE',  ( -1.357050807568875861, 8.309539638847774027E-17, 0.9125000000000009770 ) ) ;
#2271 = CARTESIAN_POINT ( 'NONE',  ( 1.499999999999999334, -0.4019237886466844323, 0.3901709006307406691 ) ) ;
#2272 = CARTESIAN_POINT ( 'NONE',  ( 1.017788105676656896, -0.5876202367904177493, 0.1208333333333343335 ) ) ;
#2273 = CARTESIAN_POINT ( 'NONE',  ( -1.017788105676657118, -0.5876202367904169721, -3.045833333333332060 ) ) ;
#2274 = CARTESIAN_POINT ( 'NONE',  ( 3.673940397442059375E-16, 1.499999999999999556, -0.9000000000000003553 ) ) ;
#2275 = DIRECTION ( 'NONE',  ( -1.000000000000000000, 0.000000000000000000, 0.000000000000000000 ) ) ;
#2276 = ORIENTED_EDGE ( 'NONE', *, *, #2889, .F. ) ;
#2277 = CONICAL_SURFACE ( 'NONE', #583, 1.150000000000001243, 0.7853981633974471688 ) ;
#2278 = CARTESIAN_POINT ( 'NONE',  ( -1.322475605676658228, -0.7635316469341315582, -2.748958333333334281 ) ) ;
#2279 =( BOUNDED_CURVE ( )  B_SPLINE_CURVE ( 2, ( #2711, #2984, #994, #180, #1218, #2207, #241, #2470, #963 ),
 .UNSPECIFIED., .F., .F. ) 
 B_SPLINE_CURVE_WITH_KNOTS ( ( 3, 2, 2, 2, 3 ),
 ( 0.3750000000000000000, 0.3809523809523809312, 0.3928571428571428492, 0.4047619047619047672, 0.4107142857142856984 ),
 .UNSPECIFIED. ) 
 CURVE ( )  GEOMETRIC_REPRESENTATION_ITEM ( )  RATIONAL_B_SPLINE_CURVE ( ( 0.9330127018922194093, 0.9330127018922194093, 1.000000000000000000, 0.8660254037844388186, 1.000000000000000000, 0.8660254037844388186, 1.000000000000000000, 0.9330127018922197424, 0.9330127018922194093 ) ) 
 REPRESENTATION_ITEM ( '' )  );
#2280 = LINE ( 'NONE', #773, #17 ) ;
#2281 = CARTESIAN_POINT ( 'NONE',  ( -1.017788105676657118, -0.5876202367904169721, -1.983333333333332282 ) ) ;
#2282 = CC_DESIGN_DATE_AND_TIME_ASSIGNMENT ( #456, #2428, ( #2774 ) ) ;
#2283 = CARTESIAN_POINT ( 'NONE',  ( 0.000000000000000000, 0.000000000000000000, 1.950000000000000400 ) ) ;
#2284 = CARTESIAN_POINT ( 'NONE',  ( -1.903256151141336323E-16, -1.554126587736527343, -2.181249999999999023 ) ) ;
#2285 = EDGE_CURVE ( 'NONE', #503, #2634, #2317, .T. ) ;
#2286 = ORIENTED_EDGE ( 'NONE', *, *, #421, .F. ) ;
#2287 = CARTESIAN_POINT ( 'NONE',  ( -0.6785254037844382635, -1.175240473580834166, 0.05833333333333427795 ) ) ;
#2288 = CARTESIAN_POINT ( 'NONE',  ( 1.017788105676656896, -0.5876202367904177493, -0.3791666666666656527 ) ) ;
#2289 = CARTESIAN_POINT ( 'NONE',  ( 1.499999999999999778, 0.4019237886466831555, -0.06517090063073895101 ) ) ;
#2290 = CARTESIAN_POINT ( 'NONE',  ( 1.357050807568876083, -2.492861891654331838E-16, 0.1625000000000011990 ) ) ;
#2291 = CARTESIAN_POINT ( 'NONE',  ( -0.6785254037844378194, 1.175240473580834388, -2.670833333333332060 ) ) ;
#2292 = CARTESIAN_POINT ( 'NONE',  ( 0.6785254037844375974, -1.175240473580834610, 1.141666666666667496 ) ) ;
#2293 = CARTESIAN_POINT ( 'NONE',  ( -0.8660254037844389297, -1.499999999999999334, -0.7541666666666662078 ) ) ;
#2294 = EDGE_LOOP ( 'NONE', ( #2392, #853, #1468, #169, #3237, #2459, #2701, #2443, #1955, #2817 ) ) ;
#2295 = CARTESIAN_POINT ( 'NONE',  ( -0.8816504037844392627, -1.527063293868263338, -3.207291666666667318 ) ) ;
#2296 = CARTESIAN_POINT ( 'NONE',  ( -0.3349113221380929373, -1.395719703664986877, -3.624673747889766151 ) ) ;
#2297 = CARTESIAN_POINT ( 'NONE',  ( -1.357355715852097022, -1.538523526438743883E-11, -3.692644284147901690 ) ) ;
#2298 = CARTESIAN_POINT ( 'NONE',  ( -0.6785254037844378194, 1.175240473580834388, -2.608333333333332504 ) ) ;
#2299 = FACE_OUTER_BOUND ( 'NONE', #3195, .T. ) ;
#2300 = CARTESIAN_POINT ( 'NONE',  ( 3.806512302282672647E-16, 1.554126587736527343, -0.4312499999999993561 ) ) ;
#2301 = VERTEX_POINT ( 'NONE', #1321 ) ;
#2302 = CARTESIAN_POINT ( 'NONE',  ( -1.017788105676657118, 0.5876202367904173052, -1.066666666666665320 ) ) ;
#2303 = CARTESIAN_POINT ( 'NONE',  ( -0.6785254037844383745, -1.175240473580834166, 0.4958333333333341808 ) ) ;
#2304 = EDGE_CURVE ( 'NONE', #2917, #3036, #495, .T. ) ;
#2305 = AXIS2_PLACEMENT_3D ( 'NONE', #3111, #321, #890 ) ;
#2306 = CARTESIAN_POINT ( 'NONE',  ( 0.8660254037844377084, -1.499999999999999556, -0.6083333333333335036 ) ) ;
#2307 = CARTESIAN_POINT ( 'NONE',  ( -1.017788105676657118, -0.5876202367904169721, -0.5458333333333321713 ) ) ;
#2308 = CARTESIAN_POINT ( 'NONE',  ( -1.017788105676657118, 0.5876202367904173052, -4.129166666666666430 ) ) ;
#2309 = CARTESIAN_POINT ( 'NONE',  ( 1.017788105676656896, -0.5876202367904177493, 1.183333333333334458 ) ) ;
#2310 = EDGE_CURVE ( 'NONE', #1783, #991, #2384, .T. ) ;
#2311 = CYLINDRICAL_SURFACE ( 'NONE', #921, 1.500000000000000222 ) ;
#2312 = ORIENTED_EDGE ( 'NONE', *, *, #2383, .F. ) ;
#2313 = CARTESIAN_POINT ( 'NONE',  ( 1.322475605676658672, 0.7635316469341310031, -0.9989583333333339477 ) ) ;
#2314 = DIRECTION ( 'NONE',  ( 0.000000000000000000, 0.000000000000000000, 1.000000000000000000 ) ) ;
#2315 = CARTESIAN_POINT ( 'NONE',  ( 2.878508968398376785E-16, 1.175240473580834388, -2.649999999999999023 ) ) ;
#2316 = CARTESIAN_POINT ( 'NONE',  ( -1.499999999999999334, -3.486133158594716806E-15, -0.3374999999999989120 ) ) ;
#2317 =( BOUNDED_CURVE ( )  B_SPLINE_CURVE ( 2, ( #568, #1849, #1061, #2293, #1046, #48, #2568, #64, #263 ),
 .UNSPECIFIED., .F., .F. ) 
 B_SPLINE_CURVE_WITH_KNOTS ( ( 3, 2, 2, 2, 3 ),
 ( 0.4464285714285713969, 0.4523809523809523281, 0.4642857142857143016, 0.4761904761904761640, 0.4821428571428572063 ),
 .UNSPECIFIED. ) 
 CURVE ( )  GEOMETRIC_REPRESENTATION_ITEM ( )  RATIONAL_B_SPLINE_CURVE ( ( 0.9330127018922192983, 0.9330127018922192983, 1.000000000000000000, 0.8660254037844385966, 1.000000000000000000, 0.8660254037844385966, 1.000000000000000000, 0.9330127018922187432, 0.9330127018922192983 ) ) 
 REPRESENTATION_ITEM ( '' )  );
#2318 = CARTESIAN_POINT ( 'NONE',  ( -0.8972754037844382635, 1.554126587736527343, -0.8895833333333325044 ) ) ;
#2319 = DIRECTION ( 'NONE',  ( 1.000000000000000000, -0.000000000000000000, 0.000000000000000000 ) ) ;
#2320 = CARTESIAN_POINT ( 'NONE',  ( 1.017788105676657562, 0.5876202367904164170, -1.733333333333332060 ) ) ;
#2321 = CARTESIAN_POINT ( 'NONE',  ( 0.6785254037844385966, 1.175240473580834166, 1.245833333333334236 ) ) ;
#2322 = CARTESIAN_POINT ( 'NONE',  ( 1.299038105676657562, -0.7500000000000004441, -0.5666666666666666519 ) ) ;
#2323 = CARTESIAN_POINT ( 'NONE',  ( -1.017788105676657118, 0.5876202367904173052, -2.129166666666665986 ) ) ;
#2324 = CARTESIAN_POINT ( 'NONE',  ( 1.017788105676657562, 0.5876202367904164170, -3.295833333333332504 ) ) ;
#2325 = CARTESIAN_POINT ( 'NONE',  ( 1.017788105676657562, 0.5876202367904164170, 1.266666666666667718 ) ) ;
#2326 = CARTESIAN_POINT ( 'NONE',  ( -2.985078649073708679, -0.2988484115164681820, 3.196524244903677925 ) ) ;
#2327 = ORIENTED_EDGE ( 'NONE', *, *, #2264, .F. ) ;
#2328 = ADVANCED_FACE ( 'NONE', ( #785 ), #2311, .T. ) ;
#2329 = CARTESIAN_POINT ( 'NONE',  ( -1.763300807568877193, 1.079710344961584282E-16, -1.290625000000000577 ) ) ;
#2330 = LINE ( 'NONE', #537, #3037 ) ;
#2331 = CARTESIAN_POINT ( 'NONE',  ( 3.740226349862366751E-16, 1.527063293868263782, -3.915625000000000799 ) ) ;
#2332 = CARTESIAN_POINT ( 'NONE',  ( -1.357050807568875861, 8.309539638847774027E-17, -2.524999999999999467 ) ) ;
#2333 = CARTESIAN_POINT ( 'NONE',  ( 0.000000000000000000, 0.000000000000000000, 6.342640687119286191 ) ) ;
#2334 = CARTESIAN_POINT ( 'NONE',  ( 1.794550807568877193, -3.296536353594784206E-16, -1.556249999999999689 ) ) ;
#2335 = CARTESIAN_POINT ( 'NONE',  ( 1.017788105676656896, -0.5876202367904177493, -3.816666666666665542 ) ) ;
#2336 = CARTESIAN_POINT ( 'NONE',  ( -0.6785254037844383745, -1.175240473580834166, 0.9958333333333342363 ) ) ;
#2337 = CARTESIAN_POINT ( 'NONE',  ( -1.299038105676657784, -0.7499999999999993339, -1.295833333333332504 ) ) ;
#2338 = CARTESIAN_POINT ( 'NONE',  ( 0.8660254037844390407, 1.499999999999998668, 0.05833333333333333426 ) ) ;
#2339 = CARTESIAN_POINT ( 'NONE',  ( 1.017788105676657562, 0.5876202367904164170, -2.795833333333332060 ) ) ;
#2340 = CARTESIAN_POINT ( 'NONE',  ( 1.357050807568875861, -2.492861891654331838E-16, 1.725000000000000755 ) ) ;
#2341 = CARTESIAN_POINT ( 'NONE',  ( 1.194843029274994084, -0.09120122464833986531, -3.855156970725007515 ) ) ;
#2342 = CARTESIAN_POINT ( 'NONE',  ( -2.986644724062897716, -0.2827911324196448750, 3.167411799406527617 ) ) ;
#2343 = ORIENTED_EDGE ( 'NONE', *, *, #173, .F. ) ;
#2344 = CARTESIAN_POINT ( 'NONE',  ( 1.322475605676658006, -0.7635316469341325574, -2.582291666666666874 ) ) ;
#2345 = DIRECTION ( 'NONE',  ( -0.000000000000000000, -0.000000000000000000, 1.000000000000000000 ) ) ;
#2346 = EDGE_CURVE ( 'NONE', #1983, #2212, #370, .T. ) ;
#2347 = CARTESIAN_POINT ( 'NONE',  ( 2.985844695017330075, 0.2911166468308451494, 3.177879906032046176 ) ) ;
#2348 = CARTESIAN_POINT ( 'NONE',  ( 0.8660254037844390407, 1.499999999999998668, -3.441666666666665542 ) ) ;
#2349 = ADVANCED_FACE ( 'NONE', ( #1585 ), #3120, .T. ) ;
#2350 = CARTESIAN_POINT ( 'NONE',  ( -1.345913105676657784, 0.7770632938682638935, -1.847916666666666208 ) ) ;
#2351 = CARTESIAN_POINT ( 'NONE',  ( 1.500000000000000222, 1.836970198721030181E-16, 6.342640687119286191 ) ) ;
#2352 = AXIS2_PLACEMENT_3D ( 'NONE', #2688, #1174, #2429 ) ;
#2353 = CARTESIAN_POINT ( 'NONE',  ( -0.6785254037844378194, 1.175240473580834388, -1.670833333333331838 ) ) ;
#2354 = CARTESIAN_POINT ( 'NONE',  ( 0.000000000000000000, 0.000000000000000000, 3.270000000000000462 ) ) ;
#2355 = CYLINDRICAL_SURFACE ( 'NONE', #2744, 1.500000000000000222 ) ;
#2356 = CARTESIAN_POINT ( 'NONE',  ( 0.8816504037844394848, 1.527063293868263338, 2.042708333333332682 ) ) ;
#2357 = CARTESIAN_POINT ( 'NONE',  ( -0.6785254037844378194, 1.175240473580834388, -0.6083333333333321713 ) ) ;
#2358 = ORIENTED_EDGE ( 'NONE', *, *, #2427, .F. ) ;
#2359 = CIRCLE ( 'NONE', #1833, 2.369999999999999662 ) ;
#2360 = CARTESIAN_POINT ( 'NONE',  ( 1.499999999999999334, -0.4019237886466844323, -0.1098290993692593726 ) ) ;
#2361 = CARTESIAN_POINT ( 'NONE',  ( 1.017788105676656896, -0.5876202367904177493, 1.120833333333334458 ) ) ;
#2362 = CARTESIAN_POINT ( 'NONE',  ( -1.084036880470720332, 0.7822038150022472269, -3.723629171444105435 ) ) ;
#2363 = COORDINATED_UNIVERSAL_TIME_OFFSET ( 6, 0, .BEHIND. ) ;
#2364 = CARTESIAN_POINT ( 'NONE',  ( -1.903256151141336323E-16, -1.554126587736527343, -3.181249999999999023 ) ) ;
#2365 = EDGE_CURVE ( 'NONE', #2160, #669, #2506, .T. ) ;
#2366 = CARTESIAN_POINT ( 'NONE',  ( -1.439254484199188393E-16, -1.175240473580834388, -2.899999999999998579 ) ) ;
#2367 = CARTESIAN_POINT ( 'NONE',  ( 1.017788105676656896, -0.5876202367904177493, -1.379166666666665764 ) ) ;
#2368 = CARTESIAN_POINT ( 'NONE',  ( -1.121107958840569463, 0.3525721420742662926, 1.387499999999999734 ) ) ;
#2369 = CARTESIAN_POINT ( 'NONE',  ( -0.6785254037844382635, -1.175240473580834166, -3.504166666666665098 ) ) ;
#2370 = CARTESIAN_POINT ( 'NONE',  ( -0.8816504037844392627, -1.527063293868263338, 0.7927083333333327930 ) ) ;
#2371 = CARTESIAN_POINT ( 'NONE',  ( 1.017788105676656896, -0.5876202367904177493, -0.8166666666666656527 ) ) ;
#2372 = DIRECTION ( 'NONE',  ( 0.000000000000000000, 0.000000000000000000, -1.000000000000000000 ) ) ;
#2373 = EDGE_LOOP ( 'NONE', ( #1969, #14, #2286, #2519 ) ) ;
#2374 = CARTESIAN_POINT ( 'NONE',  ( -1.500000000000000000, 0.4019237886466823229, 0.7026709006307396699 ) ) ;
#2375 = CARTESIAN_POINT ( 'NONE',  ( -1.439254484199188393E-16, -1.175240473580834388, 2.037500000000000977 ) ) ;
#2376 = CARTESIAN_POINT ( 'NONE',  ( -2.986642047357508378, 0.2828375704902614252, 3.167452099170092072 ) ) ;
#2377 = ORIENTED_EDGE ( 'NONE', *, *, #1005, .F. ) ;
#2378 = CARTESIAN_POINT ( 'NONE',  ( 1.499999999999999778, 6.943215207534476889E-15, -1.024999999999999689 ) ) ;
#2379 = CARTESIAN_POINT ( 'NONE',  ( -1.357050807568875861, 8.309539638847774027E-17, 1.975000000000001199 ) ) ;
#2380 = VECTOR ( 'NONE', #2133, 1000.000000000000000 ) ;
#2381 = CARTESIAN_POINT ( 'NONE',  ( 0.6785254037844385966, 1.175240473580834166, -3.691666666666665098 ) ) ;
#2382 = CARTESIAN_POINT ( 'NONE',  ( 0.6785254037844385966, 1.175240473580834166, -2.254166666666665986 ) ) ;
#2383 = EDGE_CURVE ( 'NONE', #1968, #1032, #852, .T. ) ;
#2384 = B_SPLINE_CURVE_WITH_KNOTS ( 'NONE', 3,
 ( #2867, #13, #332, #1354, #1099, #3050, #1798, #2098 ),
 .UNSPECIFIED., .F., .F.,
 ( 4, 2, 2, 4 ),
 ( 0.002258554367641589337, 0.002505546787469477201, 0.002752539207297365065, 0.003246524046953139491 ),
 .UNSPECIFIED. ) ;
#2385 = DIRECTION ( 'NONE',  ( 1.000000000000000000, 0.000000000000000000, 0.000000000000000000 ) ) ;
#2386 = CARTESIAN_POINT ( 'NONE',  ( 2.878508968398376785E-16, 1.175240473580834388, -3.212499999999998579 ) ) ;
#2387 = CARTESIAN_POINT ( 'NONE',  ( -1.870113174931183375E-16, -1.527063293868263782, 2.334374999999999645 ) ) ;
#2388 = CARTESIAN_POINT ( 'NONE',  ( -1.017788105676657118, -0.5876202367904169721, -0.4833333333333321713 ) ) ;
#2389 = ORIENTED_EDGE ( 'NONE', *, *, #1683, .F. ) ;
#2390 = CARTESIAN_POINT ( 'NONE',  ( -0.6785254037844383745, -1.175240473580834166, 1.495833333333334014 ) ) ;
#2391 = DIRECTION ( 'NONE',  ( 0.000000000000000000, 0.000000000000000000, -1.000000000000000000 ) ) ;
#2392 = ORIENTED_EDGE ( 'NONE', *, *, #1987, .F. ) ;
#2393 = CARTESIAN_POINT ( 'NONE',  ( 0.1354586003203500644, 1.350171598233765424, 1.681957950966405102 ) ) ;
#2394 = CARTESIAN_POINT ( 'NONE',  ( 1.017788105676657562, 0.5876202367904164170, 2.766666666666667496 ) ) ;
#2395 = CARTESIAN_POINT ( 'NONE',  ( -0.5359958465575211939, 1.045896086241644651, 1.387499999999999512 ) ) ;
#2396 = CARTESIAN_POINT ( 'NONE',  ( 1.017788105676657562, 0.5876202367904164170, -1.295833333333332504 ) ) ;
#2397 = CARTESIAN_POINT ( 'NONE',  ( 1.500000000000000222, 1.836970198721030181E-16, 6.342640687119286191 ) ) ;
#2398 = CIRCLE ( 'NONE', #2985, 1.500000000000000222 ) ;
#2399 =( BOUNDED_CURVE ( )  B_SPLINE_CURVE ( 2, ( #590, #789, #1359, #523, #856, #2586, #302, #1341, #1051 ),
 .UNSPECIFIED., .F., .F. ) 
 B_SPLINE_CURVE_WITH_KNOTS ( ( 3, 2, 2, 2, 3 ),
 ( 0.5535714285714286031, 0.5595238095238095344, 0.5714285714285713969, 0.5833333333333333703, 0.5892857142857143016 ),
 .UNSPECIFIED. ) 
 CURVE ( )  GEOMETRIC_REPRESENTATION_ITEM ( )  RATIONAL_B_SPLINE_CURVE ( ( 0.9330127018922194093, 0.9330127018922194093, 1.000000000000000000, 0.8660254037844388186, 1.000000000000000000, 0.8660254037844388186, 1.000000000000000000, 0.9330127018922194093, 0.9330127018922194093 ) ) 
 REPRESENTATION_ITEM ( '' )  );
#2400 = EDGE_CURVE ( 'NONE', #3182, #2438, #1772, .T. ) ;
#2401 = CARTESIAN_POINT ( 'NONE',  ( 0.6785254037844385966, 1.175240473580834166, -2.754166666666665542 ) ) ;
#2402 = CARTESIAN_POINT ( 'NONE',  ( 0.8816504037844381525, -1.527063293868264449, 2.376041666666666163 ) ) ;
#2403 = CARTESIAN_POINT ( 'NONE',  ( -0.6785254037844383745, -1.175240473580834166, -0.4416666666666657082 ) ) ;
#2404 = ORIENTED_EDGE ( 'NONE', *, *, #2602, .T. ) ;
#2405 = DIRECTION ( 'NONE',  ( -1.000000000000000000, 0.000000000000000000, 0.000000000000000000 ) ) ;
#2406 = EDGE_CURVE ( 'NONE', #3004, #552, #458, .T. ) ;
#2407 = CARTESIAN_POINT ( 'NONE',  ( 0.8660254037844380415, -1.500000000000000444, -0.1708333333333327542 ) ) ;
#2408 = CARTESIAN_POINT ( 'NONE',  ( -1.017788105676657118, -0.5876202367904169721, 2.454166666666667496 ) ) ;
#2409 = CARTESIAN_POINT ( 'NONE',  ( -1.499999999999999334, 1.743066579297358255E-16, -1.275000000000000133 ) ) ;
#2410 = APPROVAL_ROLE ( '' ) ;
#2411 = DIRECTION ( 'NONE',  ( 0.000000000000000000, 0.000000000000000000, -1.000000000000000000 ) ) ;
#2412 = CARTESIAN_POINT ( 'NONE',  ( -1.794550807568877193, 1.098845451198261649E-16, -3.806249999999998579 ) ) ;
#2413 = CARTESIAN_POINT ( 'NONE',  ( 1.499999999999999334, -0.4019237886466844878, -3.047329099369260330 ) ) ;
#2414 = CARTESIAN_POINT ( 'NONE',  ( -1.017788105676657118, 0.5876202367904173052, -2.129166666666665986 ) ) ;
#2415 = CARTESIAN_POINT ( 'NONE',  ( -1.500000000000000222, 0.000000000000000000, 6.342640687119286191 ) ) ;
#2416 = APPLICATION_CONTEXT ( 'configuration controlled 3d designs of mechanical parts and assemblies' ) ;
#2417 = CARTESIAN_POINT ( 'NONE',  ( -1.299038105676657562, 0.7500000000000000000, -2.379166666666665542 ) ) ;
#2418 = CARTESIAN_POINT ( 'NONE',  ( 1.322475605676658672, 0.7635316469341310031, 1.001041666666666163 ) ) ;
#2419 = CARTESIAN_POINT ( 'NONE',  ( -0.6785254037844383745, -1.175240473580834166, -1.441666666666665986 ) ) ;
#2420 = EDGE_LOOP ( 'NONE', ( #1081, #721, #705, #2951 ) ) ;
#2421 = CARTESIAN_POINT ( 'NONE',  ( 2.989843845393450383, -0.2467376511840433939, 3.149999999999999911 ) ) ;
#2422 =( BOUNDED_CURVE ( )  B_SPLINE_CURVE ( 2, ( #3002, #1746, #1485, #1951, #2747, #2226, #3218, #2986, #483, #1498, #2498, #2178, #3184, #671, #1684, #416, #3233, #1437, #2440, #166, #1183, #3201, #948, #701, #1965, #2969, #2565, #1828, #3081, #1268, #3017, #2290, #2272, #10, #2793, #278, #1566, #782, #3047, #1794, #1548, #531, #1761, #3032, #2010, #2548, #294, #1301, #2307, #27, #1531, #2531, #1778, #516, #1581, #260, #1028, #3279, #1058, #2779, #1318, #1010, #3264, #767, #1043, #1514, #812, #2256, #2025, #1284, #2076, #2579, #995, #45, #2829, #564, #2761, #2515, #3063, #751, #499, #2059, #242, #798, #2043, #1811, #2323, #2812, #1251, #548, #1661, #111, #1111, #2143, #2113, #309, #1368, #3167, #2095, #3101, #1913, #2401, #1130, #362, #347, #3117, #1096, #832, #2611, #1630, #881, #125, #2386, #3152, #847, #1645, #1846, #1146, #2844, #2369, #1865, #2645, #2627, #95, #2128, #2594, #2864, #1383, #2897 ),
 .UNSPECIFIED., .F., .F. ) 
 B_SPLINE_CURVE_WITH_KNOTS ( ( 3, 2, 2, 2, 2, 2, 2, 2, 2, 2, 2, 2, 2, 2, 2, 2, 2, 2, 2, 2, 2, 2, 2, 2, 2, 2, 2, 2, 2, 2, 2, 2, 2, 2, 2, 2, 2, 2, 2, 2, 2, 2, 2, 2, 2, 2, 2, 2, 2, 2, 2, 2, 2, 2, 2, 2, 2, 2, 2, 2, 2, 2, 2, 2, 3 ),
 ( 0.1998393103283564176, 0.2023809523809523836, 0.2142857142857142738, 0.2261904761904761918, 0.2380952380952380820, 0.2500000000000000000, 0.2619047619047619180, 0.2738095238095238360, 0.2857142857142856984, 0.2976190476190476164, 0.3095238095238095344, 0.3214285714285714524, 0.3333333333333333148, 0.3452380952380952328, 0.3571428571428571508, 0.3690476190476190688, 0.3809523809523809312, 0.3928571428571429047, 0.4047619047619047672, 0.4166666666666666852, 0.4285714285714285476, 0.4404761904761904656, 0.4523809523809524391, 0.4642857142857143016, 0.4761904761904761640, 0.4880952380952381375, 0.5000000000000000000, 0.5119047619047618625, 0.5238095238095238360, 0.5357142857142855874, 0.5476190476190476719, 0.5595238095238095344, 0.5714285714285712858, 0.5833333333333333703, 0.5952380952380952328, 0.6071428571428570953, 0.6190476190476190688, 0.6309523809523809312, 0.6428571428571429047, 0.6547619047619047672, 0.6666666666666666297, 0.6785714285714286031, 0.6904761904761904656, 0.7023809523809523281, 0.7142857142857143016, 0.7261904761904761640, 0.7380952380952381375, 0.7500000000000000000, 0.7619047619047618625, 0.7738095238095238360, 0.7857142857142856984, 0.7976190476190476719, 0.8095238095238095344, 0.8214285714285713969, 0.8333333333333333703, 0.8452380952380952328, 0.8571428571428570953, 0.8690476190476189577, 0.8809523809523808202, 0.8928571428571429047, 0.9047619047619047672, 0.9166666666666666297, 0.9285714285714287142, 0.9404761904761905766, 0.9516714227963151140 ),
 .UNSPECIFIED. ) 
 CURVE ( )  GEOMETRIC_REPRESENTATION_ITEM ( )  RATIONAL_B_SPLINE_CURVE ( ( 0.9550068919397542988, 0.9713967007114331365, 1.000000000000000000, 0.8660254037844387076, 1.000000000000000000, 0.8660254037844387076, 1.000000000000000000, 0.8660254037844387076, 1.000000000000000000, 0.8660254037844387076, 1.000000000000000000, 0.8660254037844387076, 1.000000000000000000, 0.8660254037844387076, 1.000000000000000000, 0.8660254037844387076, 1.000000000000000000, 0.8660254037844387076, 1.000000000000000000, 0.8660254037844387076, 1.000000000000000000, 0.8660254037844387076, 1.000000000000000000, 0.8660254037844387076, 1.000000000000000000, 0.8660254037844387076, 1.000000000000000000, 0.8660254037844387076, 1.000000000000000000, 0.8660254037844387076, 1.000000000000000000, 0.8660254037844387076, 1.000000000000000000, 0.8660254037844387076, 1.000000000000000000, 0.8660254037844387076, 1.000000000000000000, 0.8660254037844387076, 1.000000000000000000, 0.8660254037844387076, 1.000000000000000000, 0.8660254037844387076, 1.000000000000000000, 0.8660254037844387076, 1.000000000000000000, 0.8660254037844387076, 1.000000000000000000, 0.8660254037844387076, 1.000000000000000000, 0.8660254037844387076, 1.000000000000000000, 0.8660254037844387076, 1.000000000000000000, 0.8660254037844387076, 1.000000000000000000, 0.8660254037844387076, 1.000000000000000000, 0.8660254037844387076, 1.000000000000000000, 0.8660254037844387076, 1.000000000000000000, 0.8660254037844387076, 1.000000000000000000, 0.8660254037844387076, 1.000000000000000000, 0.8660254037844387076, 1.000000000000000000, 0.8660254037844387076, 1.000000000000000000, 0.8660254037844387076, 1.000000000000000000, 0.8660254037844387076, 1.000000000000000000, 0.8660254037844387076, 1.000000000000000000, 0.8660254037844387076, 1.000000000000000000, 0.8660254037844387076, 1.000000000000000000, 0.8660254037844387076, 1.000000000000000000, 0.8660254037844387076, 1.000000000000000000, 0.8660254037844387076, 1.000000000000000000, 0.8660254037844387076, 1.000000000000000000, 0.8660254037844387076, 1.000000000000000000, 0.8660254037844387076, 1.000000000000000000, 0.8660254037844387076, 1.000000000000000000, 0.8660254037844387076, 1.000000000000000000, 0.8660254037844387076, 1.000000000000000000, 0.8660254037844387076, 1.000000000000000000, 0.8660254037844387076, 1.000000000000000000, 0.8660254037844387076, 1.000000000000000000, 0.8660254037844387076, 1.000000000000000000, 0.8660254037844387076, 1.000000000000000000, 0.8660254037844387076, 1.000000000000000000, 0.8660254037844387076, 1.000000000000000000, 0.8660254037844387076, 1.000000000000000000, 0.8660254037844387076, 1.000000000000000000, 0.8660254037844387076, 1.000000000000000000, 0.8660254037844387076, 1.000000000000000000, 0.8660254037844387076, 1.000000000000000000, 0.8660254037844387076, 1.000000000000000000, 0.8660254037844387076, 1.000000000000000000, 0.8660254037844387076, 1.000000000000000000, 0.8740103547112403337, 0.9849819120440231890 ) ) 
 REPRESENTATION_ITEM ( '' )  );
#2423 = CARTESIAN_POINT ( 'NONE',  ( -1.836970198721029194E-16, -1.499999999999999556, -0.2124999999999991340 ) ) ;
#2424 = CARTESIAN_POINT ( 'NONE',  ( 0.6785254037844385966, 1.175240473580834166, 1.745833333333334236 ) ) ;
#2425 = DIRECTION ( 'NONE',  ( 0.000000000000000000, 0.000000000000000000, -1.000000000000000000 ) ) ;
#2426 = ORIENTED_EDGE ( 'NONE', *, *, #749, .F. ) ;
#2427 = EDGE_CURVE ( 'NONE', #1139, #669, #2267, .T. ) ;
#2428 = DATE_TIME_ROLE ( 'classification_date' ) ;
#2429 = DIRECTION ( 'NONE',  ( -1.000000000000000000, 0.000000000000000000, 0.000000000000000000 ) ) ;
#2430 = CARTESIAN_POINT ( 'NONE',  ( -1.345913105676657784, 0.7770632938682638935, -3.847916666666665986 ) ) ;
#2431 = CARTESIAN_POINT ( 'NONE',  ( 1.299038105676657562, -0.7500000000000004441, -3.066666666666666874 ) ) ;
#2432 = CARTESIAN_POINT ( 'NONE',  ( -1.299038105676657562, 0.7500000000000000000, -1.879166666666666208 ) ) ;
#2433 = AXIS2_PLACEMENT_3D ( 'NONE', #352, #1870, #117 ) ;
#2434 = CARTESIAN_POINT ( 'NONE',  ( -1.794550807568877193, 1.098845451198261649E-16, 2.693750000000000977 ) ) ;
#2435 = VERTEX_POINT ( 'NONE', #2752 ) ;
#2436 = CARTESIAN_POINT ( 'NONE',  ( -1.763300807568877193, 1.079710344961584282E-16, -0.2906250000000005218 ) ) ;
#2437 = CARTESIAN_POINT ( 'NONE',  ( 0.6785254037844385966, 1.175240473580834166, -3.191666666666665986 ) ) ;
#2438 = VERTEX_POINT ( 'NONE', #2991 ) ;
#2439 = CARTESIAN_POINT ( 'NONE',  ( 0.000000000000000000, 0.000000000000000000, 6.342640687119286191 ) ) ;
#2440 = CARTESIAN_POINT ( 'NONE',  ( 1.017788105676657562, 0.5876202367904164170, 0.7041666666666676067 ) ) ;
#2441 = CARTESIAN_POINT ( 'NONE',  ( -0.6785254037844378194, 1.175240473580834388, -1.170833333333332282 ) ) ;
#2442 = CARTESIAN_POINT ( 'NONE',  ( -0.8660254037844380415, 1.499999999999999334, -2.858333333333332504 ) ) ;
#2443 = ORIENTED_EDGE ( 'NONE', *, *, #2639, .T. ) ;
#2444 = ORIENTED_EDGE ( 'NONE', *, *, #1418, .F. ) ;
#2445 = EDGE_CURVE ( 'NONE', #1062, #1654, #954, .T. ) ;
#2446 = CARTESIAN_POINT ( 'NONE',  ( 0.8660254037844392627, 1.499999999999999334, 0.9958333333333340143 ) ) ;
#2447 = CARTESIAN_POINT ( 'NONE',  ( -1.017788105676657118, 0.5876202367904173052, -0.06666666666666583307 ) ) ;
#2448 = CARTESIAN_POINT ( 'NONE',  ( 1.078016794385701749, -1.035535940671789001, 1.923769902092468342 ) ) ;
#2449 = CARTESIAN_POINT ( 'NONE',  ( -0.8660254037844387076, -1.499999999999998668, 1.308333333333332682 ) ) ;
#2450 = CARTESIAN_POINT ( 'NONE',  ( 0.8972754037844394848, 1.554126587736526899, 0.5270833333333342363 ) ) ;
#2451 = CARTESIAN_POINT ( 'NONE',  ( -1.439254484199188393E-16, -1.175240473580834388, 1.100000000000000977 ) ) ;
#2452 = CARTESIAN_POINT ( 'NONE',  ( -1.017788105676657118, -0.5876202367904169721, -3.983333333333331616 ) ) ;
#2453 = CARTESIAN_POINT ( 'NONE',  ( 2.987127885024430718, 0.2776675398847084919, 3.162820688349760267 ) ) ;
#2454 = VECTOR ( 'NONE', #989, 1000.000000000000000 ) ;
#2455 = CARTESIAN_POINT ( 'NONE',  ( 1.467524047358084394, 1.220146605508151000E-15, 1.893750000000001599 ) ) ;
#2456 = CARTESIAN_POINT ( 'NONE',  ( 1.357050807568875861, -2.492861891654331838E-16, -0.3374999999999988010 ) ) ;
#2457 = CARTESIAN_POINT ( 'NONE',  ( 1.499999999999999778, 6.943215207534476889E-15, -1.024999999999999689 ) ) ;
#2458 = AXIS2_PLACEMENT_3D ( 'NONE', #1424, #156, #2275 ) ;
#2459 = ORIENTED_EDGE ( 'NONE', *, *, #436, .T. ) ;
#2460 = VERTEX_POINT ( 'NONE', #1735 ) ;
#2461 = CARTESIAN_POINT ( 'NONE',  ( 1.499999999999999556, 3.108468733080288481E-15, -0.5249999999999998002 ) ) ;
#2462 = CARTESIAN_POINT ( 'NONE',  ( -0.6785254037844383745, -1.175240473580834166, 0.5583333333333343473 ) ) ;
#2463 = CARTESIAN_POINT ( 'NONE',  ( -0.3565212595364457004, -1.414484918006014835, 1.860961318080732063 ) ) ;
#2464 = CARTESIAN_POINT ( 'NONE',  ( 1.499999999999999556, 3.108468733080288876E-15, 0.9125000000000009770 ) ) ;
#2465 = CARTESIAN_POINT ( 'NONE',  ( 1.794550807568877193, -3.296536353594784206E-16, 0.4437500000000010325 ) ) ;
#2466 = ADVANCED_FACE ( 'NONE', ( #2720, #723 ), #2521, .T. ) ;
#2467 = ORIENTED_EDGE ( 'NONE', *, *, #2147, .T. ) ;
#2468 = DIRECTION ( 'NONE',  ( -1.000000000000000000, 0.000000000000000000, 0.000000000000000000 ) ) ;
#2469 = CARTESIAN_POINT ( 'NONE',  ( 2.878508968398376785E-16, 1.175240473580834388, 2.787500000000000977 ) ) ;
#2470 = CARTESIAN_POINT ( 'NONE',  ( -1.499999999999998446, -0.4019237886466854315, -0.2526709006307397143 ) ) ;
#2471 = LINE ( 'NONE', #1730, #1329 ) ;
#2472 = CARTESIAN_POINT ( 'NONE',  ( 0.6785254037844385966, 1.175240473580834166, -0.7541666666666654306 ) ) ;
#2473 = EDGE_LOOP ( 'NONE', ( #738, #1337, #528, #2467 ) ) ;
#2474 = ORIENTED_EDGE ( 'NONE', *, *, #667, .T. ) ;
#2475 = CALENDAR_DATE ( 2026, 11, 6 ) ;
#2476 = CARTESIAN_POINT ( 'NONE',  ( 1.299038105676658228, 0.7499999999999987788, -2.483333333333333393 ) ) ;
#2477 = CARTESIAN_POINT ( 'NONE',  ( 1.017788105676657562, 0.5876202367904164170, -1.233333333333332282 ) ) ;
#2478 = DIRECTION ( 'NONE',  ( -1.000000000000000000, 0.000000000000000000, -0.000000000000000000 ) ) ;
#2479 = CARTESIAN_POINT ( 'NONE',  ( -1.345913105676658006, -0.7770632938682633384, 2.235416666666667052 ) ) ;
#2480 = CARTESIAN_POINT ( 'NONE',  ( 0.000000000000000000, 0.000000000000000000, -3.899999999999999911 ) ) ;
#2481 = CARTESIAN_POINT ( 'NONE',  ( -1.017788105676657118, 0.5876202367904173052, 1.870833333333334236 ) ) ;
#2482 = EDGE_CURVE ( 'NONE', #2488, #2634, #1489, .T. ) ;
#2483 = CARTESIAN_POINT ( 'NONE',  ( -2.984962311319872885, 0.3000000000000002665, 3.270000000000001794 ) ) ;
#2484 = CARTESIAN_POINT ( 'NONE',  ( 1.167076592452274575, -0.6284009130928560616, -3.731478153966749201 ) ) ;
#2485 = CARTESIAN_POINT ( 'NONE',  ( -1.017788105676657118, -0.5876202367904169721, -0.04583333333333218518 ) ) ;
#2486 = CYLINDRICAL_SURFACE ( 'NONE', #494, 1.500000000000000222 ) ;
#2487 = EDGE_CURVE ( 'NONE', #1032, #503, #587, .T. ) ;
#2488 = VERTEX_POINT ( 'NONE', #2461 ) ;
#2489 = EDGE_LOOP ( 'NONE', ( #600, #2940, #2404, #213 ) ) ;
#2490 = CARTESIAN_POINT ( 'NONE',  ( 1.499999999999999556, -6.100733027540754016E-16, -1.087499999999999245 ) ) ;
#2491 = CARTESIAN_POINT ( 'NONE',  ( -0.6785254037844383745, -1.175240473580834166, -0.4416666666666657082 ) ) ;
#2492 = CARTESIAN_POINT ( 'NONE',  ( -1.150000000000001243, 1.622657008870243967E-16, -3.899999999999999911 ) ) ;
#2493 = CARTESIAN_POINT ( 'NONE',  ( -0.8972754037844382635, 1.554126587736527343, 2.110416666666667496 ) ) ;
#2494 = ORIENTED_EDGE ( 'NONE', *, *, #730, .T. ) ;
#2495 = CARTESIAN_POINT ( 'NONE',  ( -1.017788105676657118, -0.5876202367904169721, -1.983333333333332282 ) ) ;
#2496 = CARTESIAN_POINT ( 'NONE',  ( -1.357050807568875861, 8.309539638847774027E-17, 2.412500000000000977 ) ) ;
#2497 = CARTESIAN_POINT ( 'NONE',  ( 1.254358691797723635, -0.3236664902185165671, 1.578034785823789310 ) ) ;
#2498 = CARTESIAN_POINT ( 'NONE',  ( -1.439254484199188393E-16, -1.175240473580834388, 1.037500000000000977 ) ) ;
#2499 = CARTESIAN_POINT ( 'NONE',  ( 2.878508968398376785E-16, 1.175240473580834388, -1.712499999999999245 ) ) ;
#2500 = DIRECTION ( 'NONE',  ( -1.000000000000000000, 0.000000000000000000, 0.000000000000000000 ) ) ;
#2501 = CARTESIAN_POINT ( 'NONE',  ( -1.299038105676657562, 0.7500000000000000000, 1.120833333333334236 ) ) ;
#2502 = ORIENTED_EDGE ( 'NONE', *, *, #2639, .F. ) ;
#2503 = AXIS2_PLACEMENT_3D ( 'NONE', #522, #1801, #1589 ) ;
#2504 = ADVANCED_FACE ( 'NONE', ( #1242 ), #608, .T. ) ;
#2505 = DIRECTION ( 'NONE',  ( 0.000000000000000000, 0.000000000000000000, -1.000000000000000000 ) ) ;
#2506 =( BOUNDED_CURVE ( )  B_SPLINE_CURVE ( 2, ( #2848, #1602, #2597 ),
 .UNSPECIFIED., .F., .F. ) 
 B_SPLINE_CURVE_WITH_KNOTS ( ( 3, 3 ),
 ( 0.8392857142857143016, 0.8445664400501837754 ),
 .UNSPECIFIED. ) 
 CURVE ( )  GEOMETRIC_REPRESENTATION_ITEM ( )  RATIONAL_B_SPLINE_CURVE ( ( 0.9330127018922192983, 0.9330127018922192983, 0.9857354760343196576 ) ) 
 REPRESENTATION_ITEM ( '' )  );
#2507 = CARTESIAN_POINT ( 'NONE',  ( -2.984962311319860007, -0.2999999999999999334, 3.899999999999999911 ) ) ;
#2508 = CARTESIAN_POINT ( 'NONE',  ( -1.357050807568875861, 8.309539638847774027E-17, 0.9750000000000010880 ) ) ;
#2509 = CARTESIAN_POINT ( 'NONE',  ( 1.499999999999997780, 0.4019237886466867082, -0.5651709006307387151 ) ) ;
#2510 = CARTESIAN_POINT ( 'NONE',  ( -1.345913105676658006, -0.7770632938682633384, 0.2354166666666676344 ) ) ;
#2511 = ORIENTED_EDGE ( 'NONE', *, *, #1659, .T. ) ;
#2512 = CARTESIAN_POINT ( 'NONE',  ( 2.878508968398376785E-16, 1.175240473580834388, 0.3500000000000009215 ) ) ;
#2513 = CARTESIAN_POINT ( 'NONE',  ( -1.017788105676657118, 0.5876202367904173052, 0.3708333333333343473 ) ) ;
#2514 = CARTESIAN_POINT ( 'NONE',  ( -2.516783491176630694, 0.3000000000000000999, 3.900000000000000799 ) ) ;
#2515 = CARTESIAN_POINT ( 'NONE',  ( 0.6785254037844385966, 1.175240473580834166, -1.754166666666665542 ) ) ;
#2516 = CARTESIAN_POINT ( 'NONE',  ( -1.017788105676657118, -0.5876202367904169721, -2.045833333333332060 ) ) ;
#2517 = CARTESIAN_POINT ( 'NONE',  ( -1.500000000000000000, 0.4019237886466823229, -0.7973290993692599971 ) ) ;
#2518 = CARTESIAN_POINT ( 'NONE',  ( 1.299038105676658228, 0.7499999999999987788, -0.4833333333333335591 ) ) ;
#2519 = ORIENTED_EDGE ( 'NONE', *, *, #1864, .F. ) ;
#2520 = CARTESIAN_POINT ( 'NONE',  ( 0.8816504037844394848, 1.527063293868263338, -0.9572916666666672070 ) ) ;
#2521 = PLANE ( 'NONE',  #2092 ) ;
#2522 = ADVANCED_FACE ( 'NONE', ( #1752 ), #3223, .F. ) ;
#2523 = CARTESIAN_POINT ( 'NONE',  ( -1.017788105676657118, 0.5876202367904173052, -2.566666666666665542 ) ) ;
#2524 = CARTESIAN_POINT ( 'NONE',  ( 0.000000000000000000, 0.000000000000000000, 3.899999999999999911 ) ) ;
#2525 = CARTESIAN_POINT ( 'NONE',  ( -1.345913105676658006, -0.7770632938682633384, -0.7645833333333323933 ) ) ;
#2526 = VERTEX_POINT ( 'NONE', #971 ) ;
#2527 = CARTESIAN_POINT ( 'NONE',  ( 0.6785254037844385966, 1.175240473580834166, -1.691666666666665542 ) ) ;
#2528 = CARTESIAN_POINT ( 'NONE',  ( -0.6785254037844378194, 1.175240473580834388, 0.8291666666666677177 ) ) ;
#2529 = B_SPLINE_CURVE_WITH_KNOTS ( 'NONE', 3,
 ( #1092, #1346, #3130, #3148 ),
 .UNSPECIFIED., .F., .F.,
 ( 4, 4 ),
 ( 0.001638262443944051580, 0.002325449071140245003 ),
 .UNSPECIFIED. ) ;
#2530 = CARTESIAN_POINT ( 'NONE',  ( -0.8660254037844389297, -1.499999999999999334, -2.254166666666665986 ) ) ;
#2531 = CARTESIAN_POINT ( 'NONE',  ( -0.6785254037844379305, 1.175240473580834388, -0.6708333333333321713 ) ) ;
#2532 = CARTESIAN_POINT ( 'NONE',  ( -1.357050807568875861, 8.309539638847774027E-17, -2.587499999999999023 ) ) ;
#2533 = CARTESIAN_POINT ( 'NONE',  ( 1.357050807568875861, -2.492861891654331838E-16, 2.225000000000000977 ) ) ;
#2534 = DIRECTION ( 'NONE',  ( 0.000000000000000000, 0.000000000000000000, -1.000000000000000000 ) ) ;
#2535 = ORIENTED_EDGE ( 'NONE', *, *, #2563, .T. ) ;
#2536 = AXIS2_PLACEMENT_3D ( 'NONE', #451, #1117, #1900 ) ;
#2537 = CARTESIAN_POINT ( 'NONE',  ( 3.740226349862366751E-16, 1.527063293868263782, -1.915625000000000577 ) ) ;
#2538 = FACE_OUTER_BOUND ( 'NONE', #2948, .T. ) ;
#2539 = CARTESIAN_POINT ( 'NONE',  ( -0.2290847997662126823, 1.268820502276918560, -3.763370716969751673 ) ) ;
#2540 = CARTESIAN_POINT ( 'NONE',  ( -0.6785254037844383745, -1.175240473580834166, -1.441666666666665986 ) ) ;
#2541 = CARTESIAN_POINT ( 'NONE',  ( 0.000000000000000000, -0.2999999999999999334, 3.899999999999999911 ) ) ;
#2542 =( BOUNDED_CURVE ( )  B_SPLINE_CURVE ( 2, ( #475, #2945, #409, #2963, #1724, #2218, #2432, #3258, #204 ),
 .UNSPECIFIED., .F., .F. ) 
 B_SPLINE_CURVE_WITH_KNOTS ( ( 3, 2, 2, 2, 3 ),
 ( 0.2678571428571429047, 0.2738095238095238360, 0.2857142857142856984, 0.2976190476190476719, 0.3035714285714286031 ),
 .UNSPECIFIED. ) 
 CURVE ( )  GEOMETRIC_REPRESENTATION_ITEM ( )  RATIONAL_B_SPLINE_CURVE ( ( 0.9330127018922192983, 0.9330127018922198534, 1.000000000000000000, 0.8660254037844385966, 1.000000000000000000, 0.8660254037844385966, 1.000000000000000000, 0.9330127018922192983, 0.9330127018922192983 ) ) 
 REPRESENTATION_ITEM ( '' )  );
#2543 = CARTESIAN_POINT ( 'NONE',  ( 0.8972754037844380415, -1.554126587736527787, -1.639583333333332282 ) ) ;
#2544 = ORIENTED_EDGE ( 'NONE', *, *, #2064, .F. ) ;
#2545 = CARTESIAN_POINT ( 'NONE',  ( 1.357050807568876083, -2.492861891654331838E-16, -0.7749999999999988010 ) ) ;
#2546 = CARTESIAN_POINT ( 'NONE',  ( 2.878508968398376785E-16, 1.175240473580834388, 0.7875000000000008660 ) ) ;
#2547 = CARTESIAN_POINT ( 'NONE',  ( -0.7214313153516718202, -0.9950642491562277092, 1.462253731757685804 ) ) ;
#2548 = CARTESIAN_POINT ( 'NONE',  ( 0.6785254037844375974, -1.175240473580834610, -0.4208333333333325044 ) ) ;
#2549 = CARTESIAN_POINT ( 'NONE',  ( 2.878508968398376785E-16, 1.175240473580834388, -2.212499999999998579 ) ) ;
#2550 = CARTESIAN_POINT ( 'NONE',  ( 0.6785254037844375974, -1.175240473580834610, 0.6416666666666677177 ) ) ;
#2551 = CARTESIAN_POINT ( 'NONE',  ( -2.987642906434317958, -0.2720107785230234665, 3.159252487170799206 ) ) ;
#2552 = ORIENTED_EDGE ( 'NONE', *, *, #2042, .T. ) ;
#2553 = CARTESIAN_POINT ( 'NONE',  ( -1.322475605676658006, 0.7635316469341321133, -2.832291666666666874 ) ) ;
#2554 = CYLINDRICAL_SURFACE ( 'NONE', #849, 1.500000000000000222 ) ;
#2555 = CARTESIAN_POINT ( 'NONE',  ( 1.499999999999999556, -6.100733027540754016E-16, -1.587499999999999245 ) ) ;
#2556 = CARTESIAN_POINT ( 'NONE',  ( 1.017788105676656896, -0.5876202367904177493, -2.816666666666665542 ) ) ;
#2557 = CARTESIAN_POINT ( 'NONE',  ( 1.299038105676657340, -0.7500000000000003331, 0.8708333333333340143 ) ) ;
#2558 = CARTESIAN_POINT ( 'NONE',  ( -1.186065791128140479, -2.934162075150553272E-15, 1.406250000000000888 ) ) ;
#2559 = CARTESIAN_POINT ( 'NONE',  ( 0.8972754037844394848, 1.554126587736526899, -1.472916666666665764 ) ) ;
#2560 = ORIENTED_EDGE ( 'NONE', *, *, #708, .T. ) ;
#2561 = CARTESIAN_POINT ( 'NONE',  ( -0.6785254037844382635, -1.175240473580834166, -0.9416666666666659857 ) ) ;
#2562 = CARTESIAN_POINT ( 'NONE',  ( 1.017788105676656896, -0.5876202367904177493, 1.620833333333334458 ) ) ;
#2563 = EDGE_CURVE ( 'NONE', #1681, #3260, #1523, .T. ) ;
#2564 = CARTESIAN_POINT ( 'NONE',  ( -1.499999999999999334, -7.320879633048904819E-15, -2.337499999999999023 ) ) ;
#2565 = CARTESIAN_POINT ( 'NONE',  ( -1.017788105676657118, 0.5876202367904173052, 0.3708333333333343473 ) ) ;
#2566 = CARTESIAN_POINT ( 'NONE',  ( 1.763300807568877193, -3.239131034884752599E-16, 2.459374999999999645 ) ) ;
#2567 = CARTESIAN_POINT ( 'NONE',  ( 1.017788105676657562, 0.5876202367904164170, 2.266666666666667496 ) ) ;
#2568 = CARTESIAN_POINT ( 'NONE',  ( 1.299038105676657340, -0.7500000000000003331, -0.6291666666666658747 ) ) ;
#2569 = ORIENTED_EDGE ( 'NONE', *, *, #2644, .T. ) ;
#2570 = CARTESIAN_POINT ( 'NONE',  ( 1.763300807568877193, -3.239131034884752599E-16, -1.040625000000000355 ) ) ;
#2571 = CARTESIAN_POINT ( 'NONE',  ( 0.000000000000000000, 0.000000000000000000, 3.270000000000000462 ) ) ;
#2572 = CARTESIAN_POINT ( 'NONE',  ( -0.8816504037844392627, -1.527063293868263338, -4.207291666666667318 ) ) ;
#2573 = CARTESIAN_POINT ( 'NONE',  ( -0.6785254037844378194, 1.175240473580834388, -2.108333333333332060 ) ) ;
#2574 = DIRECTION ( 'NONE',  ( 0.000000000000000000, 0.000000000000000000, -1.000000000000000000 ) ) ;
#2575 = CARTESIAN_POINT ( 'NONE',  ( 1.345913105676658450, 0.7770632938682625612, -2.514583333333332060 ) ) ;
#2576 = CC_DESIGN_PERSON_AND_ORGANIZATION_ASSIGNMENT ( #840, #2603, ( #2863 ) ) ;
#2577 = CARTESIAN_POINT ( 'NONE',  ( 1.017788105676656896, -0.5876202367904177493, -3.316666666666665098 ) ) ;
#2578 = CARTESIAN_POINT ( 'NONE',  ( 0.6785254037844385966, 1.175240473580834166, 1.745833333333334236 ) ) ;
#2579 = CARTESIAN_POINT ( 'NONE',  ( -0.6785254037844382635, -1.175240473580834166, -1.504166666666665764 ) ) ;
#2580 = CARTESIAN_POINT ( 'NONE',  ( -1.439254484199188393E-16, -1.175240473580834388, -2.962499999999998579 ) ) ;
#2581 = CARTESIAN_POINT ( 'NONE',  ( 1.017788105676657562, 0.5876202367904164170, 2.766666666666667496 ) ) ;
#2582 = CARTESIAN_POINT ( 'NONE',  ( 0.000000000000000000, 0.000000000000000000, 6.342640687119286191 ) ) ;
#2583 = ORIENTED_EDGE ( 'NONE', *, *, #382, .T. ) ;
#2584 = CARTESIAN_POINT ( 'NONE',  ( 1.763300807568877193, -3.239131034884752599E-16, -2.540624999999999911 ) ) ;
#2585 = DIRECTION ( 'NONE',  ( -1.000000000000000000, 0.000000000000000000, 0.000000000000000000 ) ) ;
#2586 = CARTESIAN_POINT ( 'NONE',  ( 0.8660254037844390407, 1.499999999999998668, -1.441666666666666208 ) ) ;
#2587 = AXIS2_PLACEMENT_3D ( 'NONE', #2480, #3196, #2982 ) ;
#2588 = CARTESIAN_POINT ( 'NONE',  ( 2.987130002997323786, -0.2775866444791784127, 3.163232017824201492 ) ) ;
#2589 = CARTESIAN_POINT ( 'NONE',  ( -1.398050394926735329, 0.1757567819944526599, 1.773418104195769063 ) ) ;
#2590 = CARTESIAN_POINT ( 'NONE',  ( 1.794550807568877193, -3.296536353594784206E-16, -0.5562499999999990230 ) ) ;
#2591 = CARTESIAN_POINT ( 'NONE',  ( 1.339542832461883215, 0.6749999999999954925, 1.950000000000000178 ) ) ;
#2592 = CARTESIAN_POINT ( 'NONE',  ( 2.878508968398376785E-16, 1.175240473580834388, -1.212499999999999245 ) ) ;
#2593 = CARTESIAN_POINT ( 'NONE',  ( -1.836970198721029194E-16, -1.499999999999999556, -2.212499999999999023 ) ) ;
#2594 = CARTESIAN_POINT ( 'NONE',  ( 0.6785254037844385966, 1.175240473580834166, -3.754166666666665542 ) ) ;
#2595 = CARTESIAN_POINT ( 'NONE',  ( -1.870113174931183375E-16, -1.527063293868263782, 0.8343749999999994227 ) ) ;
#2596 = CARTESIAN_POINT ( 'NONE',  ( -1.017788105676657118, 0.5876202367904173052, 2.433333333333334014 ) ) ;
#2597 = CARTESIAN_POINT ( 'NONE',  ( 1.339542832461883215, 0.6749999999999954925, 1.950000000000000178 ) ) ;
#2598 = VERTEX_POINT ( 'NONE', #2976 ) ;
#2599 = CARTESIAN_POINT ( 'NONE',  ( -1.299038105676657784, -0.7499999999999993339, -3.295833333333331616 ) ) ;
#2600 = CARTESIAN_POINT ( 'NONE',  ( -1.499999999999999556, -0.4019237886466837661, -3.252670900630739936 ) ) ;
#2601 = CARTESIAN_POINT ( 'NONE',  ( 1.339542832461899424, 0.6749999999999637401, -3.550000000000001155 ) ) ;
#2602 = EDGE_CURVE ( 'NONE', #2030, #1387, #2280, .T. ) ;
#2603 = PERSON_AND_ORGANIZATION_ROLE ( 'creator' ) ;
#2604 = CARTESIAN_POINT ( 'NONE',  ( -0.8641620662714490919, 1.069435845691032227, 1.728489408449859432 ) ) ;
#2605 = AXIS2_PLACEMENT_3D ( 'NONE', #3273, #2574, #1557 ) ;
#2606 = CARTESIAN_POINT ( 'NONE',  ( 1.357050807568875861, -2.492861891654331838E-16, 2.725000000000000977 ) ) ;
#2607 = CARTESIAN_POINT ( 'NONE',  ( 1.299038105676657562, -0.7500000000000004441, -2.566666666666666874 ) ) ;
#2608 =( BOUNDED_CURVE ( )  B_SPLINE_CURVE ( 2, ( #1057, #2289, #3046, #1793, #1075, #563, #2792, #797, #327 ),
 .UNSPECIFIED., .F., .F. ) 
 B_SPLINE_CURVE_WITH_KNOTS ( ( 3, 2, 2, 2, 3 ),
 ( 0.5535714285714286031, 0.5595238095238095344, 0.5714285714285713969, 0.5833333333333332593, 0.5892857142857143016 ),
 .UNSPECIFIED. ) 
 CURVE ( )  GEOMETRIC_REPRESENTATION_ITEM ( )  RATIONAL_B_SPLINE_CURVE ( ( 0.9330127018922192983, 0.9330127018922192983, 1.000000000000000000, 0.8660254037844385966, 1.000000000000000000, 0.8660254037844385966, 1.000000000000000000, 0.9330127018922187432, 0.9330127018922192983 ) ) 
 REPRESENTATION_ITEM ( '' )  );
#2609 = CARTESIAN_POINT ( 'NONE',  ( -1.017788105676657118, 0.5876202367904173052, -2.629166666666665542 ) ) ;
#2610 = DIRECTION ( 'NONE',  ( 0.000000000000000000, 0.000000000000000000, -1.000000000000000000 ) ) ;
#2611 = CARTESIAN_POINT ( 'NONE',  ( -1.017788105676657118, -0.5876202367904169721, -3.045833333333332060 ) ) ;
#2612 = CARTESIAN_POINT ( 'NONE',  ( -1.763300807568877193, 1.079710344961584282E-16, 1.709374999999999645 ) ) ;
#2613 = CARTESIAN_POINT ( 'NONE',  ( -1.439254484199188393E-16, -1.175240473580834388, -2.399999999999999023 ) ) ;
#2614 = CARTESIAN_POINT ( 'NONE',  ( 0.000000000000000000, 0.000000000000000000, 3.149999999999999911 ) ) ;
#2615 = EDGE_LOOP ( 'NONE', ( #1535, #2494, #464, #1239 ) ) ;
#2616 = CARTESIAN_POINT ( 'NONE',  ( 0.000000000000000000, 0.000000000000000000, 3.899999999999999911 ) ) ;
#2617 = CARTESIAN_POINT ( 'NONE',  ( -1.357050807568875861, 8.309539638847774027E-17, 0.9125000000000009770 ) ) ;
#2618 = CARTESIAN_POINT ( 'NONE',  ( 1.086304484669394999, 0.5689263029575195585, -3.826561337247012418 ) ) ;
#2619 = CARTESIAN_POINT ( 'NONE',  ( 0.000000000000000000, 0.000000000000000000, 3.899999999999999911 ) ) ;
#2620 = EDGE_CURVE ( 'NONE', #2653, #1681, #1463, .T. ) ;
#2621 = CARTESIAN_POINT ( 'NONE',  ( 1.299224183974000191, 0.1759463180590820353, 1.602246085711831691 ) ) ;
#2622 = CARTESIAN_POINT ( 'NONE',  ( 1.357050807568875861, -2.492861891654331838E-16, 2.225000000000000977 ) ) ;
#2623 = CARTESIAN_POINT ( 'NONE',  ( 1.017788105676657562, 0.5876202367904164170, -3.233333333333332504 ) ) ;
#2624 = CARTESIAN_POINT ( 'NONE',  ( -1.439254484199188393E-16, -1.175240473580834388, -3.462499999999999023 ) ) ;
#2625 = CARTESIAN_POINT ( 'NONE',  ( -1.299038105676657562, 0.7500000000000000000, 1.620833333333333792 ) ) ;
#2626 =( BOUNDED_CURVE ( )  B_SPLINE_CURVE ( 2, ( #1436, #1426, #2705, #725, #2925, #1159, #2557, #2862, #2947 ),
 .UNSPECIFIED., .F., .F. ) 
 B_SPLINE_CURVE_WITH_KNOTS ( ( 3, 2, 2, 2, 3 ),
 ( 0.6607142857142858094, 0.6666666666666667407, 0.6785714285714286031, 0.6904761904761904656, 0.6964285714285713969 ),
 .UNSPECIFIED. ) 
 CURVE ( )  GEOMETRIC_REPRESENTATION_ITEM ( )  RATIONAL_B_SPLINE_CURVE ( ( 0.9330127018922192983, 0.9330127018922198534, 1.000000000000000000, 0.8660254037844385966, 1.000000000000000000, 0.8660254037844385966, 1.000000000000000000, 0.9330127018922192983, 0.9330127018922192983 ) ) 
 REPRESENTATION_ITEM ( '' )  );
#2627 = CARTESIAN_POINT ( 'NONE',  ( -1.017788105676657118, 0.5876202367904173052, -3.629166666666665542 ) ) ;
#2628 = CARTESIAN_POINT ( 'NONE',  ( 1.322475605676658672, 0.7635316469341310031, 0.001041666666666118263 ) ) ;
#2629 = CARTESIAN_POINT ( 'NONE',  ( -0.6785254037844383745, -1.175240473580834166, -2.441666666666665542 ) ) ;
#2630 = ORIENTED_EDGE ( 'NONE', *, *, #2152, .F. ) ;
#2631 = CARTESIAN_POINT ( 'NONE',  ( 1.299038105676658228, 0.7499999999999987788, 0.5166666666666666075 ) ) ;
#2632 = CARTESIAN_POINT ( 'NONE',  ( 2.878508968398376785E-16, 1.175240473580834388, 2.287500000000000977 ) ) ;
#2633 = CARTESIAN_POINT ( 'NONE',  ( -2.984962311319860007, -0.2999999999999998224, 3.209999999999999964 ) ) ;
#2634 = VERTEX_POINT ( 'NONE', #1503 ) ;
#2635 = DESIGN_CONTEXT ( 'detailed design', #2416, 'design' ) ;
#2636 = PERSON_AND_ORGANIZATION ( #3018, #2721 ) ;
#2637 = CARTESIAN_POINT ( 'NONE',  ( -0.4769740690451362841, 1.277217006803733845, 1.708396030431124535 ) ) ;
#2638 = CARTESIAN_POINT ( 'NONE',  ( 1.017788105676657562, 0.5876202367904164170, 1.266666666666667718 ) ) ;
#2639 = EDGE_CURVE ( 'NONE', #1873, #1983, #1224, .T. ) ;
#2640 = CIRCLE ( 'NONE', #1647, 1.150000000000001243 ) ;
#2641 = CARTESIAN_POINT ( 'NONE',  ( 2.878508968398376785E-16, 1.175240473580834388, -2.649999999999999023 ) ) ;
#2642 = CARTESIAN_POINT ( 'NONE',  ( 1.357050807568875861, -2.492861891654331838E-16, -3.337499999999999023 ) ) ;
#2643 = CARTESIAN_POINT ( 'NONE',  ( 1.345913105676657562, -0.7770632938682643376, 2.902083333333334014 ) ) ;
#2644 = EDGE_CURVE ( 'NONE', #3275, #3182, #2230, .T. ) ;
#2645 = CARTESIAN_POINT ( 'NONE',  ( -1.357050807568876083, 8.309539638847774027E-17, -3.587499999999999023 ) ) ;
#2646 = CARTESIAN_POINT ( 'NONE',  ( -1.322475605676658228, -0.7635316469341315582, -0.2489583333333336701 ) ) ;
#2647 = CARTESIAN_POINT ( 'NONE',  ( 1.357050807568875861, -2.492861891654331838E-16, -1.774999999999999467 ) ) ;
#2648 = ORIENTED_EDGE ( 'NONE', *, *, #744, .F. ) ;
#2649 = CARTESIAN_POINT ( 'NONE',  ( 0.5218545503288071208, -1.064294131431661183, -3.874759526419164768 ) ) ;
#2650 = CARTESIAN_POINT ( 'NONE',  ( -1.836970198721029194E-16, -1.499999999999999556, -3.212499999999999023 ) ) ;
#2651 = DIRECTION ( 'NONE',  ( 0.000000000000000000, 0.000000000000000000, -1.000000000000000000 ) ) ;
#2652 = CARTESIAN_POINT ( 'NONE',  ( 1.430908802125417045, -0.4500000000000016209, -3.550000000000000711 ) ) ;
#2653 = VERTEX_POINT ( 'NONE', #1854 ) ;
#2654 = ORIENTED_EDGE ( 'NONE', *, *, #2068, .T. ) ;
#2655 = DIRECTION ( 'NONE',  ( 1.000000000000000000, 0.000000000000000000, 0.000000000000000000 ) ) ;
#2656 = CARTESIAN_POINT ( 'NONE',  ( -1.299038105676657784, -0.7499999999999995559, -1.233333333333333393 ) ) ;
#2657 = CARTESIAN_POINT ( 'NONE',  ( -0.8972754037844390407, -1.554126587736526899, -3.722916666666665542 ) ) ;
#2658 = CARTESIAN_POINT ( 'NONE',  ( -1.264971486751448104, -0.6664016674835746556, 1.810611100430088438 ) ) ;
#2659 = CARTESIAN_POINT ( 'NONE',  ( -1.439254484199188393E-16, -1.175240473580834388, -0.9624999999999989120 ) ) ;
#2660 = DIRECTION ( 'NONE',  ( 0.000000000000000000, 0.000000000000000000, -1.000000000000000000 ) ) ;
#2661 = VECTOR ( 'NONE', #1120, 1000.000000000000000 ) ;
#2662 = CARTESIAN_POINT ( 'NONE',  ( 0.6785254037844385966, 1.175240473580834166, 0.8083333333333343473 ) ) ;
#2663 = CARTESIAN_POINT ( 'NONE',  ( 3.740226349862366751E-16, 1.527063293868263782, 2.084374999999999645 ) ) ;
#2664 = CARTESIAN_POINT ( 'NONE',  ( -1.017788105676657118, 0.5876202367904173052, -0.5666666666666654306 ) ) ;
#2665 = EDGE_CURVE ( 'NONE', #2198, #1116, #885, .T. ) ;
#2666 = ORIENTED_EDGE ( 'NONE', *, *, #892, .F. ) ;
#2667 = CARTESIAN_POINT ( 'NONE',  ( 2.985508974534699433, -0.2945315455389828085, 3.184087024320178205 ) ) ;
#2668 = CARTESIAN_POINT ( 'NONE',  ( -1.499999999999999334, 2.324088772396477673E-16, -3.337499999999999023 ) ) ;
#2669 = CARTESIAN_POINT ( 'NONE',  ( -0.6785254037844383745, -1.175240473580834166, 2.495833333333334014 ) ) ;
#2670 = CARTESIAN_POINT ( 'NONE',  ( -2.987618334605197212, 0.2723316726485739969, 3.159008684920879162 ) ) ;
#2671 = DATE_AND_TIME ( #691, #2201 ) ;
#2672 = CARTESIAN_POINT ( 'NONE',  ( -1.499999999999999334, -3.486133158594716806E-15, 1.162500000000000755 ) ) ;
#2673 = CARTESIAN_POINT ( 'NONE',  ( -1.017788105676657118, 0.5876202367904173052, 2.433333333333334014 ) ) ;
#2674 = CARTESIAN_POINT ( 'NONE',  ( -1.836970198721029688E-16, -1.499999999999999556, -3.149999999999999467 ) ) ;
#2675 = DIRECTION ( 'NONE',  ( 1.000000000000000000, 0.000000000000000000, 0.000000000000000000 ) ) ;
#2676 = CARTESIAN_POINT ( 'NONE',  ( 0.8972754037844380415, -1.554126587736527787, 2.860416666666667496 ) ) ;
#2677 = PLANE ( 'NONE',  #2587 ) ;
#2678 = CARTESIAN_POINT ( 'NONE',  ( -0.8816504037844392627, -1.527063293868263338, -0.7072916666666672070 ) ) ;
#2679 = CARTESIAN_POINT ( 'NONE',  ( -0.6785254037844378194, 1.175240473580834388, -0.1083333333333322407 ) ) ;
#2680 = EDGE_LOOP ( 'NONE', ( #998, #2146, #1206, #985 ) ) ;
#2681 = CARTESIAN_POINT ( 'NONE',  ( 2.988166342686106258, -0.2662754125859768117, 3.155640207751730930 ) ) ;
#2682 = EDGE_CURVE ( 'NONE', #816, #1215, #2900, .T. ) ;
#2683 = CARTESIAN_POINT ( 'NONE',  ( -1.232786575934724294, -0.3578701962531476988, 1.554047869519603831 ) ) ;
#2684 = CARTESIAN_POINT ( 'NONE',  ( 2.878508968398376785E-16, 1.175240473580834388, 1.287500000000000977 ) ) ;
#2685 = CARTESIAN_POINT ( 'NONE',  ( -1.500000000000000222, 0.000000000000000000, 6.342640687119286191 ) ) ;
#2686 = EDGE_LOOP ( 'NONE', ( #697, #184, #1888, #2733, #365, #2377, #3028, #2569, #835, #229 ) ) ;
#2687 = VERTEX_POINT ( 'NONE', #2161 ) ;
#2688 = CARTESIAN_POINT ( 'NONE',  ( 0.000000000000000000, 0.000000000000000000, 6.342640687119286191 ) ) ;
#2689 = CARTESIAN_POINT ( 'NONE',  ( 1.357050807568875861, -2.492861891654331838E-16, -1.274999999999998579 ) ) ;
#2690 = CARTESIAN_POINT ( 'NONE',  ( -1.499999999999997335, -0.4019237886466871523, 1.184829099369260952 ) ) ;
#2691 = CARTESIAN_POINT ( 'NONE',  ( 1.499999999999999778, 6.943215207534476889E-15, -2.524999999999999023 ) ) ;
#2692 = AXIS2_PLACEMENT_3D ( 'NONE', #3200, #1388, #2177 ) ;
#2693 = CARTESIAN_POINT ( 'NONE',  ( 0.8972754037844394848, 1.554126587736526899, 1.527083333333334236 ) ) ;
#2694 = CARTESIAN_POINT ( 'NONE',  ( 1.017788105676656896, -0.5876202367904177493, 1.183333333333334458 ) ) ;
#2695 = CARTESIAN_POINT ( 'NONE',  ( -0.6785254037844378194, 1.175240473580834388, -3.608333333333332060 ) ) ;
#2696 = CARTESIAN_POINT ( 'NONE',  ( -2.968637069762200209, 0.3000000000000002109, 3.434789435786963718 ) ) ;
#2697 = CARTESIAN_POINT ( 'NONE',  ( -0.3544606501651423325, -1.297002036039405892, 1.675600783244864944 ) ) ;
#2698 = CARTESIAN_POINT ( 'NONE',  ( -1.439254484199188393E-16, -1.175240473580834388, 0.03750000000000107414 ) ) ;
#2699 = CARTESIAN_POINT ( 'NONE',  ( 1.299038105676658228, 0.7499999999999987788, -0.9833333333333335036 ) ) ;
#2700 = ORIENTED_EDGE ( 'NONE', *, *, #1559, .F. ) ;
#2701 = ORIENTED_EDGE ( 'NONE', *, *, #3052, .F. ) ;
#2702 = CARTESIAN_POINT ( 'NONE',  ( 2.350935983815807706, 0.3000000000000001554, 3.899999999999999911 ) ) ;
#2703 = ADVANCED_FACE ( 'NONE', ( #384 ), #901, .T. ) ;
#2704 = CARTESIAN_POINT ( 'NONE',  ( 0.6785254037844375974, -1.175240473580834610, -1.358333333333332282 ) ) ;
#2705 = CARTESIAN_POINT ( 'NONE',  ( -1.299038105676657784, -0.7499999999999993339, 0.7041666666666673846 ) ) ;
#2706 = DIRECTION ( 'NONE',  ( 1.000000000000000000, 0.000000000000000000, 0.000000000000000000 ) ) ;
#2707 = CARTESIAN_POINT ( 'NONE',  ( 1.357050807568875861, -2.492861891654331838E-16, -3.837499999999998135 ) ) ;
#2708 = CARTESIAN_POINT ( 'NONE',  ( -1.903256151141336323E-16, -1.554126587736527343, 0.8187500000000006439 ) ) ;
#2709 = CARTESIAN_POINT ( 'NONE',  ( -1.017788105676657118, -0.5876202367904169721, 0.5166666666666676067 ) ) ;
#2710 = CARTESIAN_POINT ( 'NONE',  ( -0.6785254037844383745, -1.175240473580834166, 2.495833333333334014 ) ) ;
#2711 = CARTESIAN_POINT ( 'NONE',  ( 1.499999999999999556, -6.100733027540754016E-16, -0.02500000000000003955 ) ) ;
#2712 = AXIS2_PLACEMENT_3D ( 'NONE', #727, #3087, #2585 ) ;
#2713 = CARTESIAN_POINT ( 'NONE',  ( -1.499999999999999334, 2.324088772396477673E-16, -1.337499999999999023 ) ) ;
#2714 = FACE_OUTER_BOUND ( 'NONE', #471, .T. ) ;
#2715 = CARTESIAN_POINT ( 'NONE',  ( -0.6785254037844378194, 1.175240473580834388, -0.1708333333333322823 ) ) ;
#2716 = CARTESIAN_POINT ( 'NONE',  ( 1.499999999999999556, -6.100733027540754016E-16, -2.024999999999999911 ) ) ;
#2717 = VECTOR ( 'NONE', #506, 1000.000000000000000 ) ;
#2718 = ORIENTED_EDGE ( 'NONE', *, *, #251, .T. ) ;
#2719 = EDGE_LOOP ( 'NONE', ( #1869, #2884 ) ) ;
#2720 = FACE_BOUND ( 'NONE', #2719, .T. ) ;
#2721 = ORGANIZATION ( 'UNSPECIFIED', 'UNSPECIFIED', '' ) ;
#2722 = CARTESIAN_POINT ( 'NONE',  ( 1.357050807568875861, -2.492861891654331838E-16, -0.2749999999999987454 ) ) ;
#2723 = ADVANCED_FACE ( 'NONE', ( #1697 ), #1435, .T. ) ;
#2724 = CARTESIAN_POINT ( 'NONE',  ( 0.000000000000000000, 0.000000000000000000, 6.342640687119286191 ) ) ;
#2725 = CARTESIAN_POINT ( 'NONE',  ( 1.017788105676656896, -0.5876202367904177493, -3.879166666666665542 ) ) ;
#2726 = CARTESIAN_POINT ( 'NONE',  ( -1.345913105676657784, 0.7770632938682638935, 0.1520833333333339310 ) ) ;
#2727 = CARTESIAN_POINT ( 'NONE',  ( -0.2836043600110658702, 1.175240473580834166, 1.367415484030350514 ) ) ;
#2728 = CARTESIAN_POINT ( 'NONE',  ( -1.357050807568875861, 8.309539638847774027E-17, 1.912500000000000977 ) ) ;
#2729 = CYLINDRICAL_SURFACE ( 'NONE', #225, 1.500000000000000222 ) ;
#2730 = CARTESIAN_POINT ( 'NONE',  ( 1.354521263168906087, -0.2649126012480698678, -3.676494340700288355 ) ) ;
#2731 = CARTESIAN_POINT ( 'NONE',  ( 2.878508968398376785E-16, 1.175240473580834388, -0.7124999999999991340 ) ) ;
#2732 = DIRECTION ( 'NONE',  ( -1.000000000000000000, 0.000000000000000000, 0.000000000000000000 ) ) ;
#2733 = ORIENTED_EDGE ( 'NONE', *, *, #1379, .T. ) ;
#2734 = ORIENTED_EDGE ( 'NONE', *, *, #2225, .T. ) ;
#2735 =( BOUNDED_CURVE ( )  B_SPLINE_CURVE ( 2, ( #3190, #1925, #3243, #461, #925, #2449, #174, #1480, #958 ),
 .UNSPECIFIED., .F., .F. ) 
 B_SPLINE_CURVE_WITH_KNOTS ( ( 3, 2, 2, 2, 3 ),
 ( 0.1607142857142856984, 0.1666666666666666574, 0.1785714285714285754, 0.1904761904761904656, 0.1964285714285714246 ),
 .UNSPECIFIED. ) 
 CURVE ( )  GEOMETRIC_REPRESENTATION_ITEM ( )  RATIONAL_B_SPLINE_CURVE ( ( 0.9330127018922192983, 0.9330127018922191873, 1.000000000000000000, 0.8660254037844388186, 1.000000000000000000, 0.8660254037844388186, 1.000000000000000000, 0.9330127018922194093, 0.9330127018922194093 ) ) 
 REPRESENTATION_ITEM ( '' )  );
#2736 = DIRECTION ( 'NONE',  ( 0.000000000000000000, 0.000000000000000000, -1.000000000000000000 ) ) ;
#2737 = CARTESIAN_POINT ( 'NONE',  ( 1.017788105676656896, -0.5876202367904177493, -0.3166666666666655972 ) ) ;
#2738 = CARTESIAN_POINT ( 'NONE',  ( 0.000000000000000000, 0.000000000000000000, 2.100000000000000089 ) ) ;
#2739 = CARTESIAN_POINT ( 'NONE',  ( 2.984962311327653772, -0.2999999999999998224, 3.270000000001050289 ) ) ;
#2740 = CARTESIAN_POINT ( 'NONE',  ( 1.345913105676657562, -0.7770632938682643376, -0.09791666666666586083 ) ) ;
#2741 = EDGE_LOOP ( 'NONE', ( #1916, #3253, #640, #1104, #146, #936, #3214, #1187, #2972 ) ) ;
#2742 = CARTESIAN_POINT ( 'NONE',  ( -1.017788105676657118, -0.5876202367904169721, -1.483333333333332060 ) ) ;
#2743 = CARTESIAN_POINT ( 'NONE',  ( 0.6785254037844375974, -1.175240473580834610, 2.579166666666667496 ) ) ;
#2744 = AXIS2_PLACEMENT_3D ( 'NONE', #329, #2881, #1077 ) ;
#2745 = ADVANCED_FACE ( 'NONE', ( #2176 ), #1356, .T. ) ;
#2746 = CARTESIAN_POINT ( 'NONE',  ( -1.836970198721029194E-16, -1.499999999999999556, 0.2875000000000008105 ) ) ;
#2747 = CARTESIAN_POINT ( 'NONE',  ( 2.878508968398376785E-16, 1.175240473580834388, 1.287500000000000977 ) ) ;
#2748 = CARTESIAN_POINT ( 'NONE',  ( 2.878508968398376785E-16, 1.175240473580834388, 0.7875000000000008660 ) ) ;
#2749 = CARTESIAN_POINT ( 'NONE',  ( 1.299038105676657340, -0.7500000000000003331, -2.629166666666665986 ) ) ;
#2750 = VERTEX_POINT ( 'NONE', #2190 ) ;
#2751 = VERTEX_POINT ( 'NONE', #1666 ) ;
#2752 = CARTESIAN_POINT ( 'NONE',  ( 1.499999999999999556, 1.307299934473018605E-15, 1.474999999999999867 ) ) ;
#2753 = CARTESIAN_POINT ( 'NONE',  ( 0.6785254037844385966, 1.175240473580834166, -0.6916666666666654306 ) ) ;
#2754 = CYLINDRICAL_SURFACE ( 'NONE', #2605, 1.500000000000000222 ) ;
#2755 = CARTESIAN_POINT ( 'NONE',  ( -0.8972754037844390407, -1.554126587736526899, 0.7770833333333340143 ) ) ;
#2756 = ORIENTED_EDGE ( 'NONE', *, *, #271, .F. ) ;
#2757 = CARTESIAN_POINT ( 'NONE',  ( 2.878508968398376785E-16, 1.175240473580834388, -1.649999999999999023 ) ) ;
#2758 = CARTESIAN_POINT ( 'NONE',  ( 1.017788105676657562, 0.5876202367904164170, -2.733333333333332060 ) ) ;
#2759 = PLANE ( 'NONE',  #3194 ) ;
#2760 = EDGE_CURVE ( 'NONE', #2783, #1765, #1564, .T. ) ;
#2761 = CARTESIAN_POINT ( 'NONE',  ( 2.878508968398376785E-16, 1.175240473580834388, -1.712499999999999245 ) ) ;
#2762 = CARTESIAN_POINT ( 'NONE',  ( 0.6785254037844375974, -1.175240473580834610, -1.920833333333332060 ) ) ;
#2763 = DIRECTION ( 'NONE',  ( -1.000000000000000000, 0.000000000000000000, 0.000000000000000000 ) ) ;
#2764 = CARTESIAN_POINT ( 'NONE',  ( -1.500000000000000000, 0.4019237886466823229, -0.2973290993692603301 ) ) ;
#2765 = ORIENTED_EDGE ( 'NONE', *, *, #2929, .T. ) ;
#2766 = CIRCLE ( 'NONE', #69, 3.000000000000000000 ) ;
#2767 = CARTESIAN_POINT ( 'NONE',  ( 1.763300807568877193, -3.239131034884752599E-16, -3.040625000000000355 ) ) ;
#2768 = FACE_OUTER_BOUND ( 'NONE', #1832, .T. ) ;
#2769 = VECTOR ( 'NONE', #2534, 1000.000000000000000 ) ;
#2770 = CARTESIAN_POINT ( 'NONE',  ( -0.8660254037844382635, 1.499999999999999778, -0.9208333333333327264 ) ) ;
#2771 = CARTESIAN_POINT ( 'NONE',  ( -1.017788105676657118, -0.5876202367904169721, -2.983333333333332060 ) ) ;
#2772 = CARTESIAN_POINT ( 'NONE',  ( 0.8660254037844392627, 1.499999999999999334, -0.5041666666666657637 ) ) ;
#2773 = CARTESIAN_POINT ( 'NONE',  ( -0.8972754037844390407, -1.554126587736526899, -0.7229166666666659857 ) ) ;
#2774 = SECURITY_CLASSIFICATION ( '', '', #1705 ) ;
#2775 = ORIENTED_EDGE ( 'NONE', *, *, #2929, .F. ) ;
#2776 = CARTESIAN_POINT ( 'NONE',  ( -1.439254484199188393E-16, -1.175240473580834388, -0.8999999999999989120 ) ) ;
#2777 = CARTESIAN_POINT ( 'NONE',  ( 1.017788105676657562, 0.5876202367904164170, 1.704166666666667718 ) ) ;
#2778 = CARTESIAN_POINT ( 'NONE',  ( -1.499999999999999334, -3.486133158594716806E-15, 0.1625000000000009770 ) ) ;
#2779 = CARTESIAN_POINT ( 'NONE',  ( -0.6785254037844382635, -1.175240473580834166, -1.004166666666665764 ) ) ;
#2780 = CARTESIAN_POINT ( 'NONE',  ( -1.357050807568875861, 8.309539638847774027E-17, -2.087499999999998579 ) ) ;
#2781 = CARTESIAN_POINT ( 'NONE',  ( 0.6785254037844375974, -1.175240473580834610, 2.641666666666667940 ) ) ;
#2782 = CARTESIAN_POINT ( 'NONE',  ( -0.8660254037844382635, 1.499999999999999778, -2.920833333333332948 ) ) ;
#2783 = VERTEX_POINT ( 'NONE', #2483 ) ;
#2784 = CARTESIAN_POINT ( 'NONE',  ( -1.763300807568877193, 1.079710344961584282E-16, -2.790625000000000355 ) ) ;
#2785 = CARTESIAN_POINT ( 'NONE',  ( -0.4741224775479959685, 1.209711347698891437, -3.753381618424925126 ) ) ;
#2786 = CARTESIAN_POINT ( 'NONE',  ( -0.6785254037844378194, 1.175240473580834388, -1.608333333333331838 ) ) ;
#2787 = CARTESIAN_POINT ( 'NONE',  ( -1.499999999999999334, 1.743066579297358255E-16, 1.224999999999999645 ) ) ;
#2788 = CARTESIAN_POINT ( 'NONE',  ( -1.345913105676657784, 0.7770632938682638935, -2.347916666666665542 ) ) ;
#2789 = ORIENTED_EDGE ( 'NONE', *, *, #2974, .T. ) ;
#2790 = CARTESIAN_POINT ( 'NONE',  ( -0.6785254037844379305, 1.175240473580834388, -0.6083333333333322823 ) ) ;
#2791 = CARTESIAN_POINT ( 'NONE',  ( -0.6785254037844383745, -1.175240473580834166, -0.5041666666666657637 ) ) ;
#2792 = CARTESIAN_POINT ( 'NONE',  ( -1.299038105676657562, 0.7500000000000000000, 0.1208333333333339032 ) ) ;
#2793 = CARTESIAN_POINT ( 'NONE',  ( -1.439254484199188393E-16, -1.175240473580834388, 0.03750000000000107414 ) ) ;
#2794 = CARTESIAN_POINT ( 'NONE',  ( -1.017788105676657118, -0.5876202367904169721, -4.045833333333331616 ) ) ;
#2795 = CARTESIAN_POINT ( 'NONE',  ( 1.017788105676657562, 0.5876202367904164170, 0.7666666666666677177 ) ) ;
#2796 = CARTESIAN_POINT ( 'NONE',  ( 0.000000000000000000, 0.000000000000000000, 6.342640687119286191 ) ) ;
#2797 = ORIENTED_EDGE ( 'NONE', *, *, #1579, .T. ) ;
#2798 = AXIS2_PLACEMENT_3D ( 'NONE', #2108, #2893, #2090 ) ;
#2799 = CARTESIAN_POINT ( 'NONE',  ( -1.763300807568877193, 1.079710344961584282E-16, -1.790625000000000355 ) ) ;
#2800 = DIRECTION ( 'NONE',  ( -1.000000000000000000, 0.000000000000000000, 0.000000000000000000 ) ) ;
#2801 = DIRECTION ( 'NONE',  ( 0.000000000000000000, 0.000000000000000000, -1.000000000000000000 ) ) ;
#2802 = CARTESIAN_POINT ( 'NONE',  ( -1.322475605676658228, -0.7635316469341315582, -4.248958333333333393 ) ) ;
#2803 = ORIENTED_EDGE ( 'NONE', *, *, #463, .T. ) ;
#2804 = CARTESIAN_POINT ( 'NONE',  ( -0.6785254037844383745, -1.175240473580834166, -1.941666666666665764 ) ) ;
#2805 = ADVANCED_FACE ( 'NONE', ( #700 ), #482, .T. ) ;
#2806 = CYLINDRICAL_SURFACE ( 'NONE', #3191, 1.500000000000000222 ) ;
#2807 = CARTESIAN_POINT ( 'NONE',  ( -0.8972754037844382635, 1.554126587736527343, -1.889583333333332726 ) ) ;
#2808 = ORIENTED_EDGE ( 'NONE', *, *, #358, .F. ) ;
#2809 = CARTESIAN_POINT ( 'NONE',  ( -1.439254484199188393E-16, -1.175240473580834388, -1.399999999999998801 ) ) ;
#2810 = CARTESIAN_POINT ( 'NONE',  ( -1.017788105676657118, -0.5876202367904169721, 1.454166666666667718 ) ) ;
#2811 = CARTESIAN_POINT ( 'NONE',  ( -1.499999999999999334, 2.324088772396477673E-16, -1.337499999999999023 ) ) ;
#2812 = CARTESIAN_POINT ( 'NONE',  ( -0.6785254037844379305, 1.175240473580834388, -2.170833333333332504 ) ) ;
#2813 = MANIFOLD_SOLID_BREP ( 'Boss-Extrude1', #322 ) ;
#2814 = CARTESIAN_POINT ( 'NONE',  ( 0.8816504037844394848, 1.527063293868263338, 2.542708333333332238 ) ) ;
#2815 = CARTESIAN_POINT ( 'NONE',  ( -0.6785254037844383745, -1.175240473580834166, 2.058333333333334458 ) ) ;
#2816 = CARTESIAN_POINT ( 'NONE',  ( -2.989649948007962799, -0.2490231739407306466, 3.150512129110167425 ) ) ;
#2817 = ORIENTED_EDGE ( 'NONE', *, *, #1443, .T. ) ;
#2818 = CARTESIAN_POINT ( 'NONE',  ( 1.322475605676658006, -0.7635316469341325574, -1.082291666666667096 ) ) ;
#2819 = CARTESIAN_POINT ( 'NONE',  ( 1.079144583237950261, -1.024266417123074202, -3.571862436105361027 ) ) ;
#2820 = DIRECTION ( 'NONE',  ( -0.000000000000000000, -0.000000000000000000, 1.000000000000000000 ) ) ;
#2821 = CARTESIAN_POINT ( 'NONE',  ( 1.357050807568875861, -2.492861891654331838E-16, -2.274999999999999023 ) ) ;
#2822 = VECTOR ( 'NONE', #2651, 1000.000000000000000 ) ;
#2823 = FACE_OUTER_BOUND ( 'NONE', #3159, .T. ) ;
#2824 = CARTESIAN_POINT ( 'NONE',  ( 1.345913105676657562, -0.7770632938682643376, -0.5979166666666658747 ) ) ;
#2825 = ADVANCED_FACE ( 'NONE', ( #1232 ), #2759, .F. ) ;
#2826 = CARTESIAN_POINT ( 'NONE',  ( 1.357050807568876083, -2.492861891654331838E-16, -2.774999999999999467 ) ) ;
#2827 = CARTESIAN_POINT ( 'NONE',  ( 2.878508968398376785E-16, 1.175240473580834388, -0.7124999999999991340 ) ) ;
#2828 = AXIS2_PLACEMENT_3D ( 'NONE', #1912, #1398, #94 ) ;
#2829 = CARTESIAN_POINT ( 'NONE',  ( -1.017788105676657118, 0.5876202367904173052, -1.629166666666665542 ) ) ;
#2830 = CARTESIAN_POINT ( 'NONE',  ( 1.017788105676657562, 0.5876202367904164170, -3.795833333333332060 ) ) ;
#2831 = CARTESIAN_POINT ( 'NONE',  ( 1.357050807568875861, -2.492861891654331838E-16, 2.725000000000000977 ) ) ;
#2832 = CARTESIAN_POINT ( 'NONE',  ( -2.984962311319860007, -0.2999999999999999334, 3.209999999999999964 ) ) ;
#2833 = ORIENTED_EDGE ( 'NONE', *, *, #1910, .T. ) ;
#2834 = CARTESIAN_POINT ( 'NONE',  ( -1.322475605676658006, 0.7635316469341321133, -0.8322916666666669849 ) ) ;
#2835 = CARTESIAN_POINT ( 'NONE',  ( -1.499999999999999334, 1.743066579297358255E-16, -3.275000000000000355 ) ) ;
#2836 = CARTESIAN_POINT ( 'NONE',  ( 1.499999999999999556, -6.100733027540754016E-16, -3.087499999999999023 ) ) ;
#2837 = CARTESIAN_POINT ( 'NONE',  ( 2.984962311319860007, 0.3000000000000001554, 3.209999999999999964 ) ) ;
#2838 = CARTESIAN_POINT ( 'NONE',  ( -1.439254484199188393E-16, -1.175240473580834388, -3.899999999999998579 ) ) ;
#2839 = CARTESIAN_POINT ( 'NONE',  ( -1.499999999999999334, 1.743066579297358255E-16, 1.724999999999999645 ) ) ;
#2840 = CARTESIAN_POINT ( 'NONE',  ( 1.794550807568877193, -3.296536353594784206E-16, -2.056249999999999023 ) ) ;
#2841 = CARTESIAN_POINT ( 'NONE',  ( -1.357050807568876083, 8.309539638847774027E-17, -3.024999999999998579 ) ) ;
#2842 = CARTESIAN_POINT ( 'NONE',  ( 0.6785254037844375974, -1.175240473580834610, -2.920833333333332060 ) ) ;
#2843 = CARTESIAN_POINT ( 'NONE',  ( -1.188544162203255095, -0.08146212257708260185, 1.410542664622107978 ) ) ;
#2844 = CARTESIAN_POINT ( 'NONE',  ( -1.439254484199188393E-16, -1.175240473580834388, -3.462499999999999023 ) ) ;
#2845 = CARTESIAN_POINT ( 'NONE',  ( -0.8816504037844384856, 1.527063293868264005, 0.6260416666666662744 ) ) ;
#2846 = CARTESIAN_POINT ( 'NONE',  ( -1.017788105676657118, 0.5876202367904173052, 0.9333333333333344584 ) ) ;
#2847 = ADVANCED_FACE ( 'NONE', ( #1964 ), #2729, .T. ) ;
#2848 = CARTESIAN_POINT ( 'NONE',  ( 1.499999999999999778, 1.307299934473018605E-15, 1.912500000000000755 ) ) ;
#2849 = ORIENTED_EDGE ( 'NONE', *, *, #3176, .F. ) ;
#2850 = CARTESIAN_POINT ( 'NONE',  ( -1.499999999999999334, -3.544235377904628279E-15, 0.7250000000000000888 ) ) ;
#2851 = LINE ( 'NONE', #248, #3068 ) ;
#2852 = FACE_OUTER_BOUND ( 'NONE', #2420, .T. ) ;
#2853 = CARTESIAN_POINT ( 'NONE',  ( -1.763300807568877193, 1.079710344961584282E-16, -4.290625000000000355 ) ) ;
#2854 = AXIS2_PLACEMENT_3D ( 'NONE', #2962, #678, #2706 ) ;
#2855 = CARTESIAN_POINT ( 'NONE',  ( 2.986642047357508378, -0.2828375704902610921, 3.167452099170092072 ) ) ;
#2856 = CARTESIAN_POINT ( 'NONE',  ( 0.000000000000000000, 0.000000000000000000, 2.100000000000000089 ) ) ;
#2857 = CARTESIAN_POINT ( 'NONE',  ( -1.499999999999999334, 1.743066579297358255E-16, -3.275000000000000355 ) ) ;
#2858 = CARTESIAN_POINT ( 'NONE',  ( -1.439254484199188393E-16, -1.175240473580834388, 1.600000000000000977 ) ) ;
#2859 = CARTESIAN_POINT ( 'NONE',  ( 2.984962311319860451, 0.3000000000000002665, 3.209999999999999964 ) ) ;
#2860 = CARTESIAN_POINT ( 'NONE',  ( -0.6785254037844383745, -1.175240473580834166, -2.504166666666665542 ) ) ;
#2861 = CARTESIAN_POINT ( 'NONE',  ( 3.673940397442058389E-16, 1.499999999999999556, -3.462499999999999023 ) ) ;
#2862 = CARTESIAN_POINT ( 'NONE',  ( 1.499999999999999334, -0.4019237886466844323, 0.8901709006307404470 ) ) ;
#2863 = PRODUCT_DEFINITION ( 'UNKNOWN', '', #1515, #2635 ) ;
#2864 = CARTESIAN_POINT ( 'NONE',  ( 1.017788105676657562, 0.5876202367904164170, -3.795833333333332060 ) ) ;
#2865 = CARTESIAN_POINT ( 'NONE',  ( -0.8816504037844392627, -1.527063293868263338, 2.292708333333332682 ) ) ;
#2866 = CARTESIAN_POINT ( 'NONE',  ( 1.017788105676657562, 0.5876202367904164170, -1.233333333333332282 ) ) ;
#2867 = CARTESIAN_POINT ( 'NONE',  ( 2.984962311327653772, -0.2999999999999998224, 3.270000000001050289 ) ) ;
#2868 = VERTEX_POINT ( 'NONE', #1977 ) ;
#2869 = ADVANCED_FACE ( 'NONE', ( #3231 ), #980, .F. ) ;
#2870 = CARTESIAN_POINT ( 'NONE',  ( 0.8660254037844380415, -1.500000000000000444, 1.829166666666667496 ) ) ;
#2871 = CARTESIAN_POINT ( 'NONE',  ( 0.6785254037844375974, -1.175240473580834610, 1.079166666666667496 ) ) ;
#2872 = CARTESIAN_POINT ( 'NONE',  ( 0.000000000000000000, 0.000000000000000000, 3.899999999999999911 ) ) ;
#2873 = CARTESIAN_POINT ( 'NONE',  ( -1.299038105676657562, 0.7500000000000000000, -1.379166666666665764 ) ) ;
#2874 = CARTESIAN_POINT ( 'NONE',  ( -1.299038105676657784, -0.7499999999999995559, -2.233333333333333837 ) ) ;
#2875 = VECTOR ( 'NONE', #1754, 1000.000000000000000 ) ;
#2876 = CARTESIAN_POINT ( 'NONE',  ( 3.806512302282672647E-16, 1.554126587736527343, -3.431249999999999467 ) ) ;
#2877 = CARTESIAN_POINT ( 'NONE',  ( -0.6785254037844382635, -1.175240473580834166, -3.441666666666665542 ) ) ;
#2878 = CIRCLE ( 'NONE', #1459, 3.000000000000000000 ) ;
#2879 = CARTESIAN_POINT ( 'NONE',  ( 1.017788105676657562, 0.5876202367904164170, -3.295833333333332504 ) ) ;
#2880 = CARTESIAN_POINT ( 'NONE',  ( 1.499999999999999778, 1.307299934473018605E-15, 1.412500000000000977 ) ) ;
#2881 = DIRECTION ( 'NONE',  ( 0.000000000000000000, 0.000000000000000000, -1.000000000000000000 ) ) ;
#2882 = CARTESIAN_POINT ( 'NONE',  ( -0.8816504037844384856, 1.527063293868264005, 0.1260416666666662189 ) ) ;
#2883 = CARTESIAN_POINT ( 'NONE',  ( 0.6785254037844385966, 1.175240473580834166, -1.691666666666665542 ) ) ;
#2884 = ORIENTED_EDGE ( 'NONE', *, *, #947, .T. ) ;
#2885 =( BOUNDED_CURVE ( )  B_SPLINE_CURVE ( 2, ( #2150, #3158, #888, #1903, #1653, #485, #2749, #433, #2956 ),
 .UNSPECIFIED., .F., .F. ) 
 B_SPLINE_CURVE_WITH_KNOTS ( ( 3, 2, 2, 2, 3 ),
 ( 0.1607142857142856984, 0.1666666666666666297, 0.1785714285714286031, 0.1904761904761904656, 0.1964285714285713969 ),
 .UNSPECIFIED. ) 
 CURVE ( )  GEOMETRIC_REPRESENTATION_ITEM ( )  RATIONAL_B_SPLINE_CURVE ( ( 0.9330127018922192983, 0.9330127018922192983, 1.000000000000000000, 0.8660254037844385966, 1.000000000000000000, 0.8660254037844385966, 1.000000000000000000, 0.9330127018922192983, 0.9330127018922192983 ) ) 
 REPRESENTATION_ITEM ( '' )  );
#2886 = CARTESIAN_POINT ( 'NONE',  ( -0.8660254037844389297, -1.499999999999999334, 1.745833333333334236 ) ) ;
#2887 = CARTESIAN_POINT ( 'NONE',  ( -1.017788105676657118, -0.5876202367904169721, 1.954166666666667496 ) ) ;
#2888 = CARTESIAN_POINT ( 'NONE',  ( 0.8660254037844390407, 1.499999999999998668, -2.941666666666666430 ) ) ;
#2889 = EDGE_CURVE ( 'NONE', #472, #2751, #2279, .T. ) ;
#2890 = EDGE_LOOP ( 'NONE', ( #1431, #1733, #2502, #3051, #1455, #1904 ) ) ;
#2891 = CALENDAR_DATE ( 2026, 11, 6 ) ;
#2892 = CARTESIAN_POINT ( 'NONE',  ( 2.878508968398376785E-16, 1.175240473580834388, 1.350000000000000977 ) ) ;
#2893 = DIRECTION ( 'NONE',  ( 0.000000000000000000, 0.000000000000000000, -1.000000000000000000 ) ) ;
#2894 = CARTESIAN_POINT ( 'NONE',  ( 0.6785254037844385966, 1.175240473580834166, -3.191666666666665986 ) ) ;
#2895 = CARTESIAN_POINT ( 'NONE',  ( 2.878508968398376785E-16, 1.175240473580834388, -2.212499999999998579 ) ) ;
#2896 = CARTESIAN_POINT ( 'NONE',  ( 0.000000000000000000, 0.000000000000000000, 6.342640687119286191 ) ) ;
#2897 = CARTESIAN_POINT ( 'NONE',  ( 1.051225365478629659, -0.5254668416911060236, -3.874759526419165212 ) ) ;
#2898 = CARTESIAN_POINT ( 'NONE',  ( -1.870113174931183375E-16, -1.527063293868263782, -0.1656250000000004108 ) ) ;
#2899 = CARTESIAN_POINT ( 'NONE',  ( 0.6785254037844385966, 1.175240473580834166, -0.6916666666666654306 ) ) ;
#2900 = B_SPLINE_CURVE_WITH_KNOTS ( 'NONE', 3,
 ( #147, #3172, #129, #1087, #2649, #1167 ),
 .UNSPECIFIED., .F., .F.,
 ( 4, 2, 4 ),
 ( 2.224279798887910524E-17, 0.0004627816334264260568, 0.0009255632668528298874 ),
 .UNSPECIFIED. ) ;
#2901 = ORIENTED_EDGE ( 'NONE', *, *, #543, .T. ) ;
#2902 = CARTESIAN_POINT ( 'NONE',  ( -0.8660254037844389297, -1.499999999999999334, -0.2541666666666660412 ) ) ;
#2903 = CARTESIAN_POINT ( 'NONE',  ( 3.673940397442059375E-16, 1.499999999999999556, 1.599999999999999867 ) ) ;
#2904 = CARTESIAN_POINT ( 'NONE',  ( 1.499999999999999778, 0.4019237886466832110, -3.002670900630739492 ) ) ;
#2905 = ORIENTED_EDGE ( 'NONE', *, *, #1298, .F. ) ;
#2906 = CARTESIAN_POINT ( 'NONE',  ( -1.499999999999999334, 0.4019237886466840437, -1.359829099369259220 ) ) ;
#2907 = CARTESIAN_POINT ( 'NONE',  ( -1.299038105676657784, -0.7499999999999995559, 1.766666666666666607 ) ) ;
#2908 = CARTESIAN_POINT ( 'NONE',  ( 1.345913105676658450, 0.7770632938682625612, -3.514583333333332060 ) ) ;
#2909 = ADVANCED_FACE ( 'NONE', ( #1009 ), #497, .F. ) ;
#2910 = CYLINDRICAL_SURFACE ( 'NONE', #104, 1.500000000000000222 ) ;
#2911 = CARTESIAN_POINT ( 'NONE',  ( 0.8660254037844380415, -1.500000000000000444, 1.329166666666667274 ) ) ;
#2912 = CARTESIAN_POINT ( 'NONE',  ( 0.6785254037844385966, 1.175240473580834166, -1.754166666666665542 ) ) ;
#2913 = CARTESIAN_POINT ( 'NONE',  ( -0.8972754037844382635, 1.554126587736527343, 2.610416666666667496 ) ) ;
#2914 = CARTESIAN_POINT ( 'NONE',  ( 1.499999999999999778, 0.4019237886466832110, -0.002670900630739833984 ) ) ;
#2915 = CARTESIAN_POINT ( 'NONE',  ( -1.322475605676658228, -0.7635316469341315582, 1.251041666666666163 ) ) ;
#2916 = CARTESIAN_POINT ( 'NONE',  ( 2.878508968398376785E-16, 1.175240473580834388, -0.1499999999999990785 ) ) ;
#2917 = VERTEX_POINT ( 'NONE', #1266 ) ;
#2918 = DIRECTION ( 'NONE',  ( 0.000000000000000000, 0.000000000000000000, -1.000000000000000000 ) ) ;
#2919 = DIRECTION ( 'NONE',  ( -0.000000000000000000, -0.000000000000000000, 1.000000000000000000 ) ) ;
#2920 = CARTESIAN_POINT ( 'NONE',  ( 1.499999999999999556, -6.100733027540754016E-16, -1.587499999999999245 ) ) ;
#2921 = CARTESIAN_POINT ( 'NONE',  ( -2.986200694973644598, 0.2874337655118662238, 3.172643109755393098 ) ) ;
#2922 = DIRECTION ( 'NONE',  ( -0.000000000000000000, -0.000000000000000000, 1.000000000000000000 ) ) ;
#2923 = CARTESIAN_POINT ( 'NONE',  ( 2.515935430274218287, 0.3000000000000000999, 3.900000000000015010 ) ) ;
#2924 = CARTESIAN_POINT ( 'NONE',  ( 1.345913105676657562, -0.7770632938682643376, -3.097916666666665542 ) ) ;
#2925 = CARTESIAN_POINT ( 'NONE',  ( -1.836970198721029194E-16, -1.499999999999999556, 0.7875000000000006439 ) ) ;
#2926 = CARTESIAN_POINT ( 'NONE',  ( -1.299038105676657784, -0.7499999999999995559, -3.233333333333333837 ) ) ;
#2927 = CARTESIAN_POINT ( 'NONE',  ( 1.499999999999999778, 1.307299934473018605E-15, 1.412500000000000977 ) ) ;
#2928 = AXIS2_PLACEMENT_3D ( 'NONE', #1701, #1254, #1981 ) ;
#2929 = EDGE_CURVE ( 'NONE', #935, #3004, #328, .T. ) ;
#2930 = CARTESIAN_POINT ( 'NONE',  ( 3.806512302282672647E-16, 1.554126587736527343, 3.068750000000000533 ) ) ;
#2931 = VECTOR ( 'NONE', #2411, 1000.000000000000000 ) ;
#2932 = DIRECTION ( 'NONE',  ( 0.000000000000000000, 0.000000000000000000, -1.000000000000000000 ) ) ;
#2933 = CARTESIAN_POINT ( 'NONE',  ( 1.763300807568877193, -3.239131034884752599E-16, -0.5406250000000003553 ) ) ;
#2934 = CARTESIAN_POINT ( 'NONE',  ( -1.017788105676657118, -0.5876202367904169721, -1.483333333333332060 ) ) ;
#2935 = EDGE_LOOP ( 'NONE', ( #3221, #1799 ) ) ;
#2936 = CARTESIAN_POINT ( 'NONE',  ( 2.988723479758284451, 0.2599521360854125107, 3.153017481944576872 ) ) ;
#2937 = CARTESIAN_POINT ( 'NONE',  ( 0.2629701504797582468, -1.357955524801001790, 1.727718592536273023 ) ) ;
#2938 = CARTESIAN_POINT ( 'NONE',  ( 0.6785254037844375974, -1.175240473580834610, 1.579166666666667496 ) ) ;
#2939 = DIRECTION ( 'NONE',  ( -1.000000000000000000, -0.000000000000000000, -0.000000000000000000 ) ) ;
#2940 = ORIENTED_EDGE ( 'NONE', *, *, #1723, .T. ) ;
#2941 = UNCERTAINTY_MEASURE_WITH_UNIT (LENGTH_MEASURE( 1.000000000000000082E-05 ), #1360, 'distance_accuracy_value', 'NONE');
#2942 = CARTESIAN_POINT ( 'NONE',  ( 3.673940397442058389E-16, 1.499999999999999556, 1.037500000000000755 ) ) ;
#2943 = CARTESIAN_POINT ( 'NONE',  ( -0.6785254037844378194, 1.175240473580834388, -1.108333333333332282 ) ) ;
#2944 = CARTESIAN_POINT ( 'NONE',  ( 1.499999999999999556, -6.100733027540754016E-16, -3.024999999999999467 ) ) ;
#2945 = CARTESIAN_POINT ( 'NONE',  ( 1.499999999999997780, 0.4019237886466867082, -2.065170900630738604 ) ) ;
#2946 = LINE ( 'NONE', #926, #2992 ) ;
#2947 = CARTESIAN_POINT ( 'NONE',  ( 1.499999999999999556, 3.108468733080289270E-15, 0.9125000000000009770 ) ) ;
#2948 = EDGE_LOOP ( 'NONE', ( #930, #2020, #3205, #419 ) ) ;
#2949 = DIRECTION ( 'NONE',  ( -0.000000000000000000, -0.000000000000000000, 1.000000000000000000 ) ) ;
#2950 = CARTESIAN_POINT ( 'NONE',  ( -1.017788105676657118, 0.5876202367904173052, -3.566666666666665542 ) ) ;
#2951 = ORIENTED_EDGE ( 'NONE', *, *, #297, .T. ) ;
#2952 = CARTESIAN_POINT ( 'NONE',  ( 2.986244209064698563, 0.2869590978302551387, 3.172652401269043576 ) ) ;
#2953 = EDGE_CURVE ( 'NONE', #3283, #434, #3094, .T. ) ;
#2954 = CARTESIAN_POINT ( 'NONE',  ( 1.392430936897681049, -0.1348732404398150508, -3.657569063102318996 ) ) ;
#2955 = CARTESIAN_POINT ( 'NONE',  ( -0.6785254037844383745, -1.175240473580834166, -0.5041666666666657637 ) ) ;
#2956 = CARTESIAN_POINT ( 'NONE',  ( 1.499999999999999556, -6.100733027540754016E-16, -2.587499999999999467 ) ) ;
#2957 = ORIENTED_EDGE ( 'NONE', *, *, #2365, .T. ) ;
#2958 =( BOUNDED_CURVE ( )  B_SPLINE_CURVE ( 2, ( #2811, #308, #2337, #60, #1349, #3099, #846, #1845, #547 ),
 .UNSPECIFIED., .F., .F. ) 
 B_SPLINE_CURVE_WITH_KNOTS ( ( 3, 2, 2, 2, 3 ),
 ( 0.3750000000000000000, 0.3809523809523809312, 0.3928571428571429047, 0.4047619047619047672, 0.4107142857142856984 ),
 .UNSPECIFIED. ) 
 CURVE ( )  GEOMETRIC_REPRESENTATION_ITEM ( )  RATIONAL_B_SPLINE_CURVE ( ( 0.9330127018922192983, 0.9330127018922192983, 1.000000000000000000, 0.8660254037844385966, 1.000000000000000000, 0.8660254037844385966, 1.000000000000000000, 0.9330127018922192983, 0.9330127018922192983 ) ) 
 REPRESENTATION_ITEM ( '' )  );
#2959 = VERTEX_POINT ( 'NONE', #781 ) ;
#2960 = FACE_OUTER_BOUND ( 'NONE', #1372, .T. ) ;
#2961 = CARTESIAN_POINT ( 'NONE',  ( 0.6785254037844385966, 1.175240473580834166, 0.3083333333333345139 ) ) ;
#2962 = CARTESIAN_POINT ( 'NONE',  ( 0.000000000000000000, 0.000000000000000000, -3.550000000000000266 ) ) ;
#2963 = CARTESIAN_POINT ( 'NONE',  ( 0.8660254037844392627, 1.499999999999999334, -2.004166666666666874 ) ) ;
#2964 = VECTOR ( 'NONE', #1667, 1000.000000000000000 ) ;
#2965 = CARTESIAN_POINT ( 'NONE',  ( 0.8972754037844380415, -1.554126587736527787, 1.860416666666667496 ) ) ;
#2966 = CARTESIAN_POINT ( 'NONE',  ( -1.299038105676657784, -0.7499999999999995559, 0.7666666666666664964 ) ) ;
#2967 = CARTESIAN_POINT ( 'NONE',  ( -1.439254484199188393E-16, -1.175240473580834388, -3.899999999999998579 ) ) ;
#2968 = DIRECTION ( 'NONE',  ( -1.000000000000000000, 0.000000000000000000, -0.000000000000000000 ) ) ;
#2969 = CARTESIAN_POINT ( 'NONE',  ( -1.357050807568876083, 8.309539638847774027E-17, 0.4125000000000009215 ) ) ;
#2970 = CARTESIAN_POINT ( 'NONE',  ( 0.6785254037844375974, -1.175240473580834610, -0.4208333333333325044 ) ) ;
#2971 = CARTESIAN_POINT ( 'NONE',  ( 2.984962311319859563, 0.3000000000000002665, 3.270000000000000462 ) ) ;
#2972 = ORIENTED_EDGE ( 'NONE', *, *, #1134, .T. ) ;
#2973 = ORIENTED_EDGE ( 'NONE', *, *, #1843, .T. ) ;
#2974 = EDGE_CURVE ( 'NONE', #2488, #1312, #922, .T. ) ;
#2975 = APPROVAL_STATUS ( 'not_yet_approved' ) ;
#2976 = CARTESIAN_POINT ( 'NONE',  ( 1.499999999999999556, -6.100733027540754016E-16, -2.024999999999999911 ) ) ;
#2977 = CARTESIAN_POINT ( 'NONE',  ( 1.357050807568875861, -2.492861891654331838E-16, 0.7250000000000009770 ) ) ;
#2978 = CARTESIAN_POINT ( 'NONE',  ( 0.4936239239263834344, -1.393303303607420052, 1.894810884204582546 ) ) ;
#2979 = FACE_OUTER_BOUND ( 'NONE', #967, .T. ) ;
#2980 = CARTESIAN_POINT ( 'NONE',  ( 1.794550807568877193, -3.296536353594784206E-16, 1.943750000000000533 ) ) ;
#2981 = ORIENTED_EDGE ( 'NONE', *, *, #1497, .T. ) ;
#2982 = DIRECTION ( 'NONE',  ( 1.000000000000000000, 0.000000000000000000, 0.000000000000000000 ) ) ;
#2983 = CARTESIAN_POINT ( 'NONE',  ( -0.6785254037844383745, -1.175240473580834166, 1.995833333333334236 ) ) ;
#2984 = CARTESIAN_POINT ( 'NONE',  ( 1.499999999999999334, -0.4019237886466844878, -0.04732909936926024685 ) ) ;
#2985 = AXIS2_PLACEMENT_3D ( 'NONE', #53, #2820, #318 ) ;
#2986 = CARTESIAN_POINT ( 'NONE',  ( 1.357050807568876083, -2.492861891654331838E-16, 1.162500000000000977 ) ) ;
#2987 = CARTESIAN_POINT ( 'NONE',  ( 1.017788105676656896, -0.5876202367904177493, -1.379166666666665764 ) ) ;
#2988 = CARTESIAN_POINT ( 'NONE',  ( 3.000000000000000000, 0.000000000000000000, 3.899999999999999911 ) ) ;
#2989 = ORIENTED_EDGE ( 'NONE', *, *, #3075, .F. ) ;
#2990 = EDGE_CURVE ( 'NONE', #731, #2750, #2028, .T. ) ;
#2991 = CARTESIAN_POINT ( 'NONE',  ( 3.000000000000000000, 0.000000000000000000, 3.149999999999999911 ) ) ;
#2992 = VECTOR ( 'NONE', #614, 1000.000000000000000 ) ;
#2993 = CARTESIAN_POINT ( 'NONE',  ( 1.357050807568875861, -2.492861891654331838E-16, 1.225000000000001199 ) ) ;
#2994 = DIRECTION ( 'NONE',  ( -1.000000000000000000, 0.000000000000000000, 0.000000000000000000 ) ) ;
#2995 = EDGE_CURVE ( 'NONE', #3043, #935, #2608, .T. ) ;
#2996 = CARTESIAN_POINT ( 'NONE',  ( 0.6785254037844385966, 1.175240473580834166, -3.754166666666665542 ) ) ;
#2997 = CARTESIAN_POINT ( 'NONE',  ( 0.8972754037844380415, -1.554126587736527787, 2.360416666666667496 ) ) ;
#2998 = ORIENTED_EDGE ( 'NONE', *, *, #2406, .T. ) ;
#2999 = CARTESIAN_POINT ( 'NONE',  ( -0.6785254037844379305, 1.175240473580834388, 0.8916666666666678287 ) ) ;
#3000 = CARTESIAN_POINT ( 'NONE',  ( -0.6785254037844378194, 1.175240473580834388, -4.108333333333331616 ) ) ;
#3001 = CARTESIAN_POINT ( 'NONE',  ( -3.000000000000000000, -0.2999999999999998224, 3.149999999999999911 ) ) ;
#3002 = CARTESIAN_POINT ( 'NONE',  ( -1.121107958840569463, 0.3525721420742662926, 1.387499999999999734 ) ) ;
#3003 = CARTESIAN_POINT ( 'NONE',  ( -0.6785254037844378194, 1.175240473580834388, -1.670833333333331838 ) ) ;
#3004 = VERTEX_POINT ( 'NONE', #1810 ) ;
#3005 = EDGE_LOOP ( 'NONE', ( #1552, #246, #1527, #272, #3170, #1448 ) ) ;
#3006 = APPROVAL_DATE_TIME ( #919, #1513 ) ;
#3007 = DIRECTION ( 'NONE',  ( 0.000000000000000000, -1.445602896647339410E-16, 1.000000000000000000 ) ) ;
#3008 = CARTESIAN_POINT ( 'NONE',  ( -0.6785254037844378194, 1.175240473580834388, -0.1083333333333322407 ) ) ;
#3009 = CARTESIAN_POINT ( 'NONE',  ( -1.299038105676657562, 0.7500000000000000000, -0.3791666666666656527 ) ) ;
#3010 = CARTESIAN_POINT ( 'NONE',  ( -1.345913105676658006, -0.7770632938682633384, 1.735416666666667496 ) ) ;
#3011 = EDGE_CURVE ( 'NONE', #444, #1032, #2958, .T. ) ;
#3012 = EDGE_LOOP ( 'NONE', ( #1047, #1375, #1280, #1263 ) ) ;
#3013 = CARTESIAN_POINT ( 'NONE',  ( -1.357050807568876083, 8.309539638847774027E-17, -0.5249999999999990230 ) ) ;
#3014 = CARTESIAN_POINT ( 'NONE',  ( 0.6785254037844385966, 1.175240473580834166, 2.745833333333334014 ) ) ;
#3015 = CIRCLE ( 'NONE', #2854, 1.500000000000000000 ) ;
#3016 = CARTESIAN_POINT ( 'NONE',  ( 0.3655701462524076351, -1.206479987877624005, 1.516947797836850409 ) ) ;
#3017 = CARTESIAN_POINT ( 'NONE',  ( 1.017788105676657562, 0.5876202367904164170, 0.2041666666666676067 ) ) ;
#3018 = PERSON ( 'UNSPECIFIED', 'UNSPECIFIED', 'UNSPECIFIED', ('UNSPECIFIED'), ('UNSPECIFIED'), ('UNSPECIFIED') ) ;
#3019 = CARTESIAN_POINT ( 'NONE',  ( 1.017788105676656896, -0.5876202367904177493, -0.3791666666666656527 ) ) ;
#3020 = CARTESIAN_POINT ( 'NONE',  ( -2.984962311319871553, -0.2999999999999998779, 3.435391453008157736 ) ) ;
#3021 = ORIENTED_EDGE ( 'NONE', *, *, #2147, .F. ) ;
#3022 = CARTESIAN_POINT ( 'NONE',  ( 1.095913489610114366, -0.4443850806187252256, -3.871039851330126513 ) ) ;
#3023 = CARTESIAN_POINT ( 'NONE',  ( 1.411274047358088923, -5.810221930991194676E-16, -3.638725952641912009 ) ) ;
#3024 = ORIENTED_EDGE ( 'NONE', *, *, #2427, .T. ) ;
#3025 = CARTESIAN_POINT ( 'NONE',  ( 1.017788105676657562, 0.5876202367904164170, -1.733333333333332060 ) ) ;
#3026 = CARTESIAN_POINT ( 'NONE',  ( -0.8660254037844382635, 1.499999999999999778, -0.4208333333333325599 ) ) ;
#3027 = CARTESIAN_POINT ( 'NONE',  ( 1.345913105676657562, -0.7770632938682643376, -2.597916666666665986 ) ) ;
#3028 = ORIENTED_EDGE ( 'NONE', *, *, #54, .T. ) ;
#3029 = CARTESIAN_POINT ( 'NONE',  ( -1.017788105676657118, 0.5876202367904173052, -1.566666666666665320 ) ) ;
#3030 = CARTESIAN_POINT ( 'NONE',  ( 1.017788105676656896, -0.5876202367904177493, 0.1208333333333343335 ) ) ;
#3031 = DIRECTION ( 'NONE',  ( -1.000000000000000000, 0.000000000000000000, 0.000000000000000000 ) ) ;
#3032 = CARTESIAN_POINT ( 'NONE',  ( 1.357050807568876083, -2.492861891654331838E-16, -0.3374999999999986899 ) ) ;
#3033 = CARTESIAN_POINT ( 'NONE',  ( 0.6785254037844385966, 1.175240473580834166, -2.754166666666665986 ) ) ;
#3034 = CARTESIAN_POINT ( 'NONE',  ( -1.017788105676657118, 0.5876202367904173052, 1.933333333333334236 ) ) ;
#3035 = CYLINDRICAL_SURFACE ( 'NONE', #2458, 1.500000000000000222 ) ;
#3036 = VERTEX_POINT ( 'NONE', #2111 ) ;
#3037 = VECTOR ( 'NONE', #589, 1000.000000000000000 ) ;
#3038 = CARTESIAN_POINT ( 'NONE',  ( -0.8816504037844384856, 1.527063293868264005, -1.873958333333333171 ) ) ;
#3039 = CARTESIAN_POINT ( 'NONE',  ( 1.499999999999999778, 6.943215207534476889E-15, -2.524999999999999023 ) ) ;
#3040 = CARTESIAN_POINT ( 'NONE',  ( -1.439254484199188393E-16, -1.175240473580834388, -1.899999999999998579 ) ) ;
#3041 = DIRECTION ( 'NONE',  ( -1.000000000000000000, 0.000000000000000000, 0.000000000000000000 ) ) ;
#3042 = CARTESIAN_POINT ( 'NONE',  ( 0.8972754037844380415, -1.554126587736527787, -1.139583333333332282 ) ) ;
#3043 = VERTEX_POINT ( 'NONE', #831 ) ;
#3044 = CARTESIAN_POINT ( 'NONE',  ( -1.017788105676657118, 0.5876202367904173052, -0.5666666666666654306 ) ) ;
#3045 = CARTESIAN_POINT ( 'NONE',  ( 1.357050807568875861, -2.492861891654331838E-16, 1.662500000000000533 ) ) ;
#3046 = CARTESIAN_POINT ( 'NONE',  ( 1.299038105676658228, 0.7499999999999986677, -0.04583333333333262927 ) ) ;
#3047 = CARTESIAN_POINT ( 'NONE',  ( -1.017788105676657118, 0.5876202367904173052, -0.1291666666666658747 ) ) ;
#3048 = CARTESIAN_POINT ( 'NONE',  ( 1.357050807568875861, -2.492861891654331838E-16, -3.837499999999998135 ) ) ;
#3049 = CARTESIAN_POINT ( 'NONE',  ( -0.6785254037844378194, 1.175240473580834388, 0.3916666666666677732 ) ) ;
#3050 = CARTESIAN_POINT ( 'NONE',  ( 2.680011949534966575, -0.2999999999999999889, 3.833799373661269883 ) ) ;
#3051 = ORIENTED_EDGE ( 'NONE', *, *, #1497, .F. ) ;
#3052 = EDGE_CURVE ( 'NONE', #1873, #1783, #2878, .T. ) ;
#3053 = CARTESIAN_POINT ( 'NONE',  ( -1.322475605676658006, 0.7635316469341321133, -1.832291666666666874 ) ) ;
#3054 = CARTESIAN_POINT ( 'NONE',  ( -1.500000000000000222, 0.000000000000000000, 6.342640687119286191 ) ) ;
#3055 = CARTESIAN_POINT ( 'NONE',  ( -1.350869396931869915, 0.1666484830563567665, -3.699130603070019951 ) ) ;
#3056 = CARTESIAN_POINT ( 'NONE',  ( -1.017788105676657118, -0.5876202367904169721, -3.483333333333331616 ) ) ;
#3057 = CARTESIAN_POINT ( 'NONE',  ( -1.121107958840569463, 0.3525721420742662926, 1.387499999999999734 ) ) ;
#3058 = CARTESIAN_POINT ( 'NONE',  ( -1.903256151141336323E-16, -1.554126587736527343, -0.6812499999999991340 ) ) ;
#3059 = ORIENTED_EDGE ( 'NONE', *, *, #382, .F. ) ;
#3060 = CARTESIAN_POINT ( 'NONE',  ( 1.017788105676656896, -0.5876202367904177493, -1.316666666666665542 ) ) ;
#3061 = CARTESIAN_POINT ( 'NONE',  ( 1.017788105676657562, 0.5876202367904164170, 1.204166666666667718 ) ) ;
#3062 = CARTESIAN_POINT ( 'NONE',  ( 1.500000000000001110, -0.4019237886466808796, -2.109829099369258554 ) ) ;
#3063 = CARTESIAN_POINT ( 'NONE',  ( 1.017788105676657562, 0.5876202367904164170, -1.795833333333332060 ) ) ;
#3064 = CARTESIAN_POINT ( 'NONE',  ( -0.6785254037844378194, 1.175240473580834388, -2.170833333333332060 ) ) ;
#3065 = CARTESIAN_POINT ( 'NONE',  ( 1.357050807568875861, -2.492861891654331838E-16, 0.2250000000000012268 ) ) ;
#3066 = CARTESIAN_POINT ( 'NONE',  ( -2.986244209064698563, -0.2869590978302546946, 3.172652401269043576 ) ) ;
#3067 = ORIENTED_EDGE ( 'NONE', *, *, #151, .F. ) ;
#3068 = VECTOR ( 'NONE', #1016, 1000.000000000000000 ) ;
#3069 = CARTESIAN_POINT ( 'NONE',  ( -1.322475605676658228, -0.7635316469341315582, -1.748958333333333615 ) ) ;
#3070 = CARTESIAN_POINT ( 'NONE',  ( 1.499999999999999556, -6.100733027540754016E-16, -1.087499999999999245 ) ) ;
#3071 = CARTESIAN_POINT ( 'NONE',  ( 0.8816504037844394848, 1.527063293868263338, -3.957291666666667318 ) ) ;
#3072 = EDGE_CURVE ( 'NONE', #1257, #1921, #1267, .T. ) ;
#3073 = CARTESIAN_POINT ( 'NONE',  ( 1.017788105676657562, 0.5876202367904164170, -2.233333333333332504 ) ) ;
#3074 = DIRECTION ( 'NONE',  ( -1.000000000000000000, 0.000000000000000000, 0.000000000000000000 ) ) ;
#3075 = EDGE_CURVE ( 'NONE', #478, #535, #565, .T. ) ;
#3076 = CARTESIAN_POINT ( 'NONE',  ( -0.8972754037844382635, 1.554126587736527343, -1.389583333333332060 ) ) ;
#3077 = CARTESIAN_POINT ( 'NONE',  ( -1.439254484199188393E-16, -1.175240473580834388, -1.899999999999998579 ) ) ;
#3078 =( BOUNDED_CURVE ( )  B_SPLINE_CURVE ( 2, ( #720, #3235, #934, #1953, #183, #1205, #950, #1716, #2716 ),
 .UNSPECIFIED., .F., .F. ) 
 B_SPLINE_CURVE_WITH_KNOTS ( ( 3, 2, 2, 2, 3 ),
 ( 0.6250000000000000000, 0.6309523809523809312, 0.6428571428571429047, 0.6547619047619047672, 0.6607142857142856984 ),
 .UNSPECIFIED. ) 
 CURVE ( )  GEOMETRIC_REPRESENTATION_ITEM ( )  RATIONAL_B_SPLINE_CURVE ( ( 0.9330127018922194093, 0.9330127018922194093, 1.000000000000000000, 0.8660254037844388186, 1.000000000000000000, 0.8660254037844388186, 1.000000000000000000, 0.9330127018922194093, 0.9330127018922194093 ) ) 
 REPRESENTATION_ITEM ( '' )  );
#3079 = CARTESIAN_POINT ( 'NONE',  ( -1.357050807568875861, 8.309539638847774027E-17, -0.5874999999999990230 ) ) ;
#3080 = CARTESIAN_POINT ( 'NONE',  ( 0.8660254037844380415, -1.500000000000000444, -2.170833333333333393 ) ) ;
#3081 = CARTESIAN_POINT ( 'NONE',  ( 2.878508968398376785E-16, 1.175240473580834388, 0.2875000000000008660 ) ) ;
#3082 = CARTESIAN_POINT ( 'NONE',  ( 2.878508968398376785E-16, 1.175240473580834388, -3.712499999999999023 ) ) ;
#3083 = CARTESIAN_POINT ( 'NONE',  ( -1.439254484199188393E-16, -1.175240473580834388, 0.6000000000000009770 ) ) ;
#3084 = CARTESIAN_POINT ( 'NONE',  ( -2.990384590650507324, -0.2399999999999998246, 3.149999999999999911 ) ) ;
#3085 = ORIENTED_EDGE ( 'NONE', *, *, #648, .F. ) ;
#3086 = CARTESIAN_POINT ( 'NONE',  ( 1.763300807568877193, -3.239131034884752599E-16, -2.040625000000000799 ) ) ;
#3087 = DIRECTION ( 'NONE',  ( 0.000000000000000000, 0.000000000000000000, -1.000000000000000000 ) ) ;
#3088 = CARTESIAN_POINT ( 'NONE',  ( -0.8816504037844384856, 1.527063293868264005, -3.873958333333333837 ) ) ;
#3089 = CARTESIAN_POINT ( 'NONE',  ( -2.856765085205472232, 0.3000000000000002665, 3.658791608421133379 ) ) ;
#3090 = CARTESIAN_POINT ( 'NONE',  ( 1.017788105676657562, 0.5876202367904164170, -2.733333333333332060 ) ) ;
#3091 = ADVANCED_FACE ( 'NONE', ( #160 ), #1660, .T. ) ;
#3092 = CARTESIAN_POINT ( 'NONE',  ( 1.499999999999999556, -6.100733027540754016E-16, -2.024999999999999911 ) ) ;
#3093 = CARTESIAN_POINT ( 'NONE',  ( 3.806512302282672647E-16, 1.554126587736527343, -2.431249999999999467 ) ) ;
#3094 = B_SPLINE_CURVE_WITH_KNOTS ( 'NONE', 3,
 ( #765, #3263, #2497, #2239, #3217, #448, #734, #3016, #224, #1250, #750, #1512, #1777, #3278, #2547, #1025, #293, #275, #1316, #811, #2843, #1332 ),
 .UNSPECIFIED., .F., .F.,
 ( 4, 2, 2, 2, 2, 2, 2, 2, 2, 2, 4 ),
 ( 0.008342548042556678645, 0.008828722505807877138, 0.009314896969059077367, 0.009801071432310275860, 0.01028724589556147609, 0.01053033312718707620, 0.01077342035881267632, 0.01125959482206387655, 0.01174576928531507677, 0.01198885651694067515, 0.01223194374856627527 ),
 .UNSPECIFIED. ) ;
#3095 = EDGE_CURVE ( 'NONE', #3139, #1921, #2946, .T. ) ;
#3096 = CARTESIAN_POINT ( 'NONE',  ( -1.017788105676657118, 0.5876202367904173052, -3.066666666666665986 ) ) ;
#3097 = CARTESIAN_POINT ( 'NONE',  ( 1.017788105676656896, -0.5876202367904177493, -0.8791666666666656527 ) ) ;
#3098 = AXIS2_PLACEMENT_3D ( 'NONE', #1926, #1944, #2385 ) ;
#3099 = CARTESIAN_POINT ( 'NONE',  ( 0.8660254037844380415, -1.500000000000000444, -1.170833333333332504 ) ) ;
#3100 =( BOUNDED_CURVE ( )  B_SPLINE_CURVE ( 2, ( #1690, #2690, #1193, #1972, #1708, #2911, #439, #924, #894 ),
 .UNSPECIFIED., .F., .F. ) 
 B_SPLINE_CURVE_WITH_KNOTS ( ( 3, 2, 2, 2, 3 ),
 ( 0.7321428571428572063, 0.7380952380952381375, 0.7500000000000000000, 0.7619047619047618625, 0.7678571428571429047 ),
 .UNSPECIFIED. ) 
 CURVE ( )  GEOMETRIC_REPRESENTATION_ITEM ( )  RATIONAL_B_SPLINE_CURVE ( ( 0.9330127018922192983, 0.9330127018922198534, 1.000000000000000000, 0.8660254037844385966, 1.000000000000000000, 0.8660254037844385966, 1.000000000000000000, 0.9330127018922187432, 0.9330127018922192983 ) ) 
 REPRESENTATION_ITEM ( '' )  );
#3101 = CARTESIAN_POINT ( 'NONE',  ( -0.6785254037844379305, 1.175240473580834388, -2.670833333333332060 ) ) ;
#3102 = CARTESIAN_POINT ( 'NONE',  ( -1.439254484199188393E-16, -1.175240473580834388, -1.962499999999998579 ) ) ;
#3103 = CARTESIAN_POINT ( 'NONE',  ( 0.6785254037844385966, 1.175240473580834166, 1.308333333333334236 ) ) ;
#3104 = DIRECTION ( 'NONE',  ( -1.000000000000000000, 0.000000000000000000, 0.000000000000000000 ) ) ;
#3105 = ORIENTED_EDGE ( 'NONE', *, *, #2023, .T. ) ;
#3106 = ORIENTED_EDGE ( 'NONE', *, *, #1241, .F. ) ;
#3107 = CARTESIAN_POINT ( 'NONE',  ( 1.499999999999999556, 3.108468733080288481E-15, 0.4750000000000000888 ) ) ;
#3108 = CARTESIAN_POINT ( 'NONE',  ( 1.430908802125417045, -0.4500000000000016209, -3.550000000000000711 ) ) ;
#3109 = CARTESIAN_POINT ( 'NONE',  ( 1.299038105676657340, -0.7500000000000003331, -1.629166666666665986 ) ) ;
#3110 = CARTESIAN_POINT ( 'NONE',  ( 2.990023591743821818, 0.2444980231992267272, 3.149999999999641975 ) ) ;
#3111 = CARTESIAN_POINT ( 'NONE',  ( 0.000000000000000000, 0.000000000000000000, 0.000000000000000000 ) ) ;
#3112 = CARTESIAN_POINT ( 'NONE',  ( 1.499999999999999778, 0.4019237886466832110, -3.502670900630739492 ) ) ;
#3113 = CARTESIAN_POINT ( 'NONE',  ( 0.6785254037844375974, -1.175240473580834610, 1.641666666666667718 ) ) ;
#3114 = CARTESIAN_POINT ( 'NONE',  ( -1.357050807568875861, 8.309539638847774027E-17, -1.087499999999999023 ) ) ;
#3115 = EDGE_CURVE ( 'NONE', #2080, #3155, #1629, .T. ) ;
#3116 = CARTESIAN_POINT ( 'NONE',  ( 0.8660254037844392627, 1.499999999999999334, -3.504166666666665542 ) ) ;
#3117 = CARTESIAN_POINT ( 'NONE',  ( 0.6785254037844375974, -1.175240473580834610, -2.920833333333332060 ) ) ;
#3118 = CARTESIAN_POINT ( 'NONE',  ( -0.8816504037844392627, -1.527063293868263338, 0.2927083333333327375 ) ) ;
#3119 = CARTESIAN_POINT ( 'NONE',  ( -0.6785254037844383745, -1.175240473580834166, -1.941666666666665764 ) ) ;
#3120 = CYLINDRICAL_SURFACE ( 'NONE', #1507, 1.500000000000000222 ) ;
#3121 = ORIENTED_EDGE ( 'NONE', *, *, #2346, .F. ) ;
#3122 =( BOUNDED_CURVE ( )  B_SPLINE_CURVE ( 2, ( #2668, #1605, #2599, #1419, #2650, #3173, #1373, #2162, #1152 ),
 .UNSPECIFIED., .F., .F. ) 
 B_SPLINE_CURVE_WITH_KNOTS ( ( 3, 2, 2, 2, 3 ),
 ( 0.08928571428571430157, 0.09523809523809523281, 0.1071428571428570953, 0.1190476190476190688, 0.1250000000000000000 ),
 .UNSPECIFIED. ) 
 CURVE ( )  GEOMETRIC_REPRESENTATION_ITEM ( )  RATIONAL_B_SPLINE_CURVE ( ( 0.9330127018922192983, 0.9330127018922192983, 1.000000000000000000, 0.8660254037844385966, 1.000000000000000000, 0.8660254037844385966, 1.000000000000000000, 0.9330127018922192983, 0.9330127018922192983 ) ) 
 REPRESENTATION_ITEM ( '' )  );
#3123 = VERTEX_POINT ( 'NONE', #142 ) ;
#3124 = CARTESIAN_POINT ( 'NONE',  ( -1.499999999999999334, -3.544235377904628279E-15, 0.7250000000000000888 ) ) ;
#3125 = CARTESIAN_POINT ( 'NONE',  ( -0.6785254037844378194, 1.175240473580834388, 1.329166666666667718 ) ) ;
#3126 = CARTESIAN_POINT ( 'NONE',  ( 0.8816504037844381525, -1.527063293868264449, -4.123958333333334281 ) ) ;
#3127 = AXIS2_PLACEMENT_3D ( 'NONE', #2738, #788, #2994 ) ;
#3128 = CARTESIAN_POINT ( 'NONE',  ( -0.8660254037844387076, -1.499999999999998668, -2.191666666666666874 ) ) ;
#3129 = CARTESIAN_POINT ( 'NONE',  ( 0.8972754037844394848, 1.554126587736526899, -3.472916666666665542 ) ) ;
#3130 = CARTESIAN_POINT ( 'NONE',  ( 1.418573581321592947, 0.4584372772175585586, -3.576876509799347126 ) ) ;
#3131 = LINE ( 'NONE', #809, #311 ) ;
#3132 = CARTESIAN_POINT ( 'NONE',  ( -0.6785254037844378194, 1.175240473580834388, -3.170833333333332060 ) ) ;
#3133 = DIRECTION ( 'NONE',  ( -0.000000000000000000, -0.000000000000000000, 1.000000000000000000 ) ) ;
#3134 = ADVANCED_FACE ( 'NONE', ( #896 ), #825, .T. ) ;
#3135 = CARTESIAN_POINT ( 'NONE',  ( -1.499999999999999334, 2.324088772396477673E-16, -0.8374999999999991340 ) ) ;
#3136 = CARTESIAN_POINT ( 'NONE',  ( 0.8816504037844394848, 1.527063293868263338, 0.5427083333333326820 ) ) ;
#3137 = CARTESIAN_POINT ( 'NONE',  ( -1.017788105676657118, -0.5876202367904169721, 0.01666666666666786686 ) ) ;
#3138 = CARTESIAN_POINT ( 'NONE',  ( 3.673940397442058389E-16, 1.499999999999999556, 0.5375000000000006439 ) ) ;
#3139 = VERTEX_POINT ( 'NONE', #880 ) ;
#3140 = CYLINDRICAL_SURFACE ( 'NONE', #2692, 0.06000000000000015737 ) ;
#3141 = CARTESIAN_POINT ( 'NONE',  ( -0.8660254037844380415, 1.499999999999999334, 1.141666666666666385 ) ) ;
#3142 = CARTESIAN_POINT ( 'NONE',  ( 1.017788105676656896, -0.5876202367904177493, 2.620833333333334458 ) ) ;
#3143 = LINE ( 'NONE', #1374, #2661 ) ;
#3144 = ORIENTED_EDGE ( 'NONE', *, *, #2225, .F. ) ;
#3145 = CARTESIAN_POINT ( 'NONE',  ( 2.878508968398376785E-16, 1.175240473580834388, -4.149999999999999467 ) ) ;
#3146 = CARTESIAN_POINT ( 'NONE',  ( 1.430908802125421708, -0.4499999999999905742, 1.950000000000000400 ) ) ;
#3147 = CARTESIAN_POINT ( 'NONE',  ( -1.357050807568875861, 8.309539638847774027E-17, 1.475000000000001199 ) ) ;
#3148 = CARTESIAN_POINT ( 'NONE',  ( 1.339542832461899424, 0.6749999999999637401, -3.550000000000001155 ) ) ;
#3149 = CARTESIAN_POINT ( 'NONE',  ( -1.017788105676657118, 0.5876202367904173052, -2.566666666666665542 ) ) ;
#3150 = CARTESIAN_POINT ( 'NONE',  ( 1.017788105676657562, 0.5876202367904164170, -1.795833333333332060 ) ) ;
#3151 = CARTESIAN_POINT ( 'NONE',  ( 1.345913105676658450, 0.7770632938682625612, 2.985416666666667496 ) ) ;
#3152 = CARTESIAN_POINT ( 'NONE',  ( 0.6785254037844385966, 1.175240473580834166, -3.254166666666665098 ) ) ;
#3153 = CARTESIAN_POINT ( 'NONE',  ( -1.322475605676658228, -0.7635316469341315582, 0.7510416666666661634 ) ) ;
#3154 = CARTESIAN_POINT ( 'NONE',  ( 1.017788105676657562, 0.5876202367904164170, -1.733333333333332060 ) ) ;
#3155 = VERTEX_POINT ( 'NONE', #1178 ) ;
#3156 = CARTESIAN_POINT ( 'NONE',  ( -1.299038105676657562, 0.7500000000000000000, 1.183333333333333126 ) ) ;
#3157 = FACE_OUTER_BOUND ( 'NONE', #2099, .T. ) ;
#3158 = CARTESIAN_POINT ( 'NONE',  ( -1.499999999999999556, -0.4019237886466836551, -2.815170900630738604 ) ) ;
#3159 = EDGE_LOOP ( 'NONE', ( #2389, #2734, #116, #2765 ) ) ;
#3160 = EDGE_CURVE ( 'NONE', #2959, #2783, #2172, .T. ) ;
#3161 = PERSON_AND_ORGANIZATION_ROLE ( 'design_owner' ) ;
#3162 = CARTESIAN_POINT ( 'NONE',  ( -1.499999999999999334, 1.743066579297358255E-16, -2.274999999999999911 ) ) ;
#3163 = CARTESIAN_POINT ( 'NONE',  ( 1.017788105676657562, 0.5876202367904164170, 1.766666666666667718 ) ) ;
#3164 = CARTESIAN_POINT ( 'NONE',  ( -0.8660254037844387076, -1.499999999999998668, -2.691666666666666430 ) ) ;
#3165 = CARTESIAN_POINT ( 'NONE',  ( -1.017788105676657118, 0.5876202367904173052, -1.629166666666665542 ) ) ;
#3166 = CARTESIAN_POINT ( 'NONE',  ( -1.903256151141336323E-16, -1.554126587736527343, 2.818750000000000977 ) ) ;
#3167 = CARTESIAN_POINT ( 'NONE',  ( -1.357050807568876083, 8.309539638847774027E-17, -2.587499999999999023 ) ) ;
#3168 = CARTESIAN_POINT ( 'NONE',  ( -1.322475605676658006, 0.7635316469341321133, 2.167708333333332682 ) ) ;
#3169 = CARTESIAN_POINT ( 'NONE',  ( -1.017788105676657118, 0.5876202367904173052, -1.066666666666665320 ) ) ;
#3170 = ORIENTED_EDGE ( 'NONE', *, *, #1741, .T. ) ;
#3171 =( BOUNDED_CURVE ( )  B_SPLINE_CURVE ( 2, ( #2165, #1623, #1905, #355, #1407, #1637, #2873, #2906, #607 ),
 .UNSPECIFIED., .F., .F. ) 
 B_SPLINE_CURVE_WITH_KNOTS ( ( 3, 2, 2, 2, 3 ),
 ( 0.3392857142857143016, 0.3452380952380952328, 0.3571428571428570953, 0.3690476190476190688, 0.3750000000000000000 ),
 .UNSPECIFIED. ) 
 CURVE ( )  GEOMETRIC_REPRESENTATION_ITEM ( )  RATIONAL_B_SPLINE_CURVE ( ( 0.9330127018922192983, 0.9330127018922192983, 1.000000000000000000, 0.8660254037844385966, 1.000000000000000000, 0.8660254037844385966, 1.000000000000000000, 0.9330127018922192983, 0.9330127018922192983 ) ) 
 REPRESENTATION_ITEM ( '' )  );
#3172 = CARTESIAN_POINT ( 'NONE',  ( 0.9821552488849425444, -0.6636454151024596682, -3.874759526419165656 ) ) ;
#3173 = CARTESIAN_POINT ( 'NONE',  ( 0.8660254037844380415, -1.500000000000000444, -3.170833333333333393 ) ) ;
#3174 = CARTESIAN_POINT ( 'NONE',  ( 2.878508968398376785E-16, 1.175240473580834388, 1.787500000000000977 ) ) ;
#3175 = CARTESIAN_POINT ( 'NONE',  ( -2.989271626418971373, 0.2535662224347176030, 3.151166841412591513 ) ) ;
#3176 = EDGE_CURVE ( 'NONE', #739, #2526, #1878, .T. ) ;
#3177 = CARTESIAN_POINT ( 'NONE',  ( -1.439254484199188393E-16, -1.175240473580834388, 2.600000000000000533 ) ) ;
#3178 = CARTESIAN_POINT ( 'NONE',  ( -1.379376093181255536, -0.3442791338724752737, 1.796515932205078991 ) ) ;
#3179 = CARTESIAN_POINT ( 'NONE',  ( -1.357050807568875861, 8.309539638847774027E-17, -2.587499999999999023 ) ) ;
#3180 = CARTESIAN_POINT ( 'NONE',  ( 1.763300807568877193, -3.239131034884752599E-16, 0.4593749999999994782 ) ) ;
#3181 = CARTESIAN_POINT ( 'NONE',  ( 0.6785254037844385966, 1.175240473580834166, -2.191666666666665986 ) ) ;
#3182 = VERTEX_POINT ( 'NONE', #631 ) ;
#3183 = DIRECTION ( 'NONE',  ( -0.000000000000000000, -0.000000000000000000, 1.000000000000000000 ) ) ;
#3184 = CARTESIAN_POINT ( 'NONE',  ( -1.017788105676657118, -0.5876202367904169721, 0.9541666666666676067 ) ) ;
#3185 = CARTESIAN_POINT ( 'NONE',  ( 3.000000000000000000, 0.000000000000000000, 2.100000000000000089 ) ) ;
#3186 = CARTESIAN_POINT ( 'NONE',  ( -1.299038105676657562, 0.7500000000000000000, -2.816666666666666430 ) ) ;
#3187 = CARTESIAN_POINT ( 'NONE',  ( 1.499999999999999556, -6.100733027540754016E-16, -3.087499999999999023 ) ) ;
#3188 = CARTESIAN_POINT ( 'NONE',  ( -1.439254484199188393E-16, -1.175240473580834388, -0.3999999999999988565 ) ) ;
#3189 = CYLINDRICAL_SURFACE ( 'NONE', #258, 1.500000000000000222 ) ;
#3190 = CARTESIAN_POINT ( 'NONE',  ( 1.499999999999999556, 1.307299934473018605E-15, 1.474999999999999645 ) ) ;
#3191 = AXIS2_PLACEMENT_3D ( 'NONE', #2333, #1506, #1821 ) ;
#3192 = CARTESIAN_POINT ( 'NONE',  ( -0.8660254037844382635, 1.499999999999999778, 1.579166666666667496 ) ) ;
#3193 = EDGE_CURVE ( 'NONE', #1749, #254, #3, .T. ) ;
#3194 = AXIS2_PLACEMENT_3D ( 'NONE', #3248, #467, #2223 ) ;
#3195 = EDGE_LOOP ( 'NONE', ( #3236, #544, #31 ) ) ;
#3196 = DIRECTION ( 'NONE',  ( 0.000000000000000000, -0.000000000000000000, 1.000000000000000000 ) ) ;
#3197 = CARTESIAN_POINT ( 'NONE',  ( -0.6785254037844378194, 1.175240473580834388, -2.608333333333332504 ) ) ;
#3198 = ORIENTED_EDGE ( 'NONE', *, *, #1541, .F. ) ;
#3199 = DIRECTION ( 'NONE',  ( 1.000000000000000000, 0.000000000000000000, 0.000000000000000000 ) ) ;
#3200 = CARTESIAN_POINT ( 'NONE',  ( -3.000000000000000000, -0.2399999999999998246, 3.209999999999999964 ) ) ;
#3201 = CARTESIAN_POINT ( 'NONE',  ( 0.6785254037844375974, -1.175240473580834610, 0.5791666666666677177 ) ) ;
#3202 = CARTESIAN_POINT ( 'NONE',  ( -1.017788105676657118, 0.5876202367904173052, 0.8708333333333343473 ) ) ;
#3203 = CARTESIAN_POINT ( 'NONE',  ( 1.499999999999999556, -6.100733027540754016E-16, -3.524999999999999911 ) ) ;
#3204 = ORIENTED_EDGE ( 'NONE', *, *, #2048, .F. ) ;
#3205 = ORIENTED_EDGE ( 'NONE', *, *, #2644, .F. ) ;
#3206 = B_SPLINE_CURVE_WITH_KNOTS ( 'NONE', 3,
 ( #626, #2589, #1609, #2106, #106, #1874, #2604, #323, #1638, #2637, #372, #1344, #1393, #2393, #826, #643, #1377, #74, #841, #1089, #1123, #341, #2621, #1363 ),
 .UNSPECIFIED., .F., .F.,
 ( 4, 2, 2, 2, 2, 2, 2, 2, 2, 2, 2, 4 ),
 ( 0.004111601327119509749, 0.004640469666549155645, 0.005169338005978802407, 0.005433772175693625354, 0.005698206345408449169, 0.005962640515123272117, 0.006227074684838095064, 0.006755943024267740959, 0.007020377193982563907, 0.007284811363697386855, 0.007813679703127032750, 0.008342548042556678645 ),
 .UNSPECIFIED. ) ;
#3207 = CARTESIAN_POINT ( 'NONE',  ( -1.499999999999998446, -0.4019237886466854315, 0.2473290993692601192 ) ) ;
#3208 = CARTESIAN_POINT ( 'NONE',  ( 0.6785254037844375974, -1.175240473580834610, 0.6416666666666677177 ) ) ;
#3209 = CARTESIAN_POINT ( 'NONE',  ( 0.9485257444736350241, -1.150024266471016299, 1.916672199592799775 ) ) ;
#3210 = LINE ( 'NONE', #1739, #1671 ) ;
#3211 = APPROVAL ( #591, 'UNSPECIFIED' ) ;
#3212 = CARTESIAN_POINT ( 'NONE',  ( -0.8972754037844390407, -1.554126587736526899, 1.777083333333334014 ) ) ;
#3213 = CARTESIAN_POINT ( 'NONE',  ( 0.6785254037844375974, -1.175240473580834610, 0.6416666666666677177 ) ) ;
#3214 = ORIENTED_EDGE ( 'NONE', *, *, #504, .T. ) ;
#3215 = CARTESIAN_POINT ( 'NONE',  ( 1.357050807568875861, -2.492861891654331838E-16, -3.274999999999999023 ) ) ;
#3216 = EDGE_CURVE ( 'NONE', #1790, #2460, #507, .T. ) ;
#3217 = CARTESIAN_POINT ( 'NONE',  ( 1.034809715972791588, -0.7589276481432470911, 1.556647512358336316 ) ) ;
#3218 = CARTESIAN_POINT ( 'NONE',  ( 1.017788105676657562, 0.5876202367904164170, 1.204166666666667718 ) ) ;
#3219 = CARTESIAN_POINT ( 'NONE',  ( 0.6785254037844375974, -1.175240473580834610, 0.07916666666666749563 ) ) ;
#3220 = CARTESIAN_POINT ( 'NONE',  ( 0.8660254037844390407, 1.499999999999998668, -0.9416666666666667629 ) ) ;
#3221 = ORIENTED_EDGE ( 'NONE', *, *, #130, .F. ) ;
#3222 = VERTEX_POINT ( 'NONE', #2141 ) ;
#3223 = PLANE ( 'NONE',  #72 ) ;
#3224 = CARTESIAN_POINT ( 'NONE',  ( -0.6785254037844383745, -1.175240473580834166, -0.9416666666666659857 ) ) ;
#3225 = CARTESIAN_POINT ( 'NONE',  ( 1.150000000000001243, 0.000000000000000000, -3.899999999999999911 ) ) ;
#3226 = CARTESIAN_POINT ( 'NONE',  ( 0.000000000000000000, 0.000000000000000000, -3.899999999999999911 ) ) ;
#3227 = AXIS2_PLACEMENT_3D ( 'NONE', #1928, #161, #411 ) ;
#3228 = CARTESIAN_POINT ( 'NONE',  ( 1.345913105676657562, -0.7770632938682643376, 2.402083333333334014 ) ) ;
#3229 = CARTESIAN_POINT ( 'NONE',  ( -1.499999999999999334, -7.320879633048904819E-15, -2.337499999999999023 ) ) ;
#3230 = CARTESIAN_POINT ( 'NONE',  ( 1.357050807568875861, -2.492861891654331838E-16, 2.162500000000000977 ) ) ;
#3231 = FACE_OUTER_BOUND ( 'NONE', #3005, .T. ) ;
#3232 = ADVANCED_FACE ( 'NONE', ( #1895 ), #1027, .F. ) ;
#3233 = CARTESIAN_POINT ( 'NONE',  ( 2.878508968398376785E-16, 1.175240473580834388, 0.7875000000000008660 ) ) ;
#3234 = CARTESIAN_POINT ( 'NONE',  ( 1.017788105676657562, 0.5876202367904164170, -1.295833333333332504 ) ) ;
#3235 = CARTESIAN_POINT ( 'NONE',  ( -1.499999999999999334, 0.4019237886466840992, -1.797329099369260552 ) ) ;
#3236 = ORIENTED_EDGE ( 'NONE', *, *, #1091, .F. ) ;
#3237 = ORIENTED_EDGE ( 'NONE', *, *, #2665, .T. ) ;
#3238 = PERSON_AND_ORGANIZATION ( #3018, #2721 ) ;
#3239 = EDGE_CURVE ( 'NONE', #351, #1765, #2359, .T. ) ;
#3240 = CARTESIAN_POINT ( 'NONE',  ( -1.499999999999999334, 2.324088772396477673E-16, -0.8374999999999991340 ) ) ;
#3241 = CARTESIAN_POINT ( 'NONE',  ( -1.017788105676657118, 0.5876202367904173052, -0.5666666666666654306 ) ) ;
#3242 = CARTESIAN_POINT ( 'NONE',  ( -8.980470348699682844E-05, -1.446738899419979685, -3.613194762252219583 ) ) ;
#3243 = CARTESIAN_POINT ( 'NONE',  ( 1.299038105676657562, -0.7500000000000004441, 1.433333333333333348 ) ) ;
#3244 = B_SPLINE_CURVE_WITH_KNOTS ( 'NONE', 3,
 ( #1125, #2341, #83, #867, #3022, #2124 ),
 .UNSPECIFIED., .F., .F.,
 ( 4, 2, 4 ),
 ( 0.008058213405483669045, 0.008332615923165668723, 0.008607018440847668400 ),
 .UNSPECIFIED. ) ;
#3245 = CARTESIAN_POINT ( 'NONE',  ( -0.8972754037844382635, 1.554126587736527343, 0.6104166666666674956 ) ) ;
#3246 = CARTESIAN_POINT ( 'NONE',  ( 1.017788105676657562, 0.5876202367904164170, 1.266666666666667718 ) ) ;
#3247 = CARTESIAN_POINT ( 'NONE',  ( 2.878508968398376785E-16, 1.175240473580834388, -3.649999999999999023 ) ) ;
#3248 = CARTESIAN_POINT ( 'NONE',  ( 0.000000000000000000, 0.000000000000000000, 3.899999999999999911 ) ) ;
#3249 = VECTOR ( 'NONE', #1991, 1000.000000000000000 ) ;
#3250 = CARTESIAN_POINT ( 'NONE',  ( -1.186065791128140479, -2.934162075150553272E-15, 1.406250000000000888 ) ) ;
#3251 = CARTESIAN_POINT ( 'NONE',  ( 1.357050807568875861, -2.492861891654331838E-16, 0.1625000000000011990 ) ) ;
#3252 = CARTESIAN_POINT ( 'NONE',  ( -2.984962311319913297, -0.2999999999999998224, 3.269999999999995133 ) ) ;
#3253 = ORIENTED_EDGE ( 'NONE', *, *, #3216, .T. ) ;
#3254 = EDGE_LOOP ( 'NONE', ( #1734, #1197, #3267, #3021, #2151, #2055 ) ) ;
#3255 = CARTESIAN_POINT ( 'NONE',  ( -1.299038105676657562, 0.7500000000000000000, -0.8791666666666656527 ) ) ;
#3256 = EDGE_CURVE ( 'NONE', #1182, #444, #3171, .T. ) ;
#3257 = CARTESIAN_POINT ( 'NONE',  ( -1.357050807568875861, 8.309539638847774027E-17, 0.4750000000000010880 ) ) ;
#3258 = CARTESIAN_POINT ( 'NONE',  ( -1.499999999999999334, 0.4019237886466840437, -1.859829099369259664 ) ) ;
#3259 = CARTESIAN_POINT ( 'NONE',  ( -1.794550807568877193, 1.098845451198261649E-16, 1.693750000000000977 ) ) ;
#3260 = VERTEX_POINT ( 'NONE', #2121 ) ;
#3261 = CARTESIAN_POINT ( 'NONE',  ( 2.878508968398376785E-16, 1.175240473580834388, -0.6499999999999991340 ) ) ;
#3262 = CARTESIAN_POINT ( 'NONE',  ( -1.017788105676657118, -0.5876202367904169721, -3.483333333333331616 ) ) ;
#3263 = CARTESIAN_POINT ( 'NONE',  ( 1.289809731985392727, -0.1617427256768778632, 1.585939776542214963 ) ) ;
#3264 = CARTESIAN_POINT ( 'NONE',  ( -1.017788105676657118, 0.5876202367904173052, -1.129166666666665542 ) ) ;
#3265 = CARTESIAN_POINT ( 'NONE',  ( -0.6785254037844378194, 1.175240473580834388, 0.3291666666666677177 ) ) ;
#3266 = CARTESIAN_POINT ( 'NONE',  ( 0.000000000000000000, 0.000000000000000000, 3.149999999999999911 ) ) ;
#3267 = ORIENTED_EDGE ( 'NONE', *, *, #54, .F. ) ;
#3268 = CARTESIAN_POINT ( 'NONE',  ( 0.8660254037844377084, -1.499999999999999556, 0.3916666666666664409 ) ) ;
#3269 = ORIENTED_EDGE ( 'NONE', *, *, #173, .T. ) ;
#3270 = CARTESIAN_POINT ( 'NONE',  ( 1.500000000000000222, 1.836970198721030181E-16, 6.342640687119286191 ) ) ;
#3271 = CARTESIAN_POINT ( 'NONE',  ( -1.439254484199188393E-16, -1.175240473580834388, -2.899999999999998579 ) ) ;
#3272 = EDGE_CURVE ( 'NONE', #1186, #435, #1674, .T. ) ;
#3273 = CARTESIAN_POINT ( 'NONE',  ( 0.000000000000000000, 0.000000000000000000, 6.342640687119286191 ) ) ;
#3274 = CARTESIAN_POINT ( 'NONE',  ( 0.8972754037844380415, -1.554126587736527787, 1.360416666666667274 ) ) ;
#3275 = VERTEX_POINT ( 'NONE', #1140 ) ;
#3276 = CARTESIAN_POINT ( 'NONE',  ( -0.6785254037844382635, -1.175240473580834166, -1.941666666666665542 ) ) ;
#3277 = CARTESIAN_POINT ( 'NONE',  ( -0.6785254037844378194, 1.175240473580834388, 1.329166666666667718 ) ) ;
#3278 = CARTESIAN_POINT ( 'NONE',  ( -0.5829522718627279110, -1.087599599174460474, 1.470771080330125491 ) ) ;
#3279 = CARTESIAN_POINT ( 'NONE',  ( 0.6785254037844375974, -1.175240473580834610, -0.9208333333333325044 ) ) ;
#3280 = CARTESIAN_POINT ( 'NONE',  ( 0.6785254037844375974, -1.175240473580834610, -2.420833333333332948 ) ) ;
#3281 = CARTESIAN_POINT ( 'NONE',  ( -0.6785254037844378194, 1.175240473580834388, 0.8916666666666678287 ) ) ;
#3282 = CARTESIAN_POINT ( 'NONE',  ( -1.499999999999999334, 1.743066579297358255E-16, -1.275000000000000133 ) ) ;
#3283 = VERTEX_POINT ( 'NONE', #71 ) ;
#3284 = CARTESIAN_POINT ( 'NONE',  ( -1.763300807568877193, 1.079710344961584282E-16, -0.7906250000000004663 ) ) ;
#3285 = CARTESIAN_POINT ( 'NONE',  ( -1.499999999999999334, 1.743066579297358255E-16, -2.274999999999999911 ) ) ;
ENDSEC;
END-ISO-10303-21;
