ISO-10303-21;
HEADER;
FILE_DESCRIPTION (( 'STEP AP203' ),
    '1' );
FILE_NAME ('98952A402_Aluminum Male-Female Threaded Hex Standoff.STEP',
    '2026-01-09T00:19:20',
    ( 'McMaster Carr Supply' ),
    ( 'McMaster Carr Supply' ),
    'SwSTEP 2.0',
    'SolidWorks 2024',
    '' );
FILE_SCHEMA (( 'CONFIG_CONTROL_DESIGN' ));
ENDSEC;

DATA;
#1 = CARTESIAN_POINT ( 'NONE',  ( -25.00000000000000355, -1.727238319854178528, 1.508335473232657487 ) ) ;
#2 = CARTESIAN_POINT ( 'NONE',  ( -23.62551930614035101, -3.020732167458874050E-05, -1.499999999450486676 ) ) ;
#3 = CARTESIAN_POINT ( 'NONE',  ( -20.18749999999998934, -1.500000000000001332, 1.836970198721031413E-16 ) ) ;
#4 =( BOUNDED_CURVE ( )  B_SPLINE_CURVE ( 2, ( #4100, #388, #1620, #3284, #1540, #3614, #4956, #2819, #359 ),
 .UNSPECIFIED., .F., .F. ) 
 B_SPLINE_CURVE_WITH_KNOTS ( ( 3, 2, 2, 2, 3 ),
 ( 0.1590909090909090884, 0.1666666666666666574, 0.1818181818181818232, 0.1969696969696969613, 0.2045454545454545581 ),
 .UNSPECIFIED. ) 
 CURVE ( )  GEOMETRIC_REPRESENTATION_ITEM ( )  RATIONAL_B_SPLINE_CURVE ( ( 0.9330127018922194093, 0.9330127018922194093, 1.000000000000000000, 0.8660254037844387076, 1.000000000000000000, 0.8660254037844387076, 1.000000000000000000, 0.9330127018922191873, 0.9330127018922192983 ) ) 
 REPRESENTATION_ITEM ( '' )  );
#5 = ORIENTED_EDGE ( 'NONE', *, *, #4739, .F. ) ;
#6 = CARTESIAN_POINT ( 'NONE',  ( -21.02083333333332504, -0.5876202367904166390, 1.017788105676656674 ) ) ;
#7 = CARTESIAN_POINT ( 'NONE',  ( -18.60000000000000142, 0.000000000000000000, 0.000000000000000000 ) ) ;
#8 = CARTESIAN_POINT ( 'NONE',  ( -20.27083333333332504, 0.5876202367904159729, -1.017788105676656896 ) ) ;
#9 = EDGE_LOOP ( 'NONE', ( #418, #5283, #1568, #1602, #3126, #5118 ) ) ;
#10 = CARTESIAN_POINT ( 'NONE',  ( -20.72916666666666075, -1.500000000000000888, 0.8660254037844398178 ) ) ;
#11 = CARTESIAN_POINT ( 'NONE',  ( -18.60000000000000142, 0.9398829573712774721, -1.100377697528502896 ) ) ;
#12 = CARTESIAN_POINT ( 'NONE',  ( -18.83333333333333570, -0.7500000000000003331, 1.299038105676659338 ) ) ;
#13 = VECTOR ( 'NONE', #3520, 1000.000000000000000 ) ;
#14 = CARTESIAN_POINT ( 'NONE',  ( -21.99999999999999289, -1.175240473580833722, 1.439254484199187407E-16 ) ) ;
#15 = CARTESIAN_POINT ( 'NONE',  ( 21.41666666666666430, -0.5876202367904145296, 1.017788105676650900 ) ) ;
#16 = CARTESIAN_POINT ( 'NONE',  ( 21.93750000000000000, 1.500000000000000000, 0.000000000000000000 ) ) ;
#17 = AXIS2_PLACEMENT_3D ( 'NONE', #2890, #4114, #5324 ) ;
#18 = CARTESIAN_POINT ( 'NONE',  ( 22.87499999999999645, 2.033577675846917841E-16, -1.499999999999999778 ) ) ;
#19 = CARTESIAN_POINT ( 'NONE',  ( -25.00000000000000000, 1.299038105676659782, -2.249999999999999556 ) ) ;
#20 = CARTESIAN_POINT ( 'NONE',  ( -21.22916666666666075, -1.500000000000000888, 0.8660254037844398178 ) ) ;
#21 = CARTESIAN_POINT ( 'NONE',  ( -23.87499999999998934, -2.492861891654330359E-16, -1.357050807568875195 ) ) ;
#22 = CARTESIAN_POINT ( 'NONE',  ( -23.49999999999998934, -1.175240473580833722, 1.439254484199187407E-16 ) ) ;
#23 = CARTESIAN_POINT ( 'NONE',  ( -21.50000000000000355, 1.500000000000001332, 0.000000000000000000 ) ) ;
#24 = CARTESIAN_POINT ( 'NONE',  ( 19.95833333333333215, 1.500000000000000222, -0.8660254037844384856 ) ) ;
#25 = CARTESIAN_POINT ( 'NONE',  ( -22.02083333333332504, 0.7499999999999995559, -1.299038105676659560 ) ) ;
#26 = CARTESIAN_POINT ( 'NONE',  ( 24.77492022646127978, 0.7895874463341664429, -1.098398842220340788 ) ) ;
#27 = CARTESIAN_POINT ( 'NONE',  ( -19.56249999999998934, -6.391244124090313355E-16, -1.500000000000001332 ) ) ;
#28 = CARTESIAN_POINT ( 'NONE',  ( -18.87500000000000355, -4.666223194931850837E-15, 1.500000000000000888 ) ) ;
#29 = CARTESIAN_POINT ( 'NONE',  ( -18.60000000000000142, 0.000000000000000000, 0.000000000000000000 ) ) ;
#30 = VERTEX_POINT ( 'NONE', #2300 ) ;
#31 = CARTESIAN_POINT ( 'NONE',  ( -22.22916666666665719, 1.175240473580833500, -0.6785254037844382635 ) ) ;
#32 = CARTESIAN_POINT ( 'NONE',  ( 23.93749999999999645, 1.500000000000000000, 0.000000000000000000 ) ) ;
#33 = CARTESIAN_POINT ( 'NONE',  ( -20.85416666666666075, -0.5876202367904174162, -1.017788105676656230 ) ) ;
#34 = EDGE_LOOP ( 'NONE', ( #3503, #797, #611, #3968 ) ) ;
#35 = CARTESIAN_POINT ( 'NONE',  ( 22.25000000000000000, 1.175240473580827949, 0.000000000000000000 ) ) ;
#36 = FACE_OUTER_BOUND ( 'NONE', #3482, .T. ) ;
#37 = FACE_OUTER_BOUND ( 'NONE', #1488, .T. ) ;
#38 = EDGE_CURVE ( 'NONE', #3448, #690, #1459, .T. ) ;
#39 = CARTESIAN_POINT ( 'NONE',  ( -23.33333333333332504, 0.5876202367904159729, -1.017788105676656896 ) ) ;
#40 = CARTESIAN_POINT ( 'NONE',  ( 20.66666666666666785, 0.5876202367904140855, -1.017788105676651345 ) ) ;
#41 = CARTESIAN_POINT ( 'NONE',  ( 20.31249999999999645, 1.060575238724906915E-16, -1.732050807568877193 ) ) ;
#42 = CARTESIAN_POINT ( 'NONE',  ( -18.60000000000000142, 0.000000000000000000, 1.500000000000000666 ) ) ;
#43 = CARTESIAN_POINT ( 'NONE',  ( 24.94975952641917161, -1.184980119260413245, -0.03671990086634850659 ) ) ;
#44 = CARTESIAN_POINT ( 'NONE',  ( 24.16666666666666785, 0.5876202367904140855, -1.017788105676651345 ) ) ;
#45 = CARTESIAN_POINT ( 'NONE',  ( -22.99999999999999289, -1.175240473580833722, 1.439254484199187407E-16 ) ) ;
#46 =( NAMED_UNIT ( * ) PLANE_ANGLE_UNIT ( ) SI_UNIT ( $, .RADIAN. ) );
#47 = CARTESIAN_POINT ( 'NONE',  ( -19.41666666666665719, -0.5876202367904174162, -1.017788105676656230 ) ) ;
#48 = CARTESIAN_POINT ( 'NONE',  ( -20.20833333333333925, -1.500000000000001998, -0.8660254037844388186 ) ) ;
#49 = CARTESIAN_POINT ( 'NONE',  ( 24.64583333333333215, 1.175240473580827727, -0.6785254037844341557 ) ) ;
#50 = CARTESIAN_POINT ( 'NONE',  ( 19.99999999999999645, -3.755786496842899057E-16, 2.250000000000000000 ) ) ;
#51 = CARTESIAN_POINT ( 'NONE',  ( -25.06249999999999289, -3.181725716174723456E-16, -1.732050807568878747 ) ) ;
#52 = ADVANCED_FACE ( 'NONE', ( #764 ), #5253, .T. ) ;
#53 = CARTESIAN_POINT ( 'NONE',  ( 23.31249999999999645, 2.033577675846917841E-16, -1.499999999999999778 ) ) ;
#54 = CARTESIAN_POINT ( 'NONE',  ( 19.81249999999999645, -2.492861891654318526E-16, 1.357050807568868533 ) ) ;
#55 = CARTESIAN_POINT ( 'NONE',  ( 24.37499999999999645, -4.938688641342514686E-16, -1.499999999999999778 ) ) ;
#56 = CARTESIAN_POINT ( 'NONE',  ( -24.47916666666666075, 1.500000000000000888, -0.8660254037844402619 ) ) ;
#57 = CARTESIAN_POINT ( 'NONE',  ( -24.27083333333332504, -0.7500000000000003331, 1.299038105676659338 ) ) ;
#58 = VERTEX_POINT ( 'NONE', #5255 ) ;
#59 = CARTESIAN_POINT ( 'NONE',  ( -20.93749999999998934, -1.175240473580833722, 1.439254484199187407E-16 ) ) ;
#60 = CARTESIAN_POINT ( 'NONE',  ( 24.06249999999999645, -6.391244124090313355E-16, 1.499999999999999778 ) ) ;
#61 = CARTESIAN_POINT ( 'NONE',  ( -21.81249999999999289, -2.492861891654330359E-16, -1.357050807568875195 ) ) ;
#62 = ORIENTED_EDGE ( 'NONE', *, *, #4910, .F. ) ;
#63 = CARTESIAN_POINT ( 'NONE',  ( 23.74999999999999645, 1.175240473580827949, 0.000000000000000000 ) ) ;
#64 = DIRECTION ( 'NONE',  ( -0.7071067811865463515, 0.000000000000000000, 0.7071067811865487940 ) ) ;
#65 = DIRECTION ( 'NONE',  ( 0.000000000000000000, 0.000000000000000000, -1.000000000000000000 ) ) ;
#66 = CARTESIAN_POINT ( 'NONE',  ( -22.79166666666666075, 1.175240473580833056, -0.6785254037844382635 ) ) ;
#67 = CARTESIAN_POINT ( 'NONE',  ( 21.04166666666666785, -1.175240473580827505, -0.6785254037844345998 ) ) ;
#68 = CARTESIAN_POINT ( 'NONE',  ( 19.99999999999999645, 0.000000000000000000, 0.000000000000000000 ) ) ;
#69 = CARTESIAN_POINT ( 'NONE',  ( 22.66666666666666430, -0.7500000000000006661, 1.299038105676657562 ) ) ;
#70 = CARTESIAN_POINT ( 'NONE',  ( 24.12499999999999645, 8.309539638847728421E-17, -1.357050807568868311 ) ) ;
#71 = CARTESIAN_POINT ( 'NONE',  ( -21.37499999999999645, -2.492861891654330359E-16, -1.357050807568875195 ) ) ;
#72 = PERSON_AND_ORGANIZATION ( #1783, #4506 ) ;
#73 = CARTESIAN_POINT ( 'NONE',  ( -25.02083333333332504, -0.5876202367904166390, 1.017788105676656674 ) ) ;
#74 = CARTESIAN_POINT ( 'NONE',  ( -20.62500000000000711, -3.181725716174723456E-16, -1.732050807568878747 ) ) ;
#75 = CARTESIAN_POINT ( 'NONE',  ( 24.52083333333333215, -0.5876202367904137525, -1.017788105676651345 ) ) ;
#76 = CARTESIAN_POINT ( 'NONE',  ( 22.12500000000000000, -6.391244124090313355E-16, 1.499999999999999778 ) ) ;
#77 = AXIS2_PLACEMENT_3D ( 'NONE', #2294, #1890, #3118 ) ;
#78 = PRODUCT_RELATED_PRODUCT_CATEGORY ( 'detail', '', ( #4840 ) ) ;
#79 = CARTESIAN_POINT ( 'NONE',  ( -24.72916666666666075, -1.500000000000000888, 0.8660254037844398178 ) ) ;
#80 = CARTESIAN_POINT ( 'NONE',  ( 23.99999999999999645, 1.500000000000000000, 0.000000000000000000 ) ) ;
#81 = CARTESIAN_POINT ( 'NONE',  ( 19.77083333333333215, 0.5876202367904130863, 1.017788105676651789 ) ) ;
#82 = EDGE_CURVE ( 'NONE', #86, #5018, #4105, .T. ) ;
#83 = CARTESIAN_POINT ( 'NONE',  ( -24.91113077405811183, -0.8715716417098564595, -2.249999999999999556 ) ) ;
#84 = DIRECTION ( 'NONE',  ( -1.000000000000000000, 0.000000000000000000, 0.000000000000000000 ) ) ;
#85 =( BOUNDED_CURVE ( )  B_SPLINE_CURVE ( 2, ( #1752, #603, #3419, #2240, #3907, #3633, #4896, #4486, #686 ),
 .UNSPECIFIED., .F., .F. ) 
 B_SPLINE_CURVE_WITH_KNOTS ( ( 3, 2, 2, 2, 3 ),
 ( 0.05830554004635966209, 0.06478412792212609461, 0.07774095350655133019, 0.09069777909097655189, 0.09717628840441927540 ),
 .UNSPECIFIED. ) 
 CURVE ( )  GEOMETRIC_REPRESENTATION_ITEM ( )  RATIONAL_B_SPLINE_CURVE ( ( 0.9330127019411460498, 0.9330108915144941228, 1.000000000000000000, 0.8660254037844387076, 1.000000000000000000, 0.8660254037844387076, 1.000000000000000000, 0.9330117038551040132, 0.9330127019070890704 ) ) 
 REPRESENTATION_ITEM ( '' )  );
#86 = VERTEX_POINT ( 'NONE', #4487 ) ;
#87 = CARTESIAN_POINT ( 'NONE',  ( 21.20229952641916782, 0.000000000000000000, 0.000000000000000000 ) ) ;
#88 = CARTESIAN_POINT ( 'NONE',  ( 23.31249999999999645, -2.492861891654318526E-16, 1.357050807568868533 ) ) ;
#89 = CARTESIAN_POINT ( 'NONE',  ( -19.77083333333332504, 0.5876202367904159729, -1.017788105676656896 ) ) ;
#90 = ORIENTED_EDGE ( 'NONE', *, *, #3402, .F. ) ;
#91 = VERTEX_POINT ( 'NONE', #4070 ) ;
#92 = CARTESIAN_POINT ( 'NONE',  ( 23.54166666666666785, -1.175240473580827505, -0.6785254037844345998 ) ) ;
#93 = CYLINDRICAL_SURFACE ( 'NONE', #3301, 1.500000000000000222 ) ;
#94 = CARTESIAN_POINT ( 'NONE',  ( -21.95833333333332149, -1.175240473580834166, -0.6785254037844372643 ) ) ;
#95 = CARTESIAN_POINT ( 'NONE',  ( 20.79166666666666430, 1.175240473580827505, 0.6785254037844348218 ) ) ;
#96 = CARTESIAN_POINT ( 'NONE',  ( 22.04166666666666785, 1.499999999999999778, 0.8660254037844394848 ) ) ;
#97 = DIRECTION ( 'NONE',  ( 1.000000000000000000, 0.000000000000000000, 0.000000000000000000 ) ) ;
#98 = CARTESIAN_POINT ( 'NONE',  ( -20.50000000000000355, 1.500000000000001332, 0.000000000000000000 ) ) ;
#99 = CARTESIAN_POINT ( 'NONE',  ( -21.49999999999999289, -1.175240473580833722, 1.439254484199187407E-16 ) ) ;
#100 = APPROVAL_STATUS ( 'not_yet_approved' ) ;
#101 = CARTESIAN_POINT ( 'NONE',  ( -19.83333333333332504, 0.5876202367904159729, -1.017788105676656896 ) ) ;
#102 = CARTESIAN_POINT ( 'NONE',  ( -20.83333333333333925, -0.7500000000000003331, 1.299038105676659338 ) ) ;
#103 = CARTESIAN_POINT ( 'NONE',  ( 19.70833333333332860, -1.500000000000000444, 0.8660254037844380415 ) ) ;
#104 = AXIS2_PLACEMENT_3D ( 'NONE', #3506, #2217, #3882 ) ;
#105 = CARTESIAN_POINT ( 'NONE',  ( -23.97916666666665719, 1.500000000000000888, -0.8660254037844402619 ) ) ;
#106 = CARTESIAN_POINT ( 'NONE',  ( 23.29166666666666785, -1.499999999999999778, -0.8660254037844391517 ) ) ;
#107 = CARTESIAN_POINT ( 'NONE',  ( 24.87499999999999645, -2.492861891654318526E-16, 1.357050807568868533 ) ) ;
#108 = ORIENTED_EDGE ( 'NONE', *, *, #3350, .T. ) ;
#109 = ORIENTED_EDGE ( 'NONE', *, *, #3434, .T. ) ;
#110 = CARTESIAN_POINT ( 'NONE',  ( -19.18749999999999289, -1.500000000000001332, 1.836970198721031413E-16 ) ) ;
#111 = CARTESIAN_POINT ( 'NONE',  ( 24.06249999999999645, 8.309539638847728421E-17, -1.357050807568868533 ) ) ;
#112 = FACE_OUTER_BOUND ( 'NONE', #3879, .T. ) ;
#113 = ORIENTED_EDGE ( 'NONE', *, *, #4981, .T. ) ;
#114 = ORIENTED_EDGE ( 'NONE', *, *, #275, .T. ) ;
#115 =( BOUNDED_SURFACE ( )  B_SPLINE_SURFACE ( 1, 2, ( 
 ( #5036, #3389, #4731, #3036, #5062, #4651, #4624, #1347, #3008, #4677, #2208, #548, #4207, #920, #2105, #892, #949, #4290, #1001, #2983, #2133, #3850, #131, #3795, #80, #3768, #574, #1724, #466, #1776, #2571, #4234, #1806, #3444, #4180, #2160, #1373, #3874, #3822, #1402, #3063, #106, #4894, #3608, #300, #1644, #5277, #2400, #4511, #3685, #3305, #836, #326, #4093, #2814, #1235, #2786, #3632, #4922, #2048, #2374, #811, #2867, #738, #4979, #4566, #2896, #4460, #2485, #786, #762, #4485, #1947, #4120, #5330, #1533, #4040, #3196, #1183, #2426, #4866, #5358, #1560, #2021, #1589, #5388, #408, #1132, #1614, #4067, #1999, #1973, #3249, #5304, #3224, #3276, #1210, #1157, #352, #3661, #3710, #2838, #380, #4951, #4538, #2455, #4619, #2920, #5058, #3386, #1317, #2182, #518, #4174, #890, #2076, #862, #915, #4256, #4698, #3357, #24, #3817, #2566, #2513, #2979, #1289, #103, #1670, #463, #2157, #4145, #490 ),
 ( #1344, #943, #2101, #1263, #3004, #3791, #4648, #4230, #1747, #5032, #5108, #3764, #1369, #49, #1694, #3412, #75, #3846, #2595, #3739, #5083, #2543, #2129, #3330, #1720, #2946, #972, #4673, #544, #1773, #4203, #127, #3441, #5006, #3030, #433, #4593, #1828, #3083, #1395, #3519, #1856, #5192, #675, #4369, #2648, #4752, #569, #4724, #4780, #2725, #3162, #3493, #3870, #2287, #1049, #995, #1449, #5166, #3955, #153, #4311, #652, #2622, #4341, #5134, #237, #1882, #3546, #5218, #4805, #593, #3058, #1475, #2260, #3112, #2702, #3139, #1421, #3572, #2231, #5243, #3897, #2204, #1798, #1075, #3928, #180, #3466, #212, #621, #4395, #2312, #1909, #3980, #1023, #261, #1500, #4829, #2675, #4284, #315, #1963, #4423, #1097, #2444, #700, #3212, #5320, #4499, #4110, #1633, #1123, #4911, #3622, #2038, #3596, #4449, #342, #2856, #3185, #1606, #3676, #1523, #398, #5376, #3700, #5268, #3293, #1579, #1549, #5293, #2748 ) ),
 .UNSPECIFIED., .F., .F., .F. ) 
 B_SPLINE_SURFACE_WITH_KNOTS ( ( 2, 2 ),
 ( 3, 2, 2, 2, 2, 2, 2, 2, 2, 2, 2, 2, 2, 2, 2, 2, 2, 2, 2, 2, 2, 2, 2, 2, 2, 2, 2, 2, 2, 2, 2, 2, 2, 2, 2, 2, 2, 2, 2, 2, 2, 2, 2, 2, 2, 2, 2, 2, 2, 2, 2, 2, 2, 2, 2, 2, 2, 2, 2, 2, 2, 2, 2, 2, 2, 2, 3 ),
 ( 0.000000000000000000, 1.000000000000000000 ),
 ( 0.000000000000000000, 0.01515151515151515194, 0.03030303030303030387, 0.04545454545454545581, 0.06060606060606060774, 0.07575757575757575968, 0.09090909090909091161, 0.1060606060606060635, 0.1212121212121212155, 0.1363636363636363535, 0.1515151515151515194, 0.1666666666666666574, 0.1818181818181818232, 0.1969696969696969613, 0.2121212121212121271, 0.2272727272727272652, 0.2424242424242424310, 0.2575757575757575690, 0.2727272727272727071, 0.2878787878787879007, 0.3030303030303030387, 0.3181818181818181768, 0.3333333333333333148, 0.3484848484848485084, 0.3636363636363636465, 0.3787878787878787845, 0.3939393939393939226, 0.4090909090909091161, 0.4242424242424242542, 0.4393939393939393923, 0.4545454545454545303, 0.4696969696969697239, 0.4848484848484848619, 0.5000000000000000000, 0.5151515151515151381, 0.5303030303030302761, 0.5454545454545454142, 0.5606060606060605522, 0.5757575757575758013, 0.5909090909090909394, 0.6060606060606060774, 0.6212121212121212155, 0.6363636363636363535, 0.6515151515151514916, 0.6666666666666666297, 0.6818181818181817677, 0.6969696969696970168, 0.7121212121212121549, 0.7272727272727272929, 0.7424242424242424310, 0.7575757575757575690, 0.7727272727272727071, 0.7878787878787878451, 0.8030303030303029832, 0.8181818181818182323, 0.8333333333333333703, 0.8484848484848485084, 0.8636363636363636465, 0.8787878787878787845, 0.8939393939393939226, 0.9090909090909090606, 0.9242424242424241987, 0.9393939393939394478, 0.9545454545454545858, 0.9696969696969697239, 0.9848484848484848619, 1.000000000000000000 ),
 .UNSPECIFIED. ) 
 GEOMETRIC_REPRESENTATION_ITEM ( )  RATIONAL_B_SPLINE_SURFACE ( (
 ( 1.000000000000000000, 0.8660254037844387076, 1.000000000000000000, 0.8660254037844387076, 1.000000000000000000, 0.8660254037844387076, 1.000000000000000000, 0.8660254037844387076, 1.000000000000000000, 0.8660254037844387076, 1.000000000000000000, 0.8660254037844387076, 1.000000000000000000, 0.8660254037844387076, 1.000000000000000000, 0.8660254037844387076, 1.000000000000000000, 0.8660254037844387076, 1.000000000000000000, 0.8660254037844387076, 1.000000000000000000, 0.8660254037844387076, 1.000000000000000000, 0.8660254037844387076, 1.000000000000000000, 0.8660254037844387076, 1.000000000000000000, 0.8660254037844387076, 1.000000000000000000, 0.8660254037844387076, 1.000000000000000000, 0.8660254037844387076, 1.000000000000000000, 0.8660254037844387076, 1.000000000000000000, 0.8660254037844387076, 1.000000000000000000, 0.8660254037844387076, 1.000000000000000000, 0.8660254037844387076, 1.000000000000000000, 0.8660254037844387076, 1.000000000000000000, 0.8660254037844387076, 1.000000000000000000, 0.8660254037844387076, 1.000000000000000000, 0.8660254037844387076, 1.000000000000000000, 0.8660254037844387076, 1.000000000000000000, 0.8660254037844387076, 1.000000000000000000, 0.8660254037844387076, 1.000000000000000000, 0.8660254037844387076, 1.000000000000000000, 0.8660254037844387076, 1.000000000000000000, 0.8660254037844387076, 1.000000000000000000, 0.8660254037844387076, 1.000000000000000000, 0.8660254037844387076, 1.000000000000000000, 0.8660254037844387076, 1.000000000000000000, 0.8660254037844387076, 1.000000000000000000, 0.8660254037844387076, 1.000000000000000000, 0.8660254037844387076, 1.000000000000000000, 0.8660254037844387076, 1.000000000000000000, 0.8660254037844387076, 1.000000000000000000, 0.8660254037844387076, 1.000000000000000000, 0.8660254037844387076, 1.000000000000000000, 0.8660254037844387076, 1.000000000000000000, 0.8660254037844387076, 1.000000000000000000, 0.8660254037844387076, 1.000000000000000000, 0.8660254037844387076, 1.000000000000000000, 0.8660254037844387076, 1.000000000000000000, 0.8660254037844387076, 1.000000000000000000, 0.8660254037844387076, 1.000000000000000000, 0.8660254037844387076, 1.000000000000000000, 0.8660254037844387076, 1.000000000000000000, 0.8660254037844387076, 1.000000000000000000, 0.8660254037844387076, 1.000000000000000000, 0.8660254037844387076, 1.000000000000000000, 0.8660254037844387076, 1.000000000000000000, 0.8660254037844387076, 1.000000000000000000, 0.8660254037844387076, 1.000000000000000000, 0.8660254037844387076, 1.000000000000000000, 0.8660254037844387076, 1.000000000000000000, 0.8660254037844387076, 1.000000000000000000, 0.8660254037844387076, 1.000000000000000000, 0.8660254037844387076, 1.000000000000000000, 0.8660254037844387076, 1.000000000000000000, 0.8660254037844387076, 1.000000000000000000, 0.8660254037844387076, 1.000000000000000000, 0.8660254037844387076, 1.000000000000000000, 0.8660254037844387076, 1.000000000000000000, 0.8660254037844387076, 1.000000000000000000),
 ( 1.000000000000000000, 0.8660254037844387076, 1.000000000000000000, 0.8660254037844387076, 1.000000000000000000, 0.8660254037844387076, 1.000000000000000000, 0.8660254037844387076, 1.000000000000000000, 0.8660254037844387076, 1.000000000000000000, 0.8660254037844387076, 1.000000000000000000, 0.8660254037844387076, 1.000000000000000000, 0.8660254037844387076, 1.000000000000000000, 0.8660254037844387076, 1.000000000000000000, 0.8660254037844387076, 1.000000000000000000, 0.8660254037844387076, 1.000000000000000000, 0.8660254037844387076, 1.000000000000000000, 0.8660254037844387076, 1.000000000000000000, 0.8660254037844387076, 1.000000000000000000, 0.8660254037844387076, 1.000000000000000000, 0.8660254037844387076, 1.000000000000000000, 0.8660254037844387076, 1.000000000000000000, 0.8660254037844387076, 1.000000000000000000, 0.8660254037844387076, 1.000000000000000000, 0.8660254037844387076, 1.000000000000000000, 0.8660254037844387076, 1.000000000000000000, 0.8660254037844387076, 1.000000000000000000, 0.8660254037844387076, 1.000000000000000000, 0.8660254037844387076, 1.000000000000000000, 0.8660254037844387076, 1.000000000000000000, 0.8660254037844387076, 1.000000000000000000, 0.8660254037844387076, 1.000000000000000000, 0.8660254037844387076, 1.000000000000000000, 0.8660254037844387076, 1.000000000000000000, 0.8660254037844387076, 1.000000000000000000, 0.8660254037844387076, 1.000000000000000000, 0.8660254037844387076, 1.000000000000000000, 0.8660254037844387076, 1.000000000000000000, 0.8660254037844387076, 1.000000000000000000, 0.8660254037844387076, 1.000000000000000000, 0.8660254037844387076, 1.000000000000000000, 0.8660254037844387076, 1.000000000000000000, 0.8660254037844387076, 1.000000000000000000, 0.8660254037844387076, 1.000000000000000000, 0.8660254037844387076, 1.000000000000000000, 0.8660254037844387076, 1.000000000000000000, 0.8660254037844387076, 1.000000000000000000, 0.8660254037844387076, 1.000000000000000000, 0.8660254037844387076, 1.000000000000000000, 0.8660254037844387076, 1.000000000000000000, 0.8660254037844387076, 1.000000000000000000, 0.8660254037844387076, 1.000000000000000000, 0.8660254037844387076, 1.000000000000000000, 0.8660254037844387076, 1.000000000000000000, 0.8660254037844387076, 1.000000000000000000, 0.8660254037844387076, 1.000000000000000000, 0.8660254037844387076, 1.000000000000000000, 0.8660254037844387076, 1.000000000000000000, 0.8660254037844387076, 1.000000000000000000, 0.8660254037844387076, 1.000000000000000000, 0.8660254037844387076, 1.000000000000000000, 0.8660254037844387076, 1.000000000000000000, 0.8660254037844387076, 1.000000000000000000, 0.8660254037844387076, 1.000000000000000000, 0.8660254037844387076, 1.000000000000000000, 0.8660254037844387076, 1.000000000000000000, 0.8660254037844387076, 1.000000000000000000, 0.8660254037844387076, 1.000000000000000000, 0.8660254037844387076, 1.000000000000000000, 0.8660254037844387076, 1.000000000000000000, 0.8660254037844387076, 1.000000000000000000) ) ) 
 REPRESENTATION_ITEM ( '' )  SURFACE ( )  );
#116 = CARTESIAN_POINT ( 'NONE',  ( 23.12500000000000000, 8.309539638847728421E-17, -1.357050807568868533 ) ) ;
#117 = CARTESIAN_POINT ( 'NONE',  ( -24.22916666666666075, 1.175240473580833500, -0.6785254037844382635 ) ) ;
#118 = EDGE_CURVE ( 'NONE', #3637, #4020, #651, .T. ) ;
#119 = CARTESIAN_POINT ( 'NONE',  ( -23.45833333333332504, -1.175240473580834166, -0.6785254037844372643 ) ) ;
#120 = CARTESIAN_POINT ( 'NONE',  ( 21.08333333333333215, -0.5876202367904137525, -1.017788105676651345 ) ) ;
#121 = CARTESIAN_POINT ( 'NONE',  ( 21.87500000000000000, -5.723068602026326086E-15, -1.499999999999999778 ) ) ;
#122 = CARTESIAN_POINT ( 'NONE',  ( 24.94339282863738916, -1.175240473580827949, -0.09596241433484953287 ) ) ;
#123 = CARTESIAN_POINT ( 'NONE',  ( -21.66666666666665719, 0.5876202367904169721, 1.017788105676656452 ) ) ;
#124 = PERSON_AND_ORGANIZATION ( #1783, #4506 ) ;
#125 = CARTESIAN_POINT ( 'NONE',  ( -19.58333333333332504, -0.5876202367904166390, 1.017788105676656674 ) ) ;
#126 = CARTESIAN_POINT ( 'NONE',  ( -21.04166666666667496, 1.500000000000000888, -0.8660254037844402619 ) ) ;
#127 = CARTESIAN_POINT ( 'NONE',  ( 23.89583333333333215, -1.175240473580827949, 0.6785254037844338226 ) ) ;
#128 = LOCAL_TIME ( 18, 19, 20.00000000000000000, #939 ) ;
#129 = CARTESIAN_POINT ( 'NONE',  ( 21.93750000000000000, 1.500000000000000000, 0.000000000000000000 ) ) ;
#130 = CARTESIAN_POINT ( 'NONE',  ( -21.72916666666666075, -1.500000000000000888, 0.8660254037844398178 ) ) ;
#131 = CARTESIAN_POINT ( 'NONE',  ( 24.08333333333333215, 0.7499999999999988898, 1.299038105676658672 ) ) ;
#132 = CARTESIAN_POINT ( 'NONE',  ( 20.27083333333333215, 0.5876202367904130863, 1.017788105676651789 ) ) ;
#133 = EDGE_CURVE ( 'NONE', #3476, #135, #653, .T. ) ;
#134 = VERTEX_POINT ( 'NONE', #3714 ) ;
#135 = VERTEX_POINT ( 'NONE', #2950 ) ;
#136 = DIRECTION ( 'NONE',  ( -1.000000000000000000, -0.000000000000000000, -0.000000000000000000 ) ) ;
#137 = CARTESIAN_POINT ( 'NONE',  ( 21.72916666666666430, 1.175240473580827505, 0.6785254037844348218 ) ) ;
#138 = FACE_OUTER_BOUND ( 'NONE', #4934, .T. ) ;
#139 = VERTEX_POINT ( 'NONE', #813 ) ;
#140 = ORIENTED_EDGE ( 'NONE', *, *, #4807, .T. ) ;
#141 = CARTESIAN_POINT ( 'NONE',  ( 24.29166666666666785, 1.175240473580827505, 0.6785254037844348218 ) ) ;
#142 = FACE_OUTER_BOUND ( 'NONE', #3860, .T. ) ;
#143 = CARTESIAN_POINT ( 'NONE',  ( -20.04166666666666075, -1.175240473580833500, 0.6785254037844380415 ) ) ;
#144 =( BOUNDED_CURVE ( )  B_SPLINE_CURVE ( 2, ( #2798, #3233, #1141, #4415, #3974, #4799, #1495, #3564, #696 ),
 .UNSPECIFIED., .F., .F. ) 
 B_SPLINE_CURVE_WITH_KNOTS ( ( 3, 2, 2, 2, 3 ),
 ( 0.01943555755428381937, 0.02591365116885044340, 0.03887047675327566509, 0.05182730233770087985, 0.05830554004635966209 ),
 .UNSPECIFIED. ) 
 CURVE ( )  GEOMETRIC_REPRESENTATION_ITEM ( )  RATIONAL_B_SPLINE_CURVE ( ( 0.9330127020548192318, 0.9330160022141974485, 1.000000000000000000, 0.8660254037844387076, 1.000000000000000000, 0.8660254037844387076, 1.000000000000000000, 0.9330145122699446958, 0.9330127019411460498 ) ) 
 REPRESENTATION_ITEM ( '' )  );
#145 = CARTESIAN_POINT ( 'NONE',  ( 19.91666666666666430, -0.5876202367904145296, 1.017788105676650900 ) ) ;
#146 = CARTESIAN_POINT ( 'NONE',  ( -21.56249999999998934, -6.391244124090313355E-16, -1.500000000000001332 ) ) ;
#147 = EDGE_CURVE ( 'NONE', #1872, #713, #2428, .T. ) ;
#148 = CARTESIAN_POINT ( 'NONE',  ( 24.89583333333333215, -1.175240473580828393, 0.6785254037844338226 ) ) ;
#149 = EDGE_CURVE ( 'NONE', #3672, #3316, #2515, .T. ) ;
#150 = CARTESIAN_POINT ( 'NONE',  ( 23.29166666666666430, 1.175240473580827727, 0.6785254037844348218 ) ) ;
#151 = CARTESIAN_POINT ( 'NONE',  ( -20.37499999999998934, -2.492861891654330359E-16, -1.357050807568875195 ) ) ;
#152 = CARTESIAN_POINT ( 'NONE',  ( -18.81948064069052506, 0.7632947664964472301, -0.8936281498372999899 ) ) ;
#153 = CARTESIAN_POINT ( 'NONE',  ( 22.68750000000000000, 1.175240473580827949, 0.000000000000000000 ) ) ;
#154 = CARTESIAN_POINT ( 'NONE',  ( -24.92172769284587730, -1.511542704210585564, 1.881931238497209335 ) ) ;
#155 = DIRECTION ( 'NONE',  ( -1.000000000000000000, -0.000000000000000000, -0.000000000000000000 ) ) ;
#156 = CARTESIAN_POINT ( 'NONE',  ( -21.52083333333332504, -0.5876202367904166390, 1.017788105676656674 ) ) ;
#157 = CARTESIAN_POINT ( 'NONE',  ( -23.56249999999999289, -3.181725716174723456E-16, -1.732050807568878747 ) ) ;
#158 = CARTESIAN_POINT ( 'NONE',  ( 24.72610454581285211, -0.7204288904372311286, 1.214657230747324235 ) ) ;
#159 = CARTESIAN_POINT ( 'NONE',  ( 20.18749999999999645, 1.175240473580827949, 0.000000000000000000 ) ) ;
#160 = AXIS2_PLACEMENT_3D ( 'NONE', #780, #3731, #1582 ) ;
#161 = CARTESIAN_POINT ( 'NONE',  ( -24.79903810567666156, 1.299038105676658006, 2.250000000000000000 ) ) ;
#162 = ORIENTED_EDGE ( 'NONE', *, *, #372, .T. ) ;
#163 = AXIS2_PLACEMENT_3D ( 'NONE', #1866, #1840, #3066 ) ;
#164 = ORIENTED_EDGE ( 'NONE', *, *, #894, .T. ) ;
#165 = CARTESIAN_POINT ( 'NONE',  ( -19.39583333333332504, -1.175240473580834166, -0.6785254037844371533 ) ) ;
#166 = CARTESIAN_POINT ( 'NONE',  ( 22.39583333333333215, -1.175240473580827949, 0.6785254037844338226 ) ) ;
#167 = CARTESIAN_POINT ( 'NONE',  ( -24.79903810567669709, -1.299038105676706412, -2.249999999999999556 ) ) ;
#168 = ORIENTED_EDGE ( 'NONE', *, *, #2635, .T. ) ;
#169 = ORIENTED_EDGE ( 'NONE', *, *, #1438, .F. ) ;
#170 = CARTESIAN_POINT ( 'NONE',  ( 21.08333333333333215, -0.5876202367904137525, -1.017788105676651345 ) ) ;
#171 = CARTESIAN_POINT ( 'NONE',  ( -24.60416666666665719, 0.5876202367904169721, 1.017788105676656452 ) ) ;
#172 = ORIENTED_EDGE ( 'NONE', *, *, #1656, .F. ) ;
#173 = CARTESIAN_POINT ( 'NONE',  ( -18.95833333333332149, -1.175240473580834166, -0.6785254037844372643 ) ) ;
#174 = CARTESIAN_POINT ( 'NONE',  ( -21.35416666666666075, 0.7500000000000008882, 1.299038105676659116 ) ) ;
#175 = CARTESIAN_POINT ( 'NONE',  ( 22.62499999999999645, -6.391244124090313355E-16, 1.499999999999999778 ) ) ;
#176 = CARTESIAN_POINT ( 'NONE',  ( 23.00000000000000000, -1.175240473580827949, -1.439254484199180504E-16 ) ) ;
#177 = CARTESIAN_POINT ( 'NONE',  ( -21.16666666666666075, 0.5876202367904169721, 1.017788105676656452 ) ) ;
#178 =( BOUNDED_CURVE ( )  B_SPLINE_CURVE ( 2, ( #1576, #5371, #4881, #10, #2882, #4551, #1223, #1658, #1143 ),
 .UNSPECIFIED., .F., .F. ) 
 B_SPLINE_CURVE_WITH_KNOTS ( ( 3, 2, 2, 2, 3 ),
 ( 0.7115384615384615641, 0.7179487179487179516, 0.7307692307692307265, 0.7435897435897436125, 0.7500000000000000000 ),
 .UNSPECIFIED. ) 
 CURVE ( )  GEOMETRIC_REPRESENTATION_ITEM ( )  RATIONAL_B_SPLINE_CURVE ( ( 0.9330127018922194093, 0.9330127018922194093, 1.000000000000000000, 0.8660254037844387076, 1.000000000000000000, 0.8660254037844387076, 1.000000000000000000, 0.9330127018922194093, 0.9330127018922194093 ) ) 
 REPRESENTATION_ITEM ( '' )  );
#179 = CARTESIAN_POINT ( 'NONE',  ( -22.68749999999999289, 1.175240473580833722, 0.000000000000000000 ) ) ;
#180 = CARTESIAN_POINT ( 'NONE',  ( 21.56250000000000000, 8.309539638847728421E-17, -1.357050807568868533 ) ) ;
#181 = CARTESIAN_POINT ( 'NONE',  ( -23.06249999999999289, 2.788906526875773602E-15, -1.500000000000001554 ) ) ;
#182 = CARTESIAN_POINT ( 'NONE',  ( 21.85416666666666430, 0.7500000000000002220, -1.299038105676658006 ) ) ;
#183 = DIRECTION ( 'NONE',  ( 0.000000000000000000, 0.000000000000000000, 1.000000000000000000 ) ) ;
#184 = CIRCLE ( 'NONE', #2863, 2.249999999999999556 ) ;
#185 = CARTESIAN_POINT ( 'NONE',  ( -21.56249999999998934, 8.309539638847769097E-17, 1.357050807568875195 ) ) ;
#186 = CARTESIAN_POINT ( 'NONE',  ( -22.39583333333332504, 1.500000000000001554, 0.8660254037844392627 ) ) ;
#187 = CARTESIAN_POINT ( 'NONE',  ( 24.73315047216033236, -0.2819231994165959376, -1.370290554495587232 ) ) ;
#188 = AXIS2_PLACEMENT_3D ( 'NONE', #2302, #1489, #5282 ) ;
#189 = DIRECTION ( 'NONE',  ( -0.000000000000000000, 0.000000000000000000, -1.000000000000000000 ) ) ;
#190 = CARTESIAN_POINT ( 'NONE',  ( -24.12500000000000000, -3.181725716174723456E-16, -1.732050807568878747 ) ) ;
#191 = EDGE_CURVE ( 'NONE', #4327, #1846, #4924, .T. ) ;
#192 = CARTESIAN_POINT ( 'NONE',  ( -19.01420102385149136, 0.8693815706730193549, -1.230113123712311518 ) ) ;
#193 = AXIS2_PLACEMENT_3D ( 'NONE', #1258, #1609, #2860 ) ;
#194 = ORIENTED_EDGE ( 'NONE', *, *, #2363, .F. ) ;
#195 = EDGE_LOOP ( 'NONE', ( #3045, #254, #3639, #641 ) ) ;
#196 = CARTESIAN_POINT ( 'NONE',  ( -22.81249999999999289, -3.224673171700113400E-15, 1.500000000000001554 ) ) ;
#197 = CARTESIAN_POINT ( 'NONE',  ( 23.85416666666666430, -0.5876202367904145296, 1.017788105676650900 ) ) ;
#198 = CARTESIAN_POINT ( 'NONE',  ( -19.02083333333332504, -0.5876202367904166390, 1.017788105676656674 ) ) ;
#199 = ORIENTED_EDGE ( 'NONE', *, *, #387, .F. ) ;
#200 = EDGE_LOOP ( 'NONE', ( #2716, #2902, #2666 ) ) ;
#201 = CARTESIAN_POINT ( 'NONE',  ( 21.16666666666666785, 0.5876202367904140855, -1.017788105676651345 ) ) ;
#202 = CARTESIAN_POINT ( 'NONE',  ( -25.10416666666665719, 0.5876202367904169721, 1.017788105676656452 ) ) ;
#203 = ORIENTED_EDGE ( 'NONE', *, *, #3035, .T. ) ;
#204 = CARTESIAN_POINT ( 'NONE',  ( -20.79166666666666075, 1.175240473580833056, -0.6785254037844382635 ) ) ;
#205 = DIRECTION ( 'NONE',  ( 0.000000000000000000, 0.000000000000000000, 1.000000000000000000 ) ) ;
#206 = CARTESIAN_POINT ( 'NONE',  ( 22.10416666666666430, 0.5876202367904140855, -1.017788105676651345 ) ) ;
#207 = ADVANCED_FACE ( 'NONE', ( #3333 ), #1629, .T. ) ;
#208 = CARTESIAN_POINT ( 'NONE',  ( 23.37500000000000000, -2.492861891654318526E-16, 1.357050807568868311 ) ) ;
#209 = CARTESIAN_POINT ( 'NONE',  ( -19.95833333333332504, -1.175240473580834166, -0.6785254037844371533 ) ) ;
#210 = B_SPLINE_CURVE_WITH_KNOTS ( 'NONE', 3,
 ( #1160, #3664, #1512, #2003, #2763, #5256 ),
 .UNSPECIFIED., .F., .F.,
 ( 4, 2, 4 ),
 ( 0.001314652396222795814, 0.001969405109320635471, 0.002624157822418474693 ),
 .UNSPECIFIED. ) ;
#211 = CLOSED_SHELL ( 'NONE', ( #2185, #3785, #1819, #3172, #4407, #2705, #4571, #2501, #3718, #3749, #876, #4541, #3600, #4608, #610, #3347, #2415, #1552, #5126, #755, #1111, #4902, #772, #3489, #1070, #2932, #1621, #438, #4365, #3472, #1238, #1474, #556, #4961, #710, #3092, #787, #5012, #5361, #2536, #4895, #624, #2520, #1256, #4980, #2102, #1874, #3034, #1172, #2299, #4943, #4304, #1733, #4321, #5331, #2799, #2589, #4779, #1835, #2462, #2224, #720, #364, #52, #1201, #288, #3653, #1800, #3765, #4873, #3420, #2692, #1893, #1569, #2000, #2731, #2447, #846, #207, #2147 ) ) ;
#212 = CARTESIAN_POINT ( 'NONE',  ( 21.47916666666666785, -1.175240473580827505, -0.6785254037844345998 ) ) ;
#213 = CARTESIAN_POINT ( 'NONE',  ( 22.85416666666666430, 0.7500000000000002220, -1.299038105676658006 ) ) ;
#214 = CARTESIAN_POINT ( 'NONE',  ( 20.87753999999877763, -0.8639678237730971100, 0.7967118489305339279 ) ) ;
#215 = DIRECTION ( 'NONE',  ( 0.000000000000000000, 0.000000000000000000, 1.000000000000000000 ) ) ;
#216 = CARTESIAN_POINT ( 'NONE',  ( -22.10416666666665719, 0.5876202367904169721, 1.017788105676656452 ) ) ;
#217 = CARTESIAN_POINT ( 'NONE',  ( -21.93749999999999289, 1.500000000000001332, 0.000000000000000000 ) ) ;
#218 = CARTESIAN_POINT ( 'NONE',  ( 19.99999999999999645, -3.755786496842899057E-16, 2.250000000000000000 ) ) ;
#219 = CARTESIAN_POINT ( 'NONE',  ( -24.41666666666666075, -0.5876202367904174162, -1.017788105676656230 ) ) ;
#220 = CARTESIAN_POINT ( 'NONE',  ( -19.43749999999998934, -1.175240473580833722, 1.439254484199187407E-16 ) ) ;
#221 = LINE ( 'NONE', #3093, #4854 ) ;
#222 = ORIENTED_EDGE ( 'NONE', *, *, #2352, .T. ) ;
#223 = EDGE_CURVE ( 'NONE', #1677, #1431, #2210, .T. ) ;
#224 = ORIENTED_EDGE ( 'NONE', *, *, #1762, .F. ) ;
#225 = CARTESIAN_POINT ( 'NONE',  ( 24.87824550354866204, -1.216013905949141050, 0.2913652545892682078 ) ) ;
#226 = CARTESIAN_POINT ( 'NONE',  ( 21.52083333333333215, -0.5876202367904137525, -1.017788105676651345 ) ) ;
#227 = CARTESIAN_POINT ( 'NONE',  ( 24.12499999999999645, -6.391244124090313355E-16, 1.500000000000000000 ) ) ;
#228 = EDGE_LOOP ( 'NONE', ( #1006, #3750, #1439, #4927 ) ) ;
#229 = ORIENTED_EDGE ( 'NONE', *, *, #2285, .F. ) ;
#230 = FACE_OUTER_BOUND ( 'NONE', #3969, .T. ) ;
#231 = ORIENTED_EDGE ( 'NONE', *, *, #4501, .T. ) ;
#232 = CARTESIAN_POINT ( 'NONE',  ( -20.33333333333333925, -0.7500000000000003331, 1.299038105676659338 ) ) ;
#233 = CARTESIAN_POINT ( 'NONE',  ( -18.81948126917875896, 0.7632876168182477494, -0.8936342566542592181 ) ) ;
#234 = CARTESIAN_POINT ( 'NONE',  ( 23.06249999999999645, -6.391244124090313355E-16, 1.499999999999999778 ) ) ;
#235 = CARTESIAN_POINT ( 'NONE',  ( -25.00000000000000000, 0.000000000000000000, -2.250000000000000000 ) ) ;
#236 = CARTESIAN_POINT ( 'NONE',  ( 23.66666666666666430, 0.5876202367904140855, -1.017788105676651345 ) ) ;
#237 = CARTESIAN_POINT ( 'NONE',  ( 22.43750000000000000, -1.175240473580827949, -1.439254484199180504E-16 ) ) ;
#238 = CARTESIAN_POINT ( 'NONE',  ( -23.37500004985463065, 9.393833196757184235E-07, 1.499999999999706901 ) ) ;
#239 = CARTESIAN_POINT ( 'NONE',  ( 23.97916666666666430, 1.499999999999999778, 0.8660254037844394848 ) ) ;
#240 = CARTESIAN_POINT ( 'NONE',  ( 22.22916666666666785, -1.499999999999999778, -0.8660254037844391517 ) ) ;
#241 = DIRECTION ( 'NONE',  ( 0.000000000000000000, 0.000000000000000000, 1.000000000000000000 ) ) ;
#242 = CARTESIAN_POINT ( 'NONE',  ( -22.35416666666665719, -0.5876202367904174162, -1.017788105676656230 ) ) ;
#243 = CARTESIAN_POINT ( 'NONE',  ( -21.64583333333332860, -1.500000000000001998, -0.8660254037844388186 ) ) ;
#244 = CARTESIAN_POINT ( 'NONE',  ( 24.67804686180196327, -1.398440651691861270, -0.3970736017594526102 ) ) ;
#245 = CARTESIAN_POINT ( 'NONE',  ( -24.58333333333332504, -0.5876202367904166390, 1.017788105676656674 ) ) ;
#246 = CARTESIAN_POINT ( 'NONE',  ( -18.93749999999999289, -1.175240473580833722, 1.439254484199187407E-16 ) ) ;
#247 = CARTESIAN_POINT ( 'NONE',  ( 19.99999999999999645, -1.948557158514986787, 1.124999999999999778 ) ) ;
#248 = ORIENTED_EDGE ( 'NONE', *, *, #3252, .F. ) ;
#249 = CYLINDRICAL_SURFACE ( 'NONE', #2169, 1.500000000000000666 ) ;
#250 = EDGE_CURVE ( 'NONE', #1357, #1275, #4274, .T. ) ;
#251 = VERTEX_POINT ( 'NONE', #4428 ) ;
#252 = EDGE_LOOP ( 'NONE', ( #2842, #4271, #414, #4868, #744 ) ) ;
#253 = CARTESIAN_POINT ( 'NONE',  ( 20.58333333333333215, -0.5876202367904137525, -1.017788105676651345 ) ) ;
#254 = ORIENTED_EDGE ( 'NONE', *, *, #4130, .T. ) ;
#255 = DIRECTION ( 'NONE',  ( 1.000000000000000000, 0.000000000000000000, 0.000000000000000000 ) ) ;
#256 = CARTESIAN_POINT ( 'NONE',  ( -19.79166666666665719, 1.175240473580833056, -0.6785254037844382635 ) ) ;
#257 = CARTESIAN_POINT ( 'NONE',  ( 22.83482909936925864, 0.4019237886466842657, -1.499999999999999778 ) ) ;
#258 = CARTESIAN_POINT ( 'NONE',  ( 24.10416666666666785, -0.7500000000000006661, 1.299038105676657562 ) ) ;
#259 = CARTESIAN_POINT ( 'NONE',  ( 23.08333333333333215, -0.5876202367904137525, -1.017788105676651345 ) ) ;
#260 =( BOUNDED_CURVE ( )  B_SPLINE_CURVE ( 2, ( #1831, #2650, #4754, #3415, #4313, #3006, #4231, #2677, #4343 ),
 .UNSPECIFIED., .F., .F. ) 
 B_SPLINE_CURVE_WITH_KNOTS ( ( 3, 2, 2, 2, 3 ),
 ( 0.8357142488771359679, 0.8421936629876394242, 0.8551504885720646598, 0.8681073141564897844, 0.8745857311055805772 ),
 .UNSPECIFIED. ) 
 CURVE ( )  GEOMETRIC_REPRESENTATION_ITEM ( )  RATIONAL_B_SPLINE_CURVE ( ( 0.9330127034925124185, 0.9330023481822904419, 1.000000000000000000, 0.8660254037844387076, 1.000000000000000000, 0.8660254037844387076, 1.000000000000000000, 0.9330126589097722523, 0.9330127018922469428 ) ) 
 REPRESENTATION_ITEM ( '' )  );
#261 = CARTESIAN_POINT ( 'NONE',  ( 21.18749999999999645, 1.175240473580827949, 0.000000000000000000 ) ) ;
#262 = CARTESIAN_POINT ( 'NONE',  ( -20.00000000000000355, 1.500000000000001332, 0.000000000000000000 ) ) ;
#263 = CARTESIAN_POINT ( 'NONE',  ( 23.22916666666666430, -1.499999999999999778, -0.8660254037844391517 ) ) ;
#264 = CARTESIAN_POINT ( 'NONE',  ( 19.99999999999999645, 1.436143881329345891E-16, -1.172700473580827740 ) ) ;
#265 = CARTESIAN_POINT ( 'NONE',  ( -24.90352217604769081, 1.458388954516252722, 0.1594492355357606528 ) ) ;
#266 = CARTESIAN_POINT ( 'NONE',  ( -22.68749999999999289, 1.175240473580833722, 0.000000000000000000 ) ) ;
#267 = CARTESIAN_POINT ( 'NONE',  ( -21.18749999999998934, -1.500000000000001332, 1.836970198721031413E-16 ) ) ;
#268 = CARTESIAN_POINT ( 'NONE',  ( 21.14335780580096724, -1.430791725957448968, 0.1969260084503949571 ) ) ;
#269 = CARTESIAN_POINT ( 'NONE',  ( 23.64732909936925864, -0.4019237886466845988, 1.499999999999999778 ) ) ;
#270 = CARTESIAN_POINT ( 'NONE',  ( -19.68749999999998934, 1.175240473580833722, 0.000000000000000000 ) ) ;
#271 = AXIS2_PLACEMENT_3D ( 'NONE', #2499, #4162, #4607 ) ;
#272 = DIRECTION ( 'NONE',  ( -1.000000000000000000, 0.000000000000000000, 0.000000000000000000 ) ) ;
#273 = EDGE_LOOP ( 'NONE', ( #2846, #1539, #3040, #3827 ) ) ;
#274 = AXIS2_PLACEMENT_3D ( 'NONE', #2191, #3858, #1355 ) ;
#275 = EDGE_CURVE ( 'NONE', #1407, #2247, #3887, .T. ) ;
#276 = CARTESIAN_POINT ( 'NONE',  ( -18.60000000000000142, 0.000000000000000000, 1.500000000000000666 ) ) ;
#277 = ORIENTED_EDGE ( 'NONE', *, *, #4444, .F. ) ;
#278 = AXIS2_PLACEMENT_3D ( 'NONE', #2926, #1676, #4599 ) ;
#279 = ORIENTED_EDGE ( 'NONE', *, *, #3198, .T. ) ;
#280 = CARTESIAN_POINT ( 'NONE',  ( 20.79166666666666430, 1.175240473580827505, 0.6785254037844348218 ) ) ;
#281 = ORIENTED_EDGE ( 'NONE', *, *, #4149, .F. ) ;
#282 = CARTESIAN_POINT ( 'NONE',  ( -23.72916666666666075, 1.175240473580833500, -0.6785254037844382635 ) ) ;
#283 = DIRECTION ( 'NONE',  ( 0.000000000000000000, 0.000000000000000000, 1.000000000000000000 ) ) ;
#284 = CARTESIAN_POINT ( 'NONE',  ( -23.97916666666666075, -1.175240473580833500, 0.6785254037844380415 ) ) ;
#285 = CARTESIAN_POINT ( 'NONE',  ( -18.60000000000000142, 1.836970198721030427E-16, -1.500000000000000666 ) ) ;
#286 = CARTESIAN_POINT ( 'NONE',  ( 22.27083333333332860, 0.5876202367904130863, 1.017788105676651789 ) ) ;
#287 = CARTESIAN_POINT ( 'NONE',  ( -25.00000000000000000, 0.000000000000000000, 1.550800000000000622 ) ) ;
#288 = ADVANCED_FACE ( 'NONE', ( #1994 ), #3525, .T. ) ;
#289 = CARTESIAN_POINT ( 'NONE',  ( -24.24999999999998934, 1.175240473580833722, 0.000000000000000000 ) ) ;
#290 = FACE_OUTER_BOUND ( 'NONE', #252, .T. ) ;
#291 = CARTESIAN_POINT ( 'NONE',  ( 25.14583333333332860, -1.500000000000000444, 0.8660254037844380415 ) ) ;
#292 = CARTESIAN_POINT ( 'NONE',  ( -24.64583333333332504, -1.500000000000002220, -0.8660254037844388186 ) ) ;
#293 =( BOUNDED_CURVE ( )  B_SPLINE_CURVE ( 2, ( #2053, #1700, #2875, #3392, #3797, #4543, #2107, #866, #2 ),
 .UNSPECIFIED., .F., .F. ) 
 B_SPLINE_CURVE_WITH_KNOTS ( ( 3, 2, 2, 2, 3 ),
 ( 0.1749174407509837825, 0.1813955581819531038, 0.1943523837663783116, 0.2073092093508035472, 0.2137871600433746966 ),
 .UNSPECIFIED. ) 
 CURVE ( )  GEOMETRIC_REPRESENTATION_ITEM ( )  RATIONAL_B_SPLINE_CURVE ( ( 0.9330127020314588071, 0.9330157559507193943, 1.000000000000000000, 0.8660254037844387076, 1.000000000000000000, 0.8660254037844387076, 1.000000000000000000, 0.9330174800388781886, 0.9330127022330404474 ) ) 
 REPRESENTATION_ITEM ( '' )  );
#294 = CARTESIAN_POINT ( 'NONE',  ( -24.85235422956861129, 1.316592654364766357, 0.5222020528999139488 ) ) ;
#295 = CARTESIAN_POINT ( 'NONE',  ( -19.04166666666665719, -1.175240473580833722, 0.6785254037844379305 ) ) ;
#296 = CARTESIAN_POINT ( 'NONE',  ( -20.89583333333332860, 1.500000000000001554, 0.8660254037844392627 ) ) ;
#297 = CARTESIAN_POINT ( 'NONE',  ( 24.64502045542456798, -1.390366910185969251, 0.5803320054831474506 ) ) ;
#298 = CARTESIAN_POINT ( 'NONE',  ( -24.24999999999998934, 1.175240473580833722, 0.000000000000000000 ) ) ;
#299 = CARTESIAN_POINT ( 'NONE',  ( -19.81249999999998934, -2.492861891654330359E-16, -1.357050807568875195 ) ) ;
#300 = CARTESIAN_POINT ( 'NONE',  ( 23.16666666666666430, -0.7500000000000006661, 1.299038105676657562 ) ) ;
#301 = CARTESIAN_POINT ( 'NONE',  ( 24.37499999999999645, -4.938688641342514686E-16, -1.499999999999999778 ) ) ;
#302 = ORIENTED_EDGE ( 'NONE', *, *, #4910, .T. ) ;
#303 = CARTESIAN_POINT ( 'NONE',  ( -23.35416666666665719, -0.5876202367904174162, -1.017788105676656230 ) ) ;
#304 = CARTESIAN_POINT ( 'NONE',  ( 21.14678800441305739, 0.1786740351229144375, 1.444488477993887576 ) ) ;
#305 = EDGE_CURVE ( 'NONE', #139, #2554, #5377, .T. ) ;
#306 = VERTEX_POINT ( 'NONE', #2480 ) ;
#307 = DIRECTION ( 'NONE',  ( -0.7071067811865463515, 8.659560562354948882E-17, -0.7071067811865487940 ) ) ;
#308 = ORIENTED_EDGE ( 'NONE', *, *, #3183, .T. ) ;
#309 = CARTESIAN_POINT ( 'NONE',  ( -23.02083333333332504, -0.5876202367904166390, 1.017788105676656674 ) ) ;
#310 = CARTESIAN_POINT ( 'NONE',  ( 24.62499999999998934, -1.070288237343536286, 1.050943903833152504 ) ) ;
#311 = CARTESIAN_POINT ( 'NONE',  ( -23.72916666666665719, 1.175240473580833056, -0.6785254037844382635 ) ) ;
#312 = CARTESIAN_POINT ( 'NONE',  ( 24.35416666666666785, 0.7500000000000002220, -1.299038105676658006 ) ) ;
#313 = CARTESIAN_POINT ( 'NONE',  ( 19.85970192069498097, 1.088892486091239897, -2.250000000000000000 ) ) ;
#314 = CARTESIAN_POINT ( 'NONE',  ( 20.87753999999999621, -0.03582132963469344261, 1.174694429664876694 ) ) ;
#315 = CARTESIAN_POINT ( 'NONE',  ( 20.97916666666666785, -1.175240473580827505, -0.6785254037844345998 ) ) ;
#316 = CARTESIAN_POINT ( 'NONE',  ( 23.74999999999999645, 1.175240473580827949, 0.000000000000000000 ) ) ;
#317 = EDGE_CURVE ( 'NONE', #4876, #2844, #515, .T. ) ;
#318 = CARTESIAN_POINT ( 'NONE',  ( 24.47916666666666785, 1.499999999999999778, 0.8660254037844394848 ) ) ;
#319 = CARTESIAN_POINT ( 'NONE',  ( -18.60000000000000142, 0.000000000000000000, 0.000000000000000000 ) ) ;
#320 = CARTESIAN_POINT ( 'NONE',  ( 21.24999999999999645, -1.500000000000000000, -1.836970198721029934E-16 ) ) ;
#321 = CARTESIAN_POINT ( 'NONE',  ( -23.04017090063073425, 0.4019237886466852094, -1.500000000000001110 ) ) ;
#322 = CARTESIAN_POINT ( 'NONE',  ( -20.27083333333332504, -0.7500000000000003331, 1.299038105676659338 ) ) ;
#323 = DIRECTION ( 'NONE',  ( -1.000000000000000000, -0.000000000000000000, -0.000000000000000000 ) ) ;
#324 = CARTESIAN_POINT ( 'NONE',  ( -22.41666666666665719, -0.5876202367904174162, -1.017788105676656230 ) ) ;
#325 = CARTESIAN_POINT ( 'NONE',  ( -21.83333333333333570, -0.7500000000000003331, 1.299038105676659338 ) ) ;
#326 = CARTESIAN_POINT ( 'NONE',  ( 22.83333333333333215, -0.7499999999999996669, -1.299038105676658228 ) ) ;
#327 = CARTESIAN_POINT ( 'NONE',  ( -24.02083333333332504, 0.7499999999999995559, -1.299038105676659560 ) ) ;
#328 = CARTESIAN_POINT ( 'NONE',  ( 22.39732909936925509, 0.4019237886466842657, -1.499999999999999778 ) ) ;
#329 = CARTESIAN_POINT ( 'NONE',  ( -23.14583333333332504, 1.175240473580833944, 0.6785254037844374864 ) ) ;
#330 = PLANE ( 'NONE',  #188 ) ;
#331 = VERTEX_POINT ( 'NONE', #428 ) ;
#332 = CARTESIAN_POINT ( 'NONE',  ( 19.99999999999999645, 0.000000000000000000, 0.000000000000000000 ) ) ;
#333 = VERTEX_POINT ( 'NONE', #2071 ) ;
#334 = CARTESIAN_POINT ( 'NONE',  ( -22.89583333333332504, -1.175240473580834166, -0.6785254037844371533 ) ) ;
#335 = DIRECTION ( 'NONE',  ( 1.000000000000000000, 0.000000000000000000, 0.000000000000000000 ) ) ;
#336 = CARTESIAN_POINT ( 'NONE',  ( -22.93749999999999289, -1.175240473580833722, 1.439254484199187407E-16 ) ) ;
#337 = CONICAL_SURFACE ( 'NONE', #2403, 1.172700473580827518, 0.7853981633974547183 ) ;
#338 = EDGE_LOOP ( 'NONE', ( #4734, #308, #3805, #3012 ) ) ;
#339 = CARTESIAN_POINT ( 'NONE',  ( 23.06249999999999645, -6.391244124090313355E-16, 1.500000000000000000 ) ) ;
#340 = CARTESIAN_POINT ( 'NONE',  ( -20.89732828858371860, 0.4019091945067858607, 1.500008425930600353 ) ) ;
#341 = CARTESIAN_POINT ( 'NONE',  ( -24.74366543590808121, -2.865520113257821110E-11, -1.294465435908076500 ) ) ;
#342 = CARTESIAN_POINT ( 'NONE',  ( 20.27083333333333215, 0.5876202367904130863, 1.017788105676651789 ) ) ;
#343 = CARTESIAN_POINT ( 'NONE',  ( 23.45833333333332860, -1.175240473580827949, 0.6785254037844338226 ) ) ;
#344 = CARTESIAN_POINT ( 'NONE',  ( 21.77083333333333215, -0.7499999999999996669, -1.299038105676658228 ) ) ;
#345 = FACE_OUTER_BOUND ( 'NONE', #34, .T. ) ;
#346 = CARTESIAN_POINT ( 'NONE',  ( 24.94975952641918227, -0.9519291851246267644, 0.6892176704426931089 ) ) ;
#347 = CARTESIAN_POINT ( 'NONE',  ( -22.81249999999999289, -3.224673171700113400E-15, 1.500000000000001554 ) ) ;
#348 = CARTESIAN_POINT ( 'NONE',  ( -19.81249999999998934, 1.060575238724907778E-16, 1.732050807568878747 ) ) ;
#349 = CARTESIAN_POINT ( 'NONE',  ( -19.83482909936925154, 0.4019237886466813237, 1.500000000000003109 ) ) ;
#350 = CARTESIAN_POINT ( 'NONE',  ( -21.95833333333332504, -1.175240473580834166, -0.6785254037844371533 ) ) ;
#351 = CARTESIAN_POINT ( 'NONE',  ( -22.66666666666667140, -0.7500000000000013323, -1.299038105676658894 ) ) ;
#352 = CARTESIAN_POINT ( 'NONE',  ( 20.91666666666666785, 0.7500000000000002220, -1.299038105676658006 ) ) ;
#353 = CARTESIAN_POINT ( 'NONE',  ( -21.79166666666667140, -1.500000000000000888, 0.8660254037844398178 ) ) ;
#354 = CARTESIAN_POINT ( 'NONE',  ( 24.74387023679041420, 4.421578889484293619E-14, -1.381129763209576700 ) ) ;
#355 = EDGE_CURVE ( 'NONE', #251, #1677, #3300, .T. ) ;
#356 =( BOUNDED_CURVE ( )  B_SPLINE_CURVE ( 2, ( #3217, #4479, #5222, #3189, #4399, #1151, #1054, #1480, #756 ),
 .UNSPECIFIED., .F., .F. ) 
 B_SPLINE_CURVE_WITH_KNOTS ( ( 3, 2, 2, 2, 3 ),
 ( 0.6413631198596855265, 0.6478412792212611127, 0.6607981048056863482, 0.6737549303901114728, 0.6802325255424878092 ),
 .UNSPECIFIED. ) 
 CURVE ( )  GEOMETRIC_REPRESENTATION_ITEM ( )  RATIONAL_B_SPLINE_CURVE ( ( 0.9330127019947309641, 0.9330153223849506627, 1.000000000000000000, 0.8660254037844387076, 1.000000000000000000, 0.8660254037844387076, 1.000000000000000000, 0.9330211563524734020, 0.9330127029592559795 ) ) 
 REPRESENTATION_ITEM ( '' )  );
#357 = DIRECTION ( 'NONE',  ( 0.000000000000000000, 0.000000000000000000, -1.000000000000000000 ) ) ;
#358 = ORIENTED_EDGE ( 'NONE', *, *, #591, .F. ) ;
#359 = CARTESIAN_POINT ( 'NONE',  ( 23.87499999999999289, -1.191095495853194869E-15, -1.499999999999999778 ) ) ;
#360 = ORIENTED_EDGE ( 'NONE', *, *, #3884, .T. ) ;
#361 = CARTESIAN_POINT ( 'NONE',  ( -24.47916666666665719, -1.175240473580833722, 0.6785254037844379305 ) ) ;
#362 = DIRECTION ( 'NONE',  ( -1.000000000000000000, -0.000000000000000000, -0.000000000000000000 ) ) ;
#363 = CARTESIAN_POINT ( 'NONE',  ( -22.43749999999999289, -1.175240473580833722, 1.439254484199187407E-16 ) ) ;
#364 = ADVANCED_FACE ( 'NONE', ( #831 ), #405, .T. ) ;
#365 = ORIENTED_EDGE ( 'NONE', *, *, #1423, .T. ) ;
#366 = CARTESIAN_POINT ( 'NONE',  ( 22.52083333333332860, 0.7499999999999988898, 1.299038105676658672 ) ) ;
#367 = CARTESIAN_POINT ( 'NONE',  ( -25.00000000000000000, 2.058803302138242586, -0.9340480779059865402 ) ) ;
#368 = CARTESIAN_POINT ( 'NONE',  ( -24.75103981630180527, -0.1806863667300811771, -1.301839816297815977 ) ) ;
#369 = CARTESIAN_POINT ( 'NONE',  ( -23.66666666666665719, 0.5876202367904169721, 1.017788105676656452 ) ) ;
#370 = CARTESIAN_POINT ( 'NONE',  ( 24.83333333333333215, 0.5876202367904130863, 1.017788105676651789 ) ) ;
#371 = CARTESIAN_POINT ( 'NONE',  ( 21.47916666666666785, 1.499999999999999778, 0.8660254037844394848 ) ) ;
#372 = EDGE_CURVE ( 'NONE', #1594, #3940, #2569, .T. ) ;
#373 = CARTESIAN_POINT ( 'NONE',  ( -18.87132126511133734, 0.9742108375636646667, -1.140575838764571026 ) ) ;
#374 = CARTESIAN_POINT ( 'NONE',  ( 20.87753999999877763, -0.8639678237730971100, 0.7967118489305339279 ) ) ;
#375 = CARTESIAN_POINT ( 'NONE',  ( -19.62499999999998934, 8.309539638847769097E-17, 1.357050807568875195 ) ) ;
#376 = CARTESIAN_POINT ( 'NONE',  ( -25.20833333333332860, 1.175240473580833944, 0.6785254037844374864 ) ) ;
#377 = DIRECTION ( 'NONE',  ( -1.000000000000000000, -0.000000000000000000, -0.000000000000000000 ) ) ;
#378 = CARTESIAN_POINT ( 'NONE',  ( -23.79166666666666075, 1.175240473580833500, -0.6785254037844382635 ) ) ;
#379 = CARTESIAN_POINT ( 'NONE',  ( -21.75000000000000711, -1.500000000000001332, 1.836970198721031413E-16 ) ) ;
#380 = CARTESIAN_POINT ( 'NONE',  ( 20.74999999999999645, -1.500000000000000000, -1.836970198721029934E-16 ) ) ;
#381 = CARTESIAN_POINT ( 'NONE',  ( -19.85267140071630365, -0.4019147871066037214, 1.500005197041589966 ) ) ;
#382 = CARTESIAN_POINT ( 'NONE',  ( 24.84722195391816157, 1.135821046516917843, 0.5915060882492461092 ) ) ;
#383 = CARTESIAN_POINT ( 'NONE',  ( -23.47916666666665364, 1.500000000000000888, -0.8660254037844402619 ) ) ;
#384 = EDGE_CURVE ( 'NONE', #1703, #1243, #4630, .T. ) ;
#385 = CARTESIAN_POINT ( 'NONE',  ( -24.62444047358082955, -0.007890937125981071706, 1.175213982155494774 ) ) ;
#386 = ORIENTED_EDGE ( 'NONE', *, *, #3635, .F. ) ;
#387 = EDGE_CURVE ( 'NONE', #4384, #1900, #3211, .T. ) ;
#388 = CARTESIAN_POINT ( 'NONE',  ( 24.10267090063074136, 0.4019237886466832665, 1.500000000000000222 ) ) ;
#389 =( BOUNDED_CURVE ( )  B_SPLINE_CURVE ( 2, ( #2537, #484, #884, #4197, #3209, #3697, #395, #2034, #3290 ),
 .UNSPECIFIED., .F., .F. ) 
 B_SPLINE_CURVE_WITH_KNOTS ( ( 3, 2, 2, 2, 3 ),
 ( 0.4423076923076923461, 0.4487179487179487336, 0.4615384615384615641, 0.4743589743589743390, 0.4807692307692307820 ),
 .UNSPECIFIED. ) 
 CURVE ( )  GEOMETRIC_REPRESENTATION_ITEM ( )  RATIONAL_B_SPLINE_CURVE ( ( 0.9330127018922194093, 0.9330127018922196314, 1.000000000000000000, 0.8660254037844387076, 1.000000000000000000, 0.8660254037844387076, 1.000000000000000000, 0.9330127018922190762, 0.9330127018922194093 ) ) 
 REPRESENTATION_ITEM ( '' )  );
#390 = ORIENTED_EDGE ( 'NONE', *, *, #191, .T. ) ;
#391 = CARTESIAN_POINT ( 'NONE',  ( -20.35416666666666075, -0.5876202367904174162, -1.017788105676656230 ) ) ;
#392 = CARTESIAN_POINT ( 'NONE',  ( 24.33333333333333215, -0.7499999999999996669, -1.299038105676658228 ) ) ;
#393 = CARTESIAN_POINT ( 'NONE',  ( -20.72916666666666075, 1.175240473580833056, -0.6785254037844382635 ) ) ;
#394 = ORIENTED_EDGE ( 'NONE', *, *, #4149, .T. ) ;
#395 = CARTESIAN_POINT ( 'NONE',  ( -22.35416666666665719, 0.7500000000000008882, 1.299038105676659116 ) ) ;
#396 = CARTESIAN_POINT ( 'NONE',  ( 24.62499999999998934, -1.070288237343536286, 1.050943903833152504 ) ) ;
#397 = CARTESIAN_POINT ( 'NONE',  ( -24.33333333333333925, -0.7500000000000003331, 1.299038105676659338 ) ) ;
#398 = CARTESIAN_POINT ( 'NONE',  ( 20.02083333333333215, -0.5876202367904137525, -1.017788105676651345 ) ) ;
#399 = CARTESIAN_POINT ( 'NONE',  ( 23.49999999999999645, -1.175240473580827949, -1.439254484199180504E-16 ) ) ;
#400 = CARTESIAN_POINT ( 'NONE',  ( 22.47916666666666430, 1.499999999999999778, 0.8660254037844394848 ) ) ;
#401 = CARTESIAN_POINT ( 'NONE',  ( -21.29166666666667140, -1.500000000000000888, 0.8660254037844398178 ) ) ;
#402 = CARTESIAN_POINT ( 'NONE',  ( 24.94975952641918227, -1.043415224877096925, 0.5628595763214261360 ) ) ;
#403 = CARTESIAN_POINT ( 'NONE',  ( -20.81249999999998934, 2.033577675846917841E-16, 1.500000000000001110 ) ) ;
#404 = CARTESIAN_POINT ( 'NONE',  ( -24.91666666666665719, -0.5876202367904174162, -1.017788105676656230 ) ) ;
#405 = CONICAL_SURFACE ( 'NONE', #2242, 2.250000000000000000, 1.047197551196600074 ) ;
#406 = CARTESIAN_POINT ( 'NONE',  ( -21.37499999999999645, -2.492861891654330359E-16, -1.357050807568875195 ) ) ;
#407 = CARTESIAN_POINT ( 'NONE',  ( -23.62500000000000355, -3.181725716174723456E-16, -1.732050807568878747 ) ) ;
#408 = CARTESIAN_POINT ( 'NONE',  ( 21.41666666666666430, 0.7500000000000002220, -1.299038105676658006 ) ) ;
#409 = CARTESIAN_POINT ( 'NONE',  ( 19.85990474769867120, -1.088189872740190856, 2.250000000000000000 ) ) ;
#410 = CARTESIAN_POINT ( 'NONE',  ( -25.39583333333332504, 1.500000000000001554, 0.8660254037844392627 ) ) ;
#411 = CARTESIAN_POINT ( 'NONE',  ( -19.12524120630312296, -1.377048548987810371E-05, -1.499999999881638901 ) ) ;
#412 = CARTESIAN_POINT ( 'NONE',  ( 22.62499999999999645, -6.391244124090313355E-16, 1.500000000000000000 ) ) ;
#413 = CARTESIAN_POINT ( 'NONE',  ( -24.62444047358082955, -0.007890937125981071706, 1.175213982155494774 ) ) ;
#414 = ORIENTED_EDGE ( 'NONE', *, *, #5109, .F. ) ;
#415 = CARTESIAN_POINT ( 'NONE',  ( -21.68749999999999289, 1.175240473580833722, 0.000000000000000000 ) ) ;
#416 = CARTESIAN_POINT ( 'NONE',  ( -24.62444047358083665, 0.1554477815045678668, 1.175240473580836609 ) ) ;
#417 = CARTESIAN_POINT ( 'NONE',  ( -22.14583333333332504, 1.175240473580833722, 0.6785254037844374864 ) ) ;
#418 = ORIENTED_EDGE ( 'NONE', *, *, #4928, .T. ) ;
#419 = CARTESIAN_POINT ( 'NONE',  ( 23.60267090063073780, 0.4019237886466832665, 1.500000000000000222 ) ) ;
#420 = CARTESIAN_POINT ( 'NONE',  ( -20.87499825300537637, -3.144591280335350738E-05, 1.499999999670385664 ) ) ;
#421 = DIRECTION ( 'NONE',  ( 0.000000000000000000, 0.000000000000000000, 1.000000000000000000 ) ) ;
#422 = CARTESIAN_POINT ( 'NONE',  ( -20.87499999999998934, -2.492861891654330359E-16, -1.357050807568875195 ) ) ;
#423 = VECTOR ( 'NONE', #323, 1000.000000000000000 ) ;
#424 = CARTESIAN_POINT ( 'NONE',  ( 23.91666666666666430, -0.5876202367904145296, 1.017788105676650900 ) ) ;
#425 = CARTESIAN_POINT ( 'NONE',  ( 20.35416666666666785, 0.7500000000000002220, -1.299038105676658006 ) ) ;
#426 = CARTESIAN_POINT ( 'NONE',  ( -24.67524475883897139, 1.217149130020501069, -0.2826735733348855195 ) ) ;
#427 = CARTESIAN_POINT ( 'NONE',  ( 24.94975952641917161, -1.179415742739160500, 0.1190025479126533420 ) ) ;
#428 = CARTESIAN_POINT ( 'NONE',  ( -24.62519676005784675, -1.147966549956264657E-05, -1.499999999921087568 ) ) ;
#429 = CARTESIAN_POINT ( 'NONE',  ( -23.99999999999998934, -1.175240473580833722, 1.439254484199187407E-16 ) ) ;
#430 = CARTESIAN_POINT ( 'NONE',  ( -19.93749999999998934, 1.500000000000001332, 0.000000000000000000 ) ) ;
#431 = CARTESIAN_POINT ( 'NONE',  ( -23.45833333333332504, -1.175240473580834166, -0.6785254037844371533 ) ) ;
#432 = CARTESIAN_POINT ( 'NONE',  ( -22.37500000000000711, 1.060575238724907778E-16, 1.732050807568878747 ) ) ;
#433 = CARTESIAN_POINT ( 'NONE',  ( 23.72916666666666785, 1.175240473580827505, 0.6785254037844348218 ) ) ;
#434 = CARTESIAN_POINT ( 'NONE',  ( -22.04017090063073070, 0.4019237886466869303, -1.499999999999999778 ) ) ;
#435 = CARTESIAN_POINT ( 'NONE',  ( 24.88786136258945803, 0.3393635277562783714, 1.192705781165151580 ) ) ;
#436 = CARTESIAN_POINT ( 'NONE',  ( -23.31249999999998934, 2.033577675846917841E-16, 1.500000000000001110 ) ) ;
#437 = PLANE ( 'NONE',  #2429 ) ;
#438 = ADVANCED_FACE ( 'NONE', ( #2855 ), #3847, .F. ) ;
#439 = CARTESIAN_POINT ( 'NONE',  ( -23.89732815443718295, 0.4019067798692179672, 1.500009820022250029 ) ) ;
#440 = B_SPLINE_CURVE_WITH_KNOTS ( 'NONE', 3,
 ( #2036, #3753, #4553, #2968, #2556, #4219 ),
 .UNSPECIFIED., .F., .F.,
 ( 4, 2, 4 ),
 ( 0.01442980495891716015, 0.01507610902692139640, 0.01572241309492563091 ),
 .UNSPECIFIED. ) ;
#441 = EDGE_LOOP ( 'NONE', ( #1437, #277, #2793 ) ) ;
#442 = CARTESIAN_POINT ( 'NONE',  ( -21.43749999999999289, -1.175240473580833722, 1.439254484199187407E-16 ) ) ;
#443 = CARTESIAN_POINT ( 'NONE',  ( -18.60000000000000142, 0.000000000000000000, 0.000000000000000000 ) ) ;
#444 = CARTESIAN_POINT ( 'NONE',  ( -21.47916666666665719, -1.175240473580833500, 0.6785254037844380415 ) ) ;
#445 = EDGE_LOOP ( 'NONE', ( #717, #2820, #3153, #3589 ) ) ;
#446 = VECTOR ( 'NONE', #1935, 1000.000000000000000 ) ;
#447 = CARTESIAN_POINT ( 'NONE',  ( 23.70833333333333215, 1.175240473580827727, -0.6785254037844341557 ) ) ;
#448 = CARTESIAN_POINT ( 'NONE',  ( 24.56249999999999645, -6.391244124090313355E-16, 1.499999999999999778 ) ) ;
#449 = CARTESIAN_POINT ( 'NONE',  ( -18.87500000000000000, -4.666223194931850837E-15, 1.500000000000000888 ) ) ;
#450 = CONICAL_SURFACE ( 'NONE', #2957, 2.250000000000000000, 1.047197551196600074 ) ;
#451 = CARTESIAN_POINT ( 'NONE',  ( -23.37499999999999289, -2.492861891654330359E-16, -1.357050807568875195 ) ) ;
#452 = CARTESIAN_POINT ( 'NONE',  ( 22.41666666666666430, -0.5876202367904145296, 1.017788105676650900 ) ) ;
#453 = CARTESIAN_POINT ( 'NONE',  ( 20.89583333333333215, 1.500000000000000222, -0.8660254037844384856 ) ) ;
#454 = VECTOR ( 'NONE', #840, 1000.000000000000000 ) ;
#455 = CARTESIAN_POINT ( 'NONE',  ( -24.83482909936924443, 0.4019237886466840437, 1.500000000000001110 ) ) ;
#456 = EDGE_CURVE ( 'NONE', #2987, #5041, #3713, .T. ) ;
#457 = CARTESIAN_POINT ( 'NONE',  ( 19.99999999999999645, 0.000000000000000000, 0.000000000000000000 ) ) ;
#458 = CARTESIAN_POINT ( 'NONE',  ( 24.41666666666666785, -0.5876202367904145296, 1.017788105676650900 ) ) ;
#459 = CARTESIAN_POINT ( 'NONE',  ( -23.41666666666665719, -0.5876202367904174162, -1.017788105676656230 ) ) ;
#460 = PERSON_AND_ORGANIZATION_ROLE ( 'design_owner' ) ;
#461 = CARTESIAN_POINT ( 'NONE',  ( -18.99999999999999289, -1.175240473580833722, 1.439254484199187407E-16 ) ) ;
#462 = CARTESIAN_POINT ( 'NONE',  ( -20.16666666666667140, -0.7500000000000013323, -1.299038105676658894 ) ) ;
#463 = CARTESIAN_POINT ( 'NONE',  ( 19.62499999999999645, -3.181725716174720005E-16, 1.732050807568877193 ) ) ;
#464 = CARTESIAN_POINT ( 'NONE',  ( 19.98053816261391091, 0.4427865209450067563, 2.250000000000000000 ) ) ;
#465 = CARTESIAN_POINT ( 'NONE',  ( -24.94782445197867915, 1.181790006522016379, 0.9225316642806692391 ) ) ;
#466 = CARTESIAN_POINT ( 'NONE',  ( 23.83333333333333215, -0.7499999999999996669, -1.299038105676658228 ) ) ;
#467 = CARTESIAN_POINT ( 'NONE',  ( 22.68750000000000000, -1.500000000000000000, -1.836970198721029934E-16 ) ) ;
#468 = CARTESIAN_POINT ( 'NONE',  ( 21.20229952641920690, -1.241324211260486754, 0.8420891891827915199 ) ) ;
#469 = CARTESIAN_POINT ( 'NONE',  ( -24.18749999999998934, -1.500000000000001332, 1.836970198721031413E-16 ) ) ;
#470 =( BOUNDED_CURVE ( )  B_SPLINE_CURVE ( 2, ( #5279, #712, #4512, #3662, #4817, #5254, #3991, #3609, #1158 ),
 .UNSPECIFIED., .F., .F. ) 
 B_SPLINE_CURVE_WITH_KNOTS ( ( 3, 2, 2, 2, 3 ),
 ( 0.8653846153846154188, 0.8717948717948718063, 0.8846153846153845812, 0.8974358974358974672, 0.9038461538461538547 ),
 .UNSPECIFIED. ) 
 CURVE ( )  GEOMETRIC_REPRESENTATION_ITEM ( )  RATIONAL_B_SPLINE_CURVE ( ( 0.9330127018922192983, 0.9330127018922198534, 1.000000000000000000, 0.8660254037844387076, 1.000000000000000000, 0.8660254037844387076, 1.000000000000000000, 0.9330127018922194093, 0.9330127018922194093 ) ) 
 REPRESENTATION_ITEM ( '' )  );
#471 = ORIENTED_EDGE ( 'NONE', *, *, #3818, .F. ) ;
#472 = CARTESIAN_POINT ( 'NONE',  ( -20.85416666666666075, -0.5876202367904174162, -1.017788105676656230 ) ) ;
#473 = CARTESIAN_POINT ( 'NONE',  ( -24.94978582750158225, 1.208995619144212608, 0.8878792655323479721 ) ) ;
#474 = CARTESIAN_POINT ( 'NONE',  ( -20.06249999999998934, 8.309539638847769097E-17, 1.357050807568875195 ) ) ;
#475 = EDGE_CURVE ( 'NONE', #4351, #135, #4909, .T. ) ;
#476 = ORIENTED_EDGE ( 'NONE', *, *, #3799, .T. ) ;
#477 = CARTESIAN_POINT ( 'NONE',  ( 22.58333333333332860, -0.5876202367904137525, -1.017788105676651345 ) ) ;
#478 = DIRECTION ( 'NONE',  ( 1.000000000000000000, 0.000000000000000000, 0.000000000000000000 ) ) ;
#479 = CARTESIAN_POINT ( 'NONE',  ( -18.85267090063074136, -0.4019237886466906495, 1.499999999999997335 ) ) ;
#480 = CARTESIAN_POINT ( 'NONE',  ( -23.24999999999999289, 1.175240473580833722, 0.000000000000000000 ) ) ;
#481 = CARTESIAN_POINT ( 'NONE',  ( 20.16666666666666430, 0.5876202367904140855, -1.017788105676651345 ) ) ;
#482 = LINE ( 'NONE', #3379, #1307 ) ;
#483 = LINE ( 'NONE', #2122, #2582 ) ;
#484 = CARTESIAN_POINT ( 'NONE',  ( -22.54017090063073070, 0.4019237886466852094, -1.500000000000001110 ) ) ;
#485 = CARTESIAN_POINT ( 'NONE',  ( 24.66666666666666430, 0.5876202367904140855, -1.017788105676651345 ) ) ;
#486 = CARTESIAN_POINT ( 'NONE',  ( -22.74999999999999289, 1.175240473580833722, 0.000000000000000000 ) ) ;
#487 = APPROVAL_STATUS ( 'not_yet_approved' ) ;
#488 = CARTESIAN_POINT ( 'NONE',  ( -20.12499999999998934, 8.309539638847769097E-17, 1.357050807568875195 ) ) ;
#489 = CARTESIAN_POINT ( 'NONE',  ( -19.16666666666667140, -0.7500000000000013323, -1.299038105676658894 ) ) ;
#490 = CARTESIAN_POINT ( 'NONE',  ( 19.49999999999999645, 1.500000000000000000, 0.000000000000000000 ) ) ;
#491 = EDGE_CURVE ( 'NONE', #1846, #5370, #960, .T. ) ;
#492 = CARTESIAN_POINT ( 'NONE',  ( 19.79903810567665801, 1.299038105676658228, 2.250000000000000000 ) ) ;
#493 = CARTESIAN_POINT ( 'NONE',  ( -24.89583333333332504, 1.500000000000001554, 0.8660254037844392627 ) ) ;
#494 = CARTESIAN_POINT ( 'NONE',  ( 24.80499828003592455, -1.084987454797668782, 0.7579201917138479461 ) ) ;
#495 = CARTESIAN_POINT ( 'NONE',  ( 20.64583333333333215, 1.175240473580827727, -0.6785254037844341557 ) ) ;
#496 = CARTESIAN_POINT ( 'NONE',  ( -25.00000000000000000, -1.948557158514986787, 1.124999999999999778 ) ) ;
#497 = CARTESIAN_POINT ( 'NONE',  ( -18.60000000000000142, 0.000000000000000000, 0.000000000000000000 ) ) ;
#498 = CARTESIAN_POINT ( 'NONE',  ( 19.99999999999999645, 0.000000000000000000, 0.000000000000000000 ) ) ;
#499 = ORIENTED_EDGE ( 'NONE', *, *, #1337, .T. ) ;
#500 = CARTESIAN_POINT ( 'NONE',  ( -18.60000000000000142, 0.000000000000000000, 0.000000000000000000 ) ) ;
#501 = CARTESIAN_POINT ( 'NONE',  ( 24.43749999999999645, -1.175240473580827949, -1.439254484199180504E-16 ) ) ;
#502 = CARTESIAN_POINT ( 'NONE',  ( -19.93749999999998934, -1.175240473580833722, 1.439254484199187407E-16 ) ) ;
#503 = VERTEX_POINT ( 'NONE', #4853 ) ;
#504 = EDGE_CURVE ( 'NONE', #1846, #306, #5292, .T. ) ;
#505 =( BOUNDED_CURVE ( )  B_SPLINE_CURVE ( 2, ( #2782, #4891, #1557, #3658, #4948, #2045, #5355, #2482, #1641 ),
 .UNSPECIFIED., .F., .F. ) 
 B_SPLINE_CURVE_WITH_KNOTS ( ( 3, 2, 2, 2, 3 ),
 ( 0.6590909090909090606, 0.6666666666666666297, 0.6818181818181817677, 0.6969696969696970168, 0.7045454545454545858 ),
 .UNSPECIFIED. ) 
 CURVE ( )  GEOMETRIC_REPRESENTATION_ITEM ( )  RATIONAL_B_SPLINE_CURVE ( ( 0.9330127018922194093, 0.9330127018922194093, 1.000000000000000000, 0.8660254037844387076, 1.000000000000000000, 0.8660254037844387076, 1.000000000000000000, 0.9330127018922194093, 0.9330127018922194093 ) ) 
 REPRESENTATION_ITEM ( '' )  );
#506 = CARTESIAN_POINT ( 'NONE',  ( 22.33333333333332860, 0.5876202367904130863, 1.017788105676651789 ) ) ;
#507 = DIRECTION ( 'NONE',  ( 1.000000000000000000, 0.000000000000000000, 0.000000000000000000 ) ) ;
#508 = CARTESIAN_POINT ( 'NONE',  ( -21.45833333333332504, -1.175240473580834166, -0.6785254037844372643 ) ) ;
#509 = CARTESIAN_POINT ( 'NONE',  ( 21.20833333333333215, 1.175240473580827727, -0.6785254037844341557 ) ) ;
#510 = CARTESIAN_POINT ( 'NONE',  ( -18.60000000000000142, 0.000000000000000000, 0.000000000000000000 ) ) ;
#511 = CARTESIAN_POINT ( 'NONE',  ( 24.27083333333333215, 0.5876202367904130863, 1.017788105676651789 ) ) ;
#512 = EDGE_CURVE ( 'NONE', #3615, #690, #1989, .T. ) ;
#513 = CARTESIAN_POINT ( 'NONE',  ( -18.60000000000000142, 0.6339024346068146132, -1.353966493909444235 ) ) ;
#514 = CARTESIAN_POINT ( 'NONE',  ( -21.83333333333332504, 0.5876202367904159729, -1.017788105676656896 ) ) ;
#515 = B_SPLINE_CURVE_WITH_KNOTS ( 'NONE', 3,
 ( #1767, #3734, #513, #3436 ),
 .UNSPECIFIED., .F., .F.,
 ( 4, 4 ),
 ( -0.0005690840006445236883, 2.881498829293137765E-05 ),
 .UNSPECIFIED. ) ;
#516 = CARTESIAN_POINT ( 'NONE',  ( -20.99999999999998934, -1.175240473580833722, 1.439254484199187407E-16 ) ) ;
#517 = CARTESIAN_POINT ( 'NONE',  ( -18.95833333333333925, 1.500000000000001554, 0.8660254037844392627 ) ) ;
#518 = CARTESIAN_POINT ( 'NONE',  ( 20.33333333333333215, -0.7499999999999996669, -1.299038105676658228 ) ) ;
#519 = CARTESIAN_POINT ( 'NONE',  ( -23.29166666666667496, -1.500000000000000888, 0.8660254037844398178 ) ) ;
#520 = VECTOR ( 'NONE', #3601, 1000.000000000000000 ) ;
#521 = CARTESIAN_POINT ( 'NONE',  ( -21.77083333333332504, -0.7500000000000003331, 1.299038105676659338 ) ) ;
#522 = CARTESIAN_POINT ( 'NONE',  ( -18.75698064069052862, 0.7632947664964472301, -0.8936281498372999899 ) ) ;
#523 = CARTESIAN_POINT ( 'NONE',  ( 25.04166666666666075, -1.175240473580827505, -0.6785254037844345998 ) ) ;
#524 = CARTESIAN_POINT ( 'NONE',  ( 21.41666666666666430, 0.7500000000000002220, -1.299038105676658006 ) ) ;
#525 = EDGE_CURVE ( 'NONE', #1900, #3176, #3854, .T. ) ;
#526 = ORIENTED_EDGE ( 'NONE', *, *, #1959, .F. ) ;
#527 = DIRECTION ( 'NONE',  ( -0.000000000000000000, 0.000000000000000000, -1.000000000000000000 ) ) ;
#528 = CARTESIAN_POINT ( 'NONE',  ( 21.97916666666666430, -1.175240473580827505, -0.6785254037844345998 ) ) ;
#529 = DIRECTION ( 'NONE',  ( 0.000000000000000000, 0.000000000000000000, 1.000000000000000000 ) ) ;
#530 = ORIENTED_EDGE ( 'NONE', *, *, #692, .F. ) ;
#531 = EDGE_LOOP ( 'NONE', ( #604, #3720, #2603, #3834 ) ) ;
#532 = CARTESIAN_POINT ( 'NONE',  ( 23.66666666666666430, 0.5876202367904140855, -1.017788105676651345 ) ) ;
#533 = CARTESIAN_POINT ( 'NONE',  ( -25.06249999999999289, 8.309539638847769097E-17, 1.357050807568875195 ) ) ;
#534 = CARTESIAN_POINT ( 'NONE',  ( -22.70833333333332504, 1.175240473580833722, 0.6785254037844374864 ) ) ;
#535 = CARTESIAN_POINT ( 'NONE',  ( 21.95833333333332860, -1.175240473580827949, 0.6785254037844338226 ) ) ;
#536 = AXIS2_PLACEMENT_3D ( 'NONE', #3156, #5341, #283 ) ;
#537 = CARTESIAN_POINT ( 'NONE',  ( -24.91113077405810472, -0.8715716417098552382, 2.250000000000000000 ) ) ;
#538 = CARTESIAN_POINT ( 'NONE',  ( 24.10416666666666785, 0.5876202367904140855, -1.017788105676651345 ) ) ;
#539 = CARTESIAN_POINT ( 'NONE',  ( 24.49999999999999645, -1.175240473580827949, -1.439254484199180504E-16 ) ) ;
#540 = CARTESIAN_POINT ( 'NONE',  ( -20.58333333333332504, -0.5876202367904166390, 1.017788105676656674 ) ) ;
#541 =( LENGTH_UNIT ( ) NAMED_UNIT ( * ) SI_UNIT ( .MILLI., .METRE. ) );
#542 = CARTESIAN_POINT ( 'NONE',  ( -20.54166666666666075, -1.175240473580833722, 0.6785254037844379305 ) ) ;
#543 = CARTESIAN_POINT ( 'NONE',  ( -21.29166666666667140, -1.500000000000000888, 0.8660254037844398178 ) ) ;
#544 = CARTESIAN_POINT ( 'NONE',  ( 24.02083333333333215, -0.5876202367904137525, -1.017788105676651345 ) ) ;
#545 = EDGE_CURVE ( 'NONE', #3557, #1575, #3332, .T. ) ;
#546 = CARTESIAN_POINT ( 'NONE',  ( 21.81250000000000000, 2.033577675846917841E-16, -1.499999999999999778 ) ) ;
#547 = CARTESIAN_POINT ( 'NONE',  ( -23.06249999999999645, -3.181725716174723456E-16, -1.732050807568878747 ) ) ;
#548 = CARTESIAN_POINT ( 'NONE',  ( 24.54166666666666430, 1.499999999999999778, 0.8660254037844394848 ) ) ;
#549 = CARTESIAN_POINT ( 'NONE',  ( 24.58333333333333215, -0.5876202367904137525, -1.017788105676651345 ) ) ;
#550 = DIRECTION ( 'NONE',  ( 0.000000000000000000, 0.000000000000000000, 1.000000000000000000 ) ) ;
#551 = ORIENTED_EDGE ( 'NONE', *, *, #591, .T. ) ;
#552 = ORIENTED_EDGE ( 'NONE', *, *, #4034, .F. ) ;
#553 = CARTESIAN_POINT ( 'NONE',  ( -19.18749999999998934, 1.175240473580833722, 0.000000000000000000 ) ) ;
#554 = CARTESIAN_POINT ( 'NONE',  ( 21.81249999999999645, -2.492861891654318526E-16, 1.357050807568868533 ) ) ;
#555 = DIRECTION ( 'NONE',  ( 0.000000000000000000, 0.000000000000000000, -1.000000000000000000 ) ) ;
#556 = ADVANCED_FACE ( 'NONE', ( #3727 ), #1252, .T. ) ;
#557 = ORIENTED_EDGE ( 'NONE', *, *, #4573, .T. ) ;
#558 = ORIENTED_EDGE ( 'NONE', *, *, #4163, .T. ) ;
#559 = CARTESIAN_POINT ( 'NONE',  ( 22.00000000000000000, -1.175240473580827949, -1.439254484199180504E-16 ) ) ;
#560 = CARTESIAN_POINT ( 'NONE',  ( -25.14583333333332860, 1.175240473580833944, 0.6785254037844374864 ) ) ;
#561 = VECTOR ( 'NONE', #2024, 1000.000000000000000 ) ;
#562 = CARTESIAN_POINT ( 'NONE',  ( -20.20833333333332504, 1.175240473580833722, 0.6785254037844374864 ) ) ;
#563 = CARTESIAN_POINT ( 'NONE',  ( 19.99999999999999645, -1.175240473580827949, -1.439254484199180504E-16 ) ) ;
#564 = CARTESIAN_POINT ( 'NONE',  ( 20.87499999999999645, 0.000000000000000000, 1.172700473580827518 ) ) ;
#565 = CARTESIAN_POINT ( 'NONE',  ( 24.43749999999999645, -1.175240473580827949, -1.439254484199180504E-16 ) ) ;
#566 = CARTESIAN_POINT ( 'NONE',  ( 22.54166666666666075, -1.175240473580827727, -0.6785254037844345998 ) ) ;
#567 = CARTESIAN_POINT ( 'NONE',  ( -20.87499999999998934, -2.492861891654330359E-16, -1.357050807568875195 ) ) ;
#568 = CARTESIAN_POINT ( 'NONE',  ( -20.08333333333332504, -0.5876202367904166390, 1.017788105676656674 ) ) ;
#569 = CARTESIAN_POINT ( 'NONE',  ( 23.22916666666666430, 1.175240473580827505, 0.6785254037844348218 ) ) ;
#570 = CARTESIAN_POINT ( 'NONE',  ( 19.99999999999999645, 0.000000000000000000, -2.250000000000000000 ) ) ;
#571 = CARTESIAN_POINT ( 'NONE',  ( -20.56249999999998934, 8.309539638847769097E-17, 1.357050807568875195 ) ) ;
#572 = CARTESIAN_POINT ( 'NONE',  ( -22.77083333333332504, -0.7500000000000003331, 1.299038105676659338 ) ) ;
#573 = B_SPLINE_CURVE_WITH_KNOTS ( 'NONE', 3,
 ( #5199, #3498, #5226, #4376, #661, #1456, #1944, #1483 ),
 .UNSPECIFIED., .F., .F.,
 ( 4, 2, 2, 4 ),
 ( 0.007150428904804589231, 0.007509181114820529142, 0.007867933324836469053, 0.008585437744868348875 ),
 .UNSPECIFIED. ) ;
#574 = CARTESIAN_POINT ( 'NONE',  ( 23.91666666666666430, 0.7500000000000002220, -1.299038105676658006 ) ) ;
#575 = CARTESIAN_POINT ( 'NONE',  ( 19.97916666666666785, -1.175240473580827505, -0.6785254037844345998 ) ) ;
#576 = CARTESIAN_POINT ( 'NONE',  ( -22.22916666666665719, -1.500000000000000888, 0.8660254037844398178 ) ) ;
#577 = ORIENTED_EDGE ( 'NONE', *, *, #2212, .T. ) ;
#578 = EDGE_LOOP ( 'NONE', ( #1927, #5156, #3152, #3289, #3229 ) ) ;
#579 = CARTESIAN_POINT ( 'NONE',  ( -19.52083333333332504, -0.5876202367904166390, 1.017788105676656674 ) ) ;
#580 = CARTESIAN_POINT ( 'NONE',  ( 22.72916666666666430, 1.175240473580827505, 0.6785254037844348218 ) ) ;
#581 = DIRECTION ( 'NONE',  ( 1.000000000000000000, 0.000000000000000000, 0.000000000000000000 ) ) ;
#582 = ORIENTED_EDGE ( 'NONE', *, *, #837, .F. ) ;
#583 = ORIENTED_EDGE ( 'NONE', *, *, #2051, .F. ) ;
#584 = CARTESIAN_POINT ( 'NONE',  ( 24.99999999999999645, 0.000000000000000000, 0.000000000000000000 ) ) ;
#585 = DIRECTION ( 'NONE',  ( -1.000000000000000000, -0.000000000000000000, -0.000000000000000000 ) ) ;
#586 = CARTESIAN_POINT ( 'NONE',  ( -20.29166666666666075, 1.175240473580833056, -0.6785254037844382635 ) ) ;
#587 = CYLINDRICAL_SURFACE ( 'NONE', #3915, 1.500000000000000666 ) ;
#588 = CARTESIAN_POINT ( 'NONE',  ( 23.39583333333333215, -1.175240473580828393, 0.6785254037844338226 ) ) ;
#589 = CARTESIAN_POINT ( 'NONE',  ( 21.91666666666666430, -0.5876202367904145296, 1.017788105676650900 ) ) ;
#590 = CARTESIAN_POINT ( 'NONE',  ( -21.79166666666665364, 1.175240473580833500, -0.6785254037844382635 ) ) ;
#591 = EDGE_CURVE ( 'NONE', #1407, #5116, #1332, .T. ) ;
#592 = CARTESIAN_POINT ( 'NONE',  ( -23.56249999999999289, 8.309539638847769097E-17, 1.357050807568875195 ) ) ;
#593 = CARTESIAN_POINT ( 'NONE',  ( 22.22916666666666785, 1.175240473580827505, 0.6785254037844348218 ) ) ;
#594 = CYLINDRICAL_SURFACE ( 'NONE', #4084, 1.500000000000000666 ) ;
#595 = CARTESIAN_POINT ( 'NONE',  ( -24.79903810567669353, -1.299038105676707522, 2.249999999999999556 ) ) ;
#596 = CARTESIAN_POINT ( 'NONE',  ( -18.60000000000000142, 1.836970198721030427E-16, -1.500000000000000666 ) ) ;
#597 = CARTESIAN_POINT ( 'NONE',  ( -21.85416666666665719, -0.5876202367904174162, -1.017788105676656230 ) ) ;
#598 = CARTESIAN_POINT ( 'NONE',  ( -24.27083333333332504, -0.7500000000000003331, 1.299038105676659338 ) ) ;
#599 = CARTESIAN_POINT ( 'NONE',  ( 24.73844134452211918, -0.1419237566510242465, -1.386558655477895918 ) ) ;
#600 = CARTESIAN_POINT ( 'NONE',  ( 23.79166666666666430, -1.499999999999999778, -0.8660254037844391517 ) ) ;
#601 = CARTESIAN_POINT ( 'NONE',  ( 20.60416666666666785, 0.5876202367904140855, -1.017788105676651345 ) ) ;
#602 = CONICAL_SURFACE ( 'NONE', #940, 2.250000000000000000, 1.047197551196600074 ) ;
#603 = CARTESIAN_POINT ( 'NONE',  ( -24.60267146076465039, 0.4019137062364045443, -1.500005821082290414 ) ) ;
#604 = ORIENTED_EDGE ( 'NONE', *, *, #2117, .T. ) ;
#605 = ORIENTED_EDGE ( 'NONE', *, *, #1142, .F. ) ;
#606 = CARTESIAN_POINT ( 'NONE',  ( -20.39583333333332504, 1.500000000000001110, 0.8660254037844392627 ) ) ;
#607 = CARTESIAN_POINT ( 'NONE',  ( 23.06250000000000355, 8.309539638847728421E-17, -1.357050807568868533 ) ) ;
#608 = CARTESIAN_POINT ( 'NONE',  ( -19.31249999999998579, -2.492861891654330359E-16, -1.357050807568875195 ) ) ;
#609 = VERTEX_POINT ( 'NONE', #5373 ) ;
#610 = ADVANCED_FACE ( 'NONE', ( #4192 ), #1632, .F. ) ;
#611 = ORIENTED_EDGE ( 'NONE', *, *, #2623, .F. ) ;
#612 = CARTESIAN_POINT ( 'NONE',  ( 20.87753999999999621, -0.03582132963469344955, 1.174694429664876694 ) ) ;
#613 = CARTESIAN_POINT ( 'NONE',  ( -23.68749999999998934, 1.175240473580833722, 0.000000000000000000 ) ) ;
#614 = VERTEX_POINT ( 'NONE', #2994 ) ;
#615 = CARTESIAN_POINT ( 'NONE',  ( -19.04166666666665719, -1.175240473580833500, 0.6785254037844380415 ) ) ;
#616 = LINE ( 'NONE', #646, #5143 ) ;
#617 = CARTESIAN_POINT ( 'NONE',  ( 23.85416666666666430, -0.5876202367904145296, 1.017788105676650900 ) ) ;
#618 = CARTESIAN_POINT ( 'NONE',  ( 21.83333333333333215, 0.5876202367904130863, 1.017788105676651789 ) ) ;
#619 = CARTESIAN_POINT ( 'NONE',  ( -21.24999999999999289, 1.175240473580833722, 0.000000000000000000 ) ) ;
#620 = CARTESIAN_POINT ( 'NONE',  ( -22.39583333333332504, -1.175240473580834166, -0.6785254037844371533 ) ) ;
#621 = CARTESIAN_POINT ( 'NONE',  ( 21.43750000000000000, -1.175240473580827949, -1.439254484199180504E-16 ) ) ;
#622 = CARTESIAN_POINT ( 'NONE',  ( -23.60267237900204051, 0.4018971779634242791, -1.500015363685144765 ) ) ;
#623 = CARTESIAN_POINT ( 'NONE',  ( 22.97916666666666785, 1.499999999999999778, 0.8660254037844394848 ) ) ;
#624 = ADVANCED_FACE ( 'NONE', ( #1225 ), #93, .T. ) ;
#625 = CARTESIAN_POINT ( 'NONE',  ( 19.99999999999999645, -1.948557158514986787, 1.124999999999999778 ) ) ;
#626 = FACE_OUTER_BOUND ( 'NONE', #4740, .T. ) ;
#627 = VECTOR ( 'NONE', #2011, 1000.000000000000000 ) ;
#628 = CARTESIAN_POINT ( 'NONE',  ( -20.35416666666666075, -0.5876202367904174162, -1.017788105676656230 ) ) ;
#629 = CARTESIAN_POINT ( 'NONE',  ( -22.43749999999999289, 1.500000000000001332, 0.000000000000000000 ) ) ;
#630 = CARTESIAN_POINT ( 'NONE',  ( -24.87499779978601921, -3.960386377258890968E-05, 1.499999999477178880 ) ) ;
#631 = CONICAL_SURFACE ( 'NONE', #3740, 2.250000000000000000, 1.047197551196600074 ) ;
#632 = CARTESIAN_POINT ( 'NONE',  ( -24.79166666666666075, 1.175240473580833500, -0.6785254037844382635 ) ) ;
#633 = CARTESIAN_POINT ( 'NONE',  ( -20.22916666666666075, 1.175240473580833500, -0.6785254037844382635 ) ) ;
#634 = CARTESIAN_POINT ( 'NONE',  ( -24.91017039017178547, 0.8761165523033815905, 2.250000000000000000 ) ) ;
#635 = ORIENTED_EDGE ( 'NONE', *, *, #1462, .F. ) ;
#636 = ORIENTED_EDGE ( 'NONE', *, *, #878, .T. ) ;
#637 = CARTESIAN_POINT ( 'NONE',  ( 24.89295777680489152, -1.220673907871994368, 0.1928270457272575900 ) ) ;
#638 = CARTESIAN_POINT ( 'NONE',  ( 23.81249999999999645, -2.492861891654318526E-16, 1.357050807568868533 ) ) ;
#639 = CARTESIAN_POINT ( 'NONE',  ( -18.60000000000000142, 0.000000000000000000, 1.500000000000000666 ) ) ;
#640 = EDGE_LOOP ( 'NONE', ( #1034, #3826, #3237, #5071 ) ) ;
#641 = ORIENTED_EDGE ( 'NONE', *, *, #3799, .F. ) ;
#642 = CARTESIAN_POINT ( 'NONE',  ( 19.99999999999999645, -1.175240473580827949, -1.439254484199180504E-16 ) ) ;
#643 = ORIENTED_EDGE ( 'NONE', *, *, #4526, .T. ) ;
#644 = CARTESIAN_POINT ( 'NONE',  ( -21.08333333333333925, 0.7499999999999995559, -1.299038105676659560 ) ) ;
#645 = CARTESIAN_POINT ( 'NONE',  ( -19.95833333333332149, -1.175240473580834166, -0.6785254037844372643 ) ) ;
#646 = CARTESIAN_POINT ( 'NONE',  ( -25.00000000000000000, 2.598076211353316456, -6.186363472576506121E-17 ) ) ;
#647 = CARTESIAN_POINT ( 'NONE',  ( 20.97916666666666785, -1.175240473580827727, -0.6785254037844345998 ) ) ;
#648 = B_SPLINE_CURVE_WITH_KNOTS ( 'NONE', 3,
 ( #247, #3173, #4016, #1948, #4923, #1562 ),
 .UNSPECIFIED., .F., .F.,
 ( 4, 2, 4 ),
 ( 0.001314652396222795163, 0.001969405109320612485, 0.002624157822418429591 ),
 .UNSPECIFIED. ) ;
#649 = CARTESIAN_POINT ( 'NONE',  ( 21.37499999999999645, -2.492861891654318526E-16, 1.357050807568868311 ) ) ;
#650 =( BOUNDED_CURVE ( )  B_SPLINE_CURVE ( 2, ( #5333, #739, #327, #1084, #1590, #3197, #3250, #2735, #4406 ),
 .UNSPECIFIED., .F., .F. ) 
 B_SPLINE_CURVE_WITH_KNOTS ( ( 3, 2, 2, 2, 3 ),
 ( 0.2115384615384615363, 0.2179487179487179516, 0.2307692307692307820, 0.2435897435897435848, 0.2500000000000000000 ),
 .UNSPECIFIED. ) 
 CURVE ( )  GEOMETRIC_REPRESENTATION_ITEM ( )  RATIONAL_B_SPLINE_CURVE ( ( 0.9330127018922194093, 0.9330127018922194093, 1.000000000000000000, 0.8660254037844387076, 1.000000000000000000, 0.8660254037844387076, 1.000000000000000000, 0.9330127018922191873, 0.9330127018922194093 ) ) 
 REPRESENTATION_ITEM ( '' )  );
#651 = CIRCLE ( 'NONE', #4380, 2.250000000000000000 ) ;
#652 = CARTESIAN_POINT ( 'NONE',  ( 22.60416666666666430, 0.5876202367904140855, -1.017788105676651345 ) ) ;
#653 = B_SPLINE_CURVE_WITH_KNOTS ( 'NONE', 3,
 ( #354, #2001, #3663, #4925, #1185, #26, #1673, #4540, #1212, #5035, #3279, #4596, #4569, #4983, #382, #2982, #2487, #4122, #3307, #789, #435, #1237, #1291, #863 ),
 .UNSPECIFIED., .F., .F.,
 ( 4, 2, 2, 2, 2, 2, 2, 2, 2, 2, 2, 4 ),
 ( 0.003380322842580710339, 0.003891113749679243027, 0.004146509203228509154, 0.004401904656777776148, 0.004912695563876307535, 0.005423486470974839789, 0.005934277378073371176, 0.006189672831622637303, 0.006445068285171903430, 0.006955859192270433949, 0.007211254645819700076, 0.007466650099368964469 ),
 .UNSPECIFIED. ) ;
#654 = CARTESIAN_POINT ( 'NONE',  ( -23.62551930614035101, -3.020732167458874050E-05, -1.499999999450486676 ) ) ;
#655 = CARTESIAN_POINT ( 'NONE',  ( 25.02083333333333215, 0.7499999999999988898, 1.299038105676658672 ) ) ;
#656 = CARTESIAN_POINT ( 'NONE',  ( 22.08482909936925864, -0.4019237886466845988, 1.499999999999999778 ) ) ;
#657 = FACE_OUTER_BOUND ( 'NONE', #5311, .T. ) ;
#658 = CARTESIAN_POINT ( 'NONE',  ( -21.14583333333332149, 1.175240473580833944, 0.6785254037844374864 ) ) ;
#659 = CARTESIAN_POINT ( 'NONE',  ( -21.43749999999999289, 1.500000000000001332, 0.000000000000000000 ) ) ;
#660 = EDGE_CURVE ( 'NONE', #743, #1357, #1306, .T. ) ;
#661 = CARTESIAN_POINT ( 'NONE',  ( 21.17438342817572305, -0.5873730683012120535, 1.355153777133729642 ) ) ;
#662 = CARTESIAN_POINT ( 'NONE',  ( -20.14583333333332504, 1.175240473580833944, 0.6785254037844374864 ) ) ;
#663 = DIRECTION ( 'NONE',  ( 1.000000000000000000, 0.000000000000000000, 0.000000000000000000 ) ) ;
#664 = ORIENTED_EDGE ( 'NONE', *, *, #1837, .T. ) ;
#665 = DIRECTION ( 'NONE',  ( -1.000000000000000000, -0.000000000000000000, -0.000000000000000000 ) ) ;
#666 = VERTEX_POINT ( 'NONE', #3319 ) ;
#667 = ORIENTED_EDGE ( 'NONE', *, *, #3833, .F. ) ;
#668 = CARTESIAN_POINT ( 'NONE',  ( 20.24999999999999645, 1.175240473580827949, 0.000000000000000000 ) ) ;
#669 = ORIENTED_EDGE ( 'NONE', *, *, #5183, .T. ) ;
#670 = CARTESIAN_POINT ( 'NONE',  ( 24.94549925106578669, -0.8995053653702586027, 0.7688885993789622564 ) ) ;
#671 = CARTESIAN_POINT ( 'NONE',  ( -19.87499999999998934, -2.492861891654330359E-16, -1.357050807568875195 ) ) ;
#672 = CARTESIAN_POINT ( 'NONE',  ( 23.77083333333333215, -0.7499999999999996669, -1.299038105676658228 ) ) ;
#673 = CARTESIAN_POINT ( 'NONE',  ( 20.87753999999877763, -0.8639678237730969990, 0.7967118489305339279 ) ) ;
#674 = CARTESIAN_POINT ( 'NONE',  ( 21.16666666666666785, 0.5876202367904140855, -1.017788105676651345 ) ) ;
#675 = CARTESIAN_POINT ( 'NONE',  ( 23.39583333333333215, -1.175240473580827949, 0.6785254037844338226 ) ) ;
#676 = CARTESIAN_POINT ( 'NONE',  ( -20.04166666666666785, 1.500000000000000888, -0.8660254037844402619 ) ) ;
#677 = CARTESIAN_POINT ( 'NONE',  ( 24.22916666666666785, -1.499999999999999778, -0.8660254037844391517 ) ) ;
#678 = CARTESIAN_POINT ( 'NONE',  ( -24.74366543590808121, -2.865520113257821110E-11, -1.294465435908076500 ) ) ;
#679 =( BOUNDED_CURVE ( )  B_SPLINE_CURVE ( 2, ( #1617, #4954, #815, #2461, #4123, #1674, #3770, #4151, #55 ),
 .UNSPECIFIED., .F., .F. ) 
 B_SPLINE_CURVE_WITH_KNOTS ( ( 3, 2, 2, 2, 3 ),
 ( 0.06818181818181819065, 0.07575757575757575968, 0.09090909090909091161, 0.1060606060606060635, 0.1136363636363636465 ),
 .UNSPECIFIED. ) 
 CURVE ( )  GEOMETRIC_REPRESENTATION_ITEM ( )  RATIONAL_B_SPLINE_CURVE ( ( 0.9330127018922194093, 0.9330127018922194093, 1.000000000000000000, 0.8660254037844387076, 1.000000000000000000, 0.8660254037844387076, 1.000000000000000000, 0.9330127018922192983, 0.9330127018922194093 ) ) 
 REPRESENTATION_ITEM ( '' )  );
#680 = CARTESIAN_POINT ( 'NONE',  ( 21.33333333333333215, -0.7499999999999996669, -1.299038105676658228 ) ) ;
#681 = CARTESIAN_POINT ( 'NONE',  ( -20.64583333333332504, 1.175240473580833944, 0.6785254037844374864 ) ) ;
#682 = CARTESIAN_POINT ( 'NONE',  ( -20.22916666666666075, -1.500000000000000888, 0.8660254037844398178 ) ) ;
#683 = LINE ( 'NONE', #2681, #4417 ) ;
#684 = CARTESIAN_POINT ( 'NONE',  ( -24.91666666666665719, -0.5876202367904174162, -1.017788105676656230 ) ) ;
#685 = CARTESIAN_POINT ( 'NONE',  ( -24.91666666666667140, 0.7500000000000008882, 1.299038105676659116 ) ) ;
#686 = CARTESIAN_POINT ( 'NONE',  ( -24.37499933464200552, -1.197644538827912628E-05, 1.499999999952189356 ) ) ;
#687 = DIRECTION ( 'NONE',  ( 1.000000000000000000, 0.000000000000000000, 0.000000000000000000 ) ) ;
#688 = VECTOR ( 'NONE', #1129, 999.9999999999998863 ) ;
#689 = CARTESIAN_POINT ( 'NONE',  ( 21.06022274419276030, 1.306485537713344636, -0.3808478571708700522 ) ) ;
#690 = VERTEX_POINT ( 'NONE', #5049 ) ;
#691 = VERTEX_POINT ( 'NONE', #2583 ) ;
#692 = EDGE_CURVE ( 'NONE', #4745, #928, #440, .T. ) ;
#693 = CARTESIAN_POINT ( 'NONE',  ( 21.33333333333333215, 0.5876202367904130863, 1.017788105676651789 ) ) ;
#694 = AXIS2_PLACEMENT_3D ( 'NONE', #3010, #5088, #2600 ) ;
#695 = VERTEX_POINT ( 'NONE', #3292 ) ;
#696 = CARTESIAN_POINT ( 'NONE',  ( -24.62519676005784675, -1.147966549956264657E-05, -1.499999999921087568 ) ) ;
#697 = CARTESIAN_POINT ( 'NONE',  ( -23.93749999999998934, -1.175240473580833722, 1.439254484199187407E-16 ) ) ;
#698 = CARTESIAN_POINT ( 'NONE',  ( 19.79903810567665801, 2.598076211353316456, -6.186363472576506121E-17 ) ) ;
#699 = CARTESIAN_POINT ( 'NONE',  ( 21.72916666666666430, 1.175240473580827727, 0.6785254037844348218 ) ) ;
#700 = CARTESIAN_POINT ( 'NONE',  ( 20.77083333333333215, 0.5876202367904130863, 1.017788105676651789 ) ) ;
#701 = CARTESIAN_POINT ( 'NONE',  ( -23.58333333333333925, 0.7499999999999995559, -1.299038105676659560 ) ) ;
#702 = CARTESIAN_POINT ( 'NONE',  ( 23.81249999999999645, 1.060575238724906915E-16, -1.732050807568877193 ) ) ;
#703 = CARTESIAN_POINT ( 'NONE',  ( -24.60416666666666075, -0.7500000000000013323, -1.299038105676658894 ) ) ;
#704 = FACE_OUTER_BOUND ( 'NONE', #3421, .T. ) ;
#705 = CARTESIAN_POINT ( 'NONE',  ( -18.91666666666665719, -0.5876202367904174162, -1.017788105676656230 ) ) ;
#706 = CARTESIAN_POINT ( 'NONE',  ( -19.56249999999998934, -3.181725716174723456E-16, -1.732050807568878747 ) ) ;
#707 = CARTESIAN_POINT ( 'NONE',  ( 19.99999999999999645, 1.836970198721030181E-16, 1.500000000000000222 ) ) ;
#708 = CARTESIAN_POINT ( 'NONE',  ( -25.08333333333332504, -0.5876202367904166390, 1.017788105676656674 ) ) ;
#709 = CARTESIAN_POINT ( 'NONE',  ( -20.06249999999998934, 8.309539638847769097E-17, 1.357050807568875195 ) ) ;
#710 = ADVANCED_FACE ( 'NONE', ( #825 ), #2473, .T. ) ;
#711 = AXIS2_PLACEMENT_3D ( 'NONE', #4361, #4743, #1848 ) ;
#712 = CARTESIAN_POINT ( 'NONE',  ( -19.79017090063072715, -0.4019237886466873744, 1.499999999999999556 ) ) ;
#713 = VERTEX_POINT ( 'NONE', #2145 ) ;
#714 = CARTESIAN_POINT ( 'NONE',  ( -23.77083333333332504, 0.5876202367904159729, -1.017788105676656896 ) ) ;
#715 = CARTESIAN_POINT ( 'NONE',  ( 21.27083333333333215, -0.7499999999999996669, -1.299038105676658228 ) ) ;
#716 = CIRCLE ( 'NONE', #3742, 2.249999999999999556 ) ;
#717 = ORIENTED_EDGE ( 'NONE', *, *, #1462, .T. ) ;
#718 = LINE ( 'NONE', #1980, #2085 ) ;
#719 = ORIENTED_EDGE ( 'NONE', *, *, #4573, .F. ) ;
#720 = ADVANCED_FACE ( 'NONE', ( #2936 ), #4875, .T. ) ;
#721 = CARTESIAN_POINT ( 'NONE',  ( -24.39583333333332504, -1.175240473580834166, -0.6785254037844371533 ) ) ;
#722 = CARTESIAN_POINT ( 'NONE',  ( 24.94975952641918227, -0.9519291851246267644, 0.6892176704426931089 ) ) ;
#723 = EDGE_CURVE ( 'NONE', #134, #4655, #4422, .T. ) ;
#724 = CARTESIAN_POINT ( 'NONE',  ( -24.61374784528186055, 0.7227425035087516880, 0.9397752286133133071 ) ) ;
#725 = CARTESIAN_POINT ( 'NONE',  ( 21.27083333333333215, 0.5876202367904130863, 1.017788105676651789 ) ) ;
#726 = CARTESIAN_POINT ( 'NONE',  ( -24.85147069444130707, -1.187555444993856124, 0.7510650054096235095 ) ) ;
#727 = CARTESIAN_POINT ( 'NONE',  ( -24.33333333333332504, 0.5876202367904159729, -1.017788105676656896 ) ) ;
#728 = CARTESIAN_POINT ( 'NONE',  ( 25.04166666666666075, -1.175240473580827505, -0.6785254037844345998 ) ) ;
#729 = CARTESIAN_POINT ( 'NONE',  ( 24.14583333333333215, -1.500000000000000444, 0.8660254037844380415 ) ) ;
#730 = B_SPLINE_CURVE_WITH_KNOTS ( 'NONE', 3,
 ( #473, #1654, #4519, #844 ),
 .UNSPECIFIED., .F., .F.,
 ( 4, 4 ),
 ( 0.000000000000000000, 1.000000000000000000 ),
 .UNSPECIFIED. ) ;
#731 = DIRECTION ( 'NONE',  ( 1.000000000000000000, 0.000000000000000000, 0.000000000000000000 ) ) ;
#732 = CARTESIAN_POINT ( 'NONE',  ( 21.35267090063074491, -0.4019237886466838217, -1.499999999999999778 ) ) ;
#733 = CARTESIAN_POINT ( 'NONE',  ( -20.89583333333332504, 1.500000000000001110, 0.8660254037844392627 ) ) ;
#734 = CARTESIAN_POINT ( 'NONE',  ( -21.14583333333332149, -1.500000000000001998, -0.8660254037844388186 ) ) ;
#735 = CARTESIAN_POINT ( 'NONE',  ( -24.74366543590808121, -2.865520113257821110E-11, -1.294465435908076500 ) ) ;
#736 = CARTESIAN_POINT ( 'NONE',  ( -22.58333333333332504, -0.5876202367904166390, 1.017788105676656674 ) ) ;
#737 = CARTESIAN_POINT ( 'NONE',  ( -21.79166666666667140, -1.500000000000000888, 0.8660254037844398178 ) ) ;
#738 = CARTESIAN_POINT ( 'NONE',  ( 22.37499999999999645, 1.060575238724906915E-16, -1.732050807568877193 ) ) ;
#739 = CARTESIAN_POINT ( 'NONE',  ( -24.04017090063073070, 0.4019237886466836551, -1.500000000000001776 ) ) ;
#740 = ORIENTED_EDGE ( 'NONE', *, *, #3128, .F. ) ;
#741 = CARTESIAN_POINT ( 'NONE',  ( -23.02083333333332504, -0.5876202367904166390, 1.017788105676656674 ) ) ;
#742 = DIRECTION ( 'NONE',  ( -1.000000000000000000, 0.000000000000000000, 0.000000000000000000 ) ) ;
#743 = VERTEX_POINT ( 'NONE', #2063 ) ;
#744 = ORIENTED_EDGE ( 'NONE', *, *, #1656, .T. ) ;
#745 = CARTESIAN_POINT ( 'NONE',  ( -23.60416666666665719, 0.5876202367904169721, 1.017788105676656452 ) ) ;
#746 = CARTESIAN_POINT ( 'NONE',  ( 21.47916666666666785, 1.499999999999999778, 0.8660254037844394848 ) ) ;
#747 = CARTESIAN_POINT ( 'NONE',  ( -22.47916666666665719, -1.175240473580833500, 0.6785254037844380415 ) ) ;
#748 = CARTESIAN_POINT ( 'NONE',  ( -25.00000000000000000, 0.000000000000000000, 0.000000000000000000 ) ) ;
#749 = CARTESIAN_POINT ( 'NONE',  ( 22.64583333333333215, 1.175240473580827949, -0.6785254037844341557 ) ) ;
#750 = CARTESIAN_POINT ( 'NONE',  ( -24.85816762056360574, -1.087761048609460657, 0.8999939631582603017 ) ) ;
#751 = CARTESIAN_POINT ( 'NONE',  ( -23.99999999999998934, -1.175240473580833722, 1.439254484199187407E-16 ) ) ;
#752 = CARTESIAN_POINT ( 'NONE',  ( 23.83333333333333215, 0.5876202367904130863, 1.017788105676651789 ) ) ;
#753 = CARTESIAN_POINT ( 'NONE',  ( 20.97916666666666785, 1.499999999999999778, 0.8660254037844394848 ) ) ;
#754 = CARTESIAN_POINT ( 'NONE',  ( -24.94782445197867915, 1.181790006522016379, 0.9225316642806692391 ) ) ;
#755 = ADVANCED_FACE ( 'NONE', ( #37 ), #2908, .F. ) ;
#756 = CARTESIAN_POINT ( 'NONE',  ( -20.62591874435326034, -5.120537220594853891E-05, -1.499999998284378355 ) ) ;
#757 = CARTESIAN_POINT ( 'NONE',  ( -22.89583333333332504, 1.500000000000001110, 0.8660254037844392627 ) ) ;
#758 = CARTESIAN_POINT ( 'NONE',  ( -19.14583333333332149, -1.500000000000001998, -0.8660254037844388186 ) ) ;
#759 = FACE_OUTER_BOUND ( 'NONE', #2138, .T. ) ;
#760 = CARTESIAN_POINT ( 'NONE',  ( -21.74999999999999289, 1.175240473580833722, 0.000000000000000000 ) ) ;
#761 = CARTESIAN_POINT ( 'NONE',  ( -22.50000000000000711, 1.500000000000001332, 0.000000000000000000 ) ) ;
#762 = CARTESIAN_POINT ( 'NONE',  ( 22.08333333333332860, 0.7499999999999988898, 1.299038105676658672 ) ) ;
#763 = DIRECTION ( 'NONE',  ( 1.000000000000000000, 0.000000000000000000, -0.000000000000000000 ) ) ;
#764 = FACE_OUTER_BOUND ( 'NONE', #3205, .T. ) ;
#765 = CARTESIAN_POINT ( 'NONE',  ( 21.29017090063073780, -0.4019237886466838217, -1.499999999999999778 ) ) ;
#766 = ORIENTED_EDGE ( 'NONE', *, *, #4001, .T. ) ;
#767 = CARTESIAN_POINT ( 'NONE',  ( -21.77083333333332504, -0.7500000000000003331, 1.299038105676659338 ) ) ;
#768 = VERTEX_POINT ( 'NONE', #875 ) ;
#769 = CARTESIAN_POINT ( 'NONE',  ( -24.27083333333332504, 0.5876202367904159729, -1.017788105676656896 ) ) ;
#770 = CARTESIAN_POINT ( 'NONE',  ( 0.000000000000000000, 0.000000000000000000, 1.172700473580827740 ) ) ;
#771 = CARTESIAN_POINT ( 'NONE',  ( -23.89583333333332504, -1.175240473580834166, -0.6785254037844372643 ) ) ;
#772 = ADVANCED_FACE ( 'NONE', ( #3862 ), #3919, .F. ) ;
#773 = AXIS2_PLACEMENT_3D ( 'NONE', #1277, #4606, #799 ) ;
#774 = VERTEX_POINT ( 'NONE', #4332 ) ;
#775 = CARTESIAN_POINT ( 'NONE',  ( -24.86022993090465860, 2.492088861051976245, -0.1835754756815212441 ) ) ;
#776 = CARTESIAN_POINT ( 'NONE',  ( -24.90215908496081454, 4.791399515391892369E-13, 1.452959084960823821 ) ) ;
#777 = CARTESIAN_POINT ( 'NONE',  ( -23.83333333333332504, 0.5876202367904159729, -1.017788105676656896 ) ) ;
#778 = CARTESIAN_POINT ( 'NONE',  ( 19.86022993090465505, 1.405025455977999549, -2.066424524318478451 ) ) ;
#779 = CARTESIAN_POINT ( 'NONE',  ( 21.02083333333333215, 0.7499999999999988898, 1.299038105676658672 ) ) ;
#780 = CARTESIAN_POINT ( 'NONE',  ( -18.60000000000000142, 0.000000000000000000, 0.000000000000000000 ) ) ;
#781 = CARTESIAN_POINT ( 'NONE',  ( 21.87500000000000000, -5.723068602026326086E-15, -1.500000000000000000 ) ) ;
#782 = CARTESIAN_POINT ( 'NONE',  ( -25.16666666666665719, 0.5876202367904169721, 1.017788105676656452 ) ) ;
#783 = CARTESIAN_POINT ( 'NONE',  ( 19.99999999999999645, 0.000000000000000000, 0.000000000000000000 ) ) ;
#784 = CARTESIAN_POINT ( 'NONE',  ( -23.12499999999999289, 8.309539638847769097E-17, 1.357050807568875195 ) ) ;
#785 = CARTESIAN_POINT ( 'NONE',  ( -22.41666666666667140, 0.7500000000000008882, 1.299038105676659116 ) ) ;
#786 = CARTESIAN_POINT ( 'NONE',  ( 22.12500000000000000, -3.181725716174720005E-16, 1.732050807568877193 ) ) ;
#787 = ADVANCED_FACE ( 'NONE', ( #142 ), #1761, .T. ) ;
#788 = CARTESIAN_POINT ( 'NONE',  ( -19.79166666666667140, -1.500000000000000888, 0.8660254037844398178 ) ) ;
#789 = CARTESIAN_POINT ( 'NONE',  ( 24.88441324166553414, 0.4213069430830953532, 1.170022043491314001 ) ) ;
#790 = VERTEX_POINT ( 'NONE', #1535 ) ;
#791 = CARTESIAN_POINT ( 'NONE',  ( 21.56250000000000000, -6.391244124090313355E-16, 1.500000000000000000 ) ) ;
#792 = ORIENTED_EDGE ( 'NONE', *, *, #3921, .F. ) ;
#793 = CARTESIAN_POINT ( 'NONE',  ( -20.68749999999998934, 1.175240473580833722, 0.000000000000000000 ) ) ;
#794 = AXIS2_PLACEMENT_3D ( 'NONE', #3554, #1485, #189 ) ;
#795 = CARTESIAN_POINT ( 'NONE',  ( 23.89583333333333570, 1.500000000000000000, -0.8660254037844384856 ) ) ;
#796 = CARTESIAN_POINT ( 'NONE',  ( -23.68749999999998934, 1.175240473580833722, 0.000000000000000000 ) ) ;
#797 = ORIENTED_EDGE ( 'NONE', *, *, #2162, .T. ) ;
#798 = CARTESIAN_POINT ( 'NONE',  ( -18.60000000222085959, 0.4500393610791968979, -1.430896422446417793 ) ) ;
#799 = DIRECTION ( 'NONE',  ( 0.000000000000000000, 0.000000000000000000, 1.000000000000000000 ) ) ;
#800 = CARTESIAN_POINT ( 'NONE',  ( -24.83112511038418546, -1.372354825214363139, 0.2417200936190224136 ) ) ;
#801 = CARTESIAN_POINT ( 'NONE',  ( -23.87499999999998934, -2.492861891654330359E-16, -1.357050807568875195 ) ) ;
#802 = CARTESIAN_POINT ( 'NONE',  ( 23.20833333333333215, 1.175240473580827727, -0.6785254037844341557 ) ) ;
#803 = CARTESIAN_POINT ( 'NONE',  ( 21.14583333333333215, -1.500000000000000444, 0.8660254037844380415 ) ) ;
#804 = CARTESIAN_POINT ( 'NONE',  ( -24.63511609224377708, 0.9982068604050197136, 0.6517796438958766148 ) ) ;
#805 = CARTESIAN_POINT ( 'NONE',  ( -18.60000000000000142, 0.000000000000000000, 0.000000000000000000 ) ) ;
#806 = CARTESIAN_POINT ( 'NONE',  ( -19.74999999999998934, 1.175240473580833722, 0.000000000000000000 ) ) ;
#807 = CARTESIAN_POINT ( 'NONE',  ( -23.37499999999999645, -2.492861891654330359E-16, -1.357050807568875195 ) ) ;
#808 = CARTESIAN_POINT ( 'NONE',  ( -20.33333333333333925, -0.7500000000000003331, 1.299038105676659338 ) ) ;
#809 = CARTESIAN_POINT ( 'NONE',  ( -22.83333333333332504, 0.5876202367904159729, -1.017788105676656896 ) ) ;
#810 = CARTESIAN_POINT ( 'NONE',  ( -21.37500000000000711, 1.060575238724907778E-16, 1.732050807568878747 ) ) ;
#811 = CARTESIAN_POINT ( 'NONE',  ( 22.45833333333333215, 1.500000000000000222, -0.8660254037844384856 ) ) ;
#812 = CARTESIAN_POINT ( 'NONE',  ( 23.37499999999999289, 2.033577675846917841E-16, -1.499999999999999778 ) ) ;
#813 = CARTESIAN_POINT ( 'NONE',  ( -25.00000000000000000, -1.948557158514986565, -1.125000000000000444 ) ) ;
#814 =( BOUNDED_CURVE ( )  B_SPLINE_CURVE ( 2, ( #3216, #4059, #3959, #240, #4372, #3115, #4783, #656, #1885 ),
 .UNSPECIFIED., .F., .T. ) 
 B_SPLINE_CURVE_WITH_KNOTS ( ( 3, 2, 2, 2, 3 ),
 ( 0.5681818181818182323, 0.5757575757575758013, 0.5909090909090909394, 0.6060606060606060774, 0.6136363636363636465 ),
 .UNSPECIFIED. ) 
 CURVE ( )  GEOMETRIC_REPRESENTATION_ITEM ( )  RATIONAL_B_SPLINE_CURVE ( ( 0.9330127018922194093, 0.9330127018922198534, 1.000000000000000000, 0.8660254037844387076, 1.000000000000000000, 0.8660254037844387076, 1.000000000000000000, 0.9330127018922194093, 0.9330127018922194093 ) ) 
 REPRESENTATION_ITEM ( '' )  );
#815 = CARTESIAN_POINT ( 'NONE',  ( 24.58333333333333215, 0.7499999999999988898, 1.299038105676658672 ) ) ;
#816 = DIRECTION ( 'NONE',  ( -1.000000000000000000, -0.000000000000000000, -0.000000000000000000 ) ) ;
#817 = CARTESIAN_POINT ( 'NONE',  ( -22.58333333333333570, 0.7499999999999995559, -1.299038105676659560 ) ) ;
#818 = ORIENTED_EDGE ( 'NONE', *, *, #2301, .T. ) ;
#819 = CARTESIAN_POINT ( 'NONE',  ( -21.60416666666665719, 0.5876202367904169721, 1.017788105676656452 ) ) ;
#820 = CARTESIAN_POINT ( 'NONE',  ( 24.68749999999999645, 1.175240473580827949, 0.000000000000000000 ) ) ;
#821 = CARTESIAN_POINT ( 'NONE',  ( -21.31249999999999289, -2.492861891654330359E-16, -1.357050807568875195 ) ) ;
#822 = EDGE_LOOP ( 'NONE', ( #3920, #958, #4897, #1779 ) ) ;
#823 = CARTESIAN_POINT ( 'NONE',  ( -25.00000000000000000, 1.727238319854175641, -1.508335473232666590 ) ) ;
#824 = LINE ( 'NONE', #1987, #4236 ) ;
#825 = FACE_OUTER_BOUND ( 'NONE', #3011, .T. ) ;
#826 = CARTESIAN_POINT ( 'NONE',  ( -22.45833333333332149, -1.175240473580834166, -0.6785254037844372643 ) ) ;
#827 = CARTESIAN_POINT ( 'NONE',  ( 24.99999999999999645, -1.175240473580827949, -1.439254484199180504E-16 ) ) ;
#828 = CARTESIAN_POINT ( 'NONE',  ( 21.43750000000000000, 1.500000000000000000, 0.000000000000000000 ) ) ;
#829 = DIRECTION ( 'NONE',  ( 0.000000000000000000, 0.000000000000000000, 1.000000000000000000 ) ) ;
#830 = CARTESIAN_POINT ( 'NONE',  ( 20.87753999999999976, -0.1923759850787046533, 1.169920425654228824 ) ) ;
#831 = FACE_OUTER_BOUND ( 'NONE', #5280, .T. ) ;
#832 = CARTESIAN_POINT ( 'NONE',  ( -24.29166666666665719, 1.175240473580833500, -0.6785254037844382635 ) ) ;
#833 = CARTESIAN_POINT ( 'NONE',  ( -20.29166666666667140, -1.500000000000000888, 0.8660254037844398178 ) ) ;
#834 = CARTESIAN_POINT ( 'NONE',  ( -22.66666666666665719, 0.5876202367904169721, 1.017788105676656452 ) ) ;
#835 = CARTESIAN_POINT ( 'NONE',  ( -23.08333333333333925, 0.7499999999999995559, -1.299038105676659560 ) ) ;
#836 = CARTESIAN_POINT ( 'NONE',  ( 22.87500000000000000, 1.060575238724906915E-16, -1.732050807568877193 ) ) ;
#837 = EDGE_CURVE ( 'NONE', #1303, #978, #3049, .T. ) ;
#838 = CARTESIAN_POINT ( 'NONE',  ( 19.99999999999999645, 1.836970198721030181E-16, 1.500000000000000222 ) ) ;
#839 = CARTESIAN_POINT ( 'NONE',  ( 22.77083333333333215, -0.7499999999999996669, -1.299038105676658228 ) ) ;
#840 = DIRECTION ( 'NONE',  ( -1.000000000000000000, -0.000000000000000000, -0.000000000000000000 ) ) ;
#841 =( BOUNDED_CURVE ( )  B_SPLINE_CURVE ( 2, ( #18, #4914, #4137, #1664, #1388, #1312, #69, #1715, #175 ),
 .UNSPECIFIED., .F., .F. ) 
 B_SPLINE_CURVE_WITH_KNOTS ( ( 3, 2, 2, 2, 3 ),
 ( 0.3863636363636363535, 0.3939393939393939226, 0.4090909090909091161, 0.4242424242424242542, 0.4318181818181818232 ),
 .UNSPECIFIED. ) 
 CURVE ( )  GEOMETRIC_REPRESENTATION_ITEM ( )  RATIONAL_B_SPLINE_CURVE ( ( 0.9330127018922194093, 0.9330127018922194093, 1.000000000000000000, 0.8660254037844387076, 1.000000000000000000, 0.8660254037844387076, 1.000000000000000000, 0.9330127018922194093, 0.9330127018922194093 ) ) 
 REPRESENTATION_ITEM ( '' )  );
#842 = ORIENTED_EDGE ( 'NONE', *, *, #2969, .T. ) ;
#843 = CARTESIAN_POINT ( 'NONE',  ( -19.93749999999998934, -1.175240473580833722, 1.439254484199187407E-16 ) ) ;
#844 = CARTESIAN_POINT ( 'NONE',  ( -24.94782445197867915, 1.181790006522016379, 0.9225316642806692391 ) ) ;
#845 = CARTESIAN_POINT ( 'NONE',  ( -21.97916666666665364, -1.175240473580833500, 0.6785254037844380415 ) ) ;
#846 = ADVANCED_FACE ( 'NONE', ( #4435 ), #4836, .T. ) ;
#847 = VERTEX_POINT ( 'NONE', #4442 ) ;
#848 = CARTESIAN_POINT ( 'NONE',  ( 21.83333333333333215, 0.5876202367904130863, 1.017788105676651789 ) ) ;
#849 = CARTESIAN_POINT ( 'NONE',  ( 19.99999999999999645, 0.000000000000000000, 0.000000000000000000 ) ) ;
#850 = CARTESIAN_POINT ( 'NONE',  ( -18.66666666666667140, -0.7500000000000013323, -1.299038105676658894 ) ) ;
#851 = CARTESIAN_POINT ( 'NONE',  ( -21.37499999999999645, -2.492861891654330359E-16, -1.357050807568875195 ) ) ;
#852 = VECTOR ( 'NONE', #97, 1000.000000000000000 ) ;
#853 = CARTESIAN_POINT ( 'NONE',  ( 22.37499999999999645, -2.492861891654318526E-16, 1.357050807568868533 ) ) ;
#854 = CARTESIAN_POINT ( 'NONE',  ( 22.60416666666666430, -0.7500000000000006661, 1.299038105676657562 ) ) ;
#855 = DIRECTION ( 'NONE',  ( -1.000000000000000000, -0.000000000000000000, -0.000000000000000000 ) ) ;
#856 = CARTESIAN_POINT ( 'NONE',  ( -24.90215908496081454, 4.791399515391892369E-13, 1.452959084960823821 ) ) ;
#857 = CARTESIAN_POINT ( 'NONE',  ( -21.08482909936925509, -0.4019237886466817122, -1.500000000000003109 ) ) ;
#858 = AXIS2_PLACEMENT_3D ( 'NONE', #5305, #272, #3582 ) ;
#859 = CARTESIAN_POINT ( 'NONE',  ( -24.70833333333332504, 1.175240473580833944, 0.6785254037844374864 ) ) ;
#860 = CARTESIAN_POINT ( 'NONE',  ( -21.16666666666666075, 0.5876202367904169721, 1.017788105676656452 ) ) ;
#861 = CARTESIAN_POINT ( 'NONE',  ( -19.25000000000000355, -1.500000000000001332, 1.836970198721031413E-16 ) ) ;
#862 = CARTESIAN_POINT ( 'NONE',  ( 20.16666666666666430, -0.7500000000000006661, 1.299038105676657562 ) ) ;
#863 = CARTESIAN_POINT ( 'NONE',  ( 24.90236388584324345, 2.466654187917208121E-11, 1.222636114156755216 ) ) ;
#864 = EDGE_CURVE ( 'NONE', #5095, #4189, #184, .T. ) ;
#865 = CARTESIAN_POINT ( 'NONE',  ( -23.54017090063073070, 0.4019237886466852094, -1.500000000000001110 ) ) ;
#866 = CARTESIAN_POINT ( 'NONE',  ( -23.64733057772541258, -0.4019503990573883301, -1.499984636472218025 ) ) ;
#867 = ORIENTED_EDGE ( 'NONE', *, *, #355, .F. ) ;
#868 = CARTESIAN_POINT ( 'NONE',  ( -19.81249999999998934, -2.492861891654330359E-16, -1.357050807568875195 ) ) ;
#869 = CARTESIAN_POINT ( 'NONE',  ( 25.10416666666666430, 0.5876202367904140855, -1.017788105676651345 ) ) ;
#870 = CARTESIAN_POINT ( 'NONE',  ( -20.60416666666666075, 0.5876202367904169721, 1.017788105676656452 ) ) ;
#871 = ORIENTED_EDGE ( 'NONE', *, *, #3236, .T. ) ;
#872 = CIRCLE ( 'NONE', #5138, 1.550800000000000622 ) ;
#873 = CARTESIAN_POINT ( 'NONE',  ( 24.20833333333332860, 1.175240473580827727, -0.6785254037844341557 ) ) ;
#874 = CARTESIAN_POINT ( 'NONE',  ( 19.99999999999999645, 1.948557158514986565, 1.125000000000000222 ) ) ;
#875 = CARTESIAN_POINT ( 'NONE',  ( 22.06250000000000000, -6.391244124090313355E-16, 1.500000000000000000 ) ) ;
#876 = ADVANCED_FACE ( 'NONE', ( #5262 ), #4824, .F. ) ;
#877 = VECTOR ( 'NONE', #665, 1000.000000000000000 ) ;
#878 = EDGE_CURVE ( 'NONE', #4189, #86, #964, .T. ) ;
#879 = CARTESIAN_POINT ( 'NONE',  ( -21.41666666666665719, -0.5876202367904174162, -1.017788105676656230 ) ) ;
#880 = CARTESIAN_POINT ( 'NONE',  ( 21.12499999999999645, 8.309539638847728421E-17, -1.357050807568868533 ) ) ;
#881 = CARTESIAN_POINT ( 'NONE',  ( 22.08333333333332860, 0.7499999999999988898, 1.299038105676658672 ) ) ;
#882 = VECTOR ( 'NONE', #3255, 1000.000000000000000 ) ;
#883 = DIRECTION ( 'NONE',  ( 0.000000000000000000, 0.000000000000000000, 1.000000000000000000 ) ) ;
#884 = CARTESIAN_POINT ( 'NONE',  ( -22.52083333333332149, 0.7499999999999995559, -1.299038105676659560 ) ) ;
#885 = CARTESIAN_POINT ( 'NONE',  ( 23.83333333333333215, 0.5876202367904130863, 1.017788105676651789 ) ) ;
#886 = CARTESIAN_POINT ( 'NONE',  ( -23.12499999999999289, 8.309539638847769097E-17, 1.357050807568875195 ) ) ;
#887 = CARTESIAN_POINT ( 'NONE',  ( 0.000000000000000000, 0.000000000000000000, 0.000000000000000000 ) ) ;
#888 = CARTESIAN_POINT ( 'NONE',  ( -19.24999999999998934, 1.175240473580833722, 0.000000000000000000 ) ) ;
#889 = CARTESIAN_POINT ( 'NONE',  ( -19.87500000000000355, 1.060575238724907778E-16, 1.732050807568878747 ) ) ;
#890 = CARTESIAN_POINT ( 'NONE',  ( 20.24999999999999645, -1.500000000000000000, -1.836970198721029934E-16 ) ) ;
#891 = CARTESIAN_POINT ( 'NONE',  ( -24.92191135335411545, 0.5503689668130402612, 1.370516696325577932 ) ) ;
#892 = CARTESIAN_POINT ( 'NONE',  ( 24.37499999999999645, 1.060575238724906915E-16, -1.732050807568877193 ) ) ;
#893 = CARTESIAN_POINT ( 'NONE',  ( 21.10416666666666785, 0.5876202367904140855, -1.017788105676651345 ) ) ;
#894 = EDGE_CURVE ( 'NONE', #928, #2687, #4493, .T. ) ;
#895 = CARTESIAN_POINT ( 'NONE',  ( -19.33333333333333925, -0.7500000000000003331, 1.299038105676659338 ) ) ;
#896 = CARTESIAN_POINT ( 'NONE',  ( 20.00000000000000000, -2.169875997175799043, 0.7416645267673328545 ) ) ;
#897 = CARTESIAN_POINT ( 'NONE',  ( -22.39732883646101769, 0.4019190562982014048, 1.500002732222671886 ) ) ;
#898 = ORIENTED_EDGE ( 'NONE', *, *, #3971, .T. ) ;
#899 = CARTESIAN_POINT ( 'NONE',  ( -19.72916666666666075, 1.175240473580833500, -0.6785254037844382635 ) ) ;
#900 = CARTESIAN_POINT ( 'NONE',  ( 24.52083333333333215, -0.5876202367904137525, -1.017788105676651345 ) ) ;
#901 = CARTESIAN_POINT ( 'NONE',  ( -21.68749999999999289, 1.175240473580833722, 0.000000000000000000 ) ) ;
#902 = ORIENTED_EDGE ( 'NONE', *, *, #1959, .T. ) ;
#903 = CARTESIAN_POINT ( 'NONE',  ( 23.25000000000000000, 1.175240473580827949, 0.000000000000000000 ) ) ;
#904 = DIRECTION ( 'NONE',  ( 1.000000000000000000, 0.000000000000000000, 0.000000000000000000 ) ) ;
#905 = LOCAL_TIME ( 18, 19, 20.00000000000000000, #1691 ) ;
#906 = CARTESIAN_POINT ( 'NONE',  ( -22.49999999999999289, -1.175240473580833722, 1.439254484199187407E-16 ) ) ;
#907 = CARTESIAN_POINT ( 'NONE',  ( 22.25000000000000000, 1.175240473580827949, 0.000000000000000000 ) ) ;
#908 = DIRECTION ( 'NONE',  ( -1.000000000000000000, -0.000000000000000000, -0.000000000000000000 ) ) ;
#909 = CARTESIAN_POINT ( 'NONE',  ( 23.72916666666666785, 1.175240473580827727, 0.6785254037844348218 ) ) ;
#910 = CARTESIAN_POINT ( 'NONE',  ( -20.54166666666667496, 1.500000000000000888, -0.8660254037844402619 ) ) ;
#911 = CARTESIAN_POINT ( 'NONE',  ( -22.37499999999999289, -2.492861891654330359E-16, -1.357050807568875195 ) ) ;
#912 =( NAMED_UNIT ( * ) SI_UNIT ( $, .STERADIAN. ) SOLID_ANGLE_UNIT ( ) );
#913 = CARTESIAN_POINT ( 'NONE',  ( -19.79166666666665719, 1.175240473580833500, -0.6785254037844382635 ) ) ;
#914 = CARTESIAN_POINT ( 'NONE',  ( -20.04166666666666785, 1.500000000000000888, -0.8660254037844402619 ) ) ;
#915 = CARTESIAN_POINT ( 'NONE',  ( 20.12499999999999289, -3.181725716174720005E-16, 1.732050807568877193 ) ) ;
#916 = B_SPLINE_CURVE_WITH_KNOTS ( 'NONE', 3,
 ( #1192, #3802, #4989, #4959, #416, #3258 ),
 .UNSPECIFIED., .F., .F.,
 ( 4, 2, 4 ),
 ( 0.000000000000000000, 0.0004662244638250946519, 0.0009324489276501893038 ),
 .UNSPECIFIED. ) ;
#917 = EDGE_CURVE ( 'NONE', #4515, #2219, #3641, .T. ) ;
#918 = CARTESIAN_POINT ( 'NONE',  ( 19.99999999999999645, 1.836970198721030181E-16, 1.500000000000000222 ) ) ;
#919 = CARTESIAN_POINT ( 'NONE',  ( -23.93749999999998934, 1.500000000000001332, 0.000000000000000000 ) ) ;
#920 = CARTESIAN_POINT ( 'NONE',  ( 24.45833333333333215, 1.500000000000000222, -0.8660254037844384856 ) ) ;
#921 = CARTESIAN_POINT ( 'NONE',  ( 21.18749999999999645, 1.175240473580827949, 0.000000000000000000 ) ) ;
#922 = CARTESIAN_POINT ( 'NONE',  ( 0.000000000000000000, 0.000000000000000000, 0.000000000000000000 ) ) ;
#923 = CARTESIAN_POINT ( 'NONE',  ( -24.22916666666666075, -1.500000000000000888, 0.8660254037844398178 ) ) ;
#924 = ORIENTED_EDGE ( 'NONE', *, *, #4928, .F. ) ;
#925 = CARTESIAN_POINT ( 'NONE',  ( -19.22916666666665719, -1.500000000000000888, 0.8660254037844398178 ) ) ;
#926 = CARTESIAN_POINT ( 'NONE',  ( 22.27083333333332860, 0.5876202367904130863, 1.017788105676651789 ) ) ;
#927 = CARTESIAN_POINT ( 'NONE',  ( -21.02083333333332504, -0.5876202367904166390, 1.017788105676656674 ) ) ;
#928 = VERTEX_POINT ( 'NONE', #1068 ) ;
#929 = ORIENTED_EDGE ( 'NONE', *, *, #1004, .T. ) ;
#930 = CARTESIAN_POINT ( 'NONE',  ( 24.08333333333333215, -0.5876202367904137525, -1.017788105676651345 ) ) ;
#931 = DIRECTION ( 'NONE',  ( -1.000000000000000000, -0.000000000000000000, -0.000000000000000000 ) ) ;
#932 = EDGE_CURVE ( 'NONE', #609, #306, #872, .T. ) ;
#933 = CARTESIAN_POINT ( 'NONE',  ( -20.99999999999998934, -1.175240473580833722, 1.439254484199187407E-16 ) ) ;
#934 = CARTESIAN_POINT ( 'NONE',  ( 22.33333333333332860, 0.5876202367904130863, 1.017788105676651789 ) ) ;
#935 = CARTESIAN_POINT ( 'NONE',  ( -23.81249999999999289, -1.539708811712666471E-15, 1.500000000000001110 ) ) ;
#936 = CARTESIAN_POINT ( 'NONE',  ( 24.14583333333333215, 1.175240473580827949, -0.6785254037844341557 ) ) ;
#937 = CARTESIAN_POINT ( 'NONE',  ( -21.31249999999999289, -6.768908549604741285E-15, 1.500000000000001332 ) ) ;
#938 = CARTESIAN_POINT ( 'NONE',  ( -20.91666666666666075, -0.5876202367904174162, -1.017788105676656230 ) ) ;
#939 = COORDINATED_UNIVERSAL_TIME_OFFSET ( 6, 0, .BEHIND. ) ;
#940 = AXIS2_PLACEMENT_3D ( 'NONE', #5274, #2893, #2811 ) ;
#941 = CARTESIAN_POINT ( 'NONE',  ( -20.91666666666666075, -0.5876202367904174162, -1.017788105676656230 ) ) ;
#942 = CARTESIAN_POINT ( 'NONE',  ( -20.95833333333333925, 1.500000000000001554, 0.8660254037844392627 ) ) ;
#943 = CARTESIAN_POINT ( 'NONE',  ( 25.14583333333332860, 1.175240473580827727, -0.6785254037844341557 ) ) ;
#944 = CARTESIAN_POINT ( 'NONE',  ( 22.02083333333333215, 0.7499999999999988898, 1.299038105676658672 ) ) ;
#945 = AXIS2_PLACEMENT_3D ( 'NONE', #2840, #763, #1487 ) ;
#946 = CARTESIAN_POINT ( 'NONE',  ( -22.35416666666665719, 0.7500000000000008882, 1.299038105676659116 ) ) ;
#947 = EDGE_CURVE ( 'NONE', #135, #1703, #2967, .T. ) ;
#948 = EDGE_CURVE ( 'NONE', #3316, #331, #144, .T. ) ;
#949 = CARTESIAN_POINT ( 'NONE',  ( 24.33333333333333215, -0.7499999999999996669, -1.299038105676658228 ) ) ;
#950 = CARTESIAN_POINT ( 'NONE',  ( 24.66666666666666430, 0.5876202367904140855, -1.017788105676651345 ) ) ;
#951 = CARTESIAN_POINT ( 'NONE',  ( -19.00698189766701063, 0.9742012179188316301, -1.140584055212709558 ) ) ;
#952 = ORIENTED_EDGE ( 'NONE', *, *, #4336, .T. ) ;
#953 = ORIENTED_EDGE ( 'NONE', *, *, #2985, .T. ) ;
#954 = CARTESIAN_POINT ( 'NONE',  ( -19.10416666666665719, 0.5876202367904169721, 1.017788105676656452 ) ) ;
#955 = CARTESIAN_POINT ( 'NONE',  ( 22.68750000000000000, 1.175240473580827949, 0.000000000000000000 ) ) ;
#956 = CARTESIAN_POINT ( 'NONE',  ( -19.14583333333332504, 1.175240473580833722, 0.6785254037844374864 ) ) ;
#957 = ORIENTED_EDGE ( 'NONE', *, *, #5306, .F. ) ;
#958 = ORIENTED_EDGE ( 'NONE', *, *, #3350, .F. ) ;
#959 = CARTESIAN_POINT ( 'NONE',  ( 22.12500000000000000, 8.309539638847728421E-17, -1.357050807568868533 ) ) ;
#960 = B_SPLINE_CURVE_WITH_KNOTS ( 'NONE', 3,
 ( #776, #4884, #2388, #4474, #750, #726, #4525, #5267, #800, #2827, #2414, #4080, #3569, #1145, #3184, #2747, #4055, #1548, #368, #341 ),
 .UNSPECIFIED., .F., .F.,
 ( 4, 2, 2, 2, 2, 2, 2, 2, 2, 4 ),
 ( 0.001384252750199696080, 0.002462846045341494754, 0.002732494369126944531, 0.003002142692912393874, 0.003541439340483292994, 0.004080735988054192548, 0.004620032635625090367, 0.004889680959410541011, 0.005159329283195989921, 0.005698625930766889475 ),
 .UNSPECIFIED. ) ;
#961 = CARTESIAN_POINT ( 'NONE',  ( -24.68749999999998934, 1.175240473580833722, 0.000000000000000000 ) ) ;
#962 = CARTESIAN_POINT ( 'NONE',  ( 20.91834209798311406, -1.237715208677112599, -0.05956012247193383929 ) ) ;
#963 = CARTESIAN_POINT ( 'NONE',  ( 21.29166666666667140, 1.175240473580827505, 0.6785254037844348218 ) ) ;
#964 = CIRCLE ( 'NONE', #1821, 2.250000000000000000 ) ;
#965 = CARTESIAN_POINT ( 'NONE',  ( -24.98104968047580243, -0.4382434369634350402, 2.250000000000000000 ) ) ;
#966 = CARTESIAN_POINT ( 'NONE',  ( 24.39583333333333215, -1.175240473580828393, 0.6785254037844338226 ) ) ;
#967 = VECTOR ( 'NONE', #1435, 1000.000000000000000 ) ;
#968 = CARTESIAN_POINT ( 'NONE',  ( 23.04166666666666430, -1.175240473580827727, -0.6785254037844345998 ) ) ;
#969 = CARTESIAN_POINT ( 'NONE',  ( -21.95833333333332504, -1.175240473580834166, -0.6785254037844371533 ) ) ;
#970 = COORDINATED_UNIVERSAL_TIME_OFFSET ( 6, 0, .BEHIND. ) ;
#971 = CARTESIAN_POINT ( 'NONE',  ( -19.08333333333332504, -0.5876202367904166390, 1.017788105676656674 ) ) ;
#972 = CARTESIAN_POINT ( 'NONE',  ( 24.10416666666666785, 0.5876202367904140855, -1.017788105676651345 ) ) ;
#973 = CARTESIAN_POINT ( 'NONE',  ( 19.86022993090465860, -2.492088861051975357, -0.1835754756815218269 ) ) ;
#974 = CARTESIAN_POINT ( 'NONE',  ( -23.10416666666665719, -0.7500000000000013323, -1.299038105676658894 ) ) ;
#975 = CARTESIAN_POINT ( 'NONE',  ( 23.54017090063073425, 0.4019237886466846543, 1.499999999999999556 ) ) ;
#976 = CARTESIAN_POINT ( 'NONE',  ( 20.85416666666666785, -0.5876202367904145296, 1.017788105676650900 ) ) ;
#977 = DIRECTION ( 'NONE',  ( 0.000000000000000000, 0.000000000000000000, 1.000000000000000000 ) ) ;
#978 = VERTEX_POINT ( 'NONE', #2307 ) ;
#979 = VERTEX_POINT ( 'NONE', #2332 ) ;
#980 = DIRECTION ( 'NONE',  ( 0.000000000000000000, 0.000000000000000000, 1.000000000000000000 ) ) ;
#981 = CARTESIAN_POINT ( 'NONE',  ( 23.56249999999999645, 8.309539638847728421E-17, -1.357050807568868533 ) ) ;
#982 = CARTESIAN_POINT ( 'NONE',  ( -19.22916666666665719, 1.175240473580833056, -0.6785254037844382635 ) ) ;
#983 = ORIENTED_EDGE ( 'NONE', *, *, #1351, .T. ) ;
#984 = VERTEX_POINT ( 'NONE', #310 ) ;
#985 = CARTESIAN_POINT ( 'NONE',  ( 21.50000000000000000, -1.175240473580827949, -1.439254484199180504E-16 ) ) ;
#986 = CARTESIAN_POINT ( 'NONE',  ( -23.56249999999999289, 8.309539638847769097E-17, 1.357050807568875195 ) ) ;
#987 = CARTESIAN_POINT ( 'NONE',  ( -19.37499999999998934, -2.492861891654330359E-16, -1.357050807568875195 ) ) ;
#988 = CARTESIAN_POINT ( 'NONE',  ( 19.95833333333333215, -1.175240473580827949, 0.6785254037844338226 ) ) ;
#989 = CARTESIAN_POINT ( 'NONE',  ( -25.00000000000000000, 1.948557158514986565, 1.125000000000000222 ) ) ;
#990 = CARTESIAN_POINT ( 'NONE',  ( 23.02083333333333215, -0.5876202367904137525, -1.017788105676651345 ) ) ;
#991 = APPROVAL_PERSON_ORGANIZATION ( #2917, #2628, #4590 ) ;
#992 = CARTESIAN_POINT ( 'NONE',  ( 22.25000000000000000, 1.175240473580827949, 0.000000000000000000 ) ) ;
#993 = CARTESIAN_POINT ( 'NONE',  ( -20.70833333333332860, 1.175240473580833944, 0.6785254037844374864 ) ) ;
#994 = CARTESIAN_POINT ( 'NONE',  ( -24.89583333333332504, -1.175240473580834166, -0.6785254037844371533 ) ) ;
#995 = CARTESIAN_POINT ( 'NONE',  ( 22.85416666666666430, -0.5876202367904145296, 1.017788105676650900 ) ) ;
#996 = CARTESIAN_POINT ( 'NONE',  ( -19.95833333333333925, 1.500000000000001110, 0.8660254037844392627 ) ) ;
#997 = CARTESIAN_POINT ( 'NONE',  ( -22.89732828903539996, 0.4019092026371399173, 1.500008421236538103 ) ) ;
#998 = CARTESIAN_POINT ( 'NONE',  ( -21.22916666666666075, 1.175240473580833500, -0.6785254037844382635 ) ) ;
#999 = CARTESIAN_POINT ( 'NONE',  ( -22.60416666666665719, -0.7500000000000013323, -1.299038105676658894 ) ) ;
#1000 = CARTESIAN_POINT ( 'NONE',  ( -23.12556462521595790, -3.191347614756257162E-05, -1.499999999351781632 ) ) ;
#1001 = CARTESIAN_POINT ( 'NONE',  ( 24.24999999999999645, -1.500000000000000000, -1.836970198721029934E-16 ) ) ;
#1002 = CARTESIAN_POINT ( 'NONE',  ( 24.91666666666666430, -0.5876202367904145296, 1.017788105676650900 ) ) ;
#1003 = EDGE_CURVE ( 'NONE', #91, #2405, #1544, .T. ) ;
#1004 = EDGE_CURVE ( 'NONE', #3095, #2109, #4075, .T. ) ;
#1005 = CARTESIAN_POINT ( 'NONE',  ( 19.99999999999999645, 0.000000000000000000, -1.500000000000000222 ) ) ;
#1006 = ORIENTED_EDGE ( 'NONE', *, *, #2635, .F. ) ;
#1007 = VERTEX_POINT ( 'NONE', #1931 ) ;
#1008 = CARTESIAN_POINT ( 'NONE',  ( -18.81249999999999289, -2.492861891654330359E-16, -1.357050807568875195 ) ) ;
#1009 = CARTESIAN_POINT ( 'NONE',  ( 23.14583333333332860, 1.175240473580827727, -0.6785254037844341557 ) ) ;
#1010 = CARTESIAN_POINT ( 'NONE',  ( -19.10416666666665719, 0.5876202367904169721, 1.017788105676656452 ) ) ;
#1011 = VERTEX_POINT ( 'NONE', #3617 ) ;
#1012 = ORIENTED_EDGE ( 'NONE', *, *, #4726, .T. ) ;
#1013 = CARTESIAN_POINT ( 'NONE',  ( 19.85990474769867831, -1.088189872740153108, -2.249999999999999556 ) ) ;
#1014 = CARTESIAN_POINT ( 'NONE',  ( -24.14583333333332504, 1.175240473580833944, 0.6785254037844374864 ) ) ;
#1015 = ORIENTED_EDGE ( 'NONE', *, *, #1894, .F. ) ;
#1016 = CARTESIAN_POINT ( 'NONE',  ( 20.98507653238448967, -0.2365175622554932522, -1.266427962992619616 ) ) ;
#1017 = LINE ( 'NONE', #285, #1913 ) ;
#1018 = CARTESIAN_POINT ( 'NONE',  ( 23.77083333333333215, 0.5876202367904130863, 1.017788105676651789 ) ) ;
#1019 = CARTESIAN_POINT ( 'NONE',  ( 21.95833333333332860, -1.175240473580828393, 0.6785254037844338226 ) ) ;
#1020 = CARTESIAN_POINT ( 'NONE',  ( -20.20833333333332149, 1.175240473580833944, 0.6785254037844374864 ) ) ;
#1021 =( BOUNDED_CURVE ( )  B_SPLINE_CURVE ( 2, ( #27, #3363, #1296, #2547, #4210, #5167, #3140, #5135, #1450 ),
 .UNSPECIFIED., .F., .F. ) 
 B_SPLINE_CURVE_WITH_KNOTS ( ( 3, 2, 2, 2, 3 ),
 ( 0.9038461538461538547, 0.9102564102564102422, 0.9230769230769231282, 0.9358974358974359031, 0.9423076923076922906 ),
 .UNSPECIFIED. ) 
 CURVE ( )  GEOMETRIC_REPRESENTATION_ITEM ( )  RATIONAL_B_SPLINE_CURVE ( ( 0.9330127018922194093, 0.9330127018922194093, 1.000000000000000000, 0.8660254037844387076, 1.000000000000000000, 0.8660254037844387076, 1.000000000000000000, 0.9330127018922194093, 0.9330127018922194093 ) ) 
 REPRESENTATION_ITEM ( '' )  );
#1022 = CARTESIAN_POINT ( 'NONE',  ( -22.81249999999999289, -2.492861891654330359E-16, -1.357050807568875195 ) ) ;
#1023 = CARTESIAN_POINT ( 'NONE',  ( 21.22916666666666785, 1.175240473580827505, 0.6785254037844348218 ) ) ;
#1024 = DIRECTION ( 'NONE',  ( 0.000000000000000000, 0.000000000000000000, 1.000000000000000000 ) ) ;
#1025 = CARTESIAN_POINT ( 'NONE',  ( -22.87499825397860320, -3.142839441811019004E-05, 1.499999999670752926 ) ) ;
#1026 = DIRECTION ( 'NONE',  ( -1.000000000000000000, -0.000000000000000000, -0.000000000000000000 ) ) ;
#1027 = CARTESIAN_POINT ( 'NONE',  ( -20.72916666666665719, 1.175240473580833500, -0.6785254037844382635 ) ) ;
#1028 = CARTESIAN_POINT ( 'NONE',  ( -24.31249999999999289, 1.060575238724907778E-16, 1.732050807568878747 ) ) ;
#1029 = CARTESIAN_POINT ( 'NONE',  ( -22.06249999999999289, 6.333141904780402276E-15, -1.500000000000001554 ) ) ;
#1030 = CARTESIAN_POINT ( 'NONE',  ( -24.87499999999998934, -2.492861891654330359E-16, -1.357050807568875195 ) ) ;
#1031 = CARTESIAN_POINT ( 'NONE',  ( -19.02083333333332504, -0.5876202367904166390, 1.017788105676656674 ) ) ;
#1032 = CONICAL_SURFACE ( 'NONE', #2927, 2.250000000000000000, 1.047197551196600074 ) ;
#1033 = CYLINDRICAL_SURFACE ( 'NONE', #163, 1.500000000000000666 ) ;
#1034 = ORIENTED_EDGE ( 'NONE', *, *, #4674, .T. ) ;
#1035 = ORIENTED_EDGE ( 'NONE', *, *, #1323, .F. ) ;
#1036 = CYLINDRICAL_SURFACE ( 'NONE', #2519, 1.500000000000000666 ) ;
#1037 = CARTESIAN_POINT ( 'NONE',  ( 24.31250000000000000, -2.492861891654318526E-16, 1.357050807568868533 ) ) ;
#1038 = CARTESIAN_POINT ( 'NONE',  ( -18.76420044157551459, 0.6811631509983221422, -0.9637810789779401865 ) ) ;
#1039 = ORIENTED_EDGE ( 'NONE', *, *, #5308, .T. ) ;
#1040 = EDGE_LOOP ( 'NONE', ( #4772, #1759, #5, #4158 ) ) ;
#1041 = CARTESIAN_POINT ( 'NONE',  ( 20.70833333333333215, 1.175240473580827727, -0.6785254037844341557 ) ) ;
#1042 = EDGE_LOOP ( 'NONE', ( #5122, #5089, #2251, #4300, #664, #1217, #3998, #4101 ) ) ;
#1043 = CARTESIAN_POINT ( 'NONE',  ( -19.33333333333333925, -0.7500000000000003331, 1.299038105676659338 ) ) ;
#1044 = CARTESIAN_POINT ( 'NONE',  ( -18.91666666666665719, -0.5876202367904174162, -1.017788105676656230 ) ) ;
#1045 = DIRECTION ( 'NONE',  ( 1.000000000000000000, 0.000000000000000000, 0.000000000000000000 ) ) ;
#1046 = EDGE_CURVE ( 'NONE', #1271, #4414, #1249, .T. ) ;
#1047 = CARTESIAN_POINT ( 'NONE',  ( 22.68750000000000000, 1.175240473580827949, 0.000000000000000000 ) ) ;
#1048 = CARTESIAN_POINT ( 'NONE',  ( 21.54166666666666075, -1.175240473580827727, -0.6785254037844345998 ) ) ;
#1049 = CARTESIAN_POINT ( 'NONE',  ( 22.89583333333333215, -1.175240473580827949, 0.6785254037844338226 ) ) ;
#1050 = CARTESIAN_POINT ( 'NONE',  ( -24.31249999999998934, 2.033577675846917841E-16, 1.500000000000001110 ) ) ;
#1051 = CARTESIAN_POINT ( 'NONE',  ( 23.35416666666666430, 0.7500000000000002220, -1.299038105676658006 ) ) ;
#1052 = DIRECTION ( 'NONE',  ( 0.000000000000000000, 0.000000000000000000, -1.000000000000000000 ) ) ;
#1053 =( BOUNDED_CURVE ( )  B_SPLINE_CURVE ( 2, ( #1906, #3566, #2432, #1648, #2489, #2956, #524, #2163, #3310 ),
 .UNSPECIFIED., .F., .F. ) 
 B_SPLINE_CURVE_WITH_KNOTS ( ( 3, 2, 2, 2, 3 ),
 ( 0.6136363636363636465, 0.6212121212121212155, 0.6363636363636363535, 0.6515151515151514916, 0.6590909090909090606 ),
 .UNSPECIFIED. ) 
 CURVE ( )  GEOMETRIC_REPRESENTATION_ITEM ( )  RATIONAL_B_SPLINE_CURVE ( ( 0.9330127018922194093, 0.9330127018922194093, 1.000000000000000000, 0.8660254037844387076, 1.000000000000000000, 0.8660254037844387076, 1.000000000000000000, 0.9330127018922194093, 0.9330127018922194093 ) ) 
 REPRESENTATION_ITEM ( '' )  );
#1054 = CARTESIAN_POINT ( 'NONE',  ( -20.66666666666667496, -0.7500000000000013323, -1.299038105676658894 ) ) ;
#1055 = CARTESIAN_POINT ( 'NONE',  ( -21.35416666666665719, -0.5876202367904174162, -1.017788105676656230 ) ) ;
#1056 = CARTESIAN_POINT ( 'NONE',  ( -21.31249999999999289, 1.060575238724907778E-16, 1.732050807568878747 ) ) ;
#1057 = CARTESIAN_POINT ( 'NONE',  ( 24.65946809674451146, -1.463219675703983702, 0.1632893823369260256 ) ) ;
#1058 = AXIS2_PLACEMENT_3D ( 'NONE', #4801, #1045, #2283 ) ;
#1059 = CARTESIAN_POINT ( 'NONE',  ( 23.83333333333333215, -0.7499999999999996669, -1.299038105676658228 ) ) ;
#1060 = CARTESIAN_POINT ( 'NONE',  ( -24.16666666666667140, -0.7500000000000013323, -1.299038105676658894 ) ) ;
#1061 = CARTESIAN_POINT ( 'NONE',  ( -22.14583333333332504, -1.500000000000002220, -0.8660254037844388186 ) ) ;
#1062 = ORIENTED_EDGE ( 'NONE', *, *, #4558, .T. ) ;
#1063 = DIRECTION ( 'NONE',  ( -1.000000000000000000, -0.000000000000000000, -0.000000000000000000 ) ) ;
#1064 = EDGE_LOOP ( 'NONE', ( #4126, #1222, #1728, #4679, #2306 ) ) ;
#1065 = ORIENTED_EDGE ( 'NONE', *, *, #1502, .F. ) ;
#1066 = CARTESIAN_POINT ( 'NONE',  ( 21.37500000000000000, -2.492861891654318526E-16, 1.357050807568868533 ) ) ;
#1067 = EDGE_LOOP ( 'NONE', ( #667, #2579, #4901, #957 ) ) ;
#1068 = CARTESIAN_POINT ( 'NONE',  ( -24.79903810567666156, 1.299038105676659782, -2.249999999999999556 ) ) ;
#1069 = CARTESIAN_POINT ( 'NONE',  ( -20.45833333333332504, -1.175240473580834166, -0.6785254037844372643 ) ) ;
#1070 = ADVANCED_FACE ( 'NONE', ( #4577 ), #4932, .F. ) ;
#1071 = CARTESIAN_POINT ( 'NONE',  ( -24.62444047358082955, -0.005259121137488222478, 1.175231653400738319 ) ) ;
#1072 = CARTESIAN_POINT ( 'NONE',  ( 21.56250000000000000, 8.309539638847728421E-17, -1.357050807568868311 ) ) ;
#1073 = CARTESIAN_POINT ( 'NONE',  ( 23.54166666666666785, -1.175240473580827727, -0.6785254037844345998 ) ) ;
#1074 = VECTOR ( 'NONE', #4622, 1000.000000000000000 ) ;
#1075 = CARTESIAN_POINT ( 'NONE',  ( 21.64583333333333570, 1.175240473580827727, -0.6785254037844341557 ) ) ;
#1076 = CARTESIAN_POINT ( 'NONE',  ( -23.18749999999999289, -1.500000000000001332, 1.836970198721031413E-16 ) ) ;
#1077 = CARTESIAN_POINT ( 'NONE',  ( 24.85416666666666430, 0.7500000000000002220, -1.299038105676658006 ) ) ;
#1078 = CARTESIAN_POINT ( 'NONE',  ( -24.81249999999998579, -7.262777413738992359E-16, 1.500000000000001110 ) ) ;
#1079 = CARTESIAN_POINT ( 'NONE',  ( -25.00000000000000000, 0.000000000000000000, 0.000000000000000000 ) ) ;
#1080 = CARTESIAN_POINT ( 'NONE',  ( -22.27083333333332149, 0.5876202367904159729, -1.017788105676656896 ) ) ;
#1081 = CARTESIAN_POINT ( 'NONE',  ( -20.64583333333332504, -1.500000000000001998, -0.8660254037844388186 ) ) ;
#1082 = CARTESIAN_POINT ( 'NONE',  ( -20.18749999999998934, 1.175240473580833722, 0.000000000000000000 ) ) ;
#1083 = EDGE_CURVE ( 'NONE', #503, #4327, #730, .T. ) ;
#1084 = CARTESIAN_POINT ( 'NONE',  ( -23.97916666666666075, 1.500000000000000888, -0.8660254037844402619 ) ) ;
#1085 = CARTESIAN_POINT ( 'NONE',  ( 22.58333333333332860, 0.7499999999999988898, 1.299038105676658672 ) ) ;
#1086 = FACE_OUTER_BOUND ( 'NONE', #3859, .T. ) ;
#1087 = ORIENTED_EDGE ( 'NONE', *, *, #3571, .T. ) ;
#1088 = ORIENTED_EDGE ( 'NONE', *, *, #1619, .T. ) ;
#1089 = CARTESIAN_POINT ( 'NONE',  ( 19.95833333333333215, -1.175240473580827949, 0.6785254037844338226 ) ) ;
#1090 = ORIENTED_EDGE ( 'NONE', *, *, #4336, .F. ) ;
#1091 = CARTESIAN_POINT ( 'NONE',  ( 19.99999999999999645, 0.000000000000000000, -1.500000000000000222 ) ) ;
#1092 = CARTESIAN_POINT ( 'NONE',  ( -23.27083333333332504, 0.5876202367904159729, -1.017788105676656896 ) ) ;
#1093 = CARTESIAN_POINT ( 'NONE',  ( -24.62444047358083665, -0.002628810513115662894, 1.175240473580833944 ) ) ;
#1094 = CARTESIAN_POINT ( 'NONE',  ( 21.85416666666666430, -0.5876202367904145296, 1.017788105676650900 ) ) ;
#1095 = EDGE_CURVE ( 'NONE', #3916, #2405, #1803, .T. ) ;
#1096 = CARTESIAN_POINT ( 'NONE',  ( -24.14733171412532187, -0.4019708542557910991, -1.499972826657913982 ) ) ;
#1097 = CARTESIAN_POINT ( 'NONE',  ( 20.85416666666666785, -0.5876202367904145296, 1.017788105676650900 ) ) ;
#1098 = CARTESIAN_POINT ( 'NONE',  ( 19.99999999999999289, 1.838311014891733208, -1.315951922094012128 ) ) ;
#1099 = CARTESIAN_POINT ( 'NONE',  ( 22.68750000000000000, -1.500000000000000000, -1.836970198721029934E-16 ) ) ;
#1100 = CARTESIAN_POINT ( 'NONE',  ( -24.58482909936925154, -0.4019237886466848764, -1.500000000000001110 ) ) ;
#1101 = CARTESIAN_POINT ( 'NONE',  ( -24.92527793928664437, 1.488464945008255436, -0.03630736468372307291 ) ) ;
#1102 = CARTESIAN_POINT ( 'NONE',  ( -20.89583333333332860, -1.175240473580834166, -0.6785254037844371533 ) ) ;
#1103 = CARTESIAN_POINT ( 'NONE',  ( -19.89583333333332504, 1.500000000000001554, 0.8660254037844392627 ) ) ;
#1104 = LINE ( 'NONE', #4758, #5288 ) ;
#1105 = CARTESIAN_POINT ( 'NONE',  ( -22.77083333333332504, -0.7500000000000003331, 1.299038105676659338 ) ) ;
#1106 = CARTESIAN_POINT ( 'NONE',  ( -19.35416666666665719, -0.5876202367904174162, -1.017788105676656230 ) ) ;
#1107 = B_SPLINE_CURVE_WITH_KNOTS ( 'NONE', 3,
 ( #3956, #4370, #5219, #3163 ),
 .UNSPECIFIED., .F., .F.,
 ( 4, 4 ),
 ( 2.380746839934070243E-07, 0.001314652396222794513 ),
 .UNSPECIFIED. ) ;
#1108 = DIRECTION ( 'NONE',  ( 0.000000000000000000, 0.000000000000000000, -1.000000000000000000 ) ) ;
#1109 = EDGE_CURVE ( 'NONE', #2272, #30, #916, .T. ) ;
#1110 = CARTESIAN_POINT ( 'NONE',  ( -25.00000000000000000, 0.000000000000000000, 0.000000000000000000 ) ) ;
#1111 = ADVANCED_FACE ( 'NONE', ( #3722 ), #1246, .F. ) ;
#1112 = CARTESIAN_POINT ( 'NONE',  ( -23.89583333333332504, -1.175240473580834166, -0.6785254037844371533 ) ) ;
#1113 = LINE ( 'NONE', #2353, #877 ) ;
#1114 = ORIENTED_EDGE ( 'NONE', *, *, #3831, .F. ) ;
#1115 = CARTESIAN_POINT ( 'NONE',  ( -22.45833333333333570, 1.500000000000001110, 0.8660254037844392627 ) ) ;
#1116 = ORIENTED_EDGE ( 'NONE', *, *, #3899, .F. ) ;
#1117 = CARTESIAN_POINT ( 'NONE',  ( -24.52083333333332504, -0.5876202367904166390, 1.017788105676656674 ) ) ;
#1118 = CARTESIAN_POINT ( 'NONE',  ( 24.92985429767512429, -0.6221457992484223931, 1.024762852510655353 ) ) ;
#1119 = CARTESIAN_POINT ( 'NONE',  ( -22.77083333333332504, 0.5876202367904159729, -1.017788105676656896 ) ) ;
#1120 = DIRECTION ( 'NONE',  ( -1.000000000000000000, -0.000000000000000000, -0.000000000000000000 ) ) ;
#1121 = FACE_OUTER_BOUND ( 'NONE', #200, .T. ) ;
#1122 = CARTESIAN_POINT ( 'NONE',  ( 21.85267090063073425, -0.4019237886466865417, -1.499999999999998446 ) ) ;
#1123 = CARTESIAN_POINT ( 'NONE',  ( 20.52083333333333215, -0.5876202367904137525, -1.017788105676651345 ) ) ;
#1124 = CARTESIAN_POINT ( 'NONE',  ( 24.95833333333333215, -1.175240473580827949, 0.6785254037844338226 ) ) ;
#1125 = CARTESIAN_POINT ( 'NONE',  ( 23.39583333333333215, 1.500000000000000222, -0.8660254037844384856 ) ) ;
#1126 = CARTESIAN_POINT ( 'NONE',  ( 21.81250000000000000, 2.033577675846917841E-16, -1.499999999999999778 ) ) ;
#1127 = CARTESIAN_POINT ( 'NONE',  ( -21.60267437706295723, 0.4018612128669144523, -1.500036128143296343 ) ) ;
#1128 = CARTESIAN_POINT ( 'NONE',  ( -19.39583333333332504, 1.500000000000001554, 0.8660254037844392627 ) ) ;
#1129 = DIRECTION ( 'NONE',  ( 0.7071067811865431318, 0.000000000000000000, -0.7071067811865520136 ) ) ;
#1130 = CARTESIAN_POINT ( 'NONE',  ( -22.04166666666665719, -1.175240473580833722, 0.6785254037844379305 ) ) ;
#1131 = CARTESIAN_POINT ( 'NONE',  ( -24.25000000000000355, -1.500000000000001332, 1.836970198721031413E-16 ) ) ;
#1132 = CARTESIAN_POINT ( 'NONE',  ( 21.37500000000000000, 1.060575238724906915E-16, -1.732050807568877193 ) ) ;
#1133 = VECTOR ( 'NONE', #335, 1000.000000000000000 ) ;
#1134 = CARTESIAN_POINT ( 'NONE',  ( 23.08482909936926575, -0.4019237886466845988, 1.499999999999999778 ) ) ;
#1135 = CARTESIAN_POINT ( 'NONE',  ( -23.81249999999998934, -2.492861891654330359E-16, -1.357050807568875195 ) ) ;
#1136 = CARTESIAN_POINT ( 'NONE',  ( 21.02266535953652848, 0.6955874740136616108, -1.136593028255791227 ) ) ;
#1137 = ORIENTED_EDGE ( 'NONE', *, *, #133, .T. ) ;
#1138 = CARTESIAN_POINT ( 'NONE',  ( -21.81249999999999289, 2.033577675846917841E-16, 1.500000000000001110 ) ) ;
#1139 = ORIENTED_EDGE ( 'NONE', *, *, #5202, .T. ) ;
#1140 = CARTESIAN_POINT ( 'NONE',  ( -23.27083333333332504, 0.5876202367904159729, -1.017788105676656896 ) ) ;
#1141 = CARTESIAN_POINT ( 'NONE',  ( -24.83333333333333925, -0.7500000000000003331, 1.299038105676659338 ) ) ;
#1142 = EDGE_CURVE ( 'NONE', #91, #4515, #2355, .T. ) ;
#1143 = CARTESIAN_POINT ( 'NONE',  ( -20.56249999999998934, -6.391244124090313355E-16, -1.500000000000001332 ) ) ;
#1144 = CARTESIAN_POINT ( 'NONE',  ( 22.35416666666666430, -0.5876202367904145296, 1.017788105676650900 ) ) ;
#1145 = CARTESIAN_POINT ( 'NONE',  ( -24.78119490464208496, -0.9137603884426913625, -0.9732953727179165515 ) ) ;
#1146 = CARTESIAN_POINT ( 'NONE',  ( -24.62444047358082955, -0.007890937125981071706, 1.175213982155494774 ) ) ;
#1147 = CARTESIAN_POINT ( 'NONE',  ( 22.83333333333333215, 0.5876202367904130863, 1.017788105676651789 ) ) ;
#1148 = B_SPLINE_CURVE_WITH_KNOTS ( 'NONE', 3,
 ( #2518, #3717, #83, #1675, #2548, #5064 ),
 .UNSPECIFIED., .F., .F.,
 ( 4, 2, 4 ),
 ( 0.01313786578589725730, 0.01378383537240720873, 0.01442980495891716015 ),
 .UNSPECIFIED. ) ;
#1149 = CARTESIAN_POINT ( 'NONE',  ( 24.06249999999999645, -3.181725716174720005E-16, 1.732050807568877193 ) ) ;
#1150 = DIRECTION ( 'NONE',  ( 0.000000000000000000, 0.000000000000000000, -1.000000000000000000 ) ) ;
#1151 = CARTESIAN_POINT ( 'NONE',  ( -20.70833333333333925, -1.500000000000002220, -0.8660254037844388186 ) ) ;
#1152 = CARTESIAN_POINT ( 'NONE',  ( -18.87499999999999289, -2.492861891654330359E-16, -1.357050807568875195 ) ) ;
#1153 = CARTESIAN_POINT ( 'NONE',  ( -19.64583333333332504, -1.500000000000001998, -0.8660254037844388186 ) ) ;
#1154 = CARTESIAN_POINT ( 'NONE',  ( -19.85416666666665719, 0.7500000000000008882, 1.299038105676659116 ) ) ;
#1155 = CARTESIAN_POINT ( 'NONE',  ( -22.08333333333332149, -0.5876202367904166390, 1.017788105676656674 ) ) ;
#1156 = CARTESIAN_POINT ( 'NONE',  ( -22.62500000000000711, -3.181725716174723456E-16, -1.732050807568878747 ) ) ;
#1157 = CARTESIAN_POINT ( 'NONE',  ( 20.95833333333333215, 1.500000000000000222, -0.8660254037844384856 ) ) ;
#1158 = CARTESIAN_POINT ( 'NONE',  ( -19.56249999999998934, -6.391244124090313355E-16, -1.500000000000001332 ) ) ;
#1159 = ORIENTED_EDGE ( 'NONE', *, *, #4526, .F. ) ;
#1160 = CARTESIAN_POINT ( 'NONE',  ( -25.00000000000000000, 1.948557158514986565, 1.125000000000000222 ) ) ;
#1161 = ORIENTED_EDGE ( 'NONE', *, *, #4188, .T. ) ;
#1162 = DIRECTION ( 'NONE',  ( 0.000000000000000000, 0.000000000000000000, 1.000000000000000000 ) ) ;
#1163 = VERTEX_POINT ( 'NONE', #1625 ) ;
#1164 = CARTESIAN_POINT ( 'NONE',  ( -24.56249999999998934, 8.309539638847769097E-17, 1.357050807568875195 ) ) ;
#1165 = CARTESIAN_POINT ( 'NONE',  ( 21.56250000000000000, -6.391244124090313355E-16, 1.499999999999999778 ) ) ;
#1166 = CARTESIAN_POINT ( 'NONE',  ( -24.10416666666666075, 0.5876202367904169721, 1.017788105676656452 ) ) ;
#1167 = B_SPLINE_CURVE_WITH_KNOTS ( 'NONE', 3,
 ( #5038, #154, #1, #496 ),
 .UNSPECIFIED., .F., .F.,
 ( 4, 4 ),
 ( 2.380746840227510249E-07, 0.001314652396222795814 ),
 .UNSPECIFIED. ) ;
#1168 = ORIENTED_EDGE ( 'NONE', *, *, #2065, .F. ) ;
#1169 = DIRECTION ( 'NONE',  ( 0.000000000000000000, 0.000000000000000000, -1.000000000000000000 ) ) ;
#1170 = DIRECTION ( 'NONE',  ( -1.000000000000000000, 0.000000000000000000, 0.000000000000000000 ) ) ;
#1171 = CARTESIAN_POINT ( 'NONE',  ( -24.37499933464200552, -1.197644538827912628E-05, 1.499999999952189356 ) ) ;
#1172 = ADVANCED_FACE ( 'NONE', ( #2962 ), #2916, .T. ) ;
#1173 = CARTESIAN_POINT ( 'NONE',  ( -24.16666666666666075, 0.5876202367904169721, 1.017788105676656452 ) ) ;
#1174 = CARTESIAN_POINT ( 'NONE',  ( 24.37499999999999645, -2.492861891654318526E-16, 1.357050807568868533 ) ) ;
#1175 = CARTESIAN_POINT ( 'NONE',  ( 22.27083333333332860, -0.7499999999999996669, -1.299038105676658228 ) ) ;
#1176 = CARTESIAN_POINT ( 'NONE',  ( -24.69575273804604976, 1.038090136638681882, -0.7310493827633416375 ) ) ;
#1177 = FACE_OUTER_BOUND ( 'NONE', #3535, .T. ) ;
#1178 = CARTESIAN_POINT ( 'NONE',  ( -19.20833333333332504, 1.175240473580833944, 0.6785254037844374864 ) ) ;
#1179 = CARTESIAN_POINT ( 'NONE',  ( -24.33333333333332504, 0.5876202367904159729, -1.017788105676656896 ) ) ;
#1180 = CARTESIAN_POINT ( 'NONE',  ( -20.06249999999998579, 6.333141904780402276E-15, -1.500000000000001554 ) ) ;
#1181 = CARTESIAN_POINT ( 'NONE',  ( -21.45833333333332504, -1.175240473580834166, -0.6785254037844371533 ) ) ;
#1182 = CARTESIAN_POINT ( 'NONE',  ( -21.45833333333333925, 1.500000000000001554, 0.8660254037844392627 ) ) ;
#1183 = CARTESIAN_POINT ( 'NONE',  ( 21.75000000000000000, -1.500000000000000000, -1.836970198721029934E-16 ) ) ;
#1184 = CARTESIAN_POINT ( 'NONE',  ( -21.83333333333333570, -0.7500000000000003331, 1.299038105676659338 ) ) ;
#1185 = CARTESIAN_POINT ( 'NONE',  ( 24.76905807005937987, 0.6488302831760962563, -1.193654362906556576 ) ) ;
#1186 =( BOUNDED_CURVE ( )  B_SPLINE_CURVE ( 2, ( #3848, #2568, #3467, #5136, #3060, #3494, #4727, #997, #1025 ),
 .UNSPECIFIED., .F., .F. ) 
 B_SPLINE_CURVE_WITH_KNOTS ( ( 3, 2, 2, 2, 3 ),
 ( 0.2915280731806432768, 0.2980069884417800852, 0.3109638140262053208, 0.3239206396106305563, 0.3303993056922950866 ),
 .UNSPECIFIED. ) 
 CURVE ( )  GEOMETRIC_REPRESENTATION_ITEM ( )  RATIONAL_B_SPLINE_CURVE ( ( 0.9330127022951902882, 0.9330075063239997579, 1.000000000000000000, 0.8660254037844387076, 1.000000000000000000, 0.8660254037844387076, 1.000000000000000000, 0.9330100828593529405, 0.9330127019946168332 ) ) 
 REPRESENTATION_ITEM ( '' )  );
#1187 = CARTESIAN_POINT ( 'NONE',  ( -19.37499997226790072, -5.158373235542182854E-07, 1.499999999999912292 ) ) ;
#1188 = ORIENTED_EDGE ( 'NONE', *, *, #2064, .F. ) ;
#1189 = CYLINDRICAL_SURFACE ( 'NONE', #4963, 1.500000000000000222 ) ;
#1190 = ORIENTED_EDGE ( 'NONE', *, *, #2226, .T. ) ;
#1191 = CARTESIAN_POINT ( 'NONE',  ( -21.52083333333332504, -0.5876202367904166390, 1.017788105676656674 ) ) ;
#1192 = CARTESIAN_POINT ( 'NONE',  ( -24.62444047358083665, 0.8328287812014613101, 0.8292082922553236646 ) ) ;
#1193 = CARTESIAN_POINT ( 'NONE',  ( -24.60416666666665719, 0.5876202367904169721, 1.017788105676656452 ) ) ;
#1194 = AXIS2_PLACEMENT_3D ( 'NONE', #3447, #5115, #977 ) ;
#1195 = ORIENTED_EDGE ( 'NONE', *, *, #5202, .F. ) ;
#1196 = CARTESIAN_POINT ( 'NONE',  ( 22.31249999999999645, -5.723068602026326086E-15, -1.499999999999999778 ) ) ;
#1197 = CARTESIAN_POINT ( 'NONE',  ( 19.99999999999999645, 0.000000000000000000, 0.000000000000000000 ) ) ;
#1198 = CARTESIAN_POINT ( 'NONE',  ( -24.20833333333333570, -1.500000000000002220, -0.8660254037844388186 ) ) ;
#1199 = CARTESIAN_POINT ( 'NONE',  ( -24.12499999999998934, 8.309539638847769097E-17, 1.357050807568875195 ) ) ;
#1200 = CARTESIAN_POINT ( 'NONE',  ( 23.25000000000000000, 1.175240473580827949, 0.000000000000000000 ) ) ;
#1201 = ADVANCED_FACE ( 'NONE', ( #2279 ), #2604, .T. ) ;
#1202 = CARTESIAN_POINT ( 'NONE',  ( 20.22916666666666785, -1.499999999999999778, -0.8660254037844391517 ) ) ;
#1203 = CARTESIAN_POINT ( 'NONE',  ( -24.94313188107684098, 1.500000000000001110, -0.1170564500074979808 ) ) ;
#1204 = PLANE ( 'NONE',  #1567 ) ;
#1205 = CARTESIAN_POINT ( 'NONE',  ( -19.66666666666665719, 0.5876202367904169721, 1.017788105676656452 ) ) ;
#1206 = CARTESIAN_POINT ( 'NONE',  ( -24.08333333333332504, -0.5876202367904166390, 1.017788105676656674 ) ) ;
#1207 = CARTESIAN_POINT ( 'NONE',  ( -20.25000000000000355, -1.500000000000001332, 1.836970198721031413E-16 ) ) ;
#1208 = CARTESIAN_POINT ( 'NONE',  ( -22.24999999999999289, 1.175240473580833722, 0.000000000000000000 ) ) ;
#1209 = CARTESIAN_POINT ( 'NONE',  ( -21.41666666666667140, 0.7500000000000008882, 1.299038105676659116 ) ) ;
#1210 = CARTESIAN_POINT ( 'NONE',  ( 20.99999999999999645, 1.500000000000000000, 0.000000000000000000 ) ) ;
#1211 = CARTESIAN_POINT ( 'NONE',  ( -21.97916666666665364, 1.500000000000000888, -0.8660254037844402619 ) ) ;
#1212 = CARTESIAN_POINT ( 'NONE',  ( 24.79450829942467038, 1.133442646135428999, -0.7171738601597287266 ) ) ;
#1213 = CARTESIAN_POINT ( 'NONE',  ( -19.08333333333333925, 0.7499999999999995559, -1.299038105676659560 ) ) ;
#1214 = DIRECTION ( 'NONE',  ( -1.000000000000000000, -0.000000000000000000, -0.000000000000000000 ) ) ;
#1215 = LINE ( 'NONE', #4874, #882 ) ;
#1216 =( BOUNDED_CURVE ( )  B_SPLINE_CURVE ( 2, ( #4841, #2298, #1896, #2760, #3556, #1510, #4867, #1134, #2788 ),
 .UNSPECIFIED., .F., .F. ) 
 B_SPLINE_CURVE_WITH_KNOTS ( ( 3, 2, 2, 2, 3 ),
 ( 0.3863636363636363535, 0.3939393939393939226, 0.4090909090909091161, 0.4242424242424242542, 0.4318181818181818232 ),
 .UNSPECIFIED. ) 
 CURVE ( )  GEOMETRIC_REPRESENTATION_ITEM ( )  RATIONAL_B_SPLINE_CURVE ( ( 0.9330127018922194093, 0.9330127018922194093, 1.000000000000000000, 0.8660254037844387076, 1.000000000000000000, 0.8660254037844387076, 1.000000000000000000, 0.9330127018922194093, 0.9330127018922194093 ) ) 
 REPRESENTATION_ITEM ( '' )  );
#1217 = ORIENTED_EDGE ( 'NONE', *, *, #2270, .T. ) ;
#1218 = CARTESIAN_POINT ( 'NONE',  ( -20.02083333333332504, -0.5876202367904166390, 1.017788105676656674 ) ) ;
#1219 = AXIS2_PLACEMENT_3D ( 'NONE', #805, #2449, #3758 ) ;
#1220 = CARTESIAN_POINT ( 'NONE',  ( 25.14583333333332860, 1.175240473580827727, -0.6785254037844341557 ) ) ;
#1221 = CARTESIAN_POINT ( 'NONE',  ( -22.10416666666665719, 0.5876202367904169721, 1.017788105676656452 ) ) ;
#1222 = ORIENTED_EDGE ( 'NONE', *, *, #317, .T. ) ;
#1223 = CARTESIAN_POINT ( 'NONE',  ( -20.60416666666666075, -0.7500000000000013323, -1.299038105676658894 ) ) ;
#1224 = PLANE ( 'NONE',  #1977 ) ;
#1225 = FACE_OUTER_BOUND ( 'NONE', #4517, .T. ) ;
#1226 = EDGE_CURVE ( 'NONE', #4189, #2693, #2525, .T. ) ;
#1227 = CARTESIAN_POINT ( 'NONE',  ( -20.91666666666666075, -0.5876202367904174162, -1.017788105676656230 ) ) ;
#1228 = CARTESIAN_POINT ( 'NONE',  ( 21.52083333333333215, 0.7499999999999988898, 1.299038105676658672 ) ) ;
#1229 = CARTESIAN_POINT ( 'NONE',  ( -24.89583333333332504, 1.500000000000001110, 0.8660254037844392627 ) ) ;
#1230 = CARTESIAN_POINT ( 'NONE',  ( -25.00000000000000000, -2.058803302138241254, 0.9340480779059863181 ) ) ;
#1231 = CARTESIAN_POINT ( 'NONE',  ( -23.54166666666665719, -1.175240473580833722, 0.6785254037844379305 ) ) ;
#1232 = CARTESIAN_POINT ( 'NONE',  ( -19.89583333333332860, 1.500000000000001110, 0.8660254037844392627 ) ) ;
#1233 = CARTESIAN_POINT ( 'NONE',  ( -22.62499999999999289, 8.309539638847769097E-17, 1.357050807568875195 ) ) ;
#1234 = CARTESIAN_POINT ( 'NONE',  ( -23.91666666666667140, 0.7500000000000008882, 1.299038105676659116 ) ) ;
#1235 = CARTESIAN_POINT ( 'NONE',  ( 22.70833333333333215, -1.500000000000000444, 0.8660254037844380415 ) ) ;
#1236 = CARTESIAN_POINT ( 'NONE',  ( 19.99999999999999645, 0.2200801751774797421, 2.250000000000000444 ) ) ;
#1237 = CARTESIAN_POINT ( 'NONE',  ( 24.89497301553019781, 0.1718363999576607293, 1.220918224286716480 ) ) ;
#1238 = ADVANCED_FACE ( 'NONE', ( #230 ), #2079, .T. ) ;
#1239 = CARTESIAN_POINT ( 'NONE',  ( -23.52083333333332504, 0.7499999999999995559, -1.299038105676659560 ) ) ;
#1240 = DIRECTION ( 'NONE',  ( 0.000000000000000000, 0.5000000000000002220, -0.8660254037844384856 ) ) ;
#1241 = LOCAL_TIME ( 18, 19, 20.00000000000000000, #2943 ) ;
#1242 = CARTESIAN_POINT ( 'NONE',  ( -18.60000000000000142, 0.000000000000000000, 1.500000000000000666 ) ) ;
#1243 = VERTEX_POINT ( 'NONE', #612 ) ;
#1244 = CARTESIAN_POINT ( 'NONE',  ( -20.06249999999998934, 8.309539638847769097E-17, 1.357050807568875195 ) ) ;
#1245 = CC_DESIGN_SECURITY_CLASSIFICATION ( #5340, ( #1333 ) ) ;
#1246 = CYLINDRICAL_SURFACE ( 'NONE', #4258, 1.500000000000000666 ) ;
#1247 = CARTESIAN_POINT ( 'NONE',  ( -19.89583333333332860, -1.175240473580834166, -0.6785254037844372643 ) ) ;
#1248 = EDGE_LOOP ( 'NONE', ( #1442, #4992, #1563, #2742, #5208, #2795 ) ) ;
#1249 =( BOUNDED_CURVE ( )  B_SPLINE_CURVE ( 2, ( #1165, #4470, #4904, #746, #3207, #2384, #2822, #3670, #4103 ),
 .UNSPECIFIED., .F., .F. ) 
 B_SPLINE_CURVE_WITH_KNOTS ( ( 3, 2, 2, 2, 3 ),
 ( 0.7045454545454545858, 0.7121212121212121549, 0.7272727272727272929, 0.7424242424242424310, 0.7500000000000000000 ),
 .UNSPECIFIED. ) 
 CURVE ( )  GEOMETRIC_REPRESENTATION_ITEM ( )  RATIONAL_B_SPLINE_CURVE ( ( 0.9330127018922194093, 0.9330127018922194093, 1.000000000000000000, 0.8660254037844387076, 1.000000000000000000, 0.8660254037844387076, 1.000000000000000000, 0.9330127018922194093, 0.9330127018922194093 ) ) 
 REPRESENTATION_ITEM ( '' )  );
#1250 = CARTESIAN_POINT ( 'NONE',  ( 23.54166666666666785, 1.499999999999999778, 0.8660254037844394848 ) ) ;
#1251 = CARTESIAN_POINT ( 'NONE',  ( 19.79903810567665801, -1.299038105676656452, -2.249999999999999556 ) ) ;
#1252 = CYLINDRICAL_SURFACE ( 'NONE', #1476, 1.500000000000000222 ) ;
#1253 = CARTESIAN_POINT ( 'NONE',  ( -22.41666666666665719, -0.5876202367904174162, -1.017788105676656230 ) ) ;
#1254 = CARTESIAN_POINT ( 'NONE',  ( 20.49999999999999645, -1.175240473580827949, -1.439254484199180504E-16 ) ) ;
#1255 = CARTESIAN_POINT ( 'NONE',  ( 21.89583333333333215, 1.500000000000000222, -0.8660254037844384856 ) ) ;
#1256 = ADVANCED_FACE ( 'NONE', ( #3917 ), #1189, .T. ) ;
#1257 = CARTESIAN_POINT ( 'NONE',  ( -18.60000000000000142, 0.9742060276928315998, -1.140579946931956856 ) ) ;
#1258 = CARTESIAN_POINT ( 'NONE',  ( 0.000000000000000000, 0.000000000000000000, 0.000000000000000000 ) ) ;
#1259 = DIRECTION ( 'NONE',  ( 0.000000000000000000, 0.000000000000000000, 1.000000000000000000 ) ) ;
#1260 = CARTESIAN_POINT ( 'NONE',  ( -23.16666666666665719, 0.5876202367904169721, 1.017788105676656452 ) ) ;
#1261 = CARTESIAN_POINT ( 'NONE',  ( -25.06249999999999289, 8.309539638847769097E-17, 1.357050807568875195 ) ) ;
#1262 = CARTESIAN_POINT ( 'NONE',  ( -22.00000000000000711, 1.500000000000001332, 0.000000000000000000 ) ) ;
#1263 = CARTESIAN_POINT ( 'NONE',  ( 25.06250000000000000, 8.309539638847728421E-17, -1.357050807568868533 ) ) ;
#1264 = CARTESIAN_POINT ( 'NONE',  ( 23.16666666666666430, -0.7500000000000006661, 1.299038105676657562 ) ) ;
#1265 = CARTESIAN_POINT ( 'NONE',  ( -25.27083333333332504, -0.7500000000000003331, 1.299038105676659338 ) ) ;
#1266 = CARTESIAN_POINT ( 'NONE',  ( -23.56250000000000000, 2.788906526875773602E-15, -1.500000000000001554 ) ) ;
#1267 = EDGE_CURVE ( 'NONE', #2273, #134, #4239, .T. ) ;
#1268 = DIRECTION ( 'NONE',  ( -1.000000000000000000, -0.000000000000000000, -0.000000000000000000 ) ) ;
#1269 = EDGE_CURVE ( 'NONE', #1982, #3448, #3719, .T. ) ;
#1270 = LINE ( 'NONE', #1242, #454 ) ;
#1271 = VERTEX_POINT ( 'NONE', #791 ) ;
#1272 = CARTESIAN_POINT ( 'NONE',  ( -19.85416666666665719, -0.5876202367904174162, -1.017788105676656230 ) ) ;
#1273 = CARTESIAN_POINT ( 'NONE',  ( 24.24999999999999645, -1.500000000000000000, -1.836970198721029934E-16 ) ) ;
#1274 = CARTESIAN_POINT ( 'NONE',  ( -19.56249999999998934, 8.309539638847769097E-17, 1.357050807568875195 ) ) ;
#1275 = VERTEX_POINT ( 'NONE', #4046 ) ;
#1276 = CARTESIAN_POINT ( 'NONE',  ( 23.91666666666666430, -0.5876202367904145296, 1.017788105676650900 ) ) ;
#1277 = CARTESIAN_POINT ( 'NONE',  ( -18.60000000000000142, 0.000000000000000000, 0.000000000000000000 ) ) ;
#1278 = DIRECTION ( 'NONE',  ( 0.000000000000000000, 0.000000000000000000, -1.000000000000000000 ) ) ;
#1279 = CARTESIAN_POINT ( 'NONE',  ( -22.29166666666665719, 1.175240473580833056, -0.6785254037844382635 ) ) ;
#1280 = AXIS2_PLACEMENT_3D ( 'NONE', #849, #2907, #3726 ) ;
#1281 = CARTESIAN_POINT ( 'NONE',  ( 21.83333333333333215, 0.5876202367904130863, 1.017788105676651789 ) ) ;
#1282 = CARTESIAN_POINT ( 'NONE',  ( 22.06250000000000000, -3.181725716174720005E-16, 1.732050807568877193 ) ) ;
#1283 = CARTESIAN_POINT ( 'NONE',  ( -24.62975741615601066, 0.9229419337890054642, 0.7462374131984710335 ) ) ;
#1284 = CARTESIAN_POINT ( 'NONE',  ( 23.91666666666666430, -0.5876202367904145296, 1.017788105676650900 ) ) ;
#1285 = CARTESIAN_POINT ( 'NONE',  ( -23.29166666666666075, 1.175240473580833500, -0.6785254037844382635 ) ) ;
#1286 = PERSON_AND_ORGANIZATION_ROLE ( 'creator' ) ;
#1287 = CARTESIAN_POINT ( 'NONE',  ( -20.04166666666666075, -1.175240473580833722, 0.6785254037844379305 ) ) ;
#1288 = CARTESIAN_POINT ( 'NONE',  ( -20.08333333333333925, 0.7499999999999995559, -1.299038105676659560 ) ) ;
#1289 = CARTESIAN_POINT ( 'NONE',  ( 19.74999999999999645, -1.500000000000000000, -1.836970198721029934E-16 ) ) ;
#1290 = CARTESIAN_POINT ( 'NONE',  ( -19.87500107753239220, 1.939558968521503882E-05, 1.499999999874604972 ) ) ;
#1291 = CARTESIAN_POINT ( 'NONE',  ( 24.89868202848676404, 0.08520666536560565774, 1.226317971511511118 ) ) ;
#1292 = B_SPLINE_CURVE_WITH_KNOTS ( 'NONE', 3,
 ( #413, #5312, #1954, #2054 ),
 .UNSPECIFIED., .F., .F.,
 ( 4, 4 ),
 ( 0.000000000000000000, 8.003786803340847767E-06 ),
 .UNSPECIFIED. ) ;
#1293 = CARTESIAN_POINT ( 'NONE',  ( -24.62444047358083665, 0.8328287812014613101, 0.8292082922553236646 ) ) ;
#1294 = CARTESIAN_POINT ( 'NONE',  ( 24.41666666666666785, -0.5876202367904145296, 1.017788105676650900 ) ) ;
#1295 = EDGE_CURVE ( 'NONE', #2380, #979, #5337, .T. ) ;
#1296 = CARTESIAN_POINT ( 'NONE',  ( -19.52083333333332504, 0.7499999999999995559, -1.299038105676659560 ) ) ;
#1297 = CARTESIAN_POINT ( 'NONE',  ( 0.000000000000000000, 1.436143881329345891E-16, -1.172700473580827740 ) ) ;
#1298 = CARTESIAN_POINT ( 'NONE',  ( -20.14583333333332504, -1.500000000000002220, -0.8660254037844388186 ) ) ;
#1299 = ORIENTED_EDGE ( 'NONE', *, *, #504, .F. ) ;
#1300 = CARTESIAN_POINT ( 'NONE',  ( -20.64583333333332504, 1.175240473580833944, 0.6785254037844374864 ) ) ;
#1301 = CARTESIAN_POINT ( 'NONE',  ( 24.77083333333333215, 0.5876202367904130863, 1.017788105676651789 ) ) ;
#1302 = CARTESIAN_POINT ( 'NONE',  ( -22.02083333333332149, -0.5876202367904166390, 1.017788105676656674 ) ) ;
#1303 = VERTEX_POINT ( 'NONE', #4438 ) ;
#1304 = CARTESIAN_POINT ( 'NONE',  ( 23.99999999999999645, -1.175240473580827949, -1.439254484199180504E-16 ) ) ;
#1305 = CARTESIAN_POINT ( 'NONE',  ( 19.92172769284587019, -1.511542704210574906, -1.881931238497226211 ) ) ;
#1306 = LINE ( 'NONE', #4663, #3041 ) ;
#1307 = VECTOR ( 'NONE', #908, 1000.000000000000000 ) ;
#1308 = EDGE_CURVE ( 'NONE', #4382, #2109, #4616, .T. ) ;
#1309 = CARTESIAN_POINT ( 'NONE',  ( -23.08333333333332504, -0.5876202367904166390, 1.017788105676656674 ) ) ;
#1310 = CARTESIAN_POINT ( 'NONE',  ( 22.20833333333332860, 1.175240473580827727, -0.6785254037844341557 ) ) ;
#1311 = CARTESIAN_POINT ( 'NONE',  ( -23.79017090063073070, -0.4019237886466849319, 1.500000000000000888 ) ) ;
#1312 = CARTESIAN_POINT ( 'NONE',  ( 22.70833333333332860, -1.500000000000000222, 0.8660254037844381525 ) ) ;
#1313 = CARTESIAN_POINT ( 'NONE',  ( -21.54166666666665719, -1.175240473580833722, 0.6785254037844379305 ) ) ;
#1314 = PERSON_AND_ORGANIZATION ( #1783, #4506 ) ;
#1315 = CARTESIAN_POINT ( 'NONE',  ( -20.70833333333332860, 1.175240473580833944, 0.6785254037844374864 ) ) ;
#1316 = CARTESIAN_POINT ( 'NONE',  ( -20.00000000000000355, 1.500000000000001332, 0.000000000000000000 ) ) ;
#1317 = CARTESIAN_POINT ( 'NONE',  ( 20.41666666666666785, 0.7500000000000002220, -1.299038105676658006 ) ) ;
#1318 = CARTESIAN_POINT ( 'NONE',  ( -20.56249999999998934, -6.391244124090313355E-16, -1.500000000000001332 ) ) ;
#1319 = CARTESIAN_POINT ( 'NONE',  ( -24.43749999999998934, 1.500000000000001332, 0.000000000000000000 ) ) ;
#1320 = CARTESIAN_POINT ( 'NONE',  ( 24.79089000178947799, -1.038605215929999881, 0.8429121619819386346 ) ) ;
#1321 = CARTESIAN_POINT ( 'NONE',  ( 19.72916666666666430, 1.175240473580827505, 0.6785254037844348218 ) ) ;
#1322 = CARTESIAN_POINT ( 'NONE',  ( -24.39583333333332504, 1.500000000000001110, 0.8660254037844392627 ) ) ;
#1323 = EDGE_CURVE ( 'NONE', #4513, #5237, #1292, .T. ) ;
#1324 = DIRECTION ( 'NONE',  ( 0.000000000000000000, 0.000000000000000000, -1.000000000000000000 ) ) ;
#1325 = ORIENTED_EDGE ( 'NONE', *, *, #4693, .F. ) ;
#1326 = CARTESIAN_POINT ( 'NONE',  ( -19.31249999999998934, 2.033577675846917841E-16, 1.500000000000001110 ) ) ;
#1327 = CARTESIAN_POINT ( 'NONE',  ( 23.72916666666666785, 1.175240473580827505, 0.6785254037844348218 ) ) ;
#1328 = CARTESIAN_POINT ( 'NONE',  ( -21.72916666666666075, 1.175240473580833056, -0.6785254037844382635 ) ) ;
#1329 = ORIENTED_EDGE ( 'NONE', *, *, #864, .T. ) ;
#1330 = EDGE_LOOP ( 'NONE', ( #4846, #2433, #4735, #4359, #3908 ) ) ;
#1331 = CARTESIAN_POINT ( 'NONE',  ( 23.87499999999999645, -2.492861891654318526E-16, 1.357050807568868533 ) ) ;
#1332 = LINE ( 'NONE', #4247, #4699 ) ;
#1333 = PRODUCT_DEFINITION_FORMATION_WITH_SPECIFIED_SOURCE ( 'ANY', '', #4840, .NOT_KNOWN. ) ;
#1334 = CARTESIAN_POINT ( 'NONE',  ( -21.04166666666666075, -1.175240473580833500, 0.6785254037844380415 ) ) ;
#1335 = CARTESIAN_POINT ( 'NONE',  ( 21.58333333333333215, -0.5876202367904137525, -1.017788105676651345 ) ) ;
#1336 = CARTESIAN_POINT ( 'NONE',  ( 21.91666666666666430, 0.7500000000000002220, -1.299038105676658006 ) ) ;
#1337 = EDGE_CURVE ( 'NONE', #5370, #609, #718, .T. ) ;
#1338 = CARTESIAN_POINT ( 'NONE',  ( 23.97916666666666430, -1.175240473580827727, -0.6785254037844345998 ) ) ;
#1339 = EDGE_CURVE ( 'NONE', #3637, #1163, #4179, .T. ) ;
#1340 = CARTESIAN_POINT ( 'NONE',  ( 24.58333333333333215, -0.5876202367904137525, -1.017788105676651345 ) ) ;
#1341 = CARTESIAN_POINT ( 'NONE',  ( -21.20833333333332504, 1.175240473580833944, 0.6785254037844374864 ) ) ;
#1342 = CARTESIAN_POINT ( 'NONE',  ( -19.33333333333332504, 0.5876202367904159729, -1.017788105676656896 ) ) ;
#1343 = CARTESIAN_POINT ( 'NONE',  ( -18.66666666666667140, -0.7500000000000013323, -1.299038105676658894 ) ) ;
#1344 = CARTESIAN_POINT ( 'NONE',  ( 25.18749999999999645, 1.175240473580827949, 0.000000000000000000 ) ) ;
#1345 = CARTESIAN_POINT ( 'NONE',  ( -21.12499999993385558, 8.929433702926496132E-10, -1.500000000000001110 ) ) ;
#1346 = CARTESIAN_POINT ( 'NONE',  ( -23.89583333333332504, 1.500000000000001554, 0.8660254037844392627 ) ) ;
#1347 = CARTESIAN_POINT ( 'NONE',  ( 24.70833333333333570, -1.500000000000000444, 0.8660254037844380415 ) ) ;
#1348 = CARTESIAN_POINT ( 'NONE',  ( 20.10416666666666430, 0.5876202367904140855, -1.017788105676651345 ) ) ;
#1349 = CARTESIAN_POINT ( 'NONE',  ( -19.02083333333332504, 0.7499999999999995559, -1.299038105676659560 ) ) ;
#1350 = VERTEX_POINT ( 'NONE', #2434 ) ;
#1351 = EDGE_CURVE ( 'NONE', #2405, #2219, #4, .T. ) ;
#1352 = ORIENTED_EDGE ( 'NONE', *, *, #1894, .T. ) ;
#1353 = CARTESIAN_POINT ( 'NONE',  ( -20.54017090063073070, 0.4019237886466836551, -1.500000000000001776 ) ) ;
#1354 = CARTESIAN_POINT ( 'NONE',  ( 22.60416666666666430, 0.5876202367904140855, -1.017788105676651345 ) ) ;
#1355 = DIRECTION ( 'NONE',  ( 0.000000000000000000, 0.000000000000000000, 1.000000000000000000 ) ) ;
#1356 = EDGE_LOOP ( 'NONE', ( #5150, #1873, #1116, #2278 ) ) ;
#1357 = VERTEX_POINT ( 'NONE', #3204 ) ;
#1358 = CARTESIAN_POINT ( 'NONE',  ( 23.00000000000000000, -1.175240473580827949, -1.439254484199180504E-16 ) ) ;
#1359 = CARTESIAN_POINT ( 'NONE',  ( -24.02083333333332504, -0.5876202367904166390, 1.017788105676656674 ) ) ;
#1360 =( BOUNDED_CURVE ( )  B_SPLINE_CURVE ( 2, ( #2177, #122, #3811, #148, #4692, #3025, #1766, #2669, #1793, #3462, #2973, #3488, #4307, #3380, #565, #966, #1741, #3054, #511, #2617, #4641, #936, #538, #4720, #3406, #1338, #2588, #2998, #617, #5053, #1018, #909, #4250, #2225, #2560, #3840, #5102, #4279, #2151, #588, #3435, #3893, #5078, #4667, #1823, #1364, #3866, #5129, #990, #2644, #5162, #1417, #4748, #4337, #2255, #1547, #1047, #749, #2746, #2802, #4852, #3160, #1498, #3977, #1144, #4005, #286, #5189, #1961, #2772, #206, #4419, #4827, #3953, #5266, #2699, #1094, #1446, #1521, #699, #2361, #1880, #5216, #1072, #1472, #4473, #1853, #4882, #3109, #2723, #725, #3515, #4392, #3924, #3136, #4367, #2335, #647, #4802, #1934, #673 ),
 .UNSPECIFIED., .F., .F. ) 
 B_SPLINE_CURVE_WITH_KNOTS ( ( 3, 2, 2, 2, 2, 2, 2, 2, 2, 2, 2, 2, 2, 2, 2, 2, 2, 2, 2, 2, 2, 2, 2, 2, 2, 2, 2, 2, 2, 2, 2, 2, 2, 2, 2, 2, 2, 2, 2, 2, 2, 2, 2, 2, 2, 2, 2, 2, 2, 2, 3 ),
 ( 0.04303317619337662658, 0.04545454545454545581, 0.06060606060606060774, 0.07575757575757575968, 0.09090909090909091161, 0.1060606060606060635, 0.1212121212121212155, 0.1363636363636363535, 0.1515151515151515194, 0.1666666666666666852, 0.1818181818181818232, 0.1969696969696969613, 0.2121212121212121549, 0.2272727272727272652, 0.2424242424242424310, 0.2575757575757575690, 0.2727272727272727071, 0.2878787878787879007, 0.3030303030303030942, 0.3181818181818182323, 0.3333333333333333703, 0.3484848484848485084, 0.3636363636363636465, 0.3787878787878787845, 0.3939393939393939226, 0.4090909090909091717, 0.4242424242424241987, 0.4393939393939394478, 0.4545454545454545858, 0.4696969696969697239, 0.4848484848484848619, 0.5000000000000000000, 0.5151515151515151381, 0.5303030303030302761, 0.5454545454545454142, 0.5606060606060605522, 0.5757575757575758013, 0.5909090909090909394, 0.6060606060606060774, 0.6212121212121212155, 0.6363636363636363535, 0.6515151515151514916, 0.6666666666666666297, 0.6818181818181817677, 0.6969696969696970168, 0.7121212121212121549, 0.7272727272727271819, 0.7424242424242424310, 0.7575757575757576801, 0.7727272727272727071, 0.7834446017008506180 ),
 .UNSPECIFIED. ) 
 CURVE ( )  GEOMETRIC_REPRESENTATION_ITEM ( )  RATIONAL_B_SPLINE_CURVE ( ( 0.9640221895666913898, 0.9785894700424448978, 1.000000000000000000, 0.8660254037844387076, 1.000000000000000000, 0.8660254037844387076, 1.000000000000000000, 0.8660254037844387076, 1.000000000000000000, 0.8660254037844387076, 1.000000000000000000, 0.8660254037844387076, 1.000000000000000000, 0.8660254037844387076, 1.000000000000000000, 0.8660254037844387076, 1.000000000000000000, 0.8660254037844387076, 1.000000000000000000, 0.8660254037844387076, 1.000000000000000000, 0.8660254037844387076, 1.000000000000000000, 0.8660254037844387076, 1.000000000000000000, 0.8660254037844387076, 1.000000000000000000, 0.8660254037844387076, 1.000000000000000000, 0.8660254037844387076, 1.000000000000000000, 0.8660254037844387076, 1.000000000000000000, 0.8660254037844387076, 1.000000000000000000, 0.8660254037844387076, 1.000000000000000000, 0.8660254037844387076, 1.000000000000000000, 0.8660254037844387076, 1.000000000000000000, 0.8660254037844387076, 1.000000000000000000, 0.8660254037844387076, 1.000000000000000000, 0.8660254037844387076, 1.000000000000000000, 0.8660254037844387076, 1.000000000000000000, 0.8660254037844387076, 1.000000000000000000, 0.8660254037844387076, 1.000000000000000000, 0.8660254037844387076, 1.000000000000000000, 0.8660254037844387076, 1.000000000000000000, 0.8660254037844387076, 1.000000000000000000, 0.8660254037844387076, 1.000000000000000000, 0.8660254037844387076, 1.000000000000000000, 0.8660254037844387076, 1.000000000000000000, 0.8660254037844387076, 1.000000000000000000, 0.8660254037844387076, 1.000000000000000000, 0.8660254037844387076, 1.000000000000000000, 0.8660254037844387076, 1.000000000000000000, 0.8660254037844387076, 1.000000000000000000, 0.8660254037844387076, 1.000000000000000000, 0.8660254037844387076, 1.000000000000000000, 0.8660254037844387076, 1.000000000000000000, 0.8660254037844387076, 1.000000000000000000, 0.8660254037844387076, 1.000000000000000000, 0.8660254037844387076, 1.000000000000000000, 0.8660254037844387076, 1.000000000000000000, 0.8660254037844387076, 1.000000000000000000, 0.8660254037844387076, 1.000000000000000000, 0.8660254037844387076, 1.000000000000000000, 0.8660254037844387076, 1.000000000000000000, 0.8660254037844387076, 1.000000000000000000, 0.9052339117648671163, 0.9445322168261982565 ) ) 
 REPRESENTATION_ITEM ( '' )  );
#1361 = CARTESIAN_POINT ( 'NONE',  ( -18.83333333333332504, 0.5876202367904159729, -1.017788105676656896 ) ) ;
#1362 = CARTESIAN_POINT ( 'NONE',  ( 20.62500000000000000, 8.309539638847728421E-17, -1.357050807568868533 ) ) ;
#1363 = CARTESIAN_POINT ( 'NONE',  ( 21.89732909936925864, 0.4019237886466815457, -1.500000000000001776 ) ) ;
#1364 = CARTESIAN_POINT ( 'NONE',  ( 23.14583333333333215, 1.175240473580827949, -0.6785254037844341557 ) ) ;
#1365 = CARTESIAN_POINT ( 'NONE',  ( 22.50000000000000000, -1.175240473580827949, -1.439254484199180504E-16 ) ) ;
#1366 = CARTESIAN_POINT ( 'NONE',  ( -20.79166666666665719, 1.175240473580833500, -0.6785254037844382635 ) ) ;
#1367 = CALENDAR_DATE ( 2026, 8, 1 ) ;
#1368 = CARTESIAN_POINT ( 'NONE',  ( -19.04166666666665719, -1.175240473580833722, 0.6785254037844379305 ) ) ;
#1369 = CARTESIAN_POINT ( 'NONE',  ( 24.68749999999999645, 1.175240473580827949, 0.000000000000000000 ) ) ;
#1370 = CARTESIAN_POINT ( 'NONE',  ( 20.00000000000000000, -2.058803302138239921, -0.9340480779059866512 ) ) ;
#1371 = CONICAL_SURFACE ( 'NONE', #3715, 2.250000000000000000, 1.047197551196600074 ) ;
#1372 = CARTESIAN_POINT ( 'NONE',  ( -23.77083333333332504, -0.7500000000000003331, 1.299038105676659338 ) ) ;
#1373 = CARTESIAN_POINT ( 'NONE',  ( 23.49999999999999645, 1.500000000000000000, 0.000000000000000000 ) ) ;
#1374 = CARTESIAN_POINT ( 'NONE',  ( 20.14583333333333215, 1.175240473580827727, -0.6785254037844341557 ) ) ;
#1375 = CARTESIAN_POINT ( 'NONE',  ( -24.98053061364964833, 0.4428381637785841485, 2.250000000000000000 ) ) ;
#1376 = ORIENTED_EDGE ( 'NONE', *, *, #305, .T. ) ;
#1377 = EDGE_LOOP ( 'NONE', ( #3480, #1015, #2522, #4052, #2055, #3127 ) ) ;
#1378 = CARTESIAN_POINT ( 'NONE',  ( -19.22916666666665719, 1.175240473580833500, -0.6785254037844382635 ) ) ;
#1379 = CARTESIAN_POINT ( 'NONE',  ( 22.35416666666666430, -0.5876202367904145296, 1.017788105676650900 ) ) ;
#1380 = CARTESIAN_POINT ( 'NONE',  ( 19.79903810567665801, 2.598076211353316456, -6.186363472576506121E-17 ) ) ;
#1381 = ORIENTED_EDGE ( 'NONE', *, *, #2951, .F. ) ;
#1382 = ORIENTED_EDGE ( 'NONE', *, *, #2162, .F. ) ;
#1383 = CARTESIAN_POINT ( 'NONE',  ( 21.87500000000000000, -2.492861891654318526E-16, 1.357050807568868533 ) ) ;
#1384 = DIRECTION ( 'NONE',  ( -1.000000000000000000, -0.000000000000000000, -0.000000000000000000 ) ) ;
#1385 = CARTESIAN_POINT ( 'NONE',  ( -20.16666666666666075, 0.5876202367904169721, 1.017788105676656452 ) ) ;
#1386 = CARTESIAN_POINT ( 'NONE',  ( 25.43750000000000000, 1.500000000000000000, 0.000000000000000000 ) ) ;
#1387 = CARTESIAN_POINT ( 'NONE',  ( -24.92172769284587730, 2.385571612819397558, 0.3680687615027736781 ) ) ;
#1388 = CARTESIAN_POINT ( 'NONE',  ( 22.75000000000000000, -1.500000000000000000, -1.836970198721029934E-16 ) ) ;
#1389 = APPLICATION_CONTEXT ( 'configuration controlled 3d designs of mechanical parts and assemblies' ) ;
#1390 = EDGE_CURVE ( 'NONE', #1465, #4071, #1215, .T. ) ;
#1391 = CARTESIAN_POINT ( 'NONE',  ( 22.37500000000000355, -2.492861891654318526E-16, 1.357050807568868311 ) ) ;
#1392 = CARTESIAN_POINT ( 'NONE',  ( -22.66666666666665719, 0.5876202367904169721, 1.017788105676656452 ) ) ;
#1393 =( BOUNDED_CURVE ( )  B_SPLINE_CURVE ( 2, ( #396, #2498, #2062, #1683, #448 ),
 .UNSPECIFIED., .F., .F. ) 
 B_SPLINE_CURVE_WITH_KNOTS ( ( 3, 2, 3 ),
 ( 0.1475305500406172698, 0.1515151515151515194, 0.1590909090909090884 ),
 .UNSPECIFIED. ) 
 CURVE ( )  GEOMETRIC_REPRESENTATION_ITEM ( )  RATIONAL_B_SPLINE_CURVE ( ( 0.9480652107226236192, 0.9647668653403767003, 1.000000000000000000, 0.9330127018922194093, 0.9330127018922194093 ) ) 
 REPRESENTATION_ITEM ( '' )  );
#1394 = CARTESIAN_POINT ( 'NONE',  ( -24.85416666666665719, -0.5876202367904174162, -1.017788105676656230 ) ) ;
#1395 = CARTESIAN_POINT ( 'NONE',  ( 23.56249999999999645, 8.309539638847728421E-17, -1.357050807568868533 ) ) ;
#1396 = AXIS2_PLACEMENT_3D ( 'NONE', #3238, #3317, #4472 ) ;
#1397 = CARTESIAN_POINT ( 'NONE',  ( -20.08333333333333925, 0.7499999999999995559, -1.299038105676659560 ) ) ;
#1398 = CARTESIAN_POINT ( 'NONE',  ( 22.06250000000000000, -6.391244124090313355E-16, 1.499999999999999778 ) ) ;
#1399 = CARTESIAN_POINT ( 'NONE',  ( -22.85416666666665719, -0.5876202367904174162, -1.017788105676656230 ) ) ;
#1400 = CARTESIAN_POINT ( 'NONE',  ( -22.10416666666665719, -0.7500000000000013323, -1.299038105676658894 ) ) ;
#1401 = CARTESIAN_POINT ( 'NONE',  ( -24.12591837925743476, -5.118420000964500524E-05, -1.499999998285742375 ) ) ;
#1402 = CARTESIAN_POINT ( 'NONE',  ( 23.37499999999999645, 1.060575238724906915E-16, -1.732050807568877193 ) ) ;
#1403 = CARTESIAN_POINT ( 'NONE',  ( 21.35416666666666430, -0.5876202367904145296, 1.017788105676650900 ) ) ;
#1404 = CARTESIAN_POINT ( 'NONE',  ( -22.31249999999999289, -3.224673171700113400E-15, 1.500000000000001554 ) ) ;
#1405 = ORIENTED_EDGE ( 'NONE', *, *, #38, .F. ) ;
#1406 = EDGE_CURVE ( 'NONE', #3947, #743, #3475, .T. ) ;
#1407 = VERTEX_POINT ( 'NONE', #2766 ) ;
#1408 = CARTESIAN_POINT ( 'NONE',  ( -19.14583333333332149, 1.175240473580833944, 0.6785254037844374864 ) ) ;
#1409 = CARTESIAN_POINT ( 'NONE',  ( 23.68749999999999645, 1.175240473580827949, 0.000000000000000000 ) ) ;
#1410 = CARTESIAN_POINT ( 'NONE',  ( -19.39583333333332504, -1.175240473580834166, -0.6785254037844372643 ) ) ;
#1411 = VERTEX_POINT ( 'NONE', #4490 ) ;
#1412 = VERTEX_POINT ( 'NONE', #2406 ) ;
#1413 = CARTESIAN_POINT ( 'NONE',  ( 20.37499999999999645, -2.492861891654318526E-16, 1.357050807568868533 ) ) ;
#1414 = CARTESIAN_POINT ( 'NONE',  ( -24.47916666666665719, -1.175240473580833722, 0.6785254037844379305 ) ) ;
#1415 = ORIENTED_EDGE ( 'NONE', *, *, #1598, .T. ) ;
#1416 = CARTESIAN_POINT ( 'NONE',  ( 20.95799697480288870, -0.8671240293842222835, -0.9388476657942678161 ) ) ;
#1417 = CARTESIAN_POINT ( 'NONE',  ( 22.89583333333333570, -1.175240473580828393, 0.6785254037844338226 ) ) ;
#1418 = CARTESIAN_POINT ( 'NONE',  ( 22.12500000000000355, 8.309539638847728421E-17, -1.357050807568868311 ) ) ;
#1419 = CARTESIAN_POINT ( 'NONE',  ( -20.74999999999998934, 1.175240473580833722, 0.000000000000000000 ) ) ;
#1420 = CARTESIAN_POINT ( 'NONE',  ( -24.77083333333332504, 0.5876202367904159729, -1.017788105676656896 ) ) ;
#1421 = CARTESIAN_POINT ( 'NONE',  ( 21.93750000000000000, -1.175240473580827949, -1.439254484199180504E-16 ) ) ;
#1422 = CARTESIAN_POINT ( 'NONE',  ( -23.54166666666667140, 1.500000000000000888, -0.8660254037844402619 ) ) ;
#1423 = EDGE_CURVE ( 'NONE', #978, #4362, #4029, .T. ) ;
#1424 = CARTESIAN_POINT ( 'NONE',  ( -18.60000000000000142, 0.000000000000000000, 1.500000000000000666 ) ) ;
#1425 = CARTESIAN_POINT ( 'NONE',  ( -18.62541971039804878, -2.419324735962156912E-05, -1.499999999641368431 ) ) ;
#1426 = CARTESIAN_POINT ( 'NONE',  ( -22.93749999999999289, -1.175240473580833722, 1.439254484199187407E-16 ) ) ;
#1427 = CARTESIAN_POINT ( 'NONE',  ( -22.81249999999999289, 1.060575238724907778E-16, 1.732050807568878747 ) ) ;
#1428 = CARTESIAN_POINT ( 'NONE',  ( 24.70413984521125528, -1.039281486395328802, -1.008851538535267212 ) ) ;
#1429 = CARTESIAN_POINT ( 'NONE',  ( -19.97916666666665719, -1.175240473580833722, 0.6785254037844379305 ) ) ;
#1430 = CARTESIAN_POINT ( 'NONE',  ( -24.81249999999998579, -7.262777413738992359E-16, 1.500000000000001110 ) ) ;
#1431 = VERTEX_POINT ( 'NONE', #5040 ) ;
#1432 = ORIENTED_EDGE ( 'NONE', *, *, #5213, .F. ) ;
#1433 = CARTESIAN_POINT ( 'NONE',  ( -18.85416666666665719, -0.5876202367904174162, -1.017788105676656230 ) ) ;
#1434 = CARTESIAN_POINT ( 'NONE',  ( 22.02083333333332860, -0.5876202367904137525, -1.017788105676651345 ) ) ;
#1435 = DIRECTION ( 'NONE',  ( -1.000000000000000000, -0.000000000000000000, -0.000000000000000000 ) ) ;
#1436 = EDGE_CURVE ( 'NONE', #984, #713, #2346, .T. ) ;
#1437 = ORIENTED_EDGE ( 'NONE', *, *, #2567, .F. ) ;
#1438 = EDGE_CURVE ( 'NONE', #2992, #2991, #4456, .T. ) ;
#1439 = ORIENTED_EDGE ( 'NONE', *, *, #3265, .T. ) ;
#1440 = CARTESIAN_POINT ( 'NONE',  ( 20.99999999999999645, -1.175240473580827949, -1.439254484199180504E-16 ) ) ;
#1441 = CARTESIAN_POINT ( 'NONE',  ( -24.85416666666665719, -0.5876202367904174162, -1.017788105676656230 ) ) ;
#1442 = ORIENTED_EDGE ( 'NONE', *, *, #4409, .T. ) ;
#1443 = CARTESIAN_POINT ( 'NONE',  ( -20.45833333333333570, 1.500000000000001554, 0.8660254037844392627 ) ) ;
#1444 = CARTESIAN_POINT ( 'NONE',  ( -20.66666666666666075, 0.5876202367904169721, 1.017788105676656452 ) ) ;
#1445 = CARTESIAN_POINT ( 'NONE',  ( 19.86022993090465505, 2.492088861051976245, 0.1835754756815215494 ) ) ;
#1446 = CARTESIAN_POINT ( 'NONE',  ( 21.81250000000000355, -2.492861891654318526E-16, 1.357050807568868311 ) ) ;
#1447 = CARTESIAN_POINT ( 'NONE',  ( 21.50000000000000000, -1.175240473580827949, -1.439254484199180504E-16 ) ) ;
#1448 = CARTESIAN_POINT ( 'NONE',  ( -20.04166666666666075, -1.175240473580833722, 0.6785254037844379305 ) ) ;
#1449 = CARTESIAN_POINT ( 'NONE',  ( 22.81250000000000000, -2.492861891654318526E-16, 1.357050807568868533 ) ) ;
#1450 = CARTESIAN_POINT ( 'NONE',  ( -19.31249999999998934, 2.033577675846917841E-16, 1.500000000000001110 ) ) ;
#1451 = CARTESIAN_POINT ( 'NONE',  ( 24.97916666666666430, 1.499999999999999778, 0.8660254037844394848 ) ) ;
#1452 = CARTESIAN_POINT ( 'NONE',  ( 24.99999999999999645, 0.000000000000000000, 0.000000000000000000 ) ) ;
#1453 = CARTESIAN_POINT ( 'NONE',  ( -24.78267446745023506, 0.9967717881216641151, 0.8910309209448732393 ) ) ;
#1454 = CARTESIAN_POINT ( 'NONE',  ( -21.47916666666665719, -1.175240473580833722, 0.6785254037844379305 ) ) ;
#1455 = CARTESIAN_POINT ( 'NONE',  ( -23.14583333333332504, -1.500000000000001998, -0.8660254037844388186 ) ) ;
#1456 = CARTESIAN_POINT ( 'NONE',  ( 21.18575856193429274, -0.9105023588356530029, 1.195536546302384151 ) ) ;
#1457 = CARTESIAN_POINT ( 'NONE',  ( -24.49999999999998934, -1.175240473580833722, 1.439254484199187407E-16 ) ) ;
#1458 = CARTESIAN_POINT ( 'NONE',  ( -24.87500000000000355, 1.060575238724907778E-16, 1.732050807568878747 ) ) ;
#1459 =( BOUNDED_CURVE ( )  B_SPLINE_CURVE ( 2, ( #2789, #2737, #1085, #3251, #4462, #3966, #2376, #328, #1975 ),
 .UNSPECIFIED., .F., .F. ) 
 B_SPLINE_CURVE_WITH_KNOTS ( ( 3, 2, 2, 2, 3 ),
 ( 0.4318181818181818232, 0.4393939393939393923, 0.4545454545454545303, 0.4696969696969697239, 0.4772727272727272929 ),
 .UNSPECIFIED. ) 
 CURVE ( )  GEOMETRIC_REPRESENTATION_ITEM ( )  RATIONAL_B_SPLINE_CURVE ( ( 0.9330127018922194093, 0.9330127018922194093, 1.000000000000000000, 0.8660254037844387076, 1.000000000000000000, 0.8660254037844387076, 1.000000000000000000, 0.9330127018922194093, 0.9330127018922194093 ) ) 
 REPRESENTATION_ITEM ( '' )  );
#1460 = FACE_OUTER_BOUND ( 'NONE', #4796, .T. ) ;
#1461 = ORIENTED_EDGE ( 'NONE', *, *, #4095, .F. ) ;
#1462 = EDGE_CURVE ( 'NONE', #4333, #4845, #5362, .T. ) ;
#1463 = CARTESIAN_POINT ( 'NONE',  ( 21.64583333333333570, 1.175240473580827727, -0.6785254037844341557 ) ) ;
#1464 = CARTESIAN_POINT ( 'NONE',  ( -18.89583333333332504, -1.175240473580834166, -0.6785254037844372643 ) ) ;
#1465 = VERTEX_POINT ( 'NONE', #2082 ) ;
#1466 = ORIENTED_EDGE ( 'NONE', *, *, #5045, .T. ) ;
#1467 = CARTESIAN_POINT ( 'NONE',  ( 21.20833333333333215, 1.175240473580827727, -0.6785254037844341557 ) ) ;
#1468 = ORIENTED_EDGE ( 'NONE', *, *, #4379, .T. ) ;
#1469 = CARTESIAN_POINT ( 'NONE',  ( -19.70833333333333925, -1.500000000000001998, -0.8660254037844388186 ) ) ;
#1470 = CARTESIAN_POINT ( 'NONE',  ( 20.88281212462610981, -0.9493367071959075698, 0.7119133684314167265 ) ) ;
#1471 = CARTESIAN_POINT ( 'NONE',  ( -23.58482909936924798, -0.4019237886466833221, -1.500000000000001998 ) ) ;
#1472 = CARTESIAN_POINT ( 'NONE',  ( 21.52083333333333215, -0.5876202367904137525, -1.017788105676651345 ) ) ;
#1473 = CARTESIAN_POINT ( 'NONE',  ( 21.29166666666667140, 1.175240473580827727, 0.6785254037844348218 ) ) ;
#1474 = ADVANCED_FACE ( 'NONE', ( #3311 ), #4654, .T. ) ;
#1475 = CARTESIAN_POINT ( 'NONE',  ( 22.14583333333332860, 1.175240473580827727, -0.6785254037844341557 ) ) ;
#1476 = AXIS2_PLACEMENT_3D ( 'NONE', #2090, #5073, #3780 ) ;
#1477 = CARTESIAN_POINT ( 'NONE',  ( -20.10267009973802743, 0.4019382047156173643, -1.499991676878722258 ) ) ;
#1478 = CARTESIAN_POINT ( 'NONE',  ( 25.27083333333333215, -0.7499999999999996669, -1.299038105676658228 ) ) ;
#1479 = CARTESIAN_POINT ( 'NONE',  ( -24.72916666666666075, -1.500000000000000888, 0.8660254037844398178 ) ) ;
#1480 = CARTESIAN_POINT ( 'NONE',  ( -20.64733171516466470, -0.4019708729639404621, -1.499972815856759123 ) ) ;
#1481 = CARTESIAN_POINT ( 'NONE',  ( -22.60416666666665719, 0.5876202367904169721, 1.017788105676656452 ) ) ;
#1482 = CARTESIAN_POINT ( 'NONE',  ( -20.72916666666665719, -1.500000000000000888, 0.8660254037844398178 ) ) ;
#1483 = CARTESIAN_POINT ( 'NONE',  ( 21.20229952641920690, -1.241324211260486754, 0.8420891891827915199 ) ) ;
#1484 = AXIS2_PLACEMENT_3D ( 'NONE', #748, #4907, #1169 ) ;
#1485 = DIRECTION ( 'NONE',  ( 1.000000000000000000, 0.000000000000000000, -0.000000000000000000 ) ) ;
#1486 = CARTESIAN_POINT ( 'NONE',  ( -19.22916666666665719, 1.175240473580833500, -0.6785254037844382635 ) ) ;
#1487 = DIRECTION ( 'NONE',  ( 0.000000000000000000, 0.000000000000000000, -1.000000000000000000 ) ) ;
#1488 = EDGE_LOOP ( 'NONE', ( #4685, #766, #1787, #2164 ) ) ;
#1489 = DIRECTION ( 'NONE',  ( 0.000000000000000000, 0.000000000000000000, -1.000000000000000000 ) ) ;
#1490 = EDGE_LOOP ( 'NONE', ( #1468, #1542, #2241, #4385 ) ) ;
#1491 = EDGE_CURVE ( 'NONE', #4845, #2470, #3798, .T. ) ;
#1492 = ORIENTED_EDGE ( 'NONE', *, *, #1988, .F. ) ;
#1493 = CARTESIAN_POINT ( 'NONE',  ( 20.20833333333333215, 1.175240473580827727, -0.6785254037844341557 ) ) ;
#1494 = ORIENTED_EDGE ( 'NONE', *, *, #4858, .F. ) ;
#1495 = CARTESIAN_POINT ( 'NONE',  ( -24.66666666666667140, -0.7500000000000013323, -1.299038105676658894 ) ) ;
#1496 = CARTESIAN_POINT ( 'NONE',  ( -23.06249999999999645, 8.309539638847769097E-17, 1.357050807568875195 ) ) ;
#1497 = DIRECTION ( 'NONE',  ( -1.000000000000000000, -0.000000000000000000, -0.000000000000000000 ) ) ;
#1498 = CARTESIAN_POINT ( 'NONE',  ( 22.43750000000000000, -1.175240473580827949, -1.439254484199180504E-16 ) ) ;
#1499 = CARTESIAN_POINT ( 'NONE',  ( 20.89850339498436682, -0.3314656926261738135, 1.165679000704021417 ) ) ;
#1500 = CARTESIAN_POINT ( 'NONE',  ( 21.14583333333333215, 1.175240473580827727, -0.6785254037844341557 ) ) ;
#1501 = CARTESIAN_POINT ( 'NONE',  ( -22.29166666666666785, -1.500000000000000888, 0.8660254037844398178 ) ) ;
#1502 = EDGE_CURVE ( 'NONE', #58, #4362, #1270, .T. ) ;
#1503 = CARTESIAN_POINT ( 'NONE',  ( 22.72916666666666430, -1.499999999999999778, -0.8660254037844391517 ) ) ;
#1504 = CARTESIAN_POINT ( 'NONE',  ( -24.79017090063073070, -0.4019237886466846543, 1.500000000000001110 ) ) ;
#1505 = CARTESIAN_POINT ( 'NONE',  ( -21.89583333333332149, -1.175240473580834166, -0.6785254037844371533 ) ) ;
#1506 = CARTESIAN_POINT ( 'NONE',  ( -21.27083333333332504, -0.7500000000000003331, 1.299038105676659338 ) ) ;
#1507 = CARTESIAN_POINT ( 'NONE',  ( 24.66383695806054277, -1.467740007409112923, 0.02085605692432515243 ) ) ;
#1508 = CARTESIAN_POINT ( 'NONE',  ( -23.91666666666666075, -0.5876202367904174162, -1.017788105676656230 ) ) ;
#1509 = CARTESIAN_POINT ( 'NONE',  ( -19.77083333333332504, 0.5876202367904159729, -1.017788105676656896 ) ) ;
#1510 = CARTESIAN_POINT ( 'NONE',  ( 23.14583333333333215, -1.500000000000000222, 0.8660254037844381525 ) ) ;
#1511 = CARTESIAN_POINT ( 'NONE',  ( -25.00000000000000000, 0.000000000000000000, 0.000000000000000000 ) ) ;
#1512 = CARTESIAN_POINT ( 'NONE',  ( -24.98075666599056888, 1.728209346468569940, 1.506653605801032469 ) ) ;
#1513 = EDGE_LOOP ( 'NONE', ( #3995, #203, #1514, #1842 ) ) ;
#1514 = ORIENTED_EDGE ( 'NONE', *, *, #3518, .T. ) ;
#1515 = DIRECTION ( 'NONE',  ( -1.000000000000000000, -0.000000000000000000, -0.000000000000000000 ) ) ;
#1516 = ORIENTED_EDGE ( 'NONE', *, *, #2796, .F. ) ;
#1517 = CARTESIAN_POINT ( 'NONE',  ( -23.85416666666665719, -0.5876202367904174162, -1.017788105676656230 ) ) ;
#1518 = CARTESIAN_POINT ( 'NONE',  ( -18.57670044154597733, 0.8693920521724618489, -1.230107072215786745 ) ) ;
#1519 = CARTESIAN_POINT ( 'NONE',  ( -22.85416666666665719, -0.5876202367904174162, -1.017788105676656230 ) ) ;
#1520 = CARTESIAN_POINT ( 'NONE',  ( 23.68749999999999645, -1.500000000000000000, -1.836970198721029934E-16 ) ) ;
#1521 = CARTESIAN_POINT ( 'NONE',  ( 21.77083333333333215, 0.5876202367904130863, 1.017788105676651789 ) ) ;
#1522 = CARTESIAN_POINT ( 'NONE',  ( -25.00000000000000000, 0.000000000000000000, 0.000000000000000000 ) ) ;
#1523 = CARTESIAN_POINT ( 'NONE',  ( 20.06249999999999645, 8.309539638847728421E-17, -1.357050807568868533 ) ) ;
#1524 = CARTESIAN_POINT ( 'NONE',  ( 23.41666666666666430, -0.5876202367904145296, 1.017788105676650900 ) ) ;
#1525 = CARTESIAN_POINT ( 'NONE',  ( 25.31250000000000000, 1.060575238724906915E-16, -1.732050807568877193 ) ) ;
#1526 = CARTESIAN_POINT ( 'NONE',  ( -18.60000000000000142, 0.000000000000000000, 1.500000000000000666 ) ) ;
#1527 = CARTESIAN_POINT ( 'NONE',  ( -21.91666666666667140, 0.7500000000000008882, 1.299038105676659116 ) ) ;
#1528 = CARTESIAN_POINT ( 'NONE',  ( -19.08333333333332504, -0.5876202367904166390, 1.017788105676656674 ) ) ;
#1529 = CARTESIAN_POINT ( 'NONE',  ( -21.60416666666665719, -0.7500000000000013323, -1.299038105676658894 ) ) ;
#1530 = CARTESIAN_POINT ( 'NONE',  ( 21.10545967691717451, -1.335197336504358345, 0.4725355920222310546 ) ) ;
#1531 = FACE_BOUND ( 'NONE', #4073, .T. ) ;
#1532 = CARTESIAN_POINT ( 'NONE',  ( -24.33333333333333925, -0.7500000000000003331, 1.299038105676659338 ) ) ;
#1533 = CARTESIAN_POINT ( 'NONE',  ( 21.87500000000000000, 1.060575238724906915E-16, -1.732050807568877193 ) ) ;
#1534 = VERTEX_POINT ( 'NONE', #3086 ) ;
#1535 = CARTESIAN_POINT ( 'NONE',  ( -22.12471831453381554, 1.574186910151239357E-05, -1.499999999838721232 ) ) ;
#1536 = EDGE_CURVE ( 'NONE', #5041, #1571, #4598, .T. ) ;
#1537 = AXIS2_PLACEMENT_3D ( 'NONE', #5372, #4552, #5346 ) ;
#1538 = CARTESIAN_POINT ( 'NONE',  ( 19.99999999999999645, 0.000000000000000000, 0.000000000000000000 ) ) ;
#1539 = ORIENTED_EDGE ( 'NONE', *, *, #3921, .T. ) ;
#1540 = CARTESIAN_POINT ( 'NONE',  ( 23.99999999999999645, 1.500000000000000000, 0.000000000000000000 ) ) ;
#1541 = VECTOR ( 'NONE', #5084, 1000.000000000000000 ) ;
#1542 = ORIENTED_EDGE ( 'NONE', *, *, #3128, .T. ) ;
#1543 = CARTESIAN_POINT ( 'NONE',  ( -23.18749999999999289, 1.175240473580833722, 0.000000000000000000 ) ) ;
#1544 = LINE ( 'NONE', #4000, #3213 ) ;
#1545 = CARTESIAN_POINT ( 'NONE',  ( -23.85416666666665719, -0.5876202367904174162, -1.017788105676656230 ) ) ;
#1546 = CARTESIAN_POINT ( 'NONE',  ( 24.31250000000000711, -1.191095495853194869E-15, -1.499999999999999778 ) ) ;
#1547 = CARTESIAN_POINT ( 'NONE',  ( 22.72916666666666430, 1.175240473580827727, 0.6785254037844348218 ) ) ;
#1548 = CARTESIAN_POINT ( 'NONE',  ( -24.75827229586808542, -0.3610992001090300163, -1.271191196401658896 ) ) ;
#1549 = CARTESIAN_POINT ( 'NONE',  ( 19.77083333333333215, 0.5876202367904130863, 1.017788105676651789 ) ) ;
#1550 = CARTESIAN_POINT ( 'NONE',  ( 23.00000000000000000, -1.175240473580827949, -1.439254484199180504E-16 ) ) ;
#1551 = CARTESIAN_POINT ( 'NONE',  ( 24.60416666666666785, -0.7500000000000006661, 1.299038105676657562 ) ) ;
#1552 = ADVANCED_FACE ( 'NONE', ( #2574 ), #4314, .F. ) ;
#1553 = DIRECTION ( 'NONE',  ( 0.000000000000000000, 0.000000000000000000, 1.000000000000000000 ) ) ;
#1554 = CARTESIAN_POINT ( 'NONE',  ( -24.74150585414552594, 0.7549870560681067877, 1.053248035203327104 ) ) ;
#1555 = CARTESIAN_POINT ( 'NONE',  ( -20.97916666666666075, 1.500000000000000888, -0.8660254037844402619 ) ) ;
#1556 = CARTESIAN_POINT ( 'NONE',  ( -19.27083333333332504, -0.7500000000000003331, 1.299038105676659338 ) ) ;
#1557 = CARTESIAN_POINT ( 'NONE',  ( 21.77083333333333215, -0.7499999999999996669, -1.299038105676658228 ) ) ;
#1558 = CARTESIAN_POINT ( 'NONE',  ( -23.58333333333332504, -0.5876202367904166390, 1.017788105676656674 ) ) ;
#1559 = CARTESIAN_POINT ( 'NONE',  ( -23.00000000000000711, 1.500000000000001332, 0.000000000000000000 ) ) ;
#1560 = CARTESIAN_POINT ( 'NONE',  ( 21.58333333333333215, 0.7499999999999988898, 1.299038105676658672 ) ) ;
#1561 = VECTOR ( 'NONE', #255, 1000.000000000000000 ) ;
#1562 = CARTESIAN_POINT ( 'NONE',  ( 19.79903810567670419, -1.299038105676733279, 2.249999999999999556 ) ) ;
#1563 = ORIENTED_EDGE ( 'NONE', *, *, #3334, .T. ) ;
#1564 = VECTOR ( 'NONE', #3013, 999.9999999999998863 ) ;
#1565 =( BOUNDED_CURVE ( )  B_SPLINE_CURVE ( 2, ( #3620, #4107, #2360, #4496, #1603, #4026, #312, #5289, #1546 ),
 .UNSPECIFIED., .F., .F. ) 
 B_SPLINE_CURVE_WITH_KNOTS ( ( 3, 2, 2, 2, 3 ),
 ( 0.1590909090909090884, 0.1666666666666666574, 0.1818181818181818232, 0.1969696969696969613, 0.2045454545454545581 ),
 .UNSPECIFIED. ) 
 CURVE ( )  GEOMETRIC_REPRESENTATION_ITEM ( )  RATIONAL_B_SPLINE_CURVE ( ( 0.9330127018922194093, 0.9330127018922194093, 1.000000000000000000, 0.8660254037844387076, 1.000000000000000000, 0.8660254037844387076, 1.000000000000000000, 0.9330127018922191873, 0.9330127018922192983 ) ) 
 REPRESENTATION_ITEM ( '' )  );
#1566 = CARTESIAN_POINT ( 'NONE',  ( 24.94975952641921779, -1.159672946348570211, -0.1906536866932154461 ) ) ;
#1567 = AXIS2_PLACEMENT_3D ( 'NONE', #3655, #2070, #2479 ) ;
#1568 = ORIENTED_EDGE ( 'NONE', *, *, #3990, .T. ) ;
#1569 = ADVANCED_FACE ( 'NONE', ( #626 ), #4883, .F. ) ;
#1570 = CARTESIAN_POINT ( 'NONE',  ( -21.58482909936925154, -0.4019237886466848764, -1.500000000000001110 ) ) ;
#1571 = VERTEX_POINT ( 'NONE', #5169 ) ;
#1572 = CARTESIAN_POINT ( 'NONE',  ( -23.10416666666665719, 0.5876202367904169721, 1.017788105676656452 ) ) ;
#1573 = DIRECTION ( 'NONE',  ( 0.000000000000000000, 0.000000000000000000, -1.000000000000000000 ) ) ;
#1574 = CARTESIAN_POINT ( 'NONE',  ( -24.14583333333332504, 1.175240473580833722, 0.6785254037844374864 ) ) ;
#1575 = VERTEX_POINT ( 'NONE', #1425 ) ;
#1576 = CARTESIAN_POINT ( 'NONE',  ( -20.81249999999998934, 2.033577675846917841E-16, 1.500000000000001110 ) ) ;
#1577 = DIRECTION ( 'NONE',  ( 0.000000000000000000, -0.4999999999999998890, -0.8660254037844385966 ) ) ;
#1578 = CARTESIAN_POINT ( 'NONE',  ( 21.79166666666666430, -1.499999999999999778, -0.8660254037844391517 ) ) ;
#1579 = CARTESIAN_POINT ( 'NONE',  ( 19.81249999999999645, -2.492861891654318526E-16, 1.357050807568868533 ) ) ;
#1580 = CARTESIAN_POINT ( 'NONE',  ( 23.04166666666666430, -1.175240473580827505, -0.6785254037844345998 ) ) ;
#1581 = CARTESIAN_POINT ( 'NONE',  ( 22.10416666666666430, -0.7500000000000006661, 1.299038105676657562 ) ) ;
#1582 = DIRECTION ( 'NONE',  ( 0.000000000000000000, 0.000000000000000000, 1.000000000000000000 ) ) ;
#1583 = FACE_OUTER_BOUND ( 'NONE', #1248, .T. ) ;
#1584 = DIRECTION ( 'NONE',  ( 1.000000000000000000, 0.000000000000000000, 0.000000000000000000 ) ) ;
#1585 = CARTESIAN_POINT ( 'NONE',  ( -24.66666666666665719, 0.5876202367904169721, 1.017788105676656452 ) ) ;
#1586 = LINE ( 'NONE', #3220, #3111 ) ;
#1587 = CARTESIAN_POINT ( 'NONE',  ( -23.29166666666666075, 1.175240473580833500, -0.6785254037844382635 ) ) ;
#1588 = CARTESIAN_POINT ( 'NONE',  ( -21.87500000000000355, 1.060575238724907778E-16, 1.732050807568878747 ) ) ;
#1589 = CARTESIAN_POINT ( 'NONE',  ( 21.50000000000000000, 1.500000000000000000, 0.000000000000000000 ) ) ;
#1590 = CARTESIAN_POINT ( 'NONE',  ( -23.93749999999998934, 1.500000000000001332, 0.000000000000000000 ) ) ;
#1591 = ORIENTED_EDGE ( 'NONE', *, *, #1436, .T. ) ;
#1592 = CARTESIAN_POINT ( 'NONE',  ( 21.04268287705361118, 1.102739078915649928, -0.7826733925242420620 ) ) ;
#1593 = B_SPLINE_CURVE_WITH_KNOTS ( 'NONE', 3,
 ( #2859, #373, #2535, #1257 ),
 .UNSPECIFIED., .F., .F.,
 ( 4, 4 ),
 ( 0.000000000000000000, 1.000000000000000000 ),
 .UNSPECIFIED. ) ;
#1594 = VERTEX_POINT ( 'NONE', #4183 ) ;
#1595 = CARTESIAN_POINT ( 'NONE',  ( -22.54166666666667140, 1.500000000000000888, -0.8660254037844402619 ) ) ;
#1596 =( BOUNDED_CURVE ( )  B_SPLINE_CURVE ( 2, ( #1078, #1504, #4832, #1479, #4859, #292, #703, #1100, #3654 ),
 .UNSPECIFIED., .F., .F. ) 
 B_SPLINE_CURVE_WITH_KNOTS ( ( 3, 2, 2, 2, 3 ),
 ( 0.09615384615384615918, 0.1025641025641025605, 0.1153846153846153910, 0.1282051282051281937, 0.1346153846153846090 ),
 .UNSPECIFIED. ) 
 CURVE ( )  GEOMETRIC_REPRESENTATION_ITEM ( )  RATIONAL_B_SPLINE_CURVE ( ( 0.9330127018922194093, 0.9330127018922194093, 1.000000000000000000, 0.8660254037844387076, 1.000000000000000000, 0.8660254037844387076, 1.000000000000000000, 0.9330127018922194093, 0.9330127018922194093 ) ) 
 REPRESENTATION_ITEM ( '' )  );
#1597 = EDGE_LOOP ( 'NONE', ( #818, #113, #1161, #2964, #4714, #1376 ) ) ;
#1598 = EDGE_CURVE ( 'NONE', #4745, #1534, #4265, .T. ) ;
#1599 = CARTESIAN_POINT ( 'NONE',  ( -21.77083333333332504, 0.5876202367904159729, -1.017788105676656896 ) ) ;
#1600 = CARTESIAN_POINT ( 'NONE',  ( 24.37499999999999645, -4.938688641342514686E-16, -1.499999999999999778 ) ) ;
#1601 = CARTESIAN_POINT ( 'NONE',  ( -22.72916666666665364, 1.175240473580833056, -0.6785254037844382635 ) ) ;
#1602 = ORIENTED_EDGE ( 'NONE', *, *, #4409, .F. ) ;
#1603 = CARTESIAN_POINT ( 'NONE',  ( 24.43749999999999645, 1.500000000000000000, 0.000000000000000000 ) ) ;
#1604 = CARTESIAN_POINT ( 'NONE',  ( -20.06249999999998934, 6.333141904780402276E-15, -1.500000000000001554 ) ) ;
#1605 = CARTESIAN_POINT ( 'NONE',  ( 21.66666666666666430, -0.7500000000000006661, 1.299038105676657562 ) ) ;
#1606 = CARTESIAN_POINT ( 'NONE',  ( 20.14583333333333215, 1.175240473580827727, -0.6785254037844341557 ) ) ;
#1607 = CARTESIAN_POINT ( 'NONE',  ( 24.49999999999999645, -1.175240473580827949, -1.439254484199180504E-16 ) ) ;
#1608 = CARTESIAN_POINT ( 'NONE',  ( 20.52083333333333215, 0.7499999999999988898, 1.299038105676658672 ) ) ;
#1609 = DIRECTION ( 'NONE',  ( -1.000000000000000000, -0.000000000000000000, -0.000000000000000000 ) ) ;
#1610 = CARTESIAN_POINT ( 'NONE',  ( -24.20833333333332504, 1.175240473580833944, 0.6785254037844374864 ) ) ;
#1611 = CARTESIAN_POINT ( 'NONE',  ( -19.97916666666665719, 1.500000000000000888, -0.8660254037844402619 ) ) ;
#1612 = CARTESIAN_POINT ( 'NONE',  ( -22.91666666666665719, -0.5876202367904174162, -1.017788105676656230 ) ) ;
#1613 = CARTESIAN_POINT ( 'NONE',  ( -22.20833333333333570, -1.500000000000001998, -0.8660254037844388186 ) ) ;
#1614 = CARTESIAN_POINT ( 'NONE',  ( 21.33333333333333215, -0.7499999999999996669, -1.299038105676658228 ) ) ;
#1615 = CARTESIAN_POINT ( 'NONE',  ( 23.24999999999999645, -1.500000000000000000, -1.836970198721029934E-16 ) ) ;
#1616 = CARTESIAN_POINT ( 'NONE',  ( -24.85416666666665719, 0.7500000000000008882, 1.299038105676659116 ) ) ;
#1617 = CARTESIAN_POINT ( 'NONE',  ( 24.62499999999999645, 0.000000000000000000, 1.500000000000000222 ) ) ;
#1618 = CYLINDRICAL_SURFACE ( 'NONE', #4441, 1.172700473580827740 ) ;
#1619 = EDGE_CURVE ( 'NONE', #790, #3832, #4662, .T. ) ;
#1620 = CARTESIAN_POINT ( 'NONE',  ( 24.08333333333333215, 0.7499999999999988898, 1.299038105676658672 ) ) ;
#1621 = ADVANCED_FACE ( 'NONE', ( #704 ), #5149, .F. ) ;
#1622 = VECTOR ( 'NONE', #1918, 1000.000000000000000 ) ;
#1623 = ORIENTED_EDGE ( 'NONE', *, *, #5074, .F. ) ;
#1624 = CARTESIAN_POINT ( 'NONE',  ( -20.27083333333332504, 0.5876202367904159729, -1.017788105676656896 ) ) ;
#1625 = CARTESIAN_POINT ( 'NONE',  ( -25.00000000000000000, -1.948557158514986787, 1.124999999999999778 ) ) ;
#1626 = CARTESIAN_POINT ( 'NONE',  ( -20.81249999999998934, -2.492861891654330359E-16, -1.357050807568875195 ) ) ;
#1627 = CIRCLE ( 'NONE', #4680, 1.172700473580827740 ) ;
#1628 = ORIENTED_EDGE ( 'NONE', *, *, #2985, .F. ) ;
#1629 =( BOUNDED_SURFACE ( )  B_SPLINE_SURFACE ( 1, 2, ( 
 ( #2898, #410, #5360, #5008, #1265, #2923, #1696, #4178, #3767, #51, #4206, #3687, #2872, #493, #1616, #2131, #2050, #79, #5390, #3794, #1646, #1723, #3388, #5061, #1319, #4096, #3820, #1028, #598, #2207, #2680, #4316, #1834, #2652, #4259, #105, #919, #1346, #1749, #2597, #1372, #3497, #3033, #2159, #3873, #157, #1805, #3007, #5085, #5171, #3416, #3062, #4700, #3443, #4232, #1455, #974, #547, #1775, #4650, #4288, #2625, #4757, #1427, #572, #4729, #2183, #2236, #999, #4676, #5111, #3469, #629, #186, #946, #3903, #3088, #5140, #3849, #5198, #1400, #4346, #2266, #3934, #217, #2570, #1862, #3526, #521, #130, #4063, #243, #1529, #2293, #4375, #1889, #659, #4835, #5249, #1056, #1506, #4813, #267, #734, #3657, #5326, #3552, #2370, #3117, #296, #3962, #5224, #4786, #1482, #3219, #1081, #2708, #2344, #3145, #2730, #4401, #2755, #4481, #4037, #322, #682, #2318, #3986, #1917, #3578, #1969, #3192, #3168, #1103, #2781, #348, #3628, #4429, #4012, #1153, #4862, #706, #1943, #3604, #5273, #1128, #4455, #5300, #1556, #4890, #2810, #758, #2396, #1995, #4116, #2915, #2835 ),
 ( #4507, #376, #782, #3299, #3706, #4918, #5384, #3272, #404, #4589, #2125, #3787, #4088, #859, #1585, #4141, #2422, #2018, #3245, #3682, #1690, #4947, #1179, #832, #5354, #1610, #4615, #4562, #1206, #1640, #429, #1667, #2509, #21, #2044, #2862, #4534, #2481, #2072, #4975, #4170, #1231, #3327, #2892, #459, #807, #2451, #1285, #3735, #5002, #1260, #886, #2097, #3760, #45, #3354, #5028, #2942, #2539, #4199, #486, #1826, #1392, #3027, #3491, #5131, #2646, #3464, #5080, #911, #1717, #2153, #2562, #3408, #2179, #4309, #3842, #2975, #4695, #969, #2619, #3813, #514, #590, #4226, #3868, #123, #3895, #5104, #1313, #99, #2671, #4644, #71, #3056, #1743, #619, #1341, #177, #3000, #4281, #4722, #4669, #1795, #938, #567, #2591, #1366, #1419, #993, #2228, #4252, #540, #1768, #2258, #3437, #5164, #151, #2202, #3081, #4750, #1020, #4339, #3382, #5055, #1448, #3517, #209, #1855, #3926, #5191, #3656, #806, #3681, #1205, #375, #3271, #5353, #4974, #2043, #4945, #2861, #4533, #3705, #5272, #1178, #1942, #4011, #1528, #295, #4480, #4889, #705, #1152, #4454, #5299, #2017 ) ),
 .UNSPECIFIED., .F., .F., .F. ) 
 B_SPLINE_SURFACE_WITH_KNOTS ( ( 2, 2 ),
 ( 3, 2, 2, 2, 2, 2, 2, 2, 2, 2, 2, 2, 2, 2, 2, 2, 2, 2, 2, 2, 2, 2, 2, 2, 2, 2, 2, 2, 2, 2, 2, 2, 2, 2, 2, 2, 2, 2, 2, 2, 2, 2, 2, 2, 2, 2, 2, 2, 2, 2, 2, 2, 2, 2, 2, 2, 2, 2, 2, 2, 2, 2, 2, 2, 2, 2, 2, 2, 2, 2, 2, 2, 2, 2, 2, 2, 2, 2, 3 ),
 ( 0.000000000000000000, 1.000000000000000000 ),
 ( 0.000000000000000000, 0.01282051282051282007, 0.02564102564102564014, 0.03846153846153846367, 0.05128205128205128027, 0.06410256410256409687, 0.07692307692307692735, 0.08974358974358974395, 0.1025641025641025605, 0.1153846153846153910, 0.1282051282051281937, 0.1410256410256410242, 0.1538461538461538547, 0.1666666666666666574, 0.1794871794871794879, 0.1923076923076923184, 0.2051282051282051211, 0.2179487179487179516, 0.2307692307692307820, 0.2435897435897435848, 0.2564102564102563875, 0.2692307692307692180, 0.2820512820512820484, 0.2948717948717948789, 0.3076923076923077094, 0.3205128205128205399, 0.3333333333333333148, 0.3461538461538461453, 0.3589743589743589758, 0.3717948717948718063, 0.3846153846153846367, 0.3974358974358974117, 0.4102564102564102422, 0.4230769230769230727, 0.4358974358974359031, 0.4487179487179487336, 0.4615384615384615641, 0.4743589743589743390, 0.4871794871794871695, 0.5000000000000000000, 0.5128205128205127750, 0.5256410256410256610, 0.5384615384615384359, 0.5512820512820513219, 0.5641025641025640969, 0.5769230769230768718, 0.5897435897435897578, 0.6025641025641025328, 0.6153846153846154188, 0.6282051282051281937, 0.6410256410256410797, 0.6538461538461538547, 0.6666666666666666297, 0.6794871794871795156, 0.6923076923076922906, 0.7051282051282051766, 0.7179487179487179516, 0.7307692307692307265, 0.7435897435897436125, 0.7564102564102563875, 0.7692307692307692735, 0.7820512820512820484, 0.7948717948717948234, 0.8076923076923077094, 0.8205128205128204844, 0.8333333333333333703, 0.8461538461538461453, 0.8589743589743589203, 0.8717948717948718063, 0.8846153846153845812, 0.8974358974358974672, 0.9102564102564102422, 0.9230769230769231282, 0.9358974358974359031, 0.9487179487179486781, 0.9615384615384615641, 0.9743589743589743390, 0.9871794871794872250, 0.9894792658631212934 ),
 .UNSPECIFIED. ) 
 GEOMETRIC_REPRESENTATION_ITEM ( )  RATIONAL_B_SPLINE_SURFACE ( (
 ( 1.000000000000000000, 0.8660254037844387076, 1.000000000000000000, 0.8660254037844387076, 1.000000000000000000, 0.8660254037844387076, 1.000000000000000000, 0.8660254037844387076, 1.000000000000000000, 0.8660254037844387076, 1.000000000000000000, 0.8660254037844387076, 1.000000000000000000, 0.8660254037844387076, 1.000000000000000000, 0.8660254037844387076, 1.000000000000000000, 0.8660254037844387076, 1.000000000000000000, 0.8660254037844387076, 1.000000000000000000, 0.8660254037844387076, 1.000000000000000000, 0.8660254037844387076, 1.000000000000000000, 0.8660254037844387076, 1.000000000000000000, 0.8660254037844387076, 1.000000000000000000, 0.8660254037844387076, 1.000000000000000000, 0.8660254037844387076, 1.000000000000000000, 0.8660254037844387076, 1.000000000000000000, 0.8660254037844387076, 1.000000000000000000, 0.8660254037844387076, 1.000000000000000000, 0.8660254037844387076, 1.000000000000000000, 0.8660254037844387076, 1.000000000000000000, 0.8660254037844387076, 1.000000000000000000, 0.8660254037844387076, 1.000000000000000000, 0.8660254037844387076, 1.000000000000000000, 0.8660254037844387076, 1.000000000000000000, 0.8660254037844387076, 1.000000000000000000, 0.8660254037844387076, 1.000000000000000000, 0.8660254037844387076, 1.000000000000000000, 0.8660254037844387076, 1.000000000000000000, 0.8660254037844387076, 1.000000000000000000, 0.8660254037844387076, 1.000000000000000000, 0.8660254037844387076, 1.000000000000000000, 0.8660254037844387076, 1.000000000000000000, 0.8660254037844387076, 1.000000000000000000, 0.8660254037844387076, 1.000000000000000000, 0.8660254037844387076, 1.000000000000000000, 0.8660254037844387076, 1.000000000000000000, 0.8660254037844387076, 1.000000000000000000, 0.8660254037844387076, 1.000000000000000000, 0.8660254037844387076, 1.000000000000000000, 0.8660254037844387076, 1.000000000000000000, 0.8660254037844387076, 1.000000000000000000, 0.8660254037844387076, 1.000000000000000000, 0.8660254037844387076, 1.000000000000000000, 0.8660254037844387076, 1.000000000000000000, 0.8660254037844387076, 1.000000000000000000, 0.8660254037844387076, 1.000000000000000000, 0.8660254037844387076, 1.000000000000000000, 0.8660254037844387076, 1.000000000000000000, 0.8660254037844387076, 1.000000000000000000, 0.8660254037844387076, 1.000000000000000000, 0.8660254037844387076, 1.000000000000000000, 0.8660254037844387076, 1.000000000000000000, 0.8660254037844387076, 1.000000000000000000, 0.8660254037844387076, 1.000000000000000000, 0.8660254037844387076, 1.000000000000000000, 0.8660254037844387076, 1.000000000000000000, 0.8660254037844387076, 1.000000000000000000, 0.8660254037844387076, 1.000000000000000000, 0.8660254037844387076, 1.000000000000000000, 0.8660254037844387076, 1.000000000000000000, 0.8660254037844387076, 1.000000000000000000, 0.8660254037844387076, 1.000000000000000000, 0.8660254037844387076, 1.000000000000000000, 0.8660254037844387076, 1.000000000000000000, 0.8660254037844387076, 1.000000000000000000, 0.8660254037844387076, 1.000000000000000000, 0.8660254037844387076, 1.000000000000000000, 0.8660254037844387076, 1.000000000000000000, 0.8660254037844387076, 1.000000000000000000, 0.8660254037844387076, 1.000000000000000000, 0.8660254037844387076, 1.000000000000000000, 0.8660254037844387076, 1.000000000000000000, 0.8660254037844387076, 1.000000000000000000, 0.8660254037844387076, 1.000000000000000000, 0.8660254037844387076, 1.000000000000000000, 0.8660254037844387076, 1.000000000000000000, 0.9759672701990476096, 0.9605566541121950408),
 ( 1.000000000000000000, 0.8660254037844387076, 1.000000000000000000, 0.8660254037844387076, 1.000000000000000000, 0.8660254037844387076, 1.000000000000000000, 0.8660254037844387076, 1.000000000000000000, 0.8660254037844387076, 1.000000000000000000, 0.8660254037844387076, 1.000000000000000000, 0.8660254037844387076, 1.000000000000000000, 0.8660254037844387076, 1.000000000000000000, 0.8660254037844387076, 1.000000000000000000, 0.8660254037844387076, 1.000000000000000000, 0.8660254037844387076, 1.000000000000000000, 0.8660254037844387076, 1.000000000000000000, 0.8660254037844387076, 1.000000000000000000, 0.8660254037844387076, 1.000000000000000000, 0.8660254037844387076, 1.000000000000000000, 0.8660254037844387076, 1.000000000000000000, 0.8660254037844387076, 1.000000000000000000, 0.8660254037844387076, 1.000000000000000000, 0.8660254037844387076, 1.000000000000000000, 0.8660254037844387076, 1.000000000000000000, 0.8660254037844387076, 1.000000000000000000, 0.8660254037844387076, 1.000000000000000000, 0.8660254037844387076, 1.000000000000000000, 0.8660254037844387076, 1.000000000000000000, 0.8660254037844387076, 1.000000000000000000, 0.8660254037844387076, 1.000000000000000000, 0.8660254037844387076, 1.000000000000000000, 0.8660254037844387076, 1.000000000000000000, 0.8660254037844387076, 1.000000000000000000, 0.8660254037844387076, 1.000000000000000000, 0.8660254037844387076, 1.000000000000000000, 0.8660254037844387076, 1.000000000000000000, 0.8660254037844387076, 1.000000000000000000, 0.8660254037844387076, 1.000000000000000000, 0.8660254037844387076, 1.000000000000000000, 0.8660254037844387076, 1.000000000000000000, 0.8660254037844387076, 1.000000000000000000, 0.8660254037844387076, 1.000000000000000000, 0.8660254037844387076, 1.000000000000000000, 0.8660254037844387076, 1.000000000000000000, 0.8660254037844387076, 1.000000000000000000, 0.8660254037844387076, 1.000000000000000000, 0.8660254037844387076, 1.000000000000000000, 0.8660254037844387076, 1.000000000000000000, 0.8660254037844387076, 1.000000000000000000, 0.8660254037844387076, 1.000000000000000000, 0.8660254037844387076, 1.000000000000000000, 0.8660254037844387076, 1.000000000000000000, 0.8660254037844387076, 1.000000000000000000, 0.8660254037844387076, 1.000000000000000000, 0.8660254037844387076, 1.000000000000000000, 0.8660254037844387076, 1.000000000000000000, 0.8660254037844387076, 1.000000000000000000, 0.8660254037844387076, 1.000000000000000000, 0.8660254037844387076, 1.000000000000000000, 0.8660254037844387076, 1.000000000000000000, 0.8660254037844387076, 1.000000000000000000, 0.8660254037844387076, 1.000000000000000000, 0.8660254037844387076, 1.000000000000000000, 0.8660254037844387076, 1.000000000000000000, 0.8660254037844387076, 1.000000000000000000, 0.8660254037844387076, 1.000000000000000000, 0.8660254037844387076, 1.000000000000000000, 0.8660254037844387076, 1.000000000000000000, 0.8660254037844387076, 1.000000000000000000, 0.8660254037844387076, 1.000000000000000000, 0.8660254037844387076, 1.000000000000000000, 0.8660254037844387076, 1.000000000000000000, 0.8660254037844387076, 1.000000000000000000, 0.8660254037844387076, 1.000000000000000000, 0.8660254037844387076, 1.000000000000000000, 0.8660254037844387076, 1.000000000000000000, 0.8660254037844387076, 1.000000000000000000, 0.8660254037844387076, 1.000000000000000000, 0.8660254037844387076, 1.000000000000000000, 0.8660254037844387076, 1.000000000000000000, 0.8660254037844387076, 1.000000000000000000, 0.9759672701990476096, 0.9605566541121950408) ) ) 
 REPRESENTATION_ITEM ( '' )  SURFACE ( )  );
#1630 = CARTESIAN_POINT ( 'NONE',  ( -18.61220659305599412, 0.2302813249921865368, -1.500007115241228428 ) ) ;
#1631 = DIRECTION ( 'NONE',  ( 1.000000000000000000, 0.000000000000000000, 0.000000000000000000 ) ) ;
#1632 = CYLINDRICAL_SURFACE ( 'NONE', #3130, 1.500000000000000666 ) ;
#1633 = CARTESIAN_POINT ( 'NONE',  ( 20.56249999999999645, 8.309539638847728421E-17, -1.357050807568868533 ) ) ;
#1634 = CARTESIAN_POINT ( 'NONE',  ( 22.91666666666666430, -0.5876202367904145296, 1.017788105676650900 ) ) ;
#1635 = CARTESIAN_POINT ( 'NONE',  ( 21.31249999999999645, 1.060575238724906915E-16, -1.732050807568877193 ) ) ;
#1636 = CARTESIAN_POINT ( 'NONE',  ( -24.65115929258113781, 1.163110276153866307, 0.3264420362325737845 ) ) ;
#1637 = EDGE_CURVE ( 'NONE', #5237, #5260, #4358, .T. ) ;
#1638 = CARTESIAN_POINT ( 'NONE',  ( -24.98075666599056888, -2.168904970561403633, 0.7433463941989676416 ) ) ;
#1639 = CARTESIAN_POINT ( 'NONE',  ( -21.41666666666667140, 0.7500000000000008882, 1.299038105676659116 ) ) ;
#1640 = CARTESIAN_POINT ( 'NONE',  ( -24.04166666666666075, -1.175240473580833722, 0.6785254037844379305 ) ) ;
#1641 = CARTESIAN_POINT ( 'NONE',  ( 21.56250000000000000, -6.391244124090313355E-16, 1.499999999999999778 ) ) ;
#1642 = CARTESIAN_POINT ( 'NONE',  ( -23.66666666666665719, 0.5876202367904169721, 1.017788105676656452 ) ) ;
#1643 = CARTESIAN_POINT ( 'NONE',  ( -22.79166666666667140, -1.500000000000000888, 0.8660254037844398178 ) ) ;
#1644 = CARTESIAN_POINT ( 'NONE',  ( 23.12500000000000000, -3.181725716174720005E-16, 1.732050807568877193 ) ) ;
#1645 = CARTESIAN_POINT ( 'NONE',  ( 22.33333333333332860, -0.7499999999999996669, -1.299038105676658228 ) ) ;
#1646 = CARTESIAN_POINT ( 'NONE',  ( -24.60416666666666075, -0.7500000000000013323, -1.299038105676658894 ) ) ;
#1647 = CARTESIAN_POINT ( 'NONE',  ( 22.81249999999999645, 2.033577675846917841E-16, -1.499999999999999778 ) ) ;
#1648 = CARTESIAN_POINT ( 'NONE',  ( 21.54166666666666075, 1.499999999999999778, 0.8660254037844394848 ) ) ;
#1649 = AXIS2_PLACEMENT_3D ( 'NONE', #3015, #581, #555 ) ;
#1650 = CARTESIAN_POINT ( 'NONE',  ( -20.06249999999998579, 6.333141904780402276E-15, -1.500000000000001554 ) ) ;
#1651 = ORIENTED_EDGE ( 'NONE', *, *, #3935, .F. ) ;
#1652 = CARTESIAN_POINT ( 'NONE',  ( -21.72916666666666075, 1.175240473580833500, -0.6785254037844382635 ) ) ;
#1653 = AXIS2_PLACEMENT_3D ( 'NONE', #457, #3325, #2507 ) ;
#1654 = CARTESIAN_POINT ( 'NONE',  ( -24.94868704540862581, 1.199910934853091193, 0.8993834522662454978 ) ) ;
#1655 = CARTESIAN_POINT ( 'NONE',  ( -20.52083333333332504, -0.5876202367904166390, 1.017788105676656674 ) ) ;
#1656 = EDGE_CURVE ( 'NONE', #503, #5260, #3568, .T. ) ;
#1657 = ORIENTED_EDGE ( 'NONE', *, *, #2032, .T. ) ;
#1658 = CARTESIAN_POINT ( 'NONE',  ( -20.58482909936924798, -0.4019237886466848764, -1.500000000000001110 ) ) ;
#1659 = CARTESIAN_POINT ( 'NONE',  ( -20.91666666666667496, 0.7500000000000008882, 1.299038105676659116 ) ) ;
#1660 = DIRECTION ( 'NONE',  ( 0.000000000000000000, 0.000000000000000000, 1.000000000000000000 ) ) ;
#1661 = CARTESIAN_POINT ( 'NONE',  ( -21.29166666666666075, 1.175240473580833056, -0.6785254037844382635 ) ) ;
#1662 = CARTESIAN_POINT ( 'NONE',  ( 20.54166666666666785, -1.175240473580827505, -0.6785254037844345998 ) ) ;
#1663 = CARTESIAN_POINT ( 'NONE',  ( 22.31250000000000000, 1.060575238724906915E-16, -1.732050807568877193 ) ) ;
#1664 = CARTESIAN_POINT ( 'NONE',  ( 22.79166666666666785, -1.499999999999999778, -0.8660254037844391517 ) ) ;
#1665 = DIRECTION ( 'NONE',  ( 0.000000000000000000, 0.4999999999999995559, 0.8660254037844388186 ) ) ;
#1666 = CARTESIAN_POINT ( 'NONE',  ( -25.00000000000000000, 0.000000000000000000, 0.000000000000000000 ) ) ;
#1667 = CARTESIAN_POINT ( 'NONE',  ( -23.95833333333332504, -1.175240473580834166, -0.6785254037844371533 ) ) ;
#1668 = CARTESIAN_POINT ( 'NONE',  ( -23.20833333333332149, 1.175240473580833944, 0.6785254037844374864 ) ) ;
#1669 = CARTESIAN_POINT ( 'NONE',  ( -23.87500000000000711, 1.060575238724907778E-16, 1.732050807568878747 ) ) ;
#1670 = CARTESIAN_POINT ( 'NONE',  ( 19.66666666666666430, -0.7500000000000006661, 1.299038105676657562 ) ) ;
#1671 = EDGE_CURVE ( 'NONE', #3231, #1594, #356, .T. ) ;
#1672 = CARTESIAN_POINT ( 'NONE',  ( 20.00000000000000000, -0.2199850240811468682, 2.250000000000000000 ) ) ;
#1673 = CARTESIAN_POINT ( 'NONE',  ( 24.77805809603276899, 0.8564289529698188019, -1.043083320914467649 ) ) ;
#1674 = CARTESIAN_POINT ( 'NONE',  ( 24.45833333333333215, 1.500000000000000000, -0.8660254037844384856 ) ) ;
#1675 = CARTESIAN_POINT ( 'NONE',  ( -24.98104968047579177, -0.4382434369634359284, -2.249999999999999556 ) ) ;
#1676 = DIRECTION ( 'NONE',  ( -1.000000000000000000, -0.000000000000000000, -0.000000000000000000 ) ) ;
#1677 = VERTEX_POINT ( 'NONE', #1915 ) ;
#1678 = CARTESIAN_POINT ( 'NONE',  ( -20.81249999999998934, -2.492861891654330359E-16, -1.357050807568875195 ) ) ;
#1679 = CARTESIAN_POINT ( 'NONE',  ( 24.60416666666666430, 0.5876202367904140855, -1.017788105676651345 ) ) ;
#1680 = CARTESIAN_POINT ( 'NONE',  ( -19.68749999999998934, 1.175240473580833722, 0.000000000000000000 ) ) ;
#1681 = ORIENTED_EDGE ( 'NONE', *, *, #1637, .F. ) ;
#1682 = CARTESIAN_POINT ( 'NONE',  ( 23.20833333333333215, 1.175240473580827727, -0.6785254037844341557 ) ) ;
#1683 = CARTESIAN_POINT ( 'NONE',  ( 24.58482909936926220, -0.4019237886466845988, 1.499999999999999778 ) ) ;
#1684 = CARTESIAN_POINT ( 'NONE',  ( -22.99999999999999289, -1.175240473580833722, 1.439254484199187407E-16 ) ) ;
#1685 = CARTESIAN_POINT ( 'NONE',  ( 20.41666666666666785, -0.5876202367904145296, 1.017788105676650900 ) ) ;
#1686 = CARTESIAN_POINT ( 'NONE',  ( 21.68750000000000000, -1.500000000000000000, -1.836970198721029934E-16 ) ) ;
#1687 = FACE_OUTER_BOUND ( 'NONE', #1356, .T. ) ;
#1688 = CARTESIAN_POINT ( 'NONE',  ( 22.87499999999999645, 2.033577675846917841E-16, -1.499999999999999778 ) ) ;
#1689 = CARTESIAN_POINT ( 'NONE',  ( 23.95833333333333570, -1.175240473580828393, 0.6785254037844338226 ) ) ;
#1690 = CARTESIAN_POINT ( 'NONE',  ( -24.41666666666666075, -0.5876202367904174162, -1.017788105676656230 ) ) ;
#1691 = COORDINATED_UNIVERSAL_TIME_OFFSET ( 6, 0, .BEHIND. ) ;
#1692 = CARTESIAN_POINT ( 'NONE',  ( -21.04166666666666075, -1.175240473580833722, 0.6785254037844379305 ) ) ;
#1693 = CARTESIAN_POINT ( 'NONE',  ( -20.29166666666667140, -1.500000000000000888, 0.8660254037844398178 ) ) ;
#1694 = CARTESIAN_POINT ( 'NONE',  ( 24.60416666666666430, 0.5876202367904140855, -1.017788105676651345 ) ) ;
#1695 = CARTESIAN_POINT ( 'NONE',  ( -21.85416666666665719, 0.7500000000000008882, 1.299038105676659116 ) ) ;
#1696 = CARTESIAN_POINT ( 'NONE',  ( -25.18749999999999289, -1.500000000000001332, 1.836970198721031413E-16 ) ) ;
#1697 = CARTESIAN_POINT ( 'NONE',  ( 24.65062008623323209, -0.1949098058967282110, 1.474379913766759476 ) ) ;
#1698 = CARTESIAN_POINT ( 'NONE',  ( 24.79166666666666430, 1.175240473580827505, 0.6785254037844348218 ) ) ;
#1699 = CARTESIAN_POINT ( 'NONE',  ( -18.60000000222085959, 0.4500393610791968979, -1.430896422446417793 ) ) ;
#1700 = CARTESIAN_POINT ( 'NONE',  ( -23.85266995570485093, -0.4019407973128004685, 1.499990180042040544 ) ) ;
#1701 = CARTESIAN_POINT ( 'NONE',  ( -24.10416666666666075, -0.7500000000000013323, -1.299038105676658894 ) ) ;
#1702 = EDGE_CURVE ( 'NONE', #2083, #978, #5013, .T. ) ;
#1703 = VERTEX_POINT ( 'NONE', #1860 ) ;
#1704 = CARTESIAN_POINT ( 'NONE',  ( -20.52083333333332504, -0.5876202367904166390, 1.017788105676656674 ) ) ;
#1705 = CARTESIAN_POINT ( 'NONE',  ( 24.04017090063073780, 0.4019237886466832665, 1.500000000000000222 ) ) ;
#1706 = CARTESIAN_POINT ( 'NONE',  ( -20.31249999999999289, -2.492861891654330359E-16, -1.357050807568875195 ) ) ;
#1707 = ORIENTED_EDGE ( 'NONE', *, *, #4068, .F. ) ;
#1708 = CARTESIAN_POINT ( 'NONE',  ( 23.49999999999999645, -1.175240473580827949, -1.439254484199180504E-16 ) ) ;
#1709 = CARTESIAN_POINT ( 'NONE',  ( 20.00000000000000000, -1.727238319854172754, -1.508335473232666590 ) ) ;
#1710 = CARTESIAN_POINT ( 'NONE',  ( 19.99999999999999645, 0.000000000000000000, 0.000000000000000000 ) ) ;
#1711 = CARTESIAN_POINT ( 'NONE',  ( -21.87499999999999289, -2.492861891654330359E-16, -1.357050807568875195 ) ) ;
#1712 = CIRCLE ( 'NONE', #1280, 2.249999999999999556 ) ;
#1713 = CARTESIAN_POINT ( 'NONE',  ( 22.29166666666666430, 1.175240473580827505, 0.6785254037844348218 ) ) ;
#1714 = CARTESIAN_POINT ( 'NONE',  ( 22.12500000000000000, -6.391244124090313355E-16, 1.499999999999999778 ) ) ;
#1715 = CARTESIAN_POINT ( 'NONE',  ( 22.64732909936925864, -0.4019237886466845988, 1.499999999999999778 ) ) ;
#1716 = CARTESIAN_POINT ( 'NONE',  ( -21.06249999999999289, 6.333141904780402276E-15, -1.500000000000001554 ) ) ;
#1717 = CARTESIAN_POINT ( 'NONE',  ( -22.33333333333332149, 0.5876202367904159729, -1.017788105676656896 ) ) ;
#1718 = CARTESIAN_POINT ( 'NONE',  ( -18.91666666666665719, -0.5876202367904174162, -1.017788105676656230 ) ) ;
#1719 = CARTESIAN_POINT ( 'NONE',  ( -21.16666666666667140, -0.7500000000000013323, -1.299038105676658894 ) ) ;
#1720 = CARTESIAN_POINT ( 'NONE',  ( 24.18749999999999645, 1.175240473580827949, 0.000000000000000000 ) ) ;
#1721 = EDGE_CURVE ( 'NONE', #1350, #3531, #5225, .T. ) ;
#1722 = CARTESIAN_POINT ( 'NONE',  ( -19.70833333333333925, -1.500000000000002220, -0.8660254037844388186 ) ) ;
#1723 = CARTESIAN_POINT ( 'NONE',  ( -24.56249999999998934, -3.181725716174723456E-16, -1.732050807568878747 ) ) ;
#1724 = CARTESIAN_POINT ( 'NONE',  ( 23.87499999999999645, 1.060575238724906915E-16, -1.732050807568877193 ) ) ;
#1725 = CARTESIAN_POINT ( 'NONE',  ( 21.06249999999999645, 8.309539638847728421E-17, -1.357050807568868533 ) ) ;
#1726 = CARTESIAN_POINT ( 'NONE',  ( -24.54017090063073070, 0.4019237886466836551, -1.500000000000001776 ) ) ;
#1727 = CARTESIAN_POINT ( 'NONE',  ( -24.14583333333332504, -1.500000000000002220, -0.8660254037844388186 ) ) ;
#1728 = ORIENTED_EDGE ( 'NONE', *, *, #4444, .T. ) ;
#1729 = CARTESIAN_POINT ( 'NONE',  ( -19.08482909936925154, -0.4019237886466817122, -1.500000000000003109 ) ) ;
#1730 = CARTESIAN_POINT ( 'NONE',  ( 21.85416666666666430, -0.5876202367904145296, 1.017788105676650900 ) ) ;
#1731 = CARTESIAN_POINT ( 'NONE',  ( -21.56249999999998934, 8.309539638847769097E-17, 1.357050807568875195 ) ) ;
#1732 = ORIENTED_EDGE ( 'NONE', *, *, #2065, .T. ) ;
#1733 = ADVANCED_FACE ( 'NONE', ( #657 ), #2291, .T. ) ;
#1734 = ORIENTED_EDGE ( 'NONE', *, *, #2969, .F. ) ;
#1735 = CARTESIAN_POINT ( 'NONE',  ( 22.75000000000000000, 1.175240473580827949, 0.000000000000000000 ) ) ;
#1736 = CARTESIAN_POINT ( 'NONE',  ( -18.81948126917875896, 0.7632876168182477494, -0.8936342566542592181 ) ) ;
#1737 =( BOUNDED_CURVE ( )  B_SPLINE_CURVE ( 2, ( #4626, #2924, #1213, #3309, #4514, #3281, #3335, #2135, #2516 ),
 .UNSPECIFIED., .F., .F. ) 
 B_SPLINE_CURVE_WITH_KNOTS ( ( 3, 2, 2, 2, 3 ),
 ( 0.9134559890550735251, 0.9199346164941907267, 0.9328914420786159623, 0.9458482676630410868, 0.9523266804552538156 ),
 .UNSPECIFIED. ) 
 CURVE ( )  GEOMETRIC_REPRESENTATION_ITEM ( )  RATIONAL_B_SPLINE_CURVE ( ( 0.9330127019657560306, 0.9330104824263338870, 1.000000000000000000, 0.8660254037844387076, 1.000000000000000000, 0.8660254037844387076, 1.000000000000000000, 0.9330127018922181881, 0.9330127018922194093 ) ) 
 REPRESENTATION_ITEM ( '' )  );
#1738 = CARTESIAN_POINT ( 'NONE',  ( -22.08333333333332149, -0.5876202367904166390, 1.017788105676656674 ) ) ;
#1739 = CARTESIAN_POINT ( 'NONE',  ( 22.58333333333332860, -0.5876202367904137525, -1.017788105676651345 ) ) ;
#1740 = CARTESIAN_POINT ( 'NONE',  ( -23.77083333333332504, -0.7500000000000003331, 1.299038105676659338 ) ) ;
#1741 = CARTESIAN_POINT ( 'NONE',  ( 24.35416666666666785, -0.5876202367904145296, 1.017788105676650900 ) ) ;
#1742 = CARTESIAN_POINT ( 'NONE',  ( -21.29017090063073425, -0.4019237886466873744, 1.499999999999999556 ) ) ;
#1743 = CARTESIAN_POINT ( 'NONE',  ( -21.29166666666666075, 1.175240473580833500, -0.6785254037844382635 ) ) ;
#1744 = DATE_AND_TIME ( #4171, #905 ) ;
#1745 = CARTESIAN_POINT ( 'NONE',  ( -19.54166666666666075, -1.175240473580833722, 0.6785254037844379305 ) ) ;
#1746 = CARTESIAN_POINT ( 'NONE',  ( -19.04166666666667140, 1.500000000000000888, -0.8660254037844402619 ) ) ;
#1747 = CARTESIAN_POINT ( 'NONE',  ( 24.85416666666666430, -0.5876202367904145296, 1.017788105676650900 ) ) ;
#1748 = CARTESIAN_POINT ( 'NONE',  ( -23.12556462521595790, -3.191347614756257162E-05, -1.499999999351781410 ) ) ;
#1749 = CARTESIAN_POINT ( 'NONE',  ( -23.85416666666665719, 0.7500000000000008882, 1.299038105676659116 ) ) ;
#1750 = CARTESIAN_POINT ( 'NONE',  ( 24.74957368800102486, -0.8700882716208500067, 1.082660066466895055 ) ) ;
#1751 = CARTESIAN_POINT ( 'NONE',  ( 24.95833333333333215, -1.175240473580827949, 0.6785254037844338226 ) ) ;
#1752 = CARTESIAN_POINT ( 'NONE',  ( -24.62519676005784675, -1.147966549956264657E-05, -1.499999999921087568 ) ) ;
#1753 = ORIENTED_EDGE ( 'NONE', *, *, #5264, .F. ) ;
#1754 = ORIENTED_EDGE ( 'NONE', *, *, #3434, .F. ) ;
#1755 = CARTESIAN_POINT ( 'NONE',  ( -20.47916666666666075, 1.500000000000000888, -0.8660254037844402619 ) ) ;
#1756 = CARTESIAN_POINT ( 'NONE',  ( 24.22916666666666785, 1.175240473580827505, 0.6785254037844348218 ) ) ;
#1757 = CARTESIAN_POINT ( 'NONE',  ( 19.99999999999999645, 0.000000000000000000, 0.000000000000000000 ) ) ;
#1758 = EDGE_LOOP ( 'NONE', ( #1114, #552, #1809 ) ) ;
#1759 = ORIENTED_EDGE ( 'NONE', *, *, #1762, .T. ) ;
#1760 = CARTESIAN_POINT ( 'NONE',  ( 24.24999999999999645, 1.175240473580827949, 0.000000000000000000 ) ) ;
#1761 = CYLINDRICAL_SURFACE ( 'NONE', #2517, 1.500000000000000222 ) ;
#1762 = EDGE_CURVE ( 'NONE', #1243, #4267, #3308, .T. ) ;
#1763 = CARTESIAN_POINT ( 'NONE',  ( -21.12499999999998934, 8.309539638847769097E-17, 1.357050807568875195 ) ) ;
#1764 = CARTESIAN_POINT ( 'NONE',  ( 20.91666666666666785, -0.5876202367904145296, 1.017788105676650900 ) ) ;
#1765 = CARTESIAN_POINT ( 'NONE',  ( -21.52083333333332504, 0.7499999999999995559, -1.299038105676659560 ) ) ;
#1766 = CARTESIAN_POINT ( 'NONE',  ( 24.77083333333333215, 0.5876202367904130863, 1.017788105676651789 ) ) ;
#1767 = CARTESIAN_POINT ( 'NONE',  ( -18.60000000000000142, 0.9398829573712774721, -1.100377697528502896 ) ) ;
#1768 = CARTESIAN_POINT ( 'NONE',  ( -20.54166666666666075, -1.175240473580833722, 0.6785254037844379305 ) ) ;
#1769 =( BOUNDED_CURVE ( )  B_SPLINE_CURVE ( 2, ( #812, #5359, #2897, #3331, #1615, #5007, #1264, #3277, #4539 ),
 .UNSPECIFIED., .F., .F. ) 
 B_SPLINE_CURVE_WITH_KNOTS ( ( 3, 2, 2, 2, 3 ),
 ( 0.2954545454545454697, 0.3030303030303030387, 0.3181818181818181768, 0.3333333333333333148, 0.3409090909090909394 ),
 .UNSPECIFIED. ) 
 CURVE ( )  GEOMETRIC_REPRESENTATION_ITEM ( )  RATIONAL_B_SPLINE_CURVE ( ( 0.9330127018922194093, 0.9330127018922194093, 1.000000000000000000, 0.8660254037844387076, 1.000000000000000000, 0.8660254037844387076, 1.000000000000000000, 0.9330127018922191873, 0.9330127018922194093 ) ) 
 REPRESENTATION_ITEM ( '' )  );
#1770 = PERSON_AND_ORGANIZATION_ROLE ( 'design_supplier' ) ;
#1771 = CARTESIAN_POINT ( 'NONE',  ( -20.45833333333332504, -1.175240473580834166, -0.6785254037844371533 ) ) ;
#1772 = CARTESIAN_POINT ( 'NONE',  ( -20.75000000000000355, -1.500000000000001332, 1.836970198721031413E-16 ) ) ;
#1773 = CARTESIAN_POINT ( 'NONE',  ( 23.97916666666666430, -1.175240473580827505, -0.6785254037844345998 ) ) ;
#1774 = CARTESIAN_POINT ( 'NONE',  ( -23.25000000000000355, -1.500000000000001332, 1.836970198721031413E-16 ) ) ;
#1775 = CARTESIAN_POINT ( 'NONE',  ( -23.02083333333332504, 0.7499999999999995559, -1.299038105676659560 ) ) ;
#1776 = CARTESIAN_POINT ( 'NONE',  ( 23.79166666666666430, -1.499999999999999778, -0.8660254037844391517 ) ) ;
#1777 = CARTESIAN_POINT ( 'NONE',  ( 21.39583333333333215, -1.175240473580827949, 0.6785254037844338226 ) ) ;
#1778 = DIRECTION ( 'NONE',  ( 0.000000000000000000, 0.6494796464049805707, -0.7603789771591935587 ) ) ;
#1779 = ORIENTED_EDGE ( 'NONE', *, *, #2132, .T. ) ;
#1780 = VERTEX_POINT ( 'NONE', #3297 ) ;
#1781 = DIRECTION ( 'NONE',  ( -1.000000000000000000, -0.000000000000000000, -0.000000000000000000 ) ) ;
#1782 = CARTESIAN_POINT ( 'NONE',  ( 23.27083333333333215, 0.5876202367904130863, 1.017788105676651789 ) ) ;
#1783 = PERSON ( 'UNSPECIFIED', 'UNSPECIFIED', 'UNSPECIFIED', ('UNSPECIFIED'), ('UNSPECIFIED'), ('UNSPECIFIED') ) ;
#1784 = CYLINDRICAL_SURFACE ( 'NONE', #3825, 1.500000000000000222 ) ;
#1785 = ORIENTED_EDGE ( 'NONE', *, *, #4739, .T. ) ;
#1786 = EDGE_CURVE ( 'NONE', #1163, #1899, #3120, .T. ) ;
#1787 = ORIENTED_EDGE ( 'NONE', *, *, #5374, .T. ) ;
#1788 = CARTESIAN_POINT ( 'NONE',  ( 22.62500000000000000, 8.309539638847728421E-17, -1.357050807568868533 ) ) ;
#1789 = CARTESIAN_POINT ( 'NONE',  ( -24.27083333333332504, 0.5876202367904159729, -1.017788105676656896 ) ) ;
#1790 = CARTESIAN_POINT ( 'NONE',  ( -19.62499999999998934, 8.309539638847769097E-17, 1.357050807568875195 ) ) ;
#1791 = CARTESIAN_POINT ( 'NONE',  ( 19.83333333333333215, 0.5876202367904130863, 1.017788105676651789 ) ) ;
#1792 = CYLINDRICAL_SURFACE ( 'NONE', #3652, 1.500000000000000222 ) ;
#1793 = CARTESIAN_POINT ( 'NONE',  ( 24.68749999999999645, 1.175240473580827949, 0.000000000000000000 ) ) ;
#1794 = CARTESIAN_POINT ( 'NONE',  ( 23.49999999999999645, -1.175240473580827949, -1.439254484199180504E-16 ) ) ;
#1795 = CARTESIAN_POINT ( 'NONE',  ( -20.95833333333332504, -1.175240473580834166, -0.6785254037844371533 ) ) ;
#1796 = CIRCLE ( 'NONE', #5210, 1.500000000000000666 ) ;
#1797 = CARTESIAN_POINT ( 'NONE',  ( -25.18749999999999289, 1.175240473580833722, 0.000000000000000000 ) ) ;
#1798 = CARTESIAN_POINT ( 'NONE',  ( 21.68750000000000000, 1.175240473580827949, 0.000000000000000000 ) ) ;
#1799 = CARTESIAN_POINT ( 'NONE',  ( -23.35416666666665719, 0.7500000000000008882, 1.299038105676659116 ) ) ;
#1800 = ADVANCED_FACE ( 'NONE', ( #1583 ), #1204, .T. ) ;
#1801 = LINE ( 'NONE', #5195, #1541 ) ;
#1802 = AXIS2_PLACEMENT_3D ( 'NONE', #4069, #3226, #1108 ) ;
#1803 =( BOUNDED_CURVE ( )  B_SPLINE_CURVE ( 2, ( #1600, #3314, #392, #4602, #1273, #2930, #4186, #3775, #5368 ),
 .UNSPECIFIED., .F., .F. ) 
 B_SPLINE_CURVE_WITH_KNOTS ( ( 3, 2, 2, 2, 3 ),
 ( 0.1136363636363636465, 0.1212121212121212155, 0.1363636363636363535, 0.1515151515151515194, 0.1590909090909090884 ),
 .UNSPECIFIED. ) 
 CURVE ( )  GEOMETRIC_REPRESENTATION_ITEM ( )  RATIONAL_B_SPLINE_CURVE ( ( 0.9330127018922194093, 0.9330127018922194093, 1.000000000000000000, 0.8660254037844387076, 1.000000000000000000, 0.8660254037844387076, 1.000000000000000000, 0.9330127018922194093, 0.9330127018922194093 ) ) 
 REPRESENTATION_ITEM ( '' )  );
#1804 = CARTESIAN_POINT ( 'NONE',  ( -22.64583333333332149, 1.175240473580833944, 0.6785254037844374864 ) ) ;
#1805 = CARTESIAN_POINT ( 'NONE',  ( -23.52083333333332504, 0.7499999999999995559, -1.299038105676659560 ) ) ;
#1806 = CARTESIAN_POINT ( 'NONE',  ( 23.66666666666666430, -0.7500000000000006661, 1.299038105676657562 ) ) ;
#1807 = CARTESIAN_POINT ( 'NONE',  ( 20.06249999999999645, 8.309539638847728421E-17, -1.357050807568868533 ) ) ;
#1808 = CARTESIAN_POINT ( 'NONE',  ( -25.00000000000000000, 1.299038105676658006, 2.250000000000000000 ) ) ;
#1809 = ORIENTED_EDGE ( 'NONE', *, *, #3876, .F. ) ;
#1810 = EDGE_LOOP ( 'NONE', ( #4741, #4660, #871, #3634 ) ) ;
#1811 = CARTESIAN_POINT ( 'NONE',  ( -18.93749999999999289, -1.175240473580833722, 1.439254484199187407E-16 ) ) ;
#1812 = CARTESIAN_POINT ( 'NONE',  ( 24.10416666666666785, 0.5876202367904140855, -1.017788105676651345 ) ) ;
#1813 = LINE ( 'NONE', #5180, #967 ) ;
#1814 = ORIENTED_EDGE ( 'NONE', *, *, #1903, .F. ) ;
#1815 = ORIENTED_EDGE ( 'NONE', *, *, #5375, .T. ) ;
#1816 = CARTESIAN_POINT ( 'NONE',  ( 20.54166666666666785, -1.175240473580827505, -0.6785254037844345998 ) ) ;
#1817 = CARTESIAN_POINT ( 'NONE',  ( -24.10416666666666075, 0.5876202367904169721, 1.017788105676656452 ) ) ;
#1818 = EDGE_LOOP ( 'NONE', ( #3399, #1841, #2691, #2411, #2662, #140 ) ) ;
#1819 = ADVANCED_FACE ( 'NONE', ( #1177 ), #4532, .F. ) ;
#1820 = CARTESIAN_POINT ( 'NONE',  ( -20.49999999999998934, -1.175240473580833722, 1.439254484199187407E-16 ) ) ;
#1821 = AXIS2_PLACEMENT_3D ( 'NONE', #2409, #5315, #1573 ) ;
#1822 = CARTESIAN_POINT ( 'NONE',  ( -21.31249999999999289, -6.768908549604741285E-15, 1.500000000000001332 ) ) ;
#1823 = CARTESIAN_POINT ( 'NONE',  ( 23.18750000000000000, 1.175240473580827949, 0.000000000000000000 ) ) ;
#1824 = AXIS2_PLACEMENT_3D ( 'NONE', #68, #4611, #4306 ) ;
#1825 = CARTESIAN_POINT ( 'NONE',  ( 23.45833333333333215, -1.175240473580828393, 0.6785254037844338226 ) ) ;
#1826 = CARTESIAN_POINT ( 'NONE',  ( -22.70833333333332504, 1.175240473580833944, 0.6785254037844374864 ) ) ;
#1827 = CARTESIAN_POINT ( 'NONE',  ( -22.60416666666665719, 0.5876202367904169721, 1.017788105676656452 ) ) ;
#1828 = CARTESIAN_POINT ( 'NONE',  ( 23.64583333333333215, 1.175240473580827727, -0.6785254037844341557 ) ) ;
#1829 = VECTOR ( 'NONE', #1026, 1000.000000000000000 ) ;
#1830 = CARTESIAN_POINT ( 'NONE',  ( -24.06249999999998934, -6.391244124090313355E-16, -1.500000000000001332 ) ) ;
#1831 = CARTESIAN_POINT ( 'NONE',  ( -19.62612518940448680, -6.371588142641146856E-05, -1.499999997425524478 ) ) ;
#1832 = DIRECTION ( 'NONE',  ( -1.000000000000000000, -0.000000000000000000, -0.000000000000000000 ) ) ;
#1833 = CARTESIAN_POINT ( 'NONE',  ( -20.52083333333332504, -0.5876202367904166390, 1.017788105676656674 ) ) ;
#1834 = CARTESIAN_POINT ( 'NONE',  ( -24.10416666666666075, -0.7500000000000013323, -1.299038105676658894 ) ) ;
#1835 = ADVANCED_FACE ( 'NONE', ( #2940 ), #2613, .T. ) ;
#1836 = DIRECTION ( 'NONE',  ( -1.000000000000000000, -0.000000000000000000, -0.000000000000000000 ) ) ;
#1837 = EDGE_CURVE ( 'NONE', #1703, #2695, #5145, .T. ) ;
#1838 = CARTESIAN_POINT ( 'NONE',  ( -22.58482909936925154, -0.4019237886466833221, -1.500000000000001998 ) ) ;
#1839 = CARTESIAN_POINT ( 'NONE',  ( -18.81249999999999289, -2.492861891654330359E-16, -1.357050807568875195 ) ) ;
#1840 = DIRECTION ( 'NONE',  ( -1.000000000000000000, -0.000000000000000000, -0.000000000000000000 ) ) ;
#1841 = ORIENTED_EDGE ( 'NONE', *, *, #2948, .T. ) ;
#1842 = ORIENTED_EDGE ( 'NONE', *, *, #250, .F. ) ;
#1843 = CARTESIAN_POINT ( 'NONE',  ( -18.75698064069052506, 0.7632947664964472301, -0.8936281498372999899 ) ) ;
#1844 = CARTESIAN_POINT ( 'NONE',  ( 22.14583333333332860, 1.175240473580827727, -0.6785254037844341557 ) ) ;
#1845 = FACE_OUTER_BOUND ( 'NONE', #4022, .T. ) ;
#1846 = VERTEX_POINT ( 'NONE', #856 ) ;
#1847 = ORIENTED_EDGE ( 'NONE', *, *, #932, .T. ) ;
#1848 = DIRECTION ( 'NONE',  ( 0.000000000000000000, 0.000000000000000000, 1.000000000000000000 ) ) ;
#1849 = CARTESIAN_POINT ( 'NONE',  ( -24.89583333333332504, -1.175240473580834166, -0.6785254037844371533 ) ) ;
#1850 = ORIENTED_EDGE ( 'NONE', *, *, #3135, .F. ) ;
#1851 = CARTESIAN_POINT ( 'NONE',  ( -20.33333333333332504, 0.5876202367904159729, -1.017788105676656896 ) ) ;
#1852 = CARTESIAN_POINT ( 'NONE',  ( 23.56250000000000000, 2.265986553086566003E-15, 1.499999999999999778 ) ) ;
#1853 = CARTESIAN_POINT ( 'NONE',  ( 21.43750000000000000, -1.175240473580827949, -1.439254484199180504E-16 ) ) ;
#1854 = CARTESIAN_POINT ( 'NONE',  ( 21.58333333333333215, -0.5876202367904137525, -1.017788105676651345 ) ) ;
#1855 = CARTESIAN_POINT ( 'NONE',  ( -19.91666666666665719, -0.5876202367904174162, -1.017788105676656230 ) ) ;
#1856 = CARTESIAN_POINT ( 'NONE',  ( 23.47916666666666785, -1.175240473580827505, -0.6785254037844345998 ) ) ;
#1857 = LINE ( 'NONE', #1911, #13 ) ;
#1858 = CARTESIAN_POINT ( 'NONE',  ( 23.06250000000000355, -3.181725716174720005E-16, 1.732050807568877193 ) ) ;
#1859 = CARTESIAN_POINT ( 'NONE',  ( 19.79903810567665801, -2.598076211353315124, -8.713175564001150755E-17 ) ) ;
#1860 = CARTESIAN_POINT ( 'NONE',  ( 24.94975952641918227, -0.9519291851246267644, 0.6892176704426931089 ) ) ;
#1861 = CARTESIAN_POINT ( 'NONE',  ( -21.60416666666665719, 0.5876202367904169721, 1.017788105676656452 ) ) ;
#1862 = CARTESIAN_POINT ( 'NONE',  ( -21.85416666666665719, 0.7500000000000008882, 1.299038105676659116 ) ) ;
#1863 = CARTESIAN_POINT ( 'NONE',  ( -24.62576432730605092, 2.031654492387762153E-11, 1.176564327306059754 ) ) ;
#1864 = CARTESIAN_POINT ( 'NONE',  ( -24.37499999999998934, -2.492861891654330359E-16, -1.357050807568875195 ) ) ;
#1865 = CARTESIAN_POINT ( 'NONE',  ( -19.64583333333332504, 1.175240473580833944, 0.6785254037844374864 ) ) ;
#1866 = CARTESIAN_POINT ( 'NONE',  ( -18.60000000000000142, 0.000000000000000000, 0.000000000000000000 ) ) ;
#1867 = ORIENTED_EDGE ( 'NONE', *, *, #250, .T. ) ;
#1868 = AXIS2_PLACEMENT_3D ( 'NONE', #5325, #1584, #3244 ) ;
#1869 = CARTESIAN_POINT ( 'NONE',  ( 24.92113833339819351, -1.207716523222434057, -0.001652584836969235582 ) ) ;
#1870 = CARTESIAN_POINT ( 'NONE',  ( 21.68750000000000000, 1.175240473580827949, 0.000000000000000000 ) ) ;
#1871 = CARTESIAN_POINT ( 'NONE',  ( -19.56249999999998934, -6.391244124090313355E-16, -1.500000000000001332 ) ) ;
#1872 = VERTEX_POINT ( 'NONE', #2833 ) ;
#1873 = ORIENTED_EDGE ( 'NONE', *, *, #660, .T. ) ;
#1874 = ADVANCED_FACE ( 'NONE', ( #3243 ), #4139, .T. ) ;
#1875 = CARTESIAN_POINT ( 'NONE',  ( 21.41666666666666430, -0.5876202367904145296, 1.017788105676650900 ) ) ;
#1876 = VERTEX_POINT ( 'NONE', #3733 ) ;
#1877 = CARTESIAN_POINT ( 'NONE',  ( -19.08333333333333925, 0.7499999999999995559, -1.299038105676659560 ) ) ;
#1878 = CARTESIAN_POINT ( 'NONE',  ( -19.29166666666665719, 1.175240473580833056, -0.6785254037844382635 ) ) ;
#1879 = CARTESIAN_POINT ( 'NONE',  ( -24.62444047358084021, -2.097490117087819850E-14, 1.175240473580833278 ) ) ;
#1880 = CARTESIAN_POINT ( 'NONE',  ( 21.64583333333333215, 1.175240473580827949, -0.6785254037844341557 ) ) ;
#1881 = CARTESIAN_POINT ( 'NONE',  ( 21.33333333333333215, 0.5876202367904130863, 1.017788105676651789 ) ) ;
#1882 = CARTESIAN_POINT ( 'NONE',  ( 22.39583333333333215, -1.175240473580827949, 0.6785254037844338226 ) ) ;
#1883 = CARTESIAN_POINT ( 'NONE',  ( -18.60000000000000142, 0.000000000000000000, 0.000000000000000000 ) ) ;
#1884 = CARTESIAN_POINT ( 'NONE',  ( 24.31250000000000000, 1.060575238724906915E-16, -1.732050807568877193 ) ) ;
#1885 = CARTESIAN_POINT ( 'NONE',  ( 22.06250000000000000, -6.391244124090313355E-16, 1.499999999999999778 ) ) ;
#1886 = CARTESIAN_POINT ( 'NONE',  ( -24.68745014228830925, 0.3862543263131196780, 1.180361225954244642 ) ) ;
#1887 = CARTESIAN_POINT ( 'NONE',  ( -22.43749999999999289, -1.175240473580833722, 1.439254484199187407E-16 ) ) ;
#1888 = AXIS2_PLACEMENT_3D ( 'NONE', #1197, #2883, #3318 ) ;
#1889 = CARTESIAN_POINT ( 'NONE',  ( -21.47916666666666075, 1.500000000000000888, -0.8660254037844402619 ) ) ;
#1890 = DIRECTION ( 'NONE',  ( -1.000000000000000000, -0.000000000000000000, -0.000000000000000000 ) ) ;
#1891 = CARTESIAN_POINT ( 'NONE',  ( -24.33333333333332504, 0.5876202367904159729, -1.017788105676656896 ) ) ;
#1892 = CARTESIAN_POINT ( 'NONE',  ( -24.95833333333333570, 1.500000000000001554, 0.8660254037844392627 ) ) ;
#1893 = ADVANCED_FACE ( 'NONE', ( #3704 ), #5381, .T. ) ;
#1894 = EDGE_CURVE ( 'NONE', #139, #4745, #716, .T. ) ;
#1895 = CIRCLE ( 'NONE', #1802, 2.249999999999999556 ) ;
#1896 = CARTESIAN_POINT ( 'NONE',  ( 23.27083333333333215, -0.7499999999999996669, -1.299038105676658228 ) ) ;
#1897 = ORIENTED_EDGE ( 'NONE', *, *, #3158, .T. ) ;
#1898 = DIRECTION ( 'NONE',  ( 0.000000000000000000, 0.000000000000000000, 1.000000000000000000 ) ) ;
#1899 = VERTEX_POINT ( 'NONE', #5000 ) ;
#1900 = VERTEX_POINT ( 'NONE', #781 ) ;
#1901 = CARTESIAN_POINT ( 'NONE',  ( 20.04166666666666430, -1.175240473580827505, -0.6785254037844345998 ) ) ;
#1902 = ORIENTED_EDGE ( 'NONE', *, *, #3334, .F. ) ;
#1903 = EDGE_CURVE ( 'NONE', #2248, #3131, #4804, .T. ) ;
#1904 = CARTESIAN_POINT ( 'NONE',  ( 24.91051139340803289, -0.1885521037702471148, 1.214488606595777620 ) ) ;
#1905 = CARTESIAN_POINT ( 'NONE',  ( -24.31249999999998934, -2.492861891654330359E-16, -1.357050807568875195 ) ) ;
#1906 = CARTESIAN_POINT ( 'NONE',  ( 21.62500000000000000, -6.391244124090313355E-16, 1.499999999999999778 ) ) ;
#1907 = CARTESIAN_POINT ( 'NONE',  ( 24.08482909936925864, -0.4019237886466845988, 1.499999999999999778 ) ) ;
#1908 = CARTESIAN_POINT ( 'NONE',  ( 22.91666666666666430, -0.5876202367904145296, 1.017788105676650900 ) ) ;
#1909 = CARTESIAN_POINT ( 'NONE',  ( 21.31249999999999645, -2.492861891654318526E-16, 1.357050807568868533 ) ) ;
#1910 = VECTOR ( 'NONE', #4125, 1000.000000000000000 ) ;
#1911 = CARTESIAN_POINT ( 'NONE',  ( -18.60000000000000142, 0.000000000000000000, 1.500000000000000666 ) ) ;
#1912 = CARTESIAN_POINT ( 'NONE',  ( 23.18750000000000000, -1.500000000000000000, -1.836970198721029934E-16 ) ) ;
#1913 = VECTOR ( 'NONE', #1120, 1000.000000000000000 ) ;
#1914 = CARTESIAN_POINT ( 'NONE',  ( 19.79903810567665801, 1.299038105676658228, 2.250000000000000000 ) ) ;
#1915 = CARTESIAN_POINT ( 'NONE',  ( -21.06249999999999289, 6.333141904780402276E-15, -1.500000000000001554 ) ) ;
#1916 = CARTESIAN_POINT ( 'NONE',  ( -22.52083333333332149, -0.5876202367904166390, 1.017788105676656674 ) ) ;
#1917 = CARTESIAN_POINT ( 'NONE',  ( -20.10416666666666075, -0.7500000000000013323, -1.299038105676658894 ) ) ;
#1918 = DIRECTION ( 'NONE',  ( 1.000000000000000000, 0.000000000000000000, 0.000000000000000000 ) ) ;
#1919 = AXIS2_PLACEMENT_3D ( 'NONE', #2549, #84, #3337 ) ;
#1920 = CARTESIAN_POINT ( 'NONE',  ( -24.45833333333332504, -1.175240473580834166, -0.6785254037844371533 ) ) ;
#1921 = CARTESIAN_POINT ( 'NONE',  ( -20.27083333333332504, 0.5876202367904159729, -1.017788105676656896 ) ) ;
#1922 =( BOUNDED_CURVE ( )  B_SPLINE_CURVE ( 2, ( #3470, #975, #2626, #4702, #5144, #2952, #2598, #3361, #53 ),
 .UNSPECIFIED., .F., .T. ) 
 B_SPLINE_CURVE_WITH_KNOTS ( ( 3, 2, 2, 2, 3 ),
 ( 0.3409090909090909394, 0.3484848484848485084, 0.3636363636363636465, 0.3787878787878787845, 0.3863636363636363535 ),
 .UNSPECIFIED. ) 
 CURVE ( )  GEOMETRIC_REPRESENTATION_ITEM ( )  RATIONAL_B_SPLINE_CURVE ( ( 0.9330127018922194093, 0.9330127018922196314, 1.000000000000000000, 0.8660254037844387076, 1.000000000000000000, 0.8660254037844387076, 1.000000000000000000, 0.9330127018922194093, 0.9330127018922194093 ) ) 
 REPRESENTATION_ITEM ( '' )  );
#1923 = CARTESIAN_POINT ( 'NONE',  ( -21.75000000000000711, -1.500000000000001332, 1.836970198721031413E-16 ) ) ;
#1924 = ORIENTED_EDGE ( 'NONE', *, *, #2870, .F. ) ;
#1925 = DIRECTION ( 'NONE',  ( -1.000000000000000000, -0.000000000000000000, -0.000000000000000000 ) ) ;
#1926 = ORIENTED_EDGE ( 'NONE', *, *, #3876, .T. ) ;
#1927 = ORIENTED_EDGE ( 'NONE', *, *, #1109, .F. ) ;
#1928 = CARTESIAN_POINT ( 'NONE',  ( 20.66666666666666785, 0.5876202367904140855, -1.017788105676651345 ) ) ;
#1929 = ORIENTED_EDGE ( 'NONE', *, *, #4379, .F. ) ;
#1930 = CARTESIAN_POINT ( 'NONE',  ( -24.43749999999998934, -1.175240473580833722, 1.439254484199187407E-16 ) ) ;
#1931 = CARTESIAN_POINT ( 'NONE',  ( 23.31249999999999645, 2.033577675846917841E-16, -1.499999999999999778 ) ) ;
#1932 = CARTESIAN_POINT ( 'NONE',  ( -24.39583333333332504, -1.175240473580834166, -0.6785254037844372643 ) ) ;
#1933 = FACE_OUTER_BOUND ( 'NONE', #4184, .T. ) ;
#1934 = CARTESIAN_POINT ( 'NONE',  ( 20.90930389804688261, -1.175240473580828171, 0.4591625151092759149 ) ) ;
#1935 = DIRECTION ( 'NONE',  ( -0.7071067811865463515, 0.000000000000000000, 0.7071067811865487940 ) ) ;
#1936 = CARTESIAN_POINT ( 'NONE',  ( -24.08333333333332504, -0.5876202367904166390, 1.017788105676656674 ) ) ;
#1937 = CARTESIAN_POINT ( 'NONE',  ( -20.12471870236566218, 1.572010135490160569E-05, -1.499999999839165099 ) ) ;
#1938 = CARTESIAN_POINT ( 'NONE',  ( 24.68749999999999645, -1.500000000000000000, -1.836970198721029934E-16 ) ) ;
#1939 = LOCAL_TIME ( 18, 19, 20.00000000000000000, #970 ) ;
#1940 = CARTESIAN_POINT ( 'NONE',  ( -24.79903810567666156, -2.598076211353315124, -8.830457031917651502E-17 ) ) ;
#1941 = CARTESIAN_POINT ( 'NONE',  ( -21.95833333333333570, 1.500000000000001110, 0.8660254037844392627 ) ) ;
#1942 = CARTESIAN_POINT ( 'NONE',  ( -19.16666666666665719, 0.5876202367904169721, 1.017788105676656452 ) ) ;
#1943 = CARTESIAN_POINT ( 'NONE',  ( -19.52083333333332504, 0.7499999999999995559, -1.299038105676659560 ) ) ;
#1944 = CARTESIAN_POINT ( 'NONE',  ( 21.19380755934741956, -1.098585019652574157, 1.037374517558093290 ) ) ;
#1945 = CARTESIAN_POINT ( 'NONE',  ( -22.81249999999999289, -3.224673171700113400E-15, 1.500000000000001554 ) ) ;
#1946 = CARTESIAN_POINT ( 'NONE',  ( -24.50000000000000355, 1.500000000000001332, 0.000000000000000000 ) ) ;
#1947 = CARTESIAN_POINT ( 'NONE',  ( 22.00000000000000000, 1.500000000000000000, 0.000000000000000000 ) ) ;
#1948 = CARTESIAN_POINT ( 'NONE',  ( 19.91074498996844611, -1.511897080250310887, 1.881317441191418860 ) ) ;
#1949 = VERTEX_POINT ( 'NONE', #2123 ) ;
#1950 = DIRECTION ( 'NONE',  ( 0.000000000000000000, 0.000000000000000000, 1.000000000000000000 ) ) ;
#1951 =( BOUNDED_CURVE ( )  B_SPLINE_CURVE ( 2, ( #3605, #3707, #808, #833, #1207, #4142, #4919, #3302, #3246 ),
 .UNSPECIFIED., .F., .F. ) 
 B_SPLINE_CURVE_WITH_KNOTS ( ( 3, 2, 2, 2, 3 ),
 ( 0.7191043286449310123, 0.7255822327278124151, 0.7385390583122375396, 0.7514958838966628862, 0.7579745470286664011 ),
 .UNSPECIFIED. ) 
 CURVE ( )  GEOMETRIC_REPRESENTATION_ITEM ( )  RATIONAL_B_SPLINE_CURVE ( ( 0.9330127023052617874, 0.9330179619867384755, 1.000000000000000000, 0.8660254037844387076, 1.000000000000000000, 0.8660254037844387076, 1.000000000000000000, 0.9330101133590800178, 0.9330127019922457299 ) ) 
 REPRESENTATION_ITEM ( '' )  );
#1952 = CARTESIAN_POINT ( 'NONE',  ( 21.06363538027308024, 1.332392535608728945, -0.2932979793853374151 ) ) ;
#1953 = ORIENTED_EDGE ( 'NONE', *, *, #4708, .F. ) ;
#1954 = CARTESIAN_POINT ( 'NONE',  ( -24.62532352308834049, -0.002630408852168975454, 1.176123523088384415 ) ) ;
#1955 = ORIENTED_EDGE ( 'NONE', *, *, #2787, .T. ) ;
#1956 = CARTESIAN_POINT ( 'NONE',  ( -22.52083333333332149, -0.5876202367904166390, 1.017788105676656674 ) ) ;
#1957 = DIRECTION ( 'NONE',  ( 1.000000000000000000, 0.000000000000000000, 0.000000000000000000 ) ) ;
#1958 = CARTESIAN_POINT ( 'NONE',  ( -24.56249999999998934, 8.309539638847769097E-17, 1.357050807568875195 ) ) ;
#1959 = EDGE_CURVE ( 'NONE', #1303, #58, #389, .T. ) ;
#1960 = CARTESIAN_POINT ( 'NONE',  ( -18.62541971039804878, -2.419324735962156912E-05, -1.499999999641368431 ) ) ;
#1961 = CARTESIAN_POINT ( 'NONE',  ( 22.18750000000000000, 1.175240473580827949, 0.000000000000000000 ) ) ;
#1962 = CARTESIAN_POINT ( 'NONE',  ( -24.29166666666667496, -1.500000000000000888, 0.8660254037844398178 ) ) ;
#1963 = CARTESIAN_POINT ( 'NONE',  ( 20.93749999999999645, -1.175240473580827949, -1.439254484199180504E-16 ) ) ;
#1964 = CARTESIAN_POINT ( 'NONE',  ( 24.33333333333333215, 0.5876202367904130863, 1.017788105676651789 ) ) ;
#1965 = CARTESIAN_POINT ( 'NONE',  ( 23.52083333333333215, 0.7499999999999988898, 1.299038105676658672 ) ) ;
#1966 = DIRECTION ( 'NONE',  ( 0.000000000000000000, 0.000000000000000000, -1.000000000000000000 ) ) ;
#1967 = CARTESIAN_POINT ( 'NONE',  ( -24.94919999999999760, 1.481840969524554463, -0.2326958122496788628 ) ) ;
#1968 = CARTESIAN_POINT ( 'NONE',  ( -23.02083333333332504, 0.7499999999999995559, -1.299038105676659560 ) ) ;
#1969 = CARTESIAN_POINT ( 'NONE',  ( -20.02083333333332504, 0.7499999999999995559, -1.299038105676659560 ) ) ;
#1970 = LINE ( 'NONE', #4090, #4595 ) ;
#1971 = CARTESIAN_POINT ( 'NONE',  ( -22.29166666666665719, 1.175240473580833500, -0.6785254037844382635 ) ) ;
#1972 = CARTESIAN_POINT ( 'NONE',  ( -23.70833333333333570, -1.500000000000001998, -0.8660254037844388186 ) ) ;
#1973 = CARTESIAN_POINT ( 'NONE',  ( 21.20833333333333215, -1.500000000000000444, 0.8660254037844380415 ) ) ;
#1974 = CARTESIAN_POINT ( 'NONE',  ( -20.37499649327408591, -6.312113441181580527E-05, 1.499999998671908807 ) ) ;
#1975 = CARTESIAN_POINT ( 'NONE',  ( 22.37499999999999645, 2.033577675846917841E-16, -1.499999999999999778 ) ) ;
#1976 = CARTESIAN_POINT ( 'NONE',  ( -23.10416666666665719, 0.5876202367904169721, 1.017788105676656452 ) ) ;
#1977 = AXIS2_PLACEMENT_3D ( 'NONE', #3752, #4079, #1577 ) ;
#1978 = DIRECTION ( 'NONE',  ( 0.000000000000000000, 0.7603789771591935587, 0.6494796464049805707 ) ) ;
#1979 = ORIENTED_EDGE ( 'NONE', *, *, #1702, .T. ) ;
#1980 = CARTESIAN_POINT ( 'NONE',  ( -25.00000000000000000, 1.899182256117716029E-16, -1.550800000000000622 ) ) ;
#1981 =( BOUNDED_CURVE ( )  B_SPLINE_CURVE ( 2, ( #4777, #5290, #2284, #2310, #3595, #3543, #258, #1907, #3182 ),
 .UNSPECIFIED., .F., .T. ) 
 B_SPLINE_CURVE_WITH_KNOTS ( ( 3, 2, 2, 2, 3 ),
 ( 0.2045454545454545581, 0.2121212121212121271, 0.2272727272727272652, 0.2424242424242424310, 0.2500000000000000000 ),
 .UNSPECIFIED. ) 
 CURVE ( )  GEOMETRIC_REPRESENTATION_ITEM ( )  RATIONAL_B_SPLINE_CURVE ( ( 0.9330127018922192983, 0.9330127018922194093, 1.000000000000000000, 0.8660254037844387076, 1.000000000000000000, 0.8660254037844387076, 1.000000000000000000, 0.9330127018922194093, 0.9330127018922194093 ) ) 
 REPRESENTATION_ITEM ( '' )  );
#1982 = VERTEX_POINT ( 'NONE', #4053 ) ;
#1983 = CARTESIAN_POINT ( 'NONE',  ( -23.22916666666665719, 1.175240473580833500, -0.6785254037844382635 ) ) ;
#1984 = CARTESIAN_POINT ( 'NONE',  ( 24.93351662512839440, -0.7003155845617504704, 0.9685284769876970623 ) ) ;
#1985 = CARTESIAN_POINT ( 'NONE',  ( -22.35416666666665719, -0.5876202367904174162, -1.017788105676656230 ) ) ;
#1986 = ORIENTED_EDGE ( 'NONE', *, *, #1095, .F. ) ;
#1987 = CARTESIAN_POINT ( 'NONE',  ( -25.00000000000000000, -1.299038105676657562, 2.249999999999999556 ) ) ;
#1988 = EDGE_CURVE ( 'NONE', #1431, #4042, #178, .T. ) ;
#1989 = LINE ( 'NONE', #3675, #627 ) ;
#1990 = CARTESIAN_POINT ( 'NONE',  ( -24.54166666666666075, -1.175240473580833500, 0.6785254037844380415 ) ) ;
#1991 = CARTESIAN_POINT ( 'NONE',  ( 24.08333333333333215, -0.5876202367904137525, -1.017788105676651345 ) ) ;
#1992 = CARTESIAN_POINT ( 'NONE',  ( 21.64583333333333570, -1.500000000000000444, 0.8660254037844380415 ) ) ;
#1993 = CARTESIAN_POINT ( 'NONE',  ( 23.10267090063073780, 0.4019237886466846543, 1.499999999999999556 ) ) ;
#1994 = FACE_OUTER_BOUND ( 'NONE', #3665, .T. ) ;
#1995 = CARTESIAN_POINT ( 'NONE',  ( -19.06249999999999289, -3.181725716174723456E-16, -1.732050807568878747 ) ) ;
#1996 = CARTESIAN_POINT ( 'NONE',  ( 21.07756051355184113, -1.230467510554446919, 0.6436337136203641451 ) ) ;
#1997 = CARTESIAN_POINT ( 'NONE',  ( -21.83333333333332504, 0.5876202367904159729, -1.017788105676656896 ) ) ;
#1998 = CARTESIAN_POINT ( 'NONE',  ( -23.33333333333333925, -0.7500000000000003331, 1.299038105676659338 ) ) ;
#1999 = CARTESIAN_POINT ( 'NONE',  ( 21.24999999999999645, -1.500000000000000000, -1.836970198721029934E-16 ) ) ;
#2000 = ADVANCED_FACE ( 'NONE', ( #2801 ), #4522, .T. ) ;
#2001 = CARTESIAN_POINT ( 'NONE',  ( 24.75043299173521660, 0.1715655403927169587, -1.374567008264776735 ) ) ;
#2002 = AXIS2_PLACEMENT_3D ( 'NONE', #87, #1781, #980 ) ;
#2003 = CARTESIAN_POINT ( 'NONE',  ( -24.91074498996844255, 1.511897080250296899, 1.881317441191445061 ) ) ;
#2004 = EDGE_LOOP ( 'NONE', ( #248, #3449 ) ) ;
#2005 = ORIENTED_EDGE ( 'NONE', *, *, #1721, .T. ) ;
#2006 = CARTESIAN_POINT ( 'NONE',  ( -22.06249999999999289, 8.309539638847769097E-17, 1.357050807568875195 ) ) ;
#2007 = CARTESIAN_POINT ( 'NONE',  ( -22.31249999999999645, -2.492861891654330359E-16, -1.357050807568875195 ) ) ;
#2008 = ORIENTED_EDGE ( 'NONE', *, *, #3935, .T. ) ;
#2009 = CARTESIAN_POINT ( 'NONE',  ( 22.56249999999999645, -6.391244124090313355E-16, 1.499999999999999778 ) ) ;
#2010 = CARTESIAN_POINT ( 'NONE',  ( -21.00000000000000355, 1.500000000000001332, 0.000000000000000000 ) ) ;
#2011 = DIRECTION ( 'NONE',  ( 1.000000000000000000, 0.000000000000000000, 0.000000000000000000 ) ) ;
#2012 = CARTESIAN_POINT ( 'NONE',  ( -23.74999999999998934, 1.175240473580833722, 0.000000000000000000 ) ) ;
#2013 = CARTESIAN_POINT ( 'NONE',  ( 23.70833333333333215, 1.175240473580827727, -0.6785254037844341557 ) ) ;
#2014 = CARTESIAN_POINT ( 'NONE',  ( 20.60416666666666785, -0.7500000000000006661, 1.299038105676657562 ) ) ;
#2015 = DIRECTION ( 'NONE',  ( -1.000000000000000000, -0.000000000000000000, -0.000000000000000000 ) ) ;
#2016 = CARTESIAN_POINT ( 'NONE',  ( 23.04166666666666430, 1.499999999999999778, 0.8660254037844394848 ) ) ;
#2017 = CARTESIAN_POINT ( 'NONE',  ( -18.81948189766699642, 0.7632804671400481578, -0.8936403634712185573 ) ) ;
#2018 = CARTESIAN_POINT ( 'NONE',  ( -24.54166666666666075, -1.175240473580833722, 0.6785254037844379305 ) ) ;
#2019 = CARTESIAN_POINT ( 'NONE',  ( -22.95833333333332504, -1.175240473580834166, -0.6785254037844371533 ) ) ;
#2020 = CARTESIAN_POINT ( 'NONE',  ( -21.58333333333333925, 0.7499999999999995559, -1.299038105676659560 ) ) ;
#2021 = CARTESIAN_POINT ( 'NONE',  ( 21.54166666666666075, 1.499999999999999778, 0.8660254037844394848 ) ) ;
#2022 = EDGE_CURVE ( 'NONE', #928, #1534, #3376, .T. ) ;
#2023 = CARTESIAN_POINT ( 'NONE',  ( 22.16666666666666430, -0.7500000000000006661, 1.299038105676657562 ) ) ;
#2024 = DIRECTION ( 'NONE',  ( -1.000000000000000000, -0.000000000000000000, -0.000000000000000000 ) ) ;
#2025 = CARTESIAN_POINT ( 'NONE',  ( 22.64583333333333215, -1.500000000000000222, 0.8660254037844381525 ) ) ;
#2026 = DIRECTION ( 'NONE',  ( 0.000000000000000000, 0.000000000000000000, 1.000000000000000000 ) ) ;
#2027 = DIRECTION ( 'NONE',  ( 0.000000000000000000, 0.000000000000000000, -1.000000000000000000 ) ) ;
#2028 = VERTEX_POINT ( 'NONE', #2412 ) ;
#2029 = CARTESIAN_POINT ( 'NONE',  ( -20.31249999999999289, -2.492861891654330359E-16, -1.357050807568875195 ) ) ;
#2030 = CARTESIAN_POINT ( 'NONE',  ( 23.97916666666666430, 1.499999999999999778, 0.8660254037844394848 ) ) ;
#2031 = CARTESIAN_POINT ( 'NONE',  ( -20.18749999999998934, 1.175240473580833722, 0.000000000000000000 ) ) ;
#2032 = EDGE_CURVE ( 'NONE', #1163, #139, #4447, .T. ) ;
#2033 = VERTEX_POINT ( 'NONE', #339 ) ;
#2034 = CARTESIAN_POINT ( 'NONE',  ( -22.33482909936925154, 0.4019237886466829890, 1.500000000000001998 ) ) ;
#2035 = FACE_OUTER_BOUND ( 'NONE', #1042, .T. ) ;
#2036 = CARTESIAN_POINT ( 'NONE',  ( -25.00000000000000000, 0.000000000000000000, -2.250000000000000000 ) ) ;
#2037 = EDGE_CURVE ( 'NONE', #1575, #2844, #2949, .T. ) ;
#2038 = CARTESIAN_POINT ( 'NONE',  ( 20.39583333333333215, -1.175240473580827949, 0.6785254037844338226 ) ) ;
#2039 = CARTESIAN_POINT ( 'NONE',  ( 23.16666666666666430, 0.5876202367904140855, -1.017788105676651345 ) ) ;
#2040 = CARTESIAN_POINT ( 'NONE',  ( 21.39583333333333215, 1.500000000000000222, -0.8660254037844384856 ) ) ;
#2041 = CARTESIAN_POINT ( 'NONE',  ( -21.37500011500637243, 2.159755337154971173E-06, 1.499999999998446132 ) ) ;
#2042 = CARTESIAN_POINT ( 'NONE',  ( -25.00000000000000000, -1.948557158514986787, 1.124999999999999778 ) ) ;
#2043 = CARTESIAN_POINT ( 'NONE',  ( -19.45833333333332149, -1.175240473580834166, -0.6785254037844371533 ) ) ;
#2044 = CARTESIAN_POINT ( 'NONE',  ( -23.83333333333332504, 0.5876202367904159729, -1.017788105676656896 ) ) ;
#2045 = CARTESIAN_POINT ( 'NONE',  ( 21.64583333333333215, -1.500000000000000222, 0.8660254037844381525 ) ) ;
#2046 = CARTESIAN_POINT ( 'NONE',  ( -21.33333333333332504, 0.5876202367904159729, -1.017788105676656896 ) ) ;
#2047 = CARTESIAN_POINT ( 'NONE',  ( -23.29166666666667496, -1.500000000000000888, 0.8660254037844398178 ) ) ;
#2048 = CARTESIAN_POINT ( 'NONE',  ( 22.54166666666666430, 1.499999999999999778, 0.8660254037844394848 ) ) ;
#2049 = CARTESIAN_POINT ( 'NONE',  ( 19.99999999999999645, -3.755786496842899057E-16, 2.250000000000000000 ) ) ;
#2050 = CARTESIAN_POINT ( 'NONE',  ( -24.77083333333332504, -0.7500000000000003331, 1.299038105676659338 ) ) ;
#2051 = EDGE_CURVE ( 'NONE', #4604, #2959, #3510, .T. ) ;
#2052 = CARTESIAN_POINT ( 'NONE',  ( -19.25000000000000355, -1.500000000000001332, 1.836970198721031413E-16 ) ) ;
#2053 = CARTESIAN_POINT ( 'NONE',  ( -23.87499796396146223, -3.664870201733299692E-05, 1.499999999552291685 ) ) ;
#2054 = CARTESIAN_POINT ( 'NONE',  ( -24.62576432730605092, 2.031654492387762153E-11, 1.176564327306059754 ) ) ;
#2055 = ORIENTED_EDGE ( 'NONE', *, *, #118, .T. ) ;
#2056 = CARTESIAN_POINT ( 'NONE',  ( -21.47916666666665719, -1.175240473580833722, 0.6785254037844379305 ) ) ;
#2057 = CARTESIAN_POINT ( 'NONE',  ( 24.64583333333333215, 1.175240473580827727, -0.6785254037844341557 ) ) ;
#2058 = CARTESIAN_POINT ( 'NONE',  ( -20.39583333333332504, -1.175240473580834166, -0.6785254037844372643 ) ) ;
#2059 = AXIS2_PLACEMENT_3D ( 'NONE', #3686, #3387, #2981 ) ;
#2060 = ORIENTED_EDGE ( 'NONE', *, *, #4051, .F. ) ;
#2061 = CARTESIAN_POINT ( 'NONE',  ( 23.49999999999999645, 1.500000000000000000, 0.000000000000000000 ) ) ;
#2062 = CARTESIAN_POINT ( 'NONE',  ( 24.60416666666666785, -0.7500000000000006661, 1.299038105676657562 ) ) ;
#2063 = CARTESIAN_POINT ( 'NONE',  ( -21.56249999999998934, -6.391244124090313355E-16, -1.500000000000001332 ) ) ;
#2064 = EDGE_CURVE ( 'NONE', #1872, #3101, #1565, .T. ) ;
#2065 = EDGE_CURVE ( 'NONE', #1982, #3615, #4952, .T. ) ;
#2066 = CARTESIAN_POINT ( 'NONE',  ( -22.24999999999999289, 1.175240473580833722, 0.000000000000000000 ) ) ;
#2067 = CARTESIAN_POINT ( 'NONE',  ( 22.75000000000000000, 1.175240473580827949, 0.000000000000000000 ) ) ;
#2068 = CARTESIAN_POINT ( 'NONE',  ( 20.06249999999999645, -3.181725716174720005E-16, 1.732050807568877193 ) ) ;
#2069 = CARTESIAN_POINT ( 'NONE',  ( -19.00698189766701063, 0.9742012179188316301, -1.140584055212709558 ) ) ;
#2070 = DIRECTION ( 'NONE',  ( -0.000000000000000000, 0.8660254037844385966, 0.5000000000000001110 ) ) ;
#2071 = CARTESIAN_POINT ( 'NONE',  ( 21.15329359036991974, -6.100733027540755002E-16, 1.450994063950753699 ) ) ;
#2072 = CARTESIAN_POINT ( 'NONE',  ( -23.66666666666665719, 0.5876202367904169721, 1.017788105676656452 ) ) ;
#2073 = PERSON_AND_ORGANIZATION ( #1783, #4506 ) ;
#2074 = CARTESIAN_POINT ( 'NONE',  ( -21.20833333333332504, 1.175240473580833944, 0.6785254037844374864 ) ) ;
#2075 = CARTESIAN_POINT ( 'NONE',  ( -23.37500000000000355, 1.060575238724907778E-16, 1.732050807568878747 ) ) ;
#2076 = CARTESIAN_POINT ( 'NONE',  ( 20.20833333333333215, -1.500000000000000444, 0.8660254037844380415 ) ) ;
#2077 = CARTESIAN_POINT ( 'NONE',  ( 19.98105736057937776, -0.4381921546215102325, 2.249999999999999112 ) ) ;
#2078 = CARTESIAN_POINT ( 'NONE',  ( -24.90215908496081454, 4.791399515391892369E-13, 1.452959084960823821 ) ) ;
#2079 = CONICAL_SURFACE ( 'NONE', #2775, 1.125000000000001776, 0.7853981633974457255 ) ;
#2080 = DIRECTION ( 'NONE',  ( 0.000000000000000000, 0.000000000000000000, 1.000000000000000000 ) ) ;
#2081 = AXIS2_PLACEMENT_3D ( 'NONE', #1757, #3425, #4684 ) ;
#2082 = CARTESIAN_POINT ( 'NONE',  ( -19.81249999999998934, -6.768908549604741285E-15, 1.500000000000001332 ) ) ;
#2083 = VERTEX_POINT ( 'NONE', #3170 ) ;
#2084 = CARTESIAN_POINT ( 'NONE',  ( -21.10416666666666075, 0.5876202367904169721, 1.017788105676656452 ) ) ;
#2085 = VECTOR ( 'NONE', #307, 1000.000000000000000 ) ;
#2086 = CARTESIAN_POINT ( 'NONE',  ( -21.43749999999999289, -1.175240473580833722, 1.439254484199187407E-16 ) ) ;
#2087 = ORIENTED_EDGE ( 'NONE', *, *, #3320, .T. ) ;
#2088 = CARTESIAN_POINT ( 'NONE',  ( 23.41666666666666430, -0.5876202367904145296, 1.017788105676650900 ) ) ;
#2089 = FACE_OUTER_BOUND ( 'NONE', #3909, .T. ) ;
#2090 = CARTESIAN_POINT ( 'NONE',  ( 19.99999999999999645, 0.000000000000000000, 0.000000000000000000 ) ) ;
#2091 = CARTESIAN_POINT ( 'NONE',  ( -22.54166666666665364, -1.175240473580833500, 0.6785254037844380415 ) ) ;
#2092 = CARTESIAN_POINT ( 'NONE',  ( 20.83333333333333215, 0.5876202367904130863, 1.017788105676651789 ) ) ;
#2093 = CARTESIAN_POINT ( 'NONE',  ( 22.22916666666666785, -1.499999999999999778, -0.8660254037844391517 ) ) ;
#2094 = CYLINDRICAL_SURFACE ( 'NONE', #160, 1.500000000000000666 ) ;
#2095 = CARTESIAN_POINT ( 'NONE',  ( 23.08333333333333215, 0.7499999999999988898, 1.299038105676658672 ) ) ;
#2096 = CARTESIAN_POINT ( 'NONE',  ( 24.24999999999999645, 1.175240473580827949, 0.000000000000000000 ) ) ;
#2097 = CARTESIAN_POINT ( 'NONE',  ( -23.08333333333332504, -0.5876202367904166390, 1.017788105676656674 ) ) ;
#2098 = PERSON_AND_ORGANIZATION ( #1783, #4506 ) ;
#2099 = CARTESIAN_POINT ( 'NONE',  ( -20.66666666666666075, 0.5876202367904169721, 1.017788105676656452 ) ) ;
#2100 = CARTESIAN_POINT ( 'NONE',  ( -21.20833333333334281, -1.500000000000001998, -0.8660254037844388186 ) ) ;
#2101 = CARTESIAN_POINT ( 'NONE',  ( 25.10416666666666430, 0.5876202367904140855, -1.017788105676651345 ) ) ;
#2102 = ADVANCED_FACE ( 'NONE', ( #1531, #4788 ), #5275, .T. ) ;
#2103 = DIRECTION ( 'NONE',  ( 0.000000000000000000, 0.000000000000000000, 1.000000000000000000 ) ) ;
#2104 = CARTESIAN_POINT ( 'NONE',  ( -24.93982066231089689, 1.036869053525017348, 1.094201145515464768 ) ) ;
#2105 = CARTESIAN_POINT ( 'NONE',  ( 24.41666666666666430, 0.7500000000000002220, -1.299038105676658006 ) ) ;
#2106 = CARTESIAN_POINT ( 'NONE',  ( 22.58482909936925864, -0.4019237886466845988, 1.499999999999999778 ) ) ;
#2107 = CARTESIAN_POINT ( 'NONE',  ( -23.66666666666667140, -0.7500000000000013323, -1.299038105676658894 ) ) ;
#2108 = CARTESIAN_POINT ( 'NONE',  ( -25.00000000000000000, 0.000000000000000000, 0.000000000000000000 ) ) ;
#2109 = VERTEX_POINT ( 'NONE', #4864 ) ;
#2110 = CARTESIAN_POINT ( 'NONE',  ( -20.56249999999998934, 8.309539638847769097E-17, 1.357050807568875195 ) ) ;
#2111 = CARTESIAN_POINT ( 'NONE',  ( -21.93749999999999289, -1.175240473580833722, 1.439254484199187407E-16 ) ) ;
#2112 = ORIENTED_EDGE ( 'NONE', *, *, #147, .F. ) ;
#2113 = CARTESIAN_POINT ( 'NONE',  ( 22.50000000000000000, -1.175240473580827949, -1.439254484199180504E-16 ) ) ;
#2114 = CYLINDRICAL_SURFACE ( 'NONE', #4771, 1.500000000000000222 ) ;
#2115 = CARTESIAN_POINT ( 'NONE',  ( -18.75000000000000711, -1.500000000000001332, 1.836970198721031413E-16 ) ) ;
#2116 = B_SPLINE_CURVE_WITH_KNOTS ( 'NONE', 3,
 ( #161, #2656, #634, #1375, #3038, #3824 ),
 .UNSPECIFIED., .F., .F.,
 ( 4, 2, 4 ),
 ( 0.008944687327502347934, 0.009601853186006075597, 0.01025901904450980152 ),
 .UNSPECIFIED. ) ;
#2117 = EDGE_CURVE ( 'NONE', #2247, #1303, #5090, .T. ) ;
#2118 =( BOUNDED_CURVE ( )  B_SPLINE_CURVE ( 2, ( #5152, #1353, #4324, #1755, #3423, #606, #2244, #3911, #4682 ),
 .UNSPECIFIED., .F., .F. ) 
 B_SPLINE_CURVE_WITH_KNOTS ( ( 3, 2, 2, 2, 3 ),
 ( 0.7500000000000000000, 0.7564102564102563875, 0.7692307692307692735, 0.7820512820512820484, 0.7884615384615384359 ),
 .UNSPECIFIED. ) 
 CURVE ( )  GEOMETRIC_REPRESENTATION_ITEM ( )  RATIONAL_B_SPLINE_CURVE ( ( 0.9330127018922194093, 0.9330127018922194093, 1.000000000000000000, 0.8660254037844387076, 1.000000000000000000, 0.8660254037844387076, 1.000000000000000000, 0.9330127018922194093, 0.9330127018922194093 ) ) 
 REPRESENTATION_ITEM ( '' )  );
#2119 = CARTESIAN_POINT ( 'NONE',  ( -23.16666666666665719, 0.5876202367904169721, 1.017788105676656452 ) ) ;
#2120 = CARTESIAN_POINT ( 'NONE',  ( 20.12499999999999289, 8.309539638847728421E-17, -1.357050807568868533 ) ) ;
#2121 = CARTESIAN_POINT ( 'NONE',  ( 21.95833333333332860, 1.500000000000000000, -0.8660254037844384856 ) ) ;
#2122 = CARTESIAN_POINT ( 'NONE',  ( -18.60000000000000142, 1.836970198721030427E-16, -1.500000000000000666 ) ) ;
#2123 = CARTESIAN_POINT ( 'NONE',  ( 22.81249999999999645, 2.033577675846917841E-16, -1.499999999999999778 ) ) ;
#2124 = CARTESIAN_POINT ( 'NONE',  ( 24.54166666666667140, -1.175240473580827727, -0.6785254037844345998 ) ) ;
#2125 = CARTESIAN_POINT ( 'NONE',  ( -24.83333333333332504, 0.5876202367904159729, -1.017788105676656896 ) ) ;
#2126 = DATE_TIME_ROLE ( 'creation_date' ) ;
#2127 = CARTESIAN_POINT ( 'NONE',  ( -20.95833333333332504, -1.175240473580834166, -0.6785254037844371533 ) ) ;
#2128 = CARTESIAN_POINT ( 'NONE',  ( -19.12500000000000355, -3.181725716174723456E-16, -1.732050807568878747 ) ) ;
#2129 = CARTESIAN_POINT ( 'NONE',  ( 24.27083333333333215, 0.5876202367904130863, 1.017788105676651789 ) ) ;
#2130 = CARTESIAN_POINT ( 'NONE',  ( 22.29166666666666430, -1.499999999999999778, -0.8660254037844391517 ) ) ;
#2131 = CARTESIAN_POINT ( 'NONE',  ( -24.81249999999998934, 1.060575238724907778E-16, 1.732050807568878747 ) ) ;
#2132 = EDGE_CURVE ( 'NONE', #2219, #4604, #2297, .T. ) ;
#2133 = CARTESIAN_POINT ( 'NONE',  ( 24.16666666666666785, -0.7500000000000006661, 1.299038105676657562 ) ) ;
#2134 = CARTESIAN_POINT ( 'NONE',  ( 20.47916666666666430, -1.175240473580827505, -0.6785254037844345998 ) ) ;
#2135 = CARTESIAN_POINT ( 'NONE',  ( -18.89732909936926220, 0.4019237886466781040, 1.500000000000005107 ) ) ;
#2136 = LINE ( 'NONE', #4955, #3022 ) ;
#2137 = B_SPLINE_CURVE_WITH_KNOTS ( 'NONE', 3,
 ( #3865, #1387, #3053, #989 ),
 .UNSPECIFIED., .F., .F.,
 ( 4, 4 ),
 ( 2.380746839933958805E-07, 0.001314652396222795814 ),
 .UNSPECIFIED. ) ;
#2138 = EDGE_LOOP ( 'NONE', ( #5046, #476, #2005, #4713 ) ) ;
#2139 = DIRECTION ( 'NONE',  ( 0.000000000000000000, 0.000000000000000000, 1.000000000000000000 ) ) ;
#2140 = CARTESIAN_POINT ( 'NONE',  ( 24.39583333333333215, -1.175240473580827949, 0.6785254037844338226 ) ) ;
#2141 = CARTESIAN_POINT ( 'NONE',  ( -21.39583333333332504, -1.175240473580834166, -0.6785254037844372643 ) ) ;
#2142 = ORIENTED_EDGE ( 'NONE', *, *, #3074, .T. ) ;
#2143 = ORIENTED_EDGE ( 'NONE', *, *, #4001, .F. ) ;
#2144 = CARTESIAN_POINT ( 'NONE',  ( 22.20833333333332860, 1.175240473580827727, -0.6785254037844341557 ) ) ;
#2145 = CARTESIAN_POINT ( 'NONE',  ( 24.62499999999999645, 0.000000000000000000, 1.500000000000000222 ) ) ;
#2146 = CARTESIAN_POINT ( 'NONE',  ( -22.12499999999998934, 8.309539638847769097E-17, 1.357050807568875195 ) ) ;
#2147 = ADVANCED_FACE ( 'NONE', ( #4404 ), #3619, .T. ) ;
#2148 = AXIS2_PLACEMENT_3D ( 'NONE', #5323, #4887, #4398 ) ;
#2149 = CARTESIAN_POINT ( 'NONE',  ( 20.24999999999999645, 1.175240473580827949, 0.000000000000000000 ) ) ;
#2150 = CARTESIAN_POINT ( 'NONE',  ( -23.64583333333332504, -1.500000000000002220, -0.8660254037844388186 ) ) ;
#2151 = CARTESIAN_POINT ( 'NONE',  ( 23.43749999999999645, -1.175240473580827949, -1.439254484199180504E-16 ) ) ;
#2152 = CARTESIAN_POINT ( 'NONE',  ( -24.86022993090467281, -1.405025455978008875, -2.066424524318457578 ) ) ;
#2153 = CARTESIAN_POINT ( 'NONE',  ( -22.29166666666665719, 1.175240473580833500, -0.6785254037844382635 ) ) ;
#2154 = DATE_AND_TIME ( #4670, #1939 ) ;
#2155 = CARTESIAN_POINT ( 'NONE',  ( -20.16666666666666075, 0.5876202367904169721, 1.017788105676656452 ) ) ;
#2156 = CARTESIAN_POINT ( 'NONE',  ( -21.12500000000000355, -3.181725716174723456E-16, -1.732050807568878747 ) ) ;
#2157 = CARTESIAN_POINT ( 'NONE',  ( 19.58333333333333215, 0.7499999999999988898, 1.299038105676658672 ) ) ;
#2158 = CARTESIAN_POINT ( 'NONE',  ( -23.16666666666667140, -0.7500000000000013323, -1.299038105676658894 ) ) ;
#2159 = CARTESIAN_POINT ( 'NONE',  ( -23.64583333333332504, -1.500000000000001998, -0.8660254037844388186 ) ) ;
#2160 = CARTESIAN_POINT ( 'NONE',  ( 23.54166666666666785, 1.499999999999999778, 0.8660254037844394848 ) ) ;
#2161 = CARTESIAN_POINT ( 'NONE',  ( 20.68749999999999645, 1.175240473580827949, 0.000000000000000000 ) ) ;
#2162 = EDGE_CURVE ( 'NONE', #3095, #333, #3856, .T. ) ;
#2163 = CARTESIAN_POINT ( 'NONE',  ( 21.39732909936925509, 0.4019237886466842657, -1.499999999999999778 ) ) ;
#2164 = ORIENTED_EDGE ( 'NONE', *, *, #1619, .F. ) ;
#2165 = AXIS2_PLACEMENT_3D ( 'NONE', #4133, #507, #1278 ) ;
#2166 = CARTESIAN_POINT ( 'NONE',  ( 23.93749999999999645, -1.175240473580827949, -1.439254484199180504E-16 ) ) ;
#2167 = CARTESIAN_POINT ( 'NONE',  ( -19.18749999999998934, 1.175240473580833722, 0.000000000000000000 ) ) ;
#2168 = ORIENTED_EDGE ( 'NONE', *, *, #3958, .F. ) ;
#2169 = AXIS2_PLACEMENT_3D ( 'NONE', #3202, #2326, #1898 ) ;
#2170 = ORIENTED_EDGE ( 'NONE', *, *, #275, .F. ) ;
#2171 = CARTESIAN_POINT ( 'NONE',  ( 23.45833333333332860, -1.175240473580827949, 0.6785254037844338226 ) ) ;
#2172 = CARTESIAN_POINT ( 'NONE',  ( -23.27083333333332504, 0.5876202367904159729, -1.017788105676656896 ) ) ;
#2173 = CIRCLE ( 'NONE', #1824, 2.249999999999999556 ) ;
#2174 = CARTESIAN_POINT ( 'NONE',  ( -21.70833333333332504, 1.175240473580833722, 0.6785254037844374864 ) ) ;
#2175 = CARTESIAN_POINT ( 'NONE',  ( 21.50000000000000000, -1.175240473580827949, -1.439254484199180504E-16 ) ) ;
#2176 = CARTESIAN_POINT ( 'NONE',  ( -21.47916666666666075, 1.500000000000000888, -0.8660254037844402619 ) ) ;
#2177 = CARTESIAN_POINT ( 'NONE',  ( 24.94975952641921779, -1.159672946348570211, -0.1906536866932154461 ) ) ;
#2178 = CARTESIAN_POINT ( 'NONE',  ( 23.99999999999999645, -1.175240473580827949, -1.439254484199180504E-16 ) ) ;
#2179 = CARTESIAN_POINT ( 'NONE',  ( -22.16666666666665719, 0.5876202367904169721, 1.017788105676656452 ) ) ;
#2180 = CARTESIAN_POINT ( 'NONE',  ( -20.49999999999998934, -1.175240473580833722, 1.439254484199187407E-16 ) ) ;
#2181 = CARTESIAN_POINT ( 'NONE',  ( -20.58333333333333925, 0.7499999999999995559, -1.299038105676659560 ) ) ;
#2182 = CARTESIAN_POINT ( 'NONE',  ( 20.37499999999999645, 1.060575238724906915E-16, -1.732050807568877193 ) ) ;
#2183 = CARTESIAN_POINT ( 'NONE',  ( -22.68749999999999289, -1.500000000000001332, 1.836970198721031413E-16 ) ) ;
#2184 = CARTESIAN_POINT ( 'NONE',  ( 21.22916666666666785, 1.175240473580827505, 0.6785254037844348218 ) ) ;
#2185 = ADVANCED_FACE ( 'NONE', ( #4710 ), #1036, .F. ) ;
#2186 = FACE_OUTER_BOUND ( 'NONE', #531, .T. ) ;
#2187 = EDGE_LOOP ( 'NONE', ( #577, #3426, #4244, #4439 ) ) ;
#2188 = EDGE_LOOP ( 'NONE', ( #5181, #4550, #4489, #2168, #3559, #5182 ) ) ;
#2189 = CARTESIAN_POINT ( 'NONE',  ( -19.02083333333332504, -0.5876202367904166390, 1.017788105676656674 ) ) ;
#2190 = CARTESIAN_POINT ( 'NONE',  ( 24.02083333333333215, -0.5876202367904137525, -1.017788105676651345 ) ) ;
#2191 = CARTESIAN_POINT ( 'NONE',  ( -18.60000000000000142, 0.000000000000000000, 0.000000000000000000 ) ) ;
#2192 = ORIENTED_EDGE ( 'NONE', *, *, #4795, .F. ) ;
#2193 = EDGE_LOOP ( 'NONE', ( #1195, #2764, #3285, #62 ) ) ;
#2194 = CARTESIAN_POINT ( 'NONE',  ( 21.91666666666666430, -0.5876202367904145296, 1.017788105676650900 ) ) ;
#2195 = CARTESIAN_POINT ( 'NONE',  ( -24.35416666666666075, -0.5876202367904174162, -1.017788105676656230 ) ) ;
#2196 = EDGE_CURVE ( 'NONE', #5211, #3531, #3563, .T. ) ;
#2197 = CARTESIAN_POINT ( 'NONE',  ( -19.74999999999998934, 1.175240473580833722, 0.000000000000000000 ) ) ;
#2198 = CARTESIAN_POINT ( 'NONE',  ( 19.87500000000000000, -2.492861891654318526E-16, 1.357050807568868533 ) ) ;
#2199 = CARTESIAN_POINT ( 'NONE',  ( 22.87499999999999645, 2.033577675846917841E-16, -1.499999999999999778 ) ) ;
#2200 = LINE ( 'NONE', #4224, #852 ) ;
#2201 = CARTESIAN_POINT ( 'NONE',  ( 23.74999999999999645, 1.175240473580827949, 0.000000000000000000 ) ) ;
#2202 = CARTESIAN_POINT ( 'NONE',  ( -20.33333333333332504, 0.5876202367904159729, -1.017788105676656896 ) ) ;
#2203 = CARTESIAN_POINT ( 'NONE',  ( -19.99999999999998934, -1.175240473580833722, 1.439254484199187407E-16 ) ) ;
#2204 = CARTESIAN_POINT ( 'NONE',  ( 21.72916666666666430, 1.175240473580827505, 0.6785254037844348218 ) ) ;
#2205 = CARTESIAN_POINT ( 'NONE',  ( 19.99999999999999645, -1.948557158514986565, -1.125000000000000444 ) ) ;
#2206 = CARTESIAN_POINT ( 'NONE',  ( -21.68749999999999289, 1.175240473580833722, 0.000000000000000000 ) ) ;
#2207 = CARTESIAN_POINT ( 'NONE',  ( -24.22916666666666075, -1.500000000000000888, 0.8660254037844398178 ) ) ;
#2208 = CARTESIAN_POINT ( 'NONE',  ( 24.58333333333333215, 0.7499999999999988898, 1.299038105676658672 ) ) ;
#2209 = CARTESIAN_POINT ( 'NONE',  ( 20.31249999999999645, -2.492861891654318526E-16, 1.357050807568868533 ) ) ;
#2210 =( BOUNDED_CURVE ( )  B_SPLINE_CURVE ( 2, ( #3190, #2450, #3603, #1555, #4861, #733, #4115, #2395, #403 ),
 .UNSPECIFIED., .F., .F. ) 
 B_SPLINE_CURVE_WITH_KNOTS ( ( 3, 2, 2, 2, 3 ),
 ( 0.6730769230769231282, 0.6794871794871795156, 0.6923076923076922906, 0.7051282051282051766, 0.7115384615384615641 ),
 .UNSPECIFIED. ) 
 CURVE ( )  GEOMETRIC_REPRESENTATION_ITEM ( )  RATIONAL_B_SPLINE_CURVE ( ( 0.9330127018922192983, 0.9330127018922198534, 1.000000000000000000, 0.8660254037844387076, 1.000000000000000000, 0.8660254037844387076, 1.000000000000000000, 0.9330127018922194093, 0.9330127018922194093 ) ) 
 REPRESENTATION_ITEM ( '' )  );
#2211 = CARTESIAN_POINT ( 'NONE',  ( -22.06249999999999289, 6.333141904780402276E-15, -1.500000000000001554 ) ) ;
#2212 = EDGE_CURVE ( 'NONE', #614, #3949, #2540, .T. ) ;
#2213 = ORIENTED_EDGE ( 'NONE', *, *, #4763, .T. ) ;
#2214 = ORIENTED_EDGE ( 'NONE', *, *, #2832, .T. ) ;
#2215 = CARTESIAN_POINT ( 'NONE',  ( -19.06249999999999289, 8.309539638847769097E-17, 1.357050807568875195 ) ) ;
#2216 = CARTESIAN_POINT ( 'NONE',  ( 23.89583333333333215, -1.175240473580827949, 0.6785254037844338226 ) ) ;
#2217 = DIRECTION ( 'NONE',  ( 1.000000000000000000, 0.000000000000000000, 0.000000000000000000 ) ) ;
#2218 = EDGE_LOOP ( 'NONE', ( #2492, #1190, #5123, #4957 ) ) ;
#2219 = VERTEX_POINT ( 'NONE', #4241 ) ;
#2220 = CARTESIAN_POINT ( 'NONE',  ( 20.12499999999999289, 8.309539638847728421E-17, -1.357050807568868533 ) ) ;
#2221 = DIRECTION ( 'NONE',  ( 0.000000000000000000, 0.000000000000000000, -1.000000000000000000 ) ) ;
#2222 = CARTESIAN_POINT ( 'NONE',  ( -18.99999999999999289, -1.175240473580833722, 1.439254484199187407E-16 ) ) ;
#2223 = DIRECTION ( 'NONE',  ( 0.000000000000000000, 0.000000000000000000, -1.000000000000000000 ) ) ;
#2224 = ADVANCED_FACE ( 'NONE', ( #3477, #2659 ), #4736, .F. ) ;
#2225 = CARTESIAN_POINT ( 'NONE',  ( 23.64583333333333215, 1.175240473580827949, -0.6785254037844341557 ) ) ;
#2226 = EDGE_CURVE ( 'NONE', #4042, #4333, #2118, .T. ) ;
#2227 = CARTESIAN_POINT ( 'NONE',  ( 21.87500000000000000, -2.492861891654318526E-16, 1.357050807568868311 ) ) ;
#2228 = CARTESIAN_POINT ( 'NONE',  ( -20.66666666666666075, 0.5876202367904169721, 1.017788105676656452 ) ) ;
#2229 = VECTOR ( 'NONE', #3757, 1000.000000000000000 ) ;
#2230 = CARTESIAN_POINT ( 'NONE',  ( -22.77083333333332504, 0.5876202367904159729, -1.017788105676656896 ) ) ;
#2231 = CARTESIAN_POINT ( 'NONE',  ( 21.85416666666666430, -0.5876202367904145296, 1.017788105676650900 ) ) ;
#2232 = CARTESIAN_POINT ( 'NONE',  ( 23.37499999999999289, 2.033577675846917841E-16, -1.499999999999999778 ) ) ;
#2233 = CARTESIAN_POINT ( 'NONE',  ( -23.35267092484822982, -0.4019233527319600041, 1.500000251675484453 ) ) ;
#2234 = CARTESIAN_POINT ( 'NONE',  ( -24.10267351543417291, 0.4018767221849420812, -1.500027173834357574 ) ) ;
#2235 = CARTESIAN_POINT ( 'NONE',  ( -22.81249999999999289, -2.492861891654330359E-16, -1.357050807568875195 ) ) ;
#2236 = CARTESIAN_POINT ( 'NONE',  ( -22.64583333333332149, -1.500000000000001998, -0.8660254037844388186 ) ) ;
#2237 = CARTESIAN_POINT ( 'NONE',  ( -24.93071049684980167, 1.002788943296396784, 1.153090341216323589 ) ) ;
#2238 = CARTESIAN_POINT ( 'NONE',  ( -24.62499999999999289, 8.309539638847769097E-17, 1.357050807568875195 ) ) ;
#2239 = CARTESIAN_POINT ( 'NONE',  ( -24.20833333333333570, -1.500000000000001998, -0.8660254037844388186 ) ) ;
#2240 = CARTESIAN_POINT ( 'NONE',  ( -24.54166666666667140, 1.500000000000000888, -0.8660254037844402619 ) ) ;
#2241 = ORIENTED_EDGE ( 'NONE', *, *, #948, .F. ) ;
#2242 = AXIS2_PLACEMENT_3D ( 'NONE', #1666, #5001, #1259 ) ;
#2243 = ORIENTED_EDGE ( 'NONE', *, *, #1046, .T. ) ;
#2244 = CARTESIAN_POINT ( 'NONE',  ( -20.35416666666666075, 0.7500000000000008882, 1.299038105676659116 ) ) ;
#2245 = CARTESIAN_POINT ( 'NONE',  ( 23.02083333333333215, -0.5876202367904137525, -1.017788105676651345 ) ) ;
#2246 = DIRECTION ( 'NONE',  ( -1.000000000000000000, -0.000000000000000000, -0.000000000000000000 ) ) ;
#2247 = VERTEX_POINT ( 'NONE', #196 ) ;
#2248 = VERTEX_POINT ( 'NONE', #3504 ) ;
#2249 = CARTESIAN_POINT ( 'NONE',  ( 21.70833333333333570, 1.175240473580827727, -0.6785254037844341557 ) ) ;
#2250 = CARTESIAN_POINT ( 'NONE',  ( -23.64583333333332504, 1.175240473580833944, 0.6785254037844374864 ) ) ;
#2251 = ORIENTED_EDGE ( 'NONE', *, *, #475, .T. ) ;
#2252 = CARTESIAN_POINT ( 'NONE',  ( -19.66666666666665719, 0.5876202367904169721, 1.017788105676656452 ) ) ;
#2253 = AXIS2_PLACEMENT_3D ( 'NONE', #332, #1515, #1162 ) ;
#2254 = CARTESIAN_POINT ( 'NONE',  ( -18.60000000000000142, 0.000000000000000000, 0.000000000000000000 ) ) ;
#2255 = CARTESIAN_POINT ( 'NONE',  ( 22.77083333333333215, 0.5876202367904130863, 1.017788105676651789 ) ) ;
#2256 = VECTOR ( 'NONE', #2337, 1000.000000000000000 ) ;
#2257 = CARTESIAN_POINT ( 'NONE',  ( 21.79166666666666430, 1.175240473580827727, 0.6785254037844348218 ) ) ;
#2258 = CARTESIAN_POINT ( 'NONE',  ( -20.49999999999998934, -1.175240473580833722, 1.439254484199187407E-16 ) ) ;
#2259 = CARTESIAN_POINT ( 'NONE',  ( -22.35416666666665719, -0.5876202367904174162, -1.017788105676656230 ) ) ;
#2260 = CARTESIAN_POINT ( 'NONE',  ( 22.10416666666666430, 0.5876202367904140855, -1.017788105676651345 ) ) ;
#2261 = CARTESIAN_POINT ( 'NONE',  ( 19.98075666599056532, 1.728209346468571272, -1.506653605801031137 ) ) ;
#2262 = CARTESIAN_POINT ( 'NONE',  ( 23.64583333333333215, -1.500000000000000444, 0.8660254037844380415 ) ) ;
#2263 = FACE_OUTER_BOUND ( 'NONE', #5014, .T. ) ;
#2264 = CARTESIAN_POINT ( 'NONE',  ( -20.31249999999998934, 2.033577675846917841E-16, 1.500000000000001110 ) ) ;
#2265 = CARTESIAN_POINT ( 'NONE',  ( -21.43749999999999289, -1.175240473580833722, 1.439254484199187407E-16 ) ) ;
#2266 = CARTESIAN_POINT ( 'NONE',  ( -22.02083333333332504, 0.7499999999999995559, -1.299038105676659560 ) ) ;
#2267 = CARTESIAN_POINT ( 'NONE',  ( 19.99999999999999645, -1.948557158514986565, -1.125000000000000444 ) ) ;
#2268 = CARTESIAN_POINT ( 'NONE',  ( -24.74999999999998934, 1.175240473580833722, 0.000000000000000000 ) ) ;
#2269 = CARTESIAN_POINT ( 'NONE',  ( -18.85416666666665719, -0.5876202367904174162, -1.017788105676656230 ) ) ;
#2270 = EDGE_CURVE ( 'NONE', #2695, #713, #2849, .T. ) ;
#2271 = CARTESIAN_POINT ( 'NONE',  ( -19.04017090063073070, 0.4019237886466869303, -1.499999999999999778 ) ) ;
#2272 = VERTEX_POINT ( 'NONE', #1293 ) ;
#2273 = VERTEX_POINT ( 'NONE', #522 ) ;
#2274 = CARTESIAN_POINT ( 'NONE',  ( 24.84895070927839811, -1.185070290453893227, 0.4828011554010441797 ) ) ;
#2275 = CARTESIAN_POINT ( 'NONE',  ( 21.89583333333332504, -1.175240473580827949, 0.6785254037844338226 ) ) ;
#2276 = CARTESIAN_POINT ( 'NONE',  ( -19.35416666666665719, -0.5876202367904174162, -1.017788105676656230 ) ) ;
#2277 = ORIENTED_EDGE ( 'NONE', *, *, #355, .T. ) ;
#2278 = ORIENTED_EDGE ( 'NONE', *, *, #5374, .F. ) ;
#2279 = FACE_OUTER_BOUND ( 'NONE', #5336, .T. ) ;
#2280 = ORIENTED_EDGE ( 'NONE', *, *, #3831, .T. ) ;
#2281 = CARTESIAN_POINT ( 'NONE',  ( -19.58333333333333925, 0.7499999999999995559, -1.299038105676659560 ) ) ;
#2282 = CARTESIAN_POINT ( 'NONE',  ( -19.24999999999998934, 1.175240473580833722, 0.000000000000000000 ) ) ;
#2283 = DIRECTION ( 'NONE',  ( 0.000000000000000000, 0.000000000000000000, -1.000000000000000000 ) ) ;
#2284 = CARTESIAN_POINT ( 'NONE',  ( 24.27083333333333215, -0.7499999999999996669, -1.299038105676658228 ) ) ;
#2285 = EDGE_CURVE ( 'NONE', #5344, #1007, #1922, .T. ) ;
#2286 = CARTESIAN_POINT ( 'NONE',  ( 23.62499999999999645, 8.309539638847728421E-17, -1.357050807568868311 ) ) ;
#2287 = CARTESIAN_POINT ( 'NONE',  ( 22.93750000000000000, -1.175240473580827949, -1.439254484199180504E-16 ) ) ;
#2288 = CARTESIAN_POINT ( 'NONE',  ( -23.14583333333332860, -1.500000000000002220, -0.8660254037844388186 ) ) ;
#2289 = CARTESIAN_POINT ( 'NONE',  ( 24.27083333333333215, -0.7499999999999996669, -1.299038105676658228 ) ) ;
#2290 = CARTESIAN_POINT ( 'NONE',  ( 24.99999999999999645, 0.000000000000000000, 1.125000000000001776 ) ) ;
#2291 = CYLINDRICAL_SURFACE ( 'NONE', #193, 1.172700473580827740 ) ;
#2292 = CARTESIAN_POINT ( 'NONE',  ( -21.10416666666666075, 0.5876202367904169721, 1.017788105676656452 ) ) ;
#2293 = CARTESIAN_POINT ( 'NONE',  ( -21.56249999999998934, -3.181725716174723456E-16, -1.732050807568878747 ) ) ;
#2294 = CARTESIAN_POINT ( 'NONE',  ( -18.60000000000000142, 0.000000000000000000, 0.000000000000000000 ) ) ;
#2295 = CARTESIAN_POINT ( 'NONE',  ( -24.70833333333332504, 1.175240473580833944, 0.6785254037844374864 ) ) ;
#2296 = CARTESIAN_POINT ( 'NONE',  ( -19.31249999999998579, -2.492861891654330359E-16, -1.357050807568875195 ) ) ;
#2297 =( BOUNDED_CURVE ( )  B_SPLINE_CURVE ( 2, ( #3499, #4377, #1059, #600, #2710, #4348, #5200, #269, #3194 ),
 .UNSPECIFIED., .F., .F. ) 
 B_SPLINE_CURVE_WITH_KNOTS ( ( 3, 2, 2, 2, 3 ),
 ( 0.2045454545454545581, 0.2121212121212121271, 0.2272727272727272652, 0.2424242424242424310, 0.2500000000000000000 ),
 .UNSPECIFIED. ) 
 CURVE ( )  GEOMETRIC_REPRESENTATION_ITEM ( )  RATIONAL_B_SPLINE_CURVE ( ( 0.9330127018922192983, 0.9330127018922194093, 1.000000000000000000, 0.8660254037844387076, 1.000000000000000000, 0.8660254037844387076, 1.000000000000000000, 0.9330127018922194093, 0.9330127018922194093 ) ) 
 REPRESENTATION_ITEM ( '' )  );
#2298 = CARTESIAN_POINT ( 'NONE',  ( 23.29017090063073780, -0.4019237886466838217, -1.499999999999999778 ) ) ;
#2299 = ADVANCED_FACE ( 'NONE', ( #3417 ), #115, .T. ) ;
#2300 = CARTESIAN_POINT ( 'NONE',  ( -24.62444047358084021, -2.097490117087819850E-14, 1.175240473580833278 ) ) ;
#2301 = EDGE_CURVE ( 'NONE', #2554, #2693, #2774, .T. ) ;
#2302 = CARTESIAN_POINT ( 'NONE',  ( -25.00000000000000000, -1.299038105676656452, -2.249999999999999556 ) ) ;
#2303 = ORIENTED_EDGE ( 'NONE', *, *, #305, .F. ) ;
#2304 = EDGE_LOOP ( 'NONE', ( #3422, #3777, #2213, #3855, #108, #4545, #2008, #2658, #5313, #1732, #231, #558, #2636, #2243, #3338, #3312, #2686, #2663, #2435, #1623 ) ) ;
#2305 = CARTESIAN_POINT ( 'NONE',  ( 20.16666666666666430, 0.5876202367904140855, -1.017788105676651345 ) ) ;
#2306 = ORIENTED_EDGE ( 'NONE', *, *, #3958, .T. ) ;
#2307 = CARTESIAN_POINT ( 'NONE',  ( -22.62591835126172413, -5.118250892593131023E-05, -1.499999998285846958 ) ) ;
#2308 = CARTESIAN_POINT ( 'NONE',  ( -19.83333333333332504, 0.5876202367904159729, -1.017788105676656896 ) ) ;
#2309 = CARTESIAN_POINT ( 'NONE',  ( -25.00000000000000000, 0.000000000000000000, 0.000000000000000000 ) ) ;
#2310 = CARTESIAN_POINT ( 'NONE',  ( 24.22916666666666785, -1.499999999999999778, -0.8660254037844391517 ) ) ;
#2311 = CARTESIAN_POINT ( 'NONE',  ( 22.70833333333332860, 1.175240473580827949, -0.6785254037844341557 ) ) ;
#2312 = CARTESIAN_POINT ( 'NONE',  ( 21.35416666666666430, -0.5876202367904145296, 1.017788105676650900 ) ) ;
#2313 = CARTESIAN_POINT ( 'NONE',  ( -22.33333333333333570, -0.7500000000000003331, 1.299038105676659338 ) ) ;
#2314 = CARTESIAN_POINT ( 'NONE',  ( 23.93749999999999645, 1.500000000000000000, 0.000000000000000000 ) ) ;
#2315 = CARTESIAN_POINT ( 'NONE',  ( -24.73373885235357506, 0.2432202056642581989, -1.284538852358965144 ) ) ;
#2316 = CARTESIAN_POINT ( 'NONE',  ( -22.04166666666667140, 1.500000000000000888, -0.8660254037844402619 ) ) ;
#2317 = CARTESIAN_POINT ( 'NONE',  ( -22.77083333333332504, 0.5876202367904159729, -1.017788105676656896 ) ) ;
#2318 = CARTESIAN_POINT ( 'NONE',  ( -20.18749999999998934, -1.500000000000001332, 1.836970198721031413E-16 ) ) ;
#2319 = CARTESIAN_POINT ( 'NONE',  ( 21.20229952641916782, -1.471475802235590713, -0.2911339269736950008 ) ) ;
#2320 = CARTESIAN_POINT ( 'NONE',  ( -24.04166666666666075, -1.175240473580833722, 0.6785254037844379305 ) ) ;
#2321 = CARTESIAN_POINT ( 'NONE',  ( -24.79166666666666785, -1.500000000000000888, 0.8660254037844398178 ) ) ;
#2322 = CIRCLE ( 'NONE', #858, 1.500000000000000666 ) ;
#2323 = CARTESIAN_POINT ( 'NONE',  ( -21.64733257571774772, -0.4019863629193259902, -1.499963872726847836 ) ) ;
#2324 = DIRECTION ( 'NONE',  ( 0.000000000000000000, 0.000000000000000000, 1.000000000000000000 ) ) ;
#2325 =( BOUNDED_CURVE ( )  B_SPLINE_CURVE ( 2, ( #1146, #2804, #4855, #1990, #3648, #3240, #4527, #2828, #727, #4475, #289, #2364, #1173, #1199, #1936, #4030, #751, #2389, #4056, #801, #777, #4081, #2012, #2416, #369, #5348, #3266, #4938, #4164, #119, #3808, #451, #39, #3728, #480, #4193, #2119, #2995, #1309, #4996, #1684, #3377, #3346, #3781, #4664, #66, #3403, #534, #3754, #4248, #5022, #2091, #906, #826, #1253, #2970, #4968, #1279, #2066, #2557, #4638, #2146, #1738, #3321, #14, #94, #4609, #1711, #5050, #4221, #2937, #2174, #2909, #3837, #4583, #4554, #2886, #508, #879, #851, #2474, #1661, #4134, #2584, #2531, #1763, #5075, #1334, #933, #2502, #1227, #422, #2721, #204, #3458, #4276, #1444, #4364, #3890, #5187, #1820, #1069, #3975, #5127, #1851, #586, #4389, #562, #1385, #2667, #5214, #143, #3951, #645, #3863, #671, #2308, #256, #2197, #3431, #2252, #1790, #3513, #4334, #3051, #4717, #5099, #987, #2641, #1878, #2282, #4305, #3107, #2614, #4774, #615, #2222, #173, #1044, #2697, #1361, #3133, #233 ),
 .UNSPECIFIED., .F., .F. ) 
 B_SPLINE_CURVE_WITH_KNOTS ( ( 3, 2, 2, 2, 2, 2, 2, 2, 2, 2, 2, 2, 2, 2, 2, 2, 2, 2, 2, 2, 2, 2, 2, 2, 2, 2, 2, 2, 2, 2, 2, 2, 2, 2, 2, 2, 2, 2, 2, 2, 2, 2, 2, 2, 2, 2, 2, 2, 2, 2, 2, 2, 2, 2, 2, 2, 2, 2, 2, 2, 2, 2, 2, 2, 2, 2, 2, 2, 2, 2, 2, 3 ),
 ( 0.09725738075968268226, 0.1036546253191430456, 0.1166114534840359401, 0.1295682816489288069, 0.1425251098138216876, 0.1554819379787145683, 0.1684387661436074490, 0.1813955943085003297, 0.1943524224733932382, 0.2073092506382860911, 0.2202660788031789996, 0.2332229069680718803, 0.2461797351329647332, 0.2591365632978576139, 0.2720933914627504668, 0.2850502196276433753, 0.2980070477925362837, 0.3109638759574291367, 0.3239207041223220451, 0.3368775322872148426, 0.3498343604521078065, 0.3627911886170006595, 0.3757480167818935124, 0.3887048449467864764, 0.4016616731116793293, 0.4146185012765720712, 0.4275753294414651462, 0.4405321576063578881, 0.4534889857712508521, 0.4664458139361437050, 0.4794026421010365580, 0.4923594702659295219, 0.5053162984308223749, 0.5182731265957151168, 0.5312299547606080807, 0.5441867829255009337, 0.5571436110903938976, 0.5701004392552867506, 0.5830572674201796035, 0.5960140955850724565, 0.6089709237499653094, 0.6219277519148582734, 0.6348845800797511263, 0.6478414082446440903, 0.6607982364095369432, 0.6737550645744297961, 0.6867118927393227601, 0.6996687209042155020, 0.7126255490691084660, 0.7255823772340013189, 0.7385392053988941719, 0.7514960335637870248, 0.7644528617286799888, 0.7774096898935729527, 0.7903665180584656946, 0.8033233462233585476, 0.8162801743882515115, 0.8292370025531443645, 0.8421938307180372174, 0.8551506588829300703, 0.8681074870478229233, 0.8810643152127159983, 0.8940211433776087402, 0.9069779715425017041, 0.9199347997073945571, 0.9328916278722874100, 0.9458484560371802630, 0.9588052842020731159, 0.9717621123669660799, 0.9847189405318588218, 0.9976757686967517857, 1.000000000000000000 ),
 .UNSPECIFIED. ) 
 CURVE ( )  GEOMETRIC_REPRESENTATION_ITEM ( )  RATIONAL_B_SPLINE_CURVE ( ( 0.9330232176613226791, 0.9338520009805977296, 1.000000000000000000, 0.8660254037844387076, 1.000000000000000000, 0.8660254037844387076, 1.000000000000000000, 0.8660254037844387076, 1.000000000000000000, 0.8660254037844387076, 1.000000000000000000, 0.8660254037844387076, 1.000000000000000000, 0.8660254037844387076, 1.000000000000000000, 0.8660254037844387076, 1.000000000000000000, 0.8660254037844387076, 1.000000000000000000, 0.8660254037844387076, 1.000000000000000000, 0.8660254037844387076, 1.000000000000000000, 0.8660254037844387076, 1.000000000000000000, 0.8660254037844387076, 1.000000000000000000, 0.8660254037844387076, 1.000000000000000000, 0.8660254037844387076, 1.000000000000000000, 0.8660254037844387076, 1.000000000000000000, 0.8660254037844387076, 1.000000000000000000, 0.8660254037844387076, 1.000000000000000000, 0.8660254037844387076, 1.000000000000000000, 0.8660254037844387076, 1.000000000000000000, 0.8660254037844387076, 1.000000000000000000, 0.8660254037844387076, 1.000000000000000000, 0.8660254037844387076, 1.000000000000000000, 0.8660254037844387076, 1.000000000000000000, 0.8660254037844387076, 1.000000000000000000, 0.8660254037844387076, 1.000000000000000000, 0.8660254037844387076, 1.000000000000000000, 0.8660254037844387076, 1.000000000000000000, 0.8660254037844387076, 1.000000000000000000, 0.8660254037844387076, 1.000000000000000000, 0.8660254037844387076, 1.000000000000000000, 0.8660254037844387076, 1.000000000000000000, 0.8660254037844387076, 1.000000000000000000, 0.8660254037844387076, 1.000000000000000000, 0.8660254037844387076, 1.000000000000000000, 0.8660254037844387076, 1.000000000000000000, 0.8660254037844387076, 1.000000000000000000, 0.8660254037844387076, 1.000000000000000000, 0.8660254037844387076, 1.000000000000000000, 0.8660254037844387076, 1.000000000000000000, 0.8660254037844387076, 1.000000000000000000, 0.8660254037844387076, 1.000000000000000000, 0.8660254037844387076, 1.000000000000000000, 0.8660254037844387076, 1.000000000000000000, 0.8660254037844387076, 1.000000000000000000, 0.8660254037844387076, 1.000000000000000000, 0.8660254037844387076, 1.000000000000000000, 0.8660254037844387076, 1.000000000000000000, 0.8660254037844387076, 1.000000000000000000, 0.8660254037844387076, 1.000000000000000000, 0.8660254037844387076, 1.000000000000000000, 0.8660254037844387076, 1.000000000000000000, 0.8660254037844387076, 1.000000000000000000, 0.8660254037844387076, 1.000000000000000000, 0.8660254037844387076, 1.000000000000000000, 0.8660254037844387076, 1.000000000000000000, 0.8660254037844387076, 1.000000000000000000, 0.8660254037844387076, 1.000000000000000000, 0.8660254037844387076, 1.000000000000000000, 0.8660254037844387076, 1.000000000000000000, 0.8660254037844387076, 1.000000000000000000, 0.8660254037844387076, 1.000000000000000000, 0.8660254037844387076, 1.000000000000000000, 0.8660254037844387076, 1.000000000000000000, 0.8660254037844387076, 1.000000000000000000, 0.8660254037844387076, 1.000000000000000000, 0.8660254037844387076, 1.000000000000000000, 0.8660254037844387076, 1.000000000000000000, 0.8660254037844387076, 1.000000000000000000, 0.8660254037844387076, 1.000000000000000000, 0.9759672701990476096, 0.9605566541121950408 ) ) 
 REPRESENTATION_ITEM ( '' )  );
#2326 = DIRECTION ( 'NONE',  ( -1.000000000000000000, -0.000000000000000000, -0.000000000000000000 ) ) ;
#2327 = ORIENTED_EDGE ( 'NONE', *, *, #545, .T. ) ;
#2328 = ORIENTED_EDGE ( 'NONE', *, *, #1721, .F. ) ;
#2329 = B_SPLINE_CURVE_WITH_KNOTS ( 'NONE', 3,
 ( #5335, #3253, #2738, #1136, #3175, #1592, #5232, #689, #1952, #4488, #4819, #3228, #5309, #3151, #4926, #2715, #4383, #3612, #4410, #4844, #304, #4465 ),
 .UNSPECIFIED., .F., .F.,
 ( 4, 2, 2, 2, 2, 2, 2, 2, 2, 2, 4 ),
 ( 0.002849594652980384606, 0.003387198934458409208, 0.003924803215936433810, 0.004462407497414458413, 0.004731209638153472015, 0.005000011778892483882, 0.005537616060370511087, 0.006075220341848536557, 0.006344022482587549291, 0.006612824623326563761, 0.007150428904804589231 ),
 .UNSPECIFIED. ) ;
#2330 = CARTESIAN_POINT ( 'NONE',  ( 20.49999999999999645, -1.175240473580827949, -1.439254484199180504E-16 ) ) ;
#2331 = ORIENTED_EDGE ( 'NONE', *, *, #2765, .F. ) ;
#2332 = CARTESIAN_POINT ( 'NONE',  ( -19.62612518940448680, -6.371588142641146856E-05, -1.499999997425524478 ) ) ;
#2333 = CARTESIAN_POINT ( 'NONE',  ( -23.60416666666665719, 0.5876202367904169721, 1.017788105676656452 ) ) ;
#2334 = CYLINDRICAL_SURFACE ( 'NONE', #4794, 1.500000000000000666 ) ;
#2335 = CARTESIAN_POINT ( 'NONE',  ( 21.02083333333333215, -0.5876202367904137525, -1.017788105676651345 ) ) ;
#2336 = CARTESIAN_POINT ( 'NONE',  ( -24.16666666666667140, -0.7500000000000013323, -1.299038105676658894 ) ) ;
#2337 = DIRECTION ( 'NONE',  ( 1.000000000000000000, 0.000000000000000000, 0.000000000000000000 ) ) ;
#2338 = AXIS2_PLACEMENT_3D ( 'NONE', #7, #3287, #4128 ) ;
#2339 = CARTESIAN_POINT ( 'NONE',  ( -23.50000000000000355, 1.500000000000001332, 0.000000000000000000 ) ) ;
#2340 = CARTESIAN_POINT ( 'NONE',  ( 24.81249999999999645, 1.060575238724906915E-16, -1.732050807568877193 ) ) ;
#2341 = AXIS2_PLACEMENT_3D ( 'NONE', #4326, #2246, #3830 ) ;
#2342 = CARTESIAN_POINT ( 'NONE',  ( 20.87499999999999645, 0.000000000000000000, 0.000000000000000000 ) ) ;
#2343 = CARTESIAN_POINT ( 'NONE',  ( -24.64192136142610323, 0.09641379143796209583, 1.192721361424439186 ) ) ;
#2344 = CARTESIAN_POINT ( 'NONE',  ( -20.56249999999998934, -3.181725716174723456E-16, -1.732050807568878747 ) ) ;
#2345 = CARTESIAN_POINT ( 'NONE',  ( 24.62499999999998934, -1.070288237343536286, 1.050943903833152504 ) ) ;
#2346 = CIRCLE ( 'NONE', #1919, 1.500000000000000222 ) ;
#2347 = CARTESIAN_POINT ( 'NONE',  ( -25.04166666666665364, -1.175240473580833722, 0.6785254037844379305 ) ) ;
#2348 = CARTESIAN_POINT ( 'NONE',  ( -24.58333333333333925, 0.7499999999999995559, -1.299038105676659560 ) ) ;
#2349 = CARTESIAN_POINT ( 'NONE',  ( -21.66666666666667140, -0.7500000000000013323, -1.299038105676658894 ) ) ;
#2350 = EDGE_LOOP ( 'NONE', ( #360, #1850, #4045 ) ) ;
#2351 = CARTESIAN_POINT ( 'NONE',  ( -23.60416666666665719, 0.5876202367904169721, 1.017788105676656452 ) ) ;
#2352 = EDGE_CURVE ( 'NONE', #4513, #134, #2325, .T. ) ;
#2353 = CARTESIAN_POINT ( 'NONE',  ( -18.60000000000000142, 1.836970198721030427E-16, -1.500000000000000666 ) ) ;
#2354 = ORIENTED_EDGE ( 'NONE', *, *, #864, .F. ) ;
#2355 =( BOUNDED_CURVE ( )  B_SPLINE_CURVE ( 2, ( #60, #1705, #2552, #2030, #32, #795, #2848, #3694, #2437 ),
 .UNSPECIFIED., .F., .F. ) 
 B_SPLINE_CURVE_WITH_KNOTS ( ( 3, 2, 2, 2, 3 ),
 ( 0.2500000000000000000, 0.2575757575757575690, 0.2727272727272727071, 0.2878787878787879007, 0.2954545454545454697 ),
 .UNSPECIFIED. ) 
 CURVE ( )  GEOMETRIC_REPRESENTATION_ITEM ( )  RATIONAL_B_SPLINE_CURVE ( ( 0.9330127018922194093, 0.9330127018922194093, 1.000000000000000000, 0.8660254037844387076, 1.000000000000000000, 0.8660254037844387076, 1.000000000000000000, 0.9330127018922194093, 0.9330127018922194093 ) ) 
 REPRESENTATION_ITEM ( '' )  );
#2356 = VERTEX_POINT ( 'NONE', #3021 ) ;
#2357 = CARTESIAN_POINT ( 'NONE',  ( -24.06249999999998934, 8.309539638847769097E-17, 1.357050807568875195 ) ) ;
#2358 = CARTESIAN_POINT ( 'NONE',  ( -18.62500000000000711, -3.181725716174723456E-16, -1.732050807568878747 ) ) ;
#2359 = CARTESIAN_POINT ( 'NONE',  ( -22.81249999999999289, -2.492861891654330359E-16, -1.357050807568875195 ) ) ;
#2360 = CARTESIAN_POINT ( 'NONE',  ( 24.52083333333333215, 0.7499999999999988898, 1.299038105676658672 ) ) ;
#2361 = CARTESIAN_POINT ( 'NONE',  ( 21.68750000000000000, 1.175240473580827949, 0.000000000000000000 ) ) ;
#2362 = CARTESIAN_POINT ( 'NONE',  ( 21.83333333333332860, -0.7499999999999996669, -1.299038105676658228 ) ) ;
#2363 = EDGE_CURVE ( 'NONE', #4267, #4356, #4549, .T. ) ;
#2364 = CARTESIAN_POINT ( 'NONE',  ( -24.20833333333332860, 1.175240473580833722, 0.6785254037844374864 ) ) ;
#2365 = CARTESIAN_POINT ( 'NONE',  ( 24.54166666666666785, -1.175240473580827505, -0.6785254037844345998 ) ) ;
#2366 = CARTESIAN_POINT ( 'NONE',  ( 24.02083333333333215, 0.7499999999999988898, 1.299038105676658672 ) ) ;
#2367 = DIRECTION ( 'NONE',  ( 1.000000000000000000, 0.000000000000000000, 0.000000000000000000 ) ) ;
#2368 = CARTESIAN_POINT ( 'NONE',  ( -22.12471831453381199, 1.574186910151239357E-05, -1.499999999838721232 ) ) ;
#2369 = CARTESIAN_POINT ( 'NONE',  ( -21.50000000000000355, 1.500000000000001332, 0.000000000000000000 ) ) ;
#2370 = CARTESIAN_POINT ( 'NONE',  ( -20.97916666666666075, 1.500000000000000888, -0.8660254037844402619 ) ) ;
#2371 = CARTESIAN_POINT ( 'NONE',  ( -18.60000000000000142, 0.000000000000000000, 1.500000000000000666 ) ) ;
#2372 = CARTESIAN_POINT ( 'NONE',  ( -23.08333333333332504, -0.5876202367904166390, 1.017788105676656674 ) ) ;
#2373 = CARTESIAN_POINT ( 'NONE',  ( -22.58333333333333570, 0.7499999999999995559, -1.299038105676659560 ) ) ;
#2374 = CARTESIAN_POINT ( 'NONE',  ( 22.50000000000000000, 1.500000000000000000, 0.000000000000000000 ) ) ;
#2375 = CARTESIAN_POINT ( 'NONE',  ( -21.62622106121219545, -6.978510182854183832E-05, -1.499999996966381977 ) ) ;
#2376 = CARTESIAN_POINT ( 'NONE',  ( 22.41666666666666430, 0.7500000000000002220, -1.299038105676658006 ) ) ;
#2377 = CARTESIAN_POINT ( 'NONE',  ( -23.22916666666665719, 1.175240473580833500, -0.6785254037844382635 ) ) ;
#2378 = CARTESIAN_POINT ( 'NONE',  ( 19.79903810567665801, 1.299038105676658228, 2.250000000000000000 ) ) ;
#2379 = EDGE_CURVE ( 'NONE', #2272, #2273, #2684, .T. ) ;
#2380 = VERTEX_POINT ( 'NONE', #1871 ) ;
#2381 = CARTESIAN_POINT ( 'NONE',  ( -18.75698064069052862, 0.7632947664964472301, -0.8936281498372999899 ) ) ;
#2382 = ORIENTED_EDGE ( 'NONE', *, *, #3598, .F. ) ;
#2383 = CARTESIAN_POINT ( 'NONE',  ( -22.93749999999999289, -1.175240473580833722, 1.439254484199187407E-16 ) ) ;
#2384 = CARTESIAN_POINT ( 'NONE',  ( 21.39583333333333215, 1.500000000000000000, -0.8660254037844384856 ) ) ;
#2385 = CARTESIAN_POINT ( 'NONE',  ( -22.39583333333331794, -1.175240473580834166, -0.6785254037844372643 ) ) ;
#2386 = CARTESIAN_POINT ( 'NONE',  ( -24.79903810567666156, 1.299038105676659782, -2.249999999999999556 ) ) ;
#2387 = CYLINDRICAL_SURFACE ( 'NONE', #773, 1.500000000000000666 ) ;
#2388 = CARTESIAN_POINT ( 'NONE',  ( -24.87756511051258101, -0.7127157445144423065, 1.289391416255212697 ) ) ;
#2389 = CARTESIAN_POINT ( 'NONE',  ( -23.95833333333332504, -1.175240473580834166, -0.6785254037844372643 ) ) ;
#2390 = CARTESIAN_POINT ( 'NONE',  ( 23.12500000000000000, 8.309539638847728421E-17, -1.357050807568868533 ) ) ;
#2391 = EDGE_CURVE ( 'NONE', #4333, #3940, #3125, .T. ) ;
#2392 = CARTESIAN_POINT ( 'NONE',  ( 22.56249999999999645, -3.181725716174720005E-16, 1.732050807568877193 ) ) ;
#2393 = CARTESIAN_POINT ( 'NONE',  ( 19.99999999999999645, 1.948557158514986565, 1.125000000000000222 ) ) ;
#2394 = DIRECTION ( 'NONE',  ( 1.000000000000000000, 0.000000000000000000, -0.000000000000000000 ) ) ;
#2395 = CARTESIAN_POINT ( 'NONE',  ( -20.83482909936925154, 0.4019237886466845988, 1.500000000000001110 ) ) ;
#2396 = CARTESIAN_POINT ( 'NONE',  ( -19.10416666666665719, -0.7500000000000013323, -1.299038105676658894 ) ) ;
#2397 = DIRECTION ( 'NONE',  ( 1.000000000000000000, 0.000000000000000000, 0.000000000000000000 ) ) ;
#2398 = CARTESIAN_POINT ( 'NONE',  ( -22.79166666666665719, 1.175240473580833500, -0.6785254037844382635 ) ) ;
#2399 = CARTESIAN_POINT ( 'NONE',  ( -22.16666666666667140, -0.7500000000000013323, -1.299038105676658894 ) ) ;
#2400 = CARTESIAN_POINT ( 'NONE',  ( 23.04166666666666430, 1.499999999999999778, 0.8660254037844394848 ) ) ;
#2401 = CARTESIAN_POINT ( 'NONE',  ( -21.87500083245187810, 1.498413736887682167E-05, 1.499999999925159644 ) ) ;
#2402 = ORIENTED_EDGE ( 'NONE', *, *, #491, .T. ) ;
#2403 = AXIS2_PLACEMENT_3D ( 'NONE', #3165, #2367, #1150 ) ;
#2404 = FACE_OUTER_BOUND ( 'NONE', #3199, .T. ) ;
#2405 = VERTEX_POINT ( 'NONE', #227 ) ;
#2406 = CARTESIAN_POINT ( 'NONE',  ( -23.31249999999998934, 2.033577675846917841E-16, 1.500000000000001110 ) ) ;
#2407 = ORIENTED_EDGE ( 'NONE', *, *, #4188, .F. ) ;
#2408 = CARTESIAN_POINT ( 'NONE',  ( -23.81249999999998934, -2.492861891654330359E-16, -1.357050807568875195 ) ) ;
#2409 = CARTESIAN_POINT ( 'NONE',  ( 19.99999999999999645, 0.000000000000000000, 0.000000000000000000 ) ) ;
#2410 = CARTESIAN_POINT ( 'NONE',  ( -22.68749999999999289, 1.175240473580833722, 0.000000000000000000 ) ) ;
#2411 = ORIENTED_EDGE ( 'NONE', *, *, #894, .F. ) ;
#2412 = CARTESIAN_POINT ( 'NONE',  ( -19.37499997226790072, -5.158373235542182854E-07, 1.499999999999912292 ) ) ;
#2413 = CYLINDRICAL_SURFACE ( 'NONE', #1537, 1.500000000000000222 ) ;
#2414 = CARTESIAN_POINT ( 'NONE',  ( -24.81253340996544310, -1.342309126561890942, -0.2981554848036432892 ) ) ;
#2415 = ADVANCED_FACE ( 'NONE', ( #2607 ), #4792, .F. ) ;
#2416 = CARTESIAN_POINT ( 'NONE',  ( -23.70833333333332504, 1.175240473580833722, 0.6785254037844374864 ) ) ;
#2417 = CARTESIAN_POINT ( 'NONE',  ( 24.62499999999999645, 8.309539638847728421E-17, -1.357050807568868533 ) ) ;
#2418 = CARTESIAN_POINT ( 'NONE',  ( 20.93749999999999645, 1.500000000000000000, 0.000000000000000000 ) ) ;
#2419 = LINE ( 'NONE', #42, #2229 ) ;
#2420 = CARTESIAN_POINT ( 'NONE',  ( 20.87753999999999621, -0.03582132963469344955, 1.174694429664876694 ) ) ;
#2421 = CARTESIAN_POINT ( 'NONE',  ( -22.97916666666665719, 1.500000000000000888, -0.8660254037844402619 ) ) ;
#2422 = CARTESIAN_POINT ( 'NONE',  ( -24.58333333333332504, -0.5876202367904166390, 1.017788105676656674 ) ) ;
#2423 = DIRECTION ( 'NONE',  ( 0.000000000000000000, 0.000000000000000000, -1.000000000000000000 ) ) ;
#2424 = CARTESIAN_POINT ( 'NONE',  ( -22.70833333333332504, 1.175240473580833944, 0.6785254037844374864 ) ) ;
#2425 = CARTESIAN_POINT ( 'NONE',  ( -22.33333333333333570, -0.7500000000000003331, 1.299038105676659338 ) ) ;
#2426 = CARTESIAN_POINT ( 'NONE',  ( 21.70833333333333215, -1.500000000000000444, 0.8660254037844380415 ) ) ;
#2427 = CARTESIAN_POINT ( 'NONE',  ( -22.06249999999999289, 6.333141904780402276E-15, -1.500000000000001554 ) ) ;
#2428 = LINE ( 'NONE', #838, #1074 ) ;
#2429 = AXIS2_PLACEMENT_3D ( 'NONE', #4627, #4985, #1240 ) ;
#2430 = EDGE_CURVE ( 'NONE', #4351, #847, #3137, .T. ) ;
#2431 = CARTESIAN_POINT ( 'NONE',  ( 22.79017090063073780, -0.4019237886466838217, -1.499999999999999778 ) ) ;
#2432 = CARTESIAN_POINT ( 'NONE',  ( 21.58333333333333215, 0.7499999999999988898, 1.299038105676658672 ) ) ;
#2433 = ORIENTED_EDGE ( 'NONE', *, *, #3692, .T. ) ;
#2434 = CARTESIAN_POINT ( 'NONE',  ( 21.37499999999999645, 2.033577675846917841E-16, -1.499999999999999778 ) ) ;
#2435 = ORIENTED_EDGE ( 'NONE', *, *, #133, .F. ) ;
#2436 = CARTESIAN_POINT ( 'NONE',  ( -22.31249999999999645, -2.492861891654330359E-16, -1.357050807568875195 ) ) ;
#2437 = CARTESIAN_POINT ( 'NONE',  ( 23.81249999999999645, 2.033577675846917841E-16, -1.499999999999999778 ) ) ;
#2438 = B_SPLINE_CURVE_WITH_KNOTS ( 'NONE', 3,
 ( #678, #2315, #3324, #2831, #1176, #426, #4503, #1636, #2889, #804, #1283, #3679 ),
 .UNSPECIFIED., .F., .F.,
 ( 4, 2, 2, 2, 2, 4 ),
 ( 0.005698625930766889475, 0.006424568036672635707, 0.007150510142578381939, 0.007876452248484128171, 0.008239423301437001287, 0.008602394354389874404 ),
 .UNSPECIFIED. ) ;
#2439 = CARTESIAN_POINT ( 'NONE',  ( -23.81249999999998934, -2.492861891654330359E-16, -1.357050807568875195 ) ) ;
#2440 = EDGE_LOOP ( 'NONE', ( #358, #114, #669, #5334 ) ) ;
#2441 = CARTESIAN_POINT ( 'NONE',  ( 23.58333333333333215, 0.7499999999999988898, 1.299038105676658672 ) ) ;
#2442 = CARTESIAN_POINT ( 'NONE',  ( -24.91074498996844255, 2.385217236779677119, -0.3686825588085547167 ) ) ;
#2443 = CARTESIAN_POINT ( 'NONE',  ( -24.25000000000000355, -1.500000000000001332, 1.836970198721031413E-16 ) ) ;
#2444 = CARTESIAN_POINT ( 'NONE',  ( 20.81250000000000000, -2.492861891654318526E-16, 1.357050807568868533 ) ) ;
#2445 = CARTESIAN_POINT ( 'NONE',  ( 23.87499999999999645, -2.492861891654318526E-16, 1.357050807568868533 ) ) ;
#2446 = CARTESIAN_POINT ( 'NONE',  ( 20.10416666666666430, -0.7500000000000006661, 1.299038105676657562 ) ) ;
#2447 = ADVANCED_FACE ( 'NONE', ( #4738 ), #2661, .F. ) ;
#2448 = DIRECTION ( 'NONE',  ( 0.000000000000000000, 0.000000000000000000, 1.000000000000000000 ) ) ;
#2449 = DIRECTION ( 'NONE',  ( -1.000000000000000000, -0.000000000000000000, -0.000000000000000000 ) ) ;
#2450 = CARTESIAN_POINT ( 'NONE',  ( -21.04017090063073425, 0.4019237886466869303, -1.499999999999999778 ) ) ;
#2451 = CARTESIAN_POINT ( 'NONE',  ( -23.33333333333332504, 0.5876202367904159729, -1.017788105676656896 ) ) ;
#2452 = CARTESIAN_POINT ( 'NONE',  ( 20.98026220551465215, -0.7038683768848503775, 1.071045110930883615 ) ) ;
#2453 = CARTESIAN_POINT ( 'NONE',  ( -22.54166666666666075, -1.175240473580833722, 0.6785254037844379305 ) ) ;
#2454 = CARTESIAN_POINT ( 'NONE',  ( -23.04166666666667140, 1.500000000000000888, -0.8660254037844402619 ) ) ;
#2455 = CARTESIAN_POINT ( 'NONE',  ( 20.62500000000000000, -3.181725716174720005E-16, 1.732050807568877193 ) ) ;
#2456 = CARTESIAN_POINT ( 'NONE',  ( 19.99999999999999645, 0.000000000000000000, 0.000000000000000000 ) ) ;
#2457 = MANIFOLD_SOLID_BREP ( 'Extrude8', #211 ) ;
#2458 = CC_DESIGN_PERSON_AND_ORGANIZATION_ASSIGNMENT ( #2073, #4253, ( #5340 ) ) ;
#2459 = CARTESIAN_POINT ( 'NONE',  ( -24.91807086288271478, 0.4421059630279934871, 1.405193484539678739 ) ) ;
#2460 = CC_DESIGN_APPROVAL ( #3594, ( #3429 ) ) ;
#2461 = CARTESIAN_POINT ( 'NONE',  ( 24.54166666666666430, 1.499999999999999778, 0.8660254037844394848 ) ) ;
#2462 = ADVANCED_FACE ( 'NONE', ( #112 ), #2609, .T. ) ;
#2463 = FACE_OUTER_BOUND ( 'NONE', #1597, .T. ) ;
#2464 = DIRECTION ( 'NONE',  ( 1.000000000000000000, 0.000000000000000000, 0.000000000000000000 ) ) ;
#2465 = ORIENTED_EDGE ( 'NONE', *, *, #4220, .T. ) ;
#2466 = CARTESIAN_POINT ( 'NONE',  ( -21.31249999999999289, -2.492861891654330359E-16, -1.357050807568875195 ) ) ;
#2467 = CARTESIAN_POINT ( 'NONE',  ( 24.89583333333333570, -1.175240473580827949, 0.6785254037844338226 ) ) ;
#2468 = CARTESIAN_POINT ( 'NONE',  ( -20.77083333333332504, 0.5876202367904159729, -1.017788105676656896 ) ) ;
#2469 =( BOUNDED_CURVE ( )  B_SPLINE_CURVE ( 2, ( #2935, #4054, #4908, #3674, #2010, #4108, #1659, #340, #420 ),
 .UNSPECIFIED., .F., .F. ) 
 B_SPLINE_CURVE_WITH_KNOTS ( ( 3, 2, 2, 2, 3 ),
 ( 0.6024923896829766923, 0.6089708024679854059, 0.6219276280524106415, 0.6348844536368358771, 0.6413631198596855265 ),
 .UNSPECIFIED. ) 
 CURVE ( )  GEOMETRIC_REPRESENTATION_ITEM ( )  RATIONAL_B_SPLINE_CURVE ( ( 0.9330127018922192983, 0.9330127019667078248, 1.000000000000000000, 0.8660254037844387076, 1.000000000000000000, 0.8660254037844387076, 1.000000000000000000, 0.9330100813994879339, 0.9330127019947309641 ) ) 
 REPRESENTATION_ITEM ( '' )  );
#2470 = VERTEX_POINT ( 'NONE', #3099 ) ;
#2471 = CARTESIAN_POINT ( 'NONE',  ( -25.00000000000000000, 1.948557158514987231, -1.124999999999999112 ) ) ;
#2472 = CARTESIAN_POINT ( 'NONE',  ( -24.79903810567666156, 2.598076211353316456, 9.160418186769542995E-17 ) ) ;
#2473 = CYLINDRICAL_SURFACE ( 'NONE', #2165, 1.500000000000000222 ) ;
#2474 = CARTESIAN_POINT ( 'NONE',  ( -21.33333333333332504, 0.5876202367904159729, -1.017788105676656896 ) ) ;
#2475 = B_SPLINE_CURVE_WITH_KNOTS ( 'NONE', 3,
 ( #1940, #5271, #2727, #5296 ),
 .UNSPECIFIED., .F., .F.,
 ( 4, 4 ),
 ( 2.380746839935945627E-07, 0.001314652396222795380 ),
 .UNSPECIFIED. ) ;
#2476 = CARTESIAN_POINT ( 'NONE',  ( 24.29166666666666785, 1.175240473580827505, 0.6785254037844348218 ) ) ;
#2477 = CARTESIAN_POINT ( 'NONE',  ( 21.18749999999999645, -1.500000000000000000, -1.836970198721029934E-16 ) ) ;
#2478 = CARTESIAN_POINT ( 'NONE',  ( -24.81249999999998579, -7.262777413738992359E-16, 1.500000000000001110 ) ) ;
#2479 = DIRECTION ( 'NONE',  ( 0.000000000000000000, -0.5000000000000001110, 0.8660254037844385966 ) ) ;
#2480 = CARTESIAN_POINT ( 'NONE',  ( -25.00000000000000000, 0.000000000000000000, 1.550800000000000622 ) ) ;
#2481 = CARTESIAN_POINT ( 'NONE',  ( -23.70833333333332504, 1.175240473580833944, 0.6785254037844374864 ) ) ;
#2482 = CARTESIAN_POINT ( 'NONE',  ( 21.58482909936925864, -0.4019237886466845988, 1.499999999999999778 ) ) ;
#2483 = CARTESIAN_POINT ( 'NONE',  ( -21.29166666666666075, 1.175240473580833500, -0.6785254037844382635 ) ) ;
#2484 = CARTESIAN_POINT ( 'NONE',  ( -22.95833333333333570, 1.500000000000001554, 0.8660254037844392627 ) ) ;
#2485 = CARTESIAN_POINT ( 'NONE',  ( 22.16666666666666430, -0.7500000000000006661, 1.299038105676657562 ) ) ;
#2486 = CARTESIAN_POINT ( 'NONE',  ( -21.89583333333332504, 1.500000000000001110, 0.8660254037844392627 ) ) ;
#2487 = CARTESIAN_POINT ( 'NONE',  ( 24.85778723600555651, 0.9873353111027687312, 0.7989273516596431257 ) ) ;
#2488 = CARTESIAN_POINT ( 'NONE',  ( -19.29166666666667140, -1.500000000000000888, 0.8660254037844398178 ) ) ;
#2489 = CARTESIAN_POINT ( 'NONE',  ( 21.50000000000000000, 1.500000000000000000, 0.000000000000000000 ) ) ;
#2490 = CARTESIAN_POINT ( 'NONE',  ( -24.04166666666667140, 1.500000000000000888, -0.8660254037844402619 ) ) ;
#2491 = AXIS2_PLACEMENT_3D ( 'NONE', #887, #5029, #2620 ) ;
#2492 = ORIENTED_EDGE ( 'NONE', *, *, #3364, .F. ) ;
#2493 = CARTESIAN_POINT ( 'NONE',  ( -21.93749999999999289, -1.175240473580833722, 1.439254484199187407E-16 ) ) ;
#2494 = DIRECTION ( 'NONE',  ( -1.000000000000000000, -0.000000000000000000, -0.000000000000000000 ) ) ;
#2495 = CARTESIAN_POINT ( 'NONE',  ( -21.77083333333332504, 0.5876202367904159729, -1.017788105676656896 ) ) ;
#2496 = EDGE_LOOP ( 'NONE', ( #3973, #2717, #5070, #4296, #3773, #2580, #2853, #4768, #394, #3068, #1979, #365, #4686, #1088, #3096, #1867, #557, #302, #4495, #162, #3583, #842, #2817, #4322, #2214, #1955, #2327, #3586, #3100, #1466, #3691, #1159, #4930 ) ) ;
#2497 = CARTESIAN_POINT ( 'NONE',  ( 23.95833333333333570, -1.175240473580827949, 0.6785254037844338226 ) ) ;
#2498 = CARTESIAN_POINT ( 'NONE',  ( 24.61400283239582265, -0.9270509831247825128, 1.196817672909276986 ) ) ;
#2499 = CARTESIAN_POINT ( 'NONE',  ( -18.60000000000000142, 0.000000000000000000, 0.000000000000000000 ) ) ;
#2500 =( BOUNDED_CURVE ( )  B_SPLINE_CURVE ( 1, ( #4013, #2756 ),
 .UNSPECIFIED., .F., .F. ) 
 B_SPLINE_CURVE_WITH_KNOTS ( ( 2, 2 ),
 ( 0.1627699166573385592, 1.000000000000000000 ),
 .UNSPECIFIED. ) 
 CURVE ( )  GEOMETRIC_REPRESENTATION_ITEM ( )  RATIONAL_B_SPLINE_CURVE ( ( 0.9605540131629901612, 0.9605540131629901612 ) ) 
 REPRESENTATION_ITEM ( '' )  );
#2501 = ADVANCED_FACE ( 'NONE', ( #3913 ), #5094, .F. ) ;
#2502 = CARTESIAN_POINT ( 'NONE',  ( -20.95833333333333215, -1.175240473580834166, -0.6785254037844372643 ) ) ;
#2503 = CARTESIAN_POINT ( 'NONE',  ( 21.75000000000000000, 1.175240473580827949, 0.000000000000000000 ) ) ;
#2504 = B_SPLINE_CURVE_WITH_KNOTS ( 'NONE', 3,
 ( #2900, #4152, #896, #5364 ),
 .UNSPECIFIED., .F., .F.,
 ( 4, 4 ),
 ( 2.380746839935369115E-07, 0.001314652396222795163 ),
 .UNSPECIFIED. ) ;
#2505 = CARTESIAN_POINT ( 'NONE',  ( 20.72916666666666785, -1.499999999999999778, -0.8660254037844391517 ) ) ;
#2506 = CARTESIAN_POINT ( 'NONE',  ( 20.87499999999999645, 1.436143881329345645E-16, -1.172700473580827518 ) ) ;
#2507 = DIRECTION ( 'NONE',  ( 0.000000000000000000, 0.000000000000000000, -1.000000000000000000 ) ) ;
#2508 = CARTESIAN_POINT ( 'NONE',  ( -20.41666666666667496, 0.7500000000000008882, 1.299038105676659116 ) ) ;
#2509 = CARTESIAN_POINT ( 'NONE',  ( -23.91666666666666075, -0.5876202367904174162, -1.017788105676656230 ) ) ;
#2510 = APPROVAL_DATE_TIME ( #2592, #2628 ) ;
#2511 = CARTESIAN_POINT ( 'NONE',  ( -20.87499999999998934, -2.492861891654330359E-16, -1.357050807568875195 ) ) ;
#2512 = CARTESIAN_POINT ( 'NONE',  ( -19.95833333333333925, 1.500000000000001554, 0.8660254037844392627 ) ) ;
#2513 = CARTESIAN_POINT ( 'NONE',  ( 19.83333333333333215, -0.7499999999999996669, -1.299038105676658228 ) ) ;
#2514 = DIRECTION ( 'NONE',  ( 0.000000000000000000, 0.000000000000000000, 1.000000000000000000 ) ) ;
#2515 = LINE ( 'NONE', #4148, #561 ) ;
#2516 = CARTESIAN_POINT ( 'NONE',  ( -18.87500000000000000, -4.666223194931850837E-15, 1.500000000000000888 ) ) ;
#2517 = AXIS2_PLACEMENT_3D ( 'NONE', #4688, #3430, #2221 ) ;
#2518 = CARTESIAN_POINT ( 'NONE',  ( -24.79903810567669709, -1.299038105676706412, -2.249999999999999556 ) ) ;
#2519 = AXIS2_PLACEMENT_3D ( 'NONE', #500, #136, #2139 ) ;
#2520 = ADVANCED_FACE ( 'NONE', ( #138 ), #1784, .T. ) ;
#2521 = CARTESIAN_POINT ( 'NONE',  ( -20.22916666666666075, -1.500000000000000888, 0.8660254037844398178 ) ) ;
#2522 = ORIENTED_EDGE ( 'NONE', *, *, #2032, .F. ) ;
#2523 = CARTESIAN_POINT ( 'NONE',  ( -21.56249999999998934, 8.309539638847769097E-17, 1.357050807568875195 ) ) ;
#2524 = CARTESIAN_POINT ( 'NONE',  ( 24.93749999999999645, -1.175240473580827949, -1.439254484199180504E-16 ) ) ;
#2525 = B_SPLINE_CURVE_WITH_KNOTS ( 'NONE', 3,
 ( #5209, #5259, #3048, #4715, #1013, #2638 ),
 .UNSPECIFIED., .F., .F.,
 ( 4, 2, 4 ),
 ( 0.01033483734257631230, 0.01099171013154318435, 0.01164858292051005814 ),
 .UNSPECIFIED. ) ;
#2526 = CARTESIAN_POINT ( 'NONE',  ( -20.56249999999998934, 8.309539638847769097E-17, 1.357050807568875195 ) ) ;
#2527 = VERTEX_POINT ( 'NONE', #1380 ) ;
#2528 = CARTESIAN_POINT ( 'NONE',  ( 23.37500000000000000, -2.492861891654318526E-16, 1.357050807568868533 ) ) ;
#2529 = LINE ( 'NONE', #3963, #1622 ) ;
#2530 = CARTESIAN_POINT ( 'NONE',  ( -18.60000000000000142, 0.000000000000000000, 0.000000000000000000 ) ) ;
#2531 = CARTESIAN_POINT ( 'NONE',  ( -21.16666666666666075, 0.5876202367904169721, 1.017788105676656452 ) ) ;
#2532 = CARTESIAN_POINT ( 'NONE',  ( 21.79166666666666430, 1.175240473580827505, 0.6785254037844348218 ) ) ;
#2533 = DIRECTION ( 'NONE',  ( -1.000000000000000000, -0.000000000000000000, -0.000000000000000000 ) ) ;
#2534 = B_SPLINE_CURVE_WITH_KNOTS ( 'NONE', 3,
 ( #1914, #4478, #3575, #2393 ),
 .UNSPECIFIED., .F., .F.,
 ( 4, 4 ),
 ( 2.380746839936124827E-07, 0.001314652396222795380 ),
 .UNSPECIFIED. ) ;
#2535 = CARTESIAN_POINT ( 'NONE',  ( -18.73566063255567116, 0.9742108375636646667, -1.140575838764571026 ) ) ;
#2536 = ADVANCED_FACE ( 'NONE', ( #1845 ), #4299, .T. ) ;
#2537 = CARTESIAN_POINT ( 'NONE',  ( -22.56249999999999289, 2.788906526875773602E-15, -1.500000000000001554 ) ) ;
#2538 = CARTESIAN_POINT ( 'NONE',  ( 24.79166666666666075, 1.175240473580827727, 0.6785254037844348218 ) ) ;
#2539 = CARTESIAN_POINT ( 'NONE',  ( -22.83333333333332504, 0.5876202367904159729, -1.017788105676656896 ) ) ;
#2540 =( BOUNDED_CURVE ( )  B_SPLINE_CURVE ( 2, ( #1326, #2632, #4297, #925, #110, #3880, #4656, #1729, #2576 ),
 .UNSPECIFIED., .F., .F. ) 
 B_SPLINE_CURVE_WITH_KNOTS ( ( 3, 2, 2, 2, 3 ),
 ( 0.9423076923076922906, 0.9487179487179486781, 0.9615384615384615641, 0.9743589743589743390, 0.9807692307692308376 ),
 .UNSPECIFIED. ) 
 CURVE ( )  GEOMETRIC_REPRESENTATION_ITEM ( )  RATIONAL_B_SPLINE_CURVE ( ( 0.9330127018922194093, 0.9330127018922194093, 1.000000000000000000, 0.8660254037844387076, 1.000000000000000000, 0.8660254037844387076, 1.000000000000000000, 0.9330127018922187432, 0.9330127018922192983 ) ) 
 REPRESENTATION_ITEM ( '' )  );
#2541 = CARTESIAN_POINT ( 'NONE',  ( -18.95833333333332149, -1.175240473580834166, -0.6785254037844371533 ) ) ;
#2542 = CARTESIAN_POINT ( 'NONE',  ( -19.41666666666667140, 0.7500000000000008882, 1.299038105676659116 ) ) ;
#2543 = CARTESIAN_POINT ( 'NONE',  ( 24.31250000000000000, -2.492861891654318526E-16, 1.357050807568868533 ) ) ;
#2544 = CARTESIAN_POINT ( 'NONE',  ( 22.35267090063073425, -0.4019237886466838217, -1.499999999999999778 ) ) ;
#2545 = CARTESIAN_POINT ( 'NONE',  ( -24.90623843382427793, 0.1121898642744806052, 1.457038433824243695 ) ) ;
#2546 = CARTESIAN_POINT ( 'NONE',  ( 19.85416666666666430, -0.5876202367904145296, 1.017788105676650900 ) ) ;
#2547 = CARTESIAN_POINT ( 'NONE',  ( -19.47916666666665719, 1.500000000000000888, -0.8660254037844402619 ) ) ;
#2548 = CARTESIAN_POINT ( 'NONE',  ( -25.00000000000000355, -0.2200354697423005934, -2.249999999999999556 ) ) ;
#2549 = CARTESIAN_POINT ( 'NONE',  ( 24.62499999999999645, 0.000000000000000000, 0.000000000000000000 ) ) ;
#2550 = ORIENTED_EDGE ( 'NONE', *, *, #1786, .F. ) ;
#2551 = CARTESIAN_POINT ( 'NONE',  ( -19.68749999999998934, 1.175240473580833722, 0.000000000000000000 ) ) ;
#2552 = CARTESIAN_POINT ( 'NONE',  ( 24.02083333333333215, 0.7499999999999988898, 1.299038105676658672 ) ) ;
#2553 = CARTESIAN_POINT ( 'NONE',  ( -20.93749999999998934, -1.175240473580833722, 1.439254484199187407E-16 ) ) ;
#2554 = VERTEX_POINT ( 'NONE', #167 ) ;
#2555 = CARTESIAN_POINT ( 'NONE',  ( 22.16666666666666430, 0.5876202367904140855, -1.017788105676651345 ) ) ;
#2556 = CARTESIAN_POINT ( 'NONE',  ( -24.85970736880917187, 1.088873613270115337, -2.249999999999999556 ) ) ;
#2557 = CARTESIAN_POINT ( 'NONE',  ( -22.20833333333331794, 1.175240473580833722, 0.6785254037844374864 ) ) ;
#2558 = CARTESIAN_POINT ( 'NONE',  ( 21.66666666666666430, 0.5876202367904140855, -1.017788105676651345 ) ) ;
#2559 = CARTESIAN_POINT ( 'NONE',  ( -23.68749999999998934, -1.500000000000001332, 1.836970198721031413E-16 ) ) ;
#2560 = CARTESIAN_POINT ( 'NONE',  ( 23.60416666666666430, 0.5876202367904140855, -1.017788105676651345 ) ) ;
#2561 = CARTESIAN_POINT ( 'NONE',  ( -20.62591874435326034, -5.120537220594853891E-05, -1.499999998284378355 ) ) ;
#2562 = CARTESIAN_POINT ( 'NONE',  ( -22.24999999999999289, 1.175240473580833722, 0.000000000000000000 ) ) ;
#2563 = CALENDAR_DATE ( 2026, 8, 1 ) ;
#2564 = CARTESIAN_POINT ( 'NONE',  ( -19.66666666666665719, 0.5876202367904169721, 1.017788105676656452 ) ) ;
#2565 = CARTESIAN_POINT ( 'NONE',  ( -19.66666666666667140, -0.7500000000000013323, -1.299038105676658894 ) ) ;
#2566 = CARTESIAN_POINT ( 'NONE',  ( 19.87500000000000000, 1.060575238724906915E-16, -1.732050807568877193 ) ) ;
#2567 = EDGE_CURVE ( 'NONE', #774, #1575, #1813, .T. ) ;
#2568 = CARTESIAN_POINT ( 'NONE',  ( -23.10267250815410023, 0.4018948532263267315, -1.500016705872733835 ) ) ;
#2569 =( BOUNDED_CURVE ( )  B_SPLINE_CURVE ( 2, ( #2561, #4198, #4668, #910, #98, #4643, #2508, #2914, #2891 ),
 .UNSPECIFIED., .F., .F. ) 
 B_SPLINE_CURVE_WITH_KNOTS ( ( 3, 2, 2, 2, 3 ),
 ( 0.6802325255424878092, 0.6867117559745368194, 0.6996685815589619439, 0.7126254071433871795, 0.7191043286449310123 ),
 .UNSPECIFIED. ) 
 CURVE ( )  GEOMETRIC_REPRESENTATION_ITEM ( )  RATIONAL_B_SPLINE_CURVE ( ( 0.9330127029592559795, 0.9330042474319653056, 1.000000000000000000, 0.8660254037844387076, 1.000000000000000000, 0.8660254037844387076, 1.000000000000000000, 0.9330074417977002321, 0.9330127023052617874 ) ) 
 REPRESENTATION_ITEM ( '' )  );
#2570 = CARTESIAN_POINT ( 'NONE',  ( -21.89583333333332504, 1.500000000000001554, 0.8660254037844392627 ) ) ;
#2571 = CARTESIAN_POINT ( 'NONE',  ( 23.74999999999999645, -1.500000000000000000, -1.836970198721029934E-16 ) ) ;
#2572 = CARTESIAN_POINT ( 'NONE',  ( 25.16666666666666430, 0.5876202367904140855, -1.017788105676651345 ) ) ;
#2573 = CYLINDRICAL_SURFACE ( 'NONE', #694, 1.500000000000000666 ) ;
#2574 = FACE_OUTER_BOUND ( 'NONE', #2193, .T. ) ;
#2575 = ORIENTED_EDGE ( 'NONE', *, *, #1337, .F. ) ;
#2576 = CARTESIAN_POINT ( 'NONE',  ( -19.06249999999999289, 6.333141904780402276E-15, -1.500000000000001554 ) ) ;
#2577 = CARTESIAN_POINT ( 'NONE',  ( 23.22916666666666430, 1.175240473580827505, 0.6785254037844348218 ) ) ;
#2578 = CARTESIAN_POINT ( 'NONE',  ( -21.10416666666666075, 0.5876202367904169721, 1.017788105676656452 ) ) ;
#2579 = ORIENTED_EDGE ( 'NONE', *, *, #2567, .T. ) ;
#2580 = ORIENTED_EDGE ( 'NONE', *, *, #1536, .T. ) ;
#2581 = CARTESIAN_POINT ( 'NONE',  ( 23.33333333333333215, 0.5876202367904130863, 1.017788105676651789 ) ) ;
#2582 = VECTOR ( 'NONE', #4942, 1000.000000000000000 ) ;
#2583 = CARTESIAN_POINT ( 'NONE',  ( -23.37500004985463065, 9.393833196757185293E-07, 1.499999999999706901 ) ) ;
#2584 = CARTESIAN_POINT ( 'NONE',  ( -21.20833333333332504, 1.175240473580833722, 0.6785254037844374864 ) ) ;
#2585 = AXIS2_PLACEMENT_3D ( 'NONE', #3501, #4790, #4381 ) ;
#2586 = CARTESIAN_POINT ( 'NONE',  ( 21.87500000000000000, -2.492861891654318526E-16, 1.357050807568868533 ) ) ;
#2587 = CARTESIAN_POINT ( 'NONE',  ( -21.54017090063073070, 0.4019237886466836551, -1.500000000000001776 ) ) ;
#2588 = CARTESIAN_POINT ( 'NONE',  ( 23.93749999999999645, -1.175240473580827949, -1.439254484199180504E-16 ) ) ;
#2589 = ADVANCED_FACE ( 'NONE', ( #4767 ), #450, .T. ) ;
#2590 = CARTESIAN_POINT ( 'NONE',  ( -24.91074498996845321, -1.511897080250305558, -1.881317441191427298 ) ) ;
#2591 = CARTESIAN_POINT ( 'NONE',  ( -20.83333333333332504, 0.5876202367904159729, -1.017788105676656896 ) ) ;
#2592 = DATE_AND_TIME ( #3409, #128 ) ;
#2593 = CARTESIAN_POINT ( 'NONE',  ( -20.62499999999998934, 8.309539638847769097E-17, 1.357050807568875195 ) ) ;
#2594 = CARTESIAN_POINT ( 'NONE',  ( -20.66666666666667496, -0.7500000000000013323, -1.299038105676658894 ) ) ;
#2595 = CARTESIAN_POINT ( 'NONE',  ( 24.43749999999999645, -1.175240473580827949, -1.439254484199180504E-16 ) ) ;
#2596 = CARTESIAN_POINT ( 'NONE',  ( 21.83482909936925864, 0.4019237886466842657, -1.499999999999999778 ) ) ;
#2597 = CARTESIAN_POINT ( 'NONE',  ( -23.81249999999998934, 1.060575238724907778E-16, 1.732050807568878747 ) ) ;
#2598 = CARTESIAN_POINT ( 'NONE',  ( 23.35416666666666430, 0.7500000000000002220, -1.299038105676658006 ) ) ;
#2599 = CARTESIAN_POINT ( 'NONE',  ( 21.43750000000000000, -1.175240473580827949, -1.439254484199180504E-16 ) ) ;
#2600 = DIRECTION ( 'NONE',  ( 0.000000000000000000, 0.000000000000000000, 1.000000000000000000 ) ) ;
#2601 = ORIENTED_EDGE ( 'NONE', *, *, #5343, .T. ) ;
#2602 = EDGE_CURVE ( 'NONE', #4020, #1411, #210, .T. ) ;
#2603 = ORIENTED_EDGE ( 'NONE', *, *, #1702, .F. ) ;
#2604 = CONICAL_SURFACE ( 'NONE', #711, 2.250000000000000000, 1.047197551196600074 ) ;
#2605 = CARTESIAN_POINT ( 'NONE',  ( -18.89583333333332504, -1.175240473580834166, -0.6785254037844371533 ) ) ;
#2606 = CARTESIAN_POINT ( 'NONE',  ( 23.52083333333333215, -0.5876202367904137525, -1.017788105676651345 ) ) ;
#2607 = FACE_OUTER_BOUND ( 'NONE', #2218, .T. ) ;
#2608 = ORIENTED_EDGE ( 'NONE', *, *, #1226, .F. ) ;
#2609 = CONICAL_SURFACE ( 'NONE', #2081, 2.250000000000000000, 1.047197551196600074 ) ;
#2610 = ORIENTED_EDGE ( 'NONE', *, *, #3518, .F. ) ;
#2611 = CARTESIAN_POINT ( 'NONE',  ( 24.12499999999999645, 8.309539638847728421E-17, -1.357050807568868533 ) ) ;
#2612 = CARTESIAN_POINT ( 'NONE',  ( -23.72916666666666075, 1.175240473580833500, -0.6785254037844382635 ) ) ;
#2613 = CONICAL_SURFACE ( 'NONE', #17, 2.250000000000000000, 1.047197551196600074 ) ;
#2614 = CARTESIAN_POINT ( 'NONE',  ( -19.12499999999999645, 8.309539638847769097E-17, 1.357050807568875195 ) ) ;
#2615 = CARTESIAN_POINT ( 'NONE',  ( 21.91666666666666430, -0.5876202367904145296, 1.017788105676650900 ) ) ;
#2616 = CARTESIAN_POINT ( 'NONE',  ( 19.99999999999999645, 0.000000000000000000, 0.000000000000000000 ) ) ;
#2617 = CARTESIAN_POINT ( 'NONE',  ( 24.22916666666666785, 1.175240473580827727, 0.6785254037844348218 ) ) ;
#2618 = CARTESIAN_POINT ( 'NONE',  ( 22.79166666666666785, 1.175240473580827727, 0.6785254037844348218 ) ) ;
#2619 = CARTESIAN_POINT ( 'NONE',  ( -21.91666666666665719, -0.5876202367904174162, -1.017788105676656230 ) ) ;
#2620 = DIRECTION ( 'NONE',  ( 1.000000000000000000, 0.000000000000000000, 0.000000000000000000 ) ) ;
#2621 = CARTESIAN_POINT ( 'NONE',  ( -18.82670044157551104, 0.6811631509983221422, -0.9637810789779401865 ) ) ;
#2622 = CARTESIAN_POINT ( 'NONE',  ( 22.56249999999999645, 8.309539638847728421E-17, -1.357050807568868533 ) ) ;
#2623 = EDGE_CURVE ( 'NONE', #4356, #333, #2329, .T. ) ;
#2624 = CARTESIAN_POINT ( 'NONE',  ( -23.33333333333333925, -0.7500000000000003331, 1.299038105676659338 ) ) ;
#2625 = CARTESIAN_POINT ( 'NONE',  ( -22.89583333333332504, 1.500000000000001554, 0.8660254037844392627 ) ) ;
#2626 = CARTESIAN_POINT ( 'NONE',  ( 23.52083333333333215, 0.7499999999999988898, 1.299038105676658672 ) ) ;
#2627 = CARTESIAN_POINT ( 'NONE',  ( 20.97916666666666785, -1.175240473580827505, -0.6785254037844345998 ) ) ;
#2628 = APPROVAL ( #100, 'UNSPECIFIED' ) ;
#2629 = CARTESIAN_POINT ( 'NONE',  ( -22.10416666666665719, -0.7500000000000013323, -1.299038105676658894 ) ) ;
#2630 = ORIENTED_EDGE ( 'NONE', *, *, #3732, .F. ) ;
#2631 = EDGE_LOOP ( 'NONE', ( #1785, #5176, #4328, #4823, #2328, #90, #4217, #3853, #2060, #1405, #1953, #1814, #1461, #583, #4762, #2767, #1986, #3508, #2905 ) ) ;
#2632 = CARTESIAN_POINT ( 'NONE',  ( -19.29017090063073070, -0.4019237886466842102, 1.500000000000001110 ) ) ;
#2633 = CARTESIAN_POINT ( 'NONE',  ( 22.77083333333333215, 0.5876202367904130863, 1.017788105676651789 ) ) ;
#2634 = DIRECTION ( 'NONE',  ( 0.000000000000000000, 0.000000000000000000, -1.000000000000000000 ) ) ;
#2635 = EDGE_CURVE ( 'NONE', #2356, #695, #1113, .T. ) ;
#2636 = ORIENTED_EDGE ( 'NONE', *, *, #5278, .T. ) ;
#2637 = VERTEX_POINT ( 'NONE', #2378 ) ;
#2638 = CARTESIAN_POINT ( 'NONE',  ( 19.79903810567665801, -1.299038105676656452, -2.249999999999999556 ) ) ;
#2639 = CARTESIAN_POINT ( 'NONE',  ( -23.52083333333332504, -0.5876202367904166390, 1.017788105676656674 ) ) ;
#2640 = B_SPLINE_CURVE_WITH_KNOTS ( 'NONE', 3,
 ( #2345, #2732, #297, #1057, #1507, #3169, #244, #3579, #1428, #4317, #5250, #187, #599, #2709 ),
 .UNSPECIFIED., .F., .F.,
 ( 4, 2, 2, 2, 2, 2, 4 ),
 ( 6.234643293344942974E-17, 0.0008450807106452245306, 0.001267621065967805679, 0.001690161421290386828, 0.002535242131935548475, 0.002957782487258129190, 0.003380322842580710339 ),
 .UNSPECIFIED. ) ;
#2641 = CARTESIAN_POINT ( 'NONE',  ( -19.33333333333332504, 0.5876202367904159729, -1.017788105676656896 ) ) ;
#2642 = CARTESIAN_POINT ( 'NONE',  ( 20.08333333333333215, -0.5876202367904137525, -1.017788105676651345 ) ) ;
#2643 = CARTESIAN_POINT ( 'NONE',  ( -24.85993136984618701, -1.088097650916001635, 2.249999999999999112 ) ) ;
#2644 = CARTESIAN_POINT ( 'NONE',  ( 22.97916666666666785, -1.175240473580827727, -0.6785254037844345998 ) ) ;
#2645 = CARTESIAN_POINT ( 'NONE',  ( 22.20833333333332860, 1.175240473580827949, -0.6785254037844341557 ) ) ;
#2646 = CARTESIAN_POINT ( 'NONE',  ( -22.49999999999999289, -1.175240473580833722, 1.439254484199187407E-16 ) ) ;
#2647 = CARTESIAN_POINT ( 'NONE',  ( -24.60416666666665719, 0.5876202367904169721, 1.017788105676656452 ) ) ;
#2648 = CARTESIAN_POINT ( 'NONE',  ( 23.31249999999999645, -2.492861891654318526E-16, 1.357050807568868533 ) ) ;
#2649 = CARTESIAN_POINT ( 'NONE',  ( -19.89732959945309076, 0.4019327901555774796, 1.499994802976418518 ) ) ;
#2650 = CARTESIAN_POINT ( 'NONE',  ( -19.60267410411529454, 0.4018661259247879869, -1.500033291588010131 ) ) ;
#2651 = CARTESIAN_POINT ( 'NONE',  ( -22.22916666666665719, 1.175240473580833500, -0.6785254037844382635 ) ) ;
#2652 = CARTESIAN_POINT ( 'NONE',  ( -24.06249999999998934, -3.181725716174723456E-16, -1.732050807568878747 ) ) ;
#2653 = DIRECTION ( 'NONE',  ( -0.7071067811865493491, 8.659560562354910671E-17, -0.7071067811865456854 ) ) ;
#2654 = CARTESIAN_POINT ( 'NONE',  ( -25.16666666666665719, 0.5876202367904169721, 1.017788105676656452 ) ) ;
#2655 = CARTESIAN_POINT ( 'NONE',  ( 20.72916666666666785, 1.175240473580827505, 0.6785254037844348218 ) ) ;
#2656 = CARTESIAN_POINT ( 'NONE',  ( -24.85970736880916476, 1.088873613270113783, 2.250000000000000444 ) ) ;
#2657 = ORIENTED_EDGE ( 'NONE', *, *, #1637, .T. ) ;
#2658 = ORIENTED_EDGE ( 'NONE', *, *, #3391, .T. ) ;
#2659 = FACE_OUTER_BOUND ( 'NONE', #1377, .T. ) ;
#2660 = CARTESIAN_POINT ( 'NONE',  ( 24.27083333333333215, 0.5876202367904130863, 1.017788105676651789 ) ) ;
#2661 = CYLINDRICAL_SURFACE ( 'NONE', #2341, 1.500000000000000666 ) ;
#2662 = ORIENTED_EDGE ( 'NONE', *, *, #2022, .T. ) ;
#2663 = ORIENTED_EDGE ( 'NONE', *, *, #947, .F. ) ;
#2664 = CARTESIAN_POINT ( 'NONE',  ( 19.79166666666666785, 1.175240473580827505, 0.6785254037844348218 ) ) ;
#2665 = CARTESIAN_POINT ( 'NONE',  ( -23.85416666666665719, -0.5876202367904174162, -1.017788105676656230 ) ) ;
#2666 = ORIENTED_EDGE ( 'NONE', *, *, #3990, .F. ) ;
#2667 = CARTESIAN_POINT ( 'NONE',  ( -20.12499999999998934, 8.309539638847769097E-17, 1.357050807568875195 ) ) ;
#2668 = CARTESIAN_POINT ( 'NONE',  ( 19.99999999999999645, 1.948557158514986565, 1.125000000000000222 ) ) ;
#2669 = CARTESIAN_POINT ( 'NONE',  ( 24.72916666666666785, 1.175240473580827727, 0.6785254037844348218 ) ) ;
#2670 = CARTESIAN_POINT ( 'NONE',  ( 22.45833333333333215, -1.175240473580828393, 0.6785254037844338226 ) ) ;
#2671 = CARTESIAN_POINT ( 'NONE',  ( -21.45833333333332504, -1.175240473580834166, -0.6785254037844371533 ) ) ;
#2672 = EDGE_CURVE ( 'NONE', #4414, #5211, #4567, .T. ) ;
#2673 = VECTOR ( 'NONE', #3936, 1000.000000000000000 ) ;
#2674 = CARTESIAN_POINT ( 'NONE',  ( -22.47916666666665719, -1.175240473580833722, 0.6785254037844379305 ) ) ;
#2675 = CARTESIAN_POINT ( 'NONE',  ( 21.06249999999999645, 8.309539638847728421E-17, -1.357050807568868533 ) ) ;
#2676 = CARTESIAN_POINT ( 'NONE',  ( -22.37499943351207676, -1.019678454697717362E-05, 1.499999999965343056 ) ) ;
#2677 = CARTESIAN_POINT ( 'NONE',  ( -19.39732908607044948, 0.4019235492679962829, 1.500000138205351385 ) ) ;
#2678 = CARTESIAN_POINT ( 'NONE',  ( -24.08482909936925154, -0.4019237886466848764, -1.500000000000001110 ) ) ;
#2679 = CARTESIAN_POINT ( 'NONE',  ( -20.39583333333332504, -1.175240473580834166, -0.6785254037844371533 ) ) ;
#2680 = CARTESIAN_POINT ( 'NONE',  ( -24.18749999999998934, -1.500000000000001332, 1.836970198721031413E-16 ) ) ;
#2681 = CARTESIAN_POINT ( 'NONE',  ( 24.99999999999999645, 1.377727649040774608E-16, -1.125000000000001776 ) ) ;
#2682 = CARTESIAN_POINT ( 'NONE',  ( -24.83333333333332504, 0.5876202367904159729, -1.017788105676656896 ) ) ;
#2683 = CARTESIAN_POINT ( 'NONE',  ( -19.14583333333332149, 1.175240473580833944, 0.6785254037844374864 ) ) ;
#2684 =( BOUNDED_CURVE ( )  B_SPLINE_CURVE ( 2, ( #2850, #724, #1193, #1958, #4443, #3234, #3157, #1932, #5316, #1905, #3618, #4416, #4905, #1574, #1166, #4494, #4076, #284, #697, #771, #1545, #2439, #4104, #311, #796, #4933, #2333, #5287, #3592, #4825, #5239, #2823, #4002, #4520, #1092, #5263, #2744, #3565, #4880, #1496, #3208, #4050, #336, #4471, #1519, #2359, #1119, #1601, #2410, #3181, #3642, #4849, #4025, #747, #363, #2385, #1985, #2007, #3671, #5342, #3259, #417, #1221, #3776, #1302, #845, #2111, #4157, #2990, #61, #2495, #1328, #901, #2963, #2880, #1731, #5044, #444, #2086, #2141, #3748, #821, #3397, #4658, #5069, #4548, #2578, #4603, #927, #4634, #2553, #5369, #33, #1626, #2468, #393, #3288, #4129, #870, #2526, #1655, #4187, #2931, #2058, #3723, #1706, #8, #4960, #2031, #3695, #3803, #474, #4216, #3315, #502, #1247, #4990, #2904, #89, #4578, #1680, #3341, #5017, #1274, #3371, #5154, #3479, #1410, #2276, #608, #4270, #982, #2167, #956, #1010, #5206, #198, #3071, #2690, #1464, #3044, #3944, #3533, #1038, #4355 ),
 .UNSPECIFIED., .F., .T. ) 
 B_SPLINE_CURVE_WITH_KNOTS ( ( 3, 2, 2, 2, 2, 2, 2, 2, 2, 2, 2, 2, 2, 2, 2, 2, 2, 2, 2, 2, 2, 2, 2, 2, 2, 2, 2, 2, 2, 2, 2, 2, 2, 2, 2, 2, 2, 2, 2, 2, 2, 2, 2, 2, 2, 2, 2, 2, 2, 2, 2, 2, 2, 2, 2, 2, 2, 2, 2, 2, 2, 2, 2, 2, 2, 2, 2, 2, 2, 2, 2, 2, 3 ),
 ( 0.08645640454182106083, 0.08974358974358974395, 0.1025641025641025605, 0.1153846153846153910, 0.1282051282051281937, 0.1410256410256410242, 0.1538461538461538547, 0.1666666666666666574, 0.1794871794871794879, 0.1923076923076923184, 0.2051282051282051211, 0.2179487179487179516, 0.2307692307692307820, 0.2435897435897435570, 0.2564102564102563875, 0.2692307692307692180, 0.2820512820512820484, 0.2948717948717948789, 0.3076923076923077094, 0.3205128205128205399, 0.3333333333333333148, 0.3461538461538461453, 0.3589743589743589758, 0.3717948717948718063, 0.3846153846153846367, 0.3974358974358974672, 0.4102564102564102422, 0.4230769230769230727, 0.4358974358974359031, 0.4487179487179487336, 0.4615384615384615641, 0.4743589743589743390, 0.4871794871794871695, 0.5000000000000000000, 0.5128205128205127750, 0.5256410256410256610, 0.5384615384615384359, 0.5512820512820513219, 0.5641025641025639858, 0.5769230769230768718, 0.5897435897435897578, 0.6025641025641025328, 0.6153846153846154188, 0.6282051282051281937, 0.6410256410256410797, 0.6538461538461538547, 0.6666666666666666297, 0.6794871794871795156, 0.6923076923076922906, 0.7051282051282051766, 0.7179487179487180626, 0.7307692307692307265, 0.7435897435897436125, 0.7564102564102563875, 0.7692307692307692735, 0.7820512820512820484, 0.7948717948717947124, 0.8076923076923077094, 0.8205128205128204844, 0.8333333333333333703, 0.8461538461538461453, 0.8589743589743589203, 0.8717948717948718063, 0.8846153846153845812, 0.8974358974358974672, 0.9102564102564102422, 0.9230769230769231282, 0.9358974358974359031, 0.9487179487179486781, 0.9615384615384615641, 0.9743589743589743390, 0.9871794871794872250, 0.9894794629167638078 ),
 .UNSPECIFIED. ) 
 CURVE ( )  GEOMETRIC_REPRESENTATION_ITEM ( )  RATIONAL_B_SPLINE_CURVE ( ( 0.9489130060135668732, 0.9656488538127672161, 1.000000000000000000, 0.8660254037844387076, 1.000000000000000000, 0.8660254037844387076, 1.000000000000000000, 0.8660254037844387076, 1.000000000000000000, 0.8660254037844387076, 1.000000000000000000, 0.8660254037844387076, 1.000000000000000000, 0.8660254037844387076, 1.000000000000000000, 0.8660254037844387076, 1.000000000000000000, 0.8660254037844387076, 1.000000000000000000, 0.8660254037844387076, 1.000000000000000000, 0.8660254037844387076, 1.000000000000000000, 0.8660254037844387076, 1.000000000000000000, 0.8660254037844387076, 1.000000000000000000, 0.8660254037844387076, 1.000000000000000000, 0.8660254037844387076, 1.000000000000000000, 0.8660254037844387076, 1.000000000000000000, 0.8660254037844387076, 1.000000000000000000, 0.8660254037844387076, 1.000000000000000000, 0.8660254037844387076, 1.000000000000000000, 0.8660254037844387076, 1.000000000000000000, 0.8660254037844387076, 1.000000000000000000, 0.8660254037844387076, 1.000000000000000000, 0.8660254037844387076, 1.000000000000000000, 0.8660254037844387076, 1.000000000000000000, 0.8660254037844387076, 1.000000000000000000, 0.8660254037844387076, 1.000000000000000000, 0.8660254037844387076, 1.000000000000000000, 0.8660254037844387076, 1.000000000000000000, 0.8660254037844387076, 1.000000000000000000, 0.8660254037844387076, 1.000000000000000000, 0.8660254037844387076, 1.000000000000000000, 0.8660254037844387076, 1.000000000000000000, 0.8660254037844387076, 1.000000000000000000, 0.8660254037844387076, 1.000000000000000000, 0.8660254037844387076, 1.000000000000000000, 0.8660254037844387076, 1.000000000000000000, 0.8660254037844387076, 1.000000000000000000, 0.8660254037844387076, 1.000000000000000000, 0.8660254037844387076, 1.000000000000000000, 0.8660254037844387076, 1.000000000000000000, 0.8660254037844387076, 1.000000000000000000, 0.8660254037844387076, 1.000000000000000000, 0.8660254037844387076, 1.000000000000000000, 0.8660254037844387076, 1.000000000000000000, 0.8660254037844387076, 1.000000000000000000, 0.8660254037844387076, 1.000000000000000000, 0.8660254037844387076, 1.000000000000000000, 0.8660254037844387076, 1.000000000000000000, 0.8660254037844387076, 1.000000000000000000, 0.8660254037844387076, 1.000000000000000000, 0.8660254037844387076, 1.000000000000000000, 0.8660254037844387076, 1.000000000000000000, 0.8660254037844387076, 1.000000000000000000, 0.8660254037844387076, 1.000000000000000000, 0.8660254037844387076, 1.000000000000000000, 0.8660254037844387076, 1.000000000000000000, 0.8660254037844387076, 1.000000000000000000, 0.8660254037844387076, 1.000000000000000000, 0.8660254037844387076, 1.000000000000000000, 0.8660254037844387076, 1.000000000000000000, 0.8660254037844387076, 1.000000000000000000, 0.8660254037844387076, 1.000000000000000000, 0.8660254037844387076, 1.000000000000000000, 0.8660254037844387076, 1.000000000000000000, 0.8660254037844387076, 1.000000000000000000, 0.8660254037844387076, 1.000000000000000000, 0.8660254037844387076, 1.000000000000000000, 0.8660254037844387076, 1.000000000000000000, 0.8660254037844387076, 1.000000000000000000, 0.8660254037844387076, 1.000000000000000000, 0.8660254037844387076, 1.000000000000000000, 0.9759652109848369061, 0.9605540132970020739 ) ) 
 REPRESENTATION_ITEM ( '' )  );
#2685 = CARTESIAN_POINT ( 'NONE',  ( 22.31249999999999645, -5.723068602026326086E-15, -1.500000000000000000 ) ) ;
#2686 = ORIENTED_EDGE ( 'NONE', *, *, #384, .F. ) ;
#2687 = VERTEX_POINT ( 'NONE', #4019 ) ;
#2688 = CARTESIAN_POINT ( 'NONE',  ( -19.64583333333332504, 1.175240473580833944, 0.6785254037844374864 ) ) ;
#2689 = CARTESIAN_POINT ( 'NONE',  ( 22.64583333333333215, 1.175240473580827727, -0.6785254037844341557 ) ) ;
#2690 = CARTESIAN_POINT ( 'NONE',  ( -18.93749999999999289, -1.175240473580833722, 1.439254484199187407E-16 ) ) ;
#2691 = ORIENTED_EDGE ( 'NONE', *, *, #3020, .T. ) ;
#2692 = ADVANCED_FACE ( 'NONE', ( #2404 ), #330, .T. ) ;
#2693 = VERTEX_POINT ( 'NONE', #3967 ) ;
#2694 = CARTESIAN_POINT ( 'NONE',  ( 20.29166666666666785, 1.175240473580827505, 0.6785254037844348218 ) ) ;
#2695 = VERTEX_POINT ( 'NONE', #1566 ) ;
#2696 = CARTESIAN_POINT ( 'NONE',  ( -20.79166666666667140, -1.500000000000000888, 0.8660254037844398178 ) ) ;
#2697 = CARTESIAN_POINT ( 'NONE',  ( -18.87499999999999289, -2.492861891654330359E-16, -1.357050807568875195 ) ) ;
#2698 = CARTESIAN_POINT ( 'NONE',  ( 22.97916666666666785, 1.499999999999999778, 0.8660254037844394848 ) ) ;
#2699 = CARTESIAN_POINT ( 'NONE',  ( 21.89583333333332504, -1.175240473580828393, 0.6785254037844338226 ) ) ;
#2700 = CARTESIAN_POINT ( 'NONE',  ( 22.58333333333332860, -0.5876202367904137525, -1.017788105676651345 ) ) ;
#2701 = AXIS2_PLACEMENT_3D ( 'NONE', #1522, #5242, #2803 ) ;
#2702 = CARTESIAN_POINT ( 'NONE',  ( 22.02083333333332860, -0.5876202367904137525, -1.017788105676651345 ) ) ;
#2703 = CARTESIAN_POINT ( 'NONE',  ( -22.14732829736789910, -0.4019093526220679502, -1.500008334642699781 ) ) ;
#2704 = CARTESIAN_POINT ( 'NONE',  ( 23.60416666666666430, -0.7500000000000006661, 1.299038105676657562 ) ) ;
#2705 = ADVANCED_FACE ( 'NONE', ( #1086 ), #249, .F. ) ;
#2706 = CARTESIAN_POINT ( 'NONE',  ( 21.22783095036427881, -1.500000000000000222, 0.4607750438949672067 ) ) ;
#2707 = CARTESIAN_POINT ( 'NONE',  ( -22.97916666666665719, -1.175240473580833722, 0.6785254037844379305 ) ) ;
#2708 = CARTESIAN_POINT ( 'NONE',  ( -20.60416666666666075, -0.7500000000000013323, -1.299038105676658894 ) ) ;
#2709 = CARTESIAN_POINT ( 'NONE',  ( 24.74387023679041420, 4.421578889484293619E-14, -1.381129763209576700 ) ) ;
#2710 = CARTESIAN_POINT ( 'NONE',  ( 23.74999999999999645, -1.500000000000000000, -1.836970198721029934E-16 ) ) ;
#2711 = CARTESIAN_POINT ( 'NONE',  ( -24.08333333333333925, 0.7499999999999995559, -1.299038105676659560 ) ) ;
#2712 = FACE_OUTER_BOUND ( 'NONE', #9, .T. ) ;
#2713 = ORIENTED_EDGE ( 'NONE', *, *, #504, .T. ) ;
#2714 =( BOUNDED_CURVE ( )  B_SPLINE_CURVE ( 2, ( #1647, #2431, #839, #3716, #467, #2025, #4542, #2106, #5363 ),
 .UNSPECIFIED., .F., .F. ) 
 B_SPLINE_CURVE_WITH_KNOTS ( ( 3, 2, 2, 2, 3 ),
 ( 0.4772727272727272929, 0.4848484848484848619, 0.5000000000000000000, 0.5151515151515151381, 0.5227272727272727071 ),
 .UNSPECIFIED. ) 
 CURVE ( )  GEOMETRIC_REPRESENTATION_ITEM ( )  RATIONAL_B_SPLINE_CURVE ( ( 0.9330127018922194093, 0.9330127018922194093, 1.000000000000000000, 0.8660254037844387076, 1.000000000000000000, 0.8660254037844387076, 1.000000000000000000, 0.9330127018922194093, 0.9330127018922194093 ) ) 
 REPRESENTATION_ITEM ( '' )  );
#2715 = CARTESIAN_POINT ( 'NONE',  ( 21.11905005932321089, 0.9020711712601786614, 1.096153647050785551 ) ) ;
#2716 = ORIENTED_EDGE ( 'NONE', *, *, #3158, .F. ) ;
#2717 = ORIENTED_EDGE ( 'NONE', *, *, #5109, .T. ) ;
#2718 = CARTESIAN_POINT ( 'NONE',  ( 20.74999999999999645, 1.175240473580827949, 0.000000000000000000 ) ) ;
#2719 = ORIENTED_EDGE ( 'NONE', *, *, #5141, .T. ) ;
#2720 = DIRECTION ( 'NONE',  ( -1.000000000000000000, 0.000000000000000000, 0.000000000000000000 ) ) ;
#2721 = CARTESIAN_POINT ( 'NONE',  ( -20.83333333333332504, 0.5876202367904159729, -1.017788105676656896 ) ) ;
#2722 = CARTESIAN_POINT ( 'NONE',  ( 23.60416666666666430, -0.7500000000000006661, 1.299038105676657562 ) ) ;
#2723 = CARTESIAN_POINT ( 'NONE',  ( 21.31249999999999645, -2.492861891654318526E-16, 1.357050807568868311 ) ) ;
#2724 = CARTESIAN_POINT ( 'NONE',  ( 23.25000000000000000, 1.175240473580827949, 0.000000000000000000 ) ) ;
#2725 = CARTESIAN_POINT ( 'NONE',  ( 23.10416666666666430, 0.5876202367904140855, -1.017788105676651345 ) ) ;
#2726 = CARTESIAN_POINT ( 'NONE',  ( 24.64583333333333215, -1.500000000000000444, 0.8660254037844380415 ) ) ;
#2727 = CARTESIAN_POINT ( 'NONE',  ( -25.00000000000000355, -2.169875997175799043, -0.7416645267673329656 ) ) ;
#2728 = CARTESIAN_POINT ( 'NONE',  ( -24.70192818642734167, 0.4830130683656259083, 1.159846631177039900 ) ) ;
#2729 = CARTESIAN_POINT ( 'NONE',  ( -20.85416666666666075, -0.5876202367904174162, -1.017788105676656230 ) ) ;
#2730 = CARTESIAN_POINT ( 'NONE',  ( -20.47916666666666075, 1.500000000000000888, -0.8660254037844402619 ) ) ;
#2731 = ADVANCED_FACE ( 'NONE', ( #4871 ), #2792, .T. ) ;
#2732 = CARTESIAN_POINT ( 'NONE',  ( 24.63469400463466386, -1.262533332413758647, 0.8413240848407476102 ) ) ;
#2733 = CARTESIAN_POINT ( 'NONE',  ( -22.60416666666665719, -0.7500000000000013323, -1.299038105676658894 ) ) ;
#2734 = CARTESIAN_POINT ( 'NONE',  ( -24.37500000000000355, 1.060575238724907778E-16, 1.732050807568878747 ) ) ;
#2735 = CARTESIAN_POINT ( 'NONE',  ( -23.83482909936925154, 0.4019237886466838217, 1.500000000000001776 ) ) ;
#2736 = VECTOR ( 'NONE', #5319, 1000.000000000000000 ) ;
#2737 = CARTESIAN_POINT ( 'NONE',  ( 22.60267090063073425, 0.4019237886466832665, 1.500000000000000222 ) ) ;
#2738 = CARTESIAN_POINT ( 'NONE',  ( 21.00942695887743028, 0.3610661160951799120, -1.269067806349818417 ) ) ;
#2739 = ORIENTED_EDGE ( 'NONE', *, *, #2868, .T. ) ;
#2740 = ORIENTED_EDGE ( 'NONE', *, *, #2196, .T. ) ;
#2741 = CARTESIAN_POINT ( 'NONE',  ( 19.83333333333333215, 0.5876202367904130863, 1.017788105676651789 ) ) ;
#2742 = ORIENTED_EDGE ( 'NONE', *, *, #3200, .F. ) ;
#2743 = CARTESIAN_POINT ( 'NONE',  ( 24.91876169176079614, -0.3754285838327028335, 1.161631797600519045 ) ) ;
#2744 = CARTESIAN_POINT ( 'NONE',  ( -23.18749999999999289, 1.175240473580833722, 0.000000000000000000 ) ) ;
#2745 = LINE ( 'NONE', #3134, #4878 ) ;
#2746 = CARTESIAN_POINT ( 'NONE',  ( 22.60416666666666430, 0.5876202367904140855, -1.017788105676651345 ) ) ;
#2747 = CARTESIAN_POINT ( 'NONE',  ( -24.77124829049022026, -0.6926113494252401637, -1.129667488192436231 ) ) ;
#2748 = CARTESIAN_POINT ( 'NONE',  ( 19.68749999999999645, 1.175240473580827949, 0.000000000000000000 ) ) ;
#2749 = CARTESIAN_POINT ( 'NONE',  ( -23.29017090063073070, -0.4019237886466842102, 1.500000000000001110 ) ) ;
#2750 = CARTESIAN_POINT ( 'NONE',  ( 25.06250000000000000, -3.181725716174720005E-16, 1.732050807568877193 ) ) ;
#2751 = FACE_OUTER_BOUND ( 'NONE', #4706, .T. ) ;
#2752 = CARTESIAN_POINT ( 'NONE',  ( -22.87499825397860320, -3.142839441811019004E-05, 1.499999999670752926 ) ) ;
#2753 = CARTESIAN_POINT ( 'NONE',  ( -21.45833333333334281, 1.500000000000001110, 0.8660254037844392627 ) ) ;
#2754 = CONICAL_SURFACE ( 'NONE', #3456, 1.125000000000001776, 0.7853981633974457255 ) ;
#2755 = CARTESIAN_POINT ( 'NONE',  ( -20.39583333333332504, 1.500000000000001554, 0.8660254037844392627 ) ) ;
#2756 = CARTESIAN_POINT ( 'NONE',  ( -18.75698064069053217, 0.7632947664964472301, -0.8936281498372999899 ) ) ;
#2757 = CARTESIAN_POINT ( 'NONE',  ( -22.72916666666665364, -1.500000000000000888, 0.8660254037844398178 ) ) ;
#2758 = CARTESIAN_POINT ( 'NONE',  ( -25.00000000000000355, 1.500000000000001332, 0.000000000000000000 ) ) ;
#2759 = VECTOR ( 'NONE', #4286, 1000.000000000000000 ) ;
#2760 = CARTESIAN_POINT ( 'NONE',  ( 23.22916666666666430, -1.499999999999999778, -0.8660254037844391517 ) ) ;
#2761 = VERTEX_POINT ( 'NONE', #3636 ) ;
#2762 = CARTESIAN_POINT ( 'NONE',  ( -24.77083333333332504, 0.5876202367904159729, -1.017788105676656896 ) ) ;
#2763 = CARTESIAN_POINT ( 'NONE',  ( -24.86022993090465860, 1.405025455977998439, 2.066424524318478451 ) ) ;
#2764 = ORIENTED_EDGE ( 'NONE', *, *, #223, .T. ) ;
#2765 = EDGE_CURVE ( 'NONE', #5155, #1571, #4898, .T. ) ;
#2766 = CARTESIAN_POINT ( 'NONE',  ( -23.06249999999999289, 2.788906526875773602E-15, -1.500000000000001554 ) ) ;
#2767 = ORIENTED_EDGE ( 'NONE', *, *, #1351, .F. ) ;
#2768 = CARTESIAN_POINT ( 'NONE',  ( -24.68749999999998934, 1.175240473580833722, 0.000000000000000000 ) ) ;
#2769 = CARTESIAN_POINT ( 'NONE',  ( 24.94140427140241556, -0.8385719479619077044, 0.8405668521697543527 ) ) ;
#2770 = CARTESIAN_POINT ( 'NONE',  ( 20.99479994131603178, 1.452555482747798669E-16, -1.292500414896861072 ) ) ;
#2771 = CARTESIAN_POINT ( 'NONE',  ( 22.93750000000000000, 1.500000000000000000, 0.000000000000000000 ) ) ;
#2772 = CARTESIAN_POINT ( 'NONE',  ( 22.14583333333332860, 1.175240473580827949, -0.6785254037844341557 ) ) ;
#2773 = CARTESIAN_POINT ( 'NONE',  ( 21.08333333333333215, -0.5876202367904137525, -1.017788105676651345 ) ) ;
#2774 = LINE ( 'NONE', #4007, #2256 ) ;
#2775 = AXIS2_PLACEMENT_3D ( 'NONE', #584, #3483, #5157 ) ;
#2776 = CARTESIAN_POINT ( 'NONE',  ( 24.41666666666666785, -0.5876202367904145296, 1.017788105676650900 ) ) ;
#2777 = CARTESIAN_POINT ( 'NONE',  ( 23.10416666666666430, -0.7500000000000006661, 1.299038105676657562 ) ) ;
#2778 = CYLINDRICAL_SURFACE ( 'NONE', #2148, 1.500000000000000666 ) ;
#2779 = CARTESIAN_POINT ( 'NONE',  ( -22.75000000000000711, -1.500000000000001332, 1.836970198721031413E-16 ) ) ;
#2780 = CARTESIAN_POINT ( 'NONE',  ( -21.58333333333333925, 0.7499999999999995559, -1.299038105676659560 ) ) ;
#2781 = CARTESIAN_POINT ( 'NONE',  ( -19.85416666666665719, 0.7500000000000008882, 1.299038105676659116 ) ) ;
#2782 = CARTESIAN_POINT ( 'NONE',  ( 21.81250000000000000, 2.033577675846917841E-16, -1.499999999999999778 ) ) ;
#2783 = AXIS2_PLACEMENT_3D ( 'NONE', #4035, #3550, #215 ) ;
#2784 = CARTESIAN_POINT ( 'NONE',  ( -21.91666666666665719, -0.5876202367904174162, -1.017788105676656230 ) ) ;
#2785 = CARTESIAN_POINT ( 'NONE',  ( -18.97916666666666075, -1.175240473580833722, 0.6785254037844379305 ) ) ;
#2786 = CARTESIAN_POINT ( 'NONE',  ( 22.66666666666666430, -0.7500000000000006661, 1.299038105676657562 ) ) ;
#2787 = EDGE_CURVE ( 'NONE', #1780, #3557, #1737, .T. ) ;
#2788 = CARTESIAN_POINT ( 'NONE',  ( 23.06249999999999645, -6.391244124090313355E-16, 1.499999999999999778 ) ) ;
#2789 = CARTESIAN_POINT ( 'NONE',  ( 22.62499999999999645, -6.391244124090313355E-16, 1.499999999999999778 ) ) ;
#2790 = CARTESIAN_POINT ( 'NONE',  ( -23.31249999999999645, -2.492861891654330359E-16, -1.357050807568875195 ) ) ;
#2791 = CC_DESIGN_PERSON_AND_ORGANIZATION_ASSIGNMENT ( #3001, #1770, ( #1333 ) ) ;
#2792 = PLANE ( 'NONE',  #3393 ) ;
#2793 = ORIENTED_EDGE ( 'NONE', *, *, #2037, .F. ) ;
#2794 = CARTESIAN_POINT ( 'NONE',  ( -21.72916666666666075, -1.500000000000000888, 0.8660254037844398178 ) ) ;
#2795 = ORIENTED_EDGE ( 'NONE', *, *, #2602, .T. ) ;
#2796 = EDGE_CURVE ( 'NONE', #4106, #1163, #1167, .T. ) ;
#2797 = CARTESIAN_POINT ( 'NONE',  ( -23.47916666666666075, -1.175240473580833722, 0.6785254037844379305 ) ) ;
#2798 = CARTESIAN_POINT ( 'NONE',  ( -24.87499779978601921, -3.960386377258890968E-05, 1.499999999477178880 ) ) ;
#2799 = ADVANCED_FACE ( 'NONE', ( #4984 ), #631, .T. ) ;
#2800 = CARTESIAN_POINT ( 'NONE',  ( 20.98990163760779737, -0.1198355823020368083, -1.287602111188629328 ) ) ;
#2801 = FACE_OUTER_BOUND ( 'NONE', #1064, .T. ) ;
#2802 = CARTESIAN_POINT ( 'NONE',  ( 22.56250000000000000, 8.309539638847728421E-17, -1.357050807568868311 ) ) ;
#2803 = DIRECTION ( 'NONE',  ( 0.000000000000000000, 0.000000000000000000, 1.000000000000000000 ) ) ;
#2804 = CARTESIAN_POINT ( 'NONE',  ( -24.60241145397638363, -0.3185636823153371600, 1.173127979830076884 ) ) ;
#2805 = CARTESIAN_POINT ( 'NONE',  ( 23.95833333333333570, -1.175240473580827949, 0.6785254037844338226 ) ) ;
#2806 = CARTESIAN_POINT ( 'NONE',  ( 23.02083333333333215, 0.7499999999999988898, 1.299038105676658672 ) ) ;
#2807 = FACE_OUTER_BOUND ( 'NONE', #3039, .T. ) ;
#2808 = CARTESIAN_POINT ( 'NONE',  ( -22.62591835126172413, -5.118250892593131023E-05, -1.499999998285846736 ) ) ;
#2809 = CARTESIAN_POINT ( 'NONE',  ( -22.83482909936925154, 0.4019237886466829890, 1.500000000000001998 ) ) ;
#2810 = CARTESIAN_POINT ( 'NONE',  ( -19.18749999999999289, -1.500000000000001332, 1.836970198721031413E-16 ) ) ;
#2811 = DIRECTION ( 'NONE',  ( 0.000000000000000000, 0.000000000000000000, -1.000000000000000000 ) ) ;
#2812 = CARTESIAN_POINT ( 'NONE',  ( -22.12499999999998934, 8.309539638847769097E-17, 1.357050807568875195 ) ) ;
#2813 = CARTESIAN_POINT ( 'NONE',  ( -22.54166666666667140, 1.500000000000000888, -0.8660254037844402619 ) ) ;
#2814 = CARTESIAN_POINT ( 'NONE',  ( 22.75000000000000000, -1.500000000000000000, -1.836970198721029934E-16 ) ) ;
#2815 = DIRECTION ( 'NONE',  ( 1.000000000000000000, 0.000000000000000000, -0.000000000000000000 ) ) ;
#2816 = CARTESIAN_POINT ( 'NONE',  ( 21.20229952641916782, -1.471475802235590713, -0.2911339269736950008 ) ) ;
#2817 = ORIENTED_EDGE ( 'NONE', *, *, #3999, .T. ) ;
#2818 = EDGE_CURVE ( 'NONE', #2356, #1412, #4176, .T. ) ;
#2819 = CARTESIAN_POINT ( 'NONE',  ( 23.89732909936926575, 0.4019237886466835996, -1.500000000000000444 ) ) ;
#2820 = ORIENTED_EDGE ( 'NONE', *, *, #1491, .T. ) ;
#2821 = CARTESIAN_POINT ( 'NONE',  ( -24.18749999999998934, 1.175240473580833722, 0.000000000000000000 ) ) ;
#2822 = CARTESIAN_POINT ( 'NONE',  ( 21.35416666666666785, 0.7500000000000002220, -1.299038105676658006 ) ) ;
#2823 = CARTESIAN_POINT ( 'NONE',  ( -23.39583333333332504, -1.175240473580834166, -0.6785254037844372643 ) ) ;
#2824 = ORIENTED_EDGE ( 'NONE', *, *, #3005, .F. ) ;
#2825 = CARTESIAN_POINT ( 'NONE',  ( 23.41666666666666430, 0.7500000000000002220, -1.299038105676658006 ) ) ;
#2826 = DIRECTION ( 'NONE',  ( 0.000000000000000000, 0.000000000000000000, 1.000000000000000000 ) ) ;
#2827 = CARTESIAN_POINT ( 'NONE',  ( -24.81891416247274407, -1.376439353302248536, -0.1166231229100377215 ) ) ;
#2828 = CARTESIAN_POINT ( 'NONE',  ( -24.37499999999998934, -2.492861891654330359E-16, -1.357050807568875195 ) ) ;
#2829 = CARTESIAN_POINT ( 'NONE',  ( 24.58333333333333215, -0.5876202367904137525, -1.017788105676651345 ) ) ;
#2830 = CARTESIAN_POINT ( 'NONE',  ( 21.72916666666666430, -1.499999999999999778, -0.8660254037844391517 ) ) ;
#2831 = CARTESIAN_POINT ( 'NONE',  ( -24.70626664482918855, 0.8796277561709923143, -0.9301031553532449481 ) ) ;
#2832 = EDGE_CURVE ( 'NONE', #2028, #1780, #3647, .T. ) ;
#2833 = CARTESIAN_POINT ( 'NONE',  ( 24.56249999999999645, -6.391244124090313355E-16, 1.500000000000000000 ) ) ;
#2834 = CARTESIAN_POINT ( 'NONE',  ( -25.00000000000000000, -1.838311014891733430, -1.315951922094008131 ) ) ;
#2835 = CARTESIAN_POINT ( 'NONE',  ( -19.00698189766699642, 0.9742012179189341037, -1.140584055212621406 ) ) ;
#2836 = CARTESIAN_POINT ( 'NONE',  ( -22.45833333333332149, -1.175240473580834166, -0.6785254037844371533 ) ) ;
#2837 = CARTESIAN_POINT ( 'NONE',  ( -23.58333333333333925, 0.7499999999999995559, -1.299038105676659560 ) ) ;
#2838 = CARTESIAN_POINT ( 'NONE',  ( 20.79166666666666430, -1.499999999999999778, -0.8660254037844391517 ) ) ;
#2839 = B_SPLINE_CURVE_WITH_KNOTS ( 'NONE', 3,
 ( #2205, #1370, #3931, #3032, #973, #1859 ),
 .UNSPECIFIED., .F., .F.,
 ( 4, 2, 4 ),
 ( 0.001314652396222795380, 0.001969405109320635037, 0.002624157822418474693 ),
 .UNSPECIFIED. ) ;
#2840 = CARTESIAN_POINT ( 'NONE',  ( 19.99999999999999645, 0.000000000000000000, 0.000000000000000000 ) ) ;
#2841 = AXIS2_PLACEMENT_3D ( 'NONE', #3296, #5025, #2448 ) ;
#2842 = ORIENTED_EDGE ( 'NONE', *, *, #4693, .T. ) ;
#2843 = CARTESIAN_POINT ( 'NONE',  ( -19.35267088733192864, -0.4019240280253504882, 1.499999861794663936 ) ) ;
#2844 = VERTEX_POINT ( 'NONE', #1699 ) ;
#2845 = CARTESIAN_POINT ( 'NONE',  ( -18.81948126917875896, 0.7632876168182477494, -0.8936342566542592181 ) ) ;
#2846 = ORIENTED_EDGE ( 'NONE', *, *, #3183, .F. ) ;
#2847 = CARTESIAN_POINT ( 'NONE',  ( -22.18749999999999289, 1.175240473580833722, 0.000000000000000000 ) ) ;
#2848 = CARTESIAN_POINT ( 'NONE',  ( 23.85416666666666430, 0.7500000000000002220, -1.299038105676658006 ) ) ;
#2849 = B_SPLINE_CURVE_WITH_KNOTS ( 'NONE', 3,
 ( #4353, #3942, #1869, #637, #225, #2274, #5086, #494, #1320, #1750, #158, #5113, #1697, #4261 ),
 .UNSPECIFIED., .F., .F.,
 ( 4, 2, 2, 2, 2, 2, 4 ),
 ( 6.687312292067615057E-16, 0.0002943228712161104492, 0.0005886457424315521625, 0.0008829686136469939300, 0.001177291484862435589, 0.001765937227293320208, 0.002354582969724204611 ),
 .UNSPECIFIED. ) ;
#2850 = CARTESIAN_POINT ( 'NONE',  ( -24.62444047358083665, 0.8328287812014613101, 0.8292082922553236646 ) ) ;
#2851 = EDGE_CURVE ( 'NONE', #1949, #1982, #2714, .T. ) ;
#2852 =( BOUNDED_CURVE ( )  B_SPLINE_CURVE ( 2, ( #654, #622, #701, #1422, #2339, #3084, #4725, #3059, #238 ),
 .UNSPECIFIED., .F., .F. ) 
 B_SPLINE_CURVE_WITH_KNOTS ( ( 3, 2, 2, 2, 3 ),
 ( 0.2137871600433746966, 0.2202660349352287550, 0.2332228605196539906, 0.2461796861040791984, 0.2526580913265105144 ),
 .UNSPECIFIED. ) 
 CURVE ( )  GEOMETRIC_REPRESENTATION_ITEM ( )  RATIONAL_B_SPLINE_CURVE ( ( 0.9330127022330404474, 0.9330079237455605190, 1.000000000000000000, 0.8660254037844387076, 1.000000000000000000, 0.8660254037844387076, 1.000000000000000000, 0.9330127801643537389, 0.9330127018923108917 ) ) 
 REPRESENTATION_ITEM ( '' )  );
#2853 = ORIENTED_EDGE ( 'NONE', *, *, #3534, .T. ) ;
#2854 = CARTESIAN_POINT ( 'NONE',  ( 22.33482909936925864, 0.4019237886466815457, -1.500000000000001776 ) ) ;
#2855 = FACE_OUTER_BOUND ( 'NONE', #2881, .T. ) ;
#2856 = CARTESIAN_POINT ( 'NONE',  ( 20.22916666666666785, 1.175240473580827505, 0.6785254037844348218 ) ) ;
#2857 = CARTESIAN_POINT ( 'NONE',  ( 23.58333333333333215, -0.5876202367904137525, -1.017788105676651345 ) ) ;
#2858 = CARTESIAN_POINT ( 'NONE',  ( 20.77083333333333215, -0.7499999999999996669, -1.299038105676658228 ) ) ;
#2859 = CARTESIAN_POINT ( 'NONE',  ( -19.00698189766701063, 0.9742012179188316301, -1.140584055212709558 ) ) ;
#2860 = DIRECTION ( 'NONE',  ( 0.000000000000000000, 0.000000000000000000, 1.000000000000000000 ) ) ;
#2861 = CARTESIAN_POINT ( 'NONE',  ( -19.37499999999998934, -2.492861891654330359E-16, -1.357050807568875195 ) ) ;
#2862 = CARTESIAN_POINT ( 'NONE',  ( -23.79166666666666075, 1.175240473580833500, -0.6785254037844382635 ) ) ;
#2863 = AXIS2_PLACEMENT_3D ( 'NONE', #3591, #4879, #3180 ) ;
#2864 = CARTESIAN_POINT ( 'NONE',  ( 20.99349575756317421, -0.7899891398371433615, 1.025902058115950588 ) ) ;
#2865 = CARTESIAN_POINT ( 'NONE',  ( -22.74999999999999289, 1.175240473580833722, 0.000000000000000000 ) ) ;
#2866 = CARTESIAN_POINT ( 'NONE',  ( -21.33333333333333925, -0.7500000000000003331, 1.299038105676659338 ) ) ;
#2867 = CARTESIAN_POINT ( 'NONE',  ( 22.41666666666666430, 0.7500000000000002220, -1.299038105676658006 ) ) ;
#2868 = EDGE_CURVE ( 'NONE', #713, #3916, #679, .T. ) ;
#2869 = VECTOR ( 'NONE', #1497, 1000.000000000000000 ) ;
#2870 = EDGE_CURVE ( 'NONE', #2380, #614, #1021, .T. ) ;
#2871 = CARTESIAN_POINT ( 'NONE',  ( 22.25000000000000000, -1.500000000000000000, -1.836970198721029934E-16 ) ) ;
#2872 = CARTESIAN_POINT ( 'NONE',  ( -24.93749999999998934, 1.500000000000001332, 0.000000000000000000 ) ) ;
#2873 = AXIS2_PLACEMENT_3D ( 'NONE', #2108, #2958, #5196 ) ;
#2874 = DIRECTION ( 'NONE',  ( 0.000000000000000000, 0.000000000000000000, -1.000000000000000000 ) ) ;
#2875 = CARTESIAN_POINT ( 'NONE',  ( -23.83333333333333925, -0.7500000000000003331, 1.299038105676659338 ) ) ;
#2876 = CARTESIAN_POINT ( 'NONE',  ( -22.60267351535448555, 0.4018767236193597214, -1.500027173006196479 ) ) ;
#2877 = ORIENTED_EDGE ( 'NONE', *, *, #3635, .T. ) ;
#2878 = CARTESIAN_POINT ( 'NONE',  ( -20.77083333333332504, 0.5876202367904159729, -1.017788105676656896 ) ) ;
#2879 = CARTESIAN_POINT ( 'NONE',  ( 25.02083333333333215, -0.5876202367904137525, -1.017788105676651345 ) ) ;
#2880 = CARTESIAN_POINT ( 'NONE',  ( -21.60416666666665719, 0.5876202367904169721, 1.017788105676656452 ) ) ;
#2881 = EDGE_LOOP ( 'NONE', ( #2575, #643, #3994, #5317, #2657, #172, #4709, #390, #2713, #3453 ) ) ;
#2882 = CARTESIAN_POINT ( 'NONE',  ( -20.68749999999998934, -1.500000000000001332, 1.836970198721031413E-16 ) ) ;
#2883 = DIRECTION ( 'NONE',  ( 1.000000000000000000, 0.000000000000000000, 0.000000000000000000 ) ) ;
#2884 = CARTESIAN_POINT ( 'NONE',  ( 21.62500000000000000, -6.391244124090313355E-16, 1.499999999999999778 ) ) ;
#2885 =( BOUNDED_CURVE ( )  B_SPLINE_CURVE ( 2, ( #1404, #4704, #3123, #576, #4293, #1061, #2629, #4350, #2211 ),
 .UNSPECIFIED., .F., .F. ) 
 B_SPLINE_CURVE_WITH_KNOTS ( ( 3, 2, 2, 2, 3 ),
 ( 0.4807692307692307820, 0.4871794871794871695, 0.5000000000000000000, 0.5128205128205127750, 0.5192307692307692735 ),
 .UNSPECIFIED. ) 
 CURVE ( )  GEOMETRIC_REPRESENTATION_ITEM ( )  RATIONAL_B_SPLINE_CURVE ( ( 0.9330127018922194093, 0.9330127018922196314, 1.000000000000000000, 0.8660254037844387076, 1.000000000000000000, 0.8660254037844387076, 1.000000000000000000, 0.9330127018922187432, 0.9330127018922192983 ) ) 
 REPRESENTATION_ITEM ( '' )  );
#2886 = CARTESIAN_POINT ( 'NONE',  ( -21.49999999999999289, -1.175240473580833722, 1.439254484199187407E-16 ) ) ;
#2887 = CARTESIAN_POINT ( 'NONE',  ( 23.62499999999999645, 8.309539638847728421E-17, -1.357050807568868533 ) ) ;
#2888 = CARTESIAN_POINT ( 'NONE',  ( 21.06249999999999645, -3.181725716174720005E-16, 1.732050807568877193 ) ) ;
#2889 = CARTESIAN_POINT ( 'NONE',  ( -24.64590737562180323, 1.119448234441644763, 0.4402054699649497471 ) ) ;
#2890 = CARTESIAN_POINT ( 'NONE',  ( 19.99999999999999645, 0.000000000000000000, 0.000000000000000000 ) ) ;
#2891 = CARTESIAN_POINT ( 'NONE',  ( -20.37499649327408946, -6.312113441181580527E-05, 1.499999998671908807 ) ) ;
#2892 = CARTESIAN_POINT ( 'NONE',  ( -23.45833333333332504, -1.175240473580834166, -0.6785254037844371533 ) ) ;
#2893 = DIRECTION ( 'NONE',  ( -1.000000000000000000, 0.000000000000000000, 0.000000000000000000 ) ) ;
#2894 = CARTESIAN_POINT ( 'NONE',  ( -23.74999999999998934, 1.175240473580833722, 0.000000000000000000 ) ) ;
#2895 = CARTESIAN_POINT ( 'NONE',  ( -23.50000000000000355, 1.500000000000001332, 0.000000000000000000 ) ) ;
#2896 = CARTESIAN_POINT ( 'NONE',  ( 22.25000000000000000, -1.500000000000000000, -1.836970198721029934E-16 ) ) ;
#2897 = CARTESIAN_POINT ( 'NONE',  ( 23.33333333333333215, -0.7499999999999996669, -1.299038105676658228 ) ) ;
#2898 = CARTESIAN_POINT ( 'NONE',  ( -25.43749999999999289, 1.500000000000001332, 0.000000000000000000 ) ) ;
#2899 = CARTESIAN_POINT ( 'NONE',  ( -23.43749999999999289, 1.500000000000001332, 0.000000000000000000 ) ) ;
#2900 = CARTESIAN_POINT ( 'NONE',  ( 19.79903810567665801, -2.598076211353315124, -8.713175564001150755E-17 ) ) ;
#2901 = CARTESIAN_POINT ( 'NONE',  ( -23.91666666666667140, 0.7500000000000008882, 1.299038105676659116 ) ) ;
#2902 = ORIENTED_EDGE ( 'NONE', *, *, #4464, .F. ) ;
#2903 = CARTESIAN_POINT ( 'NONE',  ( -21.39583333333332504, -1.175240473580834166, -0.6785254037844371533 ) ) ;
#2904 = CARTESIAN_POINT ( 'NONE',  ( -19.81249999999998934, -2.492861891654330359E-16, -1.357050807568875195 ) ) ;
#2905 = ORIENTED_EDGE ( 'NONE', *, *, #2270, .F. ) ;
#2906 = CARTESIAN_POINT ( 'NONE',  ( 23.37499999999999289, 2.033577675846917841E-16, -1.499999999999999778 ) ) ;
#2907 = DIRECTION ( 'NONE',  ( 1.000000000000000000, 0.000000000000000000, -0.000000000000000000 ) ) ;
#2908 = CYLINDRICAL_SURFACE ( 'NONE', #271, 1.500000000000000666 ) ;
#2909 = CARTESIAN_POINT ( 'NONE',  ( -21.66666666666665719, 0.5876202367904169721, 1.017788105676656452 ) ) ;
#2910 = CARTESIAN_POINT ( 'NONE',  ( 20.45833333333333215, -1.175240473580827949, 0.6785254037844338226 ) ) ;
#2911 = CARTESIAN_POINT ( 'NONE',  ( 20.18749999999999645, -1.500000000000000000, -1.836970198721029934E-16 ) ) ;
#2912 = CARTESIAN_POINT ( 'NONE',  ( -21.25000000000000355, -1.500000000000001332, 1.836970198721031413E-16 ) ) ;
#2913 = CARTESIAN_POINT ( 'NONE',  ( 22.91666666666666430, 0.7500000000000002220, -1.299038105676658006 ) ) ;
#2914 = CARTESIAN_POINT ( 'NONE',  ( -20.39732747188118367, 0.4018944938611827000, 1.500016913352296699 ) ) ;
#2915 = CARTESIAN_POINT ( 'NONE',  ( -19.01420102385148780, 0.8693815706730785298, -1.230113123712277323 ) ) ;
#2916 =( BOUNDED_SURFACE ( )  B_SPLINE_SURFACE ( 1, 2, ( 
 ( #3370, #1220, #869, #3747, #2879, #5016, #2524, #2467, #4633, #5043, #1301, #4547, #820, #2057, #1679, #3340, #900, #4215, #501, #2140, #5153, #1037, #2660, #1756, #4711, #3505, #1812, #111, #2190, #3396, #2166, #2216, #197, #638, #4683, #1327, #1409, #3881, #3829, #981, #2606, #3070, #2989, #3424, #3478, #88, #1782, #2577, #4737, #1009, #4325, #607, #2245, #5093, #4242, #3912, #5120, #4298, #2633, #580, #955, #2689, #1354, #4354, #3014, #5068, #4657, #166, #1379, #4269, #926, #3043, #3451, #1844, #5179, #4766, #1434, #528, #3098, #2275, #1730, #554, #3857, #137, #1870, #1463, #3532, #3943, #226, #5205, #2599, #1777, #1403, #4319, #3796, #2184, #921, #4732, #893, #1725, #2953, #2627, #4291, #4652, #976, #4208, #3064, #2655, #2161, #495, #601, #5063, #3445, #2134, #4262, #3823, #5114, #2209, #132, #4625, #159, #1374, #1348, #1807, #3037, #575, #4703, #3390, #2546, #54, #81, #1321, #2984 ),
 ( #3009, #4678, #2572, #4235, #3875, #523, #3769, #1751, #1002, #107, #3362, #1698, #3418, #5087, #950, #5037, #549, #3851, #3471, #5146, #1294, #3778, #4246, #141, #1760, #873, #3806, #2611, #930, #4605, #1304, #2497, #1276, #1331, #4687, #5125, #63, #447, #532, #2993, #2934, #92, #1708, #2171, #2088, #2528, #2581, #4580, #903, #1682, #3835, #116, #3428, #5097, #1358, #4190, #3343, #3018, #4218, #3400, #1735, #5072, #3373, #1788, #477, #3455, #2113, #4160, #3751, #4661, #506, #5047, #35, #2144, #2555, #959, #4273, #3861, #559, #5019, #2194, #1383, #848, #2965, #4636, #2249, #3102, #4413, #3129, #4302, #985, #5184, #1875, #1066, #693, #3588, #3075, #1467, #201, #3996, #170, #3948, #1440, #3972, #3509, #4797, #4770, #280, #2718, #1041, #1928, #3561, #253, #1816, #2330, #4329, #4386, #1413, #3537, #2694, #668, #1493, #2305, #2220, #4822, #1901, #642, #1089, #5236, #3154, #2741, #2664, #3886 ) ),
 .UNSPECIFIED., .F., .F., .F. ) 
 B_SPLINE_SURFACE_WITH_KNOTS ( ( 2, 2 ),
 ( 3, 2, 2, 2, 2, 2, 2, 2, 2, 2, 2, 2, 2, 2, 2, 2, 2, 2, 2, 2, 2, 2, 2, 2, 2, 2, 2, 2, 2, 2, 2, 2, 2, 2, 2, 2, 2, 2, 2, 2, 2, 2, 2, 2, 2, 2, 2, 2, 2, 2, 2, 2, 2, 2, 2, 2, 2, 2, 2, 2, 2, 2, 2, 2, 2, 2, 3 ),
 ( 0.000000000000000000, 1.000000000000000000 ),
 ( 0.000000000000000000, 0.01515151515151515194, 0.03030303030303030387, 0.04545454545454545581, 0.06060606060606060774, 0.07575757575757575968, 0.09090909090909091161, 0.1060606060606060635, 0.1212121212121212155, 0.1363636363636363535, 0.1515151515151515194, 0.1666666666666666574, 0.1818181818181818232, 0.1969696969696969613, 0.2121212121212121271, 0.2272727272727272652, 0.2424242424242424310, 0.2575757575757575690, 0.2727272727272727071, 0.2878787878787879007, 0.3030303030303030387, 0.3181818181818181768, 0.3333333333333333148, 0.3484848484848485084, 0.3636363636363636465, 0.3787878787878787845, 0.3939393939393939226, 0.4090909090909091161, 0.4242424242424242542, 0.4393939393939393923, 0.4545454545454545303, 0.4696969696969697239, 0.4848484848484848619, 0.5000000000000000000, 0.5151515151515151381, 0.5303030303030302761, 0.5454545454545454142, 0.5606060606060605522, 0.5757575757575758013, 0.5909090909090909394, 0.6060606060606060774, 0.6212121212121212155, 0.6363636363636363535, 0.6515151515151514916, 0.6666666666666666297, 0.6818181818181817677, 0.6969696969696970168, 0.7121212121212121549, 0.7272727272727272929, 0.7424242424242424310, 0.7575757575757575690, 0.7727272727272727071, 0.7878787878787878451, 0.8030303030303029832, 0.8181818181818182323, 0.8333333333333333703, 0.8484848484848485084, 0.8636363636363636465, 0.8787878787878787845, 0.8939393939393939226, 0.9090909090909090606, 0.9242424242424241987, 0.9393939393939394478, 0.9545454545454545858, 0.9696969696969697239, 0.9848484848484848619, 1.000000000000000000 ),
 .UNSPECIFIED. ) 
 GEOMETRIC_REPRESENTATION_ITEM ( )  RATIONAL_B_SPLINE_SURFACE ( (
 ( 1.000000000000000000, 0.8660254037844387076, 1.000000000000000000, 0.8660254037844387076, 1.000000000000000000, 0.8660254037844387076, 1.000000000000000000, 0.8660254037844387076, 1.000000000000000000, 0.8660254037844387076, 1.000000000000000000, 0.8660254037844387076, 1.000000000000000000, 0.8660254037844387076, 1.000000000000000000, 0.8660254037844387076, 1.000000000000000000, 0.8660254037844387076, 1.000000000000000000, 0.8660254037844387076, 1.000000000000000000, 0.8660254037844387076, 1.000000000000000000, 0.8660254037844387076, 1.000000000000000000, 0.8660254037844387076, 1.000000000000000000, 0.8660254037844387076, 1.000000000000000000, 0.8660254037844387076, 1.000000000000000000, 0.8660254037844387076, 1.000000000000000000, 0.8660254037844387076, 1.000000000000000000, 0.8660254037844387076, 1.000000000000000000, 0.8660254037844387076, 1.000000000000000000, 0.8660254037844387076, 1.000000000000000000, 0.8660254037844387076, 1.000000000000000000, 0.8660254037844387076, 1.000000000000000000, 0.8660254037844387076, 1.000000000000000000, 0.8660254037844387076, 1.000000000000000000, 0.8660254037844387076, 1.000000000000000000, 0.8660254037844387076, 1.000000000000000000, 0.8660254037844387076, 1.000000000000000000, 0.8660254037844387076, 1.000000000000000000, 0.8660254037844387076, 1.000000000000000000, 0.8660254037844387076, 1.000000000000000000, 0.8660254037844387076, 1.000000000000000000, 0.8660254037844387076, 1.000000000000000000, 0.8660254037844387076, 1.000000000000000000, 0.8660254037844387076, 1.000000000000000000, 0.8660254037844387076, 1.000000000000000000, 0.8660254037844387076, 1.000000000000000000, 0.8660254037844387076, 1.000000000000000000, 0.8660254037844387076, 1.000000000000000000, 0.8660254037844387076, 1.000000000000000000, 0.8660254037844387076, 1.000000000000000000, 0.8660254037844387076, 1.000000000000000000, 0.8660254037844387076, 1.000000000000000000, 0.8660254037844387076, 1.000000000000000000, 0.8660254037844387076, 1.000000000000000000, 0.8660254037844387076, 1.000000000000000000, 0.8660254037844387076, 1.000000000000000000, 0.8660254037844387076, 1.000000000000000000, 0.8660254037844387076, 1.000000000000000000, 0.8660254037844387076, 1.000000000000000000, 0.8660254037844387076, 1.000000000000000000, 0.8660254037844387076, 1.000000000000000000, 0.8660254037844387076, 1.000000000000000000, 0.8660254037844387076, 1.000000000000000000, 0.8660254037844387076, 1.000000000000000000, 0.8660254037844387076, 1.000000000000000000, 0.8660254037844387076, 1.000000000000000000, 0.8660254037844387076, 1.000000000000000000, 0.8660254037844387076, 1.000000000000000000, 0.8660254037844387076, 1.000000000000000000, 0.8660254037844387076, 1.000000000000000000, 0.8660254037844387076, 1.000000000000000000, 0.8660254037844387076, 1.000000000000000000, 0.8660254037844387076, 1.000000000000000000, 0.8660254037844387076, 1.000000000000000000, 0.8660254037844387076, 1.000000000000000000, 0.8660254037844387076, 1.000000000000000000),
 ( 1.000000000000000000, 0.8660254037844387076, 1.000000000000000000, 0.8660254037844387076, 1.000000000000000000, 0.8660254037844387076, 1.000000000000000000, 0.8660254037844387076, 1.000000000000000000, 0.8660254037844387076, 1.000000000000000000, 0.8660254037844387076, 1.000000000000000000, 0.8660254037844387076, 1.000000000000000000, 0.8660254037844387076, 1.000000000000000000, 0.8660254037844387076, 1.000000000000000000, 0.8660254037844387076, 1.000000000000000000, 0.8660254037844387076, 1.000000000000000000, 0.8660254037844387076, 1.000000000000000000, 0.8660254037844387076, 1.000000000000000000, 0.8660254037844387076, 1.000000000000000000, 0.8660254037844387076, 1.000000000000000000, 0.8660254037844387076, 1.000000000000000000, 0.8660254037844387076, 1.000000000000000000, 0.8660254037844387076, 1.000000000000000000, 0.8660254037844387076, 1.000000000000000000, 0.8660254037844387076, 1.000000000000000000, 0.8660254037844387076, 1.000000000000000000, 0.8660254037844387076, 1.000000000000000000, 0.8660254037844387076, 1.000000000000000000, 0.8660254037844387076, 1.000000000000000000, 0.8660254037844387076, 1.000000000000000000, 0.8660254037844387076, 1.000000000000000000, 0.8660254037844387076, 1.000000000000000000, 0.8660254037844387076, 1.000000000000000000, 0.8660254037844387076, 1.000000000000000000, 0.8660254037844387076, 1.000000000000000000, 0.8660254037844387076, 1.000000000000000000, 0.8660254037844387076, 1.000000000000000000, 0.8660254037844387076, 1.000000000000000000, 0.8660254037844387076, 1.000000000000000000, 0.8660254037844387076, 1.000000000000000000, 0.8660254037844387076, 1.000000000000000000, 0.8660254037844387076, 1.000000000000000000, 0.8660254037844387076, 1.000000000000000000, 0.8660254037844387076, 1.000000000000000000, 0.8660254037844387076, 1.000000000000000000, 0.8660254037844387076, 1.000000000000000000, 0.8660254037844387076, 1.000000000000000000, 0.8660254037844387076, 1.000000000000000000, 0.8660254037844387076, 1.000000000000000000, 0.8660254037844387076, 1.000000000000000000, 0.8660254037844387076, 1.000000000000000000, 0.8660254037844387076, 1.000000000000000000, 0.8660254037844387076, 1.000000000000000000, 0.8660254037844387076, 1.000000000000000000, 0.8660254037844387076, 1.000000000000000000, 0.8660254037844387076, 1.000000000000000000, 0.8660254037844387076, 1.000000000000000000, 0.8660254037844387076, 1.000000000000000000, 0.8660254037844387076, 1.000000000000000000, 0.8660254037844387076, 1.000000000000000000, 0.8660254037844387076, 1.000000000000000000, 0.8660254037844387076, 1.000000000000000000, 0.8660254037844387076, 1.000000000000000000, 0.8660254037844387076, 1.000000000000000000, 0.8660254037844387076, 1.000000000000000000, 0.8660254037844387076, 1.000000000000000000, 0.8660254037844387076, 1.000000000000000000, 0.8660254037844387076, 1.000000000000000000, 0.8660254037844387076, 1.000000000000000000, 0.8660254037844387076, 1.000000000000000000, 0.8660254037844387076, 1.000000000000000000) ) ) 
 REPRESENTATION_ITEM ( '' )  SURFACE ( )  );
#2917 = PERSON_AND_ORGANIZATION ( #1783, #4506 ) ;
#2918 = CARTESIAN_POINT ( 'NONE',  ( -19.87499999999998934, -2.492861891654330359E-16, -1.357050807568875195 ) ) ;
#2919 = CARTESIAN_POINT ( 'NONE',  ( -21.91666666666667140, 0.7500000000000008882, 1.299038105676659116 ) ) ;
#2920 = CARTESIAN_POINT ( 'NONE',  ( 20.54166666666666785, 1.499999999999999778, 0.8660254037844394848 ) ) ;
#2921 = EDGE_CURVE ( 'NONE', #695, #691, #2852, .T. ) ;
#2922 = CARTESIAN_POINT ( 'NONE',  ( -19.83333333333333925, -0.7500000000000003331, 1.299038105676659338 ) ) ;
#2923 = CARTESIAN_POINT ( 'NONE',  ( -25.22916666666665364, -1.500000000000000888, 0.8660254037844398178 ) ) ;
#2924 = CARTESIAN_POINT ( 'NONE',  ( -19.10267158733751103, 0.4019114279248538479, -1.500007136466077640 ) ) ;
#2925 = CARTESIAN_POINT ( 'NONE',  ( 24.74387023679041420, 4.421578889484293619E-14, -1.381129763209576700 ) ) ;
#2926 = CARTESIAN_POINT ( 'NONE',  ( -25.00000000000000000, 0.000000000000000000, 0.000000000000000000 ) ) ;
#2927 = AXIS2_PLACEMENT_3D ( 'NONE', #3567, #5241, #4446 ) ;
#2928 = ORIENTED_EDGE ( 'NONE', *, *, #4809, .F. ) ;
#2929 = CARTESIAN_POINT ( 'NONE',  ( -21.18749999999998934, 1.175240473580833722, 0.000000000000000000 ) ) ;
#2930 = CARTESIAN_POINT ( 'NONE',  ( 24.20833333333333215, -1.500000000000000222, 0.8660254037844381525 ) ) ;
#2931 = CARTESIAN_POINT ( 'NONE',  ( -20.43749999999998934, -1.175240473580833722, 1.439254484199187407E-16 ) ) ;
#2932 = ADVANCED_FACE ( 'NONE', ( #290 ), #594, .F. ) ;
#2933 = ORIENTED_EDGE ( 'NONE', *, *, #5278, .F. ) ;
#2934 = CARTESIAN_POINT ( 'NONE',  ( 23.58333333333333215, -0.5876202367904137525, -1.017788105676651345 ) ) ;
#2935 = CARTESIAN_POINT ( 'NONE',  ( -21.12499999993385558, 8.929433702926496132E-10, -1.500000000000001110 ) ) ;
#2936 = FACE_OUTER_BOUND ( 'NONE', #3914, .T. ) ;
#2937 = CARTESIAN_POINT ( 'NONE',  ( -21.74999999999999289, 1.175240473580833722, 0.000000000000000000 ) ) ;
#2938 = CARTESIAN_POINT ( 'NONE',  ( 22.12500000000000000, 8.309539638847728421E-17, -1.357050807568868533 ) ) ;
#2939 = DIRECTION ( 'NONE',  ( -1.000000000000000000, -0.000000000000000000, -0.000000000000000000 ) ) ;
#2940 = FACE_OUTER_BOUND ( 'NONE', #4213, .T. ) ;
#2941 = CARTESIAN_POINT ( 'NONE',  ( 23.87499999999999645, -2.492861891654318526E-16, 1.357050807568868311 ) ) ;
#2942 = CARTESIAN_POINT ( 'NONE',  ( -22.87499999999998934, -2.492861891654330359E-16, -1.357050807568875195 ) ) ;
#2943 = COORDINATED_UNIVERSAL_TIME_OFFSET ( 6, 0, .BEHIND. ) ;
#2944 = CARTESIAN_POINT ( 'NONE',  ( -19.95833333333332504, -1.175240473580834166, -0.6785254037844371533 ) ) ;
#2945 = CARTESIAN_POINT ( 'NONE',  ( -19.54166666666667140, 1.500000000000000888, -0.8660254037844402619 ) ) ;
#2946 = CARTESIAN_POINT ( 'NONE',  ( 24.14583333333333215, 1.175240473580827727, -0.6785254037844341557 ) ) ;
#2947 = CARTESIAN_POINT ( 'NONE',  ( -21.93749999999999289, 1.500000000000001332, 0.000000000000000000 ) ) ;
#2948 = EDGE_CURVE ( 'NONE', #2527, #86, #1107, .T. ) ;
#2949 =( BOUNDED_CURVE ( )  B_SPLINE_CURVE ( 2, ( #1960, #1630, #798 ),
 .UNSPECIFIED., .F., .F. ) 
 B_SPLINE_CURVE_WITH_KNOTS ( ( 3, 3 ),
 ( 0.9911967837233434109, 0.9949093138363854782 ),
 .UNSPECIFIED. ) 
 CURVE ( )  GEOMETRIC_REPRESENTATION_ITEM ( )  RATIONAL_B_SPLINE_CURVE ( ( 0.9330127021148587607, 0.9330104890273205331, 0.9550068837470249150 ) ) 
 REPRESENTATION_ITEM ( '' )  );
#2950 = CARTESIAN_POINT ( 'NONE',  ( 24.90236388584324345, 2.466654187917208121E-11, 1.222636114156755216 ) ) ;
#2951 = EDGE_CURVE ( 'NONE', #1431, #3231, #1857, .T. ) ;
#2952 = CARTESIAN_POINT ( 'NONE',  ( 23.39583333333333215, 1.500000000000000000, -0.8660254037844384856 ) ) ;
#2953 = CARTESIAN_POINT ( 'NONE',  ( 21.02083333333333215, -0.5876202367904137525, -1.017788105676651345 ) ) ;
#2954 = CARTESIAN_POINT ( 'NONE',  ( -19.16666666666667140, -0.7500000000000013323, -1.299038105676658894 ) ) ;
#2955 = AXIS2_PLACEMENT_3D ( 'NONE', #3807, #4995, #421 ) ;
#2956 = CARTESIAN_POINT ( 'NONE',  ( 21.45833333333333215, 1.500000000000000000, -0.8660254037844384856 ) ) ;
#2957 = AXIS2_PLACEMENT_3D ( 'NONE', #1538, #742, #357 ) ;
#2958 = DIRECTION ( 'NONE',  ( 1.000000000000000000, 0.000000000000000000, -0.000000000000000000 ) ) ;
#2959 = VERTEX_POINT ( 'NONE', #2232 ) ;
#2960 = CC_DESIGN_PERSON_AND_ORGANIZATION_ASSIGNMENT ( #1314, #4227, ( #1333 ) ) ;
#2961 = CARTESIAN_POINT ( 'NONE',  ( -20.47916666666666075, -1.175240473580833722, 0.6785254037844379305 ) ) ;
#2962 = FACE_OUTER_BOUND ( 'NONE', #1040, .T. ) ;
#2963 = CARTESIAN_POINT ( 'NONE',  ( -21.64583333333332504, 1.175240473580833722, 0.6785254037844374864 ) ) ;
#2964 = ORIENTED_EDGE ( 'NONE', *, *, #5033, .F. ) ;
#2965 = CARTESIAN_POINT ( 'NONE',  ( 21.79166666666666430, 1.175240473580827505, 0.6785254037844348218 ) ) ;
#2966 = FACE_OUTER_BOUND ( 'NONE', #3454, .T. ) ;
#2967 = B_SPLINE_CURVE_WITH_KNOTS ( 'NONE', 3,
 ( #5238, #1904, #2743, #1118, #1984, #2769, #670, #722 ),
 .UNSPECIFIED., .F., .F.,
 ( 4, 2, 2, 4 ),
 ( 0.007466650099368964469, 0.008031809525262292859, 0.008314389238208957922, 0.008596968951155621250 ),
 .UNSPECIFIED. ) ;
#2968 = CARTESIAN_POINT ( 'NONE',  ( -24.91017039017178192, 0.8761165523033841440, -2.249999999999999556 ) ) ;
#2969 = EDGE_CURVE ( 'NONE', #2470, #4071, #3413, .T. ) ;
#2970 = CARTESIAN_POINT ( 'NONE',  ( -22.37499999999999645, -2.492861891654330359E-16, -1.357050807568875195 ) ) ;
#2971 = CARTESIAN_POINT ( 'NONE',  ( 22.16666666666666430, 0.5876202367904140855, -1.017788105676651345 ) ) ;
#2972 = CARTESIAN_POINT ( 'NONE',  ( -23.72916666666665719, -1.500000000000000888, 0.8660254037844398178 ) ) ;
#2973 = CARTESIAN_POINT ( 'NONE',  ( 24.60416666666666430, 0.5876202367904140855, -1.017788105676651345 ) ) ;
#2974 = CARTESIAN_POINT ( 'NONE',  ( 24.08333333333333215, -0.5876202367904137525, -1.017788105676651345 ) ) ;
#2975 = CARTESIAN_POINT ( 'NONE',  ( -22.04166666666665719, -1.175240473580833722, 0.6785254037844379305 ) ) ;
#2976 = DATE_AND_TIME ( #2563, #1241 ) ;
#2977 = CARTESIAN_POINT ( 'NONE',  ( -19.62499999999998934, 8.309539638847769097E-17, 1.357050807568875195 ) ) ;
#2978 = CARTESIAN_POINT ( 'NONE',  ( -20.87500000000000355, 1.060575238724907778E-16, 1.732050807568878747 ) ) ;
#2979 = CARTESIAN_POINT ( 'NONE',  ( 19.79166666666666785, -1.499999999999999778, -0.8660254037844391517 ) ) ;
#2980 = AXIS2_PLACEMENT_3D ( 'NONE', #4842, #2815, #3992 ) ;
#2981 = DIRECTION ( 'NONE',  ( 0.000000000000000000, 0.000000000000000000, 1.000000000000000000 ) ) ;
#2982 = CARTESIAN_POINT ( 'NONE',  ( 24.85428163065176932, 1.041249588200442444, 0.7333325550999608700 ) ) ;
#2983 = CARTESIAN_POINT ( 'NONE',  ( 24.20833333333332860, -1.500000000000000444, 0.8660254037844380415 ) ) ;
#2984 = CARTESIAN_POINT ( 'NONE',  ( 19.68749999999999645, 1.175240473580827949, 0.000000000000000000 ) ) ;
#2985 = EDGE_CURVE ( 'NONE', #1412, #1407, #3235, .T. ) ;
#2986 = CARTESIAN_POINT ( 'NONE',  ( -24.33482909936925154, 0.4019237886466845988, 1.500000000000001110 ) ) ;
#2987 = VERTEX_POINT ( 'NONE', #4396 ) ;
#2988 = CARTESIAN_POINT ( 'NONE',  ( -18.76420044157551459, 0.6811631509983221422, -0.9637810789779401865 ) ) ;
#2989 = CARTESIAN_POINT ( 'NONE',  ( 23.43749999999999645, -1.175240473580827949, -1.439254484199180504E-16 ) ) ;
#2990 = CARTESIAN_POINT ( 'NONE',  ( -21.85416666666665719, -0.5876202367904174162, -1.017788105676656230 ) ) ;
#2991 = VERTEX_POINT ( 'NONE', #1830 ) ;
#2992 = VERTEX_POINT ( 'NONE', #1050 ) ;
#2993 = CARTESIAN_POINT ( 'NONE',  ( 23.62499999999999645, 8.309539638847728421E-17, -1.357050807568868533 ) ) ;
#2994 = CARTESIAN_POINT ( 'NONE',  ( -19.31249999999998934, 2.033577675846917841E-16, 1.500000000000001110 ) ) ;
#2995 = CARTESIAN_POINT ( 'NONE',  ( -23.12499999999999289, 8.309539638847769097E-17, 1.357050807568875195 ) ) ;
#2996 = CARTESIAN_POINT ( 'NONE',  ( 21.24999999999999645, 1.175240473580827949, 0.000000000000000000 ) ) ;
#2997 = CARTESIAN_POINT ( 'NONE',  ( -18.60000000000000142, 1.836970198721030427E-16, -1.500000000000000666 ) ) ;
#2998 = CARTESIAN_POINT ( 'NONE',  ( 23.89583333333333570, -1.175240473580828393, 0.6785254037844338226 ) ) ;
#2999 = CARTESIAN_POINT ( 'NONE',  ( 24.45833333333333215, -1.175240473580828393, 0.6785254037844338226 ) ) ;
#3000 = CARTESIAN_POINT ( 'NONE',  ( -21.12499999999999289, 8.309539638847769097E-17, 1.357050807568875195 ) ) ;
#3001 = PERSON_AND_ORGANIZATION ( #1783, #4506 ) ;
#3002 = CARTESIAN_POINT ( 'NONE',  ( -20.79166666666665719, 1.175240473580833500, -0.6785254037844382635 ) ) ;
#3003 = CARTESIAN_POINT ( 'NONE',  ( -20.91666666666667496, 0.7500000000000008882, 1.299038105676659116 ) ) ;
#3004 = CARTESIAN_POINT ( 'NONE',  ( 25.02083333333333215, -0.5876202367904137525, -1.017788105676651345 ) ) ;
#3005 = EDGE_CURVE ( 'NONE', #4362, #790, #4742, .T. ) ;
#3006 = CARTESIAN_POINT ( 'NONE',  ( -19.45833333333333570, 1.500000000000001110, 0.8660254037844392627 ) ) ;
#3007 = CARTESIAN_POINT ( 'NONE',  ( -23.47916666666666075, 1.500000000000000888, -0.8660254037844402619 ) ) ;
#3008 = CARTESIAN_POINT ( 'NONE',  ( 24.66666666666666430, -0.7500000000000006661, 1.299038105676657562 ) ) ;
#3009 = CARTESIAN_POINT ( 'NONE',  ( 25.24999999999999645, 1.175240473580827949, 0.000000000000000000 ) ) ;
#3010 = CARTESIAN_POINT ( 'NONE',  ( -18.60000000000000142, 0.000000000000000000, 0.000000000000000000 ) ) ;
#3011 = EDGE_LOOP ( 'NONE', ( #1168, #4240, #3203, #4047 ) ) ;
#3012 = ORIENTED_EDGE ( 'NONE', *, *, #4204, .F. ) ;
#3013 = DIRECTION ( 'NONE',  ( 0.7071067811865431318, 8.659560562354989558E-17, 0.7071067811865520136 ) ) ;
#3014 = CARTESIAN_POINT ( 'NONE',  ( 22.52083333333332860, -0.5876202367904137525, -1.017788105676651345 ) ) ;
#3015 = CARTESIAN_POINT ( 'NONE',  ( 24.99999999999999645, 0.000000000000000000, 0.000000000000000000 ) ) ;
#3016 = ORIENTED_EDGE ( 'NONE', *, *, #5308, .F. ) ;
#3017 = EDGE_LOOP ( 'NONE', ( #1188, #3584, #2739, #4579 ) ) ;
#3018 = CARTESIAN_POINT ( 'NONE',  ( 22.87500000000000000, -2.492861891654318526E-16, 1.357050807568868533 ) ) ;
#3019 = CARTESIAN_POINT ( 'NONE',  ( -24.97916666666666075, -1.175240473580833722, 0.6785254037844379305 ) ) ;
#3020 = EDGE_CURVE ( 'NONE', #86, #2687, #4620, .T. ) ;
#3021 = CARTESIAN_POINT ( 'NONE',  ( -23.56249999999999645, 2.788906526875773602E-15, -1.500000000000001554 ) ) ;
#3022 = VECTOR ( 'NONE', #1268, 1000.000000000000000 ) ;
#3023 = CARTESIAN_POINT ( 'NONE',  ( 22.08333333333332860, -0.5876202367904137525, -1.017788105676651345 ) ) ;
#3024 = CARTESIAN_POINT ( 'NONE',  ( -24.56249999999998934, -6.391244124090313355E-16, -1.500000000000001332 ) ) ;
#3025 = CARTESIAN_POINT ( 'NONE',  ( 24.81249999999999645, -2.492861891654318526E-16, 1.357050807568868311 ) ) ;
#3026 = CARTESIAN_POINT ( 'NONE',  ( 22.00000000000000000, -1.175240473580827949, -1.439254484199180504E-16 ) ) ;
#3027 = CARTESIAN_POINT ( 'NONE',  ( -22.62499999999999289, 8.309539638847769097E-17, 1.357050807568875195 ) ) ;
#3028 = SHAPE_DEFINITION_REPRESENTATION ( #4582, #3094 ) ;
#3029 = CARTESIAN_POINT ( 'NONE',  ( -18.87499999999999289, -2.492861891654330359E-16, -1.357050807568875195 ) ) ;
#3030 = CARTESIAN_POINT ( 'NONE',  ( 23.77083333333333215, 0.5876202367904130863, 1.017788105676651789 ) ) ;
#3031 =( BOUNDED_CURVE ( )  B_SPLINE_CURVE ( 2, ( #4403, #2237, #3904, #4730, #630 ),
 .UNSPECIFIED., .F., .T. ) 
 B_SPLINE_CURVE_WITH_KNOTS ( ( 3, 2, 3 ),
 ( 0.008164013655210302159, 0.01295682558449558382, 0.01943555755428381937 ),
 .UNSPECIFIED. ) 
 CURVE ( )  GEOMETRIC_REPRESENTATION_ITEM ( )  RATIONAL_B_SPLINE_CURVE ( ( 0.9375475705896758605, 0.9504419474672909374, 1.000000000000000000, 0.9330094015702412591, 0.9330127020548192318 ) ) 
 REPRESENTATION_ITEM ( '' )  );
#3032 = CARTESIAN_POINT ( 'NONE',  ( 19.91074498996844611, -2.385217236779676231, -0.3686825588085548833 ) ) ;
#3033 = CARTESIAN_POINT ( 'NONE',  ( -23.68749999999998934, -1.500000000000001332, 1.836970198721031413E-16 ) ) ;
#3034 = ADVANCED_FACE ( 'NONE', ( #3623 ), #3970, .T. ) ;
#3035 = EDGE_CURVE ( 'NONE', #743, #251, #4209, .T. ) ;
#3036 = CARTESIAN_POINT ( 'NONE',  ( 24.87499999999999645, 1.060575238724906915E-16, -1.732050807568877193 ) ) ;
#3037 = CARTESIAN_POINT ( 'NONE',  ( 20.02083333333333215, -0.5876202367904137525, -1.017788105676651345 ) ) ;
#3038 = CARTESIAN_POINT ( 'NONE',  ( -25.00000000000000355, 0.2201494035779666125, 2.250000000000000000 ) ) ;
#3039 = EDGE_LOOP ( 'NONE', ( #3696, #3072, #5091, #1381 ) ) ;
#3040 = ORIENTED_EDGE ( 'NONE', *, *, #2765, .T. ) ;
#3041 = VECTOR ( 'NONE', #931, 1000.000000000000000 ) ;
#3042 = CARTESIAN_POINT ( 'NONE',  ( -19.56249999999998934, 8.309539638847769097E-17, 1.357050807568875195 ) ) ;
#3043 = CARTESIAN_POINT ( 'NONE',  ( 22.22916666666666785, 1.175240473580827505, 0.6785254037844348218 ) ) ;
#3044 = CARTESIAN_POINT ( 'NONE',  ( -18.85416666666665719, -0.5876202367904174162, -1.017788105676656230 ) ) ;
#3045 = ORIENTED_EDGE ( 'NONE', *, *, #1046, .F. ) ;
#3046 = AXIS2_PLACEMENT_3D ( 'NONE', #2309, #3108, #2026 ) ;
#3047 = ORIENTED_EDGE ( 'NONE', *, *, #3585, .F. ) ;
#3048 = CARTESIAN_POINT ( 'NONE',  ( 19.98105736057937776, -0.4381921546214941898, -2.249999999999999556 ) ) ;
#3049 = LINE ( 'NONE', #5281, #5229 ) ;
#3050 = AXIS2_PLACEMENT_3D ( 'NONE', #1079, #4888, #241 ) ;
#3051 = CARTESIAN_POINT ( 'NONE',  ( -19.49999999999998934, -1.175240473580833722, 1.439254484199187407E-16 ) ) ;
#3052 = CARTESIAN_POINT ( 'NONE',  ( 25.39583333333333215, 1.500000000000000222, -0.8660254037844384856 ) ) ;
#3053 = CARTESIAN_POINT ( 'NONE',  ( -25.00000000000000000, 2.169875997175799931, 0.7416645267673335207 ) ) ;
#3054 = CARTESIAN_POINT ( 'NONE',  ( 24.31250000000000000, -2.492861891654318526E-16, 1.357050807568868311 ) ) ;
#3055 = CARTESIAN_POINT ( 'NONE',  ( 22.33333333333332860, 0.5876202367904130863, 1.017788105676651789 ) ) ;
#3056 = CARTESIAN_POINT ( 'NONE',  ( -21.33333333333332504, 0.5876202367904159729, -1.017788105676656896 ) ) ;
#3057 = CARTESIAN_POINT ( 'NONE',  ( -22.72916666666666075, 1.175240473580833500, -0.6785254037844382635 ) ) ;
#3058 = CARTESIAN_POINT ( 'NONE',  ( 22.18750000000000000, 1.175240473580827949, 0.000000000000000000 ) ) ;
#3059 = CARTESIAN_POINT ( 'NONE',  ( -23.39732912358674355, 0.4019242245613355302, 1.499999748324559734 ) ) ;
#3060 = CARTESIAN_POINT ( 'NONE',  ( -23.00000000000000711, 1.500000000000001332, 0.000000000000000000 ) ) ;
#3061 = CARTESIAN_POINT ( 'NONE',  ( -22.18749999999999289, 1.175240473580833722, 0.000000000000000000 ) ) ;
#3062 = CARTESIAN_POINT ( 'NONE',  ( -23.31249999999999645, 1.060575238724907778E-16, 1.732050807568878747 ) ) ;
#3063 = CARTESIAN_POINT ( 'NONE',  ( 23.33333333333333215, -0.7499999999999996669, -1.299038105676658228 ) ) ;
#3064 = CARTESIAN_POINT ( 'NONE',  ( 20.77083333333333215, 0.5876202367904130863, 1.017788105676651789 ) ) ;
#3065 =( BOUNDED_CURVE ( )  B_SPLINE_CURVE ( 2, ( #1180, #4535, #4976, #1611, #430, #1232, #1154, #349, #4508 ),
 .UNSPECIFIED., .F., .T. ) 
 B_SPLINE_CURVE_WITH_KNOTS ( ( 3, 2, 2, 2, 3 ),
 ( 0.8269230769230769829, 0.8333333333333333703, 0.8461538461538461453, 0.8589743589743589203, 0.8653846153846154188 ),
 .UNSPECIFIED. ) 
 CURVE ( )  GEOMETRIC_REPRESENTATION_ITEM ( )  RATIONAL_B_SPLINE_CURVE ( ( 0.9330127018922192983, 0.9330127018922198534, 1.000000000000000000, 0.8660254037844387076, 1.000000000000000000, 0.8660254037844387076, 1.000000000000000000, 0.9330127018922187432, 0.9330127018922192983 ) ) 
 REPRESENTATION_ITEM ( '' )  );
#3066 = DIRECTION ( 'NONE',  ( 0.000000000000000000, 0.000000000000000000, 1.000000000000000000 ) ) ;
#3067 = ORIENTED_EDGE ( 'NONE', *, *, #4220, .F. ) ;
#3068 = ORIENTED_EDGE ( 'NONE', *, *, #4233, .T. ) ;
#3069 = CARTESIAN_POINT ( 'NONE',  ( -18.77083333333332504, 0.5876202367904159729, -1.017788105676656896 ) ) ;
#3070 = CARTESIAN_POINT ( 'NONE',  ( 23.47916666666666785, -1.175240473580827505, -0.6785254037844345998 ) ) ;
#3071 = CARTESIAN_POINT ( 'NONE',  ( -18.97916666666665364, -1.175240473580833500, 0.6785254037844380415 ) ) ;
#3072 = ORIENTED_EDGE ( 'NONE', *, *, #3364, .T. ) ;
#3073 = VERTEX_POINT ( 'NONE', #3024 ) ;
#3074 = EDGE_CURVE ( 'NONE', #2761, #1900, #4531, .T. ) ;
#3075 = CARTESIAN_POINT ( 'NONE',  ( 21.24999999999999645, 1.175240473580827949, 0.000000000000000000 ) ) ;
#3076 = CARTESIAN_POINT ( 'NONE',  ( -23.93749999999998934, -1.175240473580833722, 1.439254484199187407E-16 ) ) ;
#3077 = ORIENTED_EDGE ( 'NONE', *, *, #2818, .F. ) ;
#3078 = CARTESIAN_POINT ( 'NONE',  ( 20.97115762879195699, -0.5715647996466775016, -1.139058953157523701 ) ) ;
#3079 = CARTESIAN_POINT ( 'NONE',  ( -20.87499825300537637, -3.144591280335350738E-05, 1.499999999670385664 ) ) ;
#3080 = CARTESIAN_POINT ( 'NONE',  ( 22.08333333333332860, -0.5876202367904137525, -1.017788105676651345 ) ) ;
#3081 = CARTESIAN_POINT ( 'NONE',  ( -20.29166666666666075, 1.175240473580833500, -0.6785254037844382635 ) ) ;
#3082 = CARTESIAN_POINT ( 'NONE',  ( -24.31249999999999289, -2.492861891654330359E-16, -1.357050807568875195 ) ) ;
#3083 = CARTESIAN_POINT ( 'NONE',  ( 23.60416666666666430, 0.5876202367904140855, -1.017788105676651345 ) ) ;
#3084 = CARTESIAN_POINT ( 'NONE',  ( -23.45833333333333570, 1.500000000000001110, 0.8660254037844392627 ) ) ;
#3085 = CARTESIAN_POINT ( 'NONE',  ( 21.97916666666666430, 1.499999999999999778, 0.8660254037844394848 ) ) ;
#3086 = CARTESIAN_POINT ( 'NONE',  ( -25.00000000000000000, 1.948557158514987231, -1.124999999999999112 ) ) ;
#3087 = CARTESIAN_POINT ( 'NONE',  ( -21.02083333333332504, -0.5876202367904166390, 1.017788105676656674 ) ) ;
#3088 = CARTESIAN_POINT ( 'NONE',  ( -22.27083333333332149, -0.7500000000000003331, 1.299038105676659338 ) ) ;
#3089 = CARTESIAN_POINT ( 'NONE',  ( -18.60000000000000142, 0.000000000000000000, 1.500000000000000666 ) ) ;
#3090 = CARTESIAN_POINT ( 'NONE',  ( -25.20833333333332860, 1.175240473580833944, 0.6785254037844374864 ) ) ;
#3091 = CARTESIAN_POINT ( 'NONE',  ( -19.60416666666665719, 0.5876202367904169721, 1.017788105676656452 ) ) ;
#3092 = ADVANCED_FACE ( 'NONE', ( #5077 ), #1792, .T. ) ;
#3093 = CARTESIAN_POINT ( 'NONE',  ( -18.60000000000000142, -8.632015906335552524E-06, -7.373058444559336726E-06 ) ) ;
#3094 = ADVANCED_BREP_SHAPE_REPRESENTATION ( '98952A402_Aluminum Male-Female Threaded Hex Standoff', ( #2457, #2491 ), #4147 ) ;
#3095 = VERTEX_POINT ( 'NONE', #564 ) ;
#3096 = ORIENTED_EDGE ( 'NONE', *, *, #3899, .T. ) ;
#3097 = CARTESIAN_POINT ( 'NONE',  ( -19.43749999999998934, -1.175240473580833722, 1.439254484199187407E-16 ) ) ;
#3098 = CARTESIAN_POINT ( 'NONE',  ( 21.93750000000000000, -1.175240473580827949, -1.439254484199180504E-16 ) ) ;
#3099 = CARTESIAN_POINT ( 'NONE',  ( -20.12471870236566573, 1.572010135490160569E-05, -1.499999999839165099 ) ) ;
#3100 = ORIENTED_EDGE ( 'NONE', *, *, #317, .F. ) ;
#3101 = VERTEX_POINT ( 'NONE', #3487 ) ;
#3102 = CARTESIAN_POINT ( 'NONE',  ( 21.66666666666666430, 0.5876202367904140855, -1.017788105676651345 ) ) ;
#3103 = CARTESIAN_POINT ( 'NONE',  ( -24.81249999999998934, -2.492861891654330359E-16, -1.357050807568875195 ) ) ;
#3104 = ORIENTED_EDGE ( 'NONE', *, *, #2226, .F. ) ;
#3105 = CARTESIAN_POINT ( 'NONE',  ( -20.70833333333333570, -1.500000000000001998, -0.8660254037844388186 ) ) ;
#3106 = EDGE_CURVE ( 'NONE', #3637, #4106, #5147, .T. ) ;
#3107 = CARTESIAN_POINT ( 'NONE',  ( -19.16666666666665719, 0.5876202367904169721, 1.017788105676656452 ) ) ;
#3108 = DIRECTION ( 'NONE',  ( -1.000000000000000000, 0.000000000000000000, 0.000000000000000000 ) ) ;
#3109 = CARTESIAN_POINT ( 'NONE',  ( 21.35416666666666430, -0.5876202367904145296, 1.017788105676650900 ) ) ;
#3110 = CARTESIAN_POINT ( 'NONE',  ( 22.29166666666666430, 1.175240473580827727, 0.6785254037844348218 ) ) ;
#3111 = VECTOR ( 'NONE', #377, 1000.000000000000000 ) ;
#3112 = CARTESIAN_POINT ( 'NONE',  ( 22.06250000000000000, 8.309539638847728421E-17, -1.357050807568868533 ) ) ;
#3113 = CARTESIAN_POINT ( 'NONE',  ( -22.16666666666667140, -0.7500000000000013323, -1.299038105676658894 ) ) ;
#3114 = CARTESIAN_POINT ( 'NONE',  ( 24.43749999999999645, 1.500000000000000000, 0.000000000000000000 ) ) ;
#3115 = CARTESIAN_POINT ( 'NONE',  ( 22.14583333333332860, -1.500000000000000222, 0.8660254037844381525 ) ) ;
#3116 = CARTESIAN_POINT ( 'NONE',  ( -22.06249999999999289, 8.309539638847769097E-17, 1.357050807568875195 ) ) ;
#3117 = CARTESIAN_POINT ( 'NONE',  ( -20.93749999999998934, 1.500000000000001332, 0.000000000000000000 ) ) ;
#3118 = DIRECTION ( 'NONE',  ( 0.000000000000000000, 0.000000000000000000, 1.000000000000000000 ) ) ;
#3119 = CARTESIAN_POINT ( 'NONE',  ( -24.20833333333332504, 1.175240473580833944, 0.6785254037844374864 ) ) ;
#3120 = B_SPLINE_CURVE_WITH_KNOTS ( 'NONE', 3,
 ( #2042, #1230, #1638, #4973, #3270, #5026 ),
 .UNSPECIFIED., .F., .F.,
 ( 4, 2, 4 ),
 ( 0.001314652396222795814, 0.001969405109320635037, 0.002624157822418474260 ),
 .UNSPECIFIED. ) ;
#3121 = CARTESIAN_POINT ( 'NONE',  ( -24.54166666666666785, 1.500000000000000888, -0.8660254037844402619 ) ) ;
#3122 = DESIGN_CONTEXT ( 'detailed design', #1389, 'design' ) ;
#3123 = CARTESIAN_POINT ( 'NONE',  ( -22.27083333333332149, -0.7500000000000003331, 1.299038105676659338 ) ) ;
#3124 = ORIENTED_EDGE ( 'NONE', *, *, #3225, .T. ) ;
#3125 = LINE ( 'NONE', #639, #4701 ) ;
#3126 = ORIENTED_EDGE ( 'NONE', *, *, #3732, .T. ) ;
#3127 = ORIENTED_EDGE ( 'NONE', *, *, #3884, .F. ) ;
#3128 = EDGE_CURVE ( 'NONE', #3073, #331, #5161, .T. ) ;
#3129 = CARTESIAN_POINT ( 'NONE',  ( 21.58333333333333215, -0.5876202367904137525, -1.017788105676651345 ) ) ;
#3130 = AXIS2_PLACEMENT_3D ( 'NONE', #2530, #3345, #1660 ) ;
#3131 = VERTEX_POINT ( 'NONE', #2199 ) ;
#3132 = CARTESIAN_POINT ( 'NONE',  ( -25.00000000000000000, 1.299038105676659782, -2.249999999999999556 ) ) ;
#3133 = CARTESIAN_POINT ( 'NONE',  ( -18.82670102385148780, 0.6811549392268512193, -0.9637858200464095582 ) ) ;
#3134 = CARTESIAN_POINT ( 'NONE',  ( -18.60000000000000142, 1.836970198721030427E-16, -1.500000000000000666 ) ) ;
#3135 = EDGE_CURVE ( 'NONE', #666, #4020, #2137, .T. ) ;
#3136 = CARTESIAN_POINT ( 'NONE',  ( 21.10416666666666785, 0.5876202367904140855, -1.017788105676651345 ) ) ;
#3137 = CIRCLE ( 'NONE', #1649, 1.125000000000001776 ) ;
#3138 = CARTESIAN_POINT ( 'NONE',  ( 21.24999999999999645, 1.175240473580827949, 0.000000000000000000 ) ) ;
#3139 = CARTESIAN_POINT ( 'NONE',  ( 21.97916666666666430, -1.175240473580827505, -0.6785254037844345998 ) ) ;
#3140 = CARTESIAN_POINT ( 'NONE',  ( -19.35416666666665719, 0.7500000000000008882, 1.299038105676659116 ) ) ;
#3141 = CARTESIAN_POINT ( 'NONE',  ( 23.43750000000000000, 1.500000000000000000, 0.000000000000000000 ) ) ;
#3142 = CARTESIAN_POINT ( 'NONE',  ( -24.62444047358082955, -0.007890937125981071706, 1.175213982155494774 ) ) ;
#3143 = CARTESIAN_POINT ( 'NONE',  ( -22.79166666666667140, -1.500000000000000888, 0.8660254037844398178 ) ) ;
#3144 = CARTESIAN_POINT ( 'NONE',  ( -22.31249999999999645, -2.492861891654330359E-16, -1.357050807568875195 ) ) ;
#3145 = CARTESIAN_POINT ( 'NONE',  ( -20.52083333333332504, 0.7499999999999995559, -1.299038105676659560 ) ) ;
#3146 = FACE_OUTER_BOUND ( 'NONE', #1513, .T. ) ;
#3147 = CARTESIAN_POINT ( 'NONE',  ( -24.12499999999999289, 8.309539638847769097E-17, 1.357050807568875195 ) ) ;
#3148 = CARTESIAN_POINT ( 'NONE',  ( -19.18749999999998934, 1.175240473580833722, 0.000000000000000000 ) ) ;
#3149 = CARTESIAN_POINT ( 'NONE',  ( -21.87500083245187810, 1.498413736887682167E-05, 1.499999999925159644 ) ) ;
#3150 = ORIENTED_EDGE ( 'NONE', *, *, #1339, .T. ) ;
#3151 = CARTESIAN_POINT ( 'NONE',  ( 21.10261846621883919, 1.193699582126866110, 0.7541506066305693201 ) ) ;
#3152 = ORIENTED_EDGE ( 'NONE', *, *, #1267, .T. ) ;
#3153 = ORIENTED_EDGE ( 'NONE', *, *, #5291, .F. ) ;
#3154 = CARTESIAN_POINT ( 'NONE',  ( 19.87500000000000000, -2.492861891654318526E-16, 1.357050807568868533 ) ) ;
#3155 = ORIENTED_EDGE ( 'NONE', *, *, #3918, .F. ) ;
#3156 = CARTESIAN_POINT ( 'NONE',  ( -18.60000000000000142, 0.000000000000000000, 0.000000000000000000 ) ) ;
#3157 = CARTESIAN_POINT ( 'NONE',  ( -24.43749999999998934, -1.175240473580833722, 1.439254484199187407E-16 ) ) ;
#3158 = EDGE_CURVE ( 'NONE', #5018, #5233, #2173, .T. ) ;
#3159 = CARTESIAN_POINT ( 'NONE',  ( 19.99999999999999645, 0.000000000000000000, -1.500000000000000222 ) ) ;
#3160 = CARTESIAN_POINT ( 'NONE',  ( 22.47916666666666785, -1.175240473580827727, -0.6785254037844345998 ) ) ;
#3161 = CARTESIAN_POINT ( 'NONE',  ( 19.99999999999999645, 0.000000000000000000, -1.500000000000000222 ) ) ;
#3162 = CARTESIAN_POINT ( 'NONE',  ( 23.06250000000000355, 8.309539638847728421E-17, -1.357050807568868533 ) ) ;
#3163 = CARTESIAN_POINT ( 'NONE',  ( 19.99999999999999645, 1.948557158514987231, -1.124999999999999112 ) ) ;
#3164 = CARTESIAN_POINT ( 'NONE',  ( 23.27083333333333215, -0.7499999999999996669, -1.299038105676658228 ) ) ;
#3165 = CARTESIAN_POINT ( 'NONE',  ( 20.87499999999999645, 0.000000000000000000, 0.000000000000000000 ) ) ;
#3166 = CARTESIAN_POINT ( 'NONE',  ( -24.72857505765145802, 0.6662107849928639025, 1.096440445758472437 ) ) ;
#3167 = CARTESIAN_POINT ( 'NONE',  ( -22.47916666666665719, -1.175240473580833722, 0.6785254037844379305 ) ) ;
#3168 = CARTESIAN_POINT ( 'NONE',  ( -19.93749999999998934, 1.500000000000001332, 0.000000000000000000 ) ) ;
#3169 = CARTESIAN_POINT ( 'NONE',  ( 24.67303966213284383, -1.435701659863075630, -0.2581624216179979059 ) ) ;
#3170 = CARTESIAN_POINT ( 'NONE',  ( -22.87499825397860320, -3.142839441811019004E-05, 1.499999999670752926 ) ) ;
#3171 = CARTESIAN_POINT ( 'NONE',  ( -19.06249999999999289, 8.309539638847769097E-17, 1.357050807568875195 ) ) ;
#3172 = ADVANCED_FACE ( 'NONE', ( #4666 ), #587, .F. ) ;
#3173 = CARTESIAN_POINT ( 'NONE',  ( 20.00000000000000000, -1.838311014891735207, 1.315951922094005910 ) ) ;
#3174 = DIRECTION ( 'NONE',  ( -1.000000000000000000, 0.000000000000000000, 0.000000000000000000 ) ) ;
#3175 = CARTESIAN_POINT ( 'NONE',  ( 21.02887321540187315, 0.8488562511717659964, -1.034999713054527426 ) ) ;
#3176 = VERTEX_POINT ( 'NONE', #4195 ) ;
#3177 = CARTESIAN_POINT ( 'NONE',  ( -21.79017090063073070, -0.4019237886466842102, 1.500000000000001110 ) ) ;
#3178 = ORIENTED_EDGE ( 'NONE', *, *, #4068, .T. ) ;
#3179 = CARTESIAN_POINT ( 'NONE',  ( -23.43749999999998934, -1.175240473580833722, 1.439254484199187407E-16 ) ) ;
#3180 = DIRECTION ( 'NONE',  ( 0.000000000000000000, 0.000000000000000000, -1.000000000000000000 ) ) ;
#3181 = CARTESIAN_POINT ( 'NONE',  ( -22.64583333333332504, 1.175240473580833722, 0.6785254037844374864 ) ) ;
#3182 = CARTESIAN_POINT ( 'NONE',  ( 24.06249999999999645, -6.391244124090313355E-16, 1.499999999999999778 ) ) ;
#3183 = EDGE_CURVE ( 'NONE', #2991, #5041, #482, .T. ) ;
#3184 = CARTESIAN_POINT ( 'NONE',  ( -24.77775099023168082, -0.8426333858790342468, -1.031050019878359647 ) ) ;
#3185 = CARTESIAN_POINT ( 'NONE',  ( 20.18749999999999645, 1.175240473580827949, 0.000000000000000000 ) ) ;
#3186 = CARTESIAN_POINT ( 'NONE',  ( 25.16666666666666430, 0.5876202367904140855, -1.017788105676651345 ) ) ;
#3187 = CARTESIAN_POINT ( 'NONE',  ( 24.89583333333333570, 1.500000000000000222, -0.8660254037844384856 ) ) ;
#3188 = CARTESIAN_POINT ( 'NONE',  ( 19.99999999999999645, 0.000000000000000000, -1.500000000000000222 ) ) ;
#3189 = CARTESIAN_POINT ( 'NONE',  ( -20.79166666666667140, -1.500000000000000888, 0.8660254037844398178 ) ) ;
#3190 = CARTESIAN_POINT ( 'NONE',  ( -21.06249999999999289, 6.333141904780402276E-15, -1.500000000000001554 ) ) ;
#3191 = AXIS2_PLACEMENT_3D ( 'NONE', #4530, #2015, #829 ) ;
#3192 = CARTESIAN_POINT ( 'NONE',  ( -19.97916666666665719, 1.500000000000000888, -0.8660254037844402619 ) ) ;
#3193 = CARTESIAN_POINT ( 'NONE',  ( 23.56249999999999645, 2.265986553086566003E-15, 1.500000000000000000 ) ) ;
#3194 = CARTESIAN_POINT ( 'NONE',  ( 23.62499999999999289, -6.391244124090313355E-16, 1.499999999999999778 ) ) ;
#3195 = CARTESIAN_POINT ( 'NONE',  ( -18.89583333333332504, -1.175240473580834166, -0.6785254037844371533 ) ) ;
#3196 = CARTESIAN_POINT ( 'NONE',  ( 21.79166666666666430, -1.499999999999999778, -0.8660254037844391517 ) ) ;
#3197 = CARTESIAN_POINT ( 'NONE',  ( -23.89583333333332504, 1.500000000000001110, 0.8660254037844392627 ) ) ;
#3198 = EDGE_CURVE ( 'NONE', #5155, #2356, #3792, .T. ) ;
#3199 = EDGE_LOOP ( 'NONE', ( #164, #5307, #3227, #3260, #1087, #4769 ) ) ;
#3200 = EDGE_CURVE ( 'NONE', #666, #2527, #616, .T. ) ;
#3201 = CARTESIAN_POINT ( 'NONE',  ( -24.39583333333332504, -1.175240473580834166, -0.6785254037844371533 ) ) ;
#3202 = CARTESIAN_POINT ( 'NONE',  ( -18.60000000000000142, 0.000000000000000000, 0.000000000000000000 ) ) ;
#3203 = ORIENTED_EDGE ( 'NONE', *, *, #38, .T. ) ;
#3204 = CARTESIAN_POINT ( 'NONE',  ( -21.62622106121219545, -6.978510182854185187E-05, -1.499999996966381977 ) ) ;
#3205 = EDGE_LOOP ( 'NONE', ( #2550, #1657, #4987 ) ) ;
#3206 = CARTESIAN_POINT ( 'NONE',  ( -24.22916666666666075, 1.175240473580833500, -0.6785254037844382635 ) ) ;
#3207 = CARTESIAN_POINT ( 'NONE',  ( 21.43750000000000000, 1.500000000000000000, 0.000000000000000000 ) ) ;
#3208 = CARTESIAN_POINT ( 'NONE',  ( -23.02083333333332504, -0.5876202367904166390, 1.017788105676656674 ) ) ;
#3209 = CARTESIAN_POINT ( 'NONE',  ( -22.43749999999999289, 1.500000000000001332, 0.000000000000000000 ) ) ;
#3210 = CARTESIAN_POINT ( 'NONE',  ( 19.91016837587054056, 0.8761341122661236991, -2.249999999999999556 ) ) ;
#3211 = LINE ( 'NONE', #3161, #4159 ) ;
#3212 = CARTESIAN_POINT ( 'NONE',  ( 20.72916666666666785, 1.175240473580827505, 0.6785254037844348218 ) ) ;
#3213 = VECTOR ( 'NONE', #1957, 1000.000000000000000 ) ;
#3214 = CARTESIAN_POINT ( 'NONE',  ( 22.87500000000000000, -2.492861891654318526E-16, 1.357050807568868533 ) ) ;
#3215 = CARTESIAN_POINT ( 'NONE',  ( 25.18749999999999645, -1.500000000000000000, -1.836970198721029934E-16 ) ) ;
#3216 = CARTESIAN_POINT ( 'NONE',  ( 22.31249999999999645, -5.723068602026326086E-15, -1.499999999999999778 ) ) ;
#3217 = CARTESIAN_POINT ( 'NONE',  ( -20.87499825300537637, -3.144591280335350738E-05, 1.499999999670385664 ) ) ;
#3218 = CARTESIAN_POINT ( 'NONE',  ( -22.85416666666665719, 0.7500000000000008882, 1.299038105676659116 ) ) ;
#3219 = CARTESIAN_POINT ( 'NONE',  ( -20.68749999999998934, -1.500000000000001332, 1.836970198721031413E-16 ) ) ;
#3220 = CARTESIAN_POINT ( 'NONE',  ( -18.60000000000000142, 0.000000000000000000, 1.500000000000000666 ) ) ;
#3221 = AXIS2_PLACEMENT_3D ( 'NONE', #498, #4755, #1324 ) ;
#3222 = CARTESIAN_POINT ( 'NONE',  ( -23.70833333333332504, 1.175240473580833944, 0.6785254037844374864 ) ) ;
#3223 = CARTESIAN_POINT ( 'NONE',  ( -23.83333333333333925, -0.7500000000000003331, 1.299038105676659338 ) ) ;
#3224 = CARTESIAN_POINT ( 'NONE',  ( 21.08333333333333215, 0.7499999999999988898, 1.299038105676658672 ) ) ;
#3225 = EDGE_CURVE ( 'NONE', #5096, #790, #2745, .T. ) ;
#3226 = DIRECTION ( 'NONE',  ( 1.000000000000000000, 0.000000000000000000, -0.000000000000000000 ) ) ;
#3227 = ORIENTED_EDGE ( 'NONE', *, *, #1226, .T. ) ;
#3228 = CARTESIAN_POINT ( 'NONE',  ( 21.08228091765234069, 1.370426516775045789, 0.2420147304295550139 ) ) ;
#3229 = ORIENTED_EDGE ( 'NONE', *, *, #3320, .F. ) ;
#3230 = CARTESIAN_POINT ( 'NONE',  ( -21.60416666666665719, -0.7500000000000013323, -1.299038105676658894 ) ) ;
#3231 = VERTEX_POINT ( 'NONE', #3079 ) ;
#3232 = CARTESIAN_POINT ( 'NONE',  ( -22.97916666666665719, -1.175240473580833722, 0.6785254037844379305 ) ) ;
#3233 = CARTESIAN_POINT ( 'NONE',  ( -24.85266987951118267, -0.4019421687987945746, 1.499989388214232555 ) ) ;
#3234 = CARTESIAN_POINT ( 'NONE',  ( -24.47916666666666075, -1.175240473580833500, 0.6785254037844380415 ) ) ;
#3235 =( BOUNDED_CURVE ( )  B_SPLINE_CURVE ( 2, ( #4806, #2749, #4312, #4753, #1076, #2288, #3573, #5244, #181 ),
 .UNSPECIFIED., .F., .F. ) 
 B_SPLINE_CURVE_WITH_KNOTS ( ( 3, 2, 2, 2, 3 ),
 ( 0.3269230769230769273, 0.3333333333333333148, 0.3461538461538461453, 0.3589743589743589758, 0.3653846153846154188 ),
 .UNSPECIFIED. ) 
 CURVE ( )  GEOMETRIC_REPRESENTATION_ITEM ( )  RATIONAL_B_SPLINE_CURVE ( ( 0.9330127018922194093, 0.9330127018922194093, 1.000000000000000000, 0.8660254037844387076, 1.000000000000000000, 0.8660254037844387076, 1.000000000000000000, 0.9330127018922190762, 0.9330127018922194093 ) ) 
 REPRESENTATION_ITEM ( '' )  );
#3236 = EDGE_CURVE ( 'NONE', #3101, #3916, #3542, .T. ) ;
#3237 = ORIENTED_EDGE ( 'NONE', *, *, #3971, .F. ) ;
#3238 = CARTESIAN_POINT ( 'NONE',  ( -18.60000000000000142, 0.000000000000000000, 0.000000000000000000 ) ) ;
#3239 = CARTESIAN_POINT ( 'NONE',  ( 21.70833333333333215, -1.500000000000000222, 0.8660254037844381525 ) ) ;
#3240 = CARTESIAN_POINT ( 'NONE',  ( -24.45833333333332504, -1.175240473580834166, -0.6785254037844372643 ) ) ;
#3241 = CARTESIAN_POINT ( 'NONE',  ( 25.12500000000000000, 8.309539638847728421E-17, -1.357050807568868533 ) ) ;
#3242 = CARTESIAN_POINT ( 'NONE',  ( 22.64583333333333215, -1.500000000000000444, 0.8660254037844380415 ) ) ;
#3243 = FACE_OUTER_BOUND ( 'NONE', #5186, .T. ) ;
#3244 = DIRECTION ( 'NONE',  ( 0.000000000000000000, 0.000000000000000000, 1.000000000000000000 ) ) ;
#3245 = CARTESIAN_POINT ( 'NONE',  ( -24.49999999999998934, -1.175240473580833722, 1.439254484199187407E-16 ) ) ;
#3246 = CARTESIAN_POINT ( 'NONE',  ( -20.12471870236566218, 1.572010135490160569E-05, -1.499999999839165099 ) ) ;
#3247 = CARTESIAN_POINT ( 'NONE',  ( -21.79166666666665364, 1.175240473580833500, -0.6785254037844382635 ) ) ;
#3248 = CARTESIAN_POINT ( 'NONE',  ( -21.70833333333333570, -1.500000000000001998, -0.8660254037844388186 ) ) ;
#3249 = CARTESIAN_POINT ( 'NONE',  ( 21.16666666666666430, -0.7500000000000006661, 1.299038105676657562 ) ) ;
#3250 = CARTESIAN_POINT ( 'NONE',  ( -23.85416666666665719, 0.7500000000000008882, 1.299038105676659116 ) ) ;
#3251 = CARTESIAN_POINT ( 'NONE',  ( 22.54166666666666075, 1.499999999999999778, 0.8660254037844394848 ) ) ;
#3252 = EDGE_CURVE ( 'NONE', #306, #609, #5059, .T. ) ;
#3253 = CARTESIAN_POINT ( 'NONE',  ( 21.00219284975730361, 0.1808653649784368878, -1.299893323338130235 ) ) ;
#3254 = ORIENTED_EDGE ( 'NONE', *, *, #4726, .F. ) ;
#3255 = DIRECTION ( 'NONE',  ( -1.000000000000000000, -0.000000000000000000, -0.000000000000000000 ) ) ;
#3256 = ORIENTED_EDGE ( 'NONE', *, *, #3035, .F. ) ;
#3257 = CARTESIAN_POINT ( 'NONE',  ( -22.14583333333332504, 1.175240473580833944, 0.6785254037844374864 ) ) ;
#3258 = CARTESIAN_POINT ( 'NONE',  ( -24.62444047358084021, -2.097490117087819850E-14, 1.175240473580833278 ) ) ;
#3259 = CARTESIAN_POINT ( 'NONE',  ( -22.18749999999999289, 1.175240473580833722, 0.000000000000000000 ) ) ;
#3260 = ORIENTED_EDGE ( 'NONE', *, *, #2301, .F. ) ;
#3261 = CARTESIAN_POINT ( 'NONE',  ( 22.39583333333332860, 1.500000000000000000, -0.8660254037844384856 ) ) ;
#3262 = FACE_OUTER_BOUND ( 'NONE', #1810, .T. ) ;
#3263 = CARTESIAN_POINT ( 'NONE',  ( 21.64732909936925509, -0.4019237886466845988, 1.499999999999999778 ) ) ;
#3264 = EDGE_CURVE ( 'NONE', #847, #4351, #5234, .T. ) ;
#3265 = EDGE_CURVE ( 'NONE', #1412, #691, #3689, .T. ) ;
#3266 = CARTESIAN_POINT ( 'NONE',  ( -23.58333333333332504, -0.5876202367904166390, 1.017788105676656674 ) ) ;
#3267 = CARTESIAN_POINT ( 'NONE',  ( 23.66666666666666430, 0.5876202367904140855, -1.017788105676651345 ) ) ;
#3268 = CARTESIAN_POINT ( 'NONE',  ( 20.43749999999999645, 1.500000000000000000, 0.000000000000000000 ) ) ;
#3269 = CYLINDRICAL_SURFACE ( 'NONE', #3367, 1.500000000000000666 ) ;
#3270 = CARTESIAN_POINT ( 'NONE',  ( -24.86022993090465860, -2.492088861051974913, 0.1835754756815216049 ) ) ;
#3271 = CARTESIAN_POINT ( 'NONE',  ( -19.58333333333332504, -0.5876202367904166390, 1.017788105676656674 ) ) ;
#3272 = CARTESIAN_POINT ( 'NONE',  ( -24.95833333333332504, -1.175240473580834166, -0.6785254037844371533 ) ) ;
#3273 = DIRECTION ( 'NONE',  ( 1.000000000000000000, 0.000000000000000000, 0.000000000000000000 ) ) ;
#3274 = CARTESIAN_POINT ( 'NONE',  ( -22.16666666666665719, 0.5876202367904169721, 1.017788105676656452 ) ) ;
#3275 = CARTESIAN_POINT ( 'NONE',  ( -21.54166666666666785, 1.500000000000000888, -0.8660254037844402619 ) ) ;
#3276 = CARTESIAN_POINT ( 'NONE',  ( 21.04166666666666785, 1.499999999999999778, 0.8660254037844394848 ) ) ;
#3277 = CARTESIAN_POINT ( 'NONE',  ( 23.14732909936925864, -0.4019237886466832110, 1.500000000000000888 ) ) ;
#3278 = VECTOR ( 'NONE', #4347, 1000.000000000000000 ) ;
#3279 = CARTESIAN_POINT ( 'NONE',  ( 24.81476729034996254, 1.300513337870965458, -0.2326849289353978278 ) ) ;
#3280 = AXIS2_PLACEMENT_3D ( 'NONE', #497, #4572, #5010 ) ;
#3281 = CARTESIAN_POINT ( 'NONE',  ( -18.95833333333333925, 1.500000000000001110, 0.8660254037844392627 ) ) ;
#3282 = B_SPLINE_CURVE_WITH_KNOTS ( 'NONE', 3,
 ( #3527, #4787, #3553, #3987, #268, #1530, #1996, #5301, #3629, #2864, #2452, #4117, #5327, #5385 ),
 .UNSPECIFIED., .F., .F.,
 ( 4, 2, 2, 2, 2, 2, 4 ),
 ( 3.163025110834502088E-14, 0.0002955961126519042644, 0.0005911922252721783398, 0.001182384450512726382, 0.001477980563132999482, 0.001773576675753273015, 0.002364768900993819215 ),
 .UNSPECIFIED. ) ;
#3283 = CARTESIAN_POINT ( 'NONE',  ( 19.79903810567665801, -2.598076211353315124, -8.713175564001150755E-17 ) ) ;
#3284 = CARTESIAN_POINT ( 'NONE',  ( 24.04166666666666430, 1.499999999999999778, 0.8660254037844394848 ) ) ;
#3285 = ORIENTED_EDGE ( 'NONE', *, *, #2951, .T. ) ;
#3286 = CARTESIAN_POINT ( 'NONE',  ( -20.22916666666666075, 1.175240473580833500, -0.6785254037844382635 ) ) ;
#3287 = DIRECTION ( 'NONE',  ( -1.000000000000000000, -0.000000000000000000, -0.000000000000000000 ) ) ;
#3288 = CARTESIAN_POINT ( 'NONE',  ( -20.68749999999998934, 1.175240473580833722, 0.000000000000000000 ) ) ;
#3289 = ORIENTED_EDGE ( 'NONE', *, *, #2352, .F. ) ;
#3290 = CARTESIAN_POINT ( 'NONE',  ( -22.31249999999999289, -3.224673171700113400E-15, 1.500000000000001554 ) ) ;
#3291 = CYLINDRICAL_SURFACE ( 'NONE', #1888, 1.500000000000000222 ) ;
#3292 = CARTESIAN_POINT ( 'NONE',  ( -23.62551930614035101, -3.020732167458874050E-05, -1.499999999450486676 ) ) ;
#3293 = CARTESIAN_POINT ( 'NONE',  ( 19.85416666666666430, -0.5876202367904145296, 1.017788105676650900 ) ) ;
#3294 = CARTESIAN_POINT ( 'NONE',  ( 24.66666666666666430, 0.5876202367904140855, -1.017788105676651345 ) ) ;
#3295 = CARTESIAN_POINT ( 'NONE',  ( 22.02083333333333215, 0.7499999999999988898, 1.299038105676658672 ) ) ;
#3296 = CARTESIAN_POINT ( 'NONE',  ( -18.60000000000000142, 0.000000000000000000, 0.000000000000000000 ) ) ;
#3297 = CARTESIAN_POINT ( 'NONE',  ( -19.12524120630312296, -1.377048548987810371E-05, -1.499999999881638901 ) ) ;
#3298 = CARTESIAN_POINT ( 'NONE',  ( -21.37500011500637243, 2.159755337154971173E-06, 1.499999999998446132 ) ) ;
#3299 = CARTESIAN_POINT ( 'NONE',  ( -25.12499999999998934, 8.309539638847769097E-17, 1.357050807568875195 ) ) ;
#3300 =( BOUNDED_CURVE ( )  B_SPLINE_CURVE ( 2, ( #937, #1742, #3812, #20, #4251, #3326, #3353, #857, #1716 ),
 .UNSPECIFIED., .F., .F. ) 
 B_SPLINE_CURVE_WITH_KNOTS ( ( 3, 2, 2, 2, 3 ),
 ( 0.6346153846153846922, 0.6410256410256410797, 0.6538461538461538547, 0.6666666666666666297, 0.6730769230769231282 ),
 .UNSPECIFIED. ) 
 CURVE ( )  GEOMETRIC_REPRESENTATION_ITEM ( )  RATIONAL_B_SPLINE_CURVE ( ( 0.9330127018922192983, 0.9330127018922198534, 1.000000000000000000, 0.8660254037844387076, 1.000000000000000000, 0.8660254037844387076, 1.000000000000000000, 0.9330127018922187432, 0.9330127018922192983 ) ) 
 REPRESENTATION_ITEM ( '' )  );
#3301 = AXIS2_PLACEMENT_3D ( 'NONE', #1710, #904, #65 ) ;
#3302 = CARTESIAN_POINT ( 'NONE',  ( -20.14732829847210382, -0.4019093724977597648, -1.500008323167464130 ) ) ;
#3303 = CARTESIAN_POINT ( 'NONE',  ( -21.24999999999999289, 1.175240473580833722, 0.000000000000000000 ) ) ;
#3304 = CARTESIAN_POINT ( 'NONE',  ( -23.45833333333333570, 1.500000000000001554, 0.8660254037844392627 ) ) ;
#3305 = CARTESIAN_POINT ( 'NONE',  ( 22.91666666666666430, 0.7500000000000002220, -1.299038105676658006 ) ) ;
#3306 = CARTESIAN_POINT ( 'NONE',  ( -19.87500107753239220, 1.939558968521503882E-05, 1.499999999874604750 ) ) ;
#3307 = CARTESIAN_POINT ( 'NONE',  ( 24.87438533545352470, 0.6614591709061844460, 1.075216850112528100 ) ) ;
#3308 = B_SPLINE_CURVE_WITH_KNOTS ( 'NONE', 3,
 ( #2420, #830, #4944, #3352, #4916, #374 ),
 .UNSPECIFIED., .F., .F.,
 ( 4, 2, 4 ),
 ( 0.000000000000000000, 0.0004692154663766421522, 0.0009384309327532843045 ),
 .UNSPECIFIED. ) ;
#3309 = CARTESIAN_POINT ( 'NONE',  ( -19.04166666666666785, 1.500000000000000888, -0.8660254037844402619 ) ) ;
#3310 = CARTESIAN_POINT ( 'NONE',  ( 21.37500000000000000, 2.033577675846917841E-16, -1.499999999999999778 ) ) ;
#3311 = FACE_OUTER_BOUND ( 'NONE', #3017, .T. ) ;
#3312 = ORIENTED_EDGE ( 'NONE', *, *, #5264, .T. ) ;
#3313 = CARTESIAN_POINT ( 'NONE',  ( -20.18749999999998934, 1.175240473580833722, 0.000000000000000000 ) ) ;
#3314 = CARTESIAN_POINT ( 'NONE',  ( 24.35267090063074136, -0.4019237886466842102, -1.499999999999999778 ) ) ;
#3315 = CARTESIAN_POINT ( 'NONE',  ( -19.97916666666665719, -1.175240473580833500, 0.6785254037844380415 ) ) ;
#3316 = VERTEX_POINT ( 'NONE', #4098 ) ;
#3317 = DIRECTION ( 'NONE',  ( -1.000000000000000000, 0.000000000000000000, 0.000000000000000000 ) ) ;
#3318 = DIRECTION ( 'NONE',  ( 0.000000000000000000, 0.000000000000000000, -1.000000000000000000 ) ) ;
#3319 = CARTESIAN_POINT ( 'NONE',  ( -24.79903810567666156, 2.598076211353316456, 9.160418186769542995E-17 ) ) ;
#3320 = EDGE_CURVE ( 'NONE', #30, #4513, #3570, .T. ) ;
#3321 = CARTESIAN_POINT ( 'NONE',  ( -22.04166666666665719, -1.175240473580833500, 0.6785254037844380415 ) ) ;
#3322 = CARTESIAN_POINT ( 'NONE',  ( 20.99999999999999645, -1.175240473580827949, -1.439254484199180504E-16 ) ) ;
#3323 = CARTESIAN_POINT ( 'NONE',  ( 20.56249999999999645, -3.181725716174720005E-16, 1.732050807568877193 ) ) ;
#3324 = CARTESIAN_POINT ( 'NONE',  ( -24.72419052083206736, 0.4808627750548954971, -1.205401235796815573 ) ) ;
#3325 = DIRECTION ( 'NONE',  ( 1.000000000000000000, 0.000000000000000000, 0.000000000000000000 ) ) ;
#3326 = CARTESIAN_POINT ( 'NONE',  ( -21.14583333333332504, -1.500000000000002220, -0.8660254037844388186 ) ) ;
#3327 = CARTESIAN_POINT ( 'NONE',  ( -23.49999999999998934, -1.175240473580833722, 1.439254484199187407E-16 ) ) ;
#3328 = CARTESIAN_POINT ( 'NONE',  ( -23.37499999999999645, -2.492861891654330359E-16, -1.357050807568875195 ) ) ;
#3329 = CARTESIAN_POINT ( 'NONE',  ( -23.66666666666667140, -0.7500000000000013323, -1.299038105676658894 ) ) ;
#3330 = CARTESIAN_POINT ( 'NONE',  ( 24.22916666666666785, 1.175240473580827505, 0.6785254037844348218 ) ) ;
#3331 = CARTESIAN_POINT ( 'NONE',  ( 23.29166666666666430, -1.499999999999999778, -0.8660254037844391517 ) ) ;
#3332 =( BOUNDED_CURVE ( )  B_SPLINE_CURVE ( 2, ( #449, #479, #12, #3375, #2115, #4966, #850, #5021, #3401 ),
 .UNSPECIFIED., .F., .F. ) 
 B_SPLINE_CURVE_WITH_KNOTS ( ( 3, 2, 2, 2, 3 ),
 ( 0.9523266804552538156, 0.9588050932474663224, 0.9717619188318915580, 0.9847187444163167935, 0.9911967837233434109 ),
 .UNSPECIFIED. ) 
 CURVE ( )  GEOMETRIC_REPRESENTATION_ITEM ( )  RATIONAL_B_SPLINE_CURVE ( ( 0.9330127018922194093, 0.9330127018922205195, 1.000000000000000000, 0.8660254037844387076, 1.000000000000000000, 0.8660254037844387076, 1.000000000000000000, 0.9330165637584350025, 0.9330127021148587607 ) ) 
 REPRESENTATION_ITEM ( '' )  );
#3333 = FACE_OUTER_BOUND ( 'NONE', #3507, .T. ) ;
#3334 = EDGE_CURVE ( 'NONE', #5018, #2527, #4285, .T. ) ;
#3335 = CARTESIAN_POINT ( 'NONE',  ( -18.91666666666667140, 0.7500000000000008882, 1.299038105676659116 ) ) ;
#3336 = CARTESIAN_POINT ( 'NONE',  ( -24.43749999999998934, 1.500000000000001332, 0.000000000000000000 ) ) ;
#3337 = DIRECTION ( 'NONE',  ( 0.000000000000000000, 1.776356839400250465E-15, -1.000000000000000000 ) ) ;
#3338 = ORIENTED_EDGE ( 'NONE', *, *, #2672, .T. ) ;
#3339 = CARTESIAN_POINT ( 'NONE',  ( -20.72916666666665719, 1.175240473580833500, -0.6785254037844382635 ) ) ;
#3340 = CARTESIAN_POINT ( 'NONE',  ( 24.56249999999999645, 8.309539638847728421E-17, -1.357050807568868533 ) ) ;
#3341 = CARTESIAN_POINT ( 'NONE',  ( -19.64583333333332504, 1.175240473580833722, 0.6785254037844374864 ) ) ;
#3342 = ORIENTED_EDGE ( 'NONE', *, *, #4204, .T. ) ;
#3343 = CARTESIAN_POINT ( 'NONE',  ( 22.91666666666666430, -0.5876202367904145296, 1.017788105676650900 ) ) ;
#3344 = CYLINDRICAL_SURFACE ( 'NONE', #4330, 1.500000000000000222 ) ;
#3345 = DIRECTION ( 'NONE',  ( -1.000000000000000000, -0.000000000000000000, -0.000000000000000000 ) ) ;
#3346 = CARTESIAN_POINT ( 'NONE',  ( -22.91666666666665719, -0.5876202367904174162, -1.017788105676656230 ) ) ;
#3347 = ADVANCED_FACE ( 'NONE', ( #1933 ), #2334, .F. ) ;
#3348 = CARTESIAN_POINT ( 'NONE',  ( 20.37499999999999645, -2.492861891654318526E-16, 1.357050807568868533 ) ) ;
#3349 = CARTESIAN_POINT ( 'NONE',  ( 22.18750000000000000, -1.500000000000000000, -1.836970198721029934E-16 ) ) ;
#3350 = EDGE_CURVE ( 'NONE', #4515, #5344, #4360, .T. ) ;
#3351 = CYLINDRICAL_SURFACE ( 'NONE', #2841, 1.500000000000000666 ) ;
#3352 = CARTESIAN_POINT ( 'NONE',  ( 20.87754000000001042, -0.6284377762940730472, 1.005212270136193631 ) ) ;
#3353 = CARTESIAN_POINT ( 'NONE',  ( -21.10416666666666075, -0.7500000000000013323, -1.299038105676658894 ) ) ;
#3354 = CARTESIAN_POINT ( 'NONE',  ( -22.95833333333332504, -1.175240473580834166, -0.6785254037844371533 ) ) ;
#3355 = CARTESIAN_POINT ( 'NONE',  ( -20.41666666666666075, -0.5876202367904174162, -1.017788105676656230 ) ) ;
#3356 = CARTESIAN_POINT ( 'NONE',  ( -20.54166666666667496, 1.500000000000000888, -0.8660254037844402619 ) ) ;
#3357 = CARTESIAN_POINT ( 'NONE',  ( 19.99999999999999645, 1.500000000000000000, 0.000000000000000000 ) ) ;
#3358 = CARTESIAN_POINT ( 'NONE',  ( -21.81249999999999289, 2.033577675846917841E-16, 1.500000000000001110 ) ) ;
#3359 = CC_DESIGN_DATE_AND_TIME_ASSIGNMENT ( #2154, #4282, ( #5340 ) ) ;
#3360 = CARTESIAN_POINT ( 'NONE',  ( -24.93261423282474354, 0.8541671209908977547, 1.233000183504516345 ) ) ;
#3361 = CARTESIAN_POINT ( 'NONE',  ( 23.33482909936925864, 0.4019237886466842657, -1.499999999999999778 ) ) ;
#3362 = CARTESIAN_POINT ( 'NONE',  ( 24.83333333333333215, 0.5876202367904130863, 1.017788105676651789 ) ) ;
#3363 = CARTESIAN_POINT ( 'NONE',  ( -19.54017090063073070, 0.4019237886466836551, -1.500000000000001776 ) ) ;
#3364 = EDGE_CURVE ( 'NONE', #4042, #1594, #1017, .T. ) ;
#3365 = CARTESIAN_POINT ( 'NONE',  ( -24.35416666666666075, 0.7500000000000008882, 1.299038105676659116 ) ) ;
#3366 = CARTESIAN_POINT ( 'NONE',  ( -20.29017090063073425, -0.4019237886466842102, 1.500000000000001110 ) ) ;
#3367 = AXIS2_PLACEMENT_3D ( 'NONE', #5380, #855, #883 ) ;
#3368 = ORIENTED_EDGE ( 'NONE', *, *, #1390, .T. ) ;
#3369 = CARTESIAN_POINT ( 'NONE',  ( -21.22916666666666075, 1.175240473580833500, -0.6785254037844382635 ) ) ;
#3370 = CARTESIAN_POINT ( 'NONE',  ( 25.18749999999999645, 1.175240473580827949, 0.000000000000000000 ) ) ;
#3371 = CARTESIAN_POINT ( 'NONE',  ( -19.52083333333332504, -0.5876202367904166390, 1.017788105676656674 ) ) ;
#3372 = ORIENTED_EDGE ( 'NONE', *, *, #4708, .T. ) ;
#3373 = CARTESIAN_POINT ( 'NONE',  ( 22.66666666666666430, 0.5876202367904140855, -1.017788105676651345 ) ) ;
#3374 = CARTESIAN_POINT ( 'NONE',  ( -25.00000000000000000, 0.000000000000000000, 1.550800000000000622 ) ) ;
#3375 = CARTESIAN_POINT ( 'NONE',  ( -18.79166666666667140, -1.500000000000000888, 0.8660254037844398178 ) ) ;
#3376 = B_SPLINE_CURVE_WITH_KNOTS ( 'NONE', 3,
 ( #2386, #4993, #823, #2471 ),
 .UNSPECIFIED., .F., .F.,
 ( 4, 4 ),
 ( 2.380746839930260712E-07, 0.001314652396222794730 ),
 .UNSPECIFIED. ) ;
#3377 = CARTESIAN_POINT ( 'NONE',  ( -22.95833333333332504, -1.175240473580834166, -0.6785254037844372643 ) ) ;
#3378 = CARTESIAN_POINT ( 'NONE',  ( 20.70833333333333215, 1.175240473580827727, -0.6785254037844341557 ) ) ;
#3379 = CARTESIAN_POINT ( 'NONE',  ( -18.60000000000000142, 1.836970198721030427E-16, -1.500000000000000666 ) ) ;
#3380 = CARTESIAN_POINT ( 'NONE',  ( 24.47916666666666785, -1.175240473580827727, -0.6785254037844345998 ) ) ;
#3381 = CARTESIAN_POINT ( 'NONE',  ( 24.37499999999999645, -2.492861891654318526E-16, 1.357050807568868311 ) ) ;
#3382 = CARTESIAN_POINT ( 'NONE',  ( -20.12499999999998934, 8.309539638847769097E-17, 1.357050807568875195 ) ) ;
#3383 = APPROVAL_ROLE ( '' ) ;
#3384 = CARTESIAN_POINT ( 'NONE',  ( -25.14583333333332860, 1.175240473580833944, 0.6785254037844374864 ) ) ;
#3385 = CARTESIAN_POINT ( 'NONE',  ( -19.83333333333333925, -0.7500000000000003331, 1.299038105676659338 ) ) ;
#3386 = CARTESIAN_POINT ( 'NONE',  ( 20.45833333333333215, 1.500000000000000222, -0.8660254037844384856 ) ) ;
#3387 = DIRECTION ( 'NONE',  ( -1.000000000000000000, -0.000000000000000000, -0.000000000000000000 ) ) ;
#3388 = CARTESIAN_POINT ( 'NONE',  ( -24.52083333333332504, 0.7499999999999995559, -1.299038105676659560 ) ) ;
#3389 = CARTESIAN_POINT ( 'NONE',  ( 24.95833333333333215, 1.500000000000000222, -0.8660254037844384856 ) ) ;
#3390 = CARTESIAN_POINT ( 'NONE',  ( 19.89583333333332860, -1.175240473580827949, 0.6785254037844338226 ) ) ;
#3391 = EDGE_CURVE ( 'NONE', #2033, #1949, #4915, .T. ) ;
#3392 = CARTESIAN_POINT ( 'NONE',  ( -23.79166666666667140, -1.500000000000000888, 0.8660254037844398178 ) ) ;
#3393 = AXIS2_PLACEMENT_3D ( 'NONE', #3558, #1978, #3993 ) ;
#3394 = CARTESIAN_POINT ( 'NONE',  ( -24.00000000000000355, 1.500000000000001332, 0.000000000000000000 ) ) ;
#3395 = ORIENTED_EDGE ( 'NONE', *, *, #82, .F. ) ;
#3396 = CARTESIAN_POINT ( 'NONE',  ( 23.97916666666666430, -1.175240473580827505, -0.6785254037844345998 ) ) ;
#3397 = CARTESIAN_POINT ( 'NONE',  ( -21.27083333333332504, 0.5876202367904159729, -1.017788105676656896 ) ) ;
#3398 = ORIENTED_EDGE ( 'NONE', *, *, #4981, .F. ) ;
#3399 = ORIENTED_EDGE ( 'NONE', *, *, #3200, .T. ) ;
#3400 = CARTESIAN_POINT ( 'NONE',  ( 22.79166666666666075, 1.175240473580827505, 0.6785254037844348218 ) ) ;
#3401 = CARTESIAN_POINT ( 'NONE',  ( -18.62541971039804878, -2.419324735962156912E-05, -1.499999999641368431 ) ) ;
#3402 = EDGE_CURVE ( 'NONE', #3176, #1350, #1053, .T. ) ;
#3403 = CARTESIAN_POINT ( 'NONE',  ( -22.74999999999999289, 1.175240473580833722, 0.000000000000000000 ) ) ;
#3404 = CARTESIAN_POINT ( 'NONE',  ( 22.54166666666666430, -1.175240473580827505, -0.6785254037844345998 ) ) ;
#3405 = CARTESIAN_POINT ( 'NONE',  ( -23.60416666666665719, -0.7500000000000013323, -1.299038105676658894 ) ) ;
#3406 = CARTESIAN_POINT ( 'NONE',  ( 24.02083333333333215, -0.5876202367904137525, -1.017788105676651345 ) ) ;
#3407 = CARTESIAN_POINT ( 'NONE',  ( 24.91666666666666430, -0.5876202367904145296, 1.017788105676650900 ) ) ;
#3408 = CARTESIAN_POINT ( 'NONE',  ( -22.20833333333331794, 1.175240473580833944, 0.6785254037844374864 ) ) ;
#3409 = CALENDAR_DATE ( 2026, 8, 1 ) ;
#3410 = CARTESIAN_POINT ( 'NONE',  ( -21.08333333333332504, -0.5876202367904166390, 1.017788105676656674 ) ) ;
#3411 = CARTESIAN_POINT ( 'NONE',  ( -18.91666666666667140, 0.7500000000000008882, 1.299038105676659116 ) ) ;
#3412 = CARTESIAN_POINT ( 'NONE',  ( 24.56249999999999645, 8.309539638847728421E-17, -1.357050807568868533 ) ) ;
#3413 =( BOUNDED_CURVE ( )  B_SPLINE_CURVE ( 2, ( #1937, #1477, #1397, #676, #262, #996, #4781, #2649, #3898 ),
 .UNSPECIFIED., .F., .F. ) 
 B_SPLINE_CURVE_WITH_KNOTS ( ( 3, 2, 2, 2, 3 ),
 ( 0.7579745470286664011, 0.7644527094810880108, 0.7774095350655133574, 0.7903663606499384819, 0.7968446171281436952 ),
 .UNSPECIFIED. ) 
 CURVE ( )  GEOMETRIC_REPRESENTATION_ITEM ( )  RATIONAL_B_SPLINE_CURVE ( ( 0.9330127019922457299, 0.9330152904253585788, 1.000000000000000000, 0.8660254037844387076, 1.000000000000000000, 0.8660254037844387076, 1.000000000000000000, 0.9330143181913574946, 0.9330127019312181025 ) ) 
 REPRESENTATION_ITEM ( '' )  );
#3414 = AXIS2_PLACEMENT_3D ( 'NONE', #1110, #687, #2324 ) ;
#3415 = CARTESIAN_POINT ( 'NONE',  ( -19.54166666666667140, 1.500000000000000888, -0.8660254037844402619 ) ) ;
#3416 = CARTESIAN_POINT ( 'NONE',  ( -23.35416666666665719, 0.7500000000000008882, 1.299038105676659116 ) ) ;
#3417 = FACE_OUTER_BOUND ( 'NONE', #2631, .T. ) ;
#3418 = CARTESIAN_POINT ( 'NONE',  ( 24.74999999999999645, 1.175240473580827949, 0.000000000000000000 ) ) ;
#3419 = CARTESIAN_POINT ( 'NONE',  ( -24.58333333333333925, 0.7499999999999995559, -1.299038105676659560 ) ) ;
#3420 = ADVANCED_FACE ( 'NONE', ( #2463 ), #437, .T. ) ;
#3421 = EDGE_LOOP ( 'NONE', ( #2402, #499, #1847, #1299 ) ) ;
#3422 = ORIENTED_EDGE ( 'NONE', *, *, #4858, .T. ) ;
#3423 = CARTESIAN_POINT ( 'NONE',  ( -20.43749999999998934, 1.500000000000001332, 0.000000000000000000 ) ) ;
#3424 = CARTESIAN_POINT ( 'NONE',  ( 23.39583333333333215, -1.175240473580827949, 0.6785254037844338226 ) ) ;
#3425 = DIRECTION ( 'NONE',  ( -1.000000000000000000, 0.000000000000000000, 0.000000000000000000 ) ) ;
#3426 = ORIENTED_EDGE ( 'NONE', *, *, #4642, .T. ) ;
#3427 = ORIENTED_EDGE ( 'NONE', *, *, #723, .T. ) ;
#3428 = CARTESIAN_POINT ( 'NONE',  ( 23.08333333333333215, -0.5876202367904137525, -1.017788105676651345 ) ) ;
#3429 = PRODUCT_DEFINITION ( 'UNKNOWN', '', #1333, #3122 ) ;
#3430 = DIRECTION ( 'NONE',  ( 1.000000000000000000, 0.000000000000000000, 0.000000000000000000 ) ) ;
#3431 = CARTESIAN_POINT ( 'NONE',  ( -19.70833333333332504, 1.175240473580833722, 0.6785254037844374864 ) ) ;
#3432 = CARTESIAN_POINT ( 'NONE',  ( 21.54166666666666075, -1.175240473580827505, -0.6785254037844345998 ) ) ;
#3433 = CARTESIAN_POINT ( 'NONE',  ( -24.79903810567669353, -1.299038105676707522, 2.249999999999999556 ) ) ;
#3434 = EDGE_CURVE ( 'NONE', #3474, #4301, #2504, .T. ) ;
#3435 = CARTESIAN_POINT ( 'NONE',  ( 23.35416666666666430, -0.5876202367904145296, 1.017788105676650900 ) ) ;
#3436 = CARTESIAN_POINT ( 'NONE',  ( -18.60000000222085959, 0.4500393610791968979, -1.430896422446417793 ) ) ;
#3437 = CARTESIAN_POINT ( 'NONE',  ( -20.45833333333332504, -1.175240473580834166, -0.6785254037844371533 ) ) ;
#3438 = DATE_AND_TIME ( #1367, #4289 ) ;
#3439 = CARTESIAN_POINT ( 'NONE',  ( -19.45833333333332149, -1.175240473580834166, -0.6785254037844371533 ) ) ;
#3440 = CARTESIAN_POINT ( 'NONE',  ( -18.87500000000000355, 1.060575238724907778E-16, 1.732050807568878747 ) ) ;
#3441 = CARTESIAN_POINT ( 'NONE',  ( 23.85416666666666430, -0.5876202367904145296, 1.017788105676650900 ) ) ;
#3442 = CARTESIAN_POINT ( 'NONE',  ( -23.37500004985463065, 9.393833196757184235E-07, 1.499999999999706901 ) ) ;
#3443 = CARTESIAN_POINT ( 'NONE',  ( -23.22916666666665719, -1.500000000000000888, 0.8660254037844398178 ) ) ;
#3444 = CARTESIAN_POINT ( 'NONE',  ( 23.62499999999999645, -3.181725716174720005E-16, 1.732050807568877193 ) ) ;
#3445 = CARTESIAN_POINT ( 'NONE',  ( 20.52083333333333215, -0.5876202367904137525, -1.017788105676651345 ) ) ;
#3446 =( BOUNDED_CURVE ( )  B_SPLINE_CURVE ( 2, ( #2041, #3703, #4196, #401, #2912, #4972, #4085, #4113, #4586 ),
 .UNSPECIFIED., .F., .F. ) 
 B_SPLINE_CURVE_WITH_KNOTS ( ( 3, 2, 2, 2, 3 ),
 ( 0.5636218955185164914, 0.5701003257147096992, 0.5830571512991349348, 0.5960139768835601704, 0.6024923896829766923 ),
 .UNSPECIFIED. ) 
 CURVE ( )  GEOMETRIC_REPRESENTATION_ITEM ( )  RATIONAL_B_SPLINE_CURVE ( ( 0.9330127018927028004, 0.9330125219336902198, 1.000000000000000000, 0.8660254037844387076, 1.000000000000000000, 0.8660254037844387076, 1.000000000000000000, 0.9330127018177307718, 0.9330127018922192983 ) ) 
 REPRESENTATION_ITEM ( '' )  );
#3447 = CARTESIAN_POINT ( 'NONE',  ( -18.60000000000000142, 0.000000000000000000, 0.000000000000000000 ) ) ;
#3448 = VERTEX_POINT ( 'NONE', #412 ) ;
#3449 = ORIENTED_EDGE ( 'NONE', *, *, #932, .F. ) ;
#3450 = DIRECTION ( 'NONE',  ( 1.000000000000000000, 0.000000000000000000, -0.000000000000000000 ) ) ;
#3451 = CARTESIAN_POINT ( 'NONE',  ( 22.18750000000000000, 1.175240473580827949, 0.000000000000000000 ) ) ;
#3452 = CARTESIAN_POINT ( 'NONE',  ( 19.99999999999999645, 0.000000000000000000, 0.000000000000000000 ) ) ;
#3453 = ORIENTED_EDGE ( 'NONE', *, *, #3252, .T. ) ;
#3454 = EDGE_LOOP ( 'NONE', ( #605, #4352, #983, #4962 ) ) ;
#3455 = CARTESIAN_POINT ( 'NONE',  ( 22.54166666666666430, -1.175240473580827505, -0.6785254037844345998 ) ) ;
#3456 = AXIS2_PLACEMENT_3D ( 'NONE', #3698, #1170, #2826 ) ;
#3457 = CARTESIAN_POINT ( 'NONE',  ( -24.06249999999998934, 8.309539638847769097E-17, 1.357050807568875195 ) ) ;
#3458 = CARTESIAN_POINT ( 'NONE',  ( -20.74999999999998934, 1.175240473580833722, 0.000000000000000000 ) ) ;
#3459 = VECTOR ( 'NONE', #155, 1000.000000000000000 ) ;
#3460 = CARTESIAN_POINT ( 'NONE',  ( 19.79166666666666785, 1.175240473580827505, 0.6785254037844348218 ) ) ;
#3461 = CARTESIAN_POINT ( 'NONE',  ( 22.00000000000000000, 1.500000000000000000, 0.000000000000000000 ) ) ;
#3462 = CARTESIAN_POINT ( 'NONE',  ( 24.64583333333333215, 1.175240473580827949, -0.6785254037844341557 ) ) ;
#3463 = CARTESIAN_POINT ( 'NONE',  ( 23.12500000000000000, 8.309539638847728421E-17, -1.357050807568868311 ) ) ;
#3464 = CARTESIAN_POINT ( 'NONE',  ( -22.45833333333332149, -1.175240473580834166, -0.6785254037844371533 ) ) ;
#3465 = CARTESIAN_POINT ( 'NONE',  ( -22.85416666666665719, -0.5876202367904174162, -1.017788105676656230 ) ) ;
#3466 = CARTESIAN_POINT ( 'NONE',  ( 21.52083333333333215, -0.5876202367904137525, -1.017788105676651345 ) ) ;
#3467 = CARTESIAN_POINT ( 'NONE',  ( -23.08333333333333925, 0.7499999999999995559, -1.299038105676659560 ) ) ;
#3468 = CARTESIAN_POINT ( 'NONE',  ( -20.81249999999998934, -2.492861891654330359E-16, -1.357050807568875195 ) ) ;
#3469 = CARTESIAN_POINT ( 'NONE',  ( -22.47916666666665719, 1.500000000000000888, -0.8660254037844402619 ) ) ;
#3470 = CARTESIAN_POINT ( 'NONE',  ( 23.56250000000000000, 2.265986553086566003E-15, 1.499999999999999778 ) ) ;
#3471 = CARTESIAN_POINT ( 'NONE',  ( 24.49999999999999645, -1.175240473580827949, -1.439254484199180504E-16 ) ) ;
#3472 = ADVANCED_FACE ( 'NONE', ( #4237 ), #1618, .T. ) ;
#3473 = DIRECTION ( 'NONE',  ( 0.000000000000000000, -1.669238443041288662E-16, 1.000000000000000000 ) ) ;
#3474 = VERTEX_POINT ( 'NONE', #3283 ) ;
#3475 =( BOUNDED_CURVE ( )  B_SPLINE_CURVE ( 2, ( #1138, #3177, #767, #2794, #4467, #4544, #3230, #1570, #4900 ),
 .UNSPECIFIED., .F., .F. ) 
 B_SPLINE_CURVE_WITH_KNOTS ( ( 3, 2, 2, 2, 3 ),
 ( 0.5576923076923077094, 0.5641025641025640969, 0.5769230769230768718, 0.5897435897435897578, 0.5961538461538461453 ),
 .UNSPECIFIED. ) 
 CURVE ( )  GEOMETRIC_REPRESENTATION_ITEM ( )  RATIONAL_B_SPLINE_CURVE ( ( 0.9330127018922194093, 0.9330127018922194093, 1.000000000000000000, 0.8660254037844387076, 1.000000000000000000, 0.8660254037844387076, 1.000000000000000000, 0.9330127018922194093, 0.9330127018922194093 ) ) 
 REPRESENTATION_ITEM ( '' )  );
#3476 = VERTEX_POINT ( 'NONE', #2925 ) ;
#3477 = FACE_BOUND ( 'NONE', #2004, .T. ) ;
#3478 = CARTESIAN_POINT ( 'NONE',  ( 23.35416666666666430, -0.5876202367904145296, 1.017788105676650900 ) ) ;
#3479 = CARTESIAN_POINT ( 'NONE',  ( -19.43749999999998934, -1.175240473580833722, 1.439254484199187407E-16 ) ) ;
#3480 = ORIENTED_EDGE ( 'NONE', *, *, #1598, .F. ) ;
#3481 = VECTOR ( 'NONE', #1925, 1000.000000000000000 ) ;
#3482 = EDGE_LOOP ( 'NONE', ( #1432, #3668, #4631, #4899 ) ) ;
#3483 = DIRECTION ( 'NONE',  ( -1.000000000000000000, 0.000000000000000000, 0.000000000000000000 ) ) ;
#3484 = CARTESIAN_POINT ( 'NONE',  ( -23.97916666666665719, -1.175240473580833722, 0.6785254037844379305 ) ) ;
#3485 = EDGE_LOOP ( 'NONE', ( #2928, #1754, #2407 ) ) ;
#3486 = CARTESIAN_POINT ( 'NONE',  ( 20.92748002121608764, -1.209300475455530099, -0.3079798331432357372 ) ) ;
#3487 = CARTESIAN_POINT ( 'NONE',  ( 24.31250000000000355, -1.191095495853194869E-15, -1.499999999999999778 ) ) ;
#3488 = CARTESIAN_POINT ( 'NONE',  ( 24.56249999999999645, 8.309539638847728421E-17, -1.357050807568868311 ) ) ;
#3489 = ADVANCED_FACE ( 'NONE', ( #3743 ), #4211, .F. ) ;
#3490 = CARTESIAN_POINT ( 'NONE',  ( 23.33333333333333215, 0.5876202367904130863, 1.017788105676651789 ) ) ;
#3491 = CARTESIAN_POINT ( 'NONE',  ( -22.58333333333332504, -0.5876202367904166390, 1.017788105676656674 ) ) ;
#3492 = CARTESIAN_POINT ( 'NONE',  ( -24.93749999999998934, -1.175240473580833722, 1.439254484199187407E-16 ) ) ;
#3493 = CARTESIAN_POINT ( 'NONE',  ( 23.02083333333333215, -0.5876202367904137525, -1.017788105676651345 ) ) ;
#3494 = CARTESIAN_POINT ( 'NONE',  ( -22.95833333333333925, 1.500000000000001110, 0.8660254037844392627 ) ) ;
#3495 = CARTESIAN_POINT ( 'NONE',  ( -22.37499943351207676, -1.019678454697717362E-05, 1.499999999965343056 ) ) ;
#3496 = CARTESIAN_POINT ( 'NONE',  ( -20.97916666666666075, -1.175240473580833722, 0.6785254037844379305 ) ) ;
#3497 = CARTESIAN_POINT ( 'NONE',  ( -23.72916666666666075, -1.500000000000000888, 0.8660254037844398178 ) ) ;
#3498 = CARTESIAN_POINT ( 'NONE',  ( 21.15763487525153863, -0.1192321325949706329, 1.455335348832377029 ) ) ;
#3499 = CARTESIAN_POINT ( 'NONE',  ( 23.87499999999999289, -1.191095495853194869E-15, -1.499999999999999778 ) ) ;
#3500 = CARTESIAN_POINT ( 'NONE',  ( -24.04166666666667496, 1.500000000000000888, -0.8660254037844402619 ) ) ;
#3501 = CARTESIAN_POINT ( 'NONE',  ( -18.60000000000000142, 0.000000000000000000, 0.000000000000000000 ) ) ;
#3502 = EDGE_LOOP ( 'NONE', ( #1329, #636, #4793, #1897, #2280, #3800 ) ) ;
#3503 = ORIENTED_EDGE ( 'NONE', *, *, #4674, .F. ) ;
#3504 = CARTESIAN_POINT ( 'NONE',  ( 23.12500000000000000, 2.265986553086566003E-15, 1.500000000000000000 ) ) ;
#3505 = CARTESIAN_POINT ( 'NONE',  ( 24.14583333333333215, 1.175240473580827727, -0.6785254037844341557 ) ) ;
#3506 = CARTESIAN_POINT ( 'NONE',  ( 19.99999999999999645, 0.000000000000000000, 0.000000000000000000 ) ) ;
#3507 = EDGE_LOOP ( 'NONE', ( #1035, #222, #3427, #4821, #4575, #1924, #3155, #3016, #635, #3104, #1492, #3804, #867, #3256, #5159, #2143, #386, #526, #4491, #2170, #1628, #3077, #4791, #792, #169, #2382, #1929, #1325, #1681 ) ) ;
#3508 = ORIENTED_EDGE ( 'NONE', *, *, #2868, .F. ) ;
#3509 = CARTESIAN_POINT ( 'NONE',  ( 20.91666666666666785, -0.5876202367904145296, 1.017788105676650900 ) ) ;
#3510 =( BOUNDED_CURVE ( )  B_SPLINE_CURVE ( 2, ( #4964, #419, #2441, #1250, #2061, #3644, #2825, #3725, #2906 ),
 .UNSPECIFIED., .F., .F. ) 
 B_SPLINE_CURVE_WITH_KNOTS ( ( 3, 2, 2, 2, 3 ),
 ( 0.2500000000000000000, 0.2575757575757575690, 0.2727272727272727071, 0.2878787878787879007, 0.2954545454545454697 ),
 .UNSPECIFIED. ) 
 CURVE ( )  GEOMETRIC_REPRESENTATION_ITEM ( )  RATIONAL_B_SPLINE_CURVE ( ( 0.9330127018922194093, 0.9330127018922194093, 1.000000000000000000, 0.8660254037844387076, 1.000000000000000000, 0.8660254037844387076, 1.000000000000000000, 0.9330127018922194093, 0.9330127018922194093 ) ) 
 REPRESENTATION_ITEM ( '' )  );
#3511 = CARTESIAN_POINT ( 'NONE',  ( -18.60000000000000142, 0.000000000000000000, 0.000000000000000000 ) ) ;
#3512 = ORIENTED_EDGE ( 'NONE', *, *, #118, .F. ) ;
#3513 = CARTESIAN_POINT ( 'NONE',  ( -19.58333333333332504, -0.5876202367904166390, 1.017788105676656674 ) ) ;
#3514 = CARTESIAN_POINT ( 'NONE',  ( 23.02083333333333215, 0.7499999999999988898, 1.299038105676658672 ) ) ;
#3515 = CARTESIAN_POINT ( 'NONE',  ( 21.22916666666666785, 1.175240473580827727, 0.6785254037844348218 ) ) ;
#3516 = CARTESIAN_POINT ( 'NONE',  ( 22.16666666666666430, 0.5876202367904140855, -1.017788105676651345 ) ) ;
#3517 = CARTESIAN_POINT ( 'NONE',  ( -19.99999999999998934, -1.175240473580833722, 1.439254484199187407E-16 ) ) ;
#3518 = EDGE_CURVE ( 'NONE', #251, #1275, #2136, .T. ) ;
#3519 = CARTESIAN_POINT ( 'NONE',  ( 23.52083333333333215, -0.5876202367904137525, -1.017788105676651345 ) ) ;
#3520 = DIRECTION ( 'NONE',  ( -1.000000000000000000, -0.000000000000000000, -0.000000000000000000 ) ) ;
#3521 = CARTESIAN_POINT ( 'NONE',  ( 22.81250000000000000, 1.060575238724906915E-16, -1.732050807568877193 ) ) ;
#3522 = PLANE ( 'NONE',  #4597 ) ;
#3523 = CARTESIAN_POINT ( 'NONE',  ( -22.10267009863383336, 0.4019382245910883000, -1.499991665403613395 ) ) ;
#3524 = CARTESIAN_POINT ( 'NONE',  ( -22.02083333333332149, -0.5876202367904166390, 1.017788105676656674 ) ) ;
#3525 = CONICAL_SURFACE ( 'NONE', #1868, 2.250000000000000000, 1.047197551196600074 ) ;
#3526 = CARTESIAN_POINT ( 'NONE',  ( -21.81249999999998934, 1.060575238724907778E-16, 1.732050807568878747 ) ) ;
#3527 = CARTESIAN_POINT ( 'NONE',  ( 21.20229952641916782, -1.471475802235590713, -0.2911339269736950008 ) ) ;
#3528 = CARTESIAN_POINT ( 'NONE',  ( -24.29166666666665719, 1.175240473580833500, -0.6785254037844382635 ) ) ;
#3529 = CARTESIAN_POINT ( 'NONE',  ( -19.10416666666665719, 0.5876202367904169721, 1.017788105676656452 ) ) ;
#3530 = DIRECTION ( 'NONE',  ( 0.000000000000000000, -1.000000000000000000, -1.669238443041288662E-16 ) ) ;
#3531 = VERTEX_POINT ( 'NONE', #468 ) ;
#3532 = CARTESIAN_POINT ( 'NONE',  ( 21.60416666666666430, 0.5876202367904140855, -1.017788105676651345 ) ) ;
#3533 = CARTESIAN_POINT ( 'NONE',  ( -18.77083333333332504, 0.5876202367904159729, -1.017788105676656896 ) ) ;
#3534 = EDGE_CURVE ( 'NONE', #1571, #695, #293, .T. ) ;
#3535 = EDGE_LOOP ( 'NONE', ( #4412, #4600, #4521, #4659 ) ) ;
#3536 = ORIENTED_EDGE ( 'NONE', *, *, #2851, .F. ) ;
#3537 = CARTESIAN_POINT ( 'NONE',  ( 20.33333333333333215, 0.5876202367904130863, 1.017788105676651789 ) ) ;
#3538 = ORIENTED_EDGE ( 'NONE', *, *, #1423, .F. ) ;
#3539 = CARTESIAN_POINT ( 'NONE',  ( -19.62500000000000355, -3.181725716174723456E-16, -1.732050807568878747 ) ) ;
#3540 = CARTESIAN_POINT ( 'NONE',  ( 20.87753999999877763, -0.8639678237730971100, 0.7967118489305339279 ) ) ;
#3541 = CIRCLE ( 'NONE', #3191, 1.172700473580827518 ) ;
#3542 = LINE ( 'NONE', #3159, #4357 ) ;
#3543 = CARTESIAN_POINT ( 'NONE',  ( 24.14583333333333215, -1.500000000000000222, 0.8660254037844381525 ) ) ;
#3544 = CARTESIAN_POINT ( 'NONE',  ( 22.87500000000000000, -2.492861891654318526E-16, 1.357050807568868311 ) ) ;
#3545 = CONICAL_SURFACE ( 'NONE', #4238, 1.172700473580827518, 0.7853981633974547183 ) ;
#3546 = CARTESIAN_POINT ( 'NONE',  ( 22.35416666666666430, -0.5876202367904145296, 1.017788105676650900 ) ) ;
#3547 = DIRECTION ( 'NONE',  ( -1.000000000000000000, -0.000000000000000000, -0.000000000000000000 ) ) ;
#3548 = CARTESIAN_POINT ( 'NONE',  ( 23.72916666666666785, -1.499999999999999778, -0.8660254037844391517 ) ) ;
#3549 = DIRECTION ( 'NONE',  ( 1.000000000000000000, 0.000000000000000000, 0.000000000000000000 ) ) ;
#3550 = DIRECTION ( 'NONE',  ( -1.000000000000000000, -0.000000000000000000, -0.000000000000000000 ) ) ;
#3551 = CARTESIAN_POINT ( 'NONE',  ( -21.39583333333332504, -1.175240473580834166, -0.6785254037844371533 ) ) ;
#3552 = CARTESIAN_POINT ( 'NONE',  ( -21.02083333333332504, 0.7499999999999995559, -1.299038105676659560 ) ) ;
#3553 = CARTESIAN_POINT ( 'NONE',  ( 21.17834792463168370, -1.476214675016945144, -0.09479310754867567579 ) ) ;
#3554 = CARTESIAN_POINT ( 'NONE',  ( 19.99999999999999645, 2.598076211353316456, -1.546590868144127146E-17 ) ) ;
#3555 = CARTESIAN_POINT ( 'NONE',  ( -24.41666666666667140, 0.7500000000000008882, 1.299038105676659116 ) ) ;
#3556 = CARTESIAN_POINT ( 'NONE',  ( 23.18750000000000000, -1.500000000000000000, -1.836970198721029934E-16 ) ) ;
#3557 = VERTEX_POINT ( 'NONE', #28 ) ;
#3558 = CARTESIAN_POINT ( 'NONE',  ( -18.78823126916281794, 0.8687484863398891033, -1.017105680467516482 ) ) ;
#3559 = ORIENTED_EDGE ( 'NONE', *, *, #5306, .T. ) ;
#3560 = ORIENTED_EDGE ( 'NONE', *, *, #1491, .F. ) ;
#3561 = CARTESIAN_POINT ( 'NONE',  ( 20.62500000000000000, 8.309539638847728421E-17, -1.357050807568868533 ) ) ;
#3562 = EDGE_LOOP ( 'NONE', ( #2354, #3398, #2608 ) ) ;
#3563 = CIRCLE ( 'NONE', #2002, 1.500000000000000000 ) ;
#3564 = CARTESIAN_POINT ( 'NONE',  ( -24.64732965950099342, -0.4019338710178372298, -1.499994178940302403 ) ) ;
#3565 = CARTESIAN_POINT ( 'NONE',  ( -23.14583333333332860, 1.175240473580833722, 0.6785254037844374864 ) ) ;
#3566 = CARTESIAN_POINT ( 'NONE',  ( 21.60267090063074136, 0.4019237886466832665, 1.500000000000000222 ) ) ;
#3567 = CARTESIAN_POINT ( 'NONE',  ( 19.99999999999999645, 0.000000000000000000, 0.000000000000000000 ) ) ;
#3568 = CIRCLE ( 'NONE', #2783, 1.500000000000000666 ) ;
#3569 = CARTESIAN_POINT ( 'NONE',  ( -24.79157322707986211, -1.104782720880014724, -0.7833434984858936856 ) ) ;
#3570 = B_SPLINE_CURVE_WITH_KNOTS ( 'NONE', 3,
 ( #1879, #1093, #1071, #385 ),
 .UNSPECIFIED., .F., .F.,
 ( 4, 4 ),
 ( 0.0009324489276501893038, 0.0009403333487728488286 ),
 .UNSPECIFIED. ) ;
#3571 = EDGE_CURVE ( 'NONE', #2554, #4745, #1148, .T. ) ;
#3572 = CARTESIAN_POINT ( 'NONE',  ( 21.89583333333332504, -1.175240473580827949, 0.6785254037844338226 ) ) ;
#3573 = CARTESIAN_POINT ( 'NONE',  ( -23.10416666666665719, -0.7500000000000013323, -1.299038105676658894 ) ) ;
#3574 = CARTESIAN_POINT ( 'NONE',  ( 22.77083333333333215, -0.7499999999999996669, -1.299038105676658228 ) ) ;
#3575 = CARTESIAN_POINT ( 'NONE',  ( 19.99999999999999645, 1.727238319854174309, 1.508335473232666590 ) ) ;
#3576 = CARTESIAN_POINT ( 'NONE',  ( -22.64733171404563805, -0.4019708528214254173, -1.499972827486045102 ) ) ;
#3577 = CARTESIAN_POINT ( 'NONE',  ( -21.31249999999999289, -2.492861891654330359E-16, -1.357050807568875195 ) ) ;
#3578 = CARTESIAN_POINT ( 'NONE',  ( -20.06249999999998934, -3.181725716174723456E-16, -1.732050807568878747 ) ) ;
#3579 = CARTESIAN_POINT ( 'NONE',  ( 24.69327391645372316, -1.231017372862001524, -0.7829157525100181036 ) ) ;
#3580 = CARTESIAN_POINT ( 'NONE',  ( -23.99999999999998934, -1.175240473580833722, 1.439254484199187407E-16 ) ) ;
#3581 = CARTESIAN_POINT ( 'NONE',  ( -20.10416666666666075, 0.5876202367904169721, 1.017788105676656452 ) ) ;
#3582 = DIRECTION ( 'NONE',  ( 0.000000000000000000, 0.000000000000000000, 1.000000000000000000 ) ) ;
#3583 = ORIENTED_EDGE ( 'NONE', *, *, #5291, .T. ) ;
#3584 = ORIENTED_EDGE ( 'NONE', *, *, #147, .T. ) ;
#3585 = EDGE_CURVE ( 'NONE', #4635, #4382, #4124, .T. ) ;
#3586 = ORIENTED_EDGE ( 'NONE', *, *, #2037, .T. ) ;
#3587 =( BOUNDED_CURVE ( )  B_SPLINE_CURVE ( 2, ( #1290, #381, #2922, #788, #5034, #1722, #3741, #5060, #4121 ),
 .UNSPECIFIED., .F., .F. ) 
 B_SPLINE_CURVE_WITH_KNOTS ( ( 3, 2, 2, 2, 3 ),
 ( 0.7968446171281436952, 0.8033231862343637175, 0.8162800118187889531, 0.8292368374032141887, 0.8357142488771359679 ),
 .UNSPECIFIED. ) 
 CURVE ( )  GEOMETRIC_REPRESENTATION_ITEM ( )  RATIONAL_B_SPLINE_CURVE ( ( 0.9330127019312181025, 0.9330110855930812130, 1.000000000000000000, 0.8660254037844387076, 1.000000000000000000, 0.8660254037844387076, 1.000000000000000000, 0.9330230556021483768, 0.9330127034925124185 ) ) 
 REPRESENTATION_ITEM ( '' )  );
#3588 = CARTESIAN_POINT ( 'NONE',  ( 21.29166666666667140, 1.175240473580827505, 0.6785254037844348218 ) ) ;
#3589 = ORIENTED_EDGE ( 'NONE', *, *, #2391, .F. ) ;
#3590 = CARTESIAN_POINT ( 'NONE',  ( -24.02083333333332504, -0.5876202367904166390, 1.017788105676656674 ) ) ;
#3591 = CARTESIAN_POINT ( 'NONE',  ( 19.99999999999999645, 0.000000000000000000, 0.000000000000000000 ) ) ;
#3592 = CARTESIAN_POINT ( 'NONE',  ( -23.52083333333332504, -0.5876202367904166390, 1.017788105676656674 ) ) ;
#3593 = DIRECTION ( 'NONE',  ( -1.000000000000000000, -0.000000000000000000, -0.000000000000000000 ) ) ;
#3594 = APPROVAL ( #487, 'UNSPECIFIED' ) ;
#3595 = CARTESIAN_POINT ( 'NONE',  ( 24.18749999999999645, -1.500000000000000000, -1.836970198721029934E-16 ) ) ;
#3596 = CARTESIAN_POINT ( 'NONE',  ( 20.35416666666666785, -0.5876202367904145296, 1.017788105676650900 ) ) ;
#3597 = CARTESIAN_POINT ( 'NONE',  ( 23.29166666666666785, 1.175240473580827505, 0.6785254037844348218 ) ) ;
#3598 = EDGE_CURVE ( 'NONE', #3073, #2992, #4775, .T. ) ;
#3599 = CARTESIAN_POINT ( 'NONE',  ( 24.18749999999999645, -1.500000000000000000, -1.836970198721029934E-16 ) ) ;
#3600 = ADVANCED_FACE ( 'NONE', ( #4653 ), #2573, .F. ) ;
#3601 = DIRECTION ( 'NONE',  ( 1.000000000000000000, 0.000000000000000000, 0.000000000000000000 ) ) ;
#3602 = CARTESIAN_POINT ( 'NONE',  ( -22.08333333333333570, 0.7499999999999995559, -1.299038105676659560 ) ) ;
#3603 = CARTESIAN_POINT ( 'NONE',  ( -21.02083333333332504, 0.7499999999999995559, -1.299038105676659560 ) ) ;
#3604 = CARTESIAN_POINT ( 'NONE',  ( -19.47916666666666075, 1.500000000000000888, -0.8660254037844402619 ) ) ;
#3605 = CARTESIAN_POINT ( 'NONE',  ( -20.37499649327408946, -6.312113441181580527E-05, 1.499999998671908807 ) ) ;
#3606 = CARTESIAN_POINT ( 'NONE',  ( -22.68749999999999289, -1.500000000000001332, 1.836970198721031413E-16 ) ) ;
#3607 = CARTESIAN_POINT ( 'NONE',  ( -24.62500000000000711, -3.181725716174723456E-16, -1.732050807568878747 ) ) ;
#3608 = CARTESIAN_POINT ( 'NONE',  ( 23.20833333333333215, -1.500000000000000444, 0.8660254037844380415 ) ) ;
#3609 = CARTESIAN_POINT ( 'NONE',  ( -19.58482909936925154, -0.4019237886466848764, -1.500000000000001110 ) ) ;
#3610 = ORIENTED_EDGE ( 'NONE', *, *, #525, .T. ) ;
#3611 = CARTESIAN_POINT ( 'NONE',  ( -23.39583333333332149, -1.175240473580834166, -0.6785254037844371533 ) ) ;
#3612 = CARTESIAN_POINT ( 'NONE',  ( 21.12801077296303731, 0.6848602849518227176, 1.253648678891936541 ) ) ;
#3613 = ORIENTED_EDGE ( 'NONE', *, *, #3020, .F. ) ;
#3614 = CARTESIAN_POINT ( 'NONE',  ( 23.95833333333333570, 1.500000000000000000, -0.8660254037844384856 ) ) ;
#3615 = VERTEX_POINT ( 'NONE', #2685 ) ;
#3616 = CARTESIAN_POINT ( 'NONE',  ( -24.35416666666666075, -0.5876202367904174162, -1.017788105676656230 ) ) ;
#3617 = CARTESIAN_POINT ( 'NONE',  ( -18.60000000000000142, 0.9742060276928315998, -1.140579946931956856 ) ) ;
#3618 = CARTESIAN_POINT ( 'NONE',  ( -24.27083333333332504, 0.5876202367904159729, -1.017788105676656896 ) ) ;
#3619 =( BOUNDED_SURFACE ( )  B_SPLINE_SURFACE ( 1, 2, ( 
 ( #3988, #3090, #2654, #4431, #708, #2347, #4318, #4759, #684, #1030, #2682, #632, #2268, #2295, #3964, #2238, #245, #3937, #1457, #1920, #219, #1864, #1891, #3528, #298, #3119, #5227, #3147, #4815, #2320, #3580, #5251, #1508, #4014, #4483, #378, #2894, #3222, #1642, #3708, #1558, #4143, #22, #431, #3630, #3328, #5356, #1587, #5328, #1668, #4977, #784, #2372, #5302, #3737, #2019, #1612, #4038, #809, #2398, #2865, #2424, #834, #1233, #736, #2453, #4920, #2836, #324, #4091, #4892, #1971, #1208, #4458, #3274, #2812, #1155, #1130, #3659, #350, #2784, #5386, #1997, #3247, #760, #3683, #4949, #4536, #4564, #4118, #4065, #1181, #4509, #406, #2046, #2483, #3303, #2074, #860, #4671, #3410, #1692, #516, #2127, #941, #2511, #5030, #3002, #5004, #1315, #2099, #2593, #4254, #542, #2180, #1771, #3355, #3762, #3844, #4646, #3815, #4228, #2155, #488, #568, #1287, #2203, #2944, #4591, #2918, #101, #913, #4617, #4172, #2564, #2977, #125, #1745, #4283, #3439, #47, #5081, #1342, #5106, #888, #3789, #4201, #5056, #971, #1368, #461, #2541, #1718, #3029, #4697, #2621, #152 ),
 ( #1797, #3384, #3869, #1261, #73, #5261, #3492, #994, #1394, #3640, #1420, #5133, #2768, #3896, #2647, #1164, #1117, #361, #1930, #721, #3616, #3082, #769, #3206, #2821, #4310, #4440, #2357, #3590, #4469, #3927, #5286, #1517, #2408, #4877, #282, #4492, #4048, #745, #592, #4903, #2797, #3179, #4847, #5314, #4023, #1140, #1983, #1543, #4074, #1572, #4751, #309, #3232, #2383, #334, #3465, #1022, #2230, #3057, #179, #4723, #1827, #5165, #1956, #2674, #4340, #620, #2259, #2436, #5367, #31, #2847, #3257, #4214, #2006, #3774, #3669, #2493, #3721, #5339, #4546, #1599, #1652, #415, #4931, #819, #2523, #1191, #2056, #442, #2903, #3693, #2466, #4988, #3369, #2929, #4518, #2084, #3746, #6, #4576, #59, #4601, #472, #1678, #2878, #3339, #793, #1300, #4185, #2110, #1704, #2961, #4102, #5015, #391, #2029, #1624, #3286, #3313, #4127, #4958, #1244, #1218, #5042, #843, #4155, #1272, #868, #4632, #899, #2551, #2688, #4268, #3042, #579, #3828, #3097, #165, #5178, #5067, #5119, #1378, #553, #1408, #954, #2215, #2189, #4765, #1811, #2605, #1433, #1008, #3069, #2988, #1843 ) ),
 .UNSPECIFIED., .F., .F., .T. ) 
 B_SPLINE_SURFACE_WITH_KNOTS ( ( 2, 2 ),
 ( 3, 2, 2, 2, 2, 2, 2, 2, 2, 2, 2, 2, 2, 2, 2, 2, 2, 2, 2, 2, 2, 2, 2, 2, 2, 2, 2, 2, 2, 2, 2, 2, 2, 2, 2, 2, 2, 2, 2, 2, 2, 2, 2, 2, 2, 2, 2, 2, 2, 2, 2, 2, 2, 2, 2, 2, 2, 2, 2, 2, 2, 2, 2, 2, 2, 2, 2, 2, 2, 2, 2, 2, 2, 2, 2, 2, 2, 2, 3 ),
 ( 0.000000000000000000, 1.000000000000000000 ),
 ( 0.000000000000000000, 0.01282051282051282007, 0.02564102564102564014, 0.03846153846153846367, 0.05128205128205128027, 0.06410256410256409687, 0.07692307692307692735, 0.08974358974358974395, 0.1025641025641025605, 0.1153846153846153910, 0.1282051282051281937, 0.1410256410256410242, 0.1538461538461538547, 0.1666666666666666574, 0.1794871794871794879, 0.1923076923076923184, 0.2051282051282051211, 0.2179487179487179516, 0.2307692307692307820, 0.2435897435897435848, 0.2564102564102563875, 0.2692307692307692180, 0.2820512820512820484, 0.2948717948717948789, 0.3076923076923077094, 0.3205128205128205399, 0.3333333333333333148, 0.3461538461538461453, 0.3589743589743589758, 0.3717948717948718063, 0.3846153846153846367, 0.3974358974358974117, 0.4102564102564102422, 0.4230769230769230727, 0.4358974358974359031, 0.4487179487179487336, 0.4615384615384615641, 0.4743589743589743390, 0.4871794871794871695, 0.5000000000000000000, 0.5128205128205127750, 0.5256410256410256610, 0.5384615384615384359, 0.5512820512820513219, 0.5641025641025640969, 0.5769230769230768718, 0.5897435897435897578, 0.6025641025641025328, 0.6153846153846154188, 0.6282051282051281937, 0.6410256410256410797, 0.6538461538461538547, 0.6666666666666666297, 0.6794871794871795156, 0.6923076923076922906, 0.7051282051282051766, 0.7179487179487179516, 0.7307692307692307265, 0.7435897435897436125, 0.7564102564102563875, 0.7692307692307692735, 0.7820512820512820484, 0.7948717948717948234, 0.8076923076923077094, 0.8205128205128204844, 0.8333333333333333703, 0.8461538461538461453, 0.8589743589743589203, 0.8717948717948718063, 0.8846153846153845812, 0.8974358974358974672, 0.9102564102564102422, 0.9230769230769231282, 0.9358974358974359031, 0.9487179487179486781, 0.9615384615384615641, 0.9743589743589743390, 0.9871794871794872250, 0.9894794629167638078 ),
 .UNSPECIFIED. ) 
 GEOMETRIC_REPRESENTATION_ITEM ( )  RATIONAL_B_SPLINE_SURFACE ( (
 ( 1.000000000000000000, 0.8660254037844387076, 1.000000000000000000, 0.8660254037844387076, 1.000000000000000000, 0.8660254037844387076, 1.000000000000000000, 0.8660254037844387076, 1.000000000000000000, 0.8660254037844387076, 1.000000000000000000, 0.8660254037844387076, 1.000000000000000000, 0.8660254037844387076, 1.000000000000000000, 0.8660254037844387076, 1.000000000000000000, 0.8660254037844387076, 1.000000000000000000, 0.8660254037844387076, 1.000000000000000000, 0.8660254037844387076, 1.000000000000000000, 0.8660254037844387076, 1.000000000000000000, 0.8660254037844387076, 1.000000000000000000, 0.8660254037844387076, 1.000000000000000000, 0.8660254037844387076, 1.000000000000000000, 0.8660254037844387076, 1.000000000000000000, 0.8660254037844387076, 1.000000000000000000, 0.8660254037844387076, 1.000000000000000000, 0.8660254037844387076, 1.000000000000000000, 0.8660254037844387076, 1.000000000000000000, 0.8660254037844387076, 1.000000000000000000, 0.8660254037844387076, 1.000000000000000000, 0.8660254037844387076, 1.000000000000000000, 0.8660254037844387076, 1.000000000000000000, 0.8660254037844387076, 1.000000000000000000, 0.8660254037844387076, 1.000000000000000000, 0.8660254037844387076, 1.000000000000000000, 0.8660254037844387076, 1.000000000000000000, 0.8660254037844387076, 1.000000000000000000, 0.8660254037844387076, 1.000000000000000000, 0.8660254037844387076, 1.000000000000000000, 0.8660254037844387076, 1.000000000000000000, 0.8660254037844387076, 1.000000000000000000, 0.8660254037844387076, 1.000000000000000000, 0.8660254037844387076, 1.000000000000000000, 0.8660254037844387076, 1.000000000000000000, 0.8660254037844387076, 1.000000000000000000, 0.8660254037844387076, 1.000000000000000000, 0.8660254037844387076, 1.000000000000000000, 0.8660254037844387076, 1.000000000000000000, 0.8660254037844387076, 1.000000000000000000, 0.8660254037844387076, 1.000000000000000000, 0.8660254037844387076, 1.000000000000000000, 0.8660254037844387076, 1.000000000000000000, 0.8660254037844387076, 1.000000000000000000, 0.8660254037844387076, 1.000000000000000000, 0.8660254037844387076, 1.000000000000000000, 0.8660254037844387076, 1.000000000000000000, 0.8660254037844387076, 1.000000000000000000, 0.8660254037844387076, 1.000000000000000000, 0.8660254037844387076, 1.000000000000000000, 0.8660254037844387076, 1.000000000000000000, 0.8660254037844387076, 1.000000000000000000, 0.8660254037844387076, 1.000000000000000000, 0.8660254037844387076, 1.000000000000000000, 0.8660254037844387076, 1.000000000000000000, 0.8660254037844387076, 1.000000000000000000, 0.8660254037844387076, 1.000000000000000000, 0.8660254037844387076, 1.000000000000000000, 0.8660254037844387076, 1.000000000000000000, 0.8660254037844387076, 1.000000000000000000, 0.8660254037844387076, 1.000000000000000000, 0.8660254037844387076, 1.000000000000000000, 0.8660254037844387076, 1.000000000000000000, 0.8660254037844387076, 1.000000000000000000, 0.8660254037844387076, 1.000000000000000000, 0.8660254037844387076, 1.000000000000000000, 0.8660254037844387076, 1.000000000000000000, 0.8660254037844387076, 1.000000000000000000, 0.8660254037844387076, 1.000000000000000000, 0.8660254037844387076, 1.000000000000000000, 0.8660254037844387076, 1.000000000000000000, 0.8660254037844387076, 1.000000000000000000, 0.8660254037844387076, 1.000000000000000000, 0.8660254037844387076, 1.000000000000000000, 0.8660254037844387076, 1.000000000000000000, 0.8660254037844387076, 1.000000000000000000, 0.9759652109848369061, 0.9605540132970020739),
 ( 1.000000000000000000, 0.8660254037844387076, 1.000000000000000000, 0.8660254037844387076, 1.000000000000000000, 0.8660254037844387076, 1.000000000000000000, 0.8660254037844387076, 1.000000000000000000, 0.8660254037844387076, 1.000000000000000000, 0.8660254037844387076, 1.000000000000000000, 0.8660254037844387076, 1.000000000000000000, 0.8660254037844387076, 1.000000000000000000, 0.8660254037844387076, 1.000000000000000000, 0.8660254037844387076, 1.000000000000000000, 0.8660254037844387076, 1.000000000000000000, 0.8660254037844387076, 1.000000000000000000, 0.8660254037844387076, 1.000000000000000000, 0.8660254037844387076, 1.000000000000000000, 0.8660254037844387076, 1.000000000000000000, 0.8660254037844387076, 1.000000000000000000, 0.8660254037844387076, 1.000000000000000000, 0.8660254037844387076, 1.000000000000000000, 0.8660254037844387076, 1.000000000000000000, 0.8660254037844387076, 1.000000000000000000, 0.8660254037844387076, 1.000000000000000000, 0.8660254037844387076, 1.000000000000000000, 0.8660254037844387076, 1.000000000000000000, 0.8660254037844387076, 1.000000000000000000, 0.8660254037844387076, 1.000000000000000000, 0.8660254037844387076, 1.000000000000000000, 0.8660254037844387076, 1.000000000000000000, 0.8660254037844387076, 1.000000000000000000, 0.8660254037844387076, 1.000000000000000000, 0.8660254037844387076, 1.000000000000000000, 0.8660254037844387076, 1.000000000000000000, 0.8660254037844387076, 1.000000000000000000, 0.8660254037844387076, 1.000000000000000000, 0.8660254037844387076, 1.000000000000000000, 0.8660254037844387076, 1.000000000000000000, 0.8660254037844387076, 1.000000000000000000, 0.8660254037844387076, 1.000000000000000000, 0.8660254037844387076, 1.000000000000000000, 0.8660254037844387076, 1.000000000000000000, 0.8660254037844387076, 1.000000000000000000, 0.8660254037844387076, 1.000000000000000000, 0.8660254037844387076, 1.000000000000000000, 0.8660254037844387076, 1.000000000000000000, 0.8660254037844387076, 1.000000000000000000, 0.8660254037844387076, 1.000000000000000000, 0.8660254037844387076, 1.000000000000000000, 0.8660254037844387076, 1.000000000000000000, 0.8660254037844387076, 1.000000000000000000, 0.8660254037844387076, 1.000000000000000000, 0.8660254037844387076, 1.000000000000000000, 0.8660254037844387076, 1.000000000000000000, 0.8660254037844387076, 1.000000000000000000, 0.8660254037844387076, 1.000000000000000000, 0.8660254037844387076, 1.000000000000000000, 0.8660254037844387076, 1.000000000000000000, 0.8660254037844387076, 1.000000000000000000, 0.8660254037844387076, 1.000000000000000000, 0.8660254037844387076, 1.000000000000000000, 0.8660254037844387076, 1.000000000000000000, 0.8660254037844387076, 1.000000000000000000, 0.8660254037844387076, 1.000000000000000000, 0.8660254037844387076, 1.000000000000000000, 0.8660254037844387076, 1.000000000000000000, 0.8660254037844387076, 1.000000000000000000, 0.8660254037844387076, 1.000000000000000000, 0.8660254037844387076, 1.000000000000000000, 0.8660254037844387076, 1.000000000000000000, 0.8660254037844387076, 1.000000000000000000, 0.8660254037844387076, 1.000000000000000000, 0.8660254037844387076, 1.000000000000000000, 0.8660254037844387076, 1.000000000000000000, 0.8660254037844387076, 1.000000000000000000, 0.8660254037844387076, 1.000000000000000000, 0.8660254037844387076, 1.000000000000000000, 0.8660254037844387076, 1.000000000000000000, 0.8660254037844387076, 1.000000000000000000, 0.8660254037844387076, 1.000000000000000000, 0.9759652109848369061, 0.9605540132970020739) ) ) 
 REPRESENTATION_ITEM ( '' )  SURFACE ( )  );
#3620 = CARTESIAN_POINT ( 'NONE',  ( 24.56249999999999645, -6.391244124090313355E-16, 1.499999999999999778 ) ) ;
#3621 = CARTESIAN_POINT ( 'NONE',  ( 21.04166666666666785, -1.175240473580827727, -0.6785254037844345998 ) ) ;
#3622 = CARTESIAN_POINT ( 'NONE',  ( 20.43749999999999645, -1.175240473580827949, -1.439254484199180504E-16 ) ) ;
#3623 = FACE_OUTER_BOUND ( 'NONE', #2304, .T. ) ;
#3624 = CARTESIAN_POINT ( 'NONE',  ( 22.93750000000000000, 1.500000000000000000, 0.000000000000000000 ) ) ;
#3625 = LINE ( 'NONE', #3188, #520 ) ;
#3626 = CARTESIAN_POINT ( 'NONE',  ( 21.20229952641920690, -1.241324211260486754, 0.8420891891827915199 ) ) ;
#3627 = CARTESIAN_POINT ( 'NONE',  ( -22.93749999999999289, 1.500000000000001332, 0.000000000000000000 ) ) ;
#3628 = CARTESIAN_POINT ( 'NONE',  ( -19.77083333333332504, -0.7500000000000003331, 1.299038105676659338 ) ) ;
#3629 = CARTESIAN_POINT ( 'NONE',  ( 21.02129431013483796, -0.9526800835054975991, 0.9173429372638216561 ) ) ;
#3630 = CARTESIAN_POINT ( 'NONE',  ( -23.41666666666665719, -0.5876202367904174162, -1.017788105676656230 ) ) ;
#3631 = CARTESIAN_POINT ( 'NONE',  ( -22.29166666666666785, -1.500000000000000888, 0.8660254037844398178 ) ) ;
#3632 = CARTESIAN_POINT ( 'NONE',  ( 22.62500000000000000, -3.181725716174720005E-16, 1.732050807568877193 ) ) ;
#3633 = CARTESIAN_POINT ( 'NONE',  ( -24.45833333333333925, 1.500000000000001110, 0.8660254037844392627 ) ) ;
#3634 = ORIENTED_EDGE ( 'NONE', *, *, #1095, .T. ) ;
#3635 = EDGE_CURVE ( 'NONE', #58, #5096, #2885, .T. ) ;
#3636 = CARTESIAN_POINT ( 'NONE',  ( 22.12500000000000000, -6.391244124090313355E-16, 1.500000000000000000 ) ) ;
#3637 = VERTEX_POINT ( 'NONE', #4264 ) ;
#3638 = CARTESIAN_POINT ( 'NONE',  ( 19.99999999999999645, 0.000000000000000000, 0.000000000000000000 ) ) ;
#3639 = ORIENTED_EDGE ( 'NONE', *, *, #3402, .T. ) ;
#3640 = CARTESIAN_POINT ( 'NONE',  ( -24.81249999999998934, -2.492861891654330359E-16, -1.357050807568875195 ) ) ;
#3641 = LINE ( 'NONE', #1091, #1561 ) ;
#3642 = CARTESIAN_POINT ( 'NONE',  ( -22.60416666666665719, 0.5876202367904169721, 1.017788105676656452 ) ) ;
#3643 = ORIENTED_EDGE ( 'NONE', *, *, #4095, .T. ) ;
#3644 = CARTESIAN_POINT ( 'NONE',  ( 23.45833333333333215, 1.500000000000000000, -0.8660254037844384856 ) ) ;
#3645 = CARTESIAN_POINT ( 'NONE',  ( 19.99999999999999645, 0.000000000000000000, 0.000000000000000000 ) ) ;
#3646 = CARTESIAN_POINT ( 'NONE',  ( 20.95833333333333215, -1.175240473580828393, 0.6785254037844338226 ) ) ;
#3647 =( BOUNDED_CURVE ( )  B_SPLINE_CURVE ( 2, ( #1187, #2843, #895, #2488, #2052, #4570, #2954, #4097, #411 ),
 .UNSPECIFIED., .F., .F. ) 
 B_SPLINE_CURVE_WITH_KNOTS ( ( 3, 2, 2, 2, 3 ),
 ( 0.8745857311055805772, 0.8810641397409151310, 0.8940209653253402555, 0.9069777909097654911, 0.9134559890550735251 ),
 .UNSPECIFIED. ) 
 CURVE ( )  GEOMETRIC_REPRESENTATION_ITEM ( )  RATIONAL_B_SPLINE_CURVE ( ( 0.9330127018922469428, 0.9330127448746663443, 1.000000000000000000, 0.8660254037844387076, 1.000000000000000000, 0.8660254037844387076, 1.000000000000000000, 0.9330149213581047096, 0.9330127019657560306 ) ) 
 REPRESENTATION_ITEM ( '' )  );
#3648 = CARTESIAN_POINT ( 'NONE',  ( -24.49999999999998934, -1.175240473580833722, 1.439254484199187407E-16 ) ) ;
#3649 = AXIS2_PLACEMENT_3D ( 'NONE', #3511, #1384, #1950 ) ;
#3650 = CARTESIAN_POINT ( 'NONE',  ( 22.95833333333332860, -1.175240473580827949, 0.6785254037844338226 ) ) ;
#3651 = CARTESIAN_POINT ( 'NONE',  ( 21.10416666666666785, -0.7500000000000006661, 1.299038105676657562 ) ) ;
#3652 = AXIS2_PLACEMENT_3D ( 'NONE', #2616, #4691, #2223 ) ;
#3653 = ADVANCED_FACE ( 'NONE', ( #3877 ), #1371, .T. ) ;
#3654 = CARTESIAN_POINT ( 'NONE',  ( -24.56249999999998934, -6.391244124090313355E-16, -1.500000000000001332 ) ) ;
#3655 = CARTESIAN_POINT ( 'NONE',  ( -25.00000000000000000, 2.598076211353316456, -6.186363472576506121E-17 ) ) ;
#3656 = CARTESIAN_POINT ( 'NONE',  ( -19.79166666666665719, 1.175240473580833500, -0.6785254037844382635 ) ) ;
#3657 = CARTESIAN_POINT ( 'NONE',  ( -21.10416666666666075, -0.7500000000000013323, -1.299038105676658894 ) ) ;
#3658 = CARTESIAN_POINT ( 'NONE',  ( 21.72916666666666430, -1.499999999999999778, -0.8660254037844391517 ) ) ;
#3659 = CARTESIAN_POINT ( 'NONE',  ( -21.99999999999999289, -1.175240473580833722, 1.439254484199187407E-16 ) ) ;
#3660 = CARTESIAN_POINT ( 'NONE',  ( -22.12500000000000355, -3.181725716174723456E-16, -1.732050807568878747 ) ) ;
#3661 = CARTESIAN_POINT ( 'NONE',  ( 20.87499999999999645, 1.060575238724906915E-16, -1.732050807568877193 ) ) ;
#3662 = CARTESIAN_POINT ( 'NONE',  ( -19.72916666666665364, -1.500000000000000888, 0.8660254037844398178 ) ) ;
#3663 = CARTESIAN_POINT ( 'NONE',  ( 24.75694006274940406, 0.3391627657688193742, -1.336311218570205073 ) ) ;
#3664 = CARTESIAN_POINT ( 'NONE',  ( -25.00000000000000000, 1.838311014891731876, 1.315951922094013460 ) ) ;
#3665 = EDGE_LOOP ( 'NONE', ( #5231, #3512, #2630 ) ) ;
#3666 = EDGE_CURVE ( 'NONE', #3949, #4655, #5297, .T. ) ;
#3667 = CARTESIAN_POINT ( 'NONE',  ( -22.62591835126172413, -5.118250892593131023E-05, -1.499999998285846736 ) ) ;
#3668 = ORIENTED_EDGE ( 'NONE', *, *, #4501, .F. ) ;
#3669 = CARTESIAN_POINT ( 'NONE',  ( -21.97916666666665364, -1.175240473580833722, 0.6785254037844379305 ) ) ;
#3670 = CARTESIAN_POINT ( 'NONE',  ( 21.33482909936925864, 0.4019237886466842657, -1.499999999999999778 ) ) ;
#3671 = CARTESIAN_POINT ( 'NONE',  ( -22.27083333333332149, 0.5876202367904159729, -1.017788105676656896 ) ) ;
#3672 = VERTEX_POINT ( 'NONE', #1430 ) ;
#3673 = CARTESIAN_POINT ( 'NONE',  ( 22.43750000000000000, 1.500000000000000000, 0.000000000000000000 ) ) ;
#3674 = CARTESIAN_POINT ( 'NONE',  ( -21.04166666666667851, 1.500000000000000888, -0.8660254037844402619 ) ) ;
#3675 = CARTESIAN_POINT ( 'NONE',  ( 19.99999999999999645, 0.000000000000000000, -1.500000000000000222 ) ) ;
#3676 = CARTESIAN_POINT ( 'NONE',  ( 20.10416666666666430, 0.5876202367904140855, -1.017788105676651345 ) ) ;
#3677 = CARTESIAN_POINT ( 'NONE',  ( 19.79903810567665801, 1.299038105676659560, -2.249999999999999556 ) ) ;
#3678 = CARTESIAN_POINT ( 'NONE',  ( 20.64583333333333215, -1.500000000000000444, 0.8660254037844380415 ) ) ;
#3679 = CARTESIAN_POINT ( 'NONE',  ( -24.62444047358083665, 0.8328287812014613101, 0.8292082922553236646 ) ) ;
#3680 = CARTESIAN_POINT ( 'NONE',  ( 23.00000000000000000, 1.500000000000000000, 0.000000000000000000 ) ) ;
#3681 = CARTESIAN_POINT ( 'NONE',  ( -19.70833333333332504, 1.175240473580833944, 0.6785254037844374864 ) ) ;
#3682 = CARTESIAN_POINT ( 'NONE',  ( -24.45833333333332504, -1.175240473580834166, -0.6785254037844371533 ) ) ;
#3683 = CARTESIAN_POINT ( 'NONE',  ( -21.70833333333332504, 1.175240473580833944, 0.6785254037844374864 ) ) ;
#3684 = CARTESIAN_POINT ( 'NONE',  ( -22.87500000000000711, 1.060575238724907778E-16, 1.732050807568878747 ) ) ;
#3685 = CARTESIAN_POINT ( 'NONE',  ( 22.95833333333332860, 1.500000000000000222, -0.8660254037844384856 ) ) ;
#3686 = CARTESIAN_POINT ( 'NONE',  ( 20.87499999999999645, 0.000000000000000000, 0.000000000000000000 ) ) ;
#3687 = CARTESIAN_POINT ( 'NONE',  ( -24.97916666666666075, 1.500000000000000888, -0.8660254037844402619 ) ) ;
#3688 = CARTESIAN_POINT ( 'NONE',  ( -23.33482909936925864, 0.4019237886466845988, 1.500000000000001110 ) ) ;
#3689 = LINE ( 'NONE', #5215, #2869 ) ;
#3690 = CARTESIAN_POINT ( 'NONE',  ( -18.60000000000000142, 1.836970198721030427E-16, -1.500000000000000666 ) ) ;
#3691 = ORIENTED_EDGE ( 'NONE', *, *, #2379, .F. ) ;
#3692 = EDGE_CURVE ( 'NONE', #4876, #1011, #221, .T. ) ;
#3693 = CARTESIAN_POINT ( 'NONE',  ( -21.35416666666665719, -0.5876202367904174162, -1.017788105676656230 ) ) ;
#3694 = CARTESIAN_POINT ( 'NONE',  ( 23.83482909936925864, 0.4019237886466842657, -1.499999999999999778 ) ) ;
#3695 = CARTESIAN_POINT ( 'NONE',  ( -20.14583333333332504, 1.175240473580833722, 0.6785254037844374864 ) ) ;
#3696 = ORIENTED_EDGE ( 'NONE', *, *, #1988, .T. ) ;
#3697 = CARTESIAN_POINT ( 'NONE',  ( -22.39583333333331794, 1.500000000000001110, 0.8660254037844392627 ) ) ;
#3698 = CARTESIAN_POINT ( 'NONE',  ( 24.99999999999999645, 0.000000000000000000, 0.000000000000000000 ) ) ;
#3699 = CARTESIAN_POINT ( 'NONE',  ( -19.00698189766701063, 0.9742012179188316301, -1.140584055212709558 ) ) ;
#3700 = CARTESIAN_POINT ( 'NONE',  ( 19.93749999999999645, -1.175240473580827949, -1.439254484199180504E-16 ) ) ;
#3701 = CARTESIAN_POINT ( 'NONE',  ( 23.08333333333333215, -0.5876202367904137525, -1.017788105676651345 ) ) ;
#3702 = CARTESIAN_POINT ( 'NONE',  ( 22.43750000000000000, 1.500000000000000000, 0.000000000000000000 ) ) ;
#3703 = CARTESIAN_POINT ( 'NONE',  ( -21.35267095631011358, -0.4019227864179623078, 1.500000578637023629 ) ) ;
#3704 = FACE_OUTER_BOUND ( 'NONE', #1818, .T. ) ;
#3705 = CARTESIAN_POINT ( 'NONE',  ( -19.29166666666666075, 1.175240473580833500, -0.6785254037844382635 ) ) ;
#3706 = CARTESIAN_POINT ( 'NONE',  ( -25.08333333333332504, -0.5876202367904166390, 1.017788105676656674 ) ) ;
#3707 = CARTESIAN_POINT ( 'NONE',  ( -20.35266927316100549, -0.4019530831018743866, 1.499983086838411195 ) ) ;
#3708 = CARTESIAN_POINT ( 'NONE',  ( -23.62499999999998579, 8.309539638847769097E-17, 1.357050807568875195 ) ) ;
#3709 = CARTESIAN_POINT ( 'NONE',  ( -23.12500000000000711, -3.181725716174723456E-16, -1.732050807568878747 ) ) ;
#3710 = CARTESIAN_POINT ( 'NONE',  ( 20.83333333333333215, -0.7499999999999996669, -1.299038105676658228 ) ) ;
#3711 = CARTESIAN_POINT ( 'NONE',  ( 22.20833333333332860, -1.500000000000000222, 0.8660254037844381525 ) ) ;
#3712 = AXIS2_PLACEMENT_3D ( 'NONE', #783, #2397, #2423 ) ;
#3713 =( BOUNDED_CURVE ( )  B_SPLINE_CURVE ( 2, ( #1171, #4109, #397, #1962, #2443, #1198, #2336, #1096, #4420 ),
 .UNSPECIFIED., .F., .F. ) 
 B_SPLINE_CURVE_WITH_KNOTS ( ( 3, 2, 2, 2, 3 ),
 ( 0.09717628840441927540, 0.1036546046754017736, 0.1166114302598269953, 0.1295682558442521892, 0.1360458513215066501 ),
 .UNSPECIFIED. ) 
 CURVE ( )  GEOMETRIC_REPRESENTATION_ITEM ( )  RATIONAL_B_SPLINE_CURVE ( ( 0.9330127019070890704, 0.9330136999293348055, 1.000000000000000000, 0.8660254037844387076, 1.000000000000000000, 0.8660254037844387076, 1.000000000000000000, 0.9330211529932075365, 0.9330127029584081022 ) ) 
 REPRESENTATION_ITEM ( '' )  );
#3714 = CARTESIAN_POINT ( 'NONE',  ( -18.81948126917875896, 0.7632876168182477494, -0.8936342566542592181 ) ) ;
#3715 = AXIS2_PLACEMENT_3D ( 'NONE', #3852, #5175, #550 ) ;
#3716 = CARTESIAN_POINT ( 'NONE',  ( 22.72916666666666430, -1.499999999999999778, -0.8660254037844391517 ) ) ;
#3717 = CARTESIAN_POINT ( 'NONE',  ( -24.85993136984618346, -1.088097650916000969, -2.250000000000000000 ) ) ;
#3718 = ADVANCED_FACE ( 'NONE', ( #2186 ), #4761, .F. ) ;
#3719 = LINE ( 'NONE', #4516, #3910 ) ;
#3720 = ORIENTED_EDGE ( 'NONE', *, *, #837, .T. ) ;
#3721 = CARTESIAN_POINT ( 'NONE',  ( -21.89583333333332149, -1.175240473580834166, -0.6785254037844371533 ) ) ;
#3722 = FACE_OUTER_BOUND ( 'NONE', #4154, .T. ) ;
#3723 = CARTESIAN_POINT ( 'NONE',  ( -20.35416666666666075, -0.5876202367904174162, -1.017788105676656230 ) ) ;
#3724 = ORIENTED_EDGE ( 'NONE', *, *, #4163, .F. ) ;
#3725 = CARTESIAN_POINT ( 'NONE',  ( 23.39732909936925864, 0.4019237886466842657, -1.499999999999999778 ) ) ;
#3726 = DIRECTION ( 'NONE',  ( 0.000000000000000000, 0.000000000000000000, -1.000000000000000000 ) ) ;
#3727 = FACE_OUTER_BOUND ( 'NONE', #195, .T. ) ;
#3728 = CARTESIAN_POINT ( 'NONE',  ( -23.29166666666665364, 1.175240473580833056, -0.6785254037844382635 ) ) ;
#3729 = CARTESIAN_POINT ( 'NONE',  ( 20.74999999999999645, 1.175240473580827949, 0.000000000000000000 ) ) ;
#3730 = CARTESIAN_POINT ( 'NONE',  ( 20.27083333333333215, -0.7499999999999996669, -1.299038105676658228 ) ) ;
#3731 = DIRECTION ( 'NONE',  ( -1.000000000000000000, -0.000000000000000000, -0.000000000000000000 ) ) ;
#3732 = EDGE_CURVE ( 'NONE', #1411, #3637, #2116, .T. ) ;
#3733 = CARTESIAN_POINT ( 'NONE',  ( 19.79903810567670419, -1.299038105676733279, 2.249999999999999556 ) ) ;
#3734 = CARTESIAN_POINT ( 'NONE',  ( -18.59999999999984155, 0.8009836236579372937, -1.243579182631734614 ) ) ;
#3735 = CARTESIAN_POINT ( 'NONE',  ( -23.24999999999999289, 1.175240473580833722, 0.000000000000000000 ) ) ;
#3736 = SECURITY_CLASSIFICATION_LEVEL ( 'unclassified' ) ;
#3737 = CARTESIAN_POINT ( 'NONE',  ( -22.99999999999999289, -1.175240473580833722, 1.439254484199187407E-16 ) ) ;
#3738 = CARTESIAN_POINT ( 'NONE',  ( -22.08333333333333570, 0.7499999999999995559, -1.299038105676659560 ) ) ;
#3739 = CARTESIAN_POINT ( 'NONE',  ( 24.39583333333333215, -1.175240473580827949, 0.6785254037844338226 ) ) ;
#3740 = AXIS2_PLACEMENT_3D ( 'NONE', #3871, #5009, #2874 ) ;
#3741 = CARTESIAN_POINT ( 'NONE',  ( -19.66666666666667140, -0.7500000000000013323, -1.299038105676658894 ) ) ;
#3742 = AXIS2_PLACEMENT_3D ( 'NONE', #4504, #2394, #4060 ) ;
#3743 = FACE_OUTER_BOUND ( 'NONE', #273, .T. ) ;
#3744 = CARTESIAN_POINT ( 'NONE',  ( -23.87499796396146223, -3.664870201733299692E-05, 1.499999999552291685 ) ) ;
#3745 = ORIENTED_EDGE ( 'NONE', *, *, #4991, .F. ) ;
#3746 = CARTESIAN_POINT ( 'NONE',  ( -21.06249999999999289, 8.309539638847769097E-17, 1.357050807568875195 ) ) ;
#3747 = CARTESIAN_POINT ( 'NONE',  ( 25.06250000000000000, 8.309539638847728421E-17, -1.357050807568868533 ) ) ;
#3748 = CARTESIAN_POINT ( 'NONE',  ( -21.35416666666665719, -0.5876202367904174162, -1.017788105676656230 ) ) ;
#3749 = ADVANCED_FACE ( 'NONE', ( #1460 ), #1033, .F. ) ;
#3750 = ORIENTED_EDGE ( 'NONE', *, *, #2818, .T. ) ;
#3751 = CARTESIAN_POINT ( 'NONE',  ( 22.41666666666666430, -0.5876202367904145296, 1.017788105676650900 ) ) ;
#3752 = CARTESIAN_POINT ( 'NONE',  ( -25.00000000000000000, -1.299038105676657562, 2.249999999999999556 ) ) ;
#3753 = CARTESIAN_POINT ( 'NONE',  ( -24.99999999999999645, 0.2201494035779673619, -2.250000000000000000 ) ) ;
#3754 = CARTESIAN_POINT ( 'NONE',  ( -22.66666666666665719, 0.5876202367904169721, 1.017788105676656452 ) ) ;
#3755 = CARTESIAN_POINT ( 'NONE',  ( 22.04166666666666785, -1.175240473580827505, -0.6785254037844345998 ) ) ;
#3756 = CARTESIAN_POINT ( 'NONE',  ( 22.14583333333332860, -1.500000000000000444, 0.8660254037844380415 ) ) ;
#3757 = DIRECTION ( 'NONE',  ( -1.000000000000000000, -0.000000000000000000, -0.000000000000000000 ) ) ;
#3758 = DIRECTION ( 'NONE',  ( 0.000000000000000000, 0.000000000000000000, 1.000000000000000000 ) ) ;
#3759 = CARTESIAN_POINT ( 'NONE',  ( 24.20833333333333215, 1.175240473580827949, -0.6785254037844341557 ) ) ;
#3760 = CARTESIAN_POINT ( 'NONE',  ( -23.04166666666665719, -1.175240473580833722, 0.6785254037844379305 ) ) ;
#3761 = APPROVAL_ROLE ( '' ) ;
#3762 = CARTESIAN_POINT ( 'NONE',  ( -20.37499999999998934, -2.492861891654330359E-16, -1.357050807568875195 ) ) ;
#3763 = CARTESIAN_POINT ( 'NONE',  ( -21.00000000000000355, 1.500000000000001332, 0.000000000000000000 ) ) ;
#3764 = CARTESIAN_POINT ( 'NONE',  ( 24.72916666666666430, 1.175240473580827505, 0.6785254037844348218 ) ) ;
#3765 = ADVANCED_FACE ( 'NONE', ( #2712 ), #3939, .T. ) ;
#3766 = CARTESIAN_POINT ( 'NONE',  ( 19.91016837587053701, 0.8761341122661226999, 2.250000000000000000 ) ) ;
#3767 = CARTESIAN_POINT ( 'NONE',  ( -25.10416666666665719, -0.7500000000000013323, -1.299038105676658894 ) ) ;
#3768 = CARTESIAN_POINT ( 'NONE',  ( 23.95833333333333570, 1.500000000000000222, -0.8660254037844384856 ) ) ;
#3769 = CARTESIAN_POINT ( 'NONE',  ( 24.99999999999999645, -1.175240473580827949, -1.439254484199180504E-16 ) ) ;
#3770 = CARTESIAN_POINT ( 'NONE',  ( 24.41666666666666430, 0.7500000000000002220, -1.299038105676658006 ) ) ;
#3771 = CARTESIAN_POINT ( 'NONE',  ( -24.52083333333332504, 0.7499999999999995559, -1.299038105676659560 ) ) ;
#3772 = CARTESIAN_POINT ( 'NONE',  ( -22.41666666666667140, 0.7500000000000008882, 1.299038105676659116 ) ) ;
#3773 = ORIENTED_EDGE ( 'NONE', *, *, #456, .T. ) ;
#3774 = CARTESIAN_POINT ( 'NONE',  ( -22.02083333333332149, -0.5876202367904166390, 1.017788105676656674 ) ) ;
#3775 = CARTESIAN_POINT ( 'NONE',  ( 24.14732909936925864, -0.4019237886466845988, 1.499999999999999778 ) ) ;
#3776 = CARTESIAN_POINT ( 'NONE',  ( -22.06249999999999289, 8.309539638847769097E-17, 1.357050807568875195 ) ) ;
#3777 = ORIENTED_EDGE ( 'NONE', *, *, #2064, .T. ) ;
#3778 = CARTESIAN_POINT ( 'NONE',  ( 24.37499999999999645, -2.492861891654318526E-16, 1.357050807568868533 ) ) ;
#3779 = DIRECTION ( 'NONE',  ( 0.000000000000000000, 0.000000000000000000, -1.000000000000000000 ) ) ;
#3780 = DIRECTION ( 'NONE',  ( 0.000000000000000000, 0.000000000000000000, -1.000000000000000000 ) ) ;
#3781 = CARTESIAN_POINT ( 'NONE',  ( -22.87499999999999645, -2.492861891654330359E-16, -1.357050807568875195 ) ) ;
#3782 = CARTESIAN_POINT ( 'NONE',  ( 22.70833333333333215, 1.175240473580827727, -0.6785254037844341557 ) ) ;
#3783 = DIRECTION ( 'NONE',  ( 0.000000000000000000, 0.000000000000000000, 1.000000000000000000 ) ) ;
#3784 = CARTESIAN_POINT ( 'NONE',  ( -24.93749999999998934, 1.500000000000001332, 0.000000000000000000 ) ) ;
#3785 = ADVANCED_FACE ( 'NONE', ( #5148 ), #5203, .F. ) ;
#3786 = CARTESIAN_POINT ( 'NONE',  ( 24.29166666666666785, 1.175240473580827727, 0.6785254037844348218 ) ) ;
#3787 = CARTESIAN_POINT ( 'NONE',  ( -24.79166666666666075, 1.175240473580833500, -0.6785254037844382635 ) ) ;
#3788 = MECHANICAL_CONTEXT ( 'NONE', #3821, 'mechanical' ) ;
#3789 = CARTESIAN_POINT ( 'NONE',  ( -19.20833333333332504, 1.175240473580833944, 0.6785254037844374864 ) ) ;
#3790 = CARTESIAN_POINT ( 'NONE',  ( -18.83333333333333570, -0.7500000000000003331, 1.299038105676659338 ) ) ;
#3791 = CARTESIAN_POINT ( 'NONE',  ( 24.97916666666666430, -1.175240473580827505, -0.6785254037844345998 ) ) ;
#3792 =( BOUNDED_CURVE ( )  B_SPLINE_CURVE ( 2, ( #935, #1311, #1740, #2972, #2559, #2150, #3405, #1471, #5188 ),
 .UNSPECIFIED., .F., .F. ) 
 B_SPLINE_CURVE_WITH_KNOTS ( ( 3, 2, 2, 2, 3 ),
 ( 0.2500000000000000000, 0.2564102564102563875, 0.2692307692307692180, 0.2820512820512820484, 0.2884615384615384914 ),
 .UNSPECIFIED. ) 
 CURVE ( )  GEOMETRIC_REPRESENTATION_ITEM ( )  RATIONAL_B_SPLINE_CURVE ( ( 0.9330127018922194093, 0.9330127018922195203, 1.000000000000000000, 0.8660254037844387076, 1.000000000000000000, 0.8660254037844387076, 1.000000000000000000, 0.9330127018922190762, 0.9330127018922194093 ) ) 
 REPRESENTATION_ITEM ( '' )  );
#3793 = CARTESIAN_POINT ( 'NONE',  ( 22.14732909936925509, -0.4019237886466845988, 1.499999999999999778 ) ) ;
#3794 = CARTESIAN_POINT ( 'NONE',  ( -24.64583333333332504, -1.500000000000001998, -0.8660254037844388186 ) ) ;
#3795 = CARTESIAN_POINT ( 'NONE',  ( 24.04166666666666785, 1.499999999999999778, 0.8660254037844394848 ) ) ;
#3796 = CARTESIAN_POINT ( 'NONE',  ( 21.27083333333333215, 0.5876202367904130863, 1.017788105676651789 ) ) ;
#3797 = CARTESIAN_POINT ( 'NONE',  ( -23.75000000000000355, -1.500000000000001332, 1.836970198721031413E-16 ) ) ;
#3798 = LINE ( 'NONE', #596, #1829 ) ;
#3799 = EDGE_CURVE ( 'NONE', #4414, #1350, #4733, .T. ) ;
#3800 = ORIENTED_EDGE ( 'NONE', *, *, #4809, .T. ) ;
#3801 = CARTESIAN_POINT ( 'NONE',  ( 20.87499999999999645, 1.436143881329345645E-16, 1.172700473580827518 ) ) ;
#3802 = CARTESIAN_POINT ( 'NONE',  ( -24.62444047358084376, 0.7230224318794103988, 0.9394940780201305186 ) ) ;
#3803 = CARTESIAN_POINT ( 'NONE',  ( -20.10416666666666075, 0.5876202367904169721, 1.017788105676656452 ) ) ;
#3804 = ORIENTED_EDGE ( 'NONE', *, *, #223, .F. ) ;
#3805 = ORIENTED_EDGE ( 'NONE', *, *, #456, .F. ) ;
#3806 = CARTESIAN_POINT ( 'NONE',  ( 24.16666666666666785, 0.5876202367904140855, -1.017788105676651345 ) ) ;
#3807 = CARTESIAN_POINT ( 'NONE',  ( -25.00000000000000000, 0.000000000000000000, 0.000000000000000000 ) ) ;
#3808 = CARTESIAN_POINT ( 'NONE',  ( -23.41666666666665719, -0.5876202367904174162, -1.017788105676656230 ) ) ;
#3809 = CARTESIAN_POINT ( 'NONE',  ( 20.20833333333333215, 1.175240473580827727, -0.6785254037844341557 ) ) ;
#3810 = CARTESIAN_POINT ( 'NONE',  ( -21.39583333333332504, 1.500000000000001110, 0.8660254037844392627 ) ) ;
#3811 = CARTESIAN_POINT ( 'NONE',  ( 24.93749999999999645, -1.175240473580827949, -1.439254484199180504E-16 ) ) ;
#3812 = CARTESIAN_POINT ( 'NONE',  ( -21.27083333333332504, -0.7500000000000003331, 1.299038105676659338 ) ) ;
#3813 = CARTESIAN_POINT ( 'NONE',  ( -21.87499999999999289, -2.492861891654330359E-16, -1.357050807568875195 ) ) ;
#3814 = APPROVAL_DATE_TIME ( #3438, #4089 ) ;
#3815 = CARTESIAN_POINT ( 'NONE',  ( -20.24999999999998934, 1.175240473580833722, 0.000000000000000000 ) ) ;
#3816 = CARTESIAN_POINT ( 'NONE',  ( -19.20833333333333925, -1.500000000000001998, -0.8660254037844388186 ) ) ;
#3817 = CARTESIAN_POINT ( 'NONE',  ( 19.91666666666666430, 0.7500000000000002220, -1.299038105676658006 ) ) ;
#3818 = EDGE_CURVE ( 'NONE', #331, #2987, #85, .T. ) ;
#3819 = CARTESIAN_POINT ( 'NONE',  ( 22.04017090063073780, 0.4019237886466832665, 1.500000000000000222 ) ) ;
#3820 = CARTESIAN_POINT ( 'NONE',  ( -24.35416666666666075, 0.7500000000000008882, 1.299038105676659116 ) ) ;
#3821 = APPLICATION_CONTEXT ( 'configuration controlled 3d designs of mechanical parts and assemblies' ) ;
#3822 = CARTESIAN_POINT ( 'NONE',  ( 23.41666666666666430, 0.7500000000000002220, -1.299038105676658006 ) ) ;
#3823 = CARTESIAN_POINT ( 'NONE',  ( 20.39583333333333215, -1.175240473580827949, 0.6785254037844338226 ) ) ;
#3824 = CARTESIAN_POINT ( 'NONE',  ( -25.00000000000000000, -3.755786496842899057E-16, 2.250000000000000000 ) ) ;
#3825 = AXIS2_PLACEMENT_3D ( 'NONE', #3452, #5121, #2634 ) ;
#3826 = ORIENTED_EDGE ( 'NONE', *, *, #3585, .T. ) ;
#3827 = ORIENTED_EDGE ( 'NONE', *, *, #1536, .F. ) ;
#3828 = CARTESIAN_POINT ( 'NONE',  ( -19.47916666666666075, -1.175240473580833722, 0.6785254037844379305 ) ) ;
#3829 = CARTESIAN_POINT ( 'NONE',  ( 23.60416666666666430, 0.5876202367904140855, -1.017788105676651345 ) ) ;
#3830 = DIRECTION ( 'NONE',  ( 0.000000000000000000, 0.000000000000000000, 1.000000000000000000 ) ) ;
#3831 = EDGE_CURVE ( 'NONE', #5233, #4301, #5383, .T. ) ;
#3832 = VERTEX_POINT ( 'NONE', #3149 ) ;
#3833 = EDGE_CURVE ( 'NONE', #774, #4408, #2322, .T. ) ;
#3834 = ORIENTED_EDGE ( 'NONE', *, *, #5183, .F. ) ;
#3835 = CARTESIAN_POINT ( 'NONE',  ( 23.16666666666666430, 0.5876202367904140855, -1.017788105676651345 ) ) ;
#3836 = CARTESIAN_POINT ( 'NONE',  ( -24.18749999999998934, 1.175240473580833722, 0.000000000000000000 ) ) ;
#3837 = CARTESIAN_POINT ( 'NONE',  ( -21.62499999999999289, 8.309539638847769097E-17, 1.357050807568875195 ) ) ;
#3838 = CARTESIAN_POINT ( 'NONE',  ( 21.16666666666666785, 0.5876202367904140855, -1.017788105676651345 ) ) ;
#3839 = CARTESIAN_POINT ( 'NONE',  ( -21.43749999999999289, 1.500000000000001332, 0.000000000000000000 ) ) ;
#3840 = CARTESIAN_POINT ( 'NONE',  ( 23.56249999999999645, 8.309539638847728421E-17, -1.357050807568868311 ) ) ;
#3841 = CARTESIAN_POINT ( 'NONE',  ( 24.94975952641918227, -0.9519291851246267644, 0.6892176704426932199 ) ) ;
#3842 = CARTESIAN_POINT ( 'NONE',  ( -22.08333333333332149, -0.5876202367904166390, 1.017788105676656674 ) ) ;
#3843 = APPROVAL_DATE_TIME ( #1744, #3594 ) ;
#3844 = CARTESIAN_POINT ( 'NONE',  ( -20.33333333333332504, 0.5876202367904159729, -1.017788105676656896 ) ) ;
#3845 = CARTESIAN_POINT ( 'NONE',  ( -19.79166666666667496, -1.500000000000000888, 0.8660254037844398178 ) ) ;
#3846 = CARTESIAN_POINT ( 'NONE',  ( 24.47916666666666785, -1.175240473580827505, -0.6785254037844345998 ) ) ;
#3847 = CONICAL_SURFACE ( 'NONE', #2701, 1.550800000000000622, 0.7853981633974500554 ) ;
#3848 = CARTESIAN_POINT ( 'NONE',  ( -23.12556462521595790, -3.191347614756257162E-05, -1.499999999351781410 ) ) ;
#3849 = CARTESIAN_POINT ( 'NONE',  ( -22.18749999999999289, -1.500000000000001332, 1.836970198721031413E-16 ) ) ;
#3850 = CARTESIAN_POINT ( 'NONE',  ( 24.12499999999999645, -3.181725716174720005E-16, 1.732050807568877193 ) ) ;
#3851 = CARTESIAN_POINT ( 'NONE',  ( 24.54166666666666785, -1.175240473580827505, -0.6785254037844345998 ) ) ;
#3852 = CARTESIAN_POINT ( 'NONE',  ( -25.00000000000000000, 0.000000000000000000, 0.000000000000000000 ) ) ;
#3853 = ORIENTED_EDGE ( 'NONE', *, *, #3074, .F. ) ;
#3854 =( BOUNDED_CURVE ( )  B_SPLINE_CURVE ( 2, ( #5347, #1122, #2362, #1578, #4028, #3239, #1605, #3263, #2884 ),
 .UNSPECIFIED., .F., .F. ) 
 B_SPLINE_CURVE_WITH_KNOTS ( ( 3, 2, 2, 2, 3 ),
 ( 0.5681818181818182323, 0.5757575757575758013, 0.5909090909090909394, 0.6060606060606060774, 0.6136363636363636465 ),
 .UNSPECIFIED. ) 
 CURVE ( )  GEOMETRIC_REPRESENTATION_ITEM ( )  RATIONAL_B_SPLINE_CURVE ( ( 0.9330127018922194093, 0.9330127018922198534, 1.000000000000000000, 0.8660254037844387076, 1.000000000000000000, 0.8660254037844387076, 1.000000000000000000, 0.9330127018922194093, 0.9330127018922194093 ) ) 
 REPRESENTATION_ITEM ( '' )  );
#3855 = ORIENTED_EDGE ( 'NONE', *, *, #1142, .T. ) ;
#3856 = LINE ( 'NONE', #3801, #1564 ) ;
#3857 = CARTESIAN_POINT ( 'NONE',  ( 21.77083333333333215, 0.5876202367904130863, 1.017788105676651789 ) ) ;
#3858 = DIRECTION ( 'NONE',  ( -1.000000000000000000, -0.000000000000000000, -0.000000000000000000 ) ) ;
#3859 = EDGE_LOOP ( 'NONE', ( #2277, #1139, #719, #2610 ) ) ;
#3860 = EDGE_LOOP ( 'NONE', ( #229, #1815, #4387, #3254 ) ) ;
#3861 = CARTESIAN_POINT ( 'NONE',  ( 22.04166666666666785, -1.175240473580827505, -0.6785254037844345998 ) ) ;
#3862 = FACE_OUTER_BOUND ( 'NONE', #228, .T. ) ;
#3863 = CARTESIAN_POINT ( 'NONE',  ( -19.91666666666665719, -0.5876202367904174162, -1.017788105676656230 ) ) ;
#3864 = CARTESIAN_POINT ( 'NONE',  ( 20.04166666666666430, -1.175240473580827505, -0.6785254037844345998 ) ) ;
#3865 = CARTESIAN_POINT ( 'NONE',  ( -24.79903810567666156, 2.598076211353316456, 9.160418186769542995E-17 ) ) ;
#3866 = CARTESIAN_POINT ( 'NONE',  ( 23.10416666666666430, 0.5876202367904140855, -1.017788105676651345 ) ) ;
#3867 = CARTESIAN_POINT ( 'NONE',  ( 23.58333333333333215, -0.5876202367904137525, -1.017788105676651345 ) ) ;
#3868 = CARTESIAN_POINT ( 'NONE',  ( -21.70833333333332504, 1.175240473580833944, 0.6785254037844374864 ) ) ;
#3869 = CARTESIAN_POINT ( 'NONE',  ( -25.10416666666665719, 0.5876202367904169721, 1.017788105676656452 ) ) ;
#3870 = CARTESIAN_POINT ( 'NONE',  ( 22.97916666666666785, -1.175240473580827505, -0.6785254037844345998 ) ) ;
#3871 = CARTESIAN_POINT ( 'NONE',  ( 19.99999999999999645, 0.000000000000000000, 0.000000000000000000 ) ) ;
#3872 = CARTESIAN_POINT ( 'NONE',  ( -21.72916666666666075, 1.175240473580833500, -0.6785254037844382635 ) ) ;
#3873 = CARTESIAN_POINT ( 'NONE',  ( -23.60416666666665719, -0.7500000000000013323, -1.299038105676658894 ) ) ;
#3874 = CARTESIAN_POINT ( 'NONE',  ( 23.45833333333332860, 1.500000000000000222, -0.8660254037844384856 ) ) ;
#3875 = CARTESIAN_POINT ( 'NONE',  ( 25.08333333333333215, -0.5876202367904137525, -1.017788105676651345 ) ) ;
#3876 = EDGE_CURVE ( 'NONE', #4301, #1876, #648, .T. ) ;
#3877 = FACE_OUTER_BOUND ( 'NONE', #2350, .T. ) ;
#3878 = EDGE_LOOP ( 'NONE', ( #4764, #4077, #1062, #3941 ) ) ;
#3879 = EDGE_LOOP ( 'NONE', ( #3883, #2192, #3613 ) ) ;
#3880 = CARTESIAN_POINT ( 'NONE',  ( -19.14583333333332504, -1.500000000000002220, -0.8660254037844388186 ) ) ;
#3881 = CARTESIAN_POINT ( 'NONE',  ( 23.64583333333333215, 1.175240473580827727, -0.6785254037844341557 ) ) ;
#3882 = DIRECTION ( 'NONE',  ( 0.000000000000000000, 0.000000000000000000, -1.000000000000000000 ) ) ;
#3883 = ORIENTED_EDGE ( 'NONE', *, *, #878, .F. ) ;
#3884 = EDGE_CURVE ( 'NONE', #1534, #4020, #1895, .T. ) ;
#3885 = EDGE_LOOP ( 'NONE', ( #279, #168, #4272, #2331 ) ) ;
#3886 = CARTESIAN_POINT ( 'NONE',  ( 19.74999999999999645, 1.175240473580827949, 0.000000000000000000 ) ) ;
#3887 =( BOUNDED_CURVE ( )  B_SPLINE_CURVE ( 2, ( #4087, #321, #1968, #2421, #3627, #757, #3218, #2809, #347 ),
 .UNSPECIFIED., .F., .F. ) 
 B_SPLINE_CURVE_WITH_KNOTS ( ( 3, 2, 2, 2, 3 ),
 ( 0.3653846153846154188, 0.3717948717948718063, 0.3846153846153846367, 0.3974358974358974117, 0.4038461538461538547 ),
 .UNSPECIFIED. ) 
 CURVE ( )  GEOMETRIC_REPRESENTATION_ITEM ( )  RATIONAL_B_SPLINE_CURVE ( ( 0.9330127018922194093, 0.9330127018922196314, 1.000000000000000000, 0.8660254037844387076, 1.000000000000000000, 0.8660254037844387076, 1.000000000000000000, 0.9330127018922190762, 0.9330127018922194093 ) ) 
 REPRESENTATION_ITEM ( '' )  );
#3888 = CARTESIAN_POINT ( 'NONE',  ( -25.02083333333332504, -0.5876202367904166390, 1.017788105676656674 ) ) ;
#3889 = ORIENTED_EDGE ( 'NONE', *, *, #3264, .F. ) ;
#3890 = CARTESIAN_POINT ( 'NONE',  ( -20.58333333333332504, -0.5876202367904166390, 1.017788105676656674 ) ) ;
#3891 = CIRCLE ( 'NONE', #4421, 1.500000000000000666 ) ;
#3892 = CARTESIAN_POINT ( 'NONE',  ( 19.97916666666666785, 1.499999999999999778, 0.8660254037844394848 ) ) ;
#3893 = CARTESIAN_POINT ( 'NONE',  ( 23.31250000000000000, -2.492861891654318526E-16, 1.357050807568868311 ) ) ;
#3894 = CARTESIAN_POINT ( 'NONE',  ( 22.95833333333332860, -1.175240473580828393, 0.6785254037844338226 ) ) ;
#3895 = CARTESIAN_POINT ( 'NONE',  ( -21.62499999999998934, 8.309539638847769097E-17, 1.357050807568875195 ) ) ;
#3896 = CARTESIAN_POINT ( 'NONE',  ( -24.64583333333332504, 1.175240473580833944, 0.6785254037844374864 ) ) ;
#3897 = CARTESIAN_POINT ( 'NONE',  ( 21.77083333333333215, 0.5876202367904130863, 1.017788105676651789 ) ) ;
#3898 = CARTESIAN_POINT ( 'NONE',  ( -19.87500107753239220, 1.939558968521503882E-05, 1.499999999874604972 ) ) ;
#3899 = EDGE_CURVE ( 'NONE', #3832, #1357, #4138, .T. ) ;
#3900 = CARTESIAN_POINT ( 'NONE',  ( -23.20833333333333925, -1.500000000000002220, -0.8660254037844388186 ) ) ;
#3901 = CARTESIAN_POINT ( 'NONE',  ( -24.12591837925743476, -5.118420000964500524E-05, -1.499999998285742375 ) ) ;
#3902 = CARTESIAN_POINT ( 'NONE',  ( -21.77083333333332504, 0.5876202367904159729, -1.017788105676656896 ) ) ;
#3903 = CARTESIAN_POINT ( 'NONE',  ( -22.31249999999999645, 1.060575238724907778E-16, 1.732050807568878747 ) ) ;
#3904 = CARTESIAN_POINT ( 'NONE',  ( -24.91666666666667140, 0.7500000000000008882, 1.299038105676659116 ) ) ;
#3905 = CARTESIAN_POINT ( 'NONE',  ( -22.56249999999999289, 2.788906526875773602E-15, -1.500000000000001554 ) ) ;
#3906 = CARTESIAN_POINT ( 'NONE',  ( -19.56249999999998934, 8.309539638847769097E-17, 1.357050807568875195 ) ) ;
#3907 = CARTESIAN_POINT ( 'NONE',  ( -24.50000000000000355, 1.500000000000001332, 0.000000000000000000 ) ) ;
#3908 = ORIENTED_EDGE ( 'NONE', *, *, #1267, .F. ) ;
#3909 = EDGE_LOOP ( 'NONE', ( #5066, #109, #1926, #924, #5257, #5177 ) ) ;
#3910 = VECTOR ( 'NONE', #4072, 1000.000000000000000 ) ;
#3911 = CARTESIAN_POINT ( 'NONE',  ( -20.33482909936925154, 0.4019237886466845988, 1.500000000000001110 ) ) ;
#3912 = CARTESIAN_POINT ( 'NONE',  ( 22.89583333333333215, -1.175240473580827949, 0.6785254037844338226 ) ) ;
#3913 = FACE_OUTER_BOUND ( 'NONE', #4681, .T. ) ;
#3914 = EDGE_LOOP ( 'NONE', ( #1415, #4437, #530 ) ) ;
#3915 = AXIS2_PLACEMENT_3D ( 'NONE', #510, #2533, #3783 ) ;
#3916 = VERTEX_POINT ( 'NONE', #301 ) ;
#3917 = FACE_OUTER_BOUND ( 'NONE', #822, .T. ) ;
#3918 = EDGE_CURVE ( 'NONE', #1465, #2380, #470, .T. ) ;
#3919 = CYLINDRICAL_SURFACE ( 'NONE', #3649, 1.500000000000000666 ) ;
#3920 = ORIENTED_EDGE ( 'NONE', *, *, #5375, .F. ) ;
#3921 = EDGE_CURVE ( 'NONE', #2991, #5155, #650, .T. ) ;
#3922 = CARTESIAN_POINT ( 'NONE',  ( 20.97558019510840666, -0.4636402131237924440, -1.191866145883756278 ) ) ;
#3923 = DIRECTION ( 'NONE',  ( -1.000000000000000000, -0.000000000000000000, -0.000000000000000000 ) ) ;
#3924 = CARTESIAN_POINT ( 'NONE',  ( 21.14583333333333215, 1.175240473580827949, -0.6785254037844341557 ) ) ;
#3925 = CARTESIAN_POINT ( 'NONE',  ( 21.75000000000000000, 1.175240473580827949, 0.000000000000000000 ) ) ;
#3926 = CARTESIAN_POINT ( 'NONE',  ( -19.87499999999998934, -2.492861891654330359E-16, -1.357050807568875195 ) ) ;
#3927 = CARTESIAN_POINT ( 'NONE',  ( -23.93749999999998934, -1.175240473580833722, 1.439254484199187407E-16 ) ) ;
#3928 = CARTESIAN_POINT ( 'NONE',  ( 21.60416666666666430, 0.5876202367904140855, -1.017788105676651345 ) ) ;
#3929 = CARTESIAN_POINT ( 'NONE',  ( 19.91074498996844966, 1.511897080250298675, -1.881317441191444839 ) ) ;
#3930 = CARTESIAN_POINT ( 'NONE',  ( 23.14583333333332860, -1.500000000000000444, 0.8660254037844380415 ) ) ;
#3931 = CARTESIAN_POINT ( 'NONE',  ( 19.98075666599056532, -2.168904970561403633, -0.7433463941989678636 ) ) ;
#3932 = CARTESIAN_POINT ( 'NONE',  ( -22.66666666666667140, -0.7500000000000013323, -1.299038105676658894 ) ) ;
#3933 = CARTESIAN_POINT ( 'NONE',  ( -22.72916666666666075, 1.175240473580833500, -0.6785254037844382635 ) ) ;
#3934 = CARTESIAN_POINT ( 'NONE',  ( -21.97916666666665364, 1.500000000000000888, -0.8660254037844402619 ) ) ;
#3935 = EDGE_CURVE ( 'NONE', #1007, #2033, #1216, .T. ) ;
#3936 = DIRECTION ( 'NONE',  ( -1.000000000000000000, -0.000000000000000000, -0.000000000000000000 ) ) ;
#3937 = CARTESIAN_POINT ( 'NONE',  ( -24.54166666666666075, -1.175240473580833722, 0.6785254037844379305 ) ) ;
#3938 = CARTESIAN_POINT ( 'NONE',  ( -24.75000000000000355, -1.500000000000001332, 1.836970198721031413E-16 ) ) ;
#3939 = PLANE ( 'NONE',  #4150 ) ;
#3940 = VERTEX_POINT ( 'NONE', #1974 ) ;
#3941 = ORIENTED_EDGE ( 'NONE', *, *, #4292, .F. ) ;
#3942 = CARTESIAN_POINT ( 'NONE',  ( 24.93452075518489153, -1.190458243198986521, -0.09733445699869788803 ) ) ;
#3943 = CARTESIAN_POINT ( 'NONE',  ( 21.56250000000000000, 8.309539638847728421E-17, -1.357050807568868533 ) ) ;
#3944 = CARTESIAN_POINT ( 'NONE',  ( -18.81249999999999289, -2.492861891654330359E-16, -1.357050807568875195 ) ) ;
#3945 = ORIENTED_EDGE ( 'NONE', *, *, #1502, .T. ) ;
#3946 = CC_DESIGN_APPROVAL ( #2628, ( #5340 ) ) ;
#3947 = VERTEX_POINT ( 'NONE', #4461 ) ;
#3948 = CARTESIAN_POINT ( 'NONE',  ( 21.04166666666666785, -1.175240473580827505, -0.6785254037844345998 ) ) ;
#3949 = VERTEX_POINT ( 'NONE', #5230 ) ;
#3950 = CARTESIAN_POINT ( 'NONE',  ( -20.50000000000000355, 1.500000000000001332, 0.000000000000000000 ) ) ;
#3951 = CARTESIAN_POINT ( 'NONE',  ( -19.99999999999998934, -1.175240473580833722, 1.439254484199187407E-16 ) ) ;
#3952 = CARTESIAN_POINT ( 'NONE',  ( 19.99999999999999289, 2.058803302138242142, 0.9340480779059869842 ) ) ;
#3953 = CARTESIAN_POINT ( 'NONE',  ( 21.97916666666666430, -1.175240473580827727, -0.6785254037844345998 ) ) ;
#3954 = CARTESIAN_POINT ( 'NONE',  ( 21.66666666666666430, 0.5876202367904140855, -1.017788105676651345 ) ) ;
#3955 = CARTESIAN_POINT ( 'NONE',  ( 22.72916666666666430, 1.175240473580827505, 0.6785254037844348218 ) ) ;
#3956 = CARTESIAN_POINT ( 'NONE',  ( 19.79903810567665801, 2.598076211353316456, -6.186363472576506121E-17 ) ) ;
#3957 = CARTESIAN_POINT ( 'NONE',  ( 25.22916666666666075, -1.499999999999999778, -0.8660254037844391517 ) ) ;
#3958 = EDGE_CURVE ( 'NONE', #4408, #1011, #3891, .T. ) ;
#3959 = CARTESIAN_POINT ( 'NONE',  ( 22.27083333333332860, -0.7499999999999996669, -1.299038105676658228 ) ) ;
#3960 = CARTESIAN_POINT ( 'NONE',  ( -22.00000000000000711, 1.500000000000001332, 0.000000000000000000 ) ) ;
#3961 = CARTESIAN_POINT ( 'NONE',  ( -22.39583333333332504, -1.175240473580834166, -0.6785254037844371533 ) ) ;
#3962 = CARTESIAN_POINT ( 'NONE',  ( -20.85416666666666075, 0.7500000000000008882, 1.299038105676659116 ) ) ;
#3963 = CARTESIAN_POINT ( 'NONE',  ( -25.00000000000000000, -2.598076211353315124, -4.305486435875756105E-17 ) ) ;
#3964 = CARTESIAN_POINT ( 'NONE',  ( -24.66666666666665719, 0.5876202367904169721, 1.017788105676656452 ) ) ;
#3965 = CARTESIAN_POINT ( 'NONE',  ( -18.76420044154596312, 0.6811631514150506828, -0.9637810787373419785 ) ) ;
#3966 = CARTESIAN_POINT ( 'NONE',  ( 22.45833333333333215, 1.500000000000000000, -0.8660254037844384856 ) ) ;
#3967 = CARTESIAN_POINT ( 'NONE',  ( 19.79903810567665801, -1.299038105676656452, -2.249999999999999556 ) ) ;
#3968 = ORIENTED_EDGE ( 'NONE', *, *, #5343, .F. ) ;
#3969 = EDGE_LOOP ( 'NONE', ( #3889, #2719, #1137, #4798 ) ) ;
#3970 =( BOUNDED_SURFACE ( )  B_SPLINE_SURFACE ( 1, 2, ( 
 ( #4528, #4111, #3186, #3241, #4856, #728, #827, #1124, #4450, #4082, #370, #4885, #5349, #4912, #3294, #2417, #2829, #2365, #1607, #5321, #2776, #1174, #1964, #2476, #4135, #4969, #4500, #4476, #1991, #5378, #4031, #2805, #424, #2445, #752, #4057, #316, #2013, #3267, #2887, #2857, #4555, #399, #343, #1524, #5294, #4940, #3597, #1200, #802, #2039, #2390, #3701, #1580, #1550, #3650, #1634, #3214, #1147, #5269, #2067, #3782, #4584, #5076, #1739, #3404, #4665, #4249, #452, #853, #934, #1713, #907, #1310, #2971, #2938, #3023, #3755, #4690, #535, #2615, #2586, #1281, #2532, #2503, #4639, #2558, #5100, #1335, #3432, #2175, #4194, #15, #4165, #4222, #963, #2996, #509, #3838, #880, #120, #67, #3322, #4610, #1764, #4997, #2092, #95, #3729, #3378, #40, #1362, #4277, #1662, #1254, #2910, #1685, #3348, #5023, #5051, #2149, #3809, #481, #2120, #2642, #3864, #563, #988, #145, #2198, #1791, #3460, #5128 ),
 ( #1386, #3052, #4718, #1525, #1478, #3957, #3215, #291, #5295, #2750, #655, #1451, #4008, #3187, #1077, #2340, #4397, #4886, #1938, #2726, #1551, #4032, #4808, #318, #3114, #4451, #5194, #1884, #2289, #677, #3599, #729, #5270, #1149, #2366, #239, #2314, #3982, #4371, #702, #5245, #3548, #4782, #2262, #2704, #5220, #1965, #4857, #3141, #1125, #1051, #4425, #3164, #263, #1912, #3930, #2777, #1858, #2806, #623, #3624, #4831, #213, #3521, #3574, #1503, #1099, #3242, #854, #2392, #5024, #400, #3702, #4913, #4998, #1663, #1175, #2093, #3349, #3756, #1581, #1282, #3295, #4477, #16, #1255, #4058, #4112, #344, #2830, #1686, #1992, #5322, #4970, #1228, #371, #828, #2040, #4166, #1635, #5379, #4502, #2477, #803, #3651, #2888, #779, #753, #2418, #453, #4556, #5350, #2858, #2505, #4083, #3678, #2014, #3323, #1608, #4941, #3268, #4136, #425, #41, #3730, #1202, #2911, #4529, #2446, #2068, #4585, #3892, #4278 ) ),
 .UNSPECIFIED., .F., .F., .F. ) 
 B_SPLINE_SURFACE_WITH_KNOTS ( ( 2, 2 ),
 ( 3, 2, 2, 2, 2, 2, 2, 2, 2, 2, 2, 2, 2, 2, 2, 2, 2, 2, 2, 2, 2, 2, 2, 2, 2, 2, 2, 2, 2, 2, 2, 2, 2, 2, 2, 2, 2, 2, 2, 2, 2, 2, 2, 2, 2, 2, 2, 2, 2, 2, 2, 2, 2, 2, 2, 2, 2, 2, 2, 2, 2, 2, 2, 2, 2, 2, 3 ),
 ( 0.000000000000000000, 1.000000000000000000 ),
 ( 0.000000000000000000, 0.01515151515151515194, 0.03030303030303030387, 0.04545454545454545581, 0.06060606060606060774, 0.07575757575757575968, 0.09090909090909091161, 0.1060606060606060635, 0.1212121212121212155, 0.1363636363636363535, 0.1515151515151515194, 0.1666666666666666574, 0.1818181818181818232, 0.1969696969696969613, 0.2121212121212121271, 0.2272727272727272652, 0.2424242424242424310, 0.2575757575757575690, 0.2727272727272727071, 0.2878787878787879007, 0.3030303030303030387, 0.3181818181818181768, 0.3333333333333333148, 0.3484848484848485084, 0.3636363636363636465, 0.3787878787878787845, 0.3939393939393939226, 0.4090909090909091161, 0.4242424242424242542, 0.4393939393939393923, 0.4545454545454545303, 0.4696969696969697239, 0.4848484848484848619, 0.5000000000000000000, 0.5151515151515151381, 0.5303030303030302761, 0.5454545454545454142, 0.5606060606060605522, 0.5757575757575758013, 0.5909090909090909394, 0.6060606060606060774, 0.6212121212121212155, 0.6363636363636363535, 0.6515151515151514916, 0.6666666666666666297, 0.6818181818181817677, 0.6969696969696970168, 0.7121212121212121549, 0.7272727272727272929, 0.7424242424242424310, 0.7575757575757575690, 0.7727272727272727071, 0.7878787878787878451, 0.8030303030303029832, 0.8181818181818182323, 0.8333333333333333703, 0.8484848484848485084, 0.8636363636363636465, 0.8787878787878787845, 0.8939393939393939226, 0.9090909090909090606, 0.9242424242424241987, 0.9393939393939394478, 0.9545454545454545858, 0.9696969696969697239, 0.9848484848484848619, 1.000000000000000000 ),
 .UNSPECIFIED. ) 
 GEOMETRIC_REPRESENTATION_ITEM ( )  RATIONAL_B_SPLINE_SURFACE ( (
 ( 1.000000000000000000, 0.8660254037844387076, 1.000000000000000000, 0.8660254037844387076, 1.000000000000000000, 0.8660254037844387076, 1.000000000000000000, 0.8660254037844387076, 1.000000000000000000, 0.8660254037844387076, 1.000000000000000000, 0.8660254037844387076, 1.000000000000000000, 0.8660254037844387076, 1.000000000000000000, 0.8660254037844387076, 1.000000000000000000, 0.8660254037844387076, 1.000000000000000000, 0.8660254037844387076, 1.000000000000000000, 0.8660254037844387076, 1.000000000000000000, 0.8660254037844387076, 1.000000000000000000, 0.8660254037844387076, 1.000000000000000000, 0.8660254037844387076, 1.000000000000000000, 0.8660254037844387076, 1.000000000000000000, 0.8660254037844387076, 1.000000000000000000, 0.8660254037844387076, 1.000000000000000000, 0.8660254037844387076, 1.000000000000000000, 0.8660254037844387076, 1.000000000000000000, 0.8660254037844387076, 1.000000000000000000, 0.8660254037844387076, 1.000000000000000000, 0.8660254037844387076, 1.000000000000000000, 0.8660254037844387076, 1.000000000000000000, 0.8660254037844387076, 1.000000000000000000, 0.8660254037844387076, 1.000000000000000000, 0.8660254037844387076, 1.000000000000000000, 0.8660254037844387076, 1.000000000000000000, 0.8660254037844387076, 1.000000000000000000, 0.8660254037844387076, 1.000000000000000000, 0.8660254037844387076, 1.000000000000000000, 0.8660254037844387076, 1.000000000000000000, 0.8660254037844387076, 1.000000000000000000, 0.8660254037844387076, 1.000000000000000000, 0.8660254037844387076, 1.000000000000000000, 0.8660254037844387076, 1.000000000000000000, 0.8660254037844387076, 1.000000000000000000, 0.8660254037844387076, 1.000000000000000000, 0.8660254037844387076, 1.000000000000000000, 0.8660254037844387076, 1.000000000000000000, 0.8660254037844387076, 1.000000000000000000, 0.8660254037844387076, 1.000000000000000000, 0.8660254037844387076, 1.000000000000000000, 0.8660254037844387076, 1.000000000000000000, 0.8660254037844387076, 1.000000000000000000, 0.8660254037844387076, 1.000000000000000000, 0.8660254037844387076, 1.000000000000000000, 0.8660254037844387076, 1.000000000000000000, 0.8660254037844387076, 1.000000000000000000, 0.8660254037844387076, 1.000000000000000000, 0.8660254037844387076, 1.000000000000000000, 0.8660254037844387076, 1.000000000000000000, 0.8660254037844387076, 1.000000000000000000, 0.8660254037844387076, 1.000000000000000000, 0.8660254037844387076, 1.000000000000000000, 0.8660254037844387076, 1.000000000000000000, 0.8660254037844387076, 1.000000000000000000, 0.8660254037844387076, 1.000000000000000000, 0.8660254037844387076, 1.000000000000000000, 0.8660254037844387076, 1.000000000000000000, 0.8660254037844387076, 1.000000000000000000, 0.8660254037844387076, 1.000000000000000000, 0.8660254037844387076, 1.000000000000000000, 0.8660254037844387076, 1.000000000000000000, 0.8660254037844387076, 1.000000000000000000, 0.8660254037844387076, 1.000000000000000000, 0.8660254037844387076, 1.000000000000000000),
 ( 1.000000000000000000, 0.8660254037844387076, 1.000000000000000000, 0.8660254037844387076, 1.000000000000000000, 0.8660254037844387076, 1.000000000000000000, 0.8660254037844387076, 1.000000000000000000, 0.8660254037844387076, 1.000000000000000000, 0.8660254037844387076, 1.000000000000000000, 0.8660254037844387076, 1.000000000000000000, 0.8660254037844387076, 1.000000000000000000, 0.8660254037844387076, 1.000000000000000000, 0.8660254037844387076, 1.000000000000000000, 0.8660254037844387076, 1.000000000000000000, 0.8660254037844387076, 1.000000000000000000, 0.8660254037844387076, 1.000000000000000000, 0.8660254037844387076, 1.000000000000000000, 0.8660254037844387076, 1.000000000000000000, 0.8660254037844387076, 1.000000000000000000, 0.8660254037844387076, 1.000000000000000000, 0.8660254037844387076, 1.000000000000000000, 0.8660254037844387076, 1.000000000000000000, 0.8660254037844387076, 1.000000000000000000, 0.8660254037844387076, 1.000000000000000000, 0.8660254037844387076, 1.000000000000000000, 0.8660254037844387076, 1.000000000000000000, 0.8660254037844387076, 1.000000000000000000, 0.8660254037844387076, 1.000000000000000000, 0.8660254037844387076, 1.000000000000000000, 0.8660254037844387076, 1.000000000000000000, 0.8660254037844387076, 1.000000000000000000, 0.8660254037844387076, 1.000000000000000000, 0.8660254037844387076, 1.000000000000000000, 0.8660254037844387076, 1.000000000000000000, 0.8660254037844387076, 1.000000000000000000, 0.8660254037844387076, 1.000000000000000000, 0.8660254037844387076, 1.000000000000000000, 0.8660254037844387076, 1.000000000000000000, 0.8660254037844387076, 1.000000000000000000, 0.8660254037844387076, 1.000000000000000000, 0.8660254037844387076, 1.000000000000000000, 0.8660254037844387076, 1.000000000000000000, 0.8660254037844387076, 1.000000000000000000, 0.8660254037844387076, 1.000000000000000000, 0.8660254037844387076, 1.000000000000000000, 0.8660254037844387076, 1.000000000000000000, 0.8660254037844387076, 1.000000000000000000, 0.8660254037844387076, 1.000000000000000000, 0.8660254037844387076, 1.000000000000000000, 0.8660254037844387076, 1.000000000000000000, 0.8660254037844387076, 1.000000000000000000, 0.8660254037844387076, 1.000000000000000000, 0.8660254037844387076, 1.000000000000000000, 0.8660254037844387076, 1.000000000000000000, 0.8660254037844387076, 1.000000000000000000, 0.8660254037844387076, 1.000000000000000000, 0.8660254037844387076, 1.000000000000000000, 0.8660254037844387076, 1.000000000000000000, 0.8660254037844387076, 1.000000000000000000, 0.8660254037844387076, 1.000000000000000000, 0.8660254037844387076, 1.000000000000000000, 0.8660254037844387076, 1.000000000000000000, 0.8660254037844387076, 1.000000000000000000, 0.8660254037844387076, 1.000000000000000000, 0.8660254037844387076, 1.000000000000000000, 0.8660254037844387076, 1.000000000000000000, 0.8660254037844387076, 1.000000000000000000, 0.8660254037844387076, 1.000000000000000000, 0.8660254037844387076, 1.000000000000000000) ) ) 
 REPRESENTATION_ITEM ( '' )  SURFACE ( )  );
#3971 = EDGE_CURVE ( 'NONE', #2109, #4382, #1627, .T. ) ;
#3972 = CARTESIAN_POINT ( 'NONE',  ( 20.95833333333333215, -1.175240473580827949, 0.6785254037844338226 ) ) ;
#3973 = ORIENTED_EDGE ( 'NONE', *, *, #191, .F. ) ;
#3974 = CARTESIAN_POINT ( 'NONE',  ( -24.75000000000000355, -1.500000000000001332, 1.836970198721031413E-16 ) ) ;
#3975 = CARTESIAN_POINT ( 'NONE',  ( -20.41666666666666075, -0.5876202367904174162, -1.017788105676656230 ) ) ;
#3976 = CARTESIAN_POINT ( 'NONE',  ( 23.58482909936925864, -0.4019237886466832110, 1.500000000000000888 ) ) ;
#3977 = CARTESIAN_POINT ( 'NONE',  ( 22.39583333333332860, -1.175240473580828393, 0.6785254037844338226 ) ) ;
#3978 = CARTESIAN_POINT ( 'NONE',  ( 23.20833333333333215, 1.175240473580827949, -0.6785254037844341557 ) ) ;
#3979 = VECTOR ( 'NONE', #663, 1000.000000000000000 ) ;
#3980 = CARTESIAN_POINT ( 'NONE',  ( 21.27083333333333215, 0.5876202367904130863, 1.017788105676651789 ) ) ;
#3981 = CARTESIAN_POINT ( 'NONE',  ( -22.20833333333333570, -1.500000000000002220, -0.8660254037844388186 ) ) ;
#3982 = CARTESIAN_POINT ( 'NONE',  ( 23.89583333333333215, 1.500000000000000222, -0.8660254037844384856 ) ) ;
#3983 = LINE ( 'NONE', #4452, #4062 ) ;
#3984 = CARTESIAN_POINT ( 'NONE',  ( -24.62576432730605092, 2.031654492387762153E-11, 1.176564327306059754 ) ) ;
#3985 = CARTESIAN_POINT ( 'NONE',  ( -20.47916666666666075, -1.175240473580833722, 0.6785254037844379305 ) ) ;
#3986 = CARTESIAN_POINT ( 'NONE',  ( -20.14583333333332504, -1.500000000000001998, -0.8660254037844388186 ) ) ;
#3987 = CARTESIAN_POINT ( 'NONE',  ( 21.15562765058531625, -1.453157459754095493, 0.09986320524454252168 ) ) ;
#3988 = CARTESIAN_POINT ( 'NONE',  ( -25.24999999999999289, 1.175240473580833722, 0.000000000000000000 ) ) ;
#3989 = CARTESIAN_POINT ( 'NONE',  ( -20.02083333333332504, -0.5876202367904166390, 1.017788105676656674 ) ) ;
#3990 = EDGE_CURVE ( 'NONE', #5233, #2637, #5137, .T. ) ;
#3991 = CARTESIAN_POINT ( 'NONE',  ( -19.60416666666665719, -0.7500000000000013323, -1.299038105676658894 ) ) ;
#3992 = DIRECTION ( 'NONE',  ( 0.000000000000000000, 0.000000000000000000, -1.000000000000000000 ) ) ;
#3993 = DIRECTION ( 'NONE',  ( 0.000000000000000000, -0.6494796464049805707, 0.7603789771591935587 ) ) ;
#3994 = ORIENTED_EDGE ( 'NONE', *, *, #1109, .T. ) ;
#3995 = ORIENTED_EDGE ( 'NONE', *, *, #660, .F. ) ;
#3996 = CARTESIAN_POINT ( 'NONE',  ( 21.12499999999999645, 8.309539638847728421E-17, -1.357050807568868533 ) ) ;
#3997 = VECTOR ( 'NONE', #362, 1000.000000000000000 ) ;
#3998 = ORIENTED_EDGE ( 'NONE', *, *, #1436, .F. ) ;
#3999 = EDGE_CURVE ( 'NONE', #4071, #979, #3587, .T. ) ;
#4000 = CARTESIAN_POINT ( 'NONE',  ( 19.99999999999999645, 1.836970198721030181E-16, 1.500000000000000222 ) ) ;
#4001 = EDGE_CURVE ( 'NONE', #5096, #3947, #5332, .T. ) ;
#4002 = CARTESIAN_POINT ( 'NONE',  ( -23.35416666666665719, -0.5876202367904174162, -1.017788105676656230 ) ) ;
#4003 =( BOUNDED_CURVE ( )  B_SPLINE_CURVE ( 2, ( #3442, #2233, #2624, #519, #1774, #3900, #2158, #4675, #1748 ),
 .UNSPECIFIED., .F., .F. ) 
 B_SPLINE_CURVE_WITH_KNOTS ( ( 3, 2, 2, 2, 3 ),
 ( 0.2526580913265105144, 0.2591365116885044340, 0.2720933372729296695, 0.2850501628573549051, 0.2915280731806432768 ),
 .UNSPECIFIED. ) 
 CURVE ( )  GEOMETRIC_REPRESENTATION_ITEM ( )  RATIONAL_B_SPLINE_CURVE ( ( 0.9330127018923108917, 0.9330126236200850798, 1.000000000000000000, 0.8660254037844387076, 1.000000000000000000, 0.8660254037844387076, 1.000000000000000000, 0.9330178974604390607, 0.9330127022951902882 ) ) 
 REPRESENTATION_ITEM ( '' )  );
#4004 = CARTESIAN_POINT ( 'NONE',  ( 23.79017090063073425, -0.4019237886466838217, -1.499999999999999778 ) ) ;
#4005 = CARTESIAN_POINT ( 'NONE',  ( 22.31250000000000000, -2.492861891654318526E-16, 1.357050807568868311 ) ) ;
#4006 = CARTESIAN_POINT ( 'NONE',  ( 24.99999999999999645, 0.000000000000000000, 1.125000000000001776 ) ) ;
#4007 = CARTESIAN_POINT ( 'NONE',  ( -25.00000000000000000, -1.299038105676656452, -2.249999999999999556 ) ) ;
#4008 = CARTESIAN_POINT ( 'NONE',  ( 24.93749999999999645, 1.500000000000000000, 0.000000000000000000 ) ) ;
#4009 = CARTESIAN_POINT ( 'NONE',  ( 20.99479994131603178, 1.452555482747798669E-16, -1.292500414896861072 ) ) ;
#4010 = CARTESIAN_POINT ( 'NONE',  ( -24.82471146616678581, 1.207115714413088847, 0.6872024613657004011 ) ) ;
#4011 = CARTESIAN_POINT ( 'NONE',  ( -19.12499999999999645, 8.309539638847769097E-17, 1.357050807568875195 ) ) ;
#4012 = CARTESIAN_POINT ( 'NONE',  ( -19.68749999999998934, -1.500000000000001332, 1.836970198721031413E-16 ) ) ;
#4013 = CARTESIAN_POINT ( 'NONE',  ( -18.60000000000000142, 0.9398829573712773611, -1.100377697528502896 ) ) ;
#4014 = CARTESIAN_POINT ( 'NONE',  ( -23.87499999999998934, -2.492861891654330359E-16, -1.357050807568875195 ) ) ;
#4015 = CARTESIAN_POINT ( 'NONE',  ( -19.93749999999998934, -1.175240473580833722, 1.439254484199187407E-16 ) ) ;
#4016 = CARTESIAN_POINT ( 'NONE',  ( 19.98075666599056532, -1.728209346468576824, 1.506653605801019147 ) ) ;
#4017 = ORIENTED_EDGE ( 'NONE', *, *, #3571, .F. ) ;
#4018 = CARTESIAN_POINT ( 'NONE',  ( -23.43749999999998934, -1.175240473580833722, 1.439254484199187407E-16 ) ) ;
#4019 = CARTESIAN_POINT ( 'NONE',  ( 19.79903810567665801, 1.299038105676659560, -2.249999999999999556 ) ) ;
#4020 = VERTEX_POINT ( 'NONE', #4146 ) ;
#4021 = DIRECTION ( 'NONE',  ( 0.000000000000000000, 0.000000000000000000, -1.000000000000000000 ) ) ;
#4022 = EDGE_LOOP ( 'NONE', ( #4099, #2933, #4820, #3610 ) ) ;
#4023 = CARTESIAN_POINT ( 'NONE',  ( -23.31249999999999645, -2.492861891654330359E-16, -1.357050807568875195 ) ) ;
#4024 = CARTESIAN_POINT ( 'NONE',  ( -18.58333333333333570, 0.7499999999999995559, -1.299038105676659560 ) ) ;
#4025 = CARTESIAN_POINT ( 'NONE',  ( -22.52083333333332149, -0.5876202367904166390, 1.017788105676656674 ) ) ;
#4026 = CARTESIAN_POINT ( 'NONE',  ( 24.39583333333333215, 1.500000000000000000, -0.8660254037844384856 ) ) ;
#4027 = CARTESIAN_POINT ( 'NONE',  ( 19.79903810567665801, 1.299038105676659560, -2.249999999999999556 ) ) ;
#4028 = CARTESIAN_POINT ( 'NONE',  ( 21.75000000000000000, -1.500000000000000000, -1.836970198721029934E-16 ) ) ;
#4029 =( BOUNDED_CURVE ( )  B_SPLINE_CURVE ( 2, ( #3667, #2876, #817, #1595, #4929, #1115, #3772, #897, #3495 ),
 .UNSPECIFIED., .F., .F. ) 
 B_SPLINE_CURVE_WITH_KNOTS ( ( 3, 2, 2, 2, 3 ),
 ( 0.3692687118660692436, 0.3757479419483314431, 0.3887047675327566787, 0.4016615931171818588, 0.4081400880878836013 ),
 .UNSPECIFIED. ) 
 CURVE ( )  GEOMETRIC_REPRESENTATION_ITEM ( )  RATIONAL_B_SPLINE_CURVE ( ( 0.9330127029583432652, 0.9330042510487881469, 1.000000000000000000, 0.8660254037844387076, 1.000000000000000000, 0.8660254037844387076, 1.000000000000000000, 0.9330118521601744597, 0.9330127019029981206 ) ) 
 REPRESENTATION_ITEM ( '' )  );
#4030 = CARTESIAN_POINT ( 'NONE',  ( -24.04166666666666075, -1.175240473580833500, 0.6785254037844380415 ) ) ;
#4031 = CARTESIAN_POINT ( 'NONE',  ( 23.99999999999999645, -1.175240473580827949, -1.439254484199180504E-16 ) ) ;
#4032 = CARTESIAN_POINT ( 'NONE',  ( 24.56249999999999645, -3.181725716174720005E-16, 1.732050807568877193 ) ) ;
#4033 = CARTESIAN_POINT ( 'NONE',  ( 21.31249999999999289, 2.033577675846917841E-16, -1.499999999999999778 ) ) ;
#4034 = EDGE_CURVE ( 'NONE', #1876, #5233, #4870, .T. ) ;
#4035 = CARTESIAN_POINT ( 'NONE',  ( -24.94920000000000115, 0.000000000000000000, 0.000000000000000000 ) ) ;
#4036 = CARTESIAN_POINT ( 'NONE',  ( -21.39732915504861666, 0.4019247908750196996, 1.499999421363201968 ) ) ;
#4037 = CARTESIAN_POINT ( 'NONE',  ( -20.31249999999999289, 1.060575238724907778E-16, 1.732050807568878747 ) ) ;
#4038 = CARTESIAN_POINT ( 'NONE',  ( -22.87499999999998934, -2.492861891654330359E-16, -1.357050807568875195 ) ) ;
#4039 = CARTESIAN_POINT ( 'NONE',  ( -21.62500000000000711, -3.181725716174723456E-16, -1.732050807568878747 ) ) ;
#4040 = CARTESIAN_POINT ( 'NONE',  ( 21.83333333333332860, -0.7499999999999996669, -1.299038105676658228 ) ) ;
#4041 = CARTESIAN_POINT ( 'NONE',  ( -21.85267128697361727, -0.4019168344750271293, 1.500004014992879720 ) ) ;
#4042 = VERTEX_POINT ( 'NONE', #1318 ) ;
#4043 = CARTESIAN_POINT ( 'NONE',  ( -23.18749999999999289, 1.175240473580833722, 0.000000000000000000 ) ) ;
#4044 = CARTESIAN_POINT ( 'NONE',  ( 21.23808968672766895, -1.339385638901967379, -0.9587561484001078105 ) ) ;
#4045 = ORIENTED_EDGE ( 'NONE', *, *, #4807, .F. ) ;
#4046 = CARTESIAN_POINT ( 'NONE',  ( -21.37500011500637243, 2.159755337154971173E-06, 1.499999999998446132 ) ) ;
#4047 = ORIENTED_EDGE ( 'NONE', *, *, #512, .F. ) ;
#4048 = CARTESIAN_POINT ( 'NONE',  ( -23.64583333333332504, 1.175240473580833944, 0.6785254037844374864 ) ) ;
#4049 = CARTESIAN_POINT ( 'NONE',  ( -18.56948064062675385, 0.9742194696074711890, -1.140568465738791337 ) ) ;
#4050 = CARTESIAN_POINT ( 'NONE',  ( -22.97916666666665719, -1.175240473580833500, 0.6785254037844380415 ) ) ;
#4051 = EDGE_CURVE ( 'NONE', #690, #2761, #4390, .T. ) ;
#4052 = ORIENTED_EDGE ( 'NONE', *, *, #1339, .F. ) ;
#4053 = CARTESIAN_POINT ( 'NONE',  ( 22.56249999999999645, -6.391244124090313355E-16, 1.500000000000000000 ) ) ;
#4054 = CARTESIAN_POINT ( 'NONE',  ( -21.10267090060769846, 0.4019237890615265929, -1.499999999760492031 ) ) ;
#4055 = CARTESIAN_POINT ( 'NONE',  ( -24.76823637705674486, -0.6132536026585004851, -1.171298141552838512 ) ) ;
#4056 = CARTESIAN_POINT ( 'NONE',  ( -23.91666666666666075, -0.5876202367904174162, -1.017788105676656230 ) ) ;
#4057 = CARTESIAN_POINT ( 'NONE',  ( 23.79166666666666430, 1.175240473580827505, 0.6785254037844348218 ) ) ;
#4058 = CARTESIAN_POINT ( 'NONE',  ( 21.85416666666666430, 0.7500000000000002220, -1.299038105676658006 ) ) ;
#4059 = CARTESIAN_POINT ( 'NONE',  ( 22.29017090063073070, -0.4019237886466865417, -1.499999999999998446 ) ) ;
#4060 = DIRECTION ( 'NONE',  ( 0.000000000000000000, 0.000000000000000000, -1.000000000000000000 ) ) ;
#4061 = CARTESIAN_POINT ( 'NONE',  ( -21.62622106121219545, -6.978510182854183832E-05, -1.499999996966381977 ) ) ;
#4062 = VECTOR ( 'NONE', #731, 1000.000000000000000 ) ;
#4063 = CARTESIAN_POINT ( 'NONE',  ( -21.68749999999999289, -1.500000000000001332, 1.836970198721031413E-16 ) ) ;
#4064 = FACE_OUTER_BOUND ( 'NONE', #3562, .T. ) ;
#4065 = CARTESIAN_POINT ( 'NONE',  ( -21.49999999999999289, -1.175240473580833722, 1.439254484199187407E-16 ) ) ;
#4066 = CARTESIAN_POINT ( 'NONE',  ( -22.45833333333333925, 1.500000000000001554, 0.8660254037844392627 ) ) ;
#4067 = CARTESIAN_POINT ( 'NONE',  ( 21.29166666666666785, -1.499999999999999778, -0.8660254037844391517 ) ) ;
#4068 = EDGE_CURVE ( 'NONE', #4635, #3095, #5117, .T. ) ;
#4069 = CARTESIAN_POINT ( 'NONE',  ( -25.00000000000000000, 0.000000000000000000, 0.000000000000000000 ) ) ;
#4070 = CARTESIAN_POINT ( 'NONE',  ( 24.06249999999999645, -6.391244124090313355E-16, 1.500000000000000000 ) ) ;
#4071 = VERTEX_POINT ( 'NONE', #3306 ) ;
#4072 = DIRECTION ( 'NONE',  ( 1.000000000000000000, 0.000000000000000000, 0.000000000000000000 ) ) ;
#4073 = EDGE_LOOP ( 'NONE', ( #898, #5338 ) ) ;
#4074 = CARTESIAN_POINT ( 'NONE',  ( -23.14583333333332504, 1.175240473580833944, 0.6785254037844374864 ) ) ;
#4075 = LINE ( 'NONE', #770, #3997 ) ;
#4076 = CARTESIAN_POINT ( 'NONE',  ( -24.02083333333332504, -0.5876202367904166390, 1.017788105676656674 ) ) ;
#4077 = ORIENTED_EDGE ( 'NONE', *, *, #2870, .T. ) ;
#4078 = CARTESIAN_POINT ( 'NONE',  ( 22.54017090063073780, 0.4019237886466832665, 1.500000000000000222 ) ) ;
#4079 = DIRECTION ( 'NONE',  ( 0.000000000000000000, -0.8660254037844387076, 0.4999999999999999445 ) ) ;
#4080 = CARTESIAN_POINT ( 'NONE',  ( -24.79880812724844219, -1.207023298944121192, -0.6297216453187344243 ) ) ;
#4081 = CARTESIAN_POINT ( 'NONE',  ( -23.79166666666666075, 1.175240473580833056, -0.6785254037844382635 ) ) ;
#4082 = CARTESIAN_POINT ( 'NONE',  ( 24.87499999999999645, -2.492861891654318526E-16, 1.357050807568868533 ) ) ;
#4083 = CARTESIAN_POINT ( 'NONE',  ( 20.68749999999999645, -1.500000000000000000, -1.836970198721029934E-16 ) ) ;
#4084 = AXIS2_PLACEMENT_3D ( 'NONE', #1883, #3547, #1024 ) ;
#4085 = CARTESIAN_POINT ( 'NONE',  ( -21.16666666666667140, -0.7500000000000013323, -1.299038105676658894 ) ) ;
#4086 = CARTESIAN_POINT ( 'NONE',  ( 23.12500000000000000, 2.265986553086566003E-15, 1.499999999999999778 ) ) ;
#4087 = CARTESIAN_POINT ( 'NONE',  ( -23.06249999999999289, 2.788906526875773602E-15, -1.500000000000001554 ) ) ;
#4088 = CARTESIAN_POINT ( 'NONE',  ( -24.74999999999998934, 1.175240473580833722, 0.000000000000000000 ) ) ;
#4089 = APPROVAL ( #4645, 'UNSPECIFIED' ) ;
#4090 = CARTESIAN_POINT ( 'NONE',  ( 19.99999999999999645, 1.836970198721030181E-16, 1.500000000000000222 ) ) ;
#4091 = CARTESIAN_POINT ( 'NONE',  ( -22.37499999999999289, -2.492861891654330359E-16, -1.357050807568875195 ) ) ;
#4092 = CARTESIAN_POINT ( 'NONE',  ( -21.95833333333333570, 1.500000000000001554, 0.8660254037844392627 ) ) ;
#4093 = CARTESIAN_POINT ( 'NONE',  ( 22.79166666666666075, -1.499999999999999778, -0.8660254037844391517 ) ) ;
#4094 = CARTESIAN_POINT ( 'NONE',  ( 19.91112699135086928, -0.8715987694102754757, 2.249999999999999556 ) ) ;
#4095 = EDGE_CURVE ( 'NONE', #2959, #2248, #1769, .T. ) ;
#4096 = CARTESIAN_POINT ( 'NONE',  ( -24.39583333333332504, 1.500000000000001554, 0.8660254037844392627 ) ) ;
#4097 = CARTESIAN_POINT ( 'NONE',  ( -19.14732978607276692, -0.4019361493097071691, -1.499992863567878087 ) ) ;
#4098 = CARTESIAN_POINT ( 'NONE',  ( -24.87499779978601921, -3.960386377258890968E-05, 1.499999999477178880 ) ) ;
#4099 = ORIENTED_EDGE ( 'NONE', *, *, #4130, .F. ) ;
#4100 = CARTESIAN_POINT ( 'NONE',  ( 24.12499999999999645, -6.391244124090313355E-16, 1.499999999999999778 ) ) ;
#4101 = ORIENTED_EDGE ( 'NONE', *, *, #5074, .T. ) ;
#4102 = CARTESIAN_POINT ( 'NONE',  ( -20.43749999999998934, -1.175240473580833722, 1.439254484199187407E-16 ) ) ;
#4103 = CARTESIAN_POINT ( 'NONE',  ( 21.31249999999999289, 2.033577675846917841E-16, -1.499999999999999778 ) ) ;
#4104 = CARTESIAN_POINT ( 'NONE',  ( -23.77083333333332504, 0.5876202367904159729, -1.017788105676656896 ) ) ;
#4105 = CIRCLE ( 'NONE', #2980, 2.249999999999999556 ) ;
#4106 = VERTEX_POINT ( 'NONE', #595 ) ;
#4107 = CARTESIAN_POINT ( 'NONE',  ( 24.54017090063073780, 0.4019237886466832665, 1.500000000000000222 ) ) ;
#4108 = CARTESIAN_POINT ( 'NONE',  ( -20.95833333333333925, 1.500000000000001110, 0.8660254037844392627 ) ) ;
#4109 = CARTESIAN_POINT ( 'NONE',  ( -24.35267059183731320, -0.4019293469283850007, 1.499996790924564838 ) ) ;
#4110 = CARTESIAN_POINT ( 'NONE',  ( 20.60416666666666785, 0.5876202367904140855, -1.017788105676651345 ) ) ;
#4111 = CARTESIAN_POINT ( 'NONE',  ( 25.20833333333333215, 1.175240473580827727, -0.6785254037844341557 ) ) ;
#4112 = CARTESIAN_POINT ( 'NONE',  ( 21.81249999999999645, 1.060575238724906915E-16, -1.732050807568877193 ) ) ;
#4113 = CARTESIAN_POINT ( 'NONE',  ( -21.14732909934622285, -0.4019237882318419386, -1.500000000239510856 ) ) ;
#4114 = DIRECTION ( 'NONE',  ( -1.000000000000000000, 0.000000000000000000, 0.000000000000000000 ) ) ;
#4115 = CARTESIAN_POINT ( 'NONE',  ( -20.85416666666666075, 0.7500000000000008882, 1.299038105676659116 ) ) ;
#4116 = CARTESIAN_POINT ( 'NONE',  ( -19.02083333333332504, 0.7499999999999995559, -1.299038105676659560 ) ) ;
#4117 = CARTESIAN_POINT ( 'NONE',  ( 20.94063819699172768, -0.4305001023187638998, 1.177145349905833083 ) ) ;
#4118 = CARTESIAN_POINT ( 'NONE',  ( -21.54166666666665719, -1.175240473580833722, 0.6785254037844379305 ) ) ;
#4119 = CARTESIAN_POINT ( 'NONE',  ( -22.70833333333333570, -1.500000000000001998, -0.8660254037844388186 ) ) ;
#4120 = CARTESIAN_POINT ( 'NONE',  ( 21.95833333333332860, 1.500000000000000222, -0.8660254037844384856 ) ) ;
#4121 = CARTESIAN_POINT ( 'NONE',  ( -19.62612518940448680, -6.371588142641146856E-05, -1.499999997425524478 ) ) ;
#4122 = CARTESIAN_POINT ( 'NONE',  ( 24.86822643799763100, 0.8055636316667356134, 0.9796417629335174571 ) ) ;
#4123 = CARTESIAN_POINT ( 'NONE',  ( 24.49999999999999645, 1.500000000000000000, 0.000000000000000000 ) ) ;
#4124 = LINE ( 'NONE', #1297, #4946 ) ;
#4125 = DIRECTION ( 'NONE',  ( -1.000000000000000000, -0.000000000000000000, -0.000000000000000000 ) ) ;
#4126 = ORIENTED_EDGE ( 'NONE', *, *, #3692, .F. ) ;
#4127 = CARTESIAN_POINT ( 'NONE',  ( -20.14583333333332504, 1.175240473580833944, 0.6785254037844374864 ) ) ;
#4128 = DIRECTION ( 'NONE',  ( 0.000000000000000000, 0.000000000000000000, 1.000000000000000000 ) ) ;
#4129 = CARTESIAN_POINT ( 'NONE',  ( -20.64583333333332504, 1.175240473580833722, 0.6785254037844374864 ) ) ;
#4130 = EDGE_CURVE ( 'NONE', #1271, #3176, #5168, .T. ) ;
#4131 = VERTEX_POINT ( 'NONE', #1345 ) ;
#4132 = DIRECTION ( 'NONE',  ( 1.000000000000000000, 0.000000000000000000, 0.000000000000000000 ) ) ;
#4133 = CARTESIAN_POINT ( 'NONE',  ( 19.99999999999999645, 0.000000000000000000, 0.000000000000000000 ) ) ;
#4134 = CARTESIAN_POINT ( 'NONE',  ( -21.24999999999999289, 1.175240473580833722, 0.000000000000000000 ) ) ;
#4135 = CARTESIAN_POINT ( 'NONE',  ( 24.24999999999999645, 1.175240473580827949, 0.000000000000000000 ) ) ;
#4136 = CARTESIAN_POINT ( 'NONE',  ( 20.39583333333333215, 1.500000000000000222, -0.8660254037844384856 ) ) ;
#4137 = CARTESIAN_POINT ( 'NONE',  ( 22.83333333333333215, -0.7499999999999996669, -1.299038105676658228 ) ) ;
#4138 =( BOUNDED_CURVE ( )  B_SPLINE_CURVE ( 2, ( #2401, #4041, #1184, #353, #1923, #4433, #2349, #2323, #2375 ),
 .UNSPECIFIED., .F., .F. ) 
 B_SPLINE_CURVE_WITH_KNOTS ( ( 3, 2, 2, 2, 3 ),
 ( 0.4858808386549584024, 0.4923593722081583968, 0.5053161977925836323, 0.5182730233770087569, 0.5247503495362713100 ),
 .UNSPECIFIED. ) 
 CURVE ( )  GEOMETRIC_REPRESENTATION_ITEM ( )  RATIONAL_B_SPLINE_CURVE ( ( 0.9330127019154954571, 0.9330114532141060568, 1.000000000000000000, 0.8660254037844387076, 1.000000000000000000, 0.8660254037844387076, 1.000000000000000000, 0.9330239377624387487, 0.9330127037768269904 ) ) 
 REPRESENTATION_ITEM ( '' )  );
#4139 = CYLINDRICAL_SURFACE ( 'NONE', #1653, 1.500000000000000222 ) ;
#4140 = CARTESIAN_POINT ( 'NONE',  ( -24.79903810567669709, -1.299038105676706412, -2.249999999999999556 ) ) ;
#4141 = CARTESIAN_POINT ( 'NONE',  ( -24.62499999999999289, 8.309539638847769097E-17, 1.357050807568875195 ) ) ;
#4142 = CARTESIAN_POINT ( 'NONE',  ( -20.20833333333333925, -1.500000000000002220, -0.8660254037844388186 ) ) ;
#4143 = CARTESIAN_POINT ( 'NONE',  ( -23.54166666666665719, -1.175240473580833722, 0.6785254037844379305 ) ) ;
#4144 = CARTESIAN_POINT ( 'NONE',  ( -22.83333333333333570, -0.7500000000000003331, 1.299038105676659338 ) ) ;
#4145 = CARTESIAN_POINT ( 'NONE',  ( 19.54166666666666430, 1.499999999999999778, 0.8660254037844394848 ) ) ;
#4146 = CARTESIAN_POINT ( 'NONE',  ( -25.00000000000000000, 1.948557158514986565, 1.125000000000000222 ) ) ;
#4147 =( GEOMETRIC_REPRESENTATION_CONTEXT ( 3 ) GLOBAL_UNCERTAINTY_ASSIGNED_CONTEXT ( ( #4263 ) ) GLOBAL_UNIT_ASSIGNED_CONTEXT ( ( #541, #46, #912 ) ) REPRESENTATION_CONTEXT ( 'NONE', 'WORKASPACE' ) );
#4148 = CARTESIAN_POINT ( 'NONE',  ( -18.60000000000000142, 0.000000000000000000, 1.500000000000000666 ) ) ;
#4149 = EDGE_CURVE ( 'NONE', #691, #5116, #4003, .T. ) ;
#4150 = AXIS2_PLACEMENT_3D ( 'NONE', #1808, #3473, #3530 ) ;
#4151 = CARTESIAN_POINT ( 'NONE',  ( 24.39732909936925509, 0.4019237886466838772, -1.499999999999999778 ) ) ;
#4152 = CARTESIAN_POINT ( 'NONE',  ( 19.92172769284587019, -2.385571612819396670, 0.3680687615027733450 ) ) ;
#4153 = CARTESIAN_POINT ( 'NONE',  ( -23.95833333333333925, 1.500000000000001110, 0.8660254037844392627 ) ) ;
#4154 = EDGE_LOOP ( 'NONE', ( #582, #902, #3945, #3538 ) ) ;
#4155 = CARTESIAN_POINT ( 'NONE',  ( -19.89583333333332504, -1.175240473580834166, -0.6785254037844371533 ) ) ;
#4156 = DIRECTION ( 'NONE',  ( 0.000000000000000000, 0.000000000000000000, 1.000000000000000000 ) ) ;
#4157 = CARTESIAN_POINT ( 'NONE',  ( -21.89583333333332149, -1.175240473580834166, -0.6785254037844372643 ) ) ;
#4158 = ORIENTED_EDGE ( 'NONE', *, *, #1837, .F. ) ;
#4159 = VECTOR ( 'NONE', #4498, 1000.000000000000000 ) ;
#4160 = CARTESIAN_POINT ( 'NONE',  ( 22.45833333333333215, -1.175240473580827949, 0.6785254037844338226 ) ) ;
#4161 = CARTESIAN_POINT ( 'NONE',  ( -25.00000000000000000, 1.948557158514987231, -1.124999999999999112 ) ) ;
#4162 = DIRECTION ( 'NONE',  ( -1.000000000000000000, -0.000000000000000000, -0.000000000000000000 ) ) ;
#4163 = EDGE_CURVE ( 'NONE', #768, #4384, #4707, .T. ) ;
#4164 = CARTESIAN_POINT ( 'NONE',  ( -23.49999999999998934, -1.175240473580833722, 1.439254484199187407E-16 ) ) ;
#4165 = CARTESIAN_POINT ( 'NONE',  ( 21.37500000000000000, -2.492861891654318526E-16, 1.357050807568868533 ) ) ;
#4166 = CARTESIAN_POINT ( 'NONE',  ( 21.35416666666666785, 0.7500000000000002220, -1.299038105676658006 ) ) ;
#4167 = FACE_OUTER_BOUND ( 'NONE', #338, .T. ) ;
#4168 = DIRECTION ( 'NONE',  ( 0.000000000000000000, 0.8660254037844389297, -0.4999999999999996114 ) ) ;
#4169 = CARTESIAN_POINT ( 'NONE',  ( 24.74999999999999645, 1.175240473580827949, 0.000000000000000000 ) ) ;
#4170 = CARTESIAN_POINT ( 'NONE',  ( -23.58333333333332504, -0.5876202367904166390, 1.017788105676656674 ) ) ;
#4171 = CALENDAR_DATE ( 2026, 8, 1 ) ;
#4172 = CARTESIAN_POINT ( 'NONE',  ( -19.70833333333332504, 1.175240473580833944, 0.6785254037844374864 ) ) ;
#4173 = CARTESIAN_POINT ( 'NONE',  ( -19.37500000000000355, 1.060575238724907778E-16, 1.732050807568878747 ) ) ;
#4174 = CARTESIAN_POINT ( 'NONE',  ( 20.29166666666666785, -1.499999999999999778, -0.8660254037844391517 ) ) ;
#4175 = VECTOR ( 'NONE', #2939, 1000.000000000000000 ) ;
#4176 =( BOUNDED_CURVE ( )  B_SPLINE_CURVE ( 2, ( #1266, #865, #1239, #383, #2899, #4181, #1799, #3688, #436 ),
 .UNSPECIFIED., .F., .F. ) 
 B_SPLINE_CURVE_WITH_KNOTS ( ( 3, 2, 2, 2, 3 ),
 ( 0.2884615384615384914, 0.2948717948717948789, 0.3076923076923077094, 0.3205128205128205399, 0.3269230769230769273 ),
 .UNSPECIFIED. ) 
 CURVE ( )  GEOMETRIC_REPRESENTATION_ITEM ( )  RATIONAL_B_SPLINE_CURVE ( ( 0.9330127018922194093, 0.9330127018922196314, 1.000000000000000000, 0.8660254037844387076, 1.000000000000000000, 0.8660254037844387076, 1.000000000000000000, 0.9330127018922194093, 0.9330127018922194093 ) ) 
 REPRESENTATION_ITEM ( '' )  );
#4177 = DIRECTION ( 'NONE',  ( -1.000000000000000000, 0.000000000000000000, 0.000000000000000000 ) ) ;
#4178 = CARTESIAN_POINT ( 'NONE',  ( -25.14583333333332860, -1.500000000000001998, -0.8660254037844388186 ) ) ;
#4179 = CIRCLE ( 'NONE', #4705, 2.249999999999999556 ) ;
#4180 = CARTESIAN_POINT ( 'NONE',  ( 23.58333333333333215, 0.7499999999999988898, 1.299038105676658672 ) ) ;
#4181 = CARTESIAN_POINT ( 'NONE',  ( -23.39583333333332504, 1.500000000000001110, 0.8660254037844392627 ) ) ;
#4182 = CARTESIAN_POINT ( 'NONE',  ( -24.56249999999998934, -6.391244124090313355E-16, -1.500000000000001332 ) ) ;
#4183 = CARTESIAN_POINT ( 'NONE',  ( -20.62591874435326034, -5.120537220594853891E-05, -1.499999998284378355 ) ) ;
#4184 = EDGE_LOOP ( 'NONE', ( #3560, #1039, #3368, #1734 ) ) ;
#4185 = CARTESIAN_POINT ( 'NONE',  ( -20.60416666666666075, 0.5876202367904169721, 1.017788105676656452 ) ) ;
#4186 = CARTESIAN_POINT ( 'NONE',  ( 24.16666666666666785, -0.7500000000000006661, 1.299038105676657562 ) ) ;
#4187 = CARTESIAN_POINT ( 'NONE',  ( -20.47916666666666075, -1.175240473580833500, 0.6785254037844380415 ) ) ;
#4188 = EDGE_CURVE ( 'NONE', #5095, #3474, #2839, .T. ) ;
#4189 = VERTEX_POINT ( 'NONE', #570 ) ;
#4190 = CARTESIAN_POINT ( 'NONE',  ( 22.95833333333332860, -1.175240473580827949, 0.6785254037844338226 ) ) ;
#4191 = CARTESIAN_POINT ( 'NONE',  ( 19.99999999999999645, -1.948557158514986565, -1.125000000000000444 ) ) ;
#4192 = FACE_OUTER_BOUND ( 'NONE', #3878, .T. ) ;
#4193 = CARTESIAN_POINT ( 'NONE',  ( -23.20833333333332149, 1.175240473580833722, 0.6785254037844374864 ) ) ;
#4194 = CARTESIAN_POINT ( 'NONE',  ( 21.45833333333333215, -1.175240473580827949, 0.6785254037844338226 ) ) ;
#4195 = CARTESIAN_POINT ( 'NONE',  ( 21.62500000000000000, -6.391244124090313355E-16, 1.500000000000000000 ) ) ;
#4196 = CARTESIAN_POINT ( 'NONE',  ( -21.33333333333333925, -0.7500000000000003331, 1.299038105676659338 ) ) ;
#4197 = CARTESIAN_POINT ( 'NONE',  ( -22.47916666666665719, 1.500000000000000888, -0.8660254037844402619 ) ) ;
#4198 = CARTESIAN_POINT ( 'NONE',  ( -20.60267351647355483, 0.4018767034761147605, -1.500027184635904121 ) ) ;
#4199 = CARTESIAN_POINT ( 'NONE',  ( -22.79166666666665719, 1.175240473580833500, -0.6785254037844382635 ) ) ;
#4200 = APPLICATION_PROTOCOL_DEFINITION ( 'international standard', 'config_control_design', 1994, #1389 ) ;
#4201 = CARTESIAN_POINT ( 'NONE',  ( -19.16666666666665719, 0.5876202367904169721, 1.017788105676656452 ) ) ;
#4202 = CARTESIAN_POINT ( 'NONE',  ( -19.29166666666667140, -1.500000000000000888, 0.8660254037844398178 ) ) ;
#4203 = CARTESIAN_POINT ( 'NONE',  ( 23.93749999999999645, -1.175240473580827949, -1.439254484199180504E-16 ) ) ;
#4204 = EDGE_CURVE ( 'NONE', #2992, #2987, #4257, .T. ) ;
#4205 = CARTESIAN_POINT ( 'NONE',  ( -21.83482909936925154, 0.4019237886466845988, 1.500000000000001110 ) ) ;
#4206 = CARTESIAN_POINT ( 'NONE',  ( -25.02083333333332504, 0.7499999999999995559, -1.299038105676659560 ) ) ;
#4207 = CARTESIAN_POINT ( 'NONE',  ( 24.49999999999999645, 1.500000000000000000, 0.000000000000000000 ) ) ;
#4208 = CARTESIAN_POINT ( 'NONE',  ( 20.81250000000000000, -2.492861891654318526E-16, 1.357050807568868533 ) ) ;
#4209 =( BOUNDED_CURVE ( )  B_SPLINE_CURVE ( 2, ( #146, #2587, #1765, #2176, #3839, #3810, #174, #4640, #1822 ),
 .UNSPECIFIED., .F., .F. ) 
 B_SPLINE_CURVE_WITH_KNOTS ( ( 3, 2, 2, 2, 3 ),
 ( 0.5961538461538461453, 0.6025641025641025328, 0.6153846153846154188, 0.6282051282051281937, 0.6346153846153846922 ),
 .UNSPECIFIED. ) 
 CURVE ( )  GEOMETRIC_REPRESENTATION_ITEM ( )  RATIONAL_B_SPLINE_CURVE ( ( 0.9330127018922194093, 0.9330127018922194093, 1.000000000000000000, 0.8660254037844387076, 1.000000000000000000, 0.8660254037844387076, 1.000000000000000000, 0.9330127018922187432, 0.9330127018922192983 ) ) 
 REPRESENTATION_ITEM ( '' )  );
#4210 = CARTESIAN_POINT ( 'NONE',  ( -19.43749999999998934, 1.500000000000001332, 0.000000000000000000 ) ) ;
#4211 = CYLINDRICAL_SURFACE ( 'NONE', #3280, 1.500000000000000666 ) ;
#4212 = CARTESIAN_POINT ( 'NONE',  ( -24.29017090063072715, -0.4019237886466842102, 1.500000000000001110 ) ) ;
#4213 = EDGE_LOOP ( 'NONE', ( #1902, #3395, #4906 ) ) ;
#4214 = CARTESIAN_POINT ( 'NONE',  ( -22.10416666666665719, 0.5876202367904169721, 1.017788105676656452 ) ) ;
#4215 = CARTESIAN_POINT ( 'NONE',  ( 24.47916666666666785, -1.175240473580827505, -0.6785254037844345998 ) ) ;
#4216 = CARTESIAN_POINT ( 'NONE',  ( -20.02083333333332504, -0.5876202367904166390, 1.017788105676656674 ) ) ;
#4217 = ORIENTED_EDGE ( 'NONE', *, *, #525, .F. ) ;
#4218 = CARTESIAN_POINT ( 'NONE',  ( 22.83333333333333215, 0.5876202367904130863, 1.017788105676651789 ) ) ;
#4219 = CARTESIAN_POINT ( 'NONE',  ( -24.79903810567666156, 1.299038105676659782, -2.249999999999999556 ) ) ;
#4220 = EDGE_CURVE ( 'NONE', #2033, #2248, #1801, .T. ) ;
#4221 = CARTESIAN_POINT ( 'NONE',  ( -21.79166666666665364, 1.175240473580833056, -0.6785254037844382635 ) ) ;
#4222 = CARTESIAN_POINT ( 'NONE',  ( 21.33333333333333215, 0.5876202367904130863, 1.017788105676651789 ) ) ;
#4223 = CARTESIAN_POINT ( 'NONE',  ( -25.00000000000001066, -0.2200354697423008987, 2.250000000000000000 ) ) ;
#4224 = CARTESIAN_POINT ( 'NONE',  ( 19.99999999999999645, 0.000000000000000000, -1.500000000000000222 ) ) ;
#4225 = CARTESIAN_POINT ( 'NONE',  ( 24.93206891898562461, -0.8048364405049563963, 0.8923782719897116467 ) ) ;
#4226 = CARTESIAN_POINT ( 'NONE',  ( -21.74999999999999289, 1.175240473580833722, 0.000000000000000000 ) ) ;
#4227 = PERSON_AND_ORGANIZATION_ROLE ( 'creator' ) ;
#4228 = CARTESIAN_POINT ( 'NONE',  ( -20.20833333333332149, 1.175240473580833944, 0.6785254037844374864 ) ) ;
#4229 = CARTESIAN_POINT ( 'NONE',  ( -19.50000000000000355, 1.500000000000001332, 0.000000000000000000 ) ) ;
#4230 = CARTESIAN_POINT ( 'NONE',  ( 24.89583333333333570, -1.175240473580827949, 0.6785254037844338226 ) ) ;
#4231 = CARTESIAN_POINT ( 'NONE',  ( -19.41666666666667140, 0.7500000000000008882, 1.299038105676659116 ) ) ;
#4232 = CARTESIAN_POINT ( 'NONE',  ( -23.18749999999999289, -1.500000000000001332, 1.836970198721031413E-16 ) ) ;
#4233 = EDGE_CURVE ( 'NONE', #5116, #2083, #1186, .T. ) ;
#4234 = CARTESIAN_POINT ( 'NONE',  ( 23.70833333333333215, -1.500000000000000444, 0.8660254037844380415 ) ) ;
#4235 = CARTESIAN_POINT ( 'NONE',  ( 25.12500000000000000, 8.309539638847728421E-17, -1.357050807568868533 ) ) ;
#4236 = VECTOR ( 'NONE', #1631, 1000.000000000000000 ) ;
#4237 = FACE_OUTER_BOUND ( 'NONE', #640, .T. ) ;
#4238 = AXIS2_PLACEMENT_3D ( 'NONE', #2342, #3549, #1966 ) ;
#4239 =( BOUNDED_CURVE ( )  B_SPLINE_CURVE ( 1, ( #2381, #2845 ),
 .UNSPECIFIED., .F., .F. ) 
 B_SPLINE_CURVE_WITH_KNOTS ( ( 2, 2 ),
 ( 0.000000000000000000, 1.000000000000000000 ),
 .UNSPECIFIED. ) 
 CURVE ( )  GEOMETRIC_REPRESENTATION_ITEM ( )  RATIONAL_B_SPLINE_CURVE ( ( 0.9605540132970020739, 0.9605540132970020739 ) ) 
 REPRESENTATION_ITEM ( '' )  );
#4240 = ORIENTED_EDGE ( 'NONE', *, *, #1269, .T. ) ;
#4241 = CARTESIAN_POINT ( 'NONE',  ( 23.87499999999999645, -1.191095495853194869E-15, -1.499999999999999778 ) ) ;
#4242 = CARTESIAN_POINT ( 'NONE',  ( 22.93750000000000000, -1.175240473580827949, -1.439254484199180504E-16 ) ) ;
#4243 = CARTESIAN_POINT ( 'NONE',  ( -18.60000000000000142, 0.000000000000000000, 0.000000000000000000 ) ) ;
#4244 = ORIENTED_EDGE ( 'NONE', *, *, #2832, .F. ) ;
#4245 = ORIENTED_EDGE ( 'NONE', *, *, #3598, .T. ) ;
#4246 = CARTESIAN_POINT ( 'NONE',  ( 24.33333333333333215, 0.5876202367904130863, 1.017788105676651789 ) ) ;
#4247 = CARTESIAN_POINT ( 'NONE',  ( -18.60000000000000142, 1.836970198721030427E-16, -1.500000000000000666 ) ) ;
#4248 = CARTESIAN_POINT ( 'NONE',  ( -22.62499999999999289, 8.309539638847769097E-17, 1.357050807568875195 ) ) ;
#4249 = CARTESIAN_POINT ( 'NONE',  ( 22.45833333333333215, -1.175240473580827949, 0.6785254037844338226 ) ) ;
#4250 = CARTESIAN_POINT ( 'NONE',  ( 23.68749999999999645, 1.175240473580827949, 0.000000000000000000 ) ) ;
#4251 = CARTESIAN_POINT ( 'NONE',  ( -21.18749999999998934, -1.500000000000001332, 1.836970198721031413E-16 ) ) ;
#4252 = CARTESIAN_POINT ( 'NONE',  ( -20.62499999999998934, 8.309539638847769097E-17, 1.357050807568875195 ) ) ;
#4253 = PERSON_AND_ORGANIZATION_ROLE ( 'classification_officer' ) ;
#4254 = CARTESIAN_POINT ( 'NONE',  ( -20.58333333333332504, -0.5876202367904166390, 1.017788105676656674 ) ) ;
#4255 = CARTESIAN_POINT ( 'NONE',  ( -20.25000000000000355, -1.500000000000001332, 1.836970198721031413E-16 ) ) ;
#4256 = CARTESIAN_POINT ( 'NONE',  ( 20.08333333333333215, 0.7499999999999988898, 1.299038105676658672 ) ) ;
#4257 = LINE ( 'NONE', #1424, #3459 ) ;
#4258 = AXIS2_PLACEMENT_3D ( 'NONE', #443, #2494, #4156 ) ;
#4259 = CARTESIAN_POINT ( 'NONE',  ( -24.02083333333332504, 0.7499999999999995559, -1.299038105676659560 ) ) ;
#4260 = AXIS2_PLACEMENT_3D ( 'NONE', #5092, #3450, #527 ) ;
#4261 = CARTESIAN_POINT ( 'NONE',  ( 24.62499999999999645, 0.000000000000000000, 1.500000000000000222 ) ) ;
#4262 = CARTESIAN_POINT ( 'NONE',  ( 20.43749999999999645, -1.175240473580827949, -1.439254484199180504E-16 ) ) ;
#4263 = UNCERTAINTY_MEASURE_WITH_UNIT (LENGTH_MEASURE( 1.000000000000000082E-05 ), #541, 'distance_accuracy_value', 'NONE');
#4264 = CARTESIAN_POINT ( 'NONE',  ( -25.00000000000000000, -3.755786496842899057E-16, 2.250000000000000000 ) ) ;
#4265 = CIRCLE ( 'NONE', #2873, 2.249999999999999556 ) ;
#4266 = EDGE_LOOP ( 'NONE', ( #740, #4245, #3342, #471 ) ) ;
#4267 = VERTEX_POINT ( 'NONE', #214 ) ;
#4268 = CARTESIAN_POINT ( 'NONE',  ( -19.60416666666665719, 0.5876202367904169721, 1.017788105676656452 ) ) ;
#4269 = CARTESIAN_POINT ( 'NONE',  ( 22.31250000000000000, -2.492861891654318526E-16, 1.357050807568868533 ) ) ;
#4270 = CARTESIAN_POINT ( 'NONE',  ( -19.27083333333332504, 0.5876202367904159729, -1.017788105676656896 ) ) ;
#4271 = ORIENTED_EDGE ( 'NONE', *, *, #149, .T. ) ;
#4272 = ORIENTED_EDGE ( 'NONE', *, *, #3534, .F. ) ;
#4273 = CARTESIAN_POINT ( 'NONE',  ( 22.08333333333332860, -0.5876202367904137525, -1.017788105676651345 ) ) ;
#4274 =( BOUNDED_CURVE ( )  B_SPLINE_CURVE ( 2, ( #4061, #1127, #2780, #5382, #2369, #2753, #1639, #4036, #3298 ),
 .UNSPECIFIED., .F., .F. ) 
 B_SPLINE_CURVE_WITH_KNOTS ( ( 3, 2, 2, 2, 3 ),
 ( 0.5247503495362713100, 0.5312298489614339925, 0.5441866745458592280, 0.5571435001302844636, 0.5636218955185164914 ),
 .UNSPECIFIED. ) 
 CURVE ( )  GEOMETRIC_REPRESENTATION_ITEM ( )  RATIONAL_B_SPLINE_CURVE ( ( 0.9330127037768269904, 0.9330014660219998479, 1.000000000000000000, 0.8660254037844387076, 1.000000000000000000, 0.8660254037844387076, 1.000000000000000000, 0.9330128818507485988, 0.9330127018927028004 ) ) 
 REPRESENTATION_ITEM ( '' )  );
#4275 = CARTESIAN_POINT ( 'NONE',  ( -24.72916666666665719, 1.175240473580833500, -0.6785254037844382635 ) ) ;
#4276 = CARTESIAN_POINT ( 'NONE',  ( -20.70833333333332504, 1.175240473580833722, 0.6785254037844374864 ) ) ;
#4277 = CARTESIAN_POINT ( 'NONE',  ( 20.58333333333333215, -0.5876202367904137525, -1.017788105676651345 ) ) ;
#4278 = CARTESIAN_POINT ( 'NONE',  ( 19.93749999999999645, 1.500000000000000000, 0.000000000000000000 ) ) ;
#4279 = CARTESIAN_POINT ( 'NONE',  ( 23.47916666666666430, -1.175240473580827727, -0.6785254037844345998 ) ) ;
#4280 = CARTESIAN_POINT ( 'NONE',  ( 22.66666666666666430, 0.5876202367904140855, -1.017788105676651345 ) ) ;
#4281 = CARTESIAN_POINT ( 'NONE',  ( -21.08333333333332504, -0.5876202367904166390, 1.017788105676656674 ) ) ;
#4282 = DATE_TIME_ROLE ( 'classification_date' ) ;
#4283 = CARTESIAN_POINT ( 'NONE',  ( -19.49999999999998934, -1.175240473580833722, 1.439254484199187407E-16 ) ) ;
#4284 = CARTESIAN_POINT ( 'NONE',  ( 21.02083333333333215, -0.5876202367904137525, -1.017788105676651345 ) ) ;
#4285 = B_SPLINE_CURVE_WITH_KNOTS ( 'NONE', 3,
 ( #2668, #3952, #4418, #4335, #1445, #698 ),
 .UNSPECIFIED., .F., .F.,
 ( 4, 2, 4 ),
 ( 0.001314652396222795380, 0.001969405109320635037, 0.002624157822418474693 ),
 .UNSPECIFIED. ) ;
#4286 = DIRECTION ( 'NONE',  ( 1.000000000000000000, 0.000000000000000000, 0.000000000000000000 ) ) ;
#4287 = CARTESIAN_POINT ( 'NONE',  ( -20.60416666666666075, 0.5876202367904169721, 1.017788105676656452 ) ) ;
#4288 = CARTESIAN_POINT ( 'NONE',  ( -22.93749999999999289, 1.500000000000001332, 0.000000000000000000 ) ) ;
#4289 = LOCAL_TIME ( 18, 19, 20.00000000000000000, #5003 ) ;
#4290 = CARTESIAN_POINT ( 'NONE',  ( 24.29166666666666785, -1.499999999999999778, -0.8660254037844391517 ) ) ;
#4291 = CARTESIAN_POINT ( 'NONE',  ( 20.93749999999999645, -1.175240473580827949, -1.439254484199180504E-16 ) ) ;
#4292 = EDGE_CURVE ( 'NONE', #979, #2028, #260, .T. ) ;
#4293 = CARTESIAN_POINT ( 'NONE',  ( -22.18749999999999289, -1.500000000000001332, 1.836970198721031413E-16 ) ) ;
#4294 = CC_DESIGN_APPROVAL ( #4089, ( #1333 ) ) ;
#4295 = ORIENTED_EDGE ( 'NONE', *, *, #5112, .F. ) ;
#4296 = ORIENTED_EDGE ( 'NONE', *, *, #3818, .T. ) ;
#4297 = CARTESIAN_POINT ( 'NONE',  ( -19.27083333333332504, -0.7500000000000003331, 1.299038105676659338 ) ) ;
#4298 = CARTESIAN_POINT ( 'NONE',  ( 22.81250000000000000, -2.492861891654318526E-16, 1.357050807568868533 ) ) ;
#4299 = CYLINDRICAL_SURFACE ( 'NONE', #104, 1.500000000000000222 ) ;
#4300 = ORIENTED_EDGE ( 'NONE', *, *, #947, .T. ) ;
#4301 = VERTEX_POINT ( 'NONE', #625 ) ;
#4302 = CARTESIAN_POINT ( 'NONE',  ( 21.54166666666666075, -1.175240473580827505, -0.6785254037844345998 ) ) ;
#4303 = CARTESIAN_POINT ( 'NONE',  ( -23.47916666666666075, -1.175240473580833722, 0.6785254037844379305 ) ) ;
#4304 = ADVANCED_FACE ( 'NONE', ( #2263 ), #3522, .T. ) ;
#4305 = CARTESIAN_POINT ( 'NONE',  ( -19.20833333333332504, 1.175240473580833722, 0.6785254037844374864 ) ) ;
#4306 = DIRECTION ( 'NONE',  ( 0.000000000000000000, 0.000000000000000000, -1.000000000000000000 ) ) ;
#4307 = CARTESIAN_POINT ( 'NONE',  ( 24.52083333333333215, -0.5876202367904137525, -1.017788105676651345 ) ) ;
#4308 = CARTESIAN_POINT ( 'NONE',  ( 22.04166666666666785, -1.175240473580827727, -0.6785254037844345998 ) ) ;
#4309 = CARTESIAN_POINT ( 'NONE',  ( -22.12499999999998934, 8.309539638847769097E-17, 1.357050807568875195 ) ) ;
#4310 = CARTESIAN_POINT ( 'NONE',  ( -24.14583333333332504, 1.175240473580833944, 0.6785254037844374864 ) ) ;
#4311 = CARTESIAN_POINT ( 'NONE',  ( 22.64583333333333215, 1.175240473580827727, -0.6785254037844341557 ) ) ;
#4312 = CARTESIAN_POINT ( 'NONE',  ( -23.27083333333332504, -0.7500000000000003331, 1.299038105676659338 ) ) ;
#4313 = CARTESIAN_POINT ( 'NONE',  ( -19.50000000000000355, 1.500000000000001332, 0.000000000000000000 ) ) ;
#4314 = CYLINDRICAL_SURFACE ( 'NONE', #4623, 1.500000000000000666 ) ;
#4315 = CARTESIAN_POINT ( 'NONE',  ( -21.06249999999999289, 8.309539638847769097E-17, 1.357050807568875195 ) ) ;
#4316 = CARTESIAN_POINT ( 'NONE',  ( -24.14583333333332504, -1.500000000000001998, -0.8660254037844388186 ) ) ;
#4317 = CARTESIAN_POINT ( 'NONE',  ( 24.71840712629350989, -0.6842790189726410954, -1.236942480627695629 ) ) ;
#4318 = CARTESIAN_POINT ( 'NONE',  ( -24.99999999999998934, -1.175240473580833722, 1.439254484199187407E-16 ) ) ;
#4319 = CARTESIAN_POINT ( 'NONE',  ( 21.31249999999999645, -2.492861891654318526E-16, 1.357050807568868533 ) ) ;
#4320 = CARTESIAN_POINT ( 'NONE',  ( -19.06249999999999289, 6.333141904780402276E-15, -1.500000000000001554 ) ) ;
#4321 = ADVANCED_FACE ( 'NONE', ( #2751 ), #3545, .T. ) ;
#4322 = ORIENTED_EDGE ( 'NONE', *, *, #4292, .T. ) ;
#4323 = ORIENTED_EDGE ( 'NONE', *, *, #3265, .F. ) ;
#4324 = CARTESIAN_POINT ( 'NONE',  ( -20.52083333333332504, 0.7499999999999995559, -1.299038105676659560 ) ) ;
#4325 = CARTESIAN_POINT ( 'NONE',  ( 23.10416666666666430, 0.5876202367904140855, -1.017788105676651345 ) ) ;
#4326 = CARTESIAN_POINT ( 'NONE',  ( -18.60000000000000142, 0.000000000000000000, 0.000000000000000000 ) ) ;
#4327 = VERTEX_POINT ( 'NONE', #754 ) ;
#4328 = ORIENTED_EDGE ( 'NONE', *, *, #2623, .T. ) ;
#4329 = CARTESIAN_POINT ( 'NONE',  ( 20.45833333333333215, -1.175240473580827949, 0.6785254037844338226 ) ) ;
#4330 = AXIS2_PLACEMENT_3D ( 'NONE', #3645, #4132, #5318 ) ;
#4331 = CC_DESIGN_PERSON_AND_ORGANIZATION_ASSIGNMENT ( #5105, #460, ( #4840 ) ) ;
#4332 = CARTESIAN_POINT ( 'NONE',  ( -18.60000000000000142, 1.836970198721030427E-16, -1.500000000000000666 ) ) ;
#4333 = VERTEX_POINT ( 'NONE', #5246 ) ;
#4334 = CARTESIAN_POINT ( 'NONE',  ( -19.54166666666666075, -1.175240473580833500, 0.6785254037844380415 ) ) ;
#4335 = CARTESIAN_POINT ( 'NONE',  ( 19.91074498996844966, 2.385217236779677119, 0.3686825588085547722 ) ) ;
#4336 = EDGE_CURVE ( 'NONE', #1949, #3131, #3625, .T. ) ;
#4337 = CARTESIAN_POINT ( 'NONE',  ( 22.81250000000000000, -2.492861891654318526E-16, 1.357050807568868311 ) ) ;
#4338 = CARTESIAN_POINT ( 'NONE',  ( 22.41666666666666430, -0.5876202367904145296, 1.017788105676650900 ) ) ;
#4339 = CARTESIAN_POINT ( 'NONE',  ( -20.16666666666666075, 0.5876202367904169721, 1.017788105676656452 ) ) ;
#4340 = CARTESIAN_POINT ( 'NONE',  ( -22.43749999999999289, -1.175240473580833722, 1.439254484199187407E-16 ) ) ;
#4341 = CARTESIAN_POINT ( 'NONE',  ( 22.52083333333332860, -0.5876202367904137525, -1.017788105676651345 ) ) ;
#4342 = CARTESIAN_POINT ( 'NONE',  ( -22.35267063772297647, -0.4019285209865475217, 1.499997267782307464 ) ) ;
#4343 = CARTESIAN_POINT ( 'NONE',  ( -19.37499997226790072, -5.158373235542182854E-07, 1.499999999999912292 ) ) ;
#4344 = CARTESIAN_POINT ( 'NONE',  ( -24.08333333333333925, 0.7499999999999995559, -1.299038105676659560 ) ) ;
#4345 = CARTESIAN_POINT ( 'NONE',  ( -20.93749999999998934, -1.175240473580833722, 1.439254484199187407E-16 ) ) ;
#4346 = CARTESIAN_POINT ( 'NONE',  ( -22.06249999999999289, -3.181725716174723456E-16, -1.732050807568878747 ) ) ;
#4347 = DIRECTION ( 'NONE',  ( 1.000000000000000000, 0.000000000000000000, 0.000000000000000000 ) ) ;
#4348 = CARTESIAN_POINT ( 'NONE',  ( 23.70833333333333215, -1.500000000000000222, 0.8660254037844381525 ) ) ;
#4349 = CARTESIAN_POINT ( 'NONE',  ( -19.52083333333332504, -0.5876202367904166390, 1.017788105676656674 ) ) ;
#4350 = CARTESIAN_POINT ( 'NONE',  ( -22.08482909936925154, -0.4019237886466817122, -1.500000000000003109 ) ) ;
#4351 = VERTEX_POINT ( 'NONE', #2290 ) ;
#4352 = ORIENTED_EDGE ( 'NONE', *, *, #1003, .T. ) ;
#4353 = CARTESIAN_POINT ( 'NONE',  ( 24.94975952641921779, -1.159672946348570211, -0.1906536866932154461 ) ) ;
#4354 = CARTESIAN_POINT ( 'NONE',  ( 22.56249999999999645, 8.309539638847728421E-17, -1.357050807568868533 ) ) ;
#4355 = CARTESIAN_POINT ( 'NONE',  ( -18.75698064069052862, 0.7632947664964472301, -0.8936281498372999899 ) ) ;
#4356 = VERTEX_POINT ( 'NONE', #4009 ) ;
#4357 = VECTOR ( 'NONE', #4826, 1000.000000000000000 ) ;
#4358 = B_SPLINE_CURVE_WITH_KNOTS ( 'NONE', 3,
 ( #3984, #2343, #4833, #1886, #2728, #3166, #1554, #4860, #1453, #4010, #294, #265, #1101, #1967 ),
 .UNSPECIFIED., .F., .F.,
 ( 4, 2, 2, 2, 2, 2, 4 ),
 ( 8.003786803340847767E-06, 0.0003013708901006497852, 0.0005947379933979585328, 0.0008881050966952674973, 0.001181472199992576353, 0.001768206406587194066, 0.002354940613181811127 ),
 .UNSPECIFIED. ) ;
#4359 = ORIENTED_EDGE ( 'NONE', *, *, #723, .F. ) ;
#4360 =( BOUNDED_CURVE ( )  B_SPLINE_CURVE ( 2, ( #4776, #4004, #672, #5265, #1520, #4747, #2722, #3976, #1852 ),
 .UNSPECIFIED., .F., .F. ) 
 B_SPLINE_CURVE_WITH_KNOTS ( ( 3, 2, 2, 2, 3 ),
 ( 0.2954545454545454697, 0.3030303030303030387, 0.3181818181818181768, 0.3333333333333333148, 0.3409090909090909394 ),
 .UNSPECIFIED. ) 
 CURVE ( )  GEOMETRIC_REPRESENTATION_ITEM ( )  RATIONAL_B_SPLINE_CURVE ( ( 0.9330127018922194093, 0.9330127018922194093, 1.000000000000000000, 0.8660254037844387076, 1.000000000000000000, 0.8660254037844387076, 1.000000000000000000, 0.9330127018922191873, 0.9330127018922194093 ) ) 
 REPRESENTATION_ITEM ( '' )  );
#4361 = CARTESIAN_POINT ( 'NONE',  ( -25.00000000000000000, 0.000000000000000000, 0.000000000000000000 ) ) ;
#4362 = VERTEX_POINT ( 'NONE', #4426 ) ;
#4363 = CARTESIAN_POINT ( 'NONE',  ( -18.75000000000000711, -1.500000000000001332, 1.836970198721031413E-16 ) ) ;
#4364 = CARTESIAN_POINT ( 'NONE',  ( -20.62499999999998934, 8.309539638847769097E-17, 1.357050807568875195 ) ) ;
#4365 = ADVANCED_FACE ( 'NONE', ( #345 ), #337, .T. ) ;
#4366 = CARTESIAN_POINT ( 'NONE',  ( 22.89583333333333570, 1.500000000000000000, -0.8660254037844384856 ) ) ;
#4367 = CARTESIAN_POINT ( 'NONE',  ( 21.06250000000000355, 8.309539638847728421E-17, -1.357050807568868311 ) ) ;
#4368 = CARTESIAN_POINT ( 'NONE',  ( 21.41666666666666430, -0.5876202367904145296, 1.017788105676650900 ) ) ;
#4369 = CARTESIAN_POINT ( 'NONE',  ( 23.35416666666666430, -0.5876202367904145296, 1.017788105676650900 ) ) ;
#4370 = CARTESIAN_POINT ( 'NONE',  ( 19.92172769284587019, 2.385571612819398002, -0.3680687615027733450 ) ) ;
#4371 = CARTESIAN_POINT ( 'NONE',  ( 23.85416666666666430, 0.7500000000000002220, -1.299038105676658006 ) ) ;
#4372 = CARTESIAN_POINT ( 'NONE',  ( 22.18750000000000000, -1.500000000000000000, -1.836970198721029934E-16 ) ) ;
#4373 = CARTESIAN_POINT ( 'NONE',  ( -22.83333333333333570, -0.7500000000000003331, 1.299038105676659338 ) ) ;
#4374 = CARTESIAN_POINT ( 'NONE',  ( -21.18749999999998934, 1.175240473580833722, 0.000000000000000000 ) ) ;
#4375 = CARTESIAN_POINT ( 'NONE',  ( -21.52083333333332504, 0.7499999999999995559, -1.299038105676659560 ) ) ;
#4376 = CARTESIAN_POINT ( 'NONE',  ( 21.17039075366744783, -0.4747670894858971313, 1.394387312040322735 ) ) ;
#4377 = CARTESIAN_POINT ( 'NONE',  ( 23.85267090063073780, -0.4019237886466845433, -1.499999999999999778 ) ) ;
#4378 = CARTESIAN_POINT ( 'NONE',  ( -19.39583333333332504, -1.175240473580834166, -0.6785254037844371533 ) ) ;
#4379 = EDGE_CURVE ( 'NONE', #3672, #3073, #1596, .T. ) ;
#4380 = AXIS2_PLACEMENT_3D ( 'NONE', #1511, #3174, #4434 ) ;
#4381 = DIRECTION ( 'NONE',  ( 0.000000000000000000, 0.000000000000000000, 1.000000000000000000 ) ) ;
#4382 = VERTEX_POINT ( 'NONE', #264 ) ;
#4383 = CARTESIAN_POINT ( 'NONE',  ( 21.12212684405337981, 0.8331767440726406404, 1.153144477724705075 ) ) ;
#4384 = VERTEX_POINT ( 'NONE', #1126 ) ;
#4385 = ORIENTED_EDGE ( 'NONE', *, *, #149, .F. ) ;
#4386 = CARTESIAN_POINT ( 'NONE',  ( 20.41666666666666785, -0.5876202367904145296, 1.017788105676650900 ) ) ;
#4387 = ORIENTED_EDGE ( 'NONE', *, *, #2051, .T. ) ;
#4388 = CARTESIAN_POINT ( 'NONE',  ( -25.00000000000000000, 0.000000000000000000, 0.000000000000000000 ) ) ;
#4389 = CARTESIAN_POINT ( 'NONE',  ( -20.24999999999998934, 1.175240473580833722, 0.000000000000000000 ) ) ;
#4390 =( BOUNDED_CURVE ( )  B_SPLINE_CURVE ( 2, ( #4621, #2544, #1645, #2130, #2871, #3711, #2023, #3793, #76 ),
 .UNSPECIFIED., .F., .F. ) 
 B_SPLINE_CURVE_WITH_KNOTS ( ( 3, 2, 2, 2, 3 ),
 ( 0.4772727272727272929, 0.4848484848484848619, 0.5000000000000000000, 0.5151515151515151381, 0.5227272727272727071 ),
 .UNSPECIFIED. ) 
 CURVE ( )  GEOMETRIC_REPRESENTATION_ITEM ( )  RATIONAL_B_SPLINE_CURVE ( ( 0.9330127018922194093, 0.9330127018922194093, 1.000000000000000000, 0.8660254037844387076, 1.000000000000000000, 0.8660254037844387076, 1.000000000000000000, 0.9330127018922194093, 0.9330127018922194093 ) ) 
 REPRESENTATION_ITEM ( '' )  );
#4391 = CARTESIAN_POINT ( 'NONE',  ( 22.85416666666666430, 0.7500000000000002220, -1.299038105676658006 ) ) ;
#4392 = CARTESIAN_POINT ( 'NONE',  ( 21.18749999999999645, 1.175240473580827949, 0.000000000000000000 ) ) ;
#4393 = EDGE_CURVE ( 'NONE', #1899, #139, #2475, .T. ) ;
#4394 = CARTESIAN_POINT ( 'NONE',  ( 21.20833333333333215, 1.175240473580827949, -0.6785254037844341557 ) ) ;
#4395 = CARTESIAN_POINT ( 'NONE',  ( 21.39583333333333215, -1.175240473580827949, 0.6785254037844338226 ) ) ;
#4396 = CARTESIAN_POINT ( 'NONE',  ( -24.37499933464200197, -1.197644538827912628E-05, 1.499999999952189356 ) ) ;
#4397 = CARTESIAN_POINT ( 'NONE',  ( 24.77083333333333215, -0.7499999999999996669, -1.299038105676658228 ) ) ;
#4398 = DIRECTION ( 'NONE',  ( 0.000000000000000000, 0.000000000000000000, 1.000000000000000000 ) ) ;
#4399 = CARTESIAN_POINT ( 'NONE',  ( -20.75000000000000355, -1.500000000000001332, 1.836970198721031413E-16 ) ) ;
#4400 = CARTESIAN_POINT ( 'NONE',  ( -20.68749999999998934, 1.175240473580833722, 0.000000000000000000 ) ) ;
#4401 = CARTESIAN_POINT ( 'NONE',  ( -20.43749999999998934, 1.500000000000001332, 0.000000000000000000 ) ) ;
#4402 = CC_DESIGN_DATE_AND_TIME_ASSIGNMENT ( #2976, #2126, ( #3429 ) ) ;
#4403 = CARTESIAN_POINT ( 'NONE',  ( -24.94782445197868270, 1.181790006522016379, 0.9225316642806692391 ) ) ;
#4404 = FACE_OUTER_BOUND ( 'NONE', #578, .T. ) ;
#4405 = CARTESIAN_POINT ( 'NONE',  ( -24.00000000000000355, 1.500000000000001332, 0.000000000000000000 ) ) ;
#4406 = CARTESIAN_POINT ( 'NONE',  ( -23.81249999999999289, -1.539708811712666471E-15, 1.500000000000001110 ) ) ;
#4407 = ADVANCED_FACE ( 'NONE', ( #2807 ), #2778, .F. ) ;
#4408 = VERTEX_POINT ( 'NONE', #1526 ) ;
#4409 = EDGE_CURVE ( 'NONE', #1411, #2637, #3983, .T. ) ;
#4410 = CARTESIAN_POINT ( 'NONE',  ( 21.13093770761671664, 0.6047172725526309689, 1.297442330779362329 ) ) ;
#4411 = EDGE_LOOP ( 'NONE', ( #3724, #4466, #2142, #199 ) ) ;
#4412 = ORIENTED_EDGE ( 'NONE', *, *, #3918, .T. ) ;
#4413 = CARTESIAN_POINT ( 'NONE',  ( 21.62499999999999645, 8.309539638847728421E-17, -1.357050807568868533 ) ) ;
#4414 = VERTEX_POINT ( 'NONE', #4033 ) ;
#4415 = CARTESIAN_POINT ( 'NONE',  ( -24.79166666666667140, -1.500000000000000888, 0.8660254037844398178 ) ) ;
#4416 = CARTESIAN_POINT ( 'NONE',  ( -24.22916666666666075, 1.175240473580833056, -0.6785254037844382635 ) ) ;
#4417 = VECTOR ( 'NONE', #2653, 1000.000000000000000 ) ;
#4418 = CARTESIAN_POINT ( 'NONE',  ( 19.98075666599056532, 2.168904970561404078, 0.7433463941989684187 ) ) ;
#4419 = CARTESIAN_POINT ( 'NONE',  ( 22.06250000000000000, 8.309539638847728421E-17, -1.357050807568868311 ) ) ;
#4420 = CARTESIAN_POINT ( 'NONE',  ( -24.12591837925743476, -5.118420000964500524E-05, -1.499999998285742375 ) ) ;
#4421 = AXIS2_PLACEMENT_3D ( 'NONE', #4982, #4177, #2514 ) ;
#4422 =( BOUNDED_CURVE ( )  B_SPLINE_CURVE ( 1, ( #1736, #3699 ),
 .UNSPECIFIED., .F., .F. ) 
 B_SPLINE_CURVE_WITH_KNOTS ( ( 2, 2 ),
 ( 0.000000000000000000, 1.000000000000000000 ),
 .UNSPECIFIED. ) 
 CURVE ( )  GEOMETRIC_REPRESENTATION_ITEM ( )  RATIONAL_B_SPLINE_CURVE ( ( 0.9605566541121950408, 0.9605566541121950408 ) ) 
 REPRESENTATION_ITEM ( '' )  );
#4423 = CARTESIAN_POINT ( 'NONE',  ( 20.89583333333333215, -1.175240473580827949, 0.6785254037844338226 ) ) ;
#4424 = CARTESIAN_POINT ( 'NONE',  ( 19.99999999999999645, 1.948557158514987231, -1.124999999999999112 ) ) ;
#4425 = CARTESIAN_POINT ( 'NONE',  ( 23.31249999999999645, 1.060575238724906915E-16, -1.732050807568877193 ) ) ;
#4426 = CARTESIAN_POINT ( 'NONE',  ( -22.37499943351207676, -1.019678454697717362E-05, 1.499999999965342834 ) ) ;
#4427 = CARTESIAN_POINT ( 'NONE',  ( -22.85267009030143015, -0.4019383745743411174, 1.499991578810742077 ) ) ;
#4428 = CARTESIAN_POINT ( 'NONE',  ( -21.31249999999999289, -6.768908549604741285E-15, 1.500000000000001332 ) ) ;
#4429 = CARTESIAN_POINT ( 'NONE',  ( -19.72916666666666075, -1.500000000000000888, 0.8660254037844398178 ) ) ;
#4430 = LINE ( 'NONE', #707, #3278 ) ;
#4431 = CARTESIAN_POINT ( 'NONE',  ( -25.12499999999998934, 8.309539638847769097E-17, 1.357050807568875195 ) ) ;
#4432 = CARTESIAN_POINT ( 'NONE',  ( -24.83333333333333925, -0.7500000000000003331, 1.299038105676659338 ) ) ;
#4433 = CARTESIAN_POINT ( 'NONE',  ( -21.70833333333333570, -1.500000000000002220, -0.8660254037844388186 ) ) ;
#4434 = DIRECTION ( 'NONE',  ( 0.000000000000000000, 0.000000000000000000, 1.000000000000000000 ) ) ;
#4435 = FACE_OUTER_BOUND ( 'NONE', #2496, .T. ) ;
#4436 = CARTESIAN_POINT ( 'NONE',  ( 21.31249999999999289, 2.033577675846917841E-16, -1.499999999999999778 ) ) ;
#4437 = ORIENTED_EDGE ( 'NONE', *, *, #2022, .F. ) ;
#4438 = CARTESIAN_POINT ( 'NONE',  ( -22.56249999999999289, 2.788906526875773602E-15, -1.500000000000001554 ) ) ;
#4439 = ORIENTED_EDGE ( 'NONE', *, *, #4558, .F. ) ;
#4440 = CARTESIAN_POINT ( 'NONE',  ( -24.10416666666666075, 0.5876202367904169721, 1.017788105676656452 ) ) ;
#4441 = AXIS2_PLACEMENT_3D ( 'NONE', #922, #1214, #2080 ) ;
#4442 = CARTESIAN_POINT ( 'NONE',  ( 24.99999999999999645, 1.607348923880906708E-16, -1.125000000000001776 ) ) ;
#4443 = CARTESIAN_POINT ( 'NONE',  ( -24.52083333333332504, -0.5876202367904166390, 1.017788105676656674 ) ) ;
#4444 = EDGE_CURVE ( 'NONE', #2844, #774, #1796, .T. ) ;
#4445 = CARTESIAN_POINT ( 'NONE',  ( 22.81249999999999645, 2.033577675846917841E-16, -1.499999999999999778 ) ) ;
#4446 = DIRECTION ( 'NONE',  ( 0.000000000000000000, 0.000000000000000000, -1.000000000000000000 ) ) ;
#4447 = CIRCLE ( 'NONE', #1484, 2.249999999999999556 ) ;
#4448 = CARTESIAN_POINT ( 'NONE',  ( 21.12499999999999289, 8.309539638847728421E-17, -1.357050807568868311 ) ) ;
#4449 = CARTESIAN_POINT ( 'NONE',  ( 20.31249999999999645, -2.492861891654318526E-16, 1.357050807568868533 ) ) ;
#4450 = CARTESIAN_POINT ( 'NONE',  ( 24.91666666666666430, -0.5876202367904145296, 1.017788105676650900 ) ) ;
#4451 = CARTESIAN_POINT ( 'NONE',  ( 24.39583333333333215, 1.500000000000000222, -0.8660254037844384856 ) ) ;
#4452 = CARTESIAN_POINT ( 'NONE',  ( -25.00000000000000000, 1.299038105676658006, 2.250000000000000000 ) ) ;
#4453 = CARTESIAN_POINT ( 'NONE',  ( 21.37500000000000000, 2.033577675846917841E-16, -1.499999999999999778 ) ) ;
#4454 = CARTESIAN_POINT ( 'NONE',  ( -18.83333333333332504, 0.5876202367904159729, -1.017788105676656896 ) ) ;
#4455 = CARTESIAN_POINT ( 'NONE',  ( -19.35416666666665719, 0.7500000000000008882, 1.299038105676659116 ) ) ;
#4456 =( BOUNDED_CURVE ( )  B_SPLINE_CURVE ( 2, ( #4629, #4212, #57, #923, #469, #1727, #1701, #2678, #5065 ),
 .UNSPECIFIED., .F., .F. ) 
 B_SPLINE_CURVE_WITH_KNOTS ( ( 3, 2, 2, 2, 3 ),
 ( 0.1730769230769230727, 0.1794871794871794879, 0.1923076923076923184, 0.2051282051282051211, 0.2115384615384615363 ),
 .UNSPECIFIED. ) 
 CURVE ( )  GEOMETRIC_REPRESENTATION_ITEM ( )  RATIONAL_B_SPLINE_CURVE ( ( 0.9330127018922194093, 0.9330127018922194093, 1.000000000000000000, 0.8660254037844387076, 1.000000000000000000, 0.8660254037844387076, 1.000000000000000000, 0.9330127018922194093, 0.9330127018922194093 ) ) 
 REPRESENTATION_ITEM ( '' )  );
#4457 = CYLINDRICAL_SURFACE ( 'NONE', #3712, 1.500000000000000222 ) ;
#4458 = CARTESIAN_POINT ( 'NONE',  ( -22.20833333333331794, 1.175240473580833944, 0.6785254037844374864 ) ) ;
#4459 = CARTESIAN_POINT ( 'NONE',  ( -18.77083333333332504, 0.5876202367904159729, -1.017788105676656896 ) ) ;
#4460 = CARTESIAN_POINT ( 'NONE',  ( 22.20833333333332860, -1.500000000000000444, 0.8660254037844380415 ) ) ;
#4461 = CARTESIAN_POINT ( 'NONE',  ( -21.81249999999999289, 2.033577675846917841E-16, 1.500000000000001110 ) ) ;
#4462 = CARTESIAN_POINT ( 'NONE',  ( 22.50000000000000000, 1.500000000000000000, 0.000000000000000000 ) ) ;
#4463 = CARTESIAN_POINT ( 'NONE',  ( -23.06249999999999645, 8.309539638847769097E-17, 1.357050807568875195 ) ) ;
#4464 = EDGE_CURVE ( 'NONE', #2637, #5018, #2534, .T. ) ;
#4465 = CARTESIAN_POINT ( 'NONE',  ( 21.15329359036991974, -6.100733027540755002E-16, 1.450994063950753699 ) ) ;
#4466 = ORIENTED_EDGE ( 'NONE', *, *, #5213, .T. ) ;
#4467 = CARTESIAN_POINT ( 'NONE',  ( -21.68749999999999289, -1.500000000000001332, 1.836970198721031413E-16 ) ) ;
#4468 = ORIENTED_EDGE ( 'NONE', *, *, #1323, .T. ) ;
#4469 = CARTESIAN_POINT ( 'NONE',  ( -23.97916666666665719, -1.175240473580833722, 0.6785254037844379305 ) ) ;
#4470 = CARTESIAN_POINT ( 'NONE',  ( 21.54017090063073780, 0.4019237886466832665, 1.500000000000000222 ) ) ;
#4471 = CARTESIAN_POINT ( 'NONE',  ( -22.89583333333332504, -1.175240473580834166, -0.6785254037844372643 ) ) ;
#4472 = DIRECTION ( 'NONE',  ( 0.000000000000000000, 0.000000000000000000, 1.000000000000000000 ) ) ;
#4473 = CARTESIAN_POINT ( 'NONE',  ( 21.47916666666666785, -1.175240473580827727, -0.6785254037844345998 ) ) ;
#4474 = CARTESIAN_POINT ( 'NONE',  ( -24.86145226248519435, -1.031052970936691127, 0.9692924820499456695 ) ) ;
#4475 = CARTESIAN_POINT ( 'NONE',  ( -24.29166666666666075, 1.175240473580833056, -0.6785254037844382635 ) ) ;
#4476 = CARTESIAN_POINT ( 'NONE',  ( 24.12499999999999645, 8.309539638847728421E-17, -1.357050807568868533 ) ) ;
#4477 = CARTESIAN_POINT ( 'NONE',  ( 21.97916666666666430, 1.499999999999999778, 0.8660254037844394848 ) ) ;
#4478 = CARTESIAN_POINT ( 'NONE',  ( 19.92172769284587019, 1.511542704210576682, 1.881931238497226211 ) ) ;
#4479 = CARTESIAN_POINT ( 'NONE',  ( -20.85267008984974879, -0.4019383827046039692, 1.499991574116732895 ) ) ;
#4480 = CARTESIAN_POINT ( 'NONE',  ( -18.99999999999999289, -1.175240473580833722, 1.439254484199187407E-16 ) ) ;
#4481 = CARTESIAN_POINT ( 'NONE',  ( -20.35416666666666075, 0.7500000000000008882, 1.299038105676659116 ) ) ;
#4482 = CARTESIAN_POINT ( 'NONE',  ( 20.87499999999999645, 0.000000000000000000, -1.172700473580827518 ) ) ;
#4483 = CARTESIAN_POINT ( 'NONE',  ( -23.83333333333332504, 0.5876202367904159729, -1.017788105676656896 ) ) ;
#4484 = CARTESIAN_POINT ( 'NONE',  ( -23.25000000000000355, -1.500000000000001332, 1.836970198721031413E-16 ) ) ;
#4485 = CARTESIAN_POINT ( 'NONE',  ( 22.04166666666666785, 1.499999999999999778, 0.8660254037844394848 ) ) ;
#4486 = CARTESIAN_POINT ( 'NONE',  ( -24.39732879057517323, 0.4019182303530923761, 1.500003209082302780 ) ) ;
#4487 = CARTESIAN_POINT ( 'NONE',  ( 19.99999999999999645, 1.948557158514987231, -1.124999999999999112 ) ) ;
#4488 = CARTESIAN_POINT ( 'NONE',  ( 21.07010895924692306, 1.365768986138623964, -0.1167732319655104545 ) ) ;
#4489 = ORIENTED_EDGE ( 'NONE', *, *, #4628, .T. ) ;
#4490 = CARTESIAN_POINT ( 'NONE',  ( -24.79903810567666156, 1.299038105676658006, 2.250000000000000000 ) ) ;
#4491 = ORIENTED_EDGE ( 'NONE', *, *, #2117, .F. ) ;
#4492 = CARTESIAN_POINT ( 'NONE',  ( -23.68749999999998934, 1.175240473580833722, 0.000000000000000000 ) ) ;
#4493 = LINE ( 'NONE', #3132, #1133 ) ;
#4494 = CARTESIAN_POINT ( 'NONE',  ( -24.06249999999998934, 8.309539638847769097E-17, 1.357050807568875195 ) ) ;
#4495 = ORIENTED_EDGE ( 'NONE', *, *, #1671, .T. ) ;
#4496 = CARTESIAN_POINT ( 'NONE',  ( 24.47916666666666785, 1.499999999999999778, 0.8660254037844394848 ) ) ;
#4497 = FACE_OUTER_BOUND ( 'NONE', #4411, .T. ) ;
#4498 = DIRECTION ( 'NONE',  ( 1.000000000000000000, 0.000000000000000000, 0.000000000000000000 ) ) ;
#4499 = CARTESIAN_POINT ( 'NONE',  ( 20.64583333333333215, 1.175240473580827727, -0.6785254037844341557 ) ) ;
#4500 = CARTESIAN_POINT ( 'NONE',  ( 24.16666666666666785, 0.5876202367904140855, -1.017788105676651345 ) ) ;
#4501 = EDGE_CURVE ( 'NONE', #3615, #768, #814, .T. ) ;
#4502 = CARTESIAN_POINT ( 'NONE',  ( 21.22916666666666785, -1.499999999999999778, -0.8660254037844391517 ) ) ;
#4503 = CARTESIAN_POINT ( 'NONE',  ( -24.66610480901590918, 1.240462385569371717, -0.02907731353707922531 ) ) ;
#4504 = CARTESIAN_POINT ( 'NONE',  ( -25.00000000000000000, 0.000000000000000000, 0.000000000000000000 ) ) ;
#4505 = CARTESIAN_POINT ( 'NONE',  ( -24.98075666599057243, -1.728209346468574381, -1.506653605801022922 ) ) ;
#4506 = ORGANIZATION ( 'UNSPECIFIED', 'UNSPECIFIED', '' ) ;
#4507 = CARTESIAN_POINT ( 'NONE',  ( -25.24999999999999289, 1.175240473580833722, 0.000000000000000000 ) ) ;
#4508 = CARTESIAN_POINT ( 'NONE',  ( -19.81249999999998934, -6.768908549604741285E-15, 1.500000000000001332 ) ) ;
#4509 = CARTESIAN_POINT ( 'NONE',  ( -21.41666666666665719, -0.5876202367904174162, -1.017788105676656230 ) ) ;
#4510 = CARTESIAN_POINT ( 'NONE',  ( -23.16666666666667140, -0.7500000000000013323, -1.299038105676658894 ) ) ;
#4511 = CARTESIAN_POINT ( 'NONE',  ( 23.00000000000000000, 1.500000000000000000, 0.000000000000000000 ) ) ;
#4512 = CARTESIAN_POINT ( 'NONE',  ( -19.77083333333332504, -0.7500000000000003331, 1.299038105676659338 ) ) ;
#4513 = VERTEX_POINT ( 'NONE', #3142 ) ;
#4514 = CARTESIAN_POINT ( 'NONE',  ( -19.00000000000000355, 1.500000000000001332, 0.000000000000000000 ) ) ;
#4515 = VERTEX_POINT ( 'NONE', #4810 ) ;
#4516 = CARTESIAN_POINT ( 'NONE',  ( 19.99999999999999645, 1.836970198721030181E-16, 1.500000000000000222 ) ) ;
#4517 = EDGE_LOOP ( 'NONE', ( #5204, #3536, #952, #3372 ) ) ;
#4518 = CARTESIAN_POINT ( 'NONE',  ( -21.14583333333332149, 1.175240473580833944, 0.6785254037844374864 ) ) ;
#4519 = CARTESIAN_POINT ( 'NONE',  ( -24.94817409081725046, 1.190644713157821055, 0.9107708255003557074 ) ) ;
#4520 = CARTESIAN_POINT ( 'NONE',  ( -23.31250000000000000, -2.492861891654330359E-16, -1.357050807568875195 ) ) ;
#4521 = ORIENTED_EDGE ( 'NONE', *, *, #3999, .F. ) ;
#4522 = PLANE ( 'NONE',  #1396 ) ;
#4523 = CARTESIAN_POINT ( 'NONE',  ( -24.98075666599056888, 2.168904970561404966, -0.7433463941989677526 ) ) ;
#4524 = B_SPLINE_CURVE_WITH_KNOTS ( 'NONE', 3,
 ( #4161, #367, #4523, #2442, #775, #2472 ),
 .UNSPECIFIED., .F., .F.,
 ( 4, 2, 4 ),
 ( 0.001314652396222794730, 0.001969405109320634169, 0.002624157822418473392 ),
 .UNSPECIFIED. ) ;
#4525 = CARTESIAN_POINT ( 'NONE',  ( -24.84802217217809428, -1.230930139494164743, 0.6705077855748433624 ) ) ;
#4526 = EDGE_CURVE ( 'NONE', #5370, #2272, #2438, .T. ) ;
#4527 = CARTESIAN_POINT ( 'NONE',  ( -24.41666666666666075, -0.5876202367904174162, -1.017788105676656230 ) ) ;
#4528 = CARTESIAN_POINT ( 'NONE',  ( 25.24999999999999645, 1.175240473580827949, 0.000000000000000000 ) ) ;
#4529 = CARTESIAN_POINT ( 'NONE',  ( 20.14583333333333215, -1.500000000000000444, 0.8660254037844380415 ) ) ;
#4530 = CARTESIAN_POINT ( 'NONE',  ( 20.87499999999999645, 0.000000000000000000, 0.000000000000000000 ) ) ;
#4531 =( BOUNDED_CURVE ( )  B_SPLINE_CURVE ( 2, ( #1714, #4719, #881, #96, #3461, #2121, #1336, #1363, #121 ),
 .UNSPECIFIED., .F., .F. ) 
 B_SPLINE_CURVE_WITH_KNOTS ( ( 3, 2, 2, 2, 3 ),
 ( 0.5227272727272727071, 0.5303030303030302761, 0.5454545454545454142, 0.5606060606060605522, 0.5681818181818182323 ),
 .UNSPECIFIED. ) 
 CURVE ( )  GEOMETRIC_REPRESENTATION_ITEM ( )  RATIONAL_B_SPLINE_CURVE ( ( 0.9330127018922194093, 0.9330127018922194093, 1.000000000000000000, 0.8660254037844387076, 1.000000000000000000, 0.8660254037844387076, 1.000000000000000000, 0.9330127018922188542, 0.9330127018922194093 ) ) 
 REPRESENTATION_ITEM ( '' )  );
#4532 = CYLINDRICAL_SURFACE ( 'NONE', #1219, 1.500000000000000666 ) ;
#4533 = CARTESIAN_POINT ( 'NONE',  ( -19.33333333333332504, 0.5876202367904159729, -1.017788105676656896 ) ) ;
#4534 = CARTESIAN_POINT ( 'NONE',  ( -23.74999999999998934, 1.175240473580833722, 0.000000000000000000 ) ) ;
#4535 = CARTESIAN_POINT ( 'NONE',  ( -20.04017090063073425, 0.4019237886466869303, -1.499999999999999778 ) ) ;
#4536 = CARTESIAN_POINT ( 'NONE',  ( -21.62499999999998934, 8.309539638847769097E-17, 1.357050807568875195 ) ) ;
#4537 = CARTESIAN_POINT ( 'NONE',  ( -23.79166666666667140, -1.500000000000000888, 0.8660254037844398178 ) ) ;
#4538 = CARTESIAN_POINT ( 'NONE',  ( 20.66666666666666785, -0.7500000000000006661, 1.299038105676657562 ) ) ;
#4539 = CARTESIAN_POINT ( 'NONE',  ( 23.12500000000000000, 2.265986553086566003E-15, 1.499999999999999778 ) ) ;
#4540 = CARTESIAN_POINT ( 'NONE',  ( 24.78765638858419607, 1.036574178893580056, -0.8619544068070876808 ) ) ;
#4541 = ADVANCED_FACE ( 'NONE', ( #4167 ), #2094, .F. ) ;
#4542 = CARTESIAN_POINT ( 'NONE',  ( 22.60416666666666430, -0.7500000000000006661, 1.299038105676657562 ) ) ;
#4543 = CARTESIAN_POINT ( 'NONE',  ( -23.70833333333333570, -1.500000000000002220, -0.8660254037844388186 ) ) ;
#4544 = CARTESIAN_POINT ( 'NONE',  ( -21.64583333333332504, -1.500000000000002220, -0.8660254037844388186 ) ) ;
#4545 = ORIENTED_EDGE ( 'NONE', *, *, #2285, .T. ) ;
#4546 = CARTESIAN_POINT ( 'NONE',  ( -21.81249999999998934, -2.492861891654330359E-16, -1.357050807568875195 ) ) ;
#4547 = CARTESIAN_POINT ( 'NONE',  ( 24.72916666666666430, 1.175240473580827505, 0.6785254037844348218 ) ) ;
#4548 = CARTESIAN_POINT ( 'NONE',  ( -21.14583333333332504, 1.175240473580833722, 0.6785254037844374864 ) ) ;
#4549 = B_SPLINE_CURVE_WITH_KNOTS ( 'NONE', 3,
 ( #3540, #1470, #4746, #4800, #4689, #962, #3486, #5160, #1416, #3078, #3922, #1016, #2800, #2770 ),
 .UNSPECIFIED., .F., .F.,
 ( 4, 2, 2, 2, 2, 2, 4 ),
 ( 0.000000000000000000, 0.0003561993316225480757, 0.0007123986632450961514, 0.001424797326490192303, 0.002137195989735288237, 0.002493395321357836421, 0.002849594652980384606 ),
 .UNSPECIFIED. ) ;
#4550 = ORIENTED_EDGE ( 'NONE', *, *, #3666, .T. ) ;
#4551 = CARTESIAN_POINT ( 'NONE',  ( -20.64583333333332504, -1.500000000000002220, -0.8660254037844388186 ) ) ;
#4552 = DIRECTION ( 'NONE',  ( 1.000000000000000000, 0.000000000000000000, 0.000000000000000000 ) ) ;
#4553 = CARTESIAN_POINT ( 'NONE',  ( -24.98053061364965188, 0.4428381637785869240, -2.249999999999999556 ) ) ;
#4554 = CARTESIAN_POINT ( 'NONE',  ( -21.54166666666665719, -1.175240473580833500, 0.6785254037844380415 ) ) ;
#4555 = CARTESIAN_POINT ( 'NONE',  ( 23.54166666666666785, -1.175240473580827505, -0.6785254037844345998 ) ) ;
#4556 = CARTESIAN_POINT ( 'NONE',  ( 20.85416666666666785, 0.7500000000000002220, -1.299038105676658006 ) ) ;
#4557 = APPROVAL_PERSON_ORGANIZATION ( #72, #4089, #3383 ) ;
#4558 = EDGE_CURVE ( 'NONE', #614, #2028, #2419, .T. ) ;
#4559 = CARTESIAN_POINT ( 'NONE',  ( -24.85416666666665719, 0.7500000000000008882, 1.299038105676659116 ) ) ;
#4560 = CARTESIAN_POINT ( 'NONE',  ( 24.94975952641917516, -1.108306233100293303, 0.4205239521141561632 ) ) ;
#4561 = CARTESIAN_POINT ( 'NONE',  ( 24.83333333333333215, 0.5876202367904130863, 1.017788105676651789 ) ) ;
#4562 = CARTESIAN_POINT ( 'NONE',  ( -24.12499999999999289, 8.309539638847769097E-17, 1.357050807568875195 ) ) ;
#4563 = LINE ( 'NONE', #2371, #423 ) ;
#4564 = CARTESIAN_POINT ( 'NONE',  ( -21.58333333333332504, -0.5876202367904166390, 1.017788105676656674 ) ) ;
#4565 = CARTESIAN_POINT ( 'NONE',  ( -23.95833333333333925, 1.500000000000001554, 0.8660254037844392627 ) ) ;
#4566 = CARTESIAN_POINT ( 'NONE',  ( 22.29166666666666430, -1.499999999999999778, -0.8660254037844391517 ) ) ;
#4567 =( BOUNDED_CURVE ( )  B_SPLINE_CURVE ( 2, ( #4436, #765, #715, #4044, #2816 ),
 .UNSPECIFIED., .F., .F. ) 
 B_SPLINE_CURVE_WITH_KNOTS ( ( 3, 2, 3 ),
 ( 0.7500000000000000000, 0.7575757575757575690, 0.7698342463663101487 ),
 .UNSPECIFIED. ) 
 CURVE ( )  GEOMETRIC_REPRESENTATION_ITEM ( )  RATIONAL_B_SPLINE_CURVE ( ( 0.9330127018922194093, 0.9330127018922194093, 1.000000000000000000, 0.8916064783288003559, 0.9586067383470902037 ) ) 
 REPRESENTATION_ITEM ( '' )  );
#4568 = DIRECTION ( 'NONE',  ( -1.000000000000000000, -0.000000000000000000, -0.000000000000000000 ) ) ;
#4569 = CARTESIAN_POINT ( 'NONE',  ( 24.83334581872578184, 1.272583810518144620, 0.2787890187157192612 ) ) ;
#4570 = CARTESIAN_POINT ( 'NONE',  ( -19.20833333333333925, -1.500000000000002220, -0.8660254037844388186 ) ) ;
#4571 = ADVANCED_FACE ( 'NONE', ( #1687 ), #3351, .F. ) ;
#4572 = DIRECTION ( 'NONE',  ( -1.000000000000000000, -0.000000000000000000, -0.000000000000000000 ) ) ;
#4573 = EDGE_CURVE ( 'NONE', #1275, #4131, #3446, .T. ) ;
#4574 = CARTESIAN_POINT ( 'NONE',  ( -20.10416666666666075, -0.7500000000000013323, -1.299038105676658894 ) ) ;
#4575 = ORIENTED_EDGE ( 'NONE', *, *, #2212, .F. ) ;
#4576 = CARTESIAN_POINT ( 'NONE',  ( -20.97916666666666075, -1.175240473580833722, 0.6785254037844379305 ) ) ;
#4577 = FACE_OUTER_BOUND ( 'NONE', #4266, .T. ) ;
#4578 = CARTESIAN_POINT ( 'NONE',  ( -19.72916666666665364, 1.175240473580833056, -0.6785254037844382635 ) ) ;
#4579 = ORIENTED_EDGE ( 'NONE', *, *, #3236, .F. ) ;
#4580 = CARTESIAN_POINT ( 'NONE',  ( 23.29166666666666785, 1.175240473580827505, 0.6785254037844348218 ) ) ;
#4581 = CARTESIAN_POINT ( 'NONE',  ( 19.99999999999999645, 0.2200801751774799919, -2.249999999999999556 ) ) ;
#4582 = PRODUCT_DEFINITION_SHAPE ( 'NONE', 'NONE',  #3429 ) ;
#4583 = CARTESIAN_POINT ( 'NONE',  ( -21.58333333333332504, -0.5876202367904166390, 1.017788105676656674 ) ) ;
#4584 = CARTESIAN_POINT ( 'NONE',  ( 22.66666666666666430, 0.5876202367904140855, -1.017788105676651345 ) ) ;
#4585 = CARTESIAN_POINT ( 'NONE',  ( 20.02083333333333215, 0.7499999999999988898, 1.299038105676658672 ) ) ;
#4586 = CARTESIAN_POINT ( 'NONE',  ( -21.12499999993385558, 8.929433702926496132E-10, -1.500000000000001110 ) ) ;
#4587 = CARTESIAN_POINT ( 'NONE',  ( 22.89732909936925864, 0.4019237886466842657, -1.499999999999999778 ) ) ;
#4588 = CARTESIAN_POINT ( 'NONE',  ( 24.70833333333333215, 1.175240473580827949, -0.6785254037844341557 ) ) ;
#4589 = CARTESIAN_POINT ( 'NONE',  ( -24.87499999999998934, -2.492861891654330359E-16, -1.357050807568875195 ) ) ;
#4590 = APPROVAL_ROLE ( '' ) ;
#4591 = CARTESIAN_POINT ( 'NONE',  ( -19.91666666666665719, -0.5876202367904174162, -1.017788105676656230 ) ) ;
#4592 = CARTESIAN_POINT ( 'NONE',  ( -19.00000000000000355, 1.500000000000001332, 0.000000000000000000 ) ) ;
#4593 = CARTESIAN_POINT ( 'NONE',  ( 23.68749999999999645, 1.175240473580827949, 0.000000000000000000 ) ) ;
#4594 = CARTESIAN_POINT ( 'NONE',  ( 19.79903810567670419, -1.299038105676733279, 2.249999999999999556 ) ) ;
#4595 = VECTOR ( 'NONE', #3273, 1000.000000000000000 ) ;
#4596 = CARTESIAN_POINT ( 'NONE',  ( 24.82698621653152671, 1.304690077594856890, 0.1067288536279964034 ) ) ;
#4597 = AXIS2_PLACEMENT_3D ( 'NONE', #1452, #4649, #1052 ) ;
#4598 =( BOUNDED_CURVE ( )  B_SPLINE_CURVE ( 2, ( #3901, #2234, #4344, #2490, #3394, #4153, #2901, #439, #3744 ),
 .UNSPECIFIED., .F., .F. ) 
 B_SPLINE_CURVE_WITH_KNOTS ( ( 3, 2, 2, 2, 3 ),
 ( 0.1360458513215066501, 0.1425250814286774248, 0.1554819070131026604, 0.1684387325975278682, 0.1749174407509837825 ),
 .UNSPECIFIED. ) 
 CURVE ( )  GEOMETRIC_REPRESENTATION_ITEM ( )  RATIONAL_B_SPLINE_CURVE ( ( 0.9330127029584081022, 0.9330042507912310601, 1.000000000000000000, 0.8660254037844387076, 1.000000000000000000, 0.8660254037844387076, 1.000000000000000000, 0.9330096478337193133, 0.9330127020314588071 ) ) 
 REPRESENTATION_ITEM ( '' )  );
#4599 = DIRECTION ( 'NONE',  ( 0.000000000000000000, 0.000000000000000000, 1.000000000000000000 ) ) ;
#4600 = ORIENTED_EDGE ( 'NONE', *, *, #1295, .T. ) ;
#4601 = CARTESIAN_POINT ( 'NONE',  ( -20.89583333333332860, -1.175240473580834166, -0.6785254037844371533 ) ) ;
#4602 = CARTESIAN_POINT ( 'NONE',  ( 24.29166666666666785, -1.499999999999999778, -0.8660254037844391517 ) ) ;
#4603 = CARTESIAN_POINT ( 'NONE',  ( -21.06249999999998934, 8.309539638847769097E-17, 1.357050807568875195 ) ) ;
#4604 = VERTEX_POINT ( 'NONE', #4612 ) ;
#4605 = CARTESIAN_POINT ( 'NONE',  ( 24.04166666666666785, -1.175240473580827505, -0.6785254037844345998 ) ) ;
#4606 = DIRECTION ( 'NONE',  ( -1.000000000000000000, -0.000000000000000000, -0.000000000000000000 ) ) ;
#4607 = DIRECTION ( 'NONE',  ( 0.000000000000000000, 0.000000000000000000, 1.000000000000000000 ) ) ;
#4608 = ADVANCED_FACE ( 'NONE', ( #4999 ), #3269, .F. ) ;
#4609 = CARTESIAN_POINT ( 'NONE',  ( -21.91666666666665719, -0.5876202367904174162, -1.017788105676656230 ) ) ;
#4610 = CARTESIAN_POINT ( 'NONE',  ( 20.95833333333333215, -1.175240473580827949, 0.6785254037844338226 ) ) ;
#4611 = DIRECTION ( 'NONE',  ( 1.000000000000000000, 0.000000000000000000, -0.000000000000000000 ) ) ;
#4612 = CARTESIAN_POINT ( 'NONE',  ( 23.62499999999999289, -6.391244124090313355E-16, 1.500000000000000000 ) ) ;
#4613 = CARTESIAN_POINT ( 'NONE',  ( 24.94975952641921779, -1.159672946348570211, -0.1906536866932154461 ) ) ;
#4614 = CARTESIAN_POINT ( 'NONE',  ( 24.62499999999999645, 8.309539638847728421E-17, -1.357050807568868311 ) ) ;
#4615 = CARTESIAN_POINT ( 'NONE',  ( -24.16666666666666075, 0.5876202367904169721, 1.017788105676656452 ) ) ;
#4616 = CIRCLE ( 'NONE', #2253, 1.172700473580827740 ) ;
#4617 = CARTESIAN_POINT ( 'NONE',  ( -19.74999999999998934, 1.175240473580833722, 0.000000000000000000 ) ) ;
#4618 = CARTESIAN_POINT ( 'NONE',  ( -19.45833333333333570, 1.500000000000001554, 0.8660254037844392627 ) ) ;
#4619 = CARTESIAN_POINT ( 'NONE',  ( 20.58333333333333215, 0.7499999999999988898, 1.299038105676658672 ) ) ;
#4620 = B_SPLINE_CURVE_WITH_KNOTS ( 'NONE', 3,
 ( #4424, #1098, #2261, #3929, #778, #3677 ),
 .UNSPECIFIED., .F., .F.,
 ( 4, 2, 4 ),
 ( 0.001314652396222794513, 0.001969405109320634169, 0.002624157822418473826 ),
 .UNSPECIFIED. ) ;
#4621 = CARTESIAN_POINT ( 'NONE',  ( 22.37499999999999645, 2.033577675846917841E-16, -1.499999999999999778 ) ) ;
#4622 = DIRECTION ( 'NONE',  ( 1.000000000000000000, 0.000000000000000000, 0.000000000000000000 ) ) ;
#4623 = AXIS2_PLACEMENT_3D ( 'NONE', #29, #1832, #183 ) ;
#4624 = CARTESIAN_POINT ( 'NONE',  ( 24.74999999999999645, -1.500000000000000000, -1.836970198721029934E-16 ) ) ;
#4625 = CARTESIAN_POINT ( 'NONE',  ( 20.22916666666666785, 1.175240473580827505, 0.6785254037844348218 ) ) ;
#4626 = CARTESIAN_POINT ( 'NONE',  ( -19.12524120630312296, -1.377048548987810371E-05, -1.499999999881638901 ) ) ;
#4627 = CARTESIAN_POINT ( 'NONE',  ( -25.00000000000000000, -2.598076211353315124, -4.305486435875756105E-17 ) ) ;
#4628 = EDGE_CURVE ( 'NONE', #4655, #1011, #1593, .T. ) ;
#4629 = CARTESIAN_POINT ( 'NONE',  ( -24.31249999999998934, 2.033577675846917841E-16, 1.500000000000001110 ) ) ;
#4630 =( BOUNDED_CURVE ( )  B_SPLINE_CURVE ( 2, ( #3841, #4225, #3407, #5079, #4561, #2538, #4169, #4588, #485, #4614, #1340, #2124, #539, #2999, #458, #3381, #5054, #3786, #2096, #3759, #44, #70, #2974, #5027, #2178, #1689, #1284, #2941, #885, #4694, #2201, #4803, #236, #2286, #3867, #1073, #1794, #1825, #4721, #208, #3490, #150, #2724, #3978, #5163, #3463, #259, #968, #176, #3894, #1908, #3544, #4749, #2618, #5130, #2311, #4280, #5103, #2700, #566, #1365, #2670, #4338, #1391, #3055, #3110, #992, #2645, #3516, #1418, #3080, #4308, #3026, #1019, #589, #2227, #618, #2257, #3925, #5217, #3954, #5190, #1854, #1048, #1447, #4778, #4368, #649, #1881, #1473, #3138, #4394, #674, #4448, #2773, #3621, #4937, #3646, #4828, #1499, #314 ),
 .UNSPECIFIED., .F., .T. ) 
 B_SPLINE_CURVE_WITH_KNOTS ( ( 3, 2, 2, 2, 2, 2, 2, 2, 2, 2, 2, 2, 2, 2, 2, 2, 2, 2, 2, 2, 2, 2, 2, 2, 2, 2, 2, 2, 2, 2, 2, 2, 2, 2, 2, 2, 2, 2, 2, 2, 2, 2, 2, 2, 2, 2, 2, 2, 2, 2, 3 ),
 ( 0.05448862177080369268, 0.06060606060606060774, 0.07575757575757575968, 0.09090909090909091161, 0.1060606060606060497, 0.1212121212121212155, 0.1363636363636363535, 0.1515151515151515194, 0.1666666666666666574, 0.1818181818181818232, 0.1969696969696969613, 0.2121212121212121271, 0.2272727272727272652, 0.2424242424242424032, 0.2575757575757575690, 0.2727272727272727071, 0.2878787878787879007, 0.3030303030303030387, 0.3181818181818181768, 0.3333333333333333148, 0.3484848484848485084, 0.3636363636363636465, 0.3787878787878787845, 0.3939393939393939226, 0.4090909090909091161, 0.4242424242424242542, 0.4393939393939393367, 0.4545454545454545858, 0.4696969696969697794, 0.4848484848484848619, 0.5000000000000000000, 0.5151515151515151381, 0.5303030303030301651, 0.5454545454545454142, 0.5606060606060605522, 0.5757575757575758013, 0.5909090909090909394, 0.6060606060606060774, 0.6212121212121212155, 0.6363636363636363535, 0.6515151515151514916, 0.6666666666666666297, 0.6818181818181817677, 0.6969696969696970168, 0.7121212121212121549, 0.7272727272727272929, 0.7424242424242424310, 0.7575757575757575690, 0.7727272727272725961, 0.7878787878787879562, 0.7950235631027586791 ),
 .UNSPECIFIED. ) 
 CURVE ( )  GEOMETRIC_REPRESENTATION_ITEM ( )  RATIONAL_B_SPLINE_CURVE ( ( 0.9354949502796743310, 0.9459076277434219637, 1.000000000000000000, 0.8660254037844387076, 1.000000000000000000, 0.8660254037844387076, 1.000000000000000000, 0.8660254037844387076, 1.000000000000000000, 0.8660254037844387076, 1.000000000000000000, 0.8660254037844387076, 1.000000000000000000, 0.8660254037844387076, 1.000000000000000000, 0.8660254037844387076, 1.000000000000000000, 0.8660254037844387076, 1.000000000000000000, 0.8660254037844387076, 1.000000000000000000, 0.8660254037844387076, 1.000000000000000000, 0.8660254037844387076, 1.000000000000000000, 0.8660254037844387076, 1.000000000000000000, 0.8660254037844387076, 1.000000000000000000, 0.8660254037844387076, 1.000000000000000000, 0.8660254037844387076, 1.000000000000000000, 0.8660254037844387076, 1.000000000000000000, 0.8660254037844387076, 1.000000000000000000, 0.8660254037844387076, 1.000000000000000000, 0.8660254037844387076, 1.000000000000000000, 0.8660254037844387076, 1.000000000000000000, 0.8660254037844387076, 1.000000000000000000, 0.8660254037844387076, 1.000000000000000000, 0.8660254037844387076, 1.000000000000000000, 0.8660254037844387076, 1.000000000000000000, 0.8660254037844387076, 1.000000000000000000, 0.8660254037844387076, 1.000000000000000000, 0.8660254037844387076, 1.000000000000000000, 0.8660254037844387076, 1.000000000000000000, 0.8660254037844387076, 1.000000000000000000, 0.8660254037844387076, 1.000000000000000000, 0.8660254037844387076, 1.000000000000000000, 0.8660254037844387076, 1.000000000000000000, 0.8660254037844387076, 1.000000000000000000, 0.8660254037844387076, 1.000000000000000000, 0.8660254037844387076, 1.000000000000000000, 0.8660254037844387076, 1.000000000000000000, 0.8660254037844387076, 1.000000000000000000, 0.8660254037844387076, 1.000000000000000000, 0.8660254037844387076, 1.000000000000000000, 0.8660254037844387076, 1.000000000000000000, 0.8660254037844387076, 1.000000000000000000, 0.8660254037844387076, 1.000000000000000000, 0.8660254037844387076, 1.000000000000000000, 0.8660254037844387076, 1.000000000000000000, 0.8660254037844387076, 1.000000000000000000, 0.8660254037844387076, 1.000000000000000000, 0.8660254037844387076, 1.000000000000000000, 0.8660254037844387076, 1.000000000000000000, 0.9368235872049589519, 0.9332295019017299298 ) ) 
 REPRESENTATION_ITEM ( '' )  );
#4631 = ORIENTED_EDGE ( 'NONE', *, *, #512, .T. ) ;
#4632 = CARTESIAN_POINT ( 'NONE',  ( -19.77083333333332504, 0.5876202367904159729, -1.017788105676656896 ) ) ;
#4633 = CARTESIAN_POINT ( 'NONE',  ( 24.85416666666666430, -0.5876202367904145296, 1.017788105676650900 ) ) ;
#4634 = CARTESIAN_POINT ( 'NONE',  ( -20.97916666666666075, -1.175240473580833500, 0.6785254037844380415 ) ) ;
#4635 = VERTEX_POINT ( 'NONE', #2506 ) ;
#4636 = CARTESIAN_POINT ( 'NONE',  ( 21.75000000000000000, 1.175240473580827949, 0.000000000000000000 ) ) ;
#4637 = DIRECTION ( 'NONE',  ( -1.000000000000000000, -0.000000000000000000, -0.000000000000000000 ) ) ;
#4638 = CARTESIAN_POINT ( 'NONE',  ( -22.16666666666665719, 0.5876202367904169721, 1.017788105676656452 ) ) ;
#4639 = CARTESIAN_POINT ( 'NONE',  ( 21.70833333333333570, 1.175240473580827727, -0.6785254037844341557 ) ) ;
#4640 = CARTESIAN_POINT ( 'NONE',  ( -21.33482909936925154, 0.4019237886466813237, 1.500000000000003109 ) ) ;
#4641 = CARTESIAN_POINT ( 'NONE',  ( 24.18749999999999645, 1.175240473580827949, 0.000000000000000000 ) ) ;
#4642 = EDGE_CURVE ( 'NONE', #3949, #1780, #483, .T. ) ;
#4643 = CARTESIAN_POINT ( 'NONE',  ( -20.45833333333333570, 1.500000000000001110, 0.8660254037844392627 ) ) ;
#4644 = CARTESIAN_POINT ( 'NONE',  ( -21.41666666666665719, -0.5876202367904174162, -1.017788105676656230 ) ) ;
#4645 = APPROVAL_STATUS ( 'not_yet_approved' ) ;
#4646 = CARTESIAN_POINT ( 'NONE',  ( -20.29166666666666075, 1.175240473580833500, -0.6785254037844382635 ) ) ;
#4647 = CARTESIAN_POINT ( 'NONE',  ( -19.91666666666667140, 0.7500000000000008882, 1.299038105676659116 ) ) ;
#4648 = CARTESIAN_POINT ( 'NONE',  ( 24.93749999999999645, -1.175240473580827949, -1.439254484199180504E-16 ) ) ;
#4649 = DIRECTION ( 'NONE',  ( 1.000000000000000000, 0.000000000000000000, 0.000000000000000000 ) ) ;
#4650 = CARTESIAN_POINT ( 'NONE',  ( -22.97916666666665719, 1.500000000000000888, -0.8660254037844402619 ) ) ;
#4651 = CARTESIAN_POINT ( 'NONE',  ( 24.79166666666666430, -1.499999999999999778, -0.8660254037844391517 ) ) ;
#4652 = CARTESIAN_POINT ( 'NONE',  ( 20.89583333333333215, -1.175240473580827949, 0.6785254037844338226 ) ) ;
#4653 = FACE_OUTER_BOUND ( 'NONE', #1490, .T. ) ;
#4654 = CYLINDRICAL_SURFACE ( 'NONE', #3221, 1.500000000000000222 ) ;
#4655 = VERTEX_POINT ( 'NONE', #2069 ) ;
#4656 = CARTESIAN_POINT ( 'NONE',  ( -19.10416666666665719, -0.7500000000000013323, -1.299038105676658894 ) ) ;
#4657 = CARTESIAN_POINT ( 'NONE',  ( 22.43750000000000000, -1.175240473580827949, -1.439254484199180504E-16 ) ) ;
#4658 = CARTESIAN_POINT ( 'NONE',  ( -21.22916666666666075, 1.175240473580833056, -0.6785254037844382635 ) ) ;
#4659 = ORIENTED_EDGE ( 'NONE', *, *, #1390, .F. ) ;
#4660 = ORIENTED_EDGE ( 'NONE', *, *, #4763, .F. ) ;
#4661 = CARTESIAN_POINT ( 'NONE',  ( 22.37499999999999645, -2.492861891654318526E-16, 1.357050807568868533 ) ) ;
#4662 =( BOUNDED_CURVE ( )  B_SPLINE_CURVE ( 2, ( #2368, #3523, #3602, #2316, #3960, #1941, #1527, #4811, #5298 ),
 .UNSPECIFIED., .F., .F. ) 
 B_SPLINE_CURVE_WITH_KNOTS ( ( 3, 2, 2, 2, 3 ),
 ( 0.4470107333476061040, 0.4534888954548827456, 0.4664457210393079811, 0.4794025466237331612, 0.4858808386549584024 ),
 .UNSPECIFIED. ) 
 CURVE ( )  GEOMETRIC_REPRESENTATION_ITEM ( )  RATIONAL_B_SPLINE_CURVE ( ( 0.9330127019925218423, 0.9330152939941858126, 1.000000000000000000, 0.8660254037844387076, 1.000000000000000000, 0.8660254037844387076, 1.000000000000000000, 0.9330139505703327618, 0.9330127019154954571 ) ) 
 REPRESENTATION_ITEM ( '' )  );
#4663 = CARTESIAN_POINT ( 'NONE',  ( -18.60000000000000142, 1.836970198721030427E-16, -1.500000000000000666 ) ) ;
#4664 = CARTESIAN_POINT ( 'NONE',  ( -22.83333333333332504, 0.5876202367904159729, -1.017788105676656896 ) ) ;
#4665 = CARTESIAN_POINT ( 'NONE',  ( 22.50000000000000000, -1.175240473580827949, -1.439254484199180504E-16 ) ) ;
#4666 = FACE_OUTER_BOUND ( 'NONE', #445, .T. ) ;
#4667 = CARTESIAN_POINT ( 'NONE',  ( 23.22916666666666430, 1.175240473580827727, 0.6785254037844348218 ) ) ;
#4668 = CARTESIAN_POINT ( 'NONE',  ( -20.58333333333333925, 0.7499999999999995559, -1.299038105676659560 ) ) ;
#4669 = CARTESIAN_POINT ( 'NONE',  ( -20.99999999999998934, -1.175240473580833722, 1.439254484199187407E-16 ) ) ;
#4670 = CALENDAR_DATE ( 2026, 8, 1 ) ;
#4671 = CARTESIAN_POINT ( 'NONE',  ( -21.12499999999999289, 8.309539638847769097E-17, 1.357050807568875195 ) ) ;
#4672 = CARTESIAN_POINT ( 'NONE',  ( -21.25000000000000355, -1.500000000000001332, 1.836970198721031413E-16 ) ) ;
#4673 = CARTESIAN_POINT ( 'NONE',  ( 24.06249999999999645, 8.309539638847728421E-17, -1.357050807568868533 ) ) ;
#4674 = EDGE_CURVE ( 'NONE', #3095, #4635, #3541, .T. ) ;
#4675 = CARTESIAN_POINT ( 'NONE',  ( -23.14733070687471184, -0.4019527237447844126, -1.499983294313324222 ) ) ;
#4676 = CARTESIAN_POINT ( 'NONE',  ( -22.56249999999998934, -3.181725716174723456E-16, -1.732050807568878747 ) ) ;
#4677 = CARTESIAN_POINT ( 'NONE',  ( 24.62499999999999645, -3.181725716174720005E-16, 1.732050807568877193 ) ) ;
#4678 = CARTESIAN_POINT ( 'NONE',  ( 25.20833333333333215, 1.175240473580827727, -0.6785254037844341557 ) ) ;
#4679 = ORIENTED_EDGE ( 'NONE', *, *, #3833, .T. ) ;
#4680 = AXIS2_PLACEMENT_3D ( 'NONE', #2456, #4568, #2103 ) ;
#4681 = EDGE_LOOP ( 'NONE', ( #2877, #3124, #2824, #1065 ) ) ;
#4682 = CARTESIAN_POINT ( 'NONE',  ( -20.31249999999998934, 2.033577675846917841E-16, 1.500000000000001110 ) ) ;
#4683 = CARTESIAN_POINT ( 'NONE',  ( 23.77083333333333215, 0.5876202367904130863, 1.017788105676651789 ) ) ;
#4684 = DIRECTION ( 'NONE',  ( 0.000000000000000000, 0.000000000000000000, -1.000000000000000000 ) ) ;
#4685 = ORIENTED_EDGE ( 'NONE', *, *, #3225, .F. ) ;
#4686 = ORIENTED_EDGE ( 'NONE', *, *, #3005, .T. ) ;
#4687 = CARTESIAN_POINT ( 'NONE',  ( 23.83333333333333215, 0.5876202367904130863, 1.017788105676651789 ) ) ;
#4688 = CARTESIAN_POINT ( 'NONE',  ( 19.99999999999999645, 0.000000000000000000, 0.000000000000000000 ) ) ;
#4689 = CARTESIAN_POINT ( 'NONE',  ( 20.90380221192613064, -1.171591312018545050, 0.2918290654030449294 ) ) ;
#4690 = CARTESIAN_POINT ( 'NONE',  ( 22.00000000000000000, -1.175240473580827949, -1.439254484199180504E-16 ) ) ;
#4691 = DIRECTION ( 'NONE',  ( 1.000000000000000000, 0.000000000000000000, 0.000000000000000000 ) ) ;
#4692 = CARTESIAN_POINT ( 'NONE',  ( 24.85416666666666430, -0.5876202367904145296, 1.017788105676650900 ) ) ;
#4693 = EDGE_CURVE ( 'NONE', #5260, #3672, #5124, .T. ) ;
#4694 = CARTESIAN_POINT ( 'NONE',  ( 23.79166666666666430, 1.175240473580827727, 0.6785254037844348218 ) ) ;
#4695 = CARTESIAN_POINT ( 'NONE',  ( -21.99999999999999289, -1.175240473580833722, 1.439254484199187407E-16 ) ) ;
#4696 = APPLICATION_PROTOCOL_DEFINITION ( 'international standard', 'config_control_design', 1994, #3821 ) ;
#4697 = CARTESIAN_POINT ( 'NONE',  ( -18.83333333333332504, 0.5876202367904159729, -1.017788105676656896 ) ) ;
#4698 = CARTESIAN_POINT ( 'NONE',  ( 20.04166666666666430, 1.499999999999999778, 0.8660254037844394848 ) ) ;
#4699 = VECTOR ( 'NONE', #4637, 1000.000000000000000 ) ;
#4700 = CARTESIAN_POINT ( 'NONE',  ( -23.27083333333332504, -0.7500000000000003331, 1.299038105676659338 ) ) ;
#4701 = VECTOR ( 'NONE', #1063, 1000.000000000000000 ) ;
#4702 = CARTESIAN_POINT ( 'NONE',  ( 23.47916666666666430, 1.499999999999999778, 0.8660254037844394848 ) ) ;
#4703 = CARTESIAN_POINT ( 'NONE',  ( 19.93749999999999645, -1.175240473580827949, -1.439254484199180504E-16 ) ) ;
#4704 = CARTESIAN_POINT ( 'NONE',  ( -22.29017090063073425, -0.4019237886466857090, 1.500000000000000444 ) ) ;
#4705 = AXIS2_PLACEMENT_3D ( 'NONE', #5365, #5284, #4021 ) ;
#4706 = EDGE_LOOP ( 'NONE', ( #1382, #1707, #2601, #194, #224, #1753, #2740, #4295 ) ) ;
#4707 =( BOUNDED_CURVE ( )  B_SPLINE_CURVE ( 2, ( #1398, #3819, #944, #3085, #129, #5110, #182, #2596, #546 ),
 .UNSPECIFIED., .F., .F. ) 
 B_SPLINE_CURVE_WITH_KNOTS ( ( 3, 2, 2, 2, 3 ),
 ( 0.6136363636363636465, 0.6212121212121212155, 0.6363636363636363535, 0.6515151515151514916, 0.6590909090909090606 ),
 .UNSPECIFIED. ) 
 CURVE ( )  GEOMETRIC_REPRESENTATION_ITEM ( )  RATIONAL_B_SPLINE_CURVE ( ( 0.9330127018922194093, 0.9330127018922194093, 1.000000000000000000, 0.8660254037844387076, 1.000000000000000000, 0.8660254037844387076, 1.000000000000000000, 0.9330127018922194093, 0.9330127018922194093 ) ) 
 REPRESENTATION_ITEM ( '' )  );
#4708 = EDGE_CURVE ( 'NONE', #3131, #3448, #841, .T. ) ;
#4709 = ORIENTED_EDGE ( 'NONE', *, *, #1083, .T. ) ;
#4710 = FACE_OUTER_BOUND ( 'NONE', #1067, .T. ) ;
#4711 = CARTESIAN_POINT ( 'NONE',  ( 24.18749999999999645, 1.175240473580827949, 0.000000000000000000 ) ) ;
#4712 = DIRECTION ( 'NONE',  ( -1.000000000000000000, -0.000000000000000000, -0.000000000000000000 ) ) ;
#4713 = ORIENTED_EDGE ( 'NONE', *, *, #2196, .F. ) ;
#4714 = ORIENTED_EDGE ( 'NONE', *, *, #4393, .T. ) ;
#4715 = CARTESIAN_POINT ( 'NONE',  ( 19.91112699135086572, -0.8715987694102436123, -2.249999999999999556 ) ) ;
#4716 = CARTESIAN_POINT ( 'NONE',  ( -24.43749999999998934, -1.175240473580833722, 1.439254484199187407E-16 ) ) ;
#4717 = CARTESIAN_POINT ( 'NONE',  ( -19.45833333333332504, -1.175240473580834166, -0.6785254037844372643 ) ) ;
#4718 = CARTESIAN_POINT ( 'NONE',  ( 25.35416666666666430, 0.7500000000000002220, -1.299038105676658006 ) ) ;
#4719 = CARTESIAN_POINT ( 'NONE',  ( 22.10267090063073780, 0.4019237886466832665, 1.500000000000000222 ) ) ;
#4720 = CARTESIAN_POINT ( 'NONE',  ( 24.06249999999999645, 8.309539638847728421E-17, -1.357050807568868311 ) ) ;
#4721 = CARTESIAN_POINT ( 'NONE',  ( 23.41666666666666430, -0.5876202367904145296, 1.017788105676650900 ) ) ;
#4722 = CARTESIAN_POINT ( 'NONE',  ( -21.04166666666666075, -1.175240473580833722, 0.6785254037844379305 ) ) ;
#4723 = CARTESIAN_POINT ( 'NONE',  ( -22.64583333333332149, 1.175240473580833944, 0.6785254037844374864 ) ) ;
#4724 = CARTESIAN_POINT ( 'NONE',  ( 23.18750000000000000, 1.175240473580827949, 0.000000000000000000 ) ) ;
#4725 = CARTESIAN_POINT ( 'NONE',  ( -23.41666666666667140, 0.7500000000000008882, 1.299038105676659116 ) ) ;
#4726 = EDGE_CURVE ( 'NONE', #1007, #2959, #2200, .T. ) ;
#4727 = CARTESIAN_POINT ( 'NONE',  ( -22.91666666666667140, 0.7500000000000008882, 1.299038105676659116 ) ) ;
#4728 = CARTESIAN_POINT ( 'NONE',  ( -22.56249999999998934, 8.309539638847769097E-17, 1.357050807568875195 ) ) ;
#4729 = CARTESIAN_POINT ( 'NONE',  ( -22.72916666666666075, -1.500000000000000888, 0.8660254037844398178 ) ) ;
#4730 = CARTESIAN_POINT ( 'NONE',  ( -24.89732807824248795, 0.4019054083645425268, 1.500010611860844056 ) ) ;
#4731 = CARTESIAN_POINT ( 'NONE',  ( 24.91666666666666430, 0.7500000000000002220, -1.299038105676658006 ) ) ;
#4732 = CARTESIAN_POINT ( 'NONE',  ( 21.14583333333333215, 1.175240473580827727, -0.6785254037844341557 ) ) ;
#4733 = LINE ( 'NONE', #1005, #3979 ) ;
#4734 = ORIENTED_EDGE ( 'NONE', *, *, #1438, .T. ) ;
#4735 = ORIENTED_EDGE ( 'NONE', *, *, #4628, .F. ) ;
#4736 = PLANE ( 'NONE',  #4260 ) ;
#4737 = CARTESIAN_POINT ( 'NONE',  ( 23.18750000000000000, 1.175240473580827949, 0.000000000000000000 ) ) ;
#4738 = FACE_OUTER_BOUND ( 'NONE', #441, .T. ) ;
#4739 = EDGE_CURVE ( 'NONE', #2695, #4267, #1360, .T. ) ;
#4740 = EDGE_LOOP ( 'NONE', ( #3745, #2087, #4468 ) ) ;
#4741 = ORIENTED_EDGE ( 'NONE', *, *, #1003, .F. ) ;
#4742 =( BOUNDED_CURVE ( )  B_SPLINE_CURVE ( 2, ( #2676, #4342, #2313, #1501, #5193, #3981, #3113, #2703, #4830 ),
 .UNSPECIFIED., .F., .F. ) 
 B_SPLINE_CURVE_WITH_KNOTS ( ( 3, 2, 2, 2, 3 ),
 ( 0.4081400880878836013, 0.4146184187016070943, 0.4275752442860322744, 0.4405320698704575100, 0.4470107333476061040 ),
 .UNSPECIFIED. ) 
 CURVE ( )  GEOMETRIC_REPRESENTATION_ITEM ( )  RATIONAL_B_SPLINE_CURVE ( ( 0.9330127019029981206, 0.9330135516242641369, 1.000000000000000000, 0.8660254037844387076, 1.000000000000000000, 0.8660254037844387076, 1.000000000000000000, 0.9330101097902528950, 0.9330127019925218423 ) ) 
 REPRESENTATION_ITEM ( '' )  );
#4743 = DIRECTION ( 'NONE',  ( 1.000000000000000000, 0.000000000000000000, 0.000000000000000000 ) ) ;
#4744 = CARTESIAN_POINT ( 'NONE',  ( -24.56249999999998934, 8.309539638847769097E-17, 1.357050807568875195 ) ) ;
#4745 = VERTEX_POINT ( 'NONE', #235 ) ;
#4746 = CARTESIAN_POINT ( 'NONE',  ( 20.88809184293202748, -1.019923240186844104, 0.6165642311182221169 ) ) ;
#4747 = CARTESIAN_POINT ( 'NONE',  ( 23.64583333333333215, -1.500000000000000222, 0.8660254037844381525 ) ) ;
#4748 = CARTESIAN_POINT ( 'NONE',  ( 22.85416666666666430, -0.5876202367904145296, 1.017788105676650900 ) ) ;
#4749 = CARTESIAN_POINT ( 'NONE',  ( 22.83333333333333215, 0.5876202367904130863, 1.017788105676651789 ) ) ;
#4750 = CARTESIAN_POINT ( 'NONE',  ( -20.24999999999998934, 1.175240473580833722, 0.000000000000000000 ) ) ;
#4751 = CARTESIAN_POINT ( 'NONE',  ( -23.06249999999999645, 8.309539638847769097E-17, 1.357050807568875195 ) ) ;
#4752 = CARTESIAN_POINT ( 'NONE',  ( 23.27083333333333215, 0.5876202367904130863, 1.017788105676651789 ) ) ;
#4753 = CARTESIAN_POINT ( 'NONE',  ( -23.22916666666665719, -1.500000000000000888, 0.8660254037844398178 ) ) ;
#4754 = CARTESIAN_POINT ( 'NONE',  ( -19.58333333333333925, 0.7499999999999995559, -1.299038105676659560 ) ) ;
#4755 = DIRECTION ( 'NONE',  ( 1.000000000000000000, 0.000000000000000000, 0.000000000000000000 ) ) ;
#4756 = CARTESIAN_POINT ( 'NONE',  ( -20.43749999999998934, -1.175240473580833722, 1.439254484199187407E-16 ) ) ;
#4757 = CARTESIAN_POINT ( 'NONE',  ( -22.85416666666665719, 0.7500000000000008882, 1.299038105676659116 ) ) ;
#4758 = CARTESIAN_POINT ( 'NONE',  ( -18.60000000000000142, 1.836970198721030427E-16, -1.500000000000000666 ) ) ;
#4759 = CARTESIAN_POINT ( 'NONE',  ( -24.95833333333332504, -1.175240473580834166, -0.6785254037844371533 ) ) ;
#4760 = CARTESIAN_POINT ( 'NONE',  ( -19.47916666666666075, -1.175240473580833722, 0.6785254037844379305 ) ) ;
#4761 = CYLINDRICAL_SURFACE ( 'NONE', #1194, 1.500000000000000666 ) ;
#4762 = ORIENTED_EDGE ( 'NONE', *, *, #2132, .F. ) ;
#4763 = EDGE_CURVE ( 'NONE', #3101, #91, #1981, .T. ) ;
#4764 = ORIENTED_EDGE ( 'NONE', *, *, #1295, .F. ) ;
#4765 = CARTESIAN_POINT ( 'NONE',  ( -18.97916666666666075, -1.175240473580833722, 0.6785254037844379305 ) ) ;
#4766 = CARTESIAN_POINT ( 'NONE',  ( 22.06250000000000000, 8.309539638847728421E-17, -1.357050807568868533 ) ) ;
#4767 = FACE_OUTER_BOUND ( 'NONE', #1758, .T. ) ;
#4768 = ORIENTED_EDGE ( 'NONE', *, *, #2921, .T. ) ;
#4769 = ORIENTED_EDGE ( 'NONE', *, *, #692, .T. ) ;
#4770 = CARTESIAN_POINT ( 'NONE',  ( 20.83333333333333215, 0.5876202367904130863, 1.017788105676651789 ) ) ;
#4771 = AXIS2_PLACEMENT_3D ( 'NONE', #5048, #478, #3779 ) ;
#4772 = ORIENTED_EDGE ( 'NONE', *, *, #384, .T. ) ;
#4773 = CARTESIAN_POINT ( 'NONE',  ( -20.41666666666667496, 0.7500000000000008882, 1.299038105676659116 ) ) ;
#4774 = CARTESIAN_POINT ( 'NONE',  ( -19.08333333333332504, -0.5876202367904166390, 1.017788105676656674 ) ) ;
#4775 =( BOUNDED_CURVE ( )  B_SPLINE_CURVE ( 2, ( #4182, #1726, #3771, #56, #3336, #1322, #3365, #2986, #5039 ),
 .UNSPECIFIED., .F., .F. ) 
 B_SPLINE_CURVE_WITH_KNOTS ( ( 3, 2, 2, 2, 3 ),
 ( 0.1346153846153846090, 0.1410256410256410242, 0.1538461538461538547, 0.1666666666666666574, 0.1730769230769230727 ),
 .UNSPECIFIED. ) 
 CURVE ( )  GEOMETRIC_REPRESENTATION_ITEM ( )  RATIONAL_B_SPLINE_CURVE ( ( 0.9330127018922194093, 0.9330127018922194093, 1.000000000000000000, 0.8660254037844387076, 1.000000000000000000, 0.8660254037844387076, 1.000000000000000000, 0.9330127018922194093, 0.9330127018922194093 ) ) 
 REPRESENTATION_ITEM ( '' )  );
#4776 = CARTESIAN_POINT ( 'NONE',  ( 23.81249999999999645, 2.033577675846917841E-16, -1.499999999999999778 ) ) ;
#4777 = CARTESIAN_POINT ( 'NONE',  ( 24.31250000000000711, -1.191095495853194869E-15, -1.499999999999999778 ) ) ;
#4778 = CARTESIAN_POINT ( 'NONE',  ( 21.45833333333333215, -1.175240473580828393, 0.6785254037844338226 ) ) ;
#4779 = ADVANCED_FACE ( 'NONE', ( #1121 ), #1032, .T. ) ;
#4780 = CARTESIAN_POINT ( 'NONE',  ( 23.14583333333332860, 1.175240473580827727, -0.6785254037844341557 ) ) ;
#4781 = CARTESIAN_POINT ( 'NONE',  ( -19.91666666666667140, 0.7500000000000008882, 1.299038105676659116 ) ) ;
#4782 = CARTESIAN_POINT ( 'NONE',  ( 23.68749999999999645, -1.500000000000000000, -1.836970198721029934E-16 ) ) ;
#4783 = CARTESIAN_POINT ( 'NONE',  ( 22.10416666666666430, -0.7500000000000006661, 1.299038105676657562 ) ) ;
#4784 = CARTESIAN_POINT ( 'NONE',  ( -22.70833333333333215, -1.500000000000002220, -0.8660254037844388186 ) ) ;
#4785 = CARTESIAN_POINT ( 'NONE',  ( -21.64583333333332860, 1.175240473580833944, 0.6785254037844374864 ) ) ;
#4786 = CARTESIAN_POINT ( 'NONE',  ( -20.77083333333332504, -0.7500000000000003331, 1.299038105676659338 ) ) ;
#4787 = CARTESIAN_POINT ( 'NONE',  ( 21.19011179173944370, -1.478531070125764568, -0.1926800700215596795 ) ) ;
#4788 = FACE_OUTER_BOUND ( 'NONE', #3502, .T. ) ;
#4789 = CARTESIAN_POINT ( 'NONE',  ( -24.70833333333334281, -1.500000000000001998, -0.8660254037844388186 ) ) ;
#4790 = DIRECTION ( 'NONE',  ( -1.000000000000000000, -0.000000000000000000, -0.000000000000000000 ) ) ;
#4791 = ORIENTED_EDGE ( 'NONE', *, *, #3198, .F. ) ;
#4792 = CYLINDRICAL_SURFACE ( 'NONE', #4967, 1.500000000000000666 ) ;
#4793 = ORIENTED_EDGE ( 'NONE', *, *, #82, .T. ) ;
#4794 = AXIS2_PLACEMENT_3D ( 'NONE', #2254, #3923, #205 ) ;
#4795 = EDGE_CURVE ( 'NONE', #2687, #4189, #5310, .T. ) ;
#4796 = EDGE_LOOP ( 'NONE', ( #953, #551, #281, #4323 ) ) ;
#4797 = CARTESIAN_POINT ( 'NONE',  ( 20.87499999999999645, -2.492861891654318526E-16, 1.357050807568868533 ) ) ;
#4798 = ORIENTED_EDGE ( 'NONE', *, *, #475, .F. ) ;
#4799 = CARTESIAN_POINT ( 'NONE',  ( -24.70833333333334281, -1.500000000000002220, -0.8660254037844388186 ) ) ;
#4800 = CARTESIAN_POINT ( 'NONE',  ( 20.89866283041524397, -1.132016744791704443, 0.4051107178615768745 ) ) ;
#4801 = CARTESIAN_POINT ( 'NONE',  ( 24.99999999999999645, 0.000000000000000000, 0.000000000000000000 ) ) ;
#4802 = CARTESIAN_POINT ( 'NONE',  ( 20.93749999999999645, -1.175240473580827949, -1.439254484199180504E-16 ) ) ;
#4803 = CARTESIAN_POINT ( 'NONE',  ( 23.70833333333333215, 1.175240473580827949, -0.6785254037844341557 ) ) ;
#4804 =( BOUNDED_CURVE ( )  B_SPLINE_CURVE ( 2, ( #4086, #1993, #2095, #2016, #3680, #5352, #2913, #4587, #1688 ),
 .UNSPECIFIED., .F., .F. ) 
 B_SPLINE_CURVE_WITH_KNOTS ( ( 3, 2, 2, 2, 3 ),
 ( 0.3409090909090909394, 0.3484848484848485084, 0.3636363636363636465, 0.3787878787878787845, 0.3863636363636363535 ),
 .UNSPECIFIED. ) 
 CURVE ( )  GEOMETRIC_REPRESENTATION_ITEM ( )  RATIONAL_B_SPLINE_CURVE ( ( 0.9330127018922194093, 0.9330127018922196314, 1.000000000000000000, 0.8660254037844387076, 1.000000000000000000, 0.8660254037844387076, 1.000000000000000000, 0.9330127018922194093, 0.9330127018922194093 ) ) 
 REPRESENTATION_ITEM ( '' )  );
#4805 = CARTESIAN_POINT ( 'NONE',  ( 22.27083333333332860, 0.5876202367904130863, 1.017788105676651789 ) ) ;
#4806 = CARTESIAN_POINT ( 'NONE',  ( -23.31249999999998934, 2.033577675846917841E-16, 1.500000000000001110 ) ) ;
#4807 = EDGE_CURVE ( 'NONE', #1534, #666, #4524, .T. ) ;
#4808 = CARTESIAN_POINT ( 'NONE',  ( 24.52083333333333215, 0.7499999999999988898, 1.299038105676658672 ) ) ;
#4809 = EDGE_CURVE ( 'NONE', #4301, #5095, #1712, .T. ) ;
#4810 = CARTESIAN_POINT ( 'NONE',  ( 23.81249999999999645, 2.033577675846917841E-16, -1.499999999999999778 ) ) ;
#4811 = CARTESIAN_POINT ( 'NONE',  ( -21.89732948571110427, 0.4019307427997277360, 1.499995985017869904 ) ) ;
#4812 = CARTESIAN_POINT ( 'NONE',  ( -22.14583333333332504, 1.175240473580833944, 0.6785254037844374864 ) ) ;
#4813 = CARTESIAN_POINT ( 'NONE',  ( -21.22916666666666075, -1.500000000000000888, 0.8660254037844398178 ) ) ;
#4814 = CYLINDRICAL_SURFACE ( 'NONE', #77, 1.500000000000000666 ) ;
#4815 = CARTESIAN_POINT ( 'NONE',  ( -24.08333333333332504, -0.5876202367904166390, 1.017788105676656674 ) ) ;
#4816 = CARTESIAN_POINT ( 'NONE',  ( -24.66666666666667140, -0.7500000000000013323, -1.299038105676658894 ) ) ;
#4817 = CARTESIAN_POINT ( 'NONE',  ( -19.68749999999998934, -1.500000000000001332, 1.836970198721031413E-16 ) ) ;
#4818 = CARTESIAN_POINT ( 'NONE',  ( -20.31249999999999289, -2.492861891654330359E-16, -1.357050807568875195 ) ) ;
#4819 = CARTESIAN_POINT ( 'NONE',  ( 21.07307868706373100, 1.373441875318507366, -0.02767226495579040366 ) ) ;
#4820 = ORIENTED_EDGE ( 'NONE', *, *, #387, .T. ) ;
#4821 = ORIENTED_EDGE ( 'NONE', *, *, #3666, .F. ) ;
#4822 = CARTESIAN_POINT ( 'NONE',  ( 20.08333333333333215, -0.5876202367904137525, -1.017788105676651345 ) ) ;
#4823 = ORIENTED_EDGE ( 'NONE', *, *, #5112, .T. ) ;
#4824 = CYLINDRICAL_SURFACE ( 'NONE', #536, 1.500000000000000666 ) ;
#4825 = CARTESIAN_POINT ( 'NONE',  ( -23.47916666666665364, -1.175240473580833500, 0.6785254037844380415 ) ) ;
#4826 = DIRECTION ( 'NONE',  ( 1.000000000000000000, 0.000000000000000000, 0.000000000000000000 ) ) ;
#4827 = CARTESIAN_POINT ( 'NONE',  ( 22.02083333333332860, -0.5876202367904137525, -1.017788105676651345 ) ) ;
#4828 = CARTESIAN_POINT ( 'NONE',  ( 20.91666666666666785, -0.5876202367904145296, 1.017788105676650900 ) ) ;
#4829 = CARTESIAN_POINT ( 'NONE',  ( 21.10416666666666785, 0.5876202367904140855, -1.017788105676651345 ) ) ;
#4830 = CARTESIAN_POINT ( 'NONE',  ( -22.12471831453381199, 1.574186910151239357E-05, -1.499999999838721232 ) ) ;
#4831 = CARTESIAN_POINT ( 'NONE',  ( 22.89583333333333215, 1.500000000000000222, -0.8660254037844384856 ) ) ;
#4832 = CARTESIAN_POINT ( 'NONE',  ( -24.77083333333332504, -0.7500000000000003331, 1.299038105676659338 ) ) ;
#4833 = CARTESIAN_POINT ( 'NONE',  ( -24.65743857885215462, 0.1929558953977508207, 1.196574318340783538 ) ) ;
#4834 = CARTESIAN_POINT ( 'NONE',  ( -21.81249999999998934, -2.492861891654330359E-16, -1.357050807568875195 ) ) ;
#4835 = CARTESIAN_POINT ( 'NONE',  ( -21.39583333333332504, 1.500000000000001554, 0.8660254037844392627 ) ) ;
#4836 =( BOUNDED_SURFACE ( )  B_SPLINE_SURFACE ( 1, 2, ( 
 ( #5098, #560, #202, #533, #3888, #3019, #5185, #1849, #1441, #3103, #2762, #4275, #961, #4843, #171, #4744, #5158, #1414, #4716, #3201, #2195, #4869, #1789, #117, #3836, #1014, #1817, #3457, #1359, #3484, #3076, #1112, #2665, #1135, #714, #2612, #613, #2250, #2351, #986, #2639, #4303, #4018, #3611, #303, #2790, #2172, #2377, #4043, #329, #1976, #4463, #741, #2707, #1426, #5248, #1399, #2235, #2317, #3933, #266, #1804, #1481, #4728, #1916, #3167, #1887, #3961, #242, #3144, #1080, #2651, #3061, #4812, #216, #3116, #3524, #5197, #5170, #1505, #597, #4834, #3902, #3872, #2206, #4785, #1861, #185, #156, #1454, #2265, #3551, #1055, #3577, #5223, #998, #4374, #658, #2292, #4315, #3087, #3496, #4345, #1102, #2729, #3468, #5139, #1027, #4400, #681, #4287, #571, #1833, #3985, #4756, #2679, #628, #4818, #1921, #633, #1082, #662, #3581, #709, #3989, #1429, #4015, #5252, #5228, #299, #1509, #4839, #270, #1865, #3091, #3906, #4349, #4760, #220, #4378, #1106, #2296, #5174, #1486, #3148, #2683, #3529, #3171, #1031, #2785, #246, #3195, #2269, #1839, #4459, #3965, #5201 ),
 ( #2758, #1892, #685, #1458, #4432, #2321, #3938, #4789, #4816, #3607, #2348, #3121, #1946, #5276, #3555, #2734, #1532, #4865, #1131, #2239, #1060, #190, #2711, #3500, #4405, #4565, #1234, #1669, #3223, #4537, #5303, #1972, #3329, #407, #2837, #5005, #2895, #3304, #4893, #2075, #1998, #2047, #4484, #4950, #4510, #3709, #835, #2454, #1559, #2484, #5387, #3684, #4144, #1643, #4978, #4119, #351, #1156, #2373, #2813, #761, #4066, #785, #432, #2425, #3631, #5357, #1613, #2399, #3660, #3738, #5329, #1262, #4092, #2919, #1588, #325, #737, #379, #3248, #4921, #4039, #2020, #3275, #23, #1182, #1209, #810, #2866, #543, #4672, #2100, #1719, #2156, #644, #126, #3763, #942, #3003, #2978, #102, #2696, #1772, #3105, #2594, #74, #2181, #3356, #3950, #1443, #4773, #5107, #232, #1693, #4255, #48, #462, #5031, #1288, #914, #1316, #2512, #4647, #889, #3385, #3845, #5212, #1469, #2565, #3539, #2281, #2945, #4229, #4618, #2542, #4173, #1043, #4202, #861, #3816, #489, #2128, #1877, #1746, #4592, #517, #3411, #3440, #3790, #5057, #4363, #5082, #1343, #2358, #4024, #1518, #4049 ) ),
 .UNSPECIFIED., .F., .F., .F. ) 
 B_SPLINE_SURFACE_WITH_KNOTS ( ( 2, 2 ),
 ( 3, 2, 2, 2, 2, 2, 2, 2, 2, 2, 2, 2, 2, 2, 2, 2, 2, 2, 2, 2, 2, 2, 2, 2, 2, 2, 2, 2, 2, 2, 2, 2, 2, 2, 2, 2, 2, 2, 2, 2, 2, 2, 2, 2, 2, 2, 2, 2, 2, 2, 2, 2, 2, 2, 2, 2, 2, 2, 2, 2, 2, 2, 2, 2, 2, 2, 2, 2, 2, 2, 2, 2, 2, 2, 2, 2, 2, 2, 3 ),
 ( 0.000000000000000000, 1.000000000000000000 ),
 ( 0.000000000000000000, 0.01282051282051282007, 0.02564102564102564014, 0.03846153846153846367, 0.05128205128205128027, 0.06410256410256409687, 0.07692307692307692735, 0.08974358974358974395, 0.1025641025641025605, 0.1153846153846153910, 0.1282051282051281937, 0.1410256410256410242, 0.1538461538461538547, 0.1666666666666666574, 0.1794871794871794879, 0.1923076923076923184, 0.2051282051282051211, 0.2179487179487179516, 0.2307692307692307820, 0.2435897435897435848, 0.2564102564102563875, 0.2692307692307692180, 0.2820512820512820484, 0.2948717948717948789, 0.3076923076923077094, 0.3205128205128205399, 0.3333333333333333148, 0.3461538461538461453, 0.3589743589743589758, 0.3717948717948718063, 0.3846153846153846367, 0.3974358974358974117, 0.4102564102564102422, 0.4230769230769230727, 0.4358974358974359031, 0.4487179487179487336, 0.4615384615384615641, 0.4743589743589743390, 0.4871794871794871695, 0.5000000000000000000, 0.5128205128205127750, 0.5256410256410256610, 0.5384615384615384359, 0.5512820512820513219, 0.5641025641025640969, 0.5769230769230768718, 0.5897435897435897578, 0.6025641025641025328, 0.6153846153846154188, 0.6282051282051281937, 0.6410256410256410797, 0.6538461538461538547, 0.6666666666666666297, 0.6794871794871795156, 0.6923076923076922906, 0.7051282051282051766, 0.7179487179487179516, 0.7307692307692307265, 0.7435897435897436125, 0.7564102564102563875, 0.7692307692307692735, 0.7820512820512820484, 0.7948717948717948234, 0.8076923076923077094, 0.8205128205128204844, 0.8333333333333333703, 0.8461538461538461453, 0.8589743589743589203, 0.8717948717948718063, 0.8846153846153845812, 0.8974358974358974672, 0.9102564102564102422, 0.9230769230769231282, 0.9358974358974359031, 0.9487179487179486781, 0.9615384615384615641, 0.9743589743589743390, 0.9871794871794872250, 0.9894794629267638086 ),
 .UNSPECIFIED. ) 
 GEOMETRIC_REPRESENTATION_ITEM ( )  RATIONAL_B_SPLINE_SURFACE ( (
 ( 1.000000000000000000, 0.8660254037844387076, 1.000000000000000000, 0.8660254037844387076, 1.000000000000000000, 0.8660254037844387076, 1.000000000000000000, 0.8660254037844387076, 1.000000000000000000, 0.8660254037844387076, 1.000000000000000000, 0.8660254037844387076, 1.000000000000000000, 0.8660254037844387076, 1.000000000000000000, 0.8660254037844387076, 1.000000000000000000, 0.8660254037844387076, 1.000000000000000000, 0.8660254037844387076, 1.000000000000000000, 0.8660254037844387076, 1.000000000000000000, 0.8660254037844387076, 1.000000000000000000, 0.8660254037844387076, 1.000000000000000000, 0.8660254037844387076, 1.000000000000000000, 0.8660254037844387076, 1.000000000000000000, 0.8660254037844387076, 1.000000000000000000, 0.8660254037844387076, 1.000000000000000000, 0.8660254037844387076, 1.000000000000000000, 0.8660254037844387076, 1.000000000000000000, 0.8660254037844387076, 1.000000000000000000, 0.8660254037844387076, 1.000000000000000000, 0.8660254037844387076, 1.000000000000000000, 0.8660254037844387076, 1.000000000000000000, 0.8660254037844387076, 1.000000000000000000, 0.8660254037844387076, 1.000000000000000000, 0.8660254037844387076, 1.000000000000000000, 0.8660254037844387076, 1.000000000000000000, 0.8660254037844387076, 1.000000000000000000, 0.8660254037844387076, 1.000000000000000000, 0.8660254037844387076, 1.000000000000000000, 0.8660254037844387076, 1.000000000000000000, 0.8660254037844387076, 1.000000000000000000, 0.8660254037844387076, 1.000000000000000000, 0.8660254037844387076, 1.000000000000000000, 0.8660254037844387076, 1.000000000000000000, 0.8660254037844387076, 1.000000000000000000, 0.8660254037844387076, 1.000000000000000000, 0.8660254037844387076, 1.000000000000000000, 0.8660254037844387076, 1.000000000000000000, 0.8660254037844387076, 1.000000000000000000, 0.8660254037844387076, 1.000000000000000000, 0.8660254037844387076, 1.000000000000000000, 0.8660254037844387076, 1.000000000000000000, 0.8660254037844387076, 1.000000000000000000, 0.8660254037844387076, 1.000000000000000000, 0.8660254037844387076, 1.000000000000000000, 0.8660254037844387076, 1.000000000000000000, 0.8660254037844387076, 1.000000000000000000, 0.8660254037844387076, 1.000000000000000000, 0.8660254037844387076, 1.000000000000000000, 0.8660254037844387076, 1.000000000000000000, 0.8660254037844387076, 1.000000000000000000, 0.8660254037844387076, 1.000000000000000000, 0.8660254037844387076, 1.000000000000000000, 0.8660254037844387076, 1.000000000000000000, 0.8660254037844387076, 1.000000000000000000, 0.8660254037844387076, 1.000000000000000000, 0.8660254037844387076, 1.000000000000000000, 0.8660254037844387076, 1.000000000000000000, 0.8660254037844387076, 1.000000000000000000, 0.8660254037844387076, 1.000000000000000000, 0.8660254037844387076, 1.000000000000000000, 0.8660254037844387076, 1.000000000000000000, 0.8660254037844387076, 1.000000000000000000, 0.8660254037844387076, 1.000000000000000000, 0.8660254037844387076, 1.000000000000000000, 0.8660254037844387076, 1.000000000000000000, 0.8660254037844387076, 1.000000000000000000, 0.8660254037844387076, 1.000000000000000000, 0.8660254037844387076, 1.000000000000000000, 0.8660254037844387076, 1.000000000000000000, 0.8660254037844387076, 1.000000000000000000, 0.8660254037844387076, 1.000000000000000000, 0.8660254037844387076, 1.000000000000000000, 0.8660254037844387076, 1.000000000000000000, 0.8660254037844387076, 1.000000000000000000, 0.8660254037844387076, 1.000000000000000000, 0.9759652108803367199, 0.9605540131629901612),
 ( 1.000000000000000000, 0.8660254037844387076, 1.000000000000000000, 0.8660254037844387076, 1.000000000000000000, 0.8660254037844387076, 1.000000000000000000, 0.8660254037844387076, 1.000000000000000000, 0.8660254037844387076, 1.000000000000000000, 0.8660254037844387076, 1.000000000000000000, 0.8660254037844387076, 1.000000000000000000, 0.8660254037844387076, 1.000000000000000000, 0.8660254037844387076, 1.000000000000000000, 0.8660254037844387076, 1.000000000000000000, 0.8660254037844387076, 1.000000000000000000, 0.8660254037844387076, 1.000000000000000000, 0.8660254037844387076, 1.000000000000000000, 0.8660254037844387076, 1.000000000000000000, 0.8660254037844387076, 1.000000000000000000, 0.8660254037844387076, 1.000000000000000000, 0.8660254037844387076, 1.000000000000000000, 0.8660254037844387076, 1.000000000000000000, 0.8660254037844387076, 1.000000000000000000, 0.8660254037844387076, 1.000000000000000000, 0.8660254037844387076, 1.000000000000000000, 0.8660254037844387076, 1.000000000000000000, 0.8660254037844387076, 1.000000000000000000, 0.8660254037844387076, 1.000000000000000000, 0.8660254037844387076, 1.000000000000000000, 0.8660254037844387076, 1.000000000000000000, 0.8660254037844387076, 1.000000000000000000, 0.8660254037844387076, 1.000000000000000000, 0.8660254037844387076, 1.000000000000000000, 0.8660254037844387076, 1.000000000000000000, 0.8660254037844387076, 1.000000000000000000, 0.8660254037844387076, 1.000000000000000000, 0.8660254037844387076, 1.000000000000000000, 0.8660254037844387076, 1.000000000000000000, 0.8660254037844387076, 1.000000000000000000, 0.8660254037844387076, 1.000000000000000000, 0.8660254037844387076, 1.000000000000000000, 0.8660254037844387076, 1.000000000000000000, 0.8660254037844387076, 1.000000000000000000, 0.8660254037844387076, 1.000000000000000000, 0.8660254037844387076, 1.000000000000000000, 0.8660254037844387076, 1.000000000000000000, 0.8660254037844387076, 1.000000000000000000, 0.8660254037844387076, 1.000000000000000000, 0.8660254037844387076, 1.000000000000000000, 0.8660254037844387076, 1.000000000000000000, 0.8660254037844387076, 1.000000000000000000, 0.8660254037844387076, 1.000000000000000000, 0.8660254037844387076, 1.000000000000000000, 0.8660254037844387076, 1.000000000000000000, 0.8660254037844387076, 1.000000000000000000, 0.8660254037844387076, 1.000000000000000000, 0.8660254037844387076, 1.000000000000000000, 0.8660254037844387076, 1.000000000000000000, 0.8660254037844387076, 1.000000000000000000, 0.8660254037844387076, 1.000000000000000000, 0.8660254037844387076, 1.000000000000000000, 0.8660254037844387076, 1.000000000000000000, 0.8660254037844387076, 1.000000000000000000, 0.8660254037844387076, 1.000000000000000000, 0.8660254037844387076, 1.000000000000000000, 0.8660254037844387076, 1.000000000000000000, 0.8660254037844387076, 1.000000000000000000, 0.8660254037844387076, 1.000000000000000000, 0.8660254037844387076, 1.000000000000000000, 0.8660254037844387076, 1.000000000000000000, 0.8660254037844387076, 1.000000000000000000, 0.8660254037844387076, 1.000000000000000000, 0.8660254037844387076, 1.000000000000000000, 0.8660254037844387076, 1.000000000000000000, 0.8660254037844387076, 1.000000000000000000, 0.8660254037844387076, 1.000000000000000000, 0.8660254037844387076, 1.000000000000000000, 0.8660254037844387076, 1.000000000000000000, 0.8660254037844387076, 1.000000000000000000, 0.8660254037844387076, 1.000000000000000000, 0.8660254037844387076, 1.000000000000000000, 0.9759652108803367199, 0.9605540131629901612) ) ) 
 REPRESENTATION_ITEM ( '' )  SURFACE ( )  );
#4837 = LINE ( 'NONE', #3089, #2673 ) ;
#4838 = CARTESIAN_POINT ( 'NONE',  ( -22.79017090063073070, -0.4019237886466857090, 1.500000000000000444 ) ) ;
#4839 = CARTESIAN_POINT ( 'NONE',  ( -19.72916666666666075, 1.175240473580833500, -0.6785254037844382635 ) ) ;
#4840 = PRODUCT ( '98952A402_Aluminum Male-Female Threaded Hex Standoff', '98952A402_Aluminum Male-Female Threaded Hex Standoff', '', ( #3788 ) ) ;
#4841 = CARTESIAN_POINT ( 'NONE',  ( 23.31249999999999645, 2.033577675846917841E-16, -1.499999999999999778 ) ) ;
#4842 = CARTESIAN_POINT ( 'NONE',  ( 19.99999999999999645, 0.000000000000000000, 0.000000000000000000 ) ) ;
#4843 = CARTESIAN_POINT ( 'NONE',  ( -24.64583333333332504, 1.175240473580833944, 0.6785254037844374864 ) ) ;
#4844 = CARTESIAN_POINT ( 'NONE',  ( 21.14017526346130182, 0.3577515492884652537, 1.404147634239743203 ) ) ;
#4845 = VERTEX_POINT ( 'NONE', #1604 ) ;
#4846 = ORIENTED_EDGE ( 'NONE', *, *, #5045, .F. ) ;
#4847 = CARTESIAN_POINT ( 'NONE',  ( -23.39583333333332149, -1.175240473580834166, -0.6785254037844371533 ) ) ;
#4848 = DIRECTION ( 'NONE',  ( 0.000000000000000000, 0.000000000000000000, 1.000000000000000000 ) ) ;
#4849 = CARTESIAN_POINT ( 'NONE',  ( -22.56249999999999289, 8.309539638847769097E-17, 1.357050807568875195 ) ) ;
#4850 = APPROVAL_PERSON_ORGANIZATION ( #2098, #3594, #3761 ) ;
#4851 = CARTESIAN_POINT ( 'NONE',  ( 23.04017090063074136, 0.4019237886466832665, 1.500000000000000222 ) ) ;
#4852 = CARTESIAN_POINT ( 'NONE',  ( 22.52083333333332860, -0.5876202367904137525, -1.017788105676651345 ) ) ;
#4853 = CARTESIAN_POINT ( 'NONE',  ( -24.94978582750158225, 1.208995619144212608, 0.8878792655323479721 ) ) ;
#4854 = VECTOR ( 'NONE', #1778, 1000.000000000000114 ) ;
#4855 = CARTESIAN_POINT ( 'NONE',  ( -24.58333333333332504, -0.5876202367904166390, 1.017788105676656674 ) ) ;
#4856 = CARTESIAN_POINT ( 'NONE',  ( 25.08333333333333215, -0.5876202367904137525, -1.017788105676651345 ) ) ;
#4857 = CARTESIAN_POINT ( 'NONE',  ( 23.47916666666666785, 1.499999999999999778, 0.8660254037844394848 ) ) ;
#4858 = EDGE_CURVE ( 'NONE', #984, #1872, #1393, .T. ) ;
#4859 = CARTESIAN_POINT ( 'NONE',  ( -24.68749999999998934, -1.500000000000001332, 1.836970198721031413E-16 ) ) ;
#4860 = CARTESIAN_POINT ( 'NONE',  ( -24.76882516283538038, 0.9203416450196847398, 0.9506125838963016550 ) ) ;
#4861 = CARTESIAN_POINT ( 'NONE',  ( -20.93749999999998934, 1.500000000000001332, 0.000000000000000000 ) ) ;
#4862 = CARTESIAN_POINT ( 'NONE',  ( -19.60416666666665719, -0.7500000000000013323, -1.299038105676658894 ) ) ;
#4863 = LINE ( 'NONE', #4482, #688 ) ;
#4864 = CARTESIAN_POINT ( 'NONE',  ( 19.99999999999999645, 0.000000000000000000, 1.172700473580827740 ) ) ;
#4865 = CARTESIAN_POINT ( 'NONE',  ( -24.29166666666667496, -1.500000000000000888, 0.8660254037844398178 ) ) ;
#4866 = CARTESIAN_POINT ( 'NONE',  ( 21.66666666666666430, -0.7500000000000006661, 1.299038105676657562 ) ) ;
#4867 = CARTESIAN_POINT ( 'NONE',  ( 23.10416666666666430, -0.7500000000000006661, 1.299038105676657562 ) ) ;
#4868 = ORIENTED_EDGE ( 'NONE', *, *, #1083, .F. ) ;
#4869 = CARTESIAN_POINT ( 'NONE',  ( -24.31249999999999289, -2.492861891654330359E-16, -1.357050807568875195 ) ) ;
#4870 = B_SPLINE_CURVE_WITH_KNOTS ( 'NONE', 3,
 ( #4594, #409, #4094, #2077, #1672, #2049 ),
 .UNSPECIFIED., .F., .F.,
 ( 4, 2, 4 ),
 ( 0.01309813053230719088, 0.01374386099476834593, 0.01438959145722950098 ),
 .UNSPECIFIED. ) ;
#4871 = FACE_OUTER_BOUND ( 'NONE', #1330, .T. ) ;
#4872 = ORIENTED_EDGE ( 'NONE', *, *, #3264, .T. ) ;
#4873 = ADVANCED_FACE ( 'NONE', ( #2089 ), #1224, .T. ) ;
#4874 = CARTESIAN_POINT ( 'NONE',  ( -18.60000000000000142, 0.000000000000000000, 1.500000000000000666 ) ) ;
#4875 = CONICAL_SURFACE ( 'NONE', #2955, 2.250000000000000000, 1.047197551196600074 ) ;
#4876 = VERTEX_POINT ( 'NONE', #11 ) ;
#4877 = CARTESIAN_POINT ( 'NONE',  ( -23.77083333333332504, 0.5876202367904159729, -1.017788105676656896 ) ) ;
#4878 = VECTOR ( 'NONE', #3593, 1000.000000000000000 ) ;
#4879 = DIRECTION ( 'NONE',  ( 1.000000000000000000, 0.000000000000000000, -0.000000000000000000 ) ) ;
#4880 = CARTESIAN_POINT ( 'NONE',  ( -23.10416666666665719, 0.5876202367904169721, 1.017788105676656452 ) ) ;
#4881 = CARTESIAN_POINT ( 'NONE',  ( -20.77083333333332504, -0.7500000000000003331, 1.299038105676659338 ) ) ;
#4882 = CARTESIAN_POINT ( 'NONE',  ( 21.39583333333333215, -1.175240473580828393, 0.6785254037844338226 ) ) ;
#4883 = CONICAL_SURFACE ( 'NONE', #278, 1.550800000000000622, 0.7853981633974500554 ) ;
#4884 = CARTESIAN_POINT ( 'NONE',  ( -24.88903017400989270, -0.3610700596960868536, 1.439830174010008568 ) ) ;
#4885 = CARTESIAN_POINT ( 'NONE',  ( 24.79166666666666430, 1.175240473580827505, 0.6785254037844348218 ) ) ;
#4886 = CARTESIAN_POINT ( 'NONE',  ( 24.72916666666666430, -1.499999999999999778, -0.8660254037844391517 ) ) ;
#4887 = DIRECTION ( 'NONE',  ( -1.000000000000000000, -0.000000000000000000, -0.000000000000000000 ) ) ;
#4888 = DIRECTION ( 'NONE',  ( -1.000000000000000000, -0.000000000000000000, -0.000000000000000000 ) ) ;
#4889 = CARTESIAN_POINT ( 'NONE',  ( -18.95833333333332149, -1.175240473580834166, -0.6785254037844371533 ) ) ;
#4890 = CARTESIAN_POINT ( 'NONE',  ( -19.22916666666665719, -1.500000000000000888, 0.8660254037844398178 ) ) ;
#4891 = CARTESIAN_POINT ( 'NONE',  ( 21.79017090063073780, -0.4019237886466838217, -1.499999999999999778 ) ) ;
#4892 = CARTESIAN_POINT ( 'NONE',  ( -22.33333333333332149, 0.5876202367904159729, -1.017788105676656896 ) ) ;
#4893 = CARTESIAN_POINT ( 'NONE',  ( -23.41666666666667140, 0.7500000000000008882, 1.299038105676659116 ) ) ;
#4894 = CARTESIAN_POINT ( 'NONE',  ( 23.24999999999999645, -1.500000000000000000, -1.836970198721029934E-16 ) ) ;
#4895 = ADVANCED_FACE ( 'NONE', ( #36 ), #3344, .T. ) ;
#4896 = CARTESIAN_POINT ( 'NONE',  ( -24.41666666666667140, 0.7500000000000008882, 1.299038105676659116 ) ) ;
#4897 = ORIENTED_EDGE ( 'NONE', *, *, #917, .T. ) ;
#4898 = LINE ( 'NONE', #276, #3481 ) ;
#4899 = ORIENTED_EDGE ( 'NONE', *, *, #4051, .T. ) ;
#4900 = CARTESIAN_POINT ( 'NONE',  ( -21.56249999999998934, -6.391244124090313355E-16, -1.500000000000001332 ) ) ;
#4901 = ORIENTED_EDGE ( 'NONE', *, *, #545, .F. ) ;
#4902 = ADVANCED_FACE ( 'NONE', ( #5020 ), #2387, .F. ) ;
#4903 = CARTESIAN_POINT ( 'NONE',  ( -23.52083333333332504, -0.5876202367904166390, 1.017788105676656674 ) ) ;
#4904 = CARTESIAN_POINT ( 'NONE',  ( 21.52083333333333215, 0.7499999999999988898, 1.299038105676658672 ) ) ;
#4905 = CARTESIAN_POINT ( 'NONE',  ( -24.18749999999998934, 1.175240473580833722, 0.000000000000000000 ) ) ;
#4906 = ORIENTED_EDGE ( 'NONE', *, *, #2948, .F. ) ;
#4907 = DIRECTION ( 'NONE',  ( 1.000000000000000000, 0.000000000000000000, -0.000000000000000000 ) ) ;
#4908 = CARTESIAN_POINT ( 'NONE',  ( -21.08333333333333925, 0.7499999999999995559, -1.299038105676659560 ) ) ;
#4909 = LINE ( 'NONE', #4006, #2736 ) ;
#4910 = EDGE_CURVE ( 'NONE', #4131, #3231, #2469, .T. ) ;
#4911 = CARTESIAN_POINT ( 'NONE',  ( 20.47916666666666430, -1.175240473580827505, -0.6785254037844345998 ) ) ;
#4912 = CARTESIAN_POINT ( 'NONE',  ( 24.70833333333333570, 1.175240473580827727, -0.6785254037844341557 ) ) ;
#4913 = CARTESIAN_POINT ( 'NONE',  ( 22.39583333333333215, 1.500000000000000222, -0.8660254037844384856 ) ) ;
#4914 = CARTESIAN_POINT ( 'NONE',  ( 22.85267090063073425, -0.4019237886466838217, -1.499999999999999778 ) ) ;
#4915 =( BOUNDED_CURVE ( )  B_SPLINE_CURVE ( 2, ( #234, #4851, #3514, #2698, #2771, #4366, #4391, #257, #4445 ),
 .UNSPECIFIED., .F., .F. ) 
 B_SPLINE_CURVE_WITH_KNOTS ( ( 3, 2, 2, 2, 3 ),
 ( 0.4318181818181818232, 0.4393939393939393923, 0.4545454545454545303, 0.4696969696969697239, 0.4772727272727272929 ),
 .UNSPECIFIED. ) 
 CURVE ( )  GEOMETRIC_REPRESENTATION_ITEM ( )  RATIONAL_B_SPLINE_CURVE ( ( 0.9330127018922194093, 0.9330127018922194093, 1.000000000000000000, 0.8660254037844387076, 1.000000000000000000, 0.8660254037844387076, 1.000000000000000000, 0.9330127018922194093, 0.9330127018922194093 ) ) 
 REPRESENTATION_ITEM ( '' )  );
#4916 = CARTESIAN_POINT ( 'NONE',  ( 20.87754000000000687, -0.7577879136400141880, 0.9118551419710752004 ) ) ;
#4917 = CARTESIAN_POINT ( 'NONE',  ( -25.00000000000000000, -1.948557158514986565, -1.125000000000000444 ) ) ;
#4918 = CARTESIAN_POINT ( 'NONE',  ( -25.04166666666665364, -1.175240473580833722, 0.6785254037844379305 ) ) ;
#4919 = CARTESIAN_POINT ( 'NONE',  ( -20.16666666666667140, -0.7500000000000013323, -1.299038105676658894 ) ) ;
#4920 = CARTESIAN_POINT ( 'NONE',  ( -22.49999999999999289, -1.175240473580833722, 1.439254484199187407E-16 ) ) ;
#4921 = CARTESIAN_POINT ( 'NONE',  ( -21.66666666666667140, -0.7500000000000013323, -1.299038105676658894 ) ) ;
#4922 = CARTESIAN_POINT ( 'NONE',  ( 22.58333333333332860, 0.7499999999999988898, 1.299038105676658672 ) ) ;
#4923 = CARTESIAN_POINT ( 'NONE',  ( 19.86022993090466571, -1.405025455978015758, 2.066424524318446032 ) ) ;
#4924 = B_SPLINE_CURVE_WITH_KNOTS ( 'NONE', 3,
 ( #465, #2104, #3360, #891, #2459, #4953, #2545, #2078 ),
 .UNSPECIFIED., .F., .F.,
 ( 4, 2, 2, 4 ),
 ( 4.371251830678351695E-05, 0.0007139826342532399304, 0.001049117692226468005, 0.001384252750199696080 ),
 .UNSPECIFIED. ) ;
#4925 = CARTESIAN_POINT ( 'NONE',  ( 24.76619594706366101, 0.5743911789957550917, -1.234388914982092356 ) ) ;
#4926 = CARTESIAN_POINT ( 'NONE',  ( 21.10939327026510881, 1.092695193639065199, 0.9046229002622182547 ) ) ;
#4927 = ORIENTED_EDGE ( 'NONE', *, *, #2921, .F. ) ;
#4928 = EDGE_CURVE ( 'NONE', #4106, #1876, #824, .T. ) ;
#4929 = CARTESIAN_POINT ( 'NONE',  ( -22.50000000000000711, 1.500000000000001332, 0.000000000000000000 ) ) ;
#4930 = ORIENTED_EDGE ( 'NONE', *, *, #491, .F. ) ;
#4931 = CARTESIAN_POINT ( 'NONE',  ( -21.64583333333332860, 1.175240473580833944, 0.6785254037844374864 ) ) ;
#4932 = CYLINDRICAL_SURFACE ( 'NONE', #2338, 1.500000000000000666 ) ;
#4933 = CARTESIAN_POINT ( 'NONE',  ( -23.64583333333332504, 1.175240473580833722, 0.6785254037844374864 ) ) ;
#4934 = EDGE_LOOP ( 'NONE', ( #3067, #1651, #1012, #3643 ) ) ;
#4935 = CARTESIAN_POINT ( 'NONE',  ( 22.35416666666666430, 0.7500000000000002220, -1.299038105676658006 ) ) ;
#4936 = CARTESIAN_POINT ( 'NONE',  ( 19.99999999999999645, 0.000000000000000000, -2.250000000000000000 ) ) ;
#4937 = CARTESIAN_POINT ( 'NONE',  ( 20.99999999999999645, -1.175240473580827949, -1.439254484199180504E-16 ) ) ;
#4938 = CARTESIAN_POINT ( 'NONE',  ( -23.54166666666665719, -1.175240473580833500, 0.6785254037844380415 ) ) ;
#4939 = VECTOR ( 'NONE', #64, 1000.000000000000000 ) ;
#4940 = CARTESIAN_POINT ( 'NONE',  ( 23.33333333333333215, 0.5876202367904130863, 1.017788105676651789 ) ) ;
#4941 = CARTESIAN_POINT ( 'NONE',  ( 20.47916666666666430, 1.499999999999999778, 0.8660254037844394848 ) ) ;
#4942 = DIRECTION ( 'NONE',  ( -1.000000000000000000, -0.000000000000000000, -0.000000000000000000 ) ) ;
#4943 = ADVANCED_FACE ( 'NONE', ( #2035 ), #2754, .T. ) ;
#4944 = CARTESIAN_POINT ( 'NONE',  ( 20.87754000000001042, -0.3452898107846818498, 1.134090249175116583 ) ) ;
#4945 = CARTESIAN_POINT ( 'NONE',  ( -19.41666666666665719, -0.5876202367904174162, -1.017788105676656230 ) ) ;
#4946 = VECTOR ( 'NONE', #816, 1000.000000000000000 ) ;
#4947 = CARTESIAN_POINT ( 'NONE',  ( -24.37499999999998934, -2.492861891654330359E-16, -1.357050807568875195 ) ) ;
#4948 = CARTESIAN_POINT ( 'NONE',  ( 21.68750000000000000, -1.500000000000000000, -1.836970198721029934E-16 ) ) ;
#4949 = CARTESIAN_POINT ( 'NONE',  ( -21.66666666666665719, 0.5876202367904169721, 1.017788105676656452 ) ) ;
#4950 = CARTESIAN_POINT ( 'NONE',  ( -23.20833333333333925, -1.500000000000001998, -0.8660254037844388186 ) ) ;
#4951 = CARTESIAN_POINT ( 'NONE',  ( 20.70833333333333215, -1.500000000000000444, 0.8660254037844380415 ) ) ;
#4952 =( BOUNDED_CURVE ( )  B_SPLINE_CURVE ( 2, ( #2009, #4078, #366, #5345, #3673, #3261, #4935, #2854, #1196 ),
 .UNSPECIFIED., .F., .T. ) 
 B_SPLINE_CURVE_WITH_KNOTS ( ( 3, 2, 2, 2, 3 ),
 ( 0.5227272727272727071, 0.5303030303030302761, 0.5454545454545454142, 0.5606060606060605522, 0.5681818181818182323 ),
 .UNSPECIFIED. ) 
 CURVE ( )  GEOMETRIC_REPRESENTATION_ITEM ( )  RATIONAL_B_SPLINE_CURVE ( ( 0.9330127018922194093, 0.9330127018922194093, 1.000000000000000000, 0.8660254037844387076, 1.000000000000000000, 0.8660254037844387076, 1.000000000000000000, 0.9330127018922188542, 0.9330127018922194093 ) ) 
 REPRESENTATION_ITEM ( '' )  );
#4953 = CARTESIAN_POINT ( 'NONE',  ( -24.91023474567786877, 0.2230399095936477227, 1.448212873343667439 ) ) ;
#4954 = CARTESIAN_POINT ( 'NONE',  ( 24.60267090063074136, 0.4019237886466836551, 1.500000000000000222 ) ) ;
#4955 = CARTESIAN_POINT ( 'NONE',  ( -18.60000000000000142, 0.000000000000000000, 1.500000000000000666 ) ) ;
#4956 = CARTESIAN_POINT ( 'NONE',  ( 23.91666666666666430, 0.7500000000000002220, -1.299038105676658006 ) ) ;
#4957 = ORIENTED_EDGE ( 'NONE', *, *, #372, .F. ) ;
#4958 = CARTESIAN_POINT ( 'NONE',  ( -20.10416666666666075, 0.5876202367904169721, 1.017788105676656452 ) ) ;
#4959 = CARTESIAN_POINT ( 'NONE',  ( -24.62444047358082955, 0.3078604179195393309, 1.144677086807975197 ) ) ;
#4960 = CARTESIAN_POINT ( 'NONE',  ( -20.22916666666666075, 1.175240473580833056, -0.6785254037844382635 ) ) ;
#4961 = ADVANCED_FACE ( 'NONE', ( #4497 ), #2413, .T. ) ;
#4962 = ORIENTED_EDGE ( 'NONE', *, *, #917, .F. ) ;
#4963 = AXIS2_PLACEMENT_3D ( 'NONE', #3638, #2464, #2027 ) ;
#4964 = CARTESIAN_POINT ( 'NONE',  ( 23.62499999999999289, -6.391244124090313355E-16, 1.499999999999999778 ) ) ;
#4965 = CARTESIAN_POINT ( 'NONE',  ( 19.98053816261391091, 0.4427865209450073114, -2.249999999999999556 ) ) ;
#4966 = CARTESIAN_POINT ( 'NONE',  ( -18.70833333333333570, -1.500000000000002220, -0.8660254037844388186 ) ) ;
#4967 = AXIS2_PLACEMENT_3D ( 'NONE', #4243, #4712, #529 ) ;
#4968 = CARTESIAN_POINT ( 'NONE',  ( -22.33333333333332149, 0.5876202367904159729, -1.017788105676656896 ) ) ;
#4969 = CARTESIAN_POINT ( 'NONE',  ( 24.20833333333332860, 1.175240473580827727, -0.6785254037844341557 ) ) ;
#4970 = CARTESIAN_POINT ( 'NONE',  ( 21.56250000000000000, -3.181725716174720005E-16, 1.732050807568877193 ) ) ;
#4971 = AXIS2_PLACEMENT_3D ( 'NONE', #19, #4168, #1665 ) ;
#4972 = CARTESIAN_POINT ( 'NONE',  ( -21.20833333333333570, -1.500000000000002220, -0.8660254037844388186 ) ) ;
#4973 = CARTESIAN_POINT ( 'NONE',  ( -24.91074498996844255, -2.385217236779675787, 0.3686825588085545502 ) ) ;
#4974 = CARTESIAN_POINT ( 'NONE',  ( -19.49999999999998934, -1.175240473580833722, 1.439254484199187407E-16 ) ) ;
#4975 = CARTESIAN_POINT ( 'NONE',  ( -23.62499999999998579, 8.309539638847769097E-17, 1.357050807568875195 ) ) ;
#4976 = CARTESIAN_POINT ( 'NONE',  ( -20.02083333333332504, 0.7499999999999995559, -1.299038105676659560 ) ) ;
#4977 = CARTESIAN_POINT ( 'NONE',  ( -23.16666666666665719, 0.5876202367904169721, 1.017788105676656452 ) ) ;
#4978 = CARTESIAN_POINT ( 'NONE',  ( -22.75000000000000711, -1.500000000000001332, 1.836970198721031413E-16 ) ) ;
#4979 = CARTESIAN_POINT ( 'NONE',  ( 22.33333333333332860, -0.7499999999999996669, -1.299038105676658228 ) ) ;
#4980 = ADVANCED_FACE ( 'NONE', ( #3262 ), #3291, .T. ) ;
#4981 = EDGE_CURVE ( 'NONE', #2693, #5095, #5052, .T. ) ;
#4982 = CARTESIAN_POINT ( 'NONE',  ( -18.60000000000000142, 0.000000000000000000, 0.000000000000000000 ) ) ;
#4983 = CARTESIAN_POINT ( 'NONE',  ( 24.84365345584319940, 1.176439599097156341, 0.5148246525131215945 ) ) ;
#4984 = FACE_OUTER_BOUND ( 'NONE', #3485, .T. ) ;
#4985 = DIRECTION ( 'NONE',  ( 0.000000000000000000, -0.8660254037844385966, -0.5000000000000003331 ) ) ;
#4986 = CARTESIAN_POINT ( 'NONE',  ( -20.08482909936925509, -0.4019237886466817122, -1.500000000000003109 ) ) ;
#4987 = ORIENTED_EDGE ( 'NONE', *, *, #4393, .F. ) ;
#4988 = CARTESIAN_POINT ( 'NONE',  ( -21.27083333333332504, 0.5876202367904159729, -1.017788105676656896 ) ) ;
#4989 = CARTESIAN_POINT ( 'NONE',  ( -24.62444047358083665, 0.5932692422522325426, 1.026204305283430429 ) ) ;
#4990 = CARTESIAN_POINT ( 'NONE',  ( -19.85416666666665719, -0.5876202367904174162, -1.017788105676656230 ) ) ;
#4991 = EDGE_CURVE ( 'NONE', #30, #5237, #4994, .T. ) ;
#4992 = ORIENTED_EDGE ( 'NONE', *, *, #4464, .T. ) ;
#4993 = CARTESIAN_POINT ( 'NONE',  ( -24.92172769284587730, 1.511542704210578236, -1.881931238497226211 ) ) ;
#4994 = LINE ( 'NONE', #3374, #4939 ) ;
#4995 = DIRECTION ( 'NONE',  ( 1.000000000000000000, 0.000000000000000000, 0.000000000000000000 ) ) ;
#4996 = CARTESIAN_POINT ( 'NONE',  ( -23.04166666666665719, -1.175240473580833500, 0.6785254037844380415 ) ) ;
#4997 = CARTESIAN_POINT ( 'NONE',  ( 20.87499999999999645, -2.492861891654318526E-16, 1.357050807568868533 ) ) ;
#4998 = CARTESIAN_POINT ( 'NONE',  ( 22.35416666666666430, 0.7500000000000002220, -1.299038105676658006 ) ) ;
#4999 = FACE_OUTER_BOUND ( 'NONE', #2188, .T. ) ;
#5000 = CARTESIAN_POINT ( 'NONE',  ( -24.79903810567666156, -2.598076211353315124, -8.830457031917651502E-17 ) ) ;
#5001 = DIRECTION ( 'NONE',  ( 1.000000000000000000, 0.000000000000000000, 0.000000000000000000 ) ) ;
#5002 = CARTESIAN_POINT ( 'NONE',  ( -23.20833333333332149, 1.175240473580833944, 0.6785254037844374864 ) ) ;
#5003 = COORDINATED_UNIVERSAL_TIME_OFFSET ( 6, 0, .BEHIND. ) ;
#5004 = CARTESIAN_POINT ( 'NONE',  ( -20.74999999999998934, 1.175240473580833722, 0.000000000000000000 ) ) ;
#5005 = CARTESIAN_POINT ( 'NONE',  ( -23.54166666666667140, 1.500000000000000888, -0.8660254037844402619 ) ) ;
#5006 = CARTESIAN_POINT ( 'NONE',  ( 23.81249999999999645, -2.492861891654318526E-16, 1.357050807568868533 ) ) ;
#5007 = CARTESIAN_POINT ( 'NONE',  ( 23.20833333333333215, -1.500000000000000222, 0.8660254037844381525 ) ) ;
#5008 = CARTESIAN_POINT ( 'NONE',  ( -25.31249999999998934, 1.060575238724907778E-16, 1.732050807568878747 ) ) ;
#5009 = DIRECTION ( 'NONE',  ( -1.000000000000000000, 0.000000000000000000, 0.000000000000000000 ) ) ;
#5010 = DIRECTION ( 'NONE',  ( 0.000000000000000000, 0.000000000000000000, 1.000000000000000000 ) ) ;
#5011 = CARTESIAN_POINT ( 'NONE',  ( -20.27083333333332504, -0.7500000000000003331, 1.299038105676659338 ) ) ;
#5012 = ADVANCED_FACE ( 'NONE', ( #2966 ), #2114, .T. ) ;
#5013 =( BOUNDED_CURVE ( )  B_SPLINE_CURVE ( 2, ( #2752, #4427, #4373, #3143, #2779, #4784, #3932, #3576, #2808 ),
 .UNSPECIFIED., .F., .F. ) 
 B_SPLINE_CURVE_WITH_KNOTS ( ( 3, 2, 2, 2, 3 ),
 ( 0.3303993056922950866, 0.3368774651950557364, 0.3498342907794809720, 0.3627911163639061520, 0.3692687118660692436 ),
 .UNSPECIFIED. ) 
 CURVE ( )  GEOMETRIC_REPRESENTATION_ITEM ( )  RATIONAL_B_SPLINE_CURVE ( ( 0.9330127019946168332, 0.9330153209250857671, 1.000000000000000000, 0.8660254037844387076, 1.000000000000000000, 0.8660254037844387076, 1.000000000000000000, 0.9330211527356506718, 0.9330127029583432652 ) ) 
 REPRESENTATION_ITEM ( '' )  );
#5014 = EDGE_LOOP ( 'NONE', ( #5285, #4872 ) ) ;
#5015 = CARTESIAN_POINT ( 'NONE',  ( -20.39583333333332504, -1.175240473580834166, -0.6785254037844371533 ) ) ;
#5016 = CARTESIAN_POINT ( 'NONE',  ( 24.97916666666666430, -1.175240473580827505, -0.6785254037844345998 ) ) ;
#5017 = CARTESIAN_POINT ( 'NONE',  ( -19.60416666666665719, 0.5876202367904169721, 1.017788105676656452 ) ) ;
#5018 = VERTEX_POINT ( 'NONE', #874 ) ;
#5019 = CARTESIAN_POINT ( 'NONE',  ( 21.95833333333332860, -1.175240473580827949, 0.6785254037844338226 ) ) ;
#5020 = FACE_OUTER_BOUND ( 'NONE', #2440, .T. ) ;
#5021 = CARTESIAN_POINT ( 'NONE',  ( -18.64733029422988864, -0.4019452961378401912, -1.499987582644193296 ) ) ;
#5022 = CARTESIAN_POINT ( 'NONE',  ( -22.58333333333332504, -0.5876202367904166390, 1.017788105676656674 ) ) ;
#5023 = CARTESIAN_POINT ( 'NONE',  ( 20.33333333333333215, 0.5876202367904130863, 1.017788105676651789 ) ) ;
#5024 = CARTESIAN_POINT ( 'NONE',  ( 22.52083333333332860, 0.7499999999999988898, 1.299038105676658672 ) ) ;
#5025 = DIRECTION ( 'NONE',  ( -1.000000000000000000, -0.000000000000000000, -0.000000000000000000 ) ) ;
#5026 = CARTESIAN_POINT ( 'NONE',  ( -24.79903810567666156, -2.598076211353315124, -8.830457031917651502E-17 ) ) ;
#5027 = CARTESIAN_POINT ( 'NONE',  ( 24.04166666666666430, -1.175240473580827727, -0.6785254037844345998 ) ) ;
#5028 = CARTESIAN_POINT ( 'NONE',  ( -22.91666666666665719, -0.5876202367904174162, -1.017788105676656230 ) ) ;
#5029 = DIRECTION ( 'NONE',  ( 0.000000000000000000, 0.000000000000000000, 1.000000000000000000 ) ) ;
#5030 = CARTESIAN_POINT ( 'NONE',  ( -20.83333333333332504, 0.5876202367904159729, -1.017788105676656896 ) ) ;
#5031 = CARTESIAN_POINT ( 'NONE',  ( -20.12500000000000355, -3.181725716174723456E-16, -1.732050807568878747 ) ) ;
#5032 = CARTESIAN_POINT ( 'NONE',  ( 24.81249999999999645, -2.492861891654318526E-16, 1.357050807568868533 ) ) ;
#5033 = EDGE_CURVE ( 'NONE', #1899, #3474, #2529, .T. ) ;
#5034 = CARTESIAN_POINT ( 'NONE',  ( -19.75000000000000355, -1.500000000000001332, 1.836970198721031413E-16 ) ) ;
#5035 = CARTESIAN_POINT ( 'NONE',  ( 24.80800914087026499, 1.264985417179385729, -0.4038554566052561245 ) ) ;
#5036 = CARTESIAN_POINT ( 'NONE',  ( 24.99999999999999645, 1.500000000000000000, 0.000000000000000000 ) ) ;
#5037 = CARTESIAN_POINT ( 'NONE',  ( 24.62499999999999645, 8.309539638847728421E-17, -1.357050807568868533 ) ) ;
#5038 = CARTESIAN_POINT ( 'NONE',  ( -24.79903810567669353, -1.299038105676707522, 2.249999999999999556 ) ) ;
#5039 = CARTESIAN_POINT ( 'NONE',  ( -24.31249999999998934, 2.033577675846917841E-16, 1.500000000000001110 ) ) ;
#5040 = CARTESIAN_POINT ( 'NONE',  ( -20.81249999999998934, 2.033577675846917841E-16, 1.500000000000001110 ) ) ;
#5041 = VERTEX_POINT ( 'NONE', #1401 ) ;
#5042 = CARTESIAN_POINT ( 'NONE',  ( -19.97916666666665719, -1.175240473580833722, 0.6785254037844379305 ) ) ;
#5043 = CARTESIAN_POINT ( 'NONE',  ( 24.81249999999999645, -2.492861891654318526E-16, 1.357050807568868533 ) ) ;
#5044 = CARTESIAN_POINT ( 'NONE',  ( -21.52083333333332504, -0.5876202367904166390, 1.017788105676656674 ) ) ;
#5045 = EDGE_CURVE ( 'NONE', #4876, #2273, #2500, .T. ) ;
#5046 = ORIENTED_EDGE ( 'NONE', *, *, #2672, .F. ) ;
#5047 = CARTESIAN_POINT ( 'NONE',  ( 22.29166666666666430, 1.175240473580827505, 0.6785254037844348218 ) ) ;
#5048 = CARTESIAN_POINT ( 'NONE',  ( 19.99999999999999645, 0.000000000000000000, 0.000000000000000000 ) ) ;
#5049 = CARTESIAN_POINT ( 'NONE',  ( 22.37499999999999645, 2.033577675846917841E-16, -1.499999999999999778 ) ) ;
#5050 = CARTESIAN_POINT ( 'NONE',  ( -21.83333333333332504, 0.5876202367904159729, -1.017788105676656896 ) ) ;
#5051 = CARTESIAN_POINT ( 'NONE',  ( 20.29166666666666785, 1.175240473580827505, 0.6785254037844348218 ) ) ;
#5052 = B_SPLINE_CURVE_WITH_KNOTS ( 'NONE', 3,
 ( #1251, #1305, #1709, #4191 ),
 .UNSPECIFIED., .F., .F.,
 ( 4, 4 ),
 ( 2.380746839935051478E-07, 0.001314652396222795380 ),
 .UNSPECIFIED. ) ;
#5053 = CARTESIAN_POINT ( 'NONE',  ( 23.81249999999999645, -2.492861891654318526E-16, 1.357050807568868311 ) ) ;
#5054 = CARTESIAN_POINT ( 'NONE',  ( 24.33333333333333215, 0.5876202367904130863, 1.017788105676651789 ) ) ;
#5055 = CARTESIAN_POINT ( 'NONE',  ( -20.08333333333332504, -0.5876202367904166390, 1.017788105676656674 ) ) ;
#5056 = CARTESIAN_POINT ( 'NONE',  ( -19.12499999999999645, 8.309539638847769097E-17, 1.357050807568875195 ) ) ;
#5057 = CARTESIAN_POINT ( 'NONE',  ( -18.79166666666667140, -1.500000000000000888, 0.8660254037844398178 ) ) ;
#5058 = CARTESIAN_POINT ( 'NONE',  ( 20.49999999999999645, 1.500000000000000000, 0.000000000000000000 ) ) ;
#5059 = CIRCLE ( 'NONE', #3046, 1.550800000000000622 ) ;
#5060 = CARTESIAN_POINT ( 'NONE',  ( -19.64733230278271492, -0.4019814500888199138, -1.499966709150862387 ) ) ;
#5061 = CARTESIAN_POINT ( 'NONE',  ( -24.47916666666665719, 1.500000000000000888, -0.8660254037844402619 ) ) ;
#5062 = CARTESIAN_POINT ( 'NONE',  ( 24.83333333333333215, -0.7499999999999996669, -1.299038105676658228 ) ) ;
#5063 = CARTESIAN_POINT ( 'NONE',  ( 20.56249999999999645, 8.309539638847728421E-17, -1.357050807568868533 ) ) ;
#5064 = CARTESIAN_POINT ( 'NONE',  ( -25.00000000000000000, 0.000000000000000000, -2.250000000000000000 ) ) ;
#5065 = CARTESIAN_POINT ( 'NONE',  ( -24.06249999999998934, -6.391244124090313355E-16, -1.500000000000001332 ) ) ;
#5066 = ORIENTED_EDGE ( 'NONE', *, *, #5033, .T. ) ;
#5067 = CARTESIAN_POINT ( 'NONE',  ( -19.31249999999998579, -2.492861891654330359E-16, -1.357050807568875195 ) ) ;
#5068 = CARTESIAN_POINT ( 'NONE',  ( 22.47916666666666430, -1.175240473580827505, -0.6785254037844345998 ) ) ;
#5069 = CARTESIAN_POINT ( 'NONE',  ( -21.18749999999998934, 1.175240473580833722, 0.000000000000000000 ) ) ;
#5070 = ORIENTED_EDGE ( 'NONE', *, *, #948, .T. ) ;
#5071 = ORIENTED_EDGE ( 'NONE', *, *, #1004, .F. ) ;
#5072 = CARTESIAN_POINT ( 'NONE',  ( 22.70833333333333215, 1.175240473580827727, -0.6785254037844341557 ) ) ;
#5073 = DIRECTION ( 'NONE',  ( 1.000000000000000000, 0.000000000000000000, 0.000000000000000000 ) ) ;
#5074 = EDGE_CURVE ( 'NONE', #984, #3476, #2640, .T. ) ;
#5075 = CARTESIAN_POINT ( 'NONE',  ( -21.08333333333332504, -0.5876202367904166390, 1.017788105676656674 ) ) ;
#5076 = CARTESIAN_POINT ( 'NONE',  ( 22.62500000000000000, 8.309539638847728421E-17, -1.357050807568868533 ) ) ;
#5077 = FACE_OUTER_BOUND ( 'NONE', #5207, .T. ) ;
#5078 = CARTESIAN_POINT ( 'NONE',  ( 23.27083333333333215, 0.5876202367904130863, 1.017788105676651789 ) ) ;
#5079 = CARTESIAN_POINT ( 'NONE',  ( 24.87499999999999645, -2.492861891654318526E-16, 1.357050807568868311 ) ) ;
#5080 = CARTESIAN_POINT ( 'NONE',  ( -22.41666666666665719, -0.5876202367904174162, -1.017788105676656230 ) ) ;
#5081 = CARTESIAN_POINT ( 'NONE',  ( -19.37499999999998934, -2.492861891654330359E-16, -1.357050807568875195 ) ) ;
#5082 = CARTESIAN_POINT ( 'NONE',  ( -18.70833333333333570, -1.500000000000001998, -0.8660254037844388186 ) ) ;
#5083 = CARTESIAN_POINT ( 'NONE',  ( 24.35416666666666785, -0.5876202367904145296, 1.017788105676650900 ) ) ;
#5084 = DIRECTION ( 'NONE',  ( 1.000000000000000000, 0.000000000000000000, 0.000000000000000000 ) ) ;
#5085 = CARTESIAN_POINT ( 'NONE',  ( -23.43749999999999289, 1.500000000000001332, 0.000000000000000000 ) ) ;
#5086 = CARTESIAN_POINT ( 'NONE',  ( 24.83402538319916886, -1.158386936614044904, 0.5779199076634532473 ) ) ;
#5087 = CARTESIAN_POINT ( 'NONE',  ( 24.70833333333333570, 1.175240473580827727, -0.6785254037844341557 ) ) ;
#5088 = DIRECTION ( 'NONE',  ( -1.000000000000000000, -0.000000000000000000, -0.000000000000000000 ) ) ;
#5089 = ORIENTED_EDGE ( 'NONE', *, *, #2430, .F. ) ;
#5090 =( BOUNDED_CURVE ( )  B_SPLINE_CURVE ( 2, ( #1945, #4838, #1105, #2757, #3606, #5173, #2733, #1838, #3905 ),
 .UNSPECIFIED., .F., .F. ) 
 B_SPLINE_CURVE_WITH_KNOTS ( ( 3, 2, 2, 2, 3 ),
 ( 0.4038461538461538547, 0.4102564102564102422, 0.4230769230769230727, 0.4358974358974359031, 0.4423076923076923461 ),
 .UNSPECIFIED. ) 
 CURVE ( )  GEOMETRIC_REPRESENTATION_ITEM ( )  RATIONAL_B_SPLINE_CURVE ( ( 0.9330127018922194093, 0.9330127018922196314, 1.000000000000000000, 0.8660254037844387076, 1.000000000000000000, 0.8660254037844387076, 1.000000000000000000, 0.9330127018922190762, 0.9330127018922194093 ) ) 
 REPRESENTATION_ITEM ( '' )  );
#5091 = ORIENTED_EDGE ( 'NONE', *, *, #1671, .F. ) ;
#5092 = CARTESIAN_POINT ( 'NONE',  ( -25.00000000000000000, 2.598076211353316456, -1.546590868144127146E-17 ) ) ;
#5093 = CARTESIAN_POINT ( 'NONE',  ( 22.97916666666666785, -1.175240473580827505, -0.6785254037844345998 ) ) ;
#5094 = CYLINDRICAL_SURFACE ( 'NONE', #274, 1.500000000000000666 ) ;
#5095 = VERTEX_POINT ( 'NONE', #2267 ) ;
#5096 = VERTEX_POINT ( 'NONE', #1029 ) ;
#5097 = CARTESIAN_POINT ( 'NONE',  ( 23.04166666666666430, -1.175240473580827505, -0.6785254037844345998 ) ) ;
#5098 = CARTESIAN_POINT ( 'NONE',  ( -25.18749999999999289, 1.175240473580833722, 0.000000000000000000 ) ) ;
#5099 = CARTESIAN_POINT ( 'NONE',  ( -19.41666666666665719, -0.5876202367904174162, -1.017788105676656230 ) ) ;
#5100 = CARTESIAN_POINT ( 'NONE',  ( 21.62499999999999645, 8.309539638847728421E-17, -1.357050807568868533 ) ) ;
#5101 = CARTESIAN_POINT ( 'NONE',  ( -25.00000000000000000, -3.755786496842899057E-16, 2.250000000000000000 ) ) ;
#5102 = CARTESIAN_POINT ( 'NONE',  ( 23.52083333333333215, -0.5876202367904137525, -1.017788105676651345 ) ) ;
#5103 = CARTESIAN_POINT ( 'NONE',  ( 22.62500000000000000, 8.309539638847728421E-17, -1.357050807568868311 ) ) ;
#5104 = CARTESIAN_POINT ( 'NONE',  ( -21.58333333333332504, -0.5876202367904166390, 1.017788105676656674 ) ) ;
#5105 = PERSON_AND_ORGANIZATION ( #1783, #4506 ) ;
#5106 = CARTESIAN_POINT ( 'NONE',  ( -19.29166666666666075, 1.175240473580833500, -0.6785254037844382635 ) ) ;
#5107 = CARTESIAN_POINT ( 'NONE',  ( -20.37500000000000355, 1.060575238724907778E-16, 1.732050807568878747 ) ) ;
#5108 = CARTESIAN_POINT ( 'NONE',  ( 24.77083333333333215, 0.5876202367904130863, 1.017788105676651789 ) ) ;
#5109 = EDGE_CURVE ( 'NONE', #4327, #3316, #3031, .T. ) ;
#5110 = CARTESIAN_POINT ( 'NONE',  ( 21.89583333333333215, 1.500000000000000000, -0.8660254037844384856 ) ) ;
#5111 = CARTESIAN_POINT ( 'NONE',  ( -22.52083333333332149, 0.7499999999999995559, -1.299038105676659560 ) ) ;
#5112 = EDGE_CURVE ( 'NONE', #333, #3531, #573, .T. ) ;
#5113 = CARTESIAN_POINT ( 'NONE',  ( 24.67665159857535429, -0.3825195212425433477, 1.410281316055638445 ) ) ;
#5114 = CARTESIAN_POINT ( 'NONE',  ( 20.35416666666666785, -0.5876202367904145296, 1.017788105676650900 ) ) ;
#5115 = DIRECTION ( 'NONE',  ( -1.000000000000000000, -0.000000000000000000, -0.000000000000000000 ) ) ;
#5116 = VERTEX_POINT ( 'NONE', #1000 ) ;
#5117 = CIRCLE ( 'NONE', #2059, 1.172700473580827518 ) ;
#5118 = ORIENTED_EDGE ( 'NONE', *, *, #3106, .T. ) ;
#5119 = CARTESIAN_POINT ( 'NONE',  ( -19.27083333333332504, 0.5876202367904159729, -1.017788105676656896 ) ) ;
#5120 = CARTESIAN_POINT ( 'NONE',  ( 22.85416666666666430, -0.5876202367904145296, 1.017788105676650900 ) ) ;
#5121 = DIRECTION ( 'NONE',  ( 1.000000000000000000, 0.000000000000000000, 0.000000000000000000 ) ) ;
#5122 = ORIENTED_EDGE ( 'NONE', *, *, #5141, .F. ) ;
#5123 = ORIENTED_EDGE ( 'NONE', *, *, #2391, .T. ) ;
#5124 =( BOUNDED_CURVE ( )  B_SPLINE_CURVE ( 2, ( #5351, #1203, #3784, #1229, #4559, #455, #2478 ),
 .UNSPECIFIED., .F., .F. ) 
 B_SPLINE_CURVE_WITH_KNOTS ( ( 3, 2, 2, 3 ),
 ( 0.07496309541582930891, 0.07692307692307692735, 0.08974358974358974395, 0.09615384615384615918 ),
 .UNSPECIFIED. ) 
 CURVE ( )  GEOMETRIC_REPRESENTATION_ITEM ( )  RATIONAL_B_SPLINE_CURVE ( ( 0.9652987831946409081, 0.9795181569801696408, 1.000000000000000000, 0.8660254037844387076, 1.000000000000000000, 0.9330127018922192983, 0.9330127018922194093 ) ) 
 REPRESENTATION_ITEM ( '' )  );
#5125 = CARTESIAN_POINT ( 'NONE',  ( 23.79166666666666430, 1.175240473580827505, 0.6785254037844348218 ) ) ;
#5126 = ADVANCED_FACE ( 'NONE', ( #3146 ), #4814, .F. ) ;
#5127 = CARTESIAN_POINT ( 'NONE',  ( -20.37499999999998579, -2.492861891654330359E-16, -1.357050807568875195 ) ) ;
#5128 = CARTESIAN_POINT ( 'NONE',  ( 19.74999999999999645, 1.175240473580827949, 0.000000000000000000 ) ) ;
#5129 = CARTESIAN_POINT ( 'NONE',  ( 23.06250000000000000, 8.309539638847728421E-17, -1.357050807568868311 ) ) ;
#5130 = CARTESIAN_POINT ( 'NONE',  ( 22.75000000000000000, 1.175240473580827949, 0.000000000000000000 ) ) ;
#5131 = CARTESIAN_POINT ( 'NONE',  ( -22.54166666666666075, -1.175240473580833722, 0.6785254037844379305 ) ) ;
#5132 = CC_DESIGN_PERSON_AND_ORGANIZATION_ASSIGNMENT ( #124, #1286, ( #3429 ) ) ;
#5133 = CARTESIAN_POINT ( 'NONE',  ( -24.72916666666665719, 1.175240473580833500, -0.6785254037844382635 ) ) ;
#5134 = CARTESIAN_POINT ( 'NONE',  ( 22.47916666666666430, -1.175240473580827505, -0.6785254037844345998 ) ) ;
#5135 = CARTESIAN_POINT ( 'NONE',  ( -19.33482909936925509, 0.4019237886466845988, 1.500000000000001110 ) ) ;
#5136 = CARTESIAN_POINT ( 'NONE',  ( -23.04166666666667140, 1.500000000000000888, -0.8660254037844402619 ) ) ;
#5137 = B_SPLINE_CURVE_WITH_KNOTS ( 'NONE', 3,
 ( #50, #1236, #464, #3766, #5389, #492 ),
 .UNSPECIFIED., .F., .F.,
 ( 4, 2, 4 ),
 ( 0.01438959145722950098, 0.01503560122034621090, 0.01568161098346292082 ),
 .UNSPECIFIED. ) ;
#5138 = AXIS2_PLACEMENT_3D ( 'NONE', #4388, #2720, #4848 ) ;
#5139 = CARTESIAN_POINT ( 'NONE',  ( -20.77083333333332504, 0.5876202367904159729, -1.017788105676656896 ) ) ;
#5140 = CARTESIAN_POINT ( 'NONE',  ( -22.22916666666665719, -1.500000000000000888, 0.8660254037844398178 ) ) ;
#5141 = EDGE_CURVE ( 'NONE', #847, #3476, #683, .T. ) ;
#5142 = CARTESIAN_POINT ( 'NONE',  ( -24.94919999999999760, 1.481840969524554463, -0.2326958122496788628 ) ) ;
#5143 = VECTOR ( 'NONE', #5240, 1000.000000000000000 ) ;
#5144 = CARTESIAN_POINT ( 'NONE',  ( 23.43750000000000000, 1.500000000000000000, 0.000000000000000000 ) ) ;
#5145 = B_SPLINE_CURVE_WITH_KNOTS ( 'NONE', 3,
 ( #346, #402, #4560, #427, #43, #4613 ),
 .UNSPECIFIED., .F., .F.,
 ( 4, 2, 4 ),
 ( 6.721502602186400858E-17, 0.0004673364619840011296, 0.0009346729239679348218 ),
 .UNSPECIFIED. ) ;
#5146 = CARTESIAN_POINT ( 'NONE',  ( 24.45833333333333215, -1.175240473580827949, 0.6785254037844338226 ) ) ;
#5147 = B_SPLINE_CURVE_WITH_KNOTS ( 'NONE', 3,
 ( #5101, #4223, #965, #537, #2643, #3433 ),
 .UNSPECIFIED., .F., .F.,
 ( 4, 2, 4 ),
 ( 0.01025901904450980152, 0.01091584480022101018, 0.01157267055593221711 ),
 .UNSPECIFIED. ) ;
#5148 = FACE_OUTER_BOUND ( 'NONE', #2187, .T. ) ;
#5149 = CONICAL_SURFACE ( 'NONE', #3050, 1.550800000000000622, 0.7853981633974500554 ) ;
#5150 = ORIENTED_EDGE ( 'NONE', *, *, #1406, .T. ) ;
#5151 = ORIENTED_EDGE ( 'NONE', *, *, #1903, .T. ) ;
#5152 = CARTESIAN_POINT ( 'NONE',  ( -20.56249999999998934, -6.391244124090313355E-16, -1.500000000000001332 ) ) ;
#5153 = CARTESIAN_POINT ( 'NONE',  ( 24.35416666666666785, -0.5876202367904145296, 1.017788105676650900 ) ) ;
#5154 = CARTESIAN_POINT ( 'NONE',  ( -19.47916666666665719, -1.175240473580833500, 0.6785254037844380415 ) ) ;
#5155 = VERTEX_POINT ( 'NONE', #5172 ) ;
#5156 = ORIENTED_EDGE ( 'NONE', *, *, #2379, .T. ) ;
#5157 = DIRECTION ( 'NONE',  ( 0.000000000000000000, 0.000000000000000000, 1.000000000000000000 ) ) ;
#5158 = CARTESIAN_POINT ( 'NONE',  ( -24.52083333333332504, -0.5876202367904166390, 1.017788105676656674 ) ) ;
#5159 = ORIENTED_EDGE ( 'NONE', *, *, #1406, .F. ) ;
#5160 = CARTESIAN_POINT ( 'NONE',  ( 20.94768645094140425, -1.025429682521190156, -0.7454357991836277897 ) ) ;
#5161 = LINE ( 'NONE', #2997, #4175 ) ;
#5162 = CARTESIAN_POINT ( 'NONE',  ( 22.93750000000000000, -1.175240473580827949, -1.439254484199180504E-16 ) ) ;
#5163 = CARTESIAN_POINT ( 'NONE',  ( 23.16666666666666430, 0.5876202367904140855, -1.017788105676651345 ) ) ;
#5164 = CARTESIAN_POINT ( 'NONE',  ( -20.41666666666666075, -0.5876202367904174162, -1.017788105676656230 ) ) ;
#5165 = CARTESIAN_POINT ( 'NONE',  ( -22.56249999999998934, 8.309539638847769097E-17, 1.357050807568875195 ) ) ;
#5166 = CARTESIAN_POINT ( 'NONE',  ( 22.77083333333333215, 0.5876202367904130863, 1.017788105676651789 ) ) ;
#5167 = CARTESIAN_POINT ( 'NONE',  ( -19.39583333333332504, 1.500000000000001110, 0.8660254037844392627 ) ) ;
#5168 = LINE ( 'NONE', #918, #2759 ) ;
#5169 = CARTESIAN_POINT ( 'NONE',  ( -23.87499796396146223, -3.664870201733299692E-05, 1.499999999552291685 ) ) ;
#5170 = CARTESIAN_POINT ( 'NONE',  ( -21.93749999999999289, -1.175240473580833722, 1.439254484199187407E-16 ) ) ;
#5171 = CARTESIAN_POINT ( 'NONE',  ( -23.39583333333332149, 1.500000000000001554, 0.8660254037844392627 ) ) ;
#5172 = CARTESIAN_POINT ( 'NONE',  ( -23.81249999999999289, -1.539708811712666274E-15, 1.500000000000001110 ) ) ;
#5173 = CARTESIAN_POINT ( 'NONE',  ( -22.64583333333332504, -1.500000000000002220, -0.8660254037844388186 ) ) ;
#5174 = CARTESIAN_POINT ( 'NONE',  ( -19.27083333333332504, 0.5876202367904159729, -1.017788105676656896 ) ) ;
#5175 = DIRECTION ( 'NONE',  ( 1.000000000000000000, 0.000000000000000000, 0.000000000000000000 ) ) ;
#5176 = ORIENTED_EDGE ( 'NONE', *, *, #2363, .T. ) ;
#5177 = ORIENTED_EDGE ( 'NONE', *, *, #1786, .T. ) ;
#5178 = CARTESIAN_POINT ( 'NONE',  ( -19.35416666666665719, -0.5876202367904174162, -1.017788105676656230 ) ) ;
#5179 = CARTESIAN_POINT ( 'NONE',  ( 22.10416666666666430, 0.5876202367904140855, -1.017788105676651345 ) ) ;
#5180 = CARTESIAN_POINT ( 'NONE',  ( -18.60000000000000142, 1.836970198721030427E-16, -1.500000000000000666 ) ) ;
#5181 = ORIENTED_EDGE ( 'NONE', *, *, #4642, .F. ) ;
#5182 = ORIENTED_EDGE ( 'NONE', *, *, #2787, .F. ) ;
#5183 = EDGE_CURVE ( 'NONE', #2247, #2083, #4837, .T. ) ;
#5184 = CARTESIAN_POINT ( 'NONE',  ( 21.45833333333333215, -1.175240473580827949, 0.6785254037844338226 ) ) ;
#5185 = CARTESIAN_POINT ( 'NONE',  ( -24.93749999999998934, -1.175240473580833722, 1.439254484199187407E-16 ) ) ;
#5186 = EDGE_LOOP ( 'NONE', ( #2112, #1494, #1591 ) ) ;
#5187 = CARTESIAN_POINT ( 'NONE',  ( -20.54166666666666785, -1.175240473580833500, 0.6785254037844380415 ) ) ;
#5188 = CARTESIAN_POINT ( 'NONE',  ( -23.56250000000000000, 2.788906526875773602E-15, -1.500000000000001554 ) ) ;
#5189 = CARTESIAN_POINT ( 'NONE',  ( 22.22916666666666785, 1.175240473580827727, 0.6785254037844348218 ) ) ;
#5190 = CARTESIAN_POINT ( 'NONE',  ( 21.62500000000000355, 8.309539638847728421E-17, -1.357050807568868311 ) ) ;
#5191 = CARTESIAN_POINT ( 'NONE',  ( -19.83333333333332504, 0.5876202367904159729, -1.017788105676656896 ) ) ;
#5192 = CARTESIAN_POINT ( 'NONE',  ( 23.43749999999999645, -1.175240473580827949, -1.439254484199180504E-16 ) ) ;
#5193 = CARTESIAN_POINT ( 'NONE',  ( -22.25000000000000711, -1.500000000000001332, 1.836970198721031413E-16 ) ) ;
#5194 = CARTESIAN_POINT ( 'NONE',  ( 24.35416666666666785, 0.7500000000000002220, -1.299038105676658006 ) ) ;
#5195 = CARTESIAN_POINT ( 'NONE',  ( 19.99999999999999645, 1.836970198721030181E-16, 1.500000000000000222 ) ) ;
#5196 = DIRECTION ( 'NONE',  ( 0.000000000000000000, 0.000000000000000000, -1.000000000000000000 ) ) ;
#5197 = CARTESIAN_POINT ( 'NONE',  ( -21.97916666666665364, -1.175240473580833722, 0.6785254037844379305 ) ) ;
#5198 = CARTESIAN_POINT ( 'NONE',  ( -22.14583333333332504, -1.500000000000001998, -0.8660254037844388186 ) ) ;
#5199 = CARTESIAN_POINT ( 'NONE',  ( 21.15329359036991974, -6.100733027540755002E-16, 1.450994063950753699 ) ) ;
#5200 = CARTESIAN_POINT ( 'NONE',  ( 23.66666666666666430, -0.7500000000000006661, 1.299038105676657562 ) ) ;
#5201 = CARTESIAN_POINT ( 'NONE',  ( -18.75698064062673964, 0.7632947672221013224, -0.8936281492174806829 ) ) ;
#5202 = EDGE_CURVE ( 'NONE', #1677, #4131, #1104, .T. ) ;
#5203 = CYLINDRICAL_SURFACE ( 'NONE', #2585, 1.500000000000000666 ) ;
#5204 = ORIENTED_EDGE ( 'NONE', *, *, #1269, .F. ) ;
#5205 = CARTESIAN_POINT ( 'NONE',  ( 21.47916666666666785, -1.175240473580827505, -0.6785254037844345998 ) ) ;
#5206 = CARTESIAN_POINT ( 'NONE',  ( -19.06249999999999289, 8.309539638847769097E-17, 1.357050807568875195 ) ) ;
#5207 = EDGE_LOOP ( 'NONE', ( #5366, #2465, #5151, #1090 ) ) ;
#5208 = ORIENTED_EDGE ( 'NONE', *, *, #3135, .T. ) ;
#5209 = CARTESIAN_POINT ( 'NONE',  ( 19.99999999999999645, 0.000000000000000000, -2.250000000000000000 ) ) ;
#5210 = AXIS2_PLACEMENT_3D ( 'NONE', #319, #5221, #1553 ) ;
#5211 = VERTEX_POINT ( 'NONE', #2319 ) ;
#5212 = CARTESIAN_POINT ( 'NONE',  ( -19.75000000000000355, -1.500000000000001332, 1.836970198721031413E-16 ) ) ;
#5213 = EDGE_CURVE ( 'NONE', #768, #2761, #4430, .T. ) ;
#5214 = CARTESIAN_POINT ( 'NONE',  ( -20.08333333333332504, -0.5876202367904166390, 1.017788105676656674 ) ) ;
#5215 = CARTESIAN_POINT ( 'NONE',  ( -18.60000000000000142, 0.000000000000000000, 1.500000000000000666 ) ) ;
#5216 = CARTESIAN_POINT ( 'NONE',  ( 21.60416666666666430, 0.5876202367904140855, -1.017788105676651345 ) ) ;
#5217 = CARTESIAN_POINT ( 'NONE',  ( 21.70833333333333570, 1.175240473580827949, -0.6785254037844341557 ) ) ;
#5218 = CARTESIAN_POINT ( 'NONE',  ( 22.31250000000000000, -2.492861891654318526E-16, 1.357050807568868533 ) ) ;
#5219 = CARTESIAN_POINT ( 'NONE',  ( 19.99999999999999645, 2.169875997175800819, -0.7416645267673326325 ) ) ;
#5220 = CARTESIAN_POINT ( 'NONE',  ( 23.56250000000000000, -3.181725716174720005E-16, 1.732050807568877193 ) ) ;
#5221 = DIRECTION ( 'NONE',  ( -1.000000000000000000, 0.000000000000000000, 0.000000000000000000 ) ) ;
#5222 = CARTESIAN_POINT ( 'NONE',  ( -20.83333333333333925, -0.7500000000000003331, 1.299038105676659338 ) ) ;
#5223 = CARTESIAN_POINT ( 'NONE',  ( -21.27083333333332504, 0.5876202367904159729, -1.017788105676656896 ) ) ;
#5224 = CARTESIAN_POINT ( 'NONE',  ( -20.81249999999998934, 1.060575238724907778E-16, 1.732050807568878747 ) ) ;
#5225 =( BOUNDED_CURVE ( )  B_SPLINE_CURVE ( 2, ( #4453, #732, #680, #5247, #320, #2706, #3626 ),
 .UNSPECIFIED., .F., .F. ) 
 B_SPLINE_CURVE_WITH_KNOTS ( ( 3, 2, 2, 3 ),
 ( 0.6590909090909090606, 0.6666666666666666297, 0.6818181818181817677, 0.6904188514542518584 ),
 .UNSPECIFIED. ) 
 CURVE ( )  GEOMETRIC_REPRESENTATION_ITEM ( )  RATIONAL_B_SPLINE_CURVE ( ( 0.9330127018922194093, 0.9330127018922194093, 1.000000000000000000, 0.8660254037844387076, 1.000000000000000000, 0.9239500980493891014, 0.9342387669930976024 ) ) 
 REPRESENTATION_ITEM ( '' )  );
#5226 = CARTESIAN_POINT ( 'NONE',  ( 21.16198298896580354, -0.2397464922789690478, 1.444861704104113187 ) ) ;
#5227 = CARTESIAN_POINT ( 'NONE',  ( -24.16666666666666075, 0.5876202367904169721, 1.017788105676656452 ) ) ;
#5228 = CARTESIAN_POINT ( 'NONE',  ( -19.85416666666665719, -0.5876202367904174162, -1.017788105676656230 ) ) ;
#5229 = VECTOR ( 'NONE', #585, 1000.000000000000000 ) ;
#5230 = CARTESIAN_POINT ( 'NONE',  ( -19.06249999999999289, 6.333141904780402276E-15, -1.500000000000001554 ) ) ;
#5231 = ORIENTED_EDGE ( 'NONE', *, *, #2602, .F. ) ;
#5232 = CARTESIAN_POINT ( 'NONE',  ( 21.04991894392263418, 1.204981956135958931, -0.6293432454614030780 ) ) ;
#5233 = VERTEX_POINT ( 'NONE', #218 ) ;
#5234 = CIRCLE ( 'NONE', #1058, 1.125000000000001776 ) ;
#5235 = ORIENTED_EDGE ( 'NONE', *, *, #1308, .F. ) ;
#5236 = CARTESIAN_POINT ( 'NONE',  ( 19.91666666666666430, -0.5876202367904145296, 1.017788105676650900 ) ) ;
#5237 = VERTEX_POINT ( 'NONE', #1863 ) ;
#5238 = CARTESIAN_POINT ( 'NONE',  ( 24.90236388584324345, 2.466654187917208121E-11, 1.222636114156755216 ) ) ;
#5239 = CARTESIAN_POINT ( 'NONE',  ( -23.43749999999998934, -1.175240473580833722, 1.439254484199187407E-16 ) ) ;
#5240 = DIRECTION ( 'NONE',  ( 1.000000000000000000, 0.000000000000000000, 0.000000000000000000 ) ) ;
#5241 = DIRECTION ( 'NONE',  ( -1.000000000000000000, 0.000000000000000000, 0.000000000000000000 ) ) ;
#5242 = DIRECTION ( 'NONE',  ( -1.000000000000000000, -0.000000000000000000, -0.000000000000000000 ) ) ;
#5243 = CARTESIAN_POINT ( 'NONE',  ( 21.81249999999999645, -2.492861891654318526E-16, 1.357050807568868533 ) ) ;
#5244 = CARTESIAN_POINT ( 'NONE',  ( -23.08482909936924798, -0.4019237886466833221, -1.500000000000001998 ) ) ;
#5245 = CARTESIAN_POINT ( 'NONE',  ( 23.77083333333333215, -0.7499999999999996669, -1.299038105676658228 ) ) ;
#5246 = CARTESIAN_POINT ( 'NONE',  ( -20.31249999999998934, 2.033577675846917841E-16, 1.500000000000001110 ) ) ;
#5247 = CARTESIAN_POINT ( 'NONE',  ( 21.29166666666666785, -1.499999999999999778, -0.8660254037844391517 ) ) ;
#5248 = CARTESIAN_POINT ( 'NONE',  ( -22.89583333333332504, -1.175240473580834166, -0.6785254037844371533 ) ) ;
#5249 = CARTESIAN_POINT ( 'NONE',  ( -21.35416666666666075, 0.7500000000000008882, 1.299038105676659116 ) ) ;
#5250 = CARTESIAN_POINT ( 'NONE',  ( 24.72296149849235292, -0.5543862954239318075, -1.295492022791944864 ) ) ;
#5251 = CARTESIAN_POINT ( 'NONE',  ( -23.95833333333332504, -1.175240473580834166, -0.6785254037844371533 ) ) ;
#5252 = CARTESIAN_POINT ( 'NONE',  ( -19.89583333333332504, -1.175240473580834166, -0.6785254037844371533 ) ) ;
#5253 = CONICAL_SURFACE ( 'NONE', #3414, 2.250000000000000000, 1.047197551196600074 ) ;
#5254 = CARTESIAN_POINT ( 'NONE',  ( -19.64583333333332504, -1.500000000000002220, -0.8660254037844388186 ) ) ;
#5255 = CARTESIAN_POINT ( 'NONE',  ( -22.31249999999999289, -3.224673171700113400E-15, 1.500000000000001554 ) ) ;
#5256 = CARTESIAN_POINT ( 'NONE',  ( -24.79903810567666156, 1.299038105676658006, 2.250000000000000000 ) ) ;
#5257 = ORIENTED_EDGE ( 'NONE', *, *, #2796, .T. ) ;
#5258 = ORIENTED_EDGE ( 'NONE', *, *, #3106, .F. ) ;
#5259 = CARTESIAN_POINT ( 'NONE',  ( 19.99999999999999289, -0.2199850240811393742, -2.250000000000000000 ) ) ;
#5260 = VERTEX_POINT ( 'NONE', #5142 ) ;
#5261 = CARTESIAN_POINT ( 'NONE',  ( -24.97916666666666075, -1.175240473580833722, 0.6785254037844379305 ) ) ;
#5262 = FACE_OUTER_BOUND ( 'NONE', #3885, .T. ) ;
#5263 = CARTESIAN_POINT ( 'NONE',  ( -23.22916666666665719, 1.175240473580833056, -0.6785254037844382635 ) ) ;
#5264 = EDGE_CURVE ( 'NONE', #5211, #1243, #3282, .T. ) ;
#5265 = CARTESIAN_POINT ( 'NONE',  ( 23.72916666666666785, -1.499999999999999778, -0.8660254037844391517 ) ) ;
#5266 = CARTESIAN_POINT ( 'NONE',  ( 21.93750000000000000, -1.175240473580827949, -1.439254484199180504E-16 ) ) ;
#5267 = CARTESIAN_POINT ( 'NONE',  ( -24.83786161522984415, -1.335174682243721378, 0.4218466158765395435 ) ) ;
#5268 = CARTESIAN_POINT ( 'NONE',  ( 19.89583333333332860, -1.175240473580827949, 0.6785254037844338226 ) ) ;
#5269 = CARTESIAN_POINT ( 'NONE',  ( 22.79166666666666075, 1.175240473580827505, 0.6785254037844348218 ) ) ;
#5270 = CARTESIAN_POINT ( 'NONE',  ( 24.10416666666666785, -0.7500000000000006661, 1.299038105676657562 ) ) ;
#5271 = CARTESIAN_POINT ( 'NONE',  ( -24.92172769284587730, -2.385571612819396670, -0.3680687615027734005 ) ) ;
#5272 = CARTESIAN_POINT ( 'NONE',  ( -19.24999999999998934, 1.175240473580833722, 0.000000000000000000 ) ) ;
#5273 = CARTESIAN_POINT ( 'NONE',  ( -19.43749999999998934, 1.500000000000001332, 0.000000000000000000 ) ) ;
#5274 = CARTESIAN_POINT ( 'NONE',  ( 19.99999999999999645, 0.000000000000000000, 0.000000000000000000 ) ) ;
#5275 = PLANE ( 'NONE',  #794 ) ;
#5276 = CARTESIAN_POINT ( 'NONE',  ( -24.45833333333333925, 1.500000000000001554, 0.8660254037844392627 ) ) ;
#5277 = CARTESIAN_POINT ( 'NONE',  ( 23.08333333333333215, 0.7499999999999988898, 1.299038105676658672 ) ) ;
#5278 = EDGE_CURVE ( 'NONE', #4384, #1271, #505, .T. ) ;
#5279 = CARTESIAN_POINT ( 'NONE',  ( -19.81249999999998934, -6.768908549604741285E-15, 1.500000000000001332 ) ) ;
#5280 = EDGE_LOOP ( 'NONE', ( #1352, #4017, #2303 ) ) ;
#5281 = CARTESIAN_POINT ( 'NONE',  ( -18.60000000000000142, 1.836970198721030427E-16, -1.500000000000000666 ) ) ;
#5282 = DIRECTION ( 'NONE',  ( -1.000000000000000000, 0.000000000000000000, -0.000000000000000000 ) ) ;
#5283 = ORIENTED_EDGE ( 'NONE', *, *, #4034, .T. ) ;
#5284 = DIRECTION ( 'NONE',  ( 1.000000000000000000, 0.000000000000000000, -0.000000000000000000 ) ) ;
#5285 = ORIENTED_EDGE ( 'NONE', *, *, #2430, .T. ) ;
#5286 = CARTESIAN_POINT ( 'NONE',  ( -23.89583333333332504, -1.175240473580834166, -0.6785254037844371533 ) ) ;
#5287 = CARTESIAN_POINT ( 'NONE',  ( -23.56249999999999289, 8.309539638847769097E-17, 1.357050807568875195 ) ) ;
#5288 = VECTOR ( 'NONE', #1836, 1000.000000000000000 ) ;
#5289 = CARTESIAN_POINT ( 'NONE',  ( 24.33482909936926575, 0.4019237886466835996, -1.500000000000000444 ) ) ;
#5290 = CARTESIAN_POINT ( 'NONE',  ( 24.29017090063074136, -0.4019237886466845433, -1.499999999999999778 ) ) ;
#5291 = EDGE_CURVE ( 'NONE', #3940, #2470, #1951, .T. ) ;
#5292 = LINE ( 'NONE', #287, #446 ) ;
#5293 = CARTESIAN_POINT ( 'NONE',  ( 19.72916666666666430, 1.175240473580827505, 0.6785254037844348218 ) ) ;
#5294 = CARTESIAN_POINT ( 'NONE',  ( 23.37500000000000000, -2.492861891654318526E-16, 1.357050807568868533 ) ) ;
#5295 = CARTESIAN_POINT ( 'NONE',  ( 25.10416666666666430, -0.7500000000000006661, 1.299038105676657562 ) ) ;
#5296 = CARTESIAN_POINT ( 'NONE',  ( -25.00000000000000000, -1.948557158514986565, -1.125000000000000444 ) ) ;
#5297 =( BOUNDED_CURVE ( )  B_SPLINE_CURVE ( 2, ( #4320, #2271, #1349, #192, #951 ),
 .UNSPECIFIED., .F., .F. ) 
 B_SPLINE_CURVE_WITH_KNOTS ( ( 3, 2, 3 ),
 ( 0.9807692307692308376, 0.9871794871794872250, 0.9894792658631201832 ),
 .UNSPECIFIED. ) 
 CURVE ( )  GEOMETRIC_REPRESENTATION_ITEM ( )  RATIONAL_B_SPLINE_CURVE ( ( 0.9330127018922192983, 0.9330127018922198534, 1.000000000000000000, 0.9759672701990591559, 0.9605566541122096957 ) ) 
 REPRESENTATION_ITEM ( '' )  );
#5298 = CARTESIAN_POINT ( 'NONE',  ( -21.87500083245187810, 1.498413736887682167E-05, 1.499999999925159644 ) ) ;
#5299 = CARTESIAN_POINT ( 'NONE',  ( -18.82670102385148780, 0.6811549392268512193, -0.9637858200464095582 ) ) ;
#5300 = CARTESIAN_POINT ( 'NONE',  ( -19.31249999999998934, 1.060575238724907778E-16, 1.732050807568878747 ) ) ;
#5301 = CARTESIAN_POINT ( 'NONE',  ( 21.03554995288515883, -1.028513561930450182, 0.8537912624724386390 ) ) ;
#5302 = CARTESIAN_POINT ( 'NONE',  ( -23.04166666666665719, -1.175240473580833722, 0.6785254037844379305 ) ) ;
#5303 = CARTESIAN_POINT ( 'NONE',  ( -23.75000000000000355, -1.500000000000001332, 1.836970198721031413E-16 ) ) ;
#5304 = CARTESIAN_POINT ( 'NONE',  ( 21.12499999999999645, -3.181725716174720005E-16, 1.732050807568877193 ) ) ;
#5305 = CARTESIAN_POINT ( 'NONE',  ( -18.60000000000000142, 0.000000000000000000, 0.000000000000000000 ) ) ;
#5306 = EDGE_CURVE ( 'NONE', #4408, #3557, #1586, .T. ) ;
#5307 = ORIENTED_EDGE ( 'NONE', *, *, #4795, .T. ) ;
#5308 = EDGE_CURVE ( 'NONE', #4845, #1465, #3065, .T. ) ;
#5309 = CARTESIAN_POINT ( 'NONE',  ( 21.08894628328763687, 1.333835273243593189, 0.4200492695797596876 ) ) ;
#5310 = B_SPLINE_CURVE_WITH_KNOTS ( 'NONE', 3,
 ( #4027, #313, #3210, #4965, #4581, #4936 ),
 .UNSPECIFIED., .F., .F.,
 ( 4, 2, 4 ),
 ( 0.009020523524451784861, 0.009677680433514048580, 0.01033483734257631230 ),
 .UNSPECIFIED. ) ;
#5311 = EDGE_LOOP ( 'NONE', ( #3047, #3178, #929, #5235 ) ) ;
#5312 = CARTESIAN_POINT ( 'NONE',  ( -24.62488223956474442, -0.005260721424459080184, 1.175673418597766640 ) ) ;
#5313 = ORIENTED_EDGE ( 'NONE', *, *, #2851, .T. ) ;
#5314 = CARTESIAN_POINT ( 'NONE',  ( -23.35416666666665719, -0.5876202367904174162, -1.017788105676656230 ) ) ;
#5315 = DIRECTION ( 'NONE',  ( 1.000000000000000000, 0.000000000000000000, 0.000000000000000000 ) ) ;
#5316 = CARTESIAN_POINT ( 'NONE',  ( -24.35416666666666075, -0.5876202367904174162, -1.017788105676656230 ) ) ;
#5317 = ORIENTED_EDGE ( 'NONE', *, *, #4991, .T. ) ;
#5318 = DIRECTION ( 'NONE',  ( 0.000000000000000000, 0.000000000000000000, -1.000000000000000000 ) ) ;
#5319 = DIRECTION ( 'NONE',  ( -0.7071067811865493491, 0.000000000000000000, 0.7071067811865456854 ) ) ;
#5320 = CARTESIAN_POINT ( 'NONE',  ( 20.68749999999999645, 1.175240473580827949, 0.000000000000000000 ) ) ;
#5321 = CARTESIAN_POINT ( 'NONE',  ( 24.45833333333333215, -1.175240473580827949, 0.6785254037844338226 ) ) ;
#5322 = CARTESIAN_POINT ( 'NONE',  ( 21.60416666666666430, -0.7500000000000006661, 1.299038105676657562 ) ) ;
#5323 = CARTESIAN_POINT ( 'NONE',  ( -18.60000000000000142, 0.000000000000000000, 0.000000000000000000 ) ) ;
#5324 = DIRECTION ( 'NONE',  ( 0.000000000000000000, 0.000000000000000000, -1.000000000000000000 ) ) ;
#5325 = CARTESIAN_POINT ( 'NONE',  ( -25.00000000000000000, 0.000000000000000000, 0.000000000000000000 ) ) ;
#5326 = CARTESIAN_POINT ( 'NONE',  ( -21.06249999999999289, -3.181725716174723456E-16, -1.732050807568878747 ) ) ;
#5327 = CARTESIAN_POINT ( 'NONE',  ( 20.91009027189305769, -0.2308319888250697227, 1.201313144336533245 ) ) ;
#5328 = CARTESIAN_POINT ( 'NONE',  ( -23.24999999999999289, 1.175240473580833722, 0.000000000000000000 ) ) ;
#5329 = CARTESIAN_POINT ( 'NONE',  ( -22.04166666666667496, 1.500000000000000888, -0.8660254037844402619 ) ) ;
#5330 = CARTESIAN_POINT ( 'NONE',  ( 21.91666666666666430, 0.7500000000000002220, -1.299038105676658006 ) ) ;
#5331 = ADVANCED_FACE ( 'NONE', ( #4064 ), #602, .T. ) ;
#5332 =( BOUNDED_CURVE ( )  B_SPLINE_CURVE ( 2, ( #2427, #434, #25, #1211, #2947, #2486, #1695, #4205, #3358 ),
 .UNSPECIFIED., .F., .T. ) 
 B_SPLINE_CURVE_WITH_KNOTS ( ( 3, 2, 2, 2, 3 ),
 ( 0.5192307692307692735, 0.5256410256410256610, 0.5384615384615384359, 0.5512820512820513219, 0.5576923076923077094 ),
 .UNSPECIFIED. ) 
 CURVE ( )  GEOMETRIC_REPRESENTATION_ITEM ( )  RATIONAL_B_SPLINE_CURVE ( ( 0.9330127018922192983, 0.9330127018922198534, 1.000000000000000000, 0.8660254037844387076, 1.000000000000000000, 0.8660254037844387076, 1.000000000000000000, 0.9330127018922194093, 0.9330127018922194093 ) ) 
 REPRESENTATION_ITEM ( '' )  );
#5333 = CARTESIAN_POINT ( 'NONE',  ( -24.06249999999998934, -6.391244124090313355E-16, -1.500000000000001332 ) ) ;
#5334 = ORIENTED_EDGE ( 'NONE', *, *, #4233, .F. ) ;
#5335 = CARTESIAN_POINT ( 'NONE',  ( 20.99479994131603178, 1.452555482747798669E-16, -1.292500414896861072 ) ) ;
#5336 = EDGE_LOOP ( 'NONE', ( #5258, #3150, #1516 ) ) ;
#5337 = LINE ( 'NONE', #3690, #1910 ) ;
#5338 = ORIENTED_EDGE ( 'NONE', *, *, #1308, .T. ) ;
#5339 = CARTESIAN_POINT ( 'NONE',  ( -21.85416666666665719, -0.5876202367904174162, -1.017788105676656230 ) ) ;
#5340 = SECURITY_CLASSIFICATION ( '', '', #3736 ) ;
#5341 = DIRECTION ( 'NONE',  ( -1.000000000000000000, -0.000000000000000000, -0.000000000000000000 ) ) ;
#5342 = CARTESIAN_POINT ( 'NONE',  ( -22.22916666666665719, 1.175240473580833056, -0.6785254037844382635 ) ) ;
#5343 = EDGE_CURVE ( 'NONE', #4635, #4356, #4863, .T. ) ;
#5344 = VERTEX_POINT ( 'NONE', #3193 ) ;
#5345 = CARTESIAN_POINT ( 'NONE',  ( 22.47916666666666785, 1.499999999999999778, 0.8660254037844394848 ) ) ;
#5346 = DIRECTION ( 'NONE',  ( 0.000000000000000000, 0.000000000000000000, -1.000000000000000000 ) ) ;
#5347 = CARTESIAN_POINT ( 'NONE',  ( 21.87500000000000000, -5.723068602026326086E-15, -1.499999999999999778 ) ) ;
#5348 = CARTESIAN_POINT ( 'NONE',  ( -23.62499999999998579, 8.309539638847769097E-17, 1.357050807568875195 ) ) ;
#5349 = CARTESIAN_POINT ( 'NONE',  ( 24.74999999999999645, 1.175240473580827949, 0.000000000000000000 ) ) ;
#5350 = CARTESIAN_POINT ( 'NONE',  ( 20.81250000000000000, 1.060575238724906915E-16, -1.732050807568877193 ) ) ;
#5351 = CARTESIAN_POINT ( 'NONE',  ( -24.94919999999999760, 1.481840969524554463, -0.2326958122496788905 ) ) ;
#5352 = CARTESIAN_POINT ( 'NONE',  ( 22.95833333333332860, 1.500000000000000000, -0.8660254037844384856 ) ) ;
#5353 = CARTESIAN_POINT ( 'NONE',  ( -19.54166666666666075, -1.175240473580833722, 0.6785254037844379305 ) ) ;
#5354 = CARTESIAN_POINT ( 'NONE',  ( -24.24999999999998934, 1.175240473580833722, 0.000000000000000000 ) ) ;
#5355 = CARTESIAN_POINT ( 'NONE',  ( 21.60416666666666430, -0.7500000000000006661, 1.299038105676657562 ) ) ;
#5356 = CARTESIAN_POINT ( 'NONE',  ( -23.33333333333332504, 0.5876202367904159729, -1.017788105676656896 ) ) ;
#5357 = CARTESIAN_POINT ( 'NONE',  ( -22.25000000000000711, -1.500000000000001332, 1.836970198721031413E-16 ) ) ;
#5358 = CARTESIAN_POINT ( 'NONE',  ( 21.62499999999999645, -3.181725716174720005E-16, 1.732050807568877193 ) ) ;
#5359 = CARTESIAN_POINT ( 'NONE',  ( 23.35267090063073780, -0.4019237886466838217, -1.499999999999999778 ) ) ;
#5360 = CARTESIAN_POINT ( 'NONE',  ( -25.35416666666665719, 0.7500000000000008882, 1.299038105676659116 ) ) ;
#5361 = ADVANCED_FACE ( 'NONE', ( #759 ), #4457, .T. ) ;
#5362 =( BOUNDED_CURVE ( )  B_SPLINE_CURVE ( 2, ( #2264, #3366, #5011, #2521, #3, #1298, #4574, #4986, #1650 ),
 .UNSPECIFIED., .F., .F. ) 
 B_SPLINE_CURVE_WITH_KNOTS ( ( 3, 2, 2, 2, 3 ),
 ( 0.7884615384615384359, 0.7948717948717948234, 0.8076923076923077094, 0.8205128205128204844, 0.8269230769230769829 ),
 .UNSPECIFIED. ) 
 CURVE ( )  GEOMETRIC_REPRESENTATION_ITEM ( )  RATIONAL_B_SPLINE_CURVE ( ( 0.9330127018922194093, 0.9330127018922194093, 1.000000000000000000, 0.8660254037844387076, 1.000000000000000000, 0.8660254037844387076, 1.000000000000000000, 0.9330127018922187432, 0.9330127018922192983 ) ) 
 REPRESENTATION_ITEM ( '' )  );
#5363 = CARTESIAN_POINT ( 'NONE',  ( 22.56249999999999645, -6.391244124090313355E-16, 1.499999999999999778 ) ) ;
#5364 = CARTESIAN_POINT ( 'NONE',  ( 19.99999999999999645, -1.948557158514986787, 1.124999999999999778 ) ) ;
#5365 = CARTESIAN_POINT ( 'NONE',  ( -25.00000000000000000, 0.000000000000000000, 0.000000000000000000 ) ) ;
#5366 = ORIENTED_EDGE ( 'NONE', *, *, #3391, .F. ) ;
#5367 = CARTESIAN_POINT ( 'NONE',  ( -22.27083333333332149, 0.5876202367904159729, -1.017788105676656896 ) ) ;
#5368 = CARTESIAN_POINT ( 'NONE',  ( 24.12499999999999645, -6.391244124090313355E-16, 1.499999999999999778 ) ) ;
#5369 = CARTESIAN_POINT ( 'NONE',  ( -20.89583333333332504, -1.175240473580834166, -0.6785254037844372643 ) ) ;
#5370 = VERTEX_POINT ( 'NONE', #735 ) ;
#5371 = CARTESIAN_POINT ( 'NONE',  ( -20.79017090063073070, -0.4019237886466842102, 1.500000000000001110 ) ) ;
#5372 = CARTESIAN_POINT ( 'NONE',  ( 19.99999999999999645, 0.000000000000000000, 0.000000000000000000 ) ) ;
#5373 = CARTESIAN_POINT ( 'NONE',  ( -25.00000000000000000, 1.899182256117716029E-16, -1.550800000000000622 ) ) ;
#5374 = EDGE_CURVE ( 'NONE', #3947, #3832, #4563, .T. ) ;
#5375 = EDGE_CURVE ( 'NONE', #5344, #4604, #1970, .T. ) ;
#5376 = CARTESIAN_POINT ( 'NONE',  ( 19.97916666666666785, -1.175240473580827505, -0.6785254037844345998 ) ) ;
#5377 = B_SPLINE_CURVE_WITH_KNOTS ( 'NONE', 3,
 ( #4917, #2834, #4505, #2590, #2152, #4140 ),
 .UNSPECIFIED., .F., .F.,
 ( 4, 2, 4 ),
 ( 0.001314652396222795380, 0.001969405109320619858, 0.002624157822418444769 ),
 .UNSPECIFIED. ) ;
#5378 = CARTESIAN_POINT ( 'NONE',  ( 24.04166666666666785, -1.175240473580827505, -0.6785254037844345998 ) ) ;
#5379 = CARTESIAN_POINT ( 'NONE',  ( 21.27083333333333215, -0.7499999999999996669, -1.299038105676658228 ) ) ;
#5380 = CARTESIAN_POINT ( 'NONE',  ( -18.60000000000000142, 0.000000000000000000, 0.000000000000000000 ) ) ;
#5381 = PLANE ( 'NONE',  #4971 ) ;
#5382 = CARTESIAN_POINT ( 'NONE',  ( -21.54166666666667140, 1.500000000000000888, -0.8660254037844402619 ) ) ;
#5383 = CIRCLE ( 'NONE', #945, 2.249999999999999556 ) ;
#5384 = CARTESIAN_POINT ( 'NONE',  ( -24.99999999999998934, -1.175240473580833722, 1.439254484199187407E-16 ) ) ;
#5385 = CARTESIAN_POINT ( 'NONE',  ( 20.87753999999999621, -0.03582132963469344955, 1.174694429664876694 ) ) ;
#5386 = CARTESIAN_POINT ( 'NONE',  ( -21.87499999999999289, -2.492861891654330359E-16, -1.357050807568875195 ) ) ;
#5387 = CARTESIAN_POINT ( 'NONE',  ( -22.91666666666667140, 0.7500000000000008882, 1.299038105676659116 ) ) ;
#5388 = CARTESIAN_POINT ( 'NONE',  ( 21.45833333333333215, 1.500000000000000222, -0.8660254037844384856 ) ) ;
#5389 = CARTESIAN_POINT ( 'NONE',  ( 19.85970192069498097, 1.088892486091238121, 2.250000000000000000 ) ) ;
#5390 = CARTESIAN_POINT ( 'NONE',  ( -24.68749999999998934, -1.500000000000001332, 1.836970198721031413E-16 ) ) ;
ENDSEC;
END-ISO-10303-21;
