ISO-10303-21;
HEADER;
FILE_DESCRIPTION (( 'STEP AP203' ),
    '1' );
FILE_NAME ('93655A096_Male-Female Threaded Hex Standoff.STEP',
    '2026-01-09T00:19:49',
    ( 'McMaster Carr Supply' ),
    ( 'McMaster Carr Supply' ),
    'SwSTEP 2.0',
    'SolidWorks 2024',
    '' );
FILE_SCHEMA (( 'CONFIG_CONTROL_DESIGN' ));
ENDSEC;

DATA;
#1 = DIRECTION ( 'NONE',  ( 0.000000000000000000, 0.000000000000000000, 1.000000000000000000 ) ) ;
#2 = ORIENTED_EDGE ( 'NONE', *, *, #4757, .F. ) ;
#3 = FACE_OUTER_BOUND ( 'NONE', #3373, .T. ) ;
#4 = CARTESIAN_POINT ( 'NONE',  ( 1.471500672974068724, -7.174015294681039699E-15, 5.345312500000003908 ) ) ;
#5 = CARTESIAN_POINT ( 'NONE',  ( -1.443375672974068991, -5.612753121737542438E-15, -1.481249999999995515 ) ) ;
#6 = CARTESIAN_POINT ( 'NONE',  ( 1.056094350624062095, -0.2163918266055035455, -0.5322549099613971268 ) ) ;
#7 = CARTESIAN_POINT ( 'NONE',  ( -0.8294067547305488119, -0.4788582131113828244, 6.718750000000002665 ) ) ;
#8 = EDGE_CURVE ( 'NONE', #4562, #2406, #173, .T. ) ;
#9 = CARTESIAN_POINT ( 'NONE',  ( 0.000000000000000000, 0.9577164262227573222, -0.4687499999999978351 ) ) ;
#10 = CARTESIAN_POINT ( 'NONE',  ( -0.5529378364870323193, 0.9577164262227454428, 7.956250000000004263 ) ) ;
#11 = CARTESIAN_POINT ( 'NONE',  ( 1.103625504730551432, -0.6371784822407281501, 4.885937500000002487 ) ) ;
#12 = ORIENTED_EDGE ( 'NONE', *, *, #2298, .F. ) ;
#13 = CARTESIAN_POINT ( 'NONE',  ( -1.172864355864548802E-16, -0.9577164262227687574, -1.593749999999998002 ) ) ;
#14 = CARTESIAN_POINT ( 'NONE',  ( -0.5529378364870324303, 0.9577164262227455538, 9.362500000000002487 ) ) ;
#15 = CARTESIAN_POINT ( 'NONE',  ( -0.7216878364870357165, -1.250000000000012434, 8.781250000000005329 ) ) ;
#16 = CARTESIAN_POINT ( 'NONE',  ( -1.103625504730551654, 0.6371784822407138282, 9.132812500000003553 ) ) ;
#17 = UNCERTAINTY_MEASURE_WITH_UNIT (LENGTH_MEASURE( 1.000000000000000082E-05 ), #4289, 'distance_accuracy_value', 'NONE');
#18 = CARTESIAN_POINT ( 'NONE',  ( 0.8294067547305582488, 0.4788582131113751084, -1.443749999999998090 ) ) ;
#19 = CARTESIAN_POINT ( 'NONE',  ( -1.560637177523338370E-16, -1.274356964481450083, -1.382812499999997780 ) ) ;
#20 = CARTESIAN_POINT ( 'NONE',  ( 3.061616997868395960E-16, 1.249999999999998224, 8.143750000000004263 ) ) ;
#21 = CARTESIAN_POINT ( 'NONE',  ( 0.8294067547305484789, -0.4788582131113834905, 8.668750000000002842 ) ) ;
#22 = VERTEX_POINT ( 'NONE', #618 ) ;
#23 = EDGE_CURVE ( 'NONE', #4350, #801, #3564, .T. ) ;
#24 = CARTESIAN_POINT ( 'NONE',  ( -0.8849636414586150579, 0.8828019898574686053, -0.6367499999999948201 ) ) ;
#25 = SHAPE_DEFINITION_REPRESENTATION ( #1351, #1312 ) ;
#26 = ORIENTED_EDGE ( 'NONE', *, *, #4752, .T. ) ;
#27 = DIRECTION ( 'NONE',  ( -0.000000000000000000, 1.157433492142735316E-16, -1.000000000000000000 ) ) ;
#28 = CARTESIAN_POINT ( 'NONE',  ( -1.560637177523334179E-16, -1.274356964481448085, 6.582812500000003730 ) ) ;
#29 = APPROVAL ( #3636, 'UNSPECIFIED' ) ;
#30 = CARTESIAN_POINT ( 'NONE',  ( -0.1912500000000013078, -2.487657972370801218, -6.873863542433756635 ) ) ;
#31 = CARTESIAN_POINT ( 'NONE',  ( 0.8522993110189657218, 0.5762382753936070579, -0.5037156192918483821 ) ) ;
#32 = CARTESIAN_POINT ( 'NONE',  ( -1.105875672974064861, -6.835989651157778155E-15, 8.031250000000005329 ) ) ;
#33 = CARTESIAN_POINT ( 'NONE',  ( 0.8294067547305575827, -0.4788582131113875429, -0.6187499999999982458 ) ) ;
#34 = CARTESIAN_POINT ( 'NONE',  ( 0.5529378364870320972, -0.9577164262227595426, 7.281250000000003553 ) ) ;
#35 = CARTESIAN_POINT ( 'NONE',  ( -1.560637177523334179E-16, -1.274356964481448085, 5.710937500000002665 ) ) ;
#36 = ORIENTED_EDGE ( 'NONE', *, *, #2343, .T. ) ;
#37 = CARTESIAN_POINT ( 'NONE',  ( 0.5529378364870390916, 0.9577164262227569891, -2.306249999999998135 ) ) ;
#38 = EDGE_CURVE ( 'NONE', #4567, #3520, #1522, .T. ) ;
#39 = CARTESIAN_POINT ( 'NONE',  ( 0.5529378364870322082, -0.9577164262227596536, 10.03750000000000320 ) ) ;
#40 = CARTESIAN_POINT ( 'NONE',  ( 0.000000000000000000, -1.258909218984051749E-16, -3.899999999999999911 ) ) ;
#41 = CARTESIAN_POINT ( 'NONE',  ( -1.560637177523334179E-16, -1.274356964481448085, 9.282812500000003908 ) ) ;
#42 = B_SPLINE_CURVE_WITH_KNOTS ( 'NONE', 3,
 ( #4186, #2351, #4552, #3770, #1311, #2784 ),
 .UNSPECIFIED., .F., .F.,
 ( 4, 2, 4 ),
 ( 8.706411754801924802E-15, 0.0002012759897655094874, 0.0004025519795223125603 ),
 .UNSPECIFIED. ) ;
#43 = CARTESIAN_POINT ( 'NONE',  ( -0.8294067547305578048, 0.4788582131113759410, -0.8437499999999981126 ) ) ;
#44 = CARTESIAN_POINT ( 'NONE',  ( 1.471500672974072721, -5.958528483286657704E-15, -1.270312499999997513 ) ) ;
#45 = FACE_OUTER_BOUND ( 'NONE', #1001, .T. ) ;
#46 = CARTESIAN_POINT ( 'NONE',  ( 0.8294067547305484789, -0.4788582131113834905, 8.218750000000001776 ) ) ;
#47 = ORIENTED_EDGE ( 'NONE', *, *, #4432, .T. ) ;
#48 = CARTESIAN_POINT ( 'NONE',  ( 1.443375672974068991, -5.980055477802919446E-15, -1.706249999999995826 ) ) ;
#49 =( BOUNDED_CURVE ( )  B_SPLINE_CURVE ( 2, ( #717, #2976, #4097, #1465, #382, #820, #2290 ),
 .UNSPECIFIED., .F., .T. ) 
 B_SPLINE_CURVE_WITH_KNOTS ( ( 3, 2, 2, 3 ),
 ( 0.5384615384615384359, 0.5512820512820513219, 0.5641025641025640969, 0.5769230769230768718 ),
 .UNSPECIFIED. ) 
 CURVE ( )  GEOMETRIC_REPRESENTATION_ITEM ( )  RATIONAL_B_SPLINE_CURVE ( ( 1.000000000000000000, 0.8660254037844387076, 1.000000000000000000, 0.8660254037844387076, 1.000000000000000000, 0.8660254037844387076, 1.000000000000000000 ) ) 
 REPRESENTATION_ITEM ( '' )  );
#50 = VERTEX_POINT ( 'NONE', #1784 ) ;
#51 = CARTESIAN_POINT ( 'NONE',  ( 0.000000000000000000, 1.249999999999998446, -2.100000000000000533 ) ) ;
#52 = CARTESIAN_POINT ( 'NONE',  ( -0.7357503364870348062, -1.274356964481448085, 6.095312500000003908 ) ) ;
#53 = CARTESIAN_POINT ( 'NONE',  ( 0.8294067547305575827, -0.4788582131113877094, -2.924999999999998934 ) ) ;
#54 = CARTESIAN_POINT ( 'NONE',  ( 0.7357503364870359164, -1.274356964481450527, -4.045312499999997868 ) ) ;
#55 = CARTESIAN_POINT ( 'NONE',  ( 1.105875672974064861, -7.106851071790302181E-15, 7.356250000000001954 ) ) ;
#56 = CARTESIAN_POINT ( 'NONE',  ( 0.5529378364870329854, 0.9577164262227449987, 6.981250000000002842 ) ) ;
#57 = CARTESIAN_POINT ( 'NONE',  ( 2.058749999992247837, -1.409456344663649885, 9.832569145071531125 ) ) ;
#58 = VERTEX_POINT ( 'NONE', #2173 ) ;
#59 = CARTESIAN_POINT ( 'NONE',  ( -1.105875672974077295, -5.674750865944376160E-15, -2.156249999999997335 ) ) ;
#60 = CARTESIAN_POINT ( 'NONE',  ( 0.8294067547305490340, 0.4788582131113686691, 8.350000000000003197 ) ) ;
#61 = CARTESIAN_POINT ( 'NONE',  ( -0.8294067547305487009, 0.4788582131113694462, 7.600000000000003197 ) ) ;
#62 = CARTESIAN_POINT ( 'NONE',  ( -0.7216878364870357165, 1.249999999999996669, -2.062500000000000444 ) ) ;
#63 = DIRECTION ( 'NONE',  ( -0.000000000000000000, 1.157433492142735316E-16, -1.000000000000000000 ) ) ;
#64 = CONICAL_SURFACE ( 'NONE', #1298, 2.205000000000000071, 1.047197551196600074 ) ;
#65 = ORIENTED_EDGE ( 'NONE', *, *, #377, .F. ) ;
#66 = ORIENTED_EDGE ( 'NONE', *, *, #2462, .T. ) ;
#67 = CARTESIAN_POINT ( 'NONE',  ( 0.7216878364870360496, 1.249999999999997558, 6.812500000000000000 ) ) ;
#68 = CARTESIAN_POINT ( 'NONE',  ( -1.103625504730551876, -0.6371784822407272619, 9.207812500000004619 ) ) ;
#69 = AXIS2_PLACEMENT_3D ( 'NONE', #4092, #789, #2261 ) ;
#70 = CARTESIAN_POINT ( 'NONE',  ( 0.5529378364870390916, 0.9577164262227571001, -0.5062499999999979794 ) ) ;
#71 = CARTESIAN_POINT ( 'NONE',  ( -1.172864355864548802E-16, -0.9577164262227686464, -1.199999999999998845 ) ) ;
#72 = EDGE_CURVE ( 'NONE', #2219, #2663, #960, .T. ) ;
#73 = CARTESIAN_POINT ( 'NONE',  ( 0.000000000000000000, -1.258909218984051749E-16, -3.899999999999999911 ) ) ;
#74 = CARTESIAN_POINT ( 'NONE',  ( -0.5529378364870322082, 0.9577164262227454428, 7.506250000000002309 ) ) ;
#75 = VERTEX_POINT ( 'NONE', #4420 ) ;
#76 = CARTESIAN_POINT ( 'NONE',  ( 0.7216878364870346063, -1.250000000000012434, 9.362500000000000711 ) ) ;
#77 = VECTOR ( 'NONE', #769, 1000.000000000000000 ) ;
#78 = CARTESIAN_POINT ( 'NONE',  ( -1.172864355864535983E-16, -0.9577164262227593206, 9.550000000000002487 ) ) ;
#79 = EDGE_LOOP ( 'NONE', ( #4101, #3024, #2990, #3799 ) ) ;
#80 = CARTESIAN_POINT ( 'NONE',  ( 1.082531754730552631, -0.6250000000000101030, 8.893750000000006040 ) ) ;
#81 = CARTESIAN_POINT ( 'NONE',  ( -1.103625504730551876, -0.6371784822407272619, 6.957812500000003730 ) ) ;
#82 = CARTESIAN_POINT ( 'NONE',  ( -0.8294067547305578048, 0.4788582131113758855, -1.349999999999998757 ) ) ;
#83 = CARTESIAN_POINT ( 'NONE',  ( 1.471500672974072721, -6.123855801171552363E-15, -3.970312499999997691 ) ) ;
#84 = CARTESIAN_POINT ( 'NONE',  ( 0.5529378364870320972, -0.9577164262227595426, 5.931250000000003020 ) ) ;
#85 = CARTESIAN_POINT ( 'NONE',  ( -1.530808498934196747E-16, -1.250000000000009770, -2.718749999999995559 ) ) ;
#86 = CARTESIAN_POINT ( 'NONE',  ( 0.5529378364870320972, -0.9577164262227595426, 9.081250000000004263 ) ) ;
#87 = FACE_OUTER_BOUND ( 'NONE', #1108, .T. ) ;
#88 = EDGE_LOOP ( 'NONE', ( #1130, #4585, #4286, #888 ) ) ;
#89 = CARTESIAN_POINT ( 'NONE',  ( -1.082531754730551965, -0.6250000000000074385, -0.9937499999999959144 ) ) ;
#90 = CARTESIAN_POINT ( 'NONE',  ( 0.8294067547305490340, 0.4788582131113686691, 6.550000000000003375 ) ) ;
#91 = EDGE_CURVE ( 'NONE', #4145, #3115, #279, .T. ) ;
#92 = CARTESIAN_POINT ( 'NONE',  ( 0.5529378364870322082, -0.9577164262227597646, 5.537500000000003197 ) ) ;
#93 = CARTESIAN_POINT ( 'NONE',  ( 3.061616997868395960E-16, 1.249999999999998224, 8.593750000000005329 ) ) ;
#94 = CARTESIAN_POINT ( 'NONE',  ( -1.082531754730553075, -0.6250000000000092149, 5.200000000000001066 ) ) ;
#95 =( BOUNDED_CURVE ( )  B_SPLINE_CURVE ( 2, ( #445, #4531, #885, #3408, #3841, #2692, #2718 ),
 .UNSPECIFIED., .F., .F. ) 
 B_SPLINE_CURVE_WITH_KNOTS ( ( 3, 2, 2, 3 ),
 ( 0.5000000000000000000, 0.5128205128205127750, 0.5256410256410256610, 0.5384615384615384359 ),
 .UNSPECIFIED. ) 
 CURVE ( )  GEOMETRIC_REPRESENTATION_ITEM ( )  RATIONAL_B_SPLINE_CURVE ( ( 1.000000000000000000, 0.8660254037844387076, 1.000000000000000000, 0.8660254037844387076, 1.000000000000000000, 0.8660254037844387076, 1.000000000000000000 ) ) 
 REPRESENTATION_ITEM ( '' )  );
#96 = ORIENTED_EDGE ( 'NONE', *, *, #343, .F. ) ;
#97 = CARTESIAN_POINT ( 'NONE',  ( -1.105875672974077295, -5.678195185066978954E-15, -2.212499999999998135 ) ) ;
#98 =( BOUNDED_CURVE ( )  B_SPLINE_CURVE ( 2, ( #3010, #4157, #3686, #1848, #80, #4129, #1901 ),
 .UNSPECIFIED., .F., .F. ) 
 B_SPLINE_CURVE_WITH_KNOTS ( ( 3, 2, 2, 3 ),
 ( 0.3076923076923077094, 0.3205128205128205399, 0.3333333333333333148, 0.3461538461538461453 ),
 .UNSPECIFIED. ) 
 CURVE ( )  GEOMETRIC_REPRESENTATION_ITEM ( )  RATIONAL_B_SPLINE_CURVE ( ( 1.000000000000000000, 0.8660254037844387076, 1.000000000000000000, 0.8660254037844387076, 1.000000000000000000, 0.8660254037844387076, 1.000000000000000000 ) ) 
 REPRESENTATION_ITEM ( '' )  );
#99 = CARTESIAN_POINT ( 'NONE',  ( 1.105875672974077295, -5.849171351144047992E-15, -0.5812499999999980460 ) ) ;
#100 = CARTESIAN_POINT ( 'NONE',  ( 1.105875672974077295, -5.935279329209095748E-15, -1.987499999999998712 ) ) ;
#101 = CARTESIAN_POINT ( 'NONE',  ( 2.249999999999998668, -0.7234153429928606993, 0.07891198795363006668 ) ) ;
#102 = CARTESIAN_POINT ( 'NONE',  ( -1.172864355864535983E-16, -0.9577164262227593206, 7.243750000000003020 ) ) ;
#103 = EDGE_CURVE ( 'NONE', #719, #1595, #4461, .T. ) ;
#104 = ORIENTED_EDGE ( 'NONE', *, *, #1037, .T. ) ;
#105 = EDGE_CURVE ( 'NONE', #472, #894, #1427, .T. ) ;
#106 = CARTESIAN_POINT ( 'NONE',  ( 3.061616997868395960E-16, 1.249999999999998224, 6.793750000000004619 ) ) ;
#107 = CARTESIAN_POINT ( 'NONE',  ( -0.8294067547305488119, -0.4788582131113828244, 9.025000000000003908 ) ) ;
#108 = ORIENTED_EDGE ( 'NONE', *, *, #3487, .F. ) ;
#109 = CARTESIAN_POINT ( 'NONE',  ( -1.530808498934197980E-16, -1.250000000000012434, 6.118750000000005684 ) ) ;
#110 = CARTESIAN_POINT ( 'NONE',  ( 1.105875672974065083, -7.106851071790302181E-15, 10.56250000000000178 ) ) ;
#111 = ORIENTED_EDGE ( 'NONE', *, *, #4351, .F. ) ;
#112 = CARTESIAN_POINT ( 'NONE',  ( -0.8294067547305578048, 0.4788582131113757745, -3.599999999999998757 ) ) ;
#113 = CARTESIAN_POINT ( 'NONE',  ( 0.000000000000000000, -5.035904062218838046E-16, -0.6367499999999949312 ) ) ;
#114 = CARTESIAN_POINT ( 'NONE',  ( 1.082531754730552631, 0.6249999999999953371, -3.075000000000000622 ) ) ;
#115 = CARTESIAN_POINT ( 'NONE',  ( -0.8294067547305488119, -0.4788582131113828244, 5.818750000000002309 ) ) ;
#116 = CARTESIAN_POINT ( 'NONE',  ( 1.172864355864542392E-16, -0.9577164262227577662, -3.899999999999999911 ) ) ;
#117 = ORIENTED_EDGE ( 'NONE', *, *, #606, .F. ) ;
#118 = CARTESIAN_POINT ( 'NONE',  ( -0.7216878364870343843, 1.249999999999998668, -1.106249999999995959 ) ) ;
#119 = CARTESIAN_POINT ( 'NONE',  ( -0.8294067547305487009, 0.4788582131113694462, 7.150000000000003908 ) ) ;
#120 = CARTESIAN_POINT ( 'NONE',  ( -0.8294067547305488119, -0.4788582131113828799, 7.225000000000004086 ) ) ;
#121 = CARTESIAN_POINT ( 'NONE',  ( -0.7216878364870350504, 1.249999999999998446, 6.887500000000001066 ) ) ;
#122 = CARTESIAN_POINT ( 'NONE',  ( -1.082531754730551965, -0.6250000000000075495, -3.243749999999995914 ) ) ;
#123 = ORIENTED_EDGE ( 'NONE', *, *, #728, .F. ) ;
#124 = CARTESIAN_POINT ( 'NONE',  ( -0.8294067547305579158, -0.4788582131113870988, -3.074999999999998845 ) ) ;
#125 = CARTESIAN_POINT ( 'NONE',  ( 1.471500672974072721, -6.042914301790406036E-15, -2.648437499999998668 ) ) ;
#126 = CARTESIAN_POINT ( 'NONE',  ( -1.105875672974077295, -5.623086079105346875E-15, -1.312499999999998446 ) ) ;
#127 = CARTESIAN_POINT ( 'NONE',  ( -0.7216878364870350504, 1.249999999999998446, 6.831250000000006040 ) ) ;
#128 = CC_DESIGN_PERSON_AND_ORGANIZATION_ASSIGNMENT ( #4353, #1783, ( #2707 ) ) ;
#129 = CARTESIAN_POINT ( 'NONE',  ( 1.105875672974064861, -7.106851071790302181E-15, 6.456250000000002487 ) ) ;
#130 = ORIENTED_EDGE ( 'NONE', *, *, #518, .T. ) ;
#131 = CARTESIAN_POINT ( 'NONE',  ( -1.530808498934197980E-16, -1.250000000000012434, 6.568750000000004974 ) ) ;
#132 = CARTESIAN_POINT ( 'NONE',  ( 0.8294067547305484789, -0.4788582131113834905, 10.52500000000000391 ) ) ;
#133 = FACE_OUTER_BOUND ( 'NONE', #454, .T. ) ;
#134 = CARTESIAN_POINT ( 'NONE',  ( 0.8294067547305484789, -0.4788582131113834905, 8.725000000000003197 ) ) ;
#135 = ORIENTED_EDGE ( 'NONE', *, *, #4140, .T. ) ;
#136 = CARTESIAN_POINT ( 'NONE',  ( 0.000000000000000000, 0.9577164262227571001, -3.674999999999998490 ) ) ;
#137 = CARTESIAN_POINT ( 'NONE',  ( -0.1912500000000100508, -2.487657972370796777, 0.1674308549307003957 ) ) ;
#138 = CARTESIAN_POINT ( 'NONE',  ( 0.000000000000000000, 1.249999999999998224, -3.393749999999995826 ) ) ;
#139 = CARTESIAN_POINT ( 'NONE',  ( -0.5529378364870327633, -0.9577164262227590985, 5.856250000000002842 ) ) ;
#140 = CARTESIAN_POINT ( 'NONE',  ( 2.058749999999989200, 1.409456344659176574, 9.832569145069300021 ) ) ;
#141 = ADVANCED_FACE ( 'NONE', ( #3 ), #3938, .T. ) ;
#142 = ORIENTED_EDGE ( 'NONE', *, *, #2005, .F. ) ;
#143 = CARTESIAN_POINT ( 'NONE',  ( 1.172864355864542392E-16, -0.9577164262227582103, -0.2250000000000000611 ) ) ;
#144 = CARTESIAN_POINT ( 'NONE',  ( -0.8294067547305487009, 0.4788582131113694462, 7.600000000000003197 ) ) ;
#145 = CARTESIAN_POINT ( 'NONE',  ( 0.8294067547305490340, 0.4788582131113686691, 7.000000000000003553 ) ) ;
#146 = DIRECTION ( 'NONE',  ( -0.5000000000000003331, -0.8660254037844385966, 0.000000000000000000 ) ) ;
#147 = CYLINDRICAL_SURFACE ( 'NONE', #3290, 0.3825000000000000067 ) ;
#148 = ORIENTED_EDGE ( 'NONE', *, *, #1923, .T. ) ;
#149 = CARTESIAN_POINT ( 'NONE',  ( -0.8294067547305578048, 0.4788582131113758855, -1.799999999999998712 ) ) ;
#150 = CARTESIAN_POINT ( 'NONE',  ( 1.105875672974077295, -5.876725904124862454E-15, -1.031249999999998002 ) ) ;
#151 = CARTESIAN_POINT ( 'NONE',  ( -0.8294067547305579158, -0.4788582131113869322, -0.8249999999999989564 ) ) ;
#152 = DIRECTION ( 'NONE',  ( 0.000000000000000000, 1.000000000000000000, 0.000000000000000000 ) ) ;
#153 = CARTESIAN_POINT ( 'NONE',  ( -0.5529378364870326523, -0.9577164262227589875, 5.856250000000002842 ) ) ;
#154 = CARTESIAN_POINT ( 'NONE',  ( 0.7216878364870360496, 1.249999999999997780, 8.106250000000006395 ) ) ;
#155 = CARTESIAN_POINT ( 'NONE',  ( 0.8294067547305484789, -0.4788582131113834905, 10.07500000000000284 ) ) ;
#156 = CARTESIAN_POINT ( 'NONE',  ( -0.5529378364870326523, -0.9577164262227589875, 8.162500000000003197 ) ) ;
#157 = EDGE_LOOP ( 'NONE', ( #2181, #3913, #1333, #4777 ) ) ;
#158 = VECTOR ( 'NONE', #1622, 1000.000000000000000 ) ;
#159 = CARTESIAN_POINT ( 'NONE',  ( 0.5529378364870382034, -0.9577164262227689795, -2.962499999999998579 ) ) ;
#160 = CARTESIAN_POINT ( 'NONE',  ( -0.1912500000000100231, 2.487657972370791892, 9.832569145069298244 ) ) ;
#161 = CARTESIAN_POINT ( 'NONE',  ( 0.7216878364870346063, -1.250000000000012434, 5.762500000000001954 ) ) ;
#162 = CARTESIAN_POINT ( 'NONE',  ( -0.5529378364870323193, 0.9577164262227454428, 5.706250000000004263 ) ) ;
#163 = CARTESIAN_POINT ( 'NONE',  ( -1.530808498934197980E-16, -1.250000000000012434, 6.174999999999999822 ) ) ;
#164 = ORIENTED_EDGE ( 'NONE', *, *, #4159, .F. ) ;
#165 = CARTESIAN_POINT ( 'NONE',  ( 0.000000000000000000, -6.505213034913026604E-16, -0.2249999999999998945 ) ) ;
#166 = CARTESIAN_POINT ( 'NONE',  ( 2.345728711729072459E-16, 0.9577164262227455538, 7.975000000000003197 ) ) ;
#167 = EDGE_CURVE ( 'NONE', #2452, #503, #2061, .T. ) ;
#168 = CARTESIAN_POINT ( 'NONE',  ( -0.8294067547305488119, -0.4788582131113828799, 5.425000000000003375 ) ) ;
#169 = DIRECTION ( 'NONE',  ( 0.000000000000000000, 0.000000000000000000, 1.000000000000000000 ) ) ;
#170 = VERTEX_POINT ( 'NONE', #678 ) ;
#171 = CARTESIAN_POINT ( 'NONE',  ( -0.8294067547305579158, -0.4788582131113869877, -1.274999999999998801 ) ) ;
#172 = CARTESIAN_POINT ( 'NONE',  ( 0.7357503364870359164, -1.274356964481450305, -1.823437499999999156 ) ) ;
#173 = B_SPLINE_CURVE_WITH_KNOTS ( 'NONE', 3,
 ( #2087, #3550, #3098, #1269 ),
 .UNSPECIFIED., .F., .F.,
 ( 4, 4 ),
 ( 0.000000000000000000, 0.0007480589644918399228 ),
 .UNSPECIFIED. ) ;
#174 = CARTESIAN_POINT ( 'NONE',  ( 0.8294067547305575827, -0.4788582131113875984, -1.574999999999998623 ) ) ;
#175 = LINE ( 'NONE', #1203, #1537 ) ;
#176 = CARTESIAN_POINT ( 'NONE',  ( -0.8294067547305488119, -0.4788582131113828244, 5.368750000000003020 ) ) ;
#177 = CARTESIAN_POINT ( 'NONE',  ( -0.8103714275345704765, 2.130208049522647862, 9.961077762676607605 ) ) ;
#178 = CARTESIAN_POINT ( 'NONE',  ( -0.8294067547305487009, 0.4788582131113693907, 7.600000000000003197 ) ) ;
#179 = ORIENTED_EDGE ( 'NONE', *, *, #1889, .F. ) ;
#180 = FACE_BOUND ( 'NONE', #927, .T. ) ;
#181 = CARTESIAN_POINT ( 'NONE',  ( 0.06750202539833023707, 2.538847684389565984, 9.807248115923524523 ) ) ;
#182 = DIRECTION ( 'NONE',  ( -1.000000000000000000, 0.000000000000000000, 0.000000000000000000 ) ) ;
#183 = CARTESIAN_POINT ( 'NONE',  ( -0.5529378364870323193, 0.9577164262227454428, 6.606250000000002842 ) ) ;
#184 = FACE_OUTER_BOUND ( 'NONE', #4200, .T. ) ;
#185 = EDGE_LOOP ( 'NONE', ( #4428, #3030, #2115, #4236 ) ) ;
#186 = CARTESIAN_POINT ( 'NONE',  ( -1.082531754730552853, 0.6249999999999957812, 5.518750000000004263 ) ) ;
#187 = CC_DESIGN_PERSON_AND_ORGANIZATION_ASSIGNMENT ( #4714, #2956, ( #4516 ) ) ;
#188 = CARTESIAN_POINT ( 'NONE',  ( -2.232237999122113514, -1.211567502944553842, 0.1928062570097070771 ) ) ;
#189 = CARTESIAN_POINT ( 'NONE',  ( 1.105875672974065083, -7.106851071790302181E-15, 6.962500000000003020 ) ) ;
#190 = B_SPLINE_CURVE_WITH_KNOTS ( 'NONE', 3,
 ( #366, #344, #1497, #1136 ),
 .UNSPECIFIED., .F., .F.,
 ( 4, 4 ),
 ( 0.000000000000000000, 0.0001242457770173266884 ),
 .UNSPECIFIED. ) ;
#191 = CARTESIAN_POINT ( 'NONE',  ( 3.121274355046668358E-16, 1.274356964481434318, 6.835937500000001776 ) ) ;
#192 = ORIENTED_EDGE ( 'NONE', *, *, #197, .T. ) ;
#193 = CARTESIAN_POINT ( 'NONE',  ( 0.5529378364870383145, -0.9577164262227687574, -1.162499999999998535 ) ) ;
#194 = EDGE_CURVE ( 'NONE', #1211, #1283, #855, .T. ) ;
#195 = CARTESIAN_POINT ( 'NONE',  ( -0.7357503364870368046, -1.274356964481449861, -1.448437499999998712 ) ) ;
#196 = CARTESIAN_POINT ( 'NONE',  ( -1.082531754730551965, -0.6250000000000075495, -1.500000000000000666 ) ) ;
#197 = EDGE_CURVE ( 'NONE', #894, #612, #4058, .T. ) ;
#198 = CARTESIAN_POINT ( 'NONE',  ( -0.7776052591995166186, 0.9342306043892542045, 9.625859390028997709 ) ) ;
#199 = ADVANCED_FACE ( 'NONE', ( #722 ), #2197, .T. ) ;
#200 = CARTESIAN_POINT ( 'NONE',  ( 1.105875672974064861, -7.106851071790302181E-15, 5.106250000000002842 ) ) ;
#201 = CARTESIAN_POINT ( 'NONE',  ( 0.000000000000000000, -5.035904062218838046E-16, -0.6367499999999949312 ) ) ;
#202 = CARTESIAN_POINT ( 'NONE',  ( -0.7357503364870361384, 1.274356964481438537, -3.370312499999997158 ) ) ;
#203 = CARTESIAN_POINT ( 'NONE',  ( 0.5529378364870320972, -0.9577164262227595426, 6.887500000000002842 ) ) ;
#204 = ORIENTED_EDGE ( 'NONE', *, *, #1986, .T. ) ;
#205 = FACE_OUTER_BOUND ( 'NONE', #2537, .T. ) ;
#206 = CARTESIAN_POINT ( 'NONE',  ( 0.5529378364870383145, -0.9577164262227689795, -3.806249999999997691 ) ) ;
#207 = CARTESIAN_POINT ( 'NONE',  ( -1.127247745499572629, -0.1739436260749608332, 9.547247745499573668 ) ) ;
#208 = CYLINDRICAL_SURFACE ( 'NONE', #3850, 1.249999999999998446 ) ;
#209 = ORIENTED_EDGE ( 'NONE', *, *, #3362, .T. ) ;
#210 = CARTESIAN_POINT ( 'NONE',  ( 2.249999999999997780, 0.1816539153566444631, 0.02598076211353728474 ) ) ;
#211 = CARTESIAN_POINT ( 'NONE',  ( 1.105875672974064861, -7.106851071790302181E-15, 9.156250000000003553 ) ) ;
#212 = CARTESIAN_POINT ( 'NONE',  ( -1.105875672974077073, -5.729859971906007450E-15, -3.056249999999997691 ) ) ;
#213 = CARTESIAN_POINT ( 'NONE',  ( 1.103625504730552320, 0.6371784822407128290, 8.110937500000002132 ) ) ;
#214 = VERTEX_POINT ( 'NONE', #3659 ) ;
#215 = CARTESIAN_POINT ( 'NONE',  ( -0.5529378364870384255, 0.9577164262227572111, -3.581249999999997602 ) ) ;
#216 = CARTESIAN_POINT ( 'NONE',  ( 0.5529378364870320972, -0.9577164262227595426, 5.031250000000002665 ) ) ;
#217 = CARTESIAN_POINT ( 'NONE',  ( 1.471500672974072721, -5.960250642847958706E-15, -1.298437499999998801 ) ) ;
#218 = CARTESIAN_POINT ( 'NONE',  ( -1.751407957523576808, -1.586900355616228442, 9.912289710998599901 ) ) ;
#219 = CARTESIAN_POINT ( 'NONE',  ( -1.082531754730551743, 0.6249999999999965583, -1.125000000000000888 ) ) ;
#220 = LINE ( 'NONE', #1396, #615 ) ;
#221 =( BOUNDED_CURVE ( )  B_SPLINE_CURVE ( 2, ( #3869, #961, #3504, #4336, #3962, #2433, #3191 ),
 .UNSPECIFIED., .F., .F. ) 
 B_SPLINE_CURVE_WITH_KNOTS ( ( 3, 2, 2, 3 ),
 ( 0.2692307692307692180, 0.2820512820512820484, 0.2948717948717948789, 0.3076923076923077094 ),
 .UNSPECIFIED. ) 
 CURVE ( )  GEOMETRIC_REPRESENTATION_ITEM ( )  RATIONAL_B_SPLINE_CURVE ( ( 1.000000000000000000, 0.8660254037844387076, 1.000000000000000000, 0.8660254037844387076, 1.000000000000000000, 0.8660254037844387076, 1.000000000000000000 ) ) 
 REPRESENTATION_ITEM ( '' )  );
#222 = LINE ( 'NONE', #4207, #3768 ) ;
#223 = EDGE_CURVE ( 'NONE', #801, #359, #1102, .T. ) ;
#224 = CARTESIAN_POINT ( 'NONE',  ( 1.471500672974072721, -6.096301248190735535E-15, -3.520312499999997513 ) ) ;
#225 = CIRCLE ( 'NONE', #2301, 0.9577164262227576552 ) ;
#226 = CARTESIAN_POINT ( 'NONE',  ( 2.345728711729071966E-16, 0.9577164262227454428, 5.275000000000003908 ) ) ;
#227 = ORIENTED_EDGE ( 'NONE', *, *, #3105, .F. ) ;
#228 = CARTESIAN_POINT ( 'NONE',  ( 1.530808498934191817E-16, -1.250000000000000444, -3.899999999999999911 ) ) ;
#229 = CARTESIAN_POINT ( 'NONE',  ( -1.105875672974077295, -5.757414524886822701E-15, -3.506249999999997424 ) ) ;
#230 = CIRCLE ( 'NONE', #2697, 1.182716426222757633 ) ;
#231 = CARTESIAN_POINT ( 'NONE',  ( -0.7216878364870350504, 1.249999999999998446, 7.337500000000001243 ) ) ;
#232 = CARTESIAN_POINT ( 'NONE',  ( 1.530808498934191817E-16, -1.250000000000000444, -3.899999999999999911 ) ) ;
#233 = ORIENTED_EDGE ( 'NONE', *, *, #1796, .F. ) ;
#234 = DIRECTION ( 'NONE',  ( -1.000000000000000000, 0.000000000000000000, 0.000000000000000000 ) ) ;
#235 = CARTESIAN_POINT ( 'NONE',  ( -1.172864355864536229E-16, -0.9577164262227594316, 5.500000000000004441 ) ) ;
#236 = CARTESIAN_POINT ( 'NONE',  ( 2.345728711729071966E-16, 0.9577164262227454428, 8.818750000000001421 ) ) ;
#237 = CARTESIAN_POINT ( 'NONE',  ( 0.5529378364870390916, 0.9577164262227568781, -2.756249999999997424 ) ) ;
#238 = CARTESIAN_POINT ( 'NONE',  ( -0.7357503364870348062, -1.274356964481448085, 7.923437500000002132 ) ) ;
#239 = EDGE_LOOP ( 'NONE', ( #810, #2672 ) ) ;
#240 = CARTESIAN_POINT ( 'NONE',  ( -0.5529378364870384255, 0.9577164262227573222, -0.9374999999999986677 ) ) ;
#241 = EDGE_CURVE ( 'NONE', #3082, #4723, #4716, .T. ) ;
#242 = CARTESIAN_POINT ( 'NONE',  ( -0.8294067547305487009, 0.4788582131113693907, 5.293750000000002842 ) ) ;
#243 = CARTESIAN_POINT ( 'NONE',  ( 1.103625504730555207, 0.6371784822407156046, -2.610937499999998579 ) ) ;
#244 = CARTESIAN_POINT ( 'NONE',  ( -2.249999999999999112, -0.3634224084074515471, 9.974019237886492917 ) ) ;
#245 = CARTESIAN_POINT ( 'NONE',  ( -8.959799595407067958E-12, 1.143016786888945591, -3.781983213111048681 ) ) ;
#246 = CARTESIAN_POINT ( 'NONE',  ( 0.000000000000000000, 1.249999999999998446, -0.7500000000000009992 ) ) ;
#247 = CARTESIAN_POINT ( 'NONE',  ( 1.103625504730555207, 0.6371784822407156046, -1.682812499999997602 ) ) ;
#248 = B_SPLINE_CURVE_WITH_KNOTS ( 'NONE', 3,
 ( #1851, #2567, #749, #4030, #4478, #3662 ),
 .UNSPECIFIED., .F., .F.,
 ( 4, 2, 4 ),
 ( 0.000000000000000000, 0.0003836025667113114276, 0.0007672051334226228552 ),
 .UNSPECIFIED. ) ;
#249 =( BOUNDED_CURVE ( )  B_SPLINE_CURVE ( 2, ( #4663, #1688, #219, #2443, #4683, #1418, #2881 ),
 .UNSPECIFIED., .F., .T. ) 
 B_SPLINE_CURVE_WITH_KNOTS ( ( 3, 2, 2, 3 ),
 ( 0.6666666666666668517, 0.6851851851851853414, 0.7037037037037038312, 0.7222222222222222099 ),
 .UNSPECIFIED. ) 
 CURVE ( )  GEOMETRIC_REPRESENTATION_ITEM ( )  RATIONAL_B_SPLINE_CURVE ( ( 0.9999999999999984457, 0.8660254037844402619, 1.000000000000000000, 0.8660254037844387076, 1.000000000000000000, 0.8660254037844387076, 1.000000000000000000 ) ) 
 REPRESENTATION_ITEM ( '' )  );
#250 = CARTESIAN_POINT ( 'NONE',  ( -1.172864355864535983E-16, -0.9577164262227593206, 6.400000000000003020 ) ) ;
#251 = EDGE_CURVE ( 'NONE', #2809, #865, #98, .T. ) ;
#252 = VERTEX_POINT ( 'NONE', #4103 ) ;
#253 = CARTESIAN_POINT ( 'NONE',  ( -1.082531754730553075, -0.6250000000000092149, 8.293750000000006395 ) ) ;
#254 = CARTESIAN_POINT ( 'NONE',  ( -0.5529378364870384255, 0.9577164262227572111, -3.131249999999997424 ) ) ;
#255 = CARTESIAN_POINT ( 'NONE',  ( -0.7216878364870343843, 1.249999999999998446, -2.906249999999995559 ) ) ;
#256 = ORIENTED_EDGE ( 'NONE', *, *, #3899, .T. ) ;
#257 = B_SPLINE_CURVE_WITH_KNOTS ( 'NONE', 3,
 ( #1246, #2305, #2358, #3410, #1964, #140 ),
 .UNSPECIFIED., .F., .F.,
 ( 4, 2, 4 ),
 ( 8.673617379884034509E-19, 0.0002012759897611342166, 0.0004025519795222675659 ),
 .UNSPECIFIED. ) ;
#258 = CARTESIAN_POINT ( 'NONE',  ( -1.530808498934196747E-16, -1.250000000000009770, -2.718749999999995559 ) ) ;
#259 = CARTESIAN_POINT ( 'NONE',  ( -0.8294067547305488119, -0.4788582131113828799, 4.975000000000004086 ) ) ;
#260 = CARTESIAN_POINT ( 'NONE',  ( 0.5529378364870320972, -0.9577164262227595426, 8.631250000000003197 ) ) ;
#261 = CARTESIAN_POINT ( 'NONE',  ( 0.8294067547305575827, -0.4788582131113877094, -3.318749999999997868 ) ) ;
#262 = CARTESIAN_POINT ( 'NONE',  ( -1.471500672974068724, -6.813601576860865123E-15, 7.398437500000001776 ) ) ;
#263 = ORIENTED_EDGE ( 'NONE', *, *, #3586, .F. ) ;
#264 = CARTESIAN_POINT ( 'NONE',  ( -0.8294067547305579158, -0.4788582131113869322, -0.8249999999999989564 ) ) ;
#265 = CARTESIAN_POINT ( 'NONE',  ( 0.8294067547305484789, -0.4788582131113834905, 5.518750000000002487 ) ) ;
#266 = DIRECTION ( 'NONE',  ( 1.060575238724909257E-16, -0.8660254037844404840, -0.4999999999999967248 ) ) ;
#267 = CARTESIAN_POINT ( 'NONE',  ( 0.000000000000000000, 1.249999999999998446, -2.550000000000001155 ) ) ;
#268 = CARTESIAN_POINT ( 'NONE',  ( 1.471500672974068724, -7.174015294681039699E-15, 10.74531250000000426 ) ) ;
#269 = CARTESIAN_POINT ( 'NONE',  ( 1.105875672974065083, -7.106851071790302181E-15, 7.412500000000003197 ) ) ;
#270 = CARTESIAN_POINT ( 'NONE',  ( -1.103625504730554541, 0.6371784822407164928, -3.782812499999997691 ) ) ;
#271 = CARTESIAN_POINT ( 'NONE',  ( 0.5529378364870320972, -0.9577164262227595426, 5.537500000000003197 ) ) ;
#272 = VERTEX_POINT ( 'NONE', #1550 ) ;
#273 = CARTESIAN_POINT ( 'NONE',  ( -0.7216878364870350504, 1.249999999999998446, 8.181250000000005684 ) ) ;
#274 = CARTESIAN_POINT ( 'NONE',  ( 1.105875672974077295, -5.959389563067308994E-15, -2.381249999999998312 ) ) ;
#275 =( BOUNDED_CURVE ( )  B_SPLINE_CURVE ( 2, ( #3800, #4195, #1219, #889, #1633, #2280, #3746 ),
 .UNSPECIFIED., .F., .F. ) 
 B_SPLINE_CURVE_WITH_KNOTS ( ( 3, 2, 2, 3 ),
 ( 0.5512820512820513219, 0.5641025641025640969, 0.5769230769230768718, 0.5897435897435896468 ),
 .UNSPECIFIED. ) 
 CURVE ( )  GEOMETRIC_REPRESENTATION_ITEM ( )  RATIONAL_B_SPLINE_CURVE ( ( 1.000000000000000000, 0.8660254037844387076, 1.000000000000000000, 0.8660254037844387076, 1.000000000000000000, 0.8660254037844387076, 1.000000000000000000 ) ) 
 REPRESENTATION_ITEM ( '' )  );
#276 = LINE ( 'NONE', #592, #1235 ) ;
#277 = DIRECTION ( 'NONE',  ( -0.000000000000000000, 1.157433492142735316E-16, -1.000000000000000000 ) ) ;
#278 = CARTESIAN_POINT ( 'NONE',  ( 0.7216878364870341622, -1.250000000000010214, -2.681249999999995914 ) ) ;
#279 =( BOUNDED_CURVE ( )  B_SPLINE_CURVE ( 2, ( #4397, #1449, #3572, #2541, #2129, #3637, #1021 ),
 .UNSPECIFIED., .F., .F. ) 
 B_SPLINE_CURVE_WITH_KNOTS ( ( 3, 2, 2, 3 ),
 ( 0.9230769230769231282, 0.9358974358974359031, 0.9487179487179486781, 0.9615384615384615641 ),
 .UNSPECIFIED. ) 
 CURVE ( )  GEOMETRIC_REPRESENTATION_ITEM ( )  RATIONAL_B_SPLINE_CURVE ( ( 1.000000000000000000, 0.8660254037844387076, 1.000000000000000000, 0.8660254037844387076, 1.000000000000000000, 0.8660254037844387076, 1.000000000000000000 ) ) 
 REPRESENTATION_ITEM ( '' )  );
#280 = CARTESIAN_POINT ( 'NONE',  ( 2.345728711729071966E-16, 0.9577164262227454428, 10.61875000000000391 ) ) ;
#281 = ADVANCED_FACE ( 'NONE', ( #857 ), #470, .F. ) ;
#282 = CARTESIAN_POINT ( 'NONE',  ( -0.5529378364870388696, -0.9577164262227686464, -2.531249999999997780 ) ) ;
#283 = CARTESIAN_POINT ( 'NONE',  ( -0.7357503364870342510, 1.274356964481434540, 7.773437500000002665 ) ) ;
#284 = ORIENTED_EDGE ( 'NONE', *, *, #2018, .F. ) ;
#285 = CARTESIAN_POINT ( 'NONE',  ( -1.172864355864548802E-16, -0.9577164262227686464, -0.7499999999999988898 ) ) ;
#286 = CARTESIAN_POINT ( 'NONE',  ( 1.105875672974064861, -7.106851071790302181E-15, 5.556250000000003908 ) ) ;
#287 = CARTESIAN_POINT ( 'NONE',  ( -1.751407957523577030, 1.586900355616223335, 0.08771028900140137585 ) ) ;
#288 = FACE_BOUND ( 'NONE', #239, .T. ) ;
#289 = CARTESIAN_POINT ( 'NONE',  ( 0.8999246245621561613, -0.5820655573332496058, -3.879685881354252963 ) ) ;
#290 = CARTESIAN_POINT ( 'NONE',  ( 1.105875672974065083, -7.106851071790302181E-15, 8.762500000000002842 ) ) ;
#291 = CARTESIAN_POINT ( 'NONE',  ( 0.7357503364870359164, -1.274356964481450305, -1.795312499999997646 ) ) ;
#292 = CARTESIAN_POINT ( 'NONE',  ( -2.249999999999998668, -1.078201627711678823, 0.1674308549307157168 ) ) ;
#293 = CARTESIAN_POINT ( 'NONE',  ( 0.5529378364870329854, 0.9577164262227449987, 6.137500000000003730 ) ) ;
#294 = ORIENTED_EDGE ( 'NONE', *, *, #3955, .F. ) ;
#295 = EDGE_CURVE ( 'NONE', #3909, #771, #764, .T. ) ;
#296 = DIRECTION ( 'NONE',  ( 0.000000000000000000, 1.000000000000000000, 0.000000000000000000 ) ) ;
#297 = VECTOR ( 'NONE', #3953, 1000.000000000000000 ) ;
#298 = CARTESIAN_POINT ( 'NONE',  ( -0.7216878364870321638, 1.250000000000003109, -0.7125000000000010214 ) ) ;
#299 = CARTESIAN_POINT ( 'NONE',  ( -2.249999999999999112, 4.517234524563972334E-14, 0.02598076211287159848 ) ) ;
#300 = AXIS2_PLACEMENT_3D ( 'NONE', #2861, #2510, #3516 ) ;
#301 = CARTESIAN_POINT ( 'NONE',  ( 0.000000000000000000, -5.231220964017918518E-16, -0.4680000000000000826 ) ) ;
#302 = CARTESIAN_POINT ( 'NONE',  ( -0.5529378364870322082, 0.9577164262227454428, 10.20625000000000249 ) ) ;
#303 = CARTESIAN_POINT ( 'NONE',  ( -1.105875672974077073, -5.757414524886822701E-15, -3.506249999999997424 ) ) ;
#304 =( BOUNDED_CURVE ( )  B_SPLINE_CURVE ( 2, ( #2896, #1069, #2545, #4593, #1276, #920, #2392, #2304, #3772, #86, #1477, #3281, #1808, #2569, #1500, #3016, #4505, #4403, #446, #4135, #2644, #3694, #369, #1190, #4426, #1907, #1117, #394, #3307, #4033, #1879, #4481, #2254, #1832, #3718, #1139, #1556, #729, #2594, #10, #783, #3382, #832, #4762, #2940, #418, #1455, #2919, #1093, #2203, #2670, #3743, #1524, #4059, #3665, #752, #2226, #34, #1855, #3326, #2964, #4452, #2617, #4086, #3351, #56, #2989, #1165, #4109, #808, #2277, #4267, #475, #4560, #4192, #183, #501, #2034, #1963, #956, #2430, #4583, #1651, #1630, #1245, #523, #863, #1287, #1267, #2332, #886, #3069, #1936, #3409, #3499, #139, #115, #1581, #1216, #162, #1673, #3119, #2404, #3043, #3433, #4532, #2357, #3797, #4629, #2719, #3865, #3820, #1984, #1605, #2693 ),
 .UNSPECIFIED., .F., .F. ) 
 B_SPLINE_CURVE_WITH_KNOTS ( ( 3, 2, 2, 2, 2, 2, 2, 2, 2, 2, 2, 2, 2, 2, 2, 2, 2, 2, 2, 2, 2, 2, 2, 2, 2, 2, 2, 2, 2, 2, 2, 2, 2, 2, 2, 2, 2, 2, 2, 2, 2, 2, 2, 2, 2, 2, 2, 2, 2, 2, 2, 2, 2, 2, 2, 2, 2, 3 ),
 ( 0.2121023420195445874, 0.2179487179487179516, 0.2307692307692307820, 0.2435897435897435848, 0.2564102564102563875, 0.2692307692307692180, 0.2820512820512820484, 0.2948717948717948789, 0.3076923076923077094, 0.3205128205128205399, 0.3333333333333333148, 0.3461538461538461453, 0.3589743589743589758, 0.3717948717948718063, 0.3846153846153846367, 0.3974358974358974117, 0.4102564102564102422, 0.4230769230769230727, 0.4358974358974359031, 0.4487179487179487336, 0.4615384615384615641, 0.4743589743589743390, 0.4871794871794871695, 0.5000000000000000000, 0.5128205128205127750, 0.5256410256410256610, 0.5384615384615384359, 0.5512820512820513219, 0.5641025641025640969, 0.5769230769230768718, 0.5897435897435897578, 0.6025641025641025328, 0.6153846153846154188, 0.6282051282051281937, 0.6410256410256410797, 0.6538461538461538547, 0.6666666666666665186, 0.6794871794871795156, 0.6923076923076922906, 0.7051282051282051766, 0.7179487179487179516, 0.7307692307692307265, 0.7435897435897436125, 0.7564102564102563875, 0.7692307692307692735, 0.7820512820512820484, 0.7948717948717948234, 0.8076923076923077094, 0.8205128205128204844, 0.8333333333333333703, 0.8461538461538461453, 0.8589743589743589203, 0.8717948717948718063, 0.8846153846153845812, 0.8974358974358974672, 0.9102564102564102422, 0.9230769230769232392, 0.9264485089399919771 ),
 .UNSPECIFIED. ) 
 CURVE ( )  GEOMETRIC_REPRESENTATION_ITEM ( )  RATIONAL_B_SPLINE_CURVE ( ( 0.9335310431533561104, 0.9389052633540404535, 1.000000000000000000, 0.8660254037844387076, 1.000000000000000000, 0.8660254037844387076, 1.000000000000000000, 0.8660254037844387076, 1.000000000000000000, 0.8660254037844387076, 1.000000000000000000, 0.8660254037844387076, 1.000000000000000000, 0.8660254037844387076, 1.000000000000000000, 0.8660254037844387076, 1.000000000000000000, 0.8660254037844387076, 1.000000000000000000, 0.8660254037844387076, 1.000000000000000000, 0.8660254037844387076, 1.000000000000000000, 0.8660254037844387076, 1.000000000000000000, 0.8660254037844387076, 1.000000000000000000, 0.8660254037844387076, 1.000000000000000000, 0.8660254037844387076, 1.000000000000000000, 0.8660254037844387076, 1.000000000000000000, 0.8660254037844387076, 1.000000000000000000, 0.8660254037844387076, 1.000000000000000000, 0.8660254037844387076, 1.000000000000000000, 0.8660254037844387076, 1.000000000000000000, 0.8660254037844387076, 1.000000000000000000, 0.8660254037844387076, 1.000000000000000000, 0.8660254037844387076, 1.000000000000000000, 0.8660254037844387076, 1.000000000000000000, 0.8660254037844387076, 1.000000000000000000, 0.8660254037844387076, 1.000000000000000000, 0.8660254037844387076, 1.000000000000000000, 0.8660254037844387076, 1.000000000000000000, 0.8660254037844387076, 1.000000000000000000, 0.8660254037844387076, 1.000000000000000000, 0.8660254037844387076, 1.000000000000000000, 0.8660254037844387076, 1.000000000000000000, 0.8660254037844387076, 1.000000000000000000, 0.8660254037844387076, 1.000000000000000000, 0.8660254037844387076, 1.000000000000000000, 0.8660254037844387076, 1.000000000000000000, 0.8660254037844387076, 1.000000000000000000, 0.8660254037844387076, 1.000000000000000000, 0.8660254037844387076, 1.000000000000000000, 0.8660254037844387076, 1.000000000000000000, 0.8660254037844387076, 1.000000000000000000, 0.8660254037844387076, 1.000000000000000000, 0.8660254037844387076, 1.000000000000000000, 0.8660254037844387076, 1.000000000000000000, 0.8660254037844387076, 1.000000000000000000, 0.8660254037844387076, 1.000000000000000000, 0.8660254037844387076, 1.000000000000000000, 0.8660254037844387076, 1.000000000000000000, 0.8660254037844387076, 1.000000000000000000, 0.8660254037844387076, 1.000000000000000000, 0.8660254037844387076, 1.000000000000000000, 0.8660254037844387076, 1.000000000000000000, 0.8660254037844387076, 1.000000000000000000, 0.8660254037844387076, 1.000000000000000000, 0.8660254037844387076, 1.000000000000000000, 0.8660254037844387076, 1.000000000000000000, 0.9647668653403619343, 0.9480652107226097414 ) ) 
 REPRESENTATION_ITEM ( '' )  );
#305 = CARTESIAN_POINT ( 'NONE',  ( 1.103625504730551432, -0.6371784822407281501, 5.335937500000001776 ) ) ;
#306 = ORIENTED_EDGE ( 'NONE', *, *, #3597, .F. ) ;
#307 = VECTOR ( 'NONE', #2865, 1000.000000000000000 ) ;
#308 = CARTESIAN_POINT ( 'NONE',  ( -1.172864355864548802E-16, -0.9577164262227687574, -2.943749999999997424 ) ) ;
#309 = EDGE_CURVE ( 'NONE', #549, #491, #1263, .T. ) ;
#310 = CARTESIAN_POINT ( 'NONE',  ( -1.471500672974068724, -6.813601576860865123E-15, 10.09843750000000284 ) ) ;
#311 = CYLINDRICAL_SURFACE ( 'NONE', #999, 1.250000000000000222 ) ;
#312 = DIRECTION ( 'NONE',  ( 0.000000000000000000, 1.000000000000000000, 1.157433492142735316E-16 ) ) ;
#313 = CARTESIAN_POINT ( 'NONE',  ( -1.471500672974068724, -6.813601576860865123E-15, 10.52031250000000284 ) ) ;
#314 = CARTESIAN_POINT ( 'NONE',  ( -1.105875672974065083, -6.835989651157778155E-15, 8.087500000000003908 ) ) ;
#315 = CARTESIAN_POINT ( 'NONE',  ( 1.103625504730555207, 0.6371784822407157156, -1.232812499999997868 ) ) ;
#316 = CARTESIAN_POINT ( 'NONE',  ( -1.530808498934197980E-16, -1.250000000000012434, 9.268750000000004263 ) ) ;
#317 = CARTESIAN_POINT ( 'NONE',  ( 0.8294067547305484789, -0.4788582131113834905, 5.575000000000003730 ) ) ;
#318 = VERTEX_POINT ( 'NONE', #3427 ) ;
#319 = CARTESIAN_POINT ( 'NONE',  ( 0.000000000000000000, -1.258909218984051749E-16, -3.899999999999999911 ) ) ;
#320 = DIRECTION ( 'NONE',  ( 1.000000000000000000, 0.000000000000000000, 0.000000000000000000 ) ) ;
#321 = CARTESIAN_POINT ( 'NONE',  ( 0.000000000000000000, -1.258909218984051749E-16, -3.899999999999999911 ) ) ;
#322 = CARTESIAN_POINT ( 'NONE',  ( -1.243734296382546844, -0.1250000000116866516, 9.670000000000445795 ) ) ;
#323 = CARTESIAN_POINT ( 'NONE',  ( -0.5529378364870326523, -0.9577164262227589875, 7.656250000000002665 ) ) ;
#324 = CARTESIAN_POINT ( 'NONE',  ( 0.000000000000000000, 0.9577164262227572111, -1.818749999999997868 ) ) ;
#325 = DIRECTION ( 'NONE',  ( 1.000000000000000000, 0.000000000000000000, 0.000000000000000000 ) ) ;
#326 = CARTESIAN_POINT ( 'NONE',  ( -0.4746214645314771330, 1.085794913144333851, -3.763529602630514947 ) ) ;
#327 = VERTEX_POINT ( 'NONE', #2326 ) ;
#328 = CARTESIAN_POINT ( 'NONE',  ( -0.8294067547305578048, 0.4788582131113758300, -2.193749999999997868 ) ) ;
#329 = CARTESIAN_POINT ( 'NONE',  ( -1.105875672974065083, -6.835989651157778155E-15, 9.887500000000004619 ) ) ;
#330 = DIRECTION ( 'NONE',  ( -0.000000000000000000, 1.157433492142735316E-16, -1.000000000000000000 ) ) ;
#331 = ADVANCED_FACE ( 'NONE', ( #388 ), #2664, .T. ) ;
#332 = CARTESIAN_POINT ( 'NONE',  ( -0.5529378364870388696, -0.9577164262227686464, -3.937499999999998224 ) ) ;
#333 = CARTESIAN_POINT ( 'NONE',  ( -0.7357503364870342510, 1.274356964481434540, 8.195312500000005329 ) ) ;
#334 = CARTESIAN_POINT ( 'NONE',  ( -1.105875672974077295, -5.760858844009423917E-15, -3.562499999999998224 ) ) ;
#335 = ADVANCED_FACE ( 'NONE', ( #133 ), #3765, .T. ) ;
#336 = CARTESIAN_POINT ( 'NONE',  ( 1.082531754730552631, -0.6250000000000101030, 9.343750000000005329 ) ) ;
#337 = CARTESIAN_POINT ( 'NONE',  ( -0.8294067547305488119, -0.4788582131113828244, 8.068750000000003197 ) ) ;
#338 = ORIENTED_EDGE ( 'NONE', *, *, #1401, .F. ) ;
#339 = CARTESIAN_POINT ( 'NONE',  ( -1.530808498934197980E-16, -1.250000000000012434, 7.974999999999999645 ) ) ;
#340 = COORDINATED_UNIVERSAL_TIME_OFFSET ( 6, 0, .BEHIND. ) ;
#341 = DIRECTION ( 'NONE',  ( 0.000000000000000000, 0.000000000000000000, 1.000000000000000000 ) ) ;
#342 = CARTESIAN_POINT ( 'NONE',  ( -1.082531754730551743, 0.6249999999999964473, -1.518749999999995826 ) ) ;
#343 = EDGE_CURVE ( 'NONE', #774, #4612, #3225, .T. ) ;
#344 = CARTESIAN_POINT ( 'NONE',  ( -1.246348935730575036, -0.08311117783510642287, 9.668412651086246257 ) ) ;
#345 = CARTESIAN_POINT ( 'NONE',  ( 2.345728711729071966E-16, 0.9577164262227454428, 8.368750000000002132 ) ) ;
#346 = CARTESIAN_POINT ( 'NONE',  ( -1.530808498934197980E-16, -1.250000000000012434, 7.075000000000001066 ) ) ;
#347 = CARTESIAN_POINT ( 'NONE',  ( -1.082531754730552853, 0.6249999999999957812, 8.724999999999999645 ) ) ;
#348 = CARTESIAN_POINT ( 'NONE',  ( -1.103625504730551654, 0.6371784822407138282, 5.110937500000002132 ) ) ;
#349 = EDGE_LOOP ( 'NONE', ( #1956, #1095, #3033, #263, #1289 ) ) ;
#350 = CARTESIAN_POINT ( 'NONE',  ( 0.5529378364870383145, -0.9577164262227688685, -2.456249999999998046 ) ) ;
#351 = CARTESIAN_POINT ( 'NONE',  ( -0.8294067547305488119, -0.4788582131113828799, 10.37500000000000355 ) ) ;
#352 = CARTESIAN_POINT ( 'NONE',  ( 2.249999999999998668, -0.7239596378977166680, 9.920952210944877336 ) ) ;
#353 = CARTESIAN_POINT ( 'NONE',  ( 0.000000000000000000, 0.9577164262227571001, -3.674999999999998490 ) ) ;
#354 = CARTESIAN_POINT ( 'NONE',  ( 1.471500672974068724, -7.174015294681039699E-15, 9.845312500000003908 ) ) ;
#355 = CARTESIAN_POINT ( 'NONE',  ( 0.5529378364870390916, 0.9577164262227569891, -2.306249999999998135 ) ) ;
#356 = CARTESIAN_POINT ( 'NONE',  ( -1.172864355864548802E-16, -0.9577164262227687574, -2.999999999999998224 ) ) ;
#357 = PLANE ( 'NONE',  #3160 ) ;
#358 = CARTESIAN_POINT ( 'NONE',  ( -0.5529378364870326523, -0.9577164262227589875, 8.106250000000002842 ) ) ;
#359 = VERTEX_POINT ( 'NONE', #2713 ) ;
#360 = EDGE_CURVE ( 'NONE', #4443, #2898, #42, .T. ) ;
#361 = DIRECTION ( 'NONE',  ( -0.8660254037844384856, -0.5000000000000002220, 0.000000000000000000 ) ) ;
#362 = DATE_AND_TIME ( #3658, #4170 ) ;
#363 = CARTESIAN_POINT ( 'NONE',  ( 0.7216878364870360496, 1.249999999999997780, 7.206250000000006928 ) ) ;
#364 = CARTESIAN_POINT ( 'NONE',  ( -0.7357503364870348062, -1.274356964481448085, 6.995312500000004263 ) ) ;
#365 = CARTESIAN_POINT ( 'NONE',  ( -0.5111021638371195941, -1.250000000000009770, -3.645307647468724266 ) ) ;
#366 = CARTESIAN_POINT ( 'NONE',  ( -1.243734296382546844, -0.1250000000116866516, 9.670000000000445795 ) ) ;
#367 = CARTESIAN_POINT ( 'NONE',  ( 0.8294067547305484789, -0.4788582131113834905, 6.868750000000003020 ) ) ;
#368 = CARTESIAN_POINT ( 'NONE',  ( 0.5529378364870382034, -0.9577164262227689795, -2.006249999999997868 ) ) ;
#369 = CARTESIAN_POINT ( 'NONE',  ( -1.172864355864535983E-16, -0.9577164262227593206, 8.593750000000001776 ) ) ;
#370 = CARTESIAN_POINT ( 'NONE',  ( -1.530808498934197980E-16, -1.250000000000012434, 7.018750000000006040 ) ) ;
#371 = EDGE_LOOP ( 'NONE', ( #2815, #3752, #1926, #3143, #1612, #4513, #2067, #1558, #117, #2931 ) ) ;
#372 = CARTESIAN_POINT ( 'NONE',  ( -0.8294067547305579158, -0.4788582131113870433, -2.568749999999998312 ) ) ;
#373 = AXIS2_PLACEMENT_3D ( 'NONE', #3081, #870, #1610 ) ;
#374 = CARTESIAN_POINT ( 'NONE',  ( -0.8294067547305488119, -0.4788582131113828799, 9.925000000000002487 ) ) ;
#375 = DIRECTION ( 'NONE',  ( -0.000000000000000000, 1.157433492142735316E-16, -1.000000000000000000 ) ) ;
#376 = CARTESIAN_POINT ( 'NONE',  ( 1.443375672974070101, -7.168848815997138269E-15, 6.737500000000001599 ) ) ;
#377 = EDGE_CURVE ( 'NONE', #2711, #916, #3139, .T. ) ;
#378 = CARTESIAN_POINT ( 'NONE',  ( 1.471500672974068724, -7.174015294681039699E-15, 7.595312500000003908 ) ) ;
#379 = AXIS2_PLACEMENT_3D ( 'NONE', #2370, #1279, #609 ) ;
#380 = CARTESIAN_POINT ( 'NONE',  ( 1.105875672974077295, -5.904280457105678493E-15, -1.481249999999997957 ) ) ;
#381 = CARTESIAN_POINT ( 'NONE',  ( -1.471500672974072721, -5.556782935995260647E-15, -0.5953124999999976907 ) ) ;
#382 = CARTESIAN_POINT ( 'NONE',  ( 1.082531754730552631, -0.6250000000000101030, 7.543750000000005507 ) ) ;
#383 = CARTESIAN_POINT ( 'NONE',  ( 0.8294067547305490340, 0.4788582131113686136, 8.293750000000002842 ) ) ;
#384 = ORIENTED_EDGE ( 'NONE', *, *, #103, .F. ) ;
#385 = CARTESIAN_POINT ( 'NONE',  ( 3.061616997868395960E-16, 1.249999999999998224, 9.099999999999999645 ) ) ;
#386 = VERTEX_POINT ( 'NONE', #137 ) ;
#387 = EDGE_CURVE ( 'NONE', #1595, #719, #3607, .T. ) ;
#388 = FACE_OUTER_BOUND ( 'NONE', #985, .T. ) ;
#389 = CARTESIAN_POINT ( 'NONE',  ( -0.7357503364870342510, 1.274356964481434540, 6.395312500000003730 ) ) ;
#390 = CARTESIAN_POINT ( 'NONE',  ( -0.7216878364870350504, -1.250000000000009326, -1.406249999999995559 ) ) ;
#391 = CARTESIAN_POINT ( 'NONE',  ( 0.1912500000077499429, -2.487657972366326131, 0.1674308549284696523 ) ) ;
#392 = CARTESIAN_POINT ( 'NONE',  ( 1.105875672974064861, -7.106851071790302181E-15, 7.806250000000003020 ) ) ;
#393 = CARTESIAN_POINT ( 'NONE',  ( 1.082531754730552631, -0.6250000000000101030, 7.150000000000001243 ) ) ;
#394 = CARTESIAN_POINT ( 'NONE',  ( -0.5529378364870323193, 0.9577164262227454428, 8.406250000000001776 ) ) ;
#395 = CARTESIAN_POINT ( 'NONE',  ( 3.121274355046668358E-16, 1.274356964481434318, 5.935937500000002309 ) ) ;
#396 = EDGE_LOOP ( 'NONE', ( #2328, #2765, #3886, #2726, #941, #148 ) ) ;
#397 = CARTESIAN_POINT ( 'NONE',  ( 0.8294067547305582488, 0.4788582131113750529, -2.343749999999997780 ) ) ;
#398 =( BOUNDED_CURVE ( )  B_SPLINE_CURVE ( 2, ( #4586, #3047, #4138, #835, #1270, #2743, #4484 ),
 .UNSPECIFIED., .F., .F. ) 
 B_SPLINE_CURVE_WITH_KNOTS ( ( 3, 2, 2, 3 ),
 ( 0.5769230769230768718, 0.5897435897435897578, 0.6025641025641025328, 0.6153846153846154188 ),
 .UNSPECIFIED. ) 
 CURVE ( )  GEOMETRIC_REPRESENTATION_ITEM ( )  RATIONAL_B_SPLINE_CURVE ( ( 1.000000000000000000, 0.8660254037844387076, 1.000000000000000000, 0.8660254037844387076, 1.000000000000000000, 0.8660254037844387076, 1.000000000000000000 ) ) 
 REPRESENTATION_ITEM ( '' )  );
#399 =( BOUNDED_CURVE ( )  B_SPLINE_CURVE ( 2, ( #2038, #3210, #4694, #1318, #4271, #2500, #4246 ),
 .UNSPECIFIED., .F., .T. ) 
 B_SPLINE_CURVE_WITH_KNOTS ( ( 3, 2, 2, 3 ),
 ( 0.6007660097985154657, 0.6192845283170338444, 0.6378030468355524452, 0.6563215653540709349 ),
 .UNSPECIFIED. ) 
 CURVE ( )  GEOMETRIC_REPRESENTATION_ITEM ( )  RATIONAL_B_SPLINE_CURVE ( ( 1.000000000000000000, 0.8660254037844387076, 1.000000000000000000, 0.8660254037844387076, 1.000000000000000000, 0.8660254037844387076, 1.000000000000000000 ) ) 
 REPRESENTATION_ITEM ( '' )  );
#400 = CARTESIAN_POINT ( 'NONE',  ( -0.8294067547305488119, -0.4788582131113828799, 8.575000000000002842 ) ) ;
#401 = CARTESIAN_POINT ( 'NONE',  ( -1.172864355864536229E-16, -0.9577164262227594316, 8.200000000000002842 ) ) ;
#402 = CARTESIAN_POINT ( 'NONE',  ( -0.7216878364870350504, 1.249999999999998446, 8.631250000000004974 ) ) ;
#403 = CARTESIAN_POINT ( 'NONE',  ( -1.172864355864548802E-16, -0.9577164262227688685, -3.899999999999998579 ) ) ;
#404 = CARTESIAN_POINT ( 'NONE',  ( 0.7357503364870351392, 1.274356964481433874, 9.470312500000003908 ) ) ;
#405 = CARTESIAN_POINT ( 'NONE',  ( -0.5529378364870384255, 0.9577164262227573222, -1.331249999999997824 ) ) ;
#406 = CARTESIAN_POINT ( 'NONE',  ( 0.000000000000000000, 0.9577164262227572111, -3.224999999999998757 ) ) ;
#407 = CARTESIAN_POINT ( 'NONE',  ( 1.443375672974070101, -7.168848815997138269E-15, 5.781250000000005329 ) ) ;
#408 = CARTESIAN_POINT ( 'NONE',  ( 0.8294067547305490340, 0.4788582131113686136, 8.743750000000003908 ) ) ;
#409 = ORIENTED_EDGE ( 'NONE', *, *, #2191, .F. ) ;
#410 = CARTESIAN_POINT ( 'NONE',  ( 1.032594279442786034, 0.08134868020024793589, 5.200000000000001066 ) ) ;
#411 = VERTEX_POINT ( 'NONE', #3451 ) ;
#412 = CARTESIAN_POINT ( 'NONE',  ( 1.443375672974070101, -7.168848815997138269E-15, 5.387500000000002842 ) ) ;
#413 = CARTESIAN_POINT ( 'NONE',  ( -1.103625504730551654, 0.6371784822407138282, 5.532812500000003908 ) ) ;
#414 = CARTESIAN_POINT ( 'NONE',  ( -0.8294067547305579158, -0.4788582131113870433, -2.624999999999998668 ) ) ;
#415 = CARTESIAN_POINT ( 'NONE',  ( 0.000000000000000000, 1.274356964481438759, -4.307812499999997158 ) ) ;
#416 = CARTESIAN_POINT ( 'NONE',  ( -0.5529378364870322082, 0.9577164262227454428, 6.606250000000002842 ) ) ;
#417 = CARTESIAN_POINT ( 'NONE',  ( -1.530808498934197980E-16, -1.250000000000012434, 6.625000000000001776 ) ) ;
#418 = CARTESIAN_POINT ( 'NONE',  ( 0.5529378364870320972, -0.9577164262227595426, 7.731250000000001954 ) ) ;
#419 = PLANE ( 'NONE',  #2390 ) ;
#420 = ORIENTED_EDGE ( 'NONE', *, *, #875, .F. ) ;
#421 = CARTESIAN_POINT ( 'NONE',  ( -0.5529378364870384255, 0.9577164262227573222, -0.4312499999999980793 ) ) ;
#422 = CARTESIAN_POINT ( 'NONE',  ( -0.5529378364870328744, -0.9577164262227590985, 9.962500000000002132 ) ) ;
#423 = EDGE_CURVE ( 'NONE', #3897, #2093, #3722, .T. ) ;
#424 = CARTESIAN_POINT ( 'NONE',  ( 2.345728711729072459E-16, 0.9577164262227455538, 7.975000000000003197 ) ) ;
#425 = CARTESIAN_POINT ( 'NONE',  ( 0.000000000000000000, -1.258909218984051749E-16, -3.899999999999999911 ) ) ;
#426 =( BOUNDED_CURVE ( )  B_SPLINE_CURVE ( 2, ( #3019, #1584, #2696, #3072, #4169, #866, #4563 ),
 .UNSPECIFIED., .F., .F. ) 
 B_SPLINE_CURVE_WITH_KNOTS ( ( 3, 2, 2, 3 ),
 ( 0.6111111111111111605, 0.6296296296296297612, 0.6481481481481482509, 0.6666666666666668517 ),
 .UNSPECIFIED. ) 
 CURVE ( )  GEOMETRIC_REPRESENTATION_ITEM ( )  RATIONAL_B_SPLINE_CURVE ( ( 1.000000000000000000, 0.8660254037844387076, 1.000000000000000000, 0.8660254037844387076, 1.000000000000000000, 0.8660254037844371533, 1.000000000000001554 ) ) 
 REPRESENTATION_ITEM ( '' )  );
#427 = ORIENTED_EDGE ( 'NONE', *, *, #2315, .T. ) ;
#428 = CARTESIAN_POINT ( 'NONE',  ( 3.061616997868395960E-16, 1.249999999999998224, 6.850000000000000533 ) ) ;
#429 =( BOUNDED_CURVE ( )  B_SPLINE_CURVE ( 2, ( #544, #1602, #1265 ),
 .UNSPECIFIED., .F., .T. ) 
 B_SPLINE_CURVE_WITH_KNOTS ( ( 3, 3 ),
 ( 0.03138031211100866802, 0.04521045424295988546 ),
 .UNSPECIFIED. ) 
 CURVE ( )  GEOMETRIC_REPRESENTATION_ITEM ( )  RATIONAL_B_SPLINE_CURVE ( ( 0.9493372120206005071, 0.8999440637824731581, 1.000000000000000000 ) ) 
 REPRESENTATION_ITEM ( '' )  );
#430 = CARTESIAN_POINT ( 'NONE',  ( 0.7357503364870339180, -1.274356964481448307, 7.520312500000004619 ) ) ;
#431 = CARTESIAN_POINT ( 'NONE',  ( 0.7357503364870359164, -1.274356964481450527, -3.623437499999998757 ) ) ;
#432 = CARTESIAN_POINT ( 'NONE',  ( 0.8294067547305582488, 0.4788582131113750529, -1.949999999999998623 ) ) ;
#433 = CARTESIAN_POINT ( 'NONE',  ( 0.7216878364870341622, -1.250000000000009992, -1.331249999999995381 ) ) ;
#434 = CARTESIAN_POINT ( 'NONE',  ( 0.5529378364870329854, 0.9577164262227449987, 7.881250000000003197 ) ) ;
#435 = EDGE_LOOP ( 'NONE', ( #4483, #3745, #3667, #2547 ) ) ;
#436 = DIRECTION ( 'NONE',  ( -0.000000000000000000, 1.157433492142735316E-16, -1.000000000000000000 ) ) ;
#437 = LINE ( 'NONE', #903, #2837 ) ;
#438 = ORIENTED_EDGE ( 'NONE', *, *, #3171, .T. ) ;
#439 = CARTESIAN_POINT ( 'NONE',  ( -1.443375672974070101, -6.815323736422166126E-15, 6.006250000000004974 ) ) ;
#440 = CARTESIAN_POINT ( 'NONE',  ( -1.560637177523334179E-16, -1.274356964481448085, 5.232812500000004086 ) ) ;
#441 = EDGE_CURVE ( 'NONE', #4176, #472, #429, .T. ) ;
#442 = CARTESIAN_POINT ( 'NONE',  ( 1.105875672974077073, -5.935279329209095748E-15, -1.987499999999998712 ) ) ;
#443 = CARTESIAN_POINT ( 'NONE',  ( 0.5371023094447457957, 0.8472611949390767005, -0.4887393623099701712 ) ) ;
#444 = CARTESIAN_POINT ( 'NONE',  ( 0.8294067547305484789, -0.4788582131113834905, 5.968750000000002665 ) ) ;
#445 = CARTESIAN_POINT ( 'NONE',  ( -1.530808498934197980E-16, -1.250000000000012434, 7.918750000000005507 ) ) ;
#446 = CARTESIAN_POINT ( 'NONE',  ( 0.8294067547305490340, 0.4788582131113686136, 8.743750000000003908 ) ) ;
#447 = CYLINDRICAL_SURFACE ( 'NONE', #1996, 1.249999999999998446 ) ;
#448 = ORIENTED_EDGE ( 'NONE', *, *, #1127, .T. ) ;
#449 = DIRECTION ( 'NONE',  ( -0.000000000000000000, -0.000000000000000000, -1.000000000000000000 ) ) ;
#450 = CARTESIAN_POINT ( 'NONE',  ( -0.5529378364870324303, 0.9577164262227455538, 6.212500000000003908 ) ) ;
#451 = CARTESIAN_POINT ( 'NONE',  ( -0.5529378364870324303, 0.9577164262227455538, 7.112500000000004263 ) ) ;
#452 = CARTESIAN_POINT ( 'NONE',  ( 1.082531754730551521, -0.6250000000000082157, -0.8437499999999961142 ) ) ;
#453 = CARTESIAN_POINT ( 'NONE',  ( -1.443375672974068991, -5.722971333660804229E-15, -3.281249999999995559 ) ) ;
#454 = EDGE_LOOP ( 'NONE', ( #3779, #1847, #1517, #3405 ) ) ;
#455 = EDGE_LOOP ( 'NONE', ( #2966, #2957, #3398, #3720 ) ) ;
#456 = CLOSED_SHELL ( 'NONE', ( #3754, #4074, #836, #2162, #682, #3501, #3453, #3193, #281, #4705, #4473, #2215, #4310, #4208, #1546, #1144, #3077, #2317, #2892, #1097, #4518, #1722, #2096, #2016, #692, #534, #1015, #3331, #4044, #1296, #1448, #4730, #2071, #2839, #4102, #2975, #3034, #331, #4235, #4178, #3429, #1192, #335, #199, #2104, #3154, #1221, #891, #949, #141, #4015, #1883, #1508, #2811, #1853, #2439, #3245, #3844, #3571, #2185, #3716, #2044, #594, #4273, #2917, #1084, #554, #3802, #4265, #3075, #1535, #1394, #2636, #4225 ) ) ;
#457 = CARTESIAN_POINT ( 'NONE',  ( 1.105875672974077295, -5.907724776228281287E-15, -1.537499999999998757 ) ) ;
#458 = EDGE_CURVE ( 'NONE', #2093, #4350, #2231, .T. ) ;
#459 = AXIS2_PLACEMENT_3D ( 'NONE', #945, #2024, #2047 ) ;
#460 = CARTESIAN_POINT ( 'NONE',  ( -1.105875672974077295, -5.592087207001929620E-15, -0.8062499999999979128 ) ) ;
#461 = CARTESIAN_POINT ( 'NONE',  ( -0.5529378364870388696, -0.9577164262227685354, -1.237499999999998490 ) ) ;
#462 = CARTESIAN_POINT ( 'NONE',  ( 0.7216878364870360496, 1.249999999999997780, 5.856250000000005507 ) ) ;
#463 = CIRCLE ( 'NONE', #379, 1.024999999999996803 ) ;
#464 = CARTESIAN_POINT ( 'NONE',  ( -1.172864355864535983E-16, -0.9577164262227593206, 4.993750000000002132 ) ) ;
#465 = EDGE_LOOP ( 'NONE', ( #3623, #4579, #2942, #227 ) ) ;
#466 = CARTESIAN_POINT ( 'NONE',  ( 1.082531754730553519, 0.6249999999999948930, 6.718750000000005329 ) ) ;
#467 = AXIS2_PLACEMENT_3D ( 'NONE', #1484, #3727, #2925 ) ;
#468 = CARTESIAN_POINT ( 'NONE',  ( 2.345728711729071966E-16, 0.9577164262227454428, 9.325000000000002842 ) ) ;
#469 = ORIENTED_EDGE ( 'NONE', *, *, #739, .T. ) ;
#470 = CYLINDRICAL_SURFACE ( 'NONE', #4627, 1.250000000000000222 ) ;
#471 = CARTESIAN_POINT ( 'NONE',  ( 0.5529378364870329854, 0.9577164262227451097, 10.63750000000000107 ) ) ;
#472 = VERTEX_POINT ( 'NONE', #1243 ) ;
#473 = CARTESIAN_POINT ( 'NONE',  ( -0.8294067547305579158, -0.4788582131113870988, -3.074999999999998845 ) ) ;
#474 = CARTESIAN_POINT ( 'NONE',  ( 1.082531754730551521, -0.6250000000000084377, -3.150000000000000799 ) ) ;
#475 = CARTESIAN_POINT ( 'NONE',  ( -0.8294067547305488119, -0.4788582131113828244, 6.718750000000002665 ) ) ;
#476 = CARTESIAN_POINT ( 'NONE',  ( 0.000000000000000000, -1.258909218984051749E-16, -3.899999999999999911 ) ) ;
#477 = VERTEX_POINT ( 'NONE', #4238 ) ;
#478 = CARTESIAN_POINT ( 'NONE',  ( -1.530808498934196747E-16, -1.250000000000009548, -0.9187499999999959588 ) ) ;
#479 = CIRCLE ( 'NONE', #2622, 0.9577164262227576552 ) ;
#480 = CARTESIAN_POINT ( 'NONE',  ( 2.345728711729072459E-16, 0.9577164262227455538, 6.625000000000003553 ) ) ;
#481 = CARTESIAN_POINT ( 'NONE',  ( -0.7216878364870350504, 1.249999999999998446, 5.987500000000000711 ) ) ;
#482 = CARTESIAN_POINT ( 'NONE',  ( 0.000000000000000000, 1.249999999999998446, -3.000000000000000888 ) ) ;
#483 = FACE_OUTER_BOUND ( 'NONE', #4548, .T. ) ;
#484 = VERTEX_POINT ( 'NONE', #4529 ) ;
#485 = ORIENTED_EDGE ( 'NONE', *, *, #1775, .T. ) ;
#486 = CARTESIAN_POINT ( 'NONE',  ( -1.172864355864548802E-16, -0.9577164262227687574, -2.999999999999998224 ) ) ;
#487 = CARTESIAN_POINT ( 'NONE',  ( 1.103625504730554319, -0.6371784822407287052, -3.135937499999998934 ) ) ;
#488 = CARTESIAN_POINT ( 'NONE',  ( -0.8294067547305578048, 0.4788582131113758300, -2.249999999999998668 ) ) ;
#489 = DIRECTION ( 'NONE',  ( 0.000000000000000000, 1.000000000000000000, 0.000000000000000000 ) ) ;
#490 = CARTESIAN_POINT ( 'NONE',  ( -0.5529378364870322082, 0.9577164262227454428, 6.606250000000002842 ) ) ;
#491 = VERTEX_POINT ( 'NONE', #830 ) ;
#492 = CARTESIAN_POINT ( 'NONE',  ( 3.061616997868395960E-16, 1.249999999999998224, 7.243750000000005684 ) ) ;
#493 = EDGE_CURVE ( 'NONE', #4276, #2299, #3040, .T. ) ;
#494 = CARTESIAN_POINT ( 'NONE',  ( -0.5529378364870326523, -0.9577164262227589875, 9.062500000000003553 ) ) ;
#495 = VERTEX_POINT ( 'NONE', #2010 ) ;
#496 = CARTESIAN_POINT ( 'NONE',  ( -0.5529378364870322082, 0.9577164262227454428, 8.012500000000004619 ) ) ;
#497 = EDGE_LOOP ( 'NONE', ( #2583, #1058, #2981, #2633 ) ) ;
#498 = CARTESIAN_POINT ( 'NONE',  ( -0.5529378364870384255, 0.9577164262227571001, -1.837499999999998801 ) ) ;
#499 = CARTESIAN_POINT ( 'NONE',  ( 0.8294067547305490340, 0.4788582131113686691, 5.200000000000002842 ) ) ;
#500 = CARTESIAN_POINT ( 'NONE',  ( 0.1912500000000070255, 2.487657972370792780, 0.1674308549307030047 ) ) ;
#501 = CARTESIAN_POINT ( 'NONE',  ( 2.345728711729071966E-16, 0.9577164262227454428, 6.568750000000002309 ) ) ;
#502 = CARTESIAN_POINT ( 'NONE',  ( -0.7216878364870350504, -1.250000000000009770, -2.812500000000000888 ) ) ;
#503 = VERTEX_POINT ( 'NONE', #2302 ) ;
#504 = CARTESIAN_POINT ( 'NONE',  ( -1.443375672974070101, -6.815323736422166126E-15, 5.556250000000005684 ) ) ;
#505 = CARTESIAN_POINT ( 'NONE',  ( -0.5529378364870324303, 0.9577164262227455538, 7.562500000000002665 ) ) ;
#506 = CARTESIAN_POINT ( 'NONE',  ( -0.7216878364870354945, -1.250000000000012434, 6.137500000000000178 ) ) ;
#507 = PLANE ( 'NONE',  #1302 ) ;
#508 = FACE_OUTER_BOUND ( 'NONE', #2341, .T. ) ;
#509 = ORIENTED_EDGE ( 'NONE', *, *, #1547, .T. ) ;
#510 = CARTESIAN_POINT ( 'NONE',  ( 0.8294067547305582488, 0.4788582131113750529, -1.949999999999998623 ) ) ;
#511 = CARTESIAN_POINT ( 'NONE',  ( -1.105875672974077295, -5.619641759982745659E-15, -1.256249999999997646 ) ) ;
#512 = CARTESIAN_POINT ( 'NONE',  ( -0.8294067547305579158, -0.4788582131113870433, -2.624999999999998668 ) ) ;
#513 = CARTESIAN_POINT ( 'NONE',  ( 0.6668948313182012644, 0.9444427817086983312, 9.565812650930181960 ) ) ;
#514 = CARTESIAN_POINT ( 'NONE',  ( -0.8294067547305487009, 0.4788582131113693907, 7.093750000000002665 ) ) ;
#515 = CARTESIAN_POINT ( 'NONE',  ( 3.061616997868395960E-16, 1.249999999999998224, 9.550000000000000711 ) ) ;
#516 = CARTESIAN_POINT ( 'NONE',  ( 0.8294067547305484789, -0.4788582131113834905, 9.175000000000002487 ) ) ;
#517 = CARTESIAN_POINT ( 'NONE',  ( 0.8294067547305490340, 0.4788582131113686136, 7.900000000000003908 ) ) ;
#518 = EDGE_CURVE ( 'NONE', #4262, #3082, #2717, .T. ) ;
#519 = ORIENTED_EDGE ( 'NONE', *, *, #3929, .T. ) ;
#520 = CARTESIAN_POINT ( 'NONE',  ( 0.5529378364870382034, -0.9577164262227689795, -2.062499999999998668 ) ) ;
#521 = CARTESIAN_POINT ( 'NONE',  ( 0.1912500000077498041, 2.487657972366322134, 9.832569145071529348 ) ) ;
#522 = LINE ( 'NONE', #3477, #2552 ) ;
#523 = CARTESIAN_POINT ( 'NONE',  ( -1.105875672974064861, -6.835989651157778155E-15, 6.231250000000002842 ) ) ;
#524 = CARTESIAN_POINT ( 'NONE',  ( -0.9566528859284691988, 0.04512215532985484889, 9.377716426222754365 ) ) ;
#525 = EDGE_LOOP ( 'NONE', ( #4382, #204, #1959, #2448 ) ) ;
#526 = CARTESIAN_POINT ( 'NONE',  ( -1.082531754730553075, -0.6250000000000092149, 5.593750000000006217 ) ) ;
#527 = CARTESIAN_POINT ( 'NONE',  ( -0.5529378364870328744, -0.9577164262227590985, 7.262500000000002842 ) ) ;
#528 = CARTESIAN_POINT ( 'NONE',  ( 1.105875672974065083, -7.106851071790302181E-15, 6.062500000000003553 ) ) ;
#529 = CARTESIAN_POINT ( 'NONE',  ( -2.249999999999999112, 0.7257799863628705550, 9.911858864094300614 ) ) ;
#530 = VERTEX_POINT ( 'NONE', #4190 ) ;
#531 = CARTESIAN_POINT ( 'NONE',  ( -0.5529378364870384255, 0.9577164262227573222, -1.387499999999998401 ) ) ;
#532 = CARTESIAN_POINT ( 'NONE',  ( 0.7357503364870370266, 1.274356964481438315, -2.123437499999999201 ) ) ;
#533 = CARTESIAN_POINT ( 'NONE',  ( -0.7170897518897393352, -0.6733969685855428766, -0.3597654208896599037 ) ) ;
#534 = ADVANCED_FACE ( 'NONE', ( #884 ), #3073, .T. ) ;
#535 = CARTESIAN_POINT ( 'NONE',  ( 0.000000000000000000, -1.258909218984052242E-16, -3.899999999999999467 ) ) ;
#536 = CARTESIAN_POINT ( 'NONE',  ( 0.5529378364870320972, -0.9577164262227595426, 5.481250000000001954 ) ) ;
#537 = VECTOR ( 'NONE', #1969, 1000.000000000000000 ) ;
#538 = CARTESIAN_POINT ( 'NONE',  ( -1.530808498934196747E-16, -1.250000000000009770, -1.818749999999995648 ) ) ;
#539 = CARTESIAN_POINT ( 'NONE',  ( -1.105875672974064861, -6.835989651157778155E-15, 8.987500000000002487 ) ) ;
#540 = CARTESIAN_POINT ( 'NONE',  ( -0.5529378364870322082, 0.9577164262227454428, 8.462500000000003908 ) ) ;
#541 = ORIENTED_EDGE ( 'NONE', *, *, #1576, .T. ) ;
#542 = VECTOR ( 'NONE', #1724, 1000.000000000000000 ) ;
#543 = DIRECTION ( 'NONE',  ( -0.8660254037844397068, -1.060575238724908147E-16, -0.4999999999999979461 ) ) ;
#544 = CARTESIAN_POINT ( 'NONE',  ( -0.8849636414586150579, 0.8828019898574684943, -0.6367499999999948201 ) ) ;
#545 = EDGE_CURVE ( 'NONE', #252, #3495, #4603, .T. ) ;
#546 = CARTESIAN_POINT ( 'NONE',  ( 0.000000000000000000, -1.258909218984051749E-16, -3.899999999999999911 ) ) ;
#547 = CARTESIAN_POINT ( 'NONE',  ( -0.3345207091623703666, -1.204406864453011705, 5.200000000000000178 ) ) ;
#548 = DIRECTION ( 'NONE',  ( -0.000000000000000000, 1.157433492142735316E-16, -1.000000000000000000 ) ) ;
#549 = VERTEX_POINT ( 'NONE', #3117 ) ;
#550 = DIRECTION ( 'NONE',  ( 1.000000000000000000, 0.000000000000000000, 0.000000000000000000 ) ) ;
#551 = LOCAL_TIME ( 18, 19, 49.00000000000000000, #4755 ) ;
#552 = CARTESIAN_POINT ( 'NONE',  ( 2.345728711729072459E-16, 0.9577164262227455538, 7.525000000000003908 ) ) ;
#553 = CARTESIAN_POINT ( 'NONE',  ( -1.105875672974065083, -6.835989651157778155E-15, 5.837500000000003020 ) ) ;
#554 = ADVANCED_FACE ( 'NONE', ( #1214 ), #1438, .F. ) ;
#555 = DIRECTION ( 'NONE',  ( -0.000000000000000000, 1.157433492142735316E-16, -1.000000000000000000 ) ) ;
#556 = ORIENTED_EDGE ( 'NONE', *, *, #1482, .T. ) ;
#557 = CARTESIAN_POINT ( 'NONE',  ( 0.000000000000000000, 0.9577164262227573222, -1.424999999999998712 ) ) ;
#558 = CARTESIAN_POINT ( 'NONE',  ( 0.7357503364870359164, -1.274356964481450527, -2.273437499999998668 ) ) ;
#559 = DIRECTION ( 'NONE',  ( -0.000000000000000000, 1.157433492142735316E-16, -1.000000000000000000 ) ) ;
#560 = CARTESIAN_POINT ( 'NONE',  ( 0.000000000000000000, -1.258909218984051749E-16, -3.899999999999999911 ) ) ;
#561 = CARTESIAN_POINT ( 'NONE',  ( 2.345728711729071966E-16, 0.9577164262227454428, 5.218750000000002665 ) ) ;
#562 = CARTESIAN_POINT ( 'NONE',  ( -0.7216878364870362716, -1.250000000000007327, -3.262500000000000178 ) ) ;
#563 = CARTESIAN_POINT ( 'NONE',  ( -1.103625504730554541, 0.6371784822407167148, -1.532812499999997691 ) ) ;
#564 = CARTESIAN_POINT ( 'NONE',  ( 0.5529378364870329854, 0.9577164262227449987, 8.837500000000002132 ) ) ;
#565 = VERTEX_POINT ( 'NONE', #3948 ) ;
#566 = CARTESIAN_POINT ( 'NONE',  ( -1.172864355864548802E-16, -0.9577164262227686464, -0.7499999999999988898 ) ) ;
#567 = DIRECTION ( 'NONE',  ( 1.000000000000000000, 0.000000000000000000, 0.000000000000000000 ) ) ;
#568 = DIRECTION ( 'NONE',  ( 0.000000000000000000, 1.000000000000000000, 1.132070143937707872E-16 ) ) ;
#569 = CARTESIAN_POINT ( 'NONE',  ( -1.082531754730551743, 0.6249999999999963363, -2.418749999999995737 ) ) ;
#570 = CARTESIAN_POINT ( 'NONE',  ( -1.530808498934197980E-16, -1.250000000000012434, 5.218750000000005329 ) ) ;
#571 = ORIENTED_EDGE ( 'NONE', *, *, #2349, .T. ) ;
#572 = CARTESIAN_POINT ( 'NONE',  ( 2.058749999999989200, -1.409456344659179905, 0.1674308549307001182 ) ) ;
#573 = CARTESIAN_POINT ( 'NONE',  ( -0.7216878364870354945, -1.250000000000012434, 5.687500000000001776 ) ) ;
#574 = CARTESIAN_POINT ( 'NONE',  ( 0.5529378364870329854, 0.9577164262227449987, 9.231250000000002842 ) ) ;
#575 = CARTESIAN_POINT ( 'NONE',  ( -0.7696622050591382935, -0.6384549892775380764, 9.410878011816311783 ) ) ;
#576 = B_SPLINE_CURVE_WITH_KNOTS ( 'NONE', 3,
 ( #1395, #4326, #3246, #4727, #2165, #3182, #791, #1863 ),
 .UNSPECIFIED., .F., .F.,
 ( 4, 2, 2, 4 ),
 ( 0.003320957300152105676, 0.003789019072561172589, 0.004257080844970239503, 0.005193204389788374196 ),
 .UNSPECIFIED. ) ;
#577 = CARTESIAN_POINT ( 'NONE',  ( -0.7357503364870348062, -1.274356964481448085, 7.023437500000002665 ) ) ;
#578 = ORIENTED_EDGE ( 'NONE', *, *, #105, .T. ) ;
#579 = CARTESIAN_POINT ( 'NONE',  ( 0.8294067547305575827, -0.4788582131113875984, -1.124999999999998890 ) ) ;
#580 = EDGE_CURVE ( 'NONE', #1183, #4131, #1310, .T. ) ;
#581 = CARTESIAN_POINT ( 'NONE',  ( -1.172864355864535983E-16, -0.9577164262227593206, 5.443750000000003197 ) ) ;
#582 = CARTESIAN_POINT ( 'NONE',  ( -1.103625504730554541, 0.6371784822407166038, -2.460937499999998668 ) ) ;
#583 = CARTESIAN_POINT ( 'NONE',  ( 2.058749999992247393, 1.409456344663646554, 0.1674308549284711511 ) ) ;
#584 = CARTESIAN_POINT ( 'NONE',  ( 0.9988342156445685349, 0.5226477068391834901, 9.544704266552209049 ) ) ;
#585 = CARTESIAN_POINT ( 'NONE',  ( 1.103625504730551432, -0.6371784822407281501, 10.25781250000000355 ) ) ;
#586 = CARTESIAN_POINT ( 'NONE',  ( 1.530808498934191817E-16, -1.250000000000000444, -3.899999999999999911 ) ) ;
#587 = CARTESIAN_POINT ( 'NONE',  ( -1.471500672974072721, -5.722110253880152150E-15, -3.295312499999997424 ) ) ;
#588 = CARTESIAN_POINT ( 'NONE',  ( -1.105875672974064861, -6.835989651157778155E-15, 7.187500000000003553 ) ) ;
#589 = VERTEX_POINT ( 'NONE', #3218 ) ;
#590 = CARTESIAN_POINT ( 'NONE',  ( 0.000000000000000000, 0.9577164262227573222, -0.9749999999999988676 ) ) ;
#591 = CARTESIAN_POINT ( 'NONE',  ( -0.8294067547305579158, -0.4788582131113870988, -3.018749999999998046 ) ) ;
#592 = CARTESIAN_POINT ( 'NONE',  ( 1.530808498934189598E-16, -1.249999999999998668, -3.899999999999999911 ) ) ;
#593 = CARTESIAN_POINT ( 'NONE',  ( -2.058749999992248725, 1.409456344663646332, 9.832569145071529348 ) ) ;
#594 = ADVANCED_FACE ( 'NONE', ( #2486 ), #3582, .T. ) ;
#595 = ORIENTED_EDGE ( 'NONE', *, *, #1156, .T. ) ;
#596 = CARTESIAN_POINT ( 'NONE',  ( 2.058749999999998526, 1.409456344659171245, -6.873863542433756635 ) ) ;
#597 = CARTESIAN_POINT ( 'NONE',  ( 0.5529378364870322082, -0.9577164262227596536, 5.537500000000003197 ) ) ;
#598 = CARTESIAN_POINT ( 'NONE',  ( -0.5529378364870322082, 0.9577164262227454428, 8.856250000000002842 ) ) ;
#599 = CARTESIAN_POINT ( 'NONE',  ( 0.5529378364870382034, -0.9577164262227690905, -3.356249999999997513 ) ) ;
#600 = CARTESIAN_POINT ( 'NONE',  ( 0.7357503364870351392, 1.274356964481433874, 8.598437500000002842 ) ) ;
#601 = ORIENTED_EDGE ( 'NONE', *, *, #2932, .T. ) ;
#602 = CARTESIAN_POINT ( 'NONE',  ( -0.7170915748299387937, -0.6733938111604984567, -0.3597656681516591681 ) ) ;
#603 = CARTESIAN_POINT ( 'NONE',  ( 3.121274355046668358E-16, 1.274356964481434318, 10.43593750000000320 ) ) ;
#604 = CARTESIAN_POINT ( 'NONE',  ( 0.7357503364870359164, -1.274356964481450305, -0.9234374999999989120 ) ) ;
#605 = CARTESIAN_POINT ( 'NONE',  ( -2.249999999999999112, 1.078201627711622868, 0.1674308549307040594 ) ) ;
#606 = EDGE_CURVE ( 'NONE', #2105, #4753, #3256, .T. ) ;
#607 = CARTESIAN_POINT ( 'NONE',  ( 1.443375672974070101, -7.168848815997138269E-15, 8.987500000000000711 ) ) ;
#608 = CARTESIAN_POINT ( 'NONE',  ( 1.103625504730551432, -0.6371784822407281501, 10.70781250000000462 ) ) ;
#609 = DIRECTION ( 'NONE',  ( 0.000000000000000000, 1.000000000000000000, 0.000000000000000000 ) ) ;
#610 = CARTESIAN_POINT ( 'NONE',  ( -1.103625504730554763, -0.6371784822407277060, -2.807812499999997602 ) ) ;
#611 = CARTESIAN_POINT ( 'NONE',  ( -0.8294067547305487009, 0.4788582131113693907, 10.24375000000000213 ) ) ;
#612 = VERTEX_POINT ( 'NONE', #3991 ) ;
#613 = CARTESIAN_POINT ( 'NONE',  ( -2.058749999992248725, 1.409456344663646332, 9.832569145071529348 ) ) ;
#614 = CARTESIAN_POINT ( 'NONE',  ( 1.105875672974077295, -6.014498669028941073E-15, -3.281249999999997335 ) ) ;
#615 = VECTOR ( 'NONE', #1776, 1000.000000000000000 ) ;
#616 =( BOUNDED_CURVE ( )  B_SPLINE_CURVE ( 2, ( #3361, #2653, #1077, #2235, #4462, #3701, #1149 ),
 .UNSPECIFIED., .F., .F. ) 
 B_SPLINE_CURVE_WITH_KNOTS ( ( 3, 2, 2, 3 ),
 ( 0.7692307692307692735, 0.7820512820512820484, 0.7948717948717948234, 0.8076923076923077094 ),
 .UNSPECIFIED. ) 
 CURVE ( )  GEOMETRIC_REPRESENTATION_ITEM ( )  RATIONAL_B_SPLINE_CURVE ( ( 1.000000000000000000, 0.8660254037844387076, 1.000000000000000000, 0.8660254037844387076, 1.000000000000000000, 0.8660254037844387076, 1.000000000000000000 ) ) 
 REPRESENTATION_ITEM ( '' )  );
#617 = CARTESIAN_POINT ( 'NONE',  ( -1.099165880508746751, 9.586866186135470033E-16, 9.519165880508746014 ) ) ;
#618 = CARTESIAN_POINT ( 'NONE',  ( 0.000000000000000000, 1.249999999999998224, -1.593749999999995781 ) ) ;
#619 = DIRECTION ( 'NONE',  ( -0.000000000000000000, 1.157433492142735316E-16, -1.000000000000000000 ) ) ;
#620 = VECTOR ( 'NONE', #1349, 1000.000000000000000 ) ;
#621 = FACE_OUTER_BOUND ( 'NONE', #1241, .T. ) ;
#622 = CARTESIAN_POINT ( 'NONE',  ( -0.5529378364870326523, -0.9577164262227589875, 10.35625000000000107 ) ) ;
#623 = CARTESIAN_POINT ( 'NONE',  ( 0.000000000000000000, 0.9577164262227571001, -3.618749999999997691 ) ) ;
#624 = CARTESIAN_POINT ( 'NONE',  ( -1.560637177523334179E-16, -1.274356964481448085, 8.410937500000001066 ) ) ;
#625 = EDGE_LOOP ( 'NONE', ( #2635, #1583, #3545, #104, #976, #1729, #2742, #4679, #3934, #3283, #3418, #420, #3440, #3009, #4047, #2890, #3708, #2363, #1632, #2437 ) ) ;
#626 = CARTESIAN_POINT ( 'NONE',  ( -0.8294067547305579158, -0.4788582131113870988, -3.018749999999998046 ) ) ;
#627 = CARTESIAN_POINT ( 'NONE',  ( 1.103625504730551432, -0.6371784822407281501, 8.935937500000001421 ) ) ;
#628 = CARTESIAN_POINT ( 'NONE',  ( -1.103625504730554541, 0.6371784822407166038, -2.010937499999998934 ) ) ;
#629 = CARTESIAN_POINT ( 'NONE',  ( -0.9538313807006990608, -0.4901190480161379814, -3.860219246798504589 ) ) ;
#630 = CARTESIAN_POINT ( 'NONE',  ( 0.7357503364870351392, 1.274356964481433874, 10.37031250000000604 ) ) ;
#631 = LINE ( 'NONE', #3563, #620 ) ;
#632 = CARTESIAN_POINT ( 'NONE',  ( -1.471500672974072721, -5.667001147918523227E-15, -2.395312499999997513 ) ) ;
#633 = CARTESIAN_POINT ( 'NONE',  ( -0.5529378364870322082, 0.9577164262227454428, 6.212500000000003908 ) ) ;
#634 = ORIENTED_EDGE ( 'NONE', *, *, #3784, .T. ) ;
#635 = EDGE_CURVE ( 'NONE', #2334, #4131, #2859, .T. ) ;
#636 = CARTESIAN_POINT ( 'NONE',  ( -1.082531754730552853, 0.6249999999999957812, 8.218750000000005329 ) ) ;
#637 = CARTESIAN_POINT ( 'NONE',  ( 0.5529378364870383145, -0.9577164262227688685, -2.456249999999998046 ) ) ;
#638 = CARTESIAN_POINT ( 'NONE',  ( 0.4985920424764210823, 2.310213961413746908, 0.08771028900140204199 ) ) ;
#639 = DIRECTION ( 'NONE',  ( -0.000000000000000000, 1.157433492142735316E-16, -1.000000000000000000 ) ) ;
#640 = CARTESIAN_POINT ( 'NONE',  ( 3.061616997868395960E-16, 1.249999999999998224, 7.750000000000000888 ) ) ;
#641 = CARTESIAN_POINT ( 'NONE',  ( 0.8294067547305484789, -0.4788582131113834905, 10.46875000000000178 ) ) ;
#642 = CARTESIAN_POINT ( 'NONE',  ( -0.8294067547305579158, -0.4788582131113870988, -3.468749999999997780 ) ) ;
#643 = CARTESIAN_POINT ( 'NONE',  ( 3.121274355046668358E-16, 1.274356964481434318, 8.185937500000001421 ) ) ;
#644 = VERTEX_POINT ( 'NONE', #4363 ) ;
#645 = CARTESIAN_POINT ( 'NONE',  ( 1.105875672974077295, -6.014498669028941073E-15, -3.281249999999997335 ) ) ;
#646 = CARTESIAN_POINT ( 'NONE',  ( 1.103625504730552320, 0.6371784822407128290, 10.36093750000000213 ) ) ;
#647 = CARTESIAN_POINT ( 'NONE',  ( -2.115908655028121643, 1.376455779792169931, 0.1838980789325908027 ) ) ;
#648 = CARTESIAN_POINT ( 'NONE',  ( 1.448409885672697117E-16, -1.182716426222758299, -1.226558887951543301E-16 ) ) ;
#649 = CARTESIAN_POINT ( 'NONE',  ( -0.8294067547305488119, -0.4788582131113828244, 4.918750000000002842 ) ) ;
#650 = CARTESIAN_POINT ( 'NONE',  ( 0.5529378364870322082, -0.9577164262227597646, 8.237500000000004263 ) ) ;
#651 = CARTESIAN_POINT ( 'NONE',  ( 0.7357503364870359164, -1.274356964481450527, -3.595312499999996803 ) ) ;
#652 = DIRECTION ( 'NONE',  ( 1.000000000000000000, 0.000000000000000000, 0.000000000000000000 ) ) ;
#653 = CARTESIAN_POINT ( 'NONE',  ( 2.345728711729071966E-16, 0.9577164262227454428, 10.61875000000000391 ) ) ;
#654 = ORIENTED_EDGE ( 'NONE', *, *, #360, .F. ) ;
#655 = CARTESIAN_POINT ( 'NONE',  ( -1.443375672974068991, -5.640307674718357689E-15, -1.931249999999995914 ) ) ;
#656 = FACE_OUTER_BOUND ( 'NONE', #455, .T. ) ;
#657 = EDGE_CURVE ( 'NONE', #495, #549, #1751, .T. ) ;
#658 = CARTESIAN_POINT ( 'NONE',  ( 1.443413851512606927, 1.764720835630473994, 0.02619637318196902168 ) ) ;
#659 = DIRECTION ( 'NONE',  ( 0.000000000000000000, 0.000000000000000000, -1.000000000000000000 ) ) ;
#660 = CARTESIAN_POINT ( 'NONE',  ( -2.115893281016587579, -1.376464655981870289, 0.1838936497272611603 ) ) ;
#661 = CARTESIAN_POINT ( 'NONE',  ( -0.5529378364870326523, -0.9577164262227589875, 9.456250000000002487 ) ) ;
#662 = CARTESIAN_POINT ( 'NONE',  ( -0.8294067547305579158, -0.4788582131113870433, -2.118749999999997691 ) ) ;
#663 = CARTESIAN_POINT ( 'NONE',  ( -1.103625504730551654, 0.6371784822407138282, 6.910937500000001954 ) ) ;
#664 = VERTEX_POINT ( 'NONE', #1076 ) ;
#665 = CARTESIAN_POINT ( 'NONE',  ( 0.5529378364870383145, -0.9577164262227689795, -3.356249999999997513 ) ) ;
#666 = CARTESIAN_POINT ( 'NONE',  ( 2.345728711729071966E-16, 0.9577164262227454428, 5.668750000000002842 ) ) ;
#667 = CARTESIAN_POINT ( 'NONE',  ( -0.4967532692869278677, 2.311275577609678944, 0.07941634923340422370 ) ) ;
#668 = CARTESIAN_POINT ( 'NONE',  ( 2.249999999999997780, 0.9030624162626857965, 9.876266224771930169 ) ) ;
#669 = FACE_OUTER_BOUND ( 'NONE', #754, .T. ) ;
#670 = CARTESIAN_POINT ( 'NONE',  ( 0.8294067547305484789, -0.4788582131113835461, 8.275000000000002132 ) ) ;
#671 = CARTESIAN_POINT ( 'NONE',  ( -0.9541742153082855005, -0.8960357087767790718, -0.5425779208896589489 ) ) ;
#672 = DIRECTION ( 'NONE',  ( -0.000000000000000000, 1.157433492142735316E-16, -1.000000000000000000 ) ) ;
#673 = CARTESIAN_POINT ( 'NONE',  ( 2.345728711729071966E-16, 0.9577164262227454428, 5.725000000000003197 ) ) ;
#674 = ORIENTED_EDGE ( 'NONE', *, *, #3300, .T. ) ;
#675 = CARTESIAN_POINT ( 'NONE',  ( -1.082531754730551743, 0.6249999999999964473, -2.475000000000000533 ) ) ;
#676 = APPROVAL ( #1802, 'UNSPECIFIED' ) ;
#677 = APPROVAL_ROLE ( '' ) ;
#678 = CARTESIAN_POINT ( 'NONE',  ( 3.061616997868395960E-16, 1.249999999999998224, 8.200000000000001066 ) ) ;
#679 = DIRECTION ( 'NONE',  ( 0.000000000000000000, 1.000000000000000000, 0.000000000000000000 ) ) ;
#680 = VECTOR ( 'NONE', #3476, 1000.000000000000000 ) ;
#681 = CARTESIAN_POINT ( 'NONE',  ( 0.5529378364870390916, 0.9577164262227568781, -3.712499999999998135 ) ) ;
#682 = ADVANCED_FACE ( 'NONE', ( #1417 ), #311, .F. ) ;
#683 = CARTESIAN_POINT ( 'NONE',  ( -0.5529378364870326523, -0.9577164262227589875, 8.556250000000002132 ) ) ;
#684 = CARTESIAN_POINT ( 'NONE',  ( -0.8294067547305578048, 0.4788582131113758855, -1.743749999999997913 ) ) ;
#685 = PLANE ( 'NONE',  #3840 ) ;
#686 = CARTESIAN_POINT ( 'NONE',  ( -0.2361640370348117302, 1.151524736442528285, -3.773475263555616799 ) ) ;
#687 = ORIENTED_EDGE ( 'NONE', *, *, #458, .F. ) ;
#688 = AXIS2_PLACEMENT_3D ( 'NONE', #301, #2936, #1429 ) ;
#689 = CARTESIAN_POINT ( 'NONE',  ( -1.105875672974077295, -5.702305418925192200E-15, -2.606249999999997957 ) ) ;
#690 = AXIS2_PLACEMENT_3D ( 'NONE', #4215, #2378, #182 ) ;
#691 = CARTESIAN_POINT ( 'NONE',  ( -1.105875672974065083, -6.835989651157778155E-15, 8.987500000000002487 ) ) ;
#692 = ADVANCED_FACE ( 'NONE', ( #2880 ), #3372, .T. ) ;
#693 = VECTOR ( 'NONE', #3120, 1000.000000000000000 ) ;
#694 = CARTESIAN_POINT ( 'NONE',  ( -1.439628572465429857, 1.766906267507320605, 0.03892223732339509384 ) ) ;
#695 = CARTESIAN_POINT ( 'NONE',  ( 0.5283505044260372596, -0.8783340733870828032, -3.899999999999999467 ) ) ;
#696 = CARTESIAN_POINT ( 'NONE',  ( -0.7357503364870342510, 1.274356964481434540, 9.095312500000003908 ) ) ;
#697 = CARTESIAN_POINT ( 'NONE',  ( -0.7357503364870368046, -1.274356964481449861, -0.9703124999999976907 ) ) ;
#698 = FACE_OUTER_BOUND ( 'NONE', #3170, .T. ) ;
#699 = CARTESIAN_POINT ( 'NONE',  ( -1.105875672974064861, -6.835989651157778155E-15, 6.287500000000003197 ) ) ;
#700 = VERTEX_POINT ( 'NONE', #4745 ) ;
#701 = DIRECTION ( 'NONE',  ( 1.000000000000000000, 0.000000000000000000, 0.000000000000000000 ) ) ;
#702 = B_SPLINE_CURVE_WITH_KNOTS ( 'NONE', 3,
 ( #3838, #3935, #1671, #977, #1334, #1377 ),
 .UNSPECIFIED., .F., .F.,
 ( 4, 2, 4 ),
 ( 0.0001404170200236697823, 0.0004190770897859781986, 0.0006977371595482866149 ),
 .UNSPECIFIED. ) ;
#703 = DIRECTION ( 'NONE',  ( 0.000000000000000000, 1.000000000000000000, 1.132070143937707872E-16 ) ) ;
#704 = CARTESIAN_POINT ( 'NONE',  ( 0.8294067547305490340, 0.4788582131113686136, 6.493750000000003020 ) ) ;
#705 = CARTESIAN_POINT ( 'NONE',  ( -0.005511254091033964374, 0.9577164262227574332, -0.4683762291802492927 ) ) ;
#706 = CARTESIAN_POINT ( 'NONE',  ( -1.082531754730551743, 0.6249999999999964473, -1.575000000000000844 ) ) ;
#707 = CARTESIAN_POINT ( 'NONE',  ( -0.7357503364870342510, 1.274356964481434540, 5.073437500000002487 ) ) ;
#708 = VERTEX_POINT ( 'NONE', #4039 ) ;
#709 = CARTESIAN_POINT ( 'NONE',  ( 0.000000000000000000, 0.9577164262227573222, -1.368749999999997913 ) ) ;
#710 = CARTESIAN_POINT ( 'NONE',  ( -1.105875672974065083, -6.835989651157778155E-15, 9.437500000000001776 ) ) ;
#711 = CARTESIAN_POINT ( 'NONE',  ( 2.249999999999998668, -1.078201627711679267, 0.1674308549307157168 ) ) ;
#712 = CARTESIAN_POINT ( 'NONE',  ( 0.8294067547305582488, 0.4788582131113749418, -3.749999999999998668 ) ) ;
#713 = EDGE_CURVE ( 'NONE', #4269, #1247, #1435, .T. ) ;
#714 = CARTESIAN_POINT ( 'NONE',  ( 3.121274355046668358E-16, 1.274356964481434318, 9.507812500000003553 ) ) ;
#715 = CARTESIAN_POINT ( 'NONE',  ( 0.5529378364870390916, 0.9577164262227569891, -1.856249999999998179 ) ) ;
#716 = CARTESIAN_POINT ( 'NONE',  ( -0.5529378364870388696, -0.9577164262227686464, -3.037499999999998757 ) ) ;
#717 = CARTESIAN_POINT ( 'NONE',  ( 3.061616997868395960E-16, 1.249999999999998224, 7.693750000000005862 ) ) ;
#718 = CARTESIAN_POINT ( 'NONE',  ( -0.8294067547305487009, 0.4788582131113693907, 8.443750000000003197 ) ) ;
#719 = VERTEX_POINT ( 'NONE', #4017 ) ;
#720 = CARTESIAN_POINT ( 'NONE',  ( 0.000000000000000000, -1.258909218984051749E-16, -3.899999999999999911 ) ) ;
#721 = COORDINATED_UNIVERSAL_TIME_OFFSET ( 6, 0, .BEHIND. ) ;
#722 = FACE_OUTER_BOUND ( 'NONE', #2934, .T. ) ;
#723 = CARTESIAN_POINT ( 'NONE',  ( 3.121274355046668358E-16, 1.274356964481434318, 7.257812500000003553 ) ) ;
#724 = DIRECTION ( 'NONE',  ( 0.000000000000000000, 0.000000000000000000, 1.000000000000000000 ) ) ;
#725 = CARTESIAN_POINT ( 'NONE',  ( -1.530808498934197980E-16, -1.250000000000012434, 5.668750000000005507 ) ) ;
#726 = CARTESIAN_POINT ( 'NONE',  ( -0.8294067547305487009, 0.4788582131113693907, 7.993750000000003020 ) ) ;
#727 = CARTESIAN_POINT ( 'NONE',  ( -1.172864355864548802E-16, -0.9577164262227687574, -2.043749999999997957 ) ) ;
#728 = EDGE_CURVE ( 'NONE', #589, #1659, #1538, .T. ) ;
#729 = CARTESIAN_POINT ( 'NONE',  ( -1.105875672974064861, -6.835989651157778155E-15, 8.031250000000003553 ) ) ;
#730 = CARTESIAN_POINT ( 'NONE',  ( -0.7357503364870348062, -1.274356964481448085, 5.223437500000002842 ) ) ;
#731 = ORIENTED_EDGE ( 'NONE', *, *, #795, .F. ) ;
#732 = CARTESIAN_POINT ( 'NONE',  ( 0.5529378364870390916, 0.9577164262227571001, -0.9562499999999979350 ) ) ;
#733 =( BOUNDED_CURVE ( )  B_SPLINE_CURVE ( 2, ( #138, #4559, #2988, #2643, #4191, #3742, #2356 ),
 .UNSPECIFIED., .F., .F. ) 
 B_SPLINE_CURVE_WITH_KNOTS ( ( 3, 2, 2, 3 ),
 ( 0.7118771209096265151, 0.7303956394281450049, 0.7489141579466636056, 0.7674326764651820953 ),
 .UNSPECIFIED. ) 
 CURVE ( )  GEOMETRIC_REPRESENTATION_ITEM ( )  RATIONAL_B_SPLINE_CURVE ( ( 1.000000000000000000, 0.8660254037844387076, 1.000000000000000000, 0.8660254037844387076, 1.000000000000000000, 0.8660254037844387076, 1.000000000000000000 ) ) 
 REPRESENTATION_ITEM ( '' )  );
#734 = CARTESIAN_POINT ( 'NONE',  ( -1.172864355864536229E-16, -0.9577164262227594316, 9.550000000000002487 ) ) ;
#735 = CARTESIAN_POINT ( 'NONE',  ( 1.530808498934191817E-16, -1.250000000000000444, -3.899999999999999911 ) ) ;
#736 = DIRECTION ( 'NONE',  ( -0.000000000000000000, 1.157433492142735316E-16, -1.000000000000000000 ) ) ;
#737 = CARTESIAN_POINT ( 'NONE',  ( -1.103625504730551876, -0.6371784822407272619, 8.307812500000004263 ) ) ;
#738 = CARTESIAN_POINT ( 'NONE',  ( -1.172864355864548802E-16, -0.9577164262227687574, -2.493749999999997691 ) ) ;
#739 = EDGE_CURVE ( 'NONE', #4073, #3480, #3199, .T. ) ;
#740 = CARTESIAN_POINT ( 'NONE',  ( -1.471500672974072721, -5.584337488976075898E-15, -1.045312499999997646 ) ) ;
#741 = CARTESIAN_POINT ( 'NONE',  ( 2.249999999999998668, 4.489680021666004036E-14, 0.02598076211287147358 ) ) ;
#742 = CARTESIAN_POINT ( 'NONE',  ( -0.5529378364870326523, -0.9577164262227589875, 9.006250000000001421 ) ) ;
#743 = EDGE_LOOP ( 'NONE', ( #1708, #3240, #2855, #2721 ) ) ;
#744 = CARTESIAN_POINT ( 'NONE',  ( -1.530808498934196747E-16, -1.250000000000009992, -2.325000000000000622 ) ) ;
#745 = ORIENTED_EDGE ( 'NONE', *, *, #1424, .F. ) ;
#746 = CARTESIAN_POINT ( 'NONE',  ( 0.7216878364870360496, 1.249999999999997558, 5.462500000000001243 ) ) ;
#747 = CARTESIAN_POINT ( 'NONE',  ( -0.7357503364870342510, 1.274356964481434540, 6.845312500000003908 ) ) ;
#748 = CARTESIAN_POINT ( 'NONE',  ( -1.082531754730551965, -0.6250000000000074385, -1.443749999999996092 ) ) ;
#749 = CARTESIAN_POINT ( 'NONE',  ( -0.9190693581412544555, 0.2977872908421923537, 9.377716426222750812 ) ) ;
#750 = CARTESIAN_POINT ( 'NONE',  ( 2.345728711729071966E-16, 0.9577164262227454428, 7.918750000000001954 ) ) ;
#751 = CARTESIAN_POINT ( 'NONE',  ( -0.5529378364870388696, -0.9577164262227683134, -0.7312499999999980682 ) ) ;
#752 = CARTESIAN_POINT ( 'NONE',  ( 1.105875672974064861, -7.106851071790302181E-15, 7.356250000000002842 ) ) ;
#753 = CARTESIAN_POINT ( 'NONE',  ( -1.471500672974068724, -6.813601576860865123E-15, 5.598437500000002842 ) ) ;
#754 = EDGE_LOOP ( 'NONE', ( #233, #3166, #3309, #2269, #3214, #1173, #1670, #2353, #1909, #164 ) ) ;
#755 = CARTESIAN_POINT ( 'NONE',  ( 0.8294067547305582488, 0.4788582131113751084, -1.443749999999998090 ) ) ;
#756 = VECTOR ( 'NONE', #3201, 1000.000000000000000 ) ;
#757 = CARTESIAN_POINT ( 'NONE',  ( -0.8294067547305488119, -0.4788582131113828799, 9.475000000000003197 ) ) ;
#758 = CARTESIAN_POINT ( 'NONE',  ( 0.8294067547305490340, 0.4788582131113686691, 8.800000000000004263 ) ) ;
#759 = CARTESIAN_POINT ( 'NONE',  ( 0.000000000000000000, 1.250000000000000000, -3.899999999999999911 ) ) ;
#760 = B_SPLINE_CURVE_WITH_KNOTS ( 'NONE', 3,
 ( #593, #3890, #1701, #1978, #177, #2686, #1955, #1237 ),
 .UNSPECIFIED., .F., .F.,
 ( 4, 2, 2, 4 ),
 ( 0.0002272936175608543093, 0.001312383105340144893, 0.001854927849229789927, 0.002397472593119434961 ),
 .UNSPECIFIED. ) ;
#761 = VECTOR ( 'NONE', #2507, 1000.000000000000000 ) ;
#762 =( BOUNDED_CURVE ( )  B_SPLINE_CURVE ( 2, ( #3172, #4335, #3209, #3914, #4632, #278, #258 ),
 .UNSPECIFIED., .F., .F. ) 
 B_SPLINE_CURVE_WITH_KNOTS ( ( 3, 2, 2, 3 ),
 ( 0.4896548986874043052, 0.5081734172059227950, 0.5266919357244412847, 0.5452104542429598855 ),
 .UNSPECIFIED. ) 
 CURVE ( )  GEOMETRIC_REPRESENTATION_ITEM ( )  RATIONAL_B_SPLINE_CURVE ( ( 1.000000000000000000, 0.8660254037844387076, 1.000000000000000000, 0.8660254037844387076, 1.000000000000000000, 0.8660254037844387076, 1.000000000000000000 ) ) 
 REPRESENTATION_ITEM ( '' )  );
#763 = CYLINDRICAL_SURFACE ( 'NONE', #3603, 1.250000000000000222 ) ;
#764 =( BOUNDED_CURVE ( )  B_SPLINE_CURVE ( 2, ( #826, #3403, #2220, #2637, #1957, #1930, #802 ),
 .UNSPECIFIED., .F., .F. ) 
 B_SPLINE_CURVE_WITH_KNOTS ( ( 3, 2, 2, 3 ),
 ( 0.6282051282051281937, 0.6410256410256409687, 0.6538461538461537437, 0.6666666666666666297 ),
 .UNSPECIFIED. ) 
 CURVE ( )  GEOMETRIC_REPRESENTATION_ITEM ( )  RATIONAL_B_SPLINE_CURVE ( ( 1.000000000000000000, 0.8660254037844387076, 1.000000000000000000, 0.8660254037844387076, 1.000000000000000000, 0.8660254037844387076, 1.000000000000000000 ) ) 
 REPRESENTATION_ITEM ( '' )  );
#765 = CARTESIAN_POINT ( 'NONE',  ( 0.7357503364870339180, -1.274356964481448307, 8.420312500000003197 ) ) ;
#766 = CIRCLE ( 'NONE', #2843, 2.205000000000000071 ) ;
#767 = CARTESIAN_POINT ( 'NONE',  ( -1.105875672974077295, -5.564532654021115158E-15, -0.3562499999999980127 ) ) ;
#768 = CARTESIAN_POINT ( 'NONE',  ( 0.5529378364870390916, 0.9577164262227568781, -3.262499999999998401 ) ) ;
#769 = DIRECTION ( 'NONE',  ( -0.7071067811865487940, 8.659560562354948882E-17, 0.7071067811865463515 ) ) ;
#770 = CARTESIAN_POINT ( 'NONE',  ( -0.8294067547305488119, -0.4788582131113828244, 7.618750000000002132 ) ) ;
#771 = VERTEX_POINT ( 'NONE', #2924 ) ;
#772 = CARTESIAN_POINT ( 'NONE',  ( 0.000000000000000000, 1.249999999999998224, -3.450000000000000622 ) ) ;
#773 = DATE_TIME_ROLE ( 'creation_date' ) ;
#774 = VERTEX_POINT ( 'NONE', #4409 ) ;
#775 = EDGE_CURVE ( 'NONE', #865, #272, #4376, .T. ) ;
#776 = CARTESIAN_POINT ( 'NONE',  ( -1.082531754730552853, 0.6249999999999957812, 9.568750000000006750 ) ) ;
#777 = CARTESIAN_POINT ( 'NONE',  ( -1.471500672974068724, -6.813601576860865123E-15, 5.570312500000004441 ) ) ;
#778 = EDGE_CURVE ( 'NONE', #1946, #2219, #1483, .T. ) ;
#779 = CARTESIAN_POINT ( 'NONE',  ( -1.530808498934196747E-16, -1.250000000000009548, -1.368749999999996136 ) ) ;
#780 = FACE_OUTER_BOUND ( 'NONE', #4474, .T. ) ;
#781 = CARTESIAN_POINT ( 'NONE',  ( 2.345728711729071966E-16, 0.9577164262227454428, 6.568750000000002309 ) ) ;
#782 = CARTESIAN_POINT ( 'NONE',  ( 0.5529378364870390916, 0.9577164262227569891, -0.9562499999999979350 ) ) ;
#783 = CARTESIAN_POINT ( 'NONE',  ( 2.345728711729071966E-16, 0.9577164262227454428, 7.918750000000001954 ) ) ;
#784 = CARTESIAN_POINT ( 'NONE',  ( 0.7216878364870346063, -1.250000000000012434, 6.212500000000001243 ) ) ;
#785 = ORIENTED_EDGE ( 'NONE', *, *, #778, .T. ) ;
#786 = CARTESIAN_POINT ( 'NONE',  ( -0.5529378364870388696, -0.9577164262227686464, -2.531249999999997780 ) ) ;
#787 = CARTESIAN_POINT ( 'NONE',  ( -0.5529378364870328744, -0.9577164262227590985, 9.062500000000003553 ) ) ;
#788 = CARTESIAN_POINT ( 'NONE',  ( 0.5529378364870322082, -0.9577164262227597646, 7.787500000000003197 ) ) ;
#789 = DIRECTION ( 'NONE',  ( 0.5000000000000003331, -0.8660254037844385966, 0.000000000000000000 ) ) ;
#790 = EDGE_LOOP ( 'NONE', ( #2214, #1965, #2867, #3402 ) ) ;
#791 = CARTESIAN_POINT ( 'NONE',  ( -1.230413111381978730, -0.3274519467277785534, -0.6272965294307333295 ) ) ;
#792 = CARTESIAN_POINT ( 'NONE',  ( -1.103625504730551654, 0.6371784822407138282, 8.232812500000003197 ) ) ;
#793 = CARTESIAN_POINT ( 'NONE',  ( -0.8294067547305578048, 0.4788582131113758855, -1.293749999999997957 ) ) ;
#794 = CARTESIAN_POINT ( 'NONE',  ( 1.105875672974077295, -5.962833882189911788E-15, -2.437499999999998224 ) ) ;
#795 = EDGE_CURVE ( 'NONE', #1083, #3502, #3591, .T. ) ;
#796 = DIRECTION ( 'NONE',  ( 0.5000000000000001110, 0.8660254037844385966, -0.000000000000000000 ) ) ;
#797 =( BOUNDED_SURFACE ( )  B_SPLINE_SURFACE ( 1, 2, ( 
 ( #2466, #1328, #3609, #268, #608, #4302, #3183, #2882, #947, #313, #2075, #2421, #3882, #630, #2100, #4728, #585, #3561, #4684, #1370, #2840, #4327, #1013, #2488, #2120, #3584, #4463, #354, #2949, #3313, #1890, #2577, #1815, #3994, #1103, #2972, #714, #404, #1840, #2188, #2926, #1150, #41, #3363, #68, #1078, #16, #696, #1536, #4366, #1053, #2628, #1510, #4066, #3289, #4094, #2903, #1485, #4389, #2554, #1795, #3649, #2531, #2166, #4435, #765, #4041, #3629, #737, #2237, #792, #333, #3702, #1439, #1124, #2264, #3267, #1864, #4747, #4019, #4770, #1462, #3335, #4411, #3728, #2210, #3672, #378, #2601, #430, #2654, #3001, #4120, #817, #4491, #1175, #723, #4081, #3766, #2638, #4052, #3375, #3322, #364, #81, #3011, #2959, #747, #2221, #4104, #1551, #1931, #4421, #3404, #28, #1472, #2297, #3687, #4501, #389, #2935, #4028, #2249, #1902, #803, #3345, #1112, #52, #3712, #1186, #3660, #1849, #2198, #2665, #2272, #2589, #1495, #1825, #4445, #1134, #2611, #777, #413, #2565, #1874, #3302, #3738, #4, #1518, #2983, #440, #4130, #4476 ),
 ( #827, #471, #1160, #110, #2913, #4398, #1088, #3723, #351, #3625, #2549, #1860, #1812, #1098, #4766, #4038, #3669, #39, #4016, #422, #374, #329, #1459, #3990, #2527, #4385, #2163, #1075, #4063, #1504, #734, #2598, #757, #710, #3264, #14, #1121, #4090, #3285, #2573, #1837, #2968, #1792, #787, #4744, #691, #3646, #2259, #2232, #1481, #2207, #3698, #3311, #2923, #4407, #1434, #400, #2945, #2900, #4430, #2184, #3356, #60, #1143, #3330, #4362, #2879, #4456, #2623, #1884, #1050, #4114, #166, #3848, #2360, #2336, #1967, #3824, #3413, #4485, #1634, #2308, #144, #505, #552, #4537, #3775, #1169, #3048, #3100, #2673, #527, #3801, #4139, #119, #4587, #1989, #2017, #3482, #3020, #3436, #2648, #1528, #2994, #811, #1271, #3459, #1249, #480, #2745, #90, #2281, #1220, #2384, #1940, #3748, #1585, #1912, #2698, #450, #4220, #3387, #4172, #1608, #867, #3076, #4564, #913, #2723, #1560, #4196, #4509, #890, #1195, #837, #2830, #3893, #597, #235, #1385, #1743, #2454, #3147, #3574, #3552, #1677, #3916, #4633, #981, #2111, #3940, #1291, #259 ) ),
 .UNSPECIFIED., .F., .F., .F. ) 
 B_SPLINE_SURFACE_WITH_KNOTS ( ( 2, 2 ),
 ( 3, 2, 2, 2, 2, 2, 2, 2, 2, 2, 2, 2, 2, 2, 2, 2, 2, 2, 2, 2, 2, 2, 2, 2, 2, 2, 2, 2, 2, 2, 2, 2, 2, 2, 2, 2, 2, 2, 2, 2, 2, 2, 2, 2, 2, 2, 2, 2, 2, 2, 2, 2, 2, 2, 2, 2, 2, 2, 2, 2, 2, 2, 2, 2, 2, 2, 2, 2, 2, 2, 2, 2, 2, 2, 2, 2, 3 ),
 ( 0.000000000000000000, 1.000000000000000000 ),
 ( 0.000000000000000000, 0.01282051282051282007, 0.02564102564102564014, 0.03846153846153846367, 0.05128205128205128027, 0.06410256410256409687, 0.07692307692307692735, 0.08974358974358974395, 0.1025641025641025605, 0.1153846153846153910, 0.1282051282051281937, 0.1410256410256410242, 0.1538461538461538547, 0.1666666666666666574, 0.1794871794871794879, 0.1923076923076923184, 0.2051282051282051211, 0.2179487179487179516, 0.2307692307692307820, 0.2435897435897435848, 0.2564102564102563875, 0.2692307692307692180, 0.2820512820512820484, 0.2948717948717948789, 0.3076923076923077094, 0.3205128205128205399, 0.3333333333333333148, 0.3461538461538461453, 0.3589743589743589758, 0.3717948717948718063, 0.3846153846153846367, 0.3974358974358974117, 0.4102564102564102422, 0.4230769230769230727, 0.4358974358974359031, 0.4487179487179487336, 0.4615384615384615641, 0.4743589743589743390, 0.4871794871794871695, 0.5000000000000000000, 0.5128205128205127750, 0.5256410256410256610, 0.5384615384615384359, 0.5512820512820513219, 0.5641025641025640969, 0.5769230769230768718, 0.5897435897435897578, 0.6025641025641025328, 0.6153846153846154188, 0.6282051282051281937, 0.6410256410256410797, 0.6538461538461538547, 0.6666666666666666297, 0.6794871794871795156, 0.6923076923076922906, 0.7051282051282051766, 0.7179487179487179516, 0.7307692307692307265, 0.7435897435897436125, 0.7564102564102563875, 0.7692307692307692735, 0.7820512820512820484, 0.7948717948717948234, 0.8076923076923077094, 0.8205128205128204844, 0.8333333333333333703, 0.8461538461538461453, 0.8589743589743589203, 0.8717948717948718063, 0.8846153846153845812, 0.8974358974358974672, 0.9102564102564102422, 0.9230769230769231282, 0.9358974358974359031, 0.9487179487179486781, 0.9615384615384615641, 0.9743589743589743390 ),
 .UNSPECIFIED. ) 
 GEOMETRIC_REPRESENTATION_ITEM ( )  RATIONAL_B_SPLINE_SURFACE ( (
 ( 1.000000000000000000, 0.8660254037844387076, 1.000000000000000000, 0.8660254037844387076, 1.000000000000000000, 0.8660254037844387076, 1.000000000000000000, 0.8660254037844387076, 1.000000000000000000, 0.8660254037844387076, 1.000000000000000000, 0.8660254037844387076, 1.000000000000000000, 0.8660254037844387076, 1.000000000000000000, 0.8660254037844387076, 1.000000000000000000, 0.8660254037844387076, 1.000000000000000000, 0.8660254037844387076, 1.000000000000000000, 0.8660254037844387076, 1.000000000000000000, 0.8660254037844387076, 1.000000000000000000, 0.8660254037844387076, 1.000000000000000000, 0.8660254037844387076, 1.000000000000000000, 0.8660254037844387076, 1.000000000000000000, 0.8660254037844387076, 1.000000000000000000, 0.8660254037844387076, 1.000000000000000000, 0.8660254037844387076, 1.000000000000000000, 0.8660254037844387076, 1.000000000000000000, 0.8660254037844387076, 1.000000000000000000, 0.8660254037844387076, 1.000000000000000000, 0.8660254037844387076, 1.000000000000000000, 0.8660254037844387076, 1.000000000000000000, 0.8660254037844387076, 1.000000000000000000, 0.8660254037844387076, 1.000000000000000000, 0.8660254037844387076, 1.000000000000000000, 0.8660254037844387076, 1.000000000000000000, 0.8660254037844387076, 1.000000000000000000, 0.8660254037844387076, 1.000000000000000000, 0.8660254037844387076, 1.000000000000000000, 0.8660254037844387076, 1.000000000000000000, 0.8660254037844387076, 1.000000000000000000, 0.8660254037844387076, 1.000000000000000000, 0.8660254037844387076, 1.000000000000000000, 0.8660254037844387076, 1.000000000000000000, 0.8660254037844387076, 1.000000000000000000, 0.8660254037844387076, 1.000000000000000000, 0.8660254037844387076, 1.000000000000000000, 0.8660254037844387076, 1.000000000000000000, 0.8660254037844387076, 1.000000000000000000, 0.8660254037844387076, 1.000000000000000000, 0.8660254037844387076, 1.000000000000000000, 0.8660254037844387076, 1.000000000000000000, 0.8660254037844387076, 1.000000000000000000, 0.8660254037844387076, 1.000000000000000000, 0.8660254037844387076, 1.000000000000000000, 0.8660254037844387076, 1.000000000000000000, 0.8660254037844387076, 1.000000000000000000, 0.8660254037844387076, 1.000000000000000000, 0.8660254037844387076, 1.000000000000000000, 0.8660254037844387076, 1.000000000000000000, 0.8660254037844387076, 1.000000000000000000, 0.8660254037844387076, 1.000000000000000000, 0.8660254037844387076, 1.000000000000000000, 0.8660254037844387076, 1.000000000000000000, 0.8660254037844387076, 1.000000000000000000, 0.8660254037844387076, 1.000000000000000000, 0.8660254037844387076, 1.000000000000000000, 0.8660254037844387076, 1.000000000000000000, 0.8660254037844387076, 1.000000000000000000, 0.8660254037844387076, 1.000000000000000000, 0.8660254037844387076, 1.000000000000000000, 0.8660254037844387076, 1.000000000000000000, 0.8660254037844387076, 1.000000000000000000, 0.8660254037844387076, 1.000000000000000000, 0.8660254037844387076, 1.000000000000000000, 0.8660254037844387076, 1.000000000000000000, 0.8660254037844387076, 1.000000000000000000, 0.8660254037844387076, 1.000000000000000000, 0.8660254037844387076, 1.000000000000000000, 0.8660254037844387076, 1.000000000000000000, 0.8660254037844387076, 1.000000000000000000, 0.8660254037844387076, 1.000000000000000000, 0.8660254037844387076, 1.000000000000000000, 0.8660254037844387076, 1.000000000000000000, 0.8660254037844387076, 1.000000000000000000),
 ( 1.000000000000000000, 0.8660254037844387076, 1.000000000000000000, 0.8660254037844387076, 1.000000000000000000, 0.8660254037844387076, 1.000000000000000000, 0.8660254037844387076, 1.000000000000000000, 0.8660254037844387076, 1.000000000000000000, 0.8660254037844387076, 1.000000000000000000, 0.8660254037844387076, 1.000000000000000000, 0.8660254037844387076, 1.000000000000000000, 0.8660254037844387076, 1.000000000000000000, 0.8660254037844387076, 1.000000000000000000, 0.8660254037844387076, 1.000000000000000000, 0.8660254037844387076, 1.000000000000000000, 0.8660254037844387076, 1.000000000000000000, 0.8660254037844387076, 1.000000000000000000, 0.8660254037844387076, 1.000000000000000000, 0.8660254037844387076, 1.000000000000000000, 0.8660254037844387076, 1.000000000000000000, 0.8660254037844387076, 1.000000000000000000, 0.8660254037844387076, 1.000000000000000000, 0.8660254037844387076, 1.000000000000000000, 0.8660254037844387076, 1.000000000000000000, 0.8660254037844387076, 1.000000000000000000, 0.8660254037844387076, 1.000000000000000000, 0.8660254037844387076, 1.000000000000000000, 0.8660254037844387076, 1.000000000000000000, 0.8660254037844387076, 1.000000000000000000, 0.8660254037844387076, 1.000000000000000000, 0.8660254037844387076, 1.000000000000000000, 0.8660254037844387076, 1.000000000000000000, 0.8660254037844387076, 1.000000000000000000, 0.8660254037844387076, 1.000000000000000000, 0.8660254037844387076, 1.000000000000000000, 0.8660254037844387076, 1.000000000000000000, 0.8660254037844387076, 1.000000000000000000, 0.8660254037844387076, 1.000000000000000000, 0.8660254037844387076, 1.000000000000000000, 0.8660254037844387076, 1.000000000000000000, 0.8660254037844387076, 1.000000000000000000, 0.8660254037844387076, 1.000000000000000000, 0.8660254037844387076, 1.000000000000000000, 0.8660254037844387076, 1.000000000000000000, 0.8660254037844387076, 1.000000000000000000, 0.8660254037844387076, 1.000000000000000000, 0.8660254037844387076, 1.000000000000000000, 0.8660254037844387076, 1.000000000000000000, 0.8660254037844387076, 1.000000000000000000, 0.8660254037844387076, 1.000000000000000000, 0.8660254037844387076, 1.000000000000000000, 0.8660254037844387076, 1.000000000000000000, 0.8660254037844387076, 1.000000000000000000, 0.8660254037844387076, 1.000000000000000000, 0.8660254037844387076, 1.000000000000000000, 0.8660254037844387076, 1.000000000000000000, 0.8660254037844387076, 1.000000000000000000, 0.8660254037844387076, 1.000000000000000000, 0.8660254037844387076, 1.000000000000000000, 0.8660254037844387076, 1.000000000000000000, 0.8660254037844387076, 1.000000000000000000, 0.8660254037844387076, 1.000000000000000000, 0.8660254037844387076, 1.000000000000000000, 0.8660254037844387076, 1.000000000000000000, 0.8660254037844387076, 1.000000000000000000, 0.8660254037844387076, 1.000000000000000000, 0.8660254037844387076, 1.000000000000000000, 0.8660254037844387076, 1.000000000000000000, 0.8660254037844387076, 1.000000000000000000, 0.8660254037844387076, 1.000000000000000000, 0.8660254037844387076, 1.000000000000000000, 0.8660254037844387076, 1.000000000000000000, 0.8660254037844387076, 1.000000000000000000, 0.8660254037844387076, 1.000000000000000000, 0.8660254037844387076, 1.000000000000000000, 0.8660254037844387076, 1.000000000000000000, 0.8660254037844387076, 1.000000000000000000, 0.8660254037844387076, 1.000000000000000000, 0.8660254037844387076, 1.000000000000000000) ) ) 
 REPRESENTATION_ITEM ( '' )  SURFACE ( )  );
#798 = CARTESIAN_POINT ( 'NONE',  ( -0.5529378364870322082, 0.9577164262227454428, 8.406250000000001776 ) ) ;
#799 = VERTEX_POINT ( 'NONE', #3358 ) ;
#800 = CARTESIAN_POINT ( 'NONE',  ( 0.7216878364870360496, 1.249999999999997558, 9.512499999999999289 ) ) ;
#801 = VERTEX_POINT ( 'NONE', #3777 ) ;
#802 = CARTESIAN_POINT ( 'NONE',  ( 3.061616997868395960E-16, 1.249999999999998224, 8.650000000000000355 ) ) ;
#803 = CARTESIAN_POINT ( 'NONE',  ( 1.103625504730551432, -0.6371784822407281501, 6.207812500000003730 ) ) ;
#804 = CARTESIAN_POINT ( 'NONE',  ( 0.000000000000000000, 0.9577164262227572111, -2.324999999999998401 ) ) ;
#805 = CARTESIAN_POINT ( 'NONE',  ( -0.5529378364870326523, -0.9577164262227589875, 5.856250000000002842 ) ) ;
#806 = EDGE_CURVE ( 'NONE', #664, #1595, #2650, .T. ) ;
#807 = FACE_OUTER_BOUND ( 'NONE', #1570, .T. ) ;
#808 = CARTESIAN_POINT ( 'NONE',  ( 0.5529378364870320972, -0.9577164262227595426, 6.831250000000001599 ) ) ;
#809 = CARTESIAN_POINT ( 'NONE',  ( 1.082531754730553519, 0.6249999999999948930, 6.325000000000001954 ) ) ;
#810 = ORIENTED_EDGE ( 'NONE', *, *, #2402, .F. ) ;
#811 = CARTESIAN_POINT ( 'NONE',  ( -0.8294067547305488119, -0.4788582131113828799, 6.775000000000003020 ) ) ;
#812 = CARTESIAN_POINT ( 'NONE',  ( 0.5529378364870330964, 0.9577164262227451097, 7.487500000000002487 ) ) ;
#813 = CARTESIAN_POINT ( 'NONE',  ( -0.9056609231504175739, 0.4692582311440601228, 9.437452014163595138 ) ) ;
#814 = FACE_OUTER_BOUND ( 'NONE', #1218, .T. ) ;
#815 = EDGE_LOOP ( 'NONE', ( #2313, #3391, #2789, #3806 ) ) ;
#816 = CARTESIAN_POINT ( 'NONE',  ( -0.8294067547305578048, 0.4788582131113757190, -4.049999999999998046 ) ) ;
#817 = CARTESIAN_POINT ( 'NONE',  ( -1.471500672974068724, -6.813601576860865123E-15, 7.370312500000003375 ) ) ;
#818 = CARTESIAN_POINT ( 'NONE',  ( 0.7357503364870370266, 1.274356964481438315, -3.023437499999998668 ) ) ;
#819 = CARTESIAN_POINT ( 'NONE',  ( 0.5529378364870383145, -0.9577164262227688685, -1.612499999999998490 ) ) ;
#820 = CARTESIAN_POINT ( 'NONE',  ( 0.7216878364870346063, -1.250000000000012434, 7.506250000000004974 ) ) ;
#821 = CARTESIAN_POINT ( 'NONE',  ( -0.8294067547305487009, 0.4788582131113693907, 9.343750000000003553 ) ) ;
#822 = ORIENTED_EDGE ( 'NONE', *, *, #4618, .F. ) ;
#823 = CARTESIAN_POINT ( 'NONE',  ( 0.9398120748957315973, -0.5623101517024196028, 5.200000000000228439 ) ) ;
#824 = CARTESIAN_POINT ( 'NONE',  ( -0.5529378364870322082, 0.9577164262227454428, 9.812500000000003553 ) ) ;
#825 = ORIENTED_EDGE ( 'NONE', *, *, #3651, .T. ) ;
#826 = CARTESIAN_POINT ( 'NONE',  ( -1.530808498934197980E-16, -1.250000000000012434, 8.425000000000000711 ) ) ;
#827 = CARTESIAN_POINT ( 'NONE',  ( 2.345728711729072459E-16, 0.9577164262227455538, 10.67500000000000426 ) ) ;
#828 = VERTEX_POINT ( 'NONE', #869 ) ;
#829 = CARTESIAN_POINT ( 'NONE',  ( 0.5529378364870382034, -0.9577164262227690905, -3.412499999999998312 ) ) ;
#830 = CARTESIAN_POINT ( 'NONE',  ( 3.061616997868395960E-16, 1.249999999999998224, 5.893750000000006040 ) ) ;
#831 = CARTESIAN_POINT ( 'NONE',  ( -1.082531754730551743, 0.6249999999999963363, -2.868749999999995470 ) ) ;
#832 = CARTESIAN_POINT ( 'NONE',  ( 0.8294067547305490340, 0.4788582131113686136, 7.843750000000003553 ) ) ;
#833 = CARTESIAN_POINT ( 'NONE',  ( 0.000000000000000000, 1.249999999999998224, -2.943749999999995648 ) ) ;
#834 = EDGE_LOOP ( 'NONE', ( #4554, #3064, #2684, #2205 ) ) ;
#835 = CARTESIAN_POINT ( 'NONE',  ( -1.443375672974070101, -6.815323736422166126E-15, 7.356250000000005507 ) ) ;
#836 = ADVANCED_FACE ( 'NONE', ( #3670 ), #2234, .F. ) ;
#837 = CARTESIAN_POINT ( 'NONE',  ( 0.8294067547305490340, 0.4788582131113686691, 5.650000000000003908 ) ) ;
#838 = LINE ( 'NONE', #1943, #537 ) ;
#839 = DIRECTION ( 'NONE',  ( -0.000000000000000000, 1.157433492142735316E-16, -1.000000000000000000 ) ) ;
#840 = AXIS2_PLACEMENT_3D ( 'NONE', #560, #1950, #152 ) ;
#841 = EDGE_LOOP ( 'NONE', ( #3320, #4331, #3644, #2083, #1158, #859, #1180, #3616, #825, #3231 ) ) ;
#842 = VERTEX_POINT ( 'NONE', #1506 ) ;
#843 = AXIS2_PLACEMENT_3D ( 'NONE', #321, #277, #3255 ) ;
#844 = CARTESIAN_POINT ( 'NONE',  ( 0.5529378364870390916, 0.9577164262227569891, -2.362499999999998934 ) ) ;
#845 = EDGE_CURVE ( 'NONE', #4250, #3384, #3680, .T. ) ;
#846 = CONICAL_SURFACE ( 'NONE', #3219, 2.205000000000000071, 1.047197551196600074 ) ;
#847 = CARTESIAN_POINT ( 'NONE',  ( -0.5529378364870384255, 0.9577164262227573222, -0.8812499999999979794 ) ) ;
#848 = CARTESIAN_POINT ( 'NONE',  ( 0.000000000000000000, 0.9577164262227572111, -2.324999999999998401 ) ) ;
#849 = FACE_OUTER_BOUND ( 'NONE', #2695, .T. ) ;
#850 = CIRCLE ( 'NONE', #3536, 1.182716426222757633 ) ;
#851 = CARTESIAN_POINT ( 'NONE',  ( -0.5529378364870322082, 0.9577164262227454428, 6.156250000000003553 ) ) ;
#852 = ORIENTED_EDGE ( 'NONE', *, *, #251, .T. ) ;
#853 = CARTESIAN_POINT ( 'NONE',  ( 1.082531754730553519, 0.6249999999999948930, 8.068750000000006750 ) ) ;
#854 = CARTESIAN_POINT ( 'NONE',  ( 1.105875672974064861, -7.106851071790302181E-15, 10.56250000000000178 ) ) ;
#855 = B_SPLINE_CURVE_WITH_KNOTS ( 'NONE', 3,
 ( #4027, #2912, #658, #1087, #3301, #638, #2564, #2110 ),
 .UNSPECIFIED., .F., .F.,
 ( 4, 2, 2, 4 ),
 ( 0.0002272936175608553393, 0.001312383105340146410, 0.001854927849229792095, 0.002397472593119437563 ),
 .UNSPECIFIED. ) ;
#856 = VERTEX_POINT ( 'NONE', #1122 ) ;
#857 = FACE_OUTER_BOUND ( 'NONE', #3634, .T. ) ;
#858 = CARTESIAN_POINT ( 'NONE',  ( 0.8294067547305490340, 0.4788582131113686136, 7.450000000000003730 ) ) ;
#859 = ORIENTED_EDGE ( 'NONE', *, *, #2746, .F. ) ;
#860 = CARTESIAN_POINT ( 'NONE',  ( 0.5529378364870382034, -0.9577164262227689795, -2.512499999999998845 ) ) ;
#861 = CARTESIAN_POINT ( 'NONE',  ( -1.082531754730553075, -0.6250000000000092149, 5.200000000000001066 ) ) ;
#862 = CARTESIAN_POINT ( 'NONE',  ( -0.1912500000077519136, 2.487657972366321690, 0.1674308549284723724 ) ) ;
#863 = CARTESIAN_POINT ( 'NONE',  ( -0.8294067547305487009, 0.4788582131113693907, 6.193750000000003197 ) ) ;
#864 = CARTESIAN_POINT ( 'NONE',  ( -1.530808498934197980E-16, -1.250000000000012434, 8.368750000000003908 ) ) ;
#865 = VERTEX_POINT ( 'NONE', #1838 ) ;
#866 = CARTESIAN_POINT ( 'NONE',  ( 0.7216878364870301654, 1.250000000000006217, -1.237499999999999822 ) ) ;
#867 = CARTESIAN_POINT ( 'NONE',  ( 0.8294067547305484789, -0.4788582131113835461, 6.025000000000003020 ) ) ;
#868 = CARTESIAN_POINT ( 'NONE',  ( 2.345728711729072459E-16, 0.9577164262227455538, 6.625000000000003553 ) ) ;
#869 = CARTESIAN_POINT ( 'NONE',  ( 0.1912500000077499429, -2.487657972366326131, 0.1674308549284696523 ) ) ;
#870 = DIRECTION ( 'NONE',  ( -0.000000000000000000, 1.157433492142735316E-16, -1.000000000000000000 ) ) ;
#871 = ORIENTED_EDGE ( 'NONE', *, *, #72, .T. ) ;
#872 = CARTESIAN_POINT ( 'NONE',  ( 0.8294067547305575827, -0.4788582131113876539, -2.024999999999998579 ) ) ;
#873 = CARTESIAN_POINT ( 'NONE',  ( -0.8294067547305579158, -0.4788582131113869322, -0.7687499999999981570 ) ) ;
#874 = CARTESIAN_POINT ( 'NONE',  ( -1.105875672974077295, -5.595531526124532414E-15, -0.8624999999999987121 ) ) ;
#875 = EDGE_CURVE ( 'NONE', #4723, #327, #2411, .T. ) ;
#876 = CARTESIAN_POINT ( 'NONE',  ( 0.000000000000000000, 1.249999999999998446, -1.650000000000000799 ) ) ;
#877 = CARTESIAN_POINT ( 'NONE',  ( 2.345728711729071966E-16, 0.9577164262227454428, 7.018750000000002487 ) ) ;
#878 = CARTESIAN_POINT ( 'NONE',  ( 0.6947458497169644032, -0.9263028706721722072, 5.199999999999998401 ) ) ;
#879 = CARTESIAN_POINT ( 'NONE',  ( 2.345728711729071966E-16, 0.9577164262227454428, 10.67500000000000426 ) ) ;
#880 = CARTESIAN_POINT ( 'NONE',  ( 3.061616997868395960E-16, 1.249999999999998224, 9.493750000000005684 ) ) ;
#881 = CARTESIAN_POINT ( 'NONE',  ( -1.172864355864535983E-16, -0.9577164262227593206, 7.300000000000003375 ) ) ;
#882 = ORIENTED_EDGE ( 'NONE', *, *, #3091, .F. ) ;
#883 = CARTESIAN_POINT ( 'NONE',  ( 1.105875672974077073, -5.990388435170727827E-15, -2.887499999999998401 ) ) ;
#884 = FACE_OUTER_BOUND ( 'NONE', #4371, .T. ) ;
#885 = CARTESIAN_POINT ( 'NONE',  ( -1.082531754730553075, -0.6250000000000092149, 7.843750000000005329 ) ) ;
#886 = CARTESIAN_POINT ( 'NONE',  ( 0.8294067547305490340, 0.4788582131113686136, 6.043750000000002842 ) ) ;
#887 = CARTESIAN_POINT ( 'NONE',  ( -1.443375672974068991, -5.698861099802590984E-15, -2.887500000000000622 ) ) ;
#888 = ORIENTED_EDGE ( 'NONE', *, *, #105, .F. ) ;
#889 = CARTESIAN_POINT ( 'NONE',  ( 1.443375672974070101, -7.168848815997138269E-15, 8.087500000000000355 ) ) ;
#890 = CARTESIAN_POINT ( 'NONE',  ( 2.345728711729072459E-16, 0.9577164262227455538, 5.725000000000003197 ) ) ;
#891 = ADVANCED_FACE ( 'NONE', ( #2970 ), #1862, .T. ) ;
#892 = CARTESIAN_POINT ( 'NONE',  ( -0.8294067547305488119, -0.4788582131113828799, 6.325000000000003730 ) ) ;
#893 = CYLINDRICAL_SURFACE ( 'NONE', #4067, 1.250000000000000222 ) ;
#894 = VERTEX_POINT ( 'NONE', #1562 ) ;
#895 = CARTESIAN_POINT ( 'NONE',  ( 0.5529378364870383145, -0.9577164262227688685, -1.612499999999998490 ) ) ;
#896 = CARTESIAN_POINT ( 'NONE',  ( 1.103625504730554319, -0.6371784822407285942, -1.335937499999999112 ) ) ;
#897 = CARTESIAN_POINT ( 'NONE',  ( -1.105875672974077295, -5.567976973143716374E-15, -0.4124999999999988121 ) ) ;
#898 = CARTESIAN_POINT ( 'NONE',  ( -1.530808498934196747E-16, -1.250000000000009548, -0.9187499999999959588 ) ) ;
#899 = CARTESIAN_POINT ( 'NONE',  ( 0.8294067547305490340, 0.4788582131113686136, 5.593750000000003553 ) ) ;
#900 =( BOUNDED_CURVE ( )  B_SPLINE_CURVE ( 2, ( #2895, #1092, #4032, #4085, #2253, #3717, #417 ),
 .UNSPECIFIED., .F., .T. ) 
 B_SPLINE_CURVE_WITH_KNOTS ( ( 3, 2, 2, 3 ),
 ( 0.2820512820512820484, 0.2948717948717948234, 0.3076923076923077094, 0.3205128205128204844 ),
 .UNSPECIFIED. ) 
 CURVE ( )  GEOMETRIC_REPRESENTATION_ITEM ( )  RATIONAL_B_SPLINE_CURVE ( ( 1.000000000000000000, 0.8660254037844387076, 1.000000000000000000, 0.8660254037844387076, 1.000000000000000000, 0.8660254037844387076, 1.000000000000000000 ) ) 
 REPRESENTATION_ITEM ( '' )  );
#901 = EDGE_CURVE ( 'NONE', #472, #3353, #4598, .T. ) ;
#902 = LINE ( 'NONE', #3833, #2311 ) ;
#903 = CARTESIAN_POINT ( 'NONE',  ( 0.000000000000000000, 1.249999999999998890, -0.6367499999999948201 ) ) ;
#904 = CARTESIAN_POINT ( 'NONE',  ( 2.345728711729071966E-16, 0.9577164262227454428, 8.875000000000003553 ) ) ;
#905 = ORIENTED_EDGE ( 'NONE', *, *, #441, .F. ) ;
#906 = CARTESIAN_POINT ( 'NONE',  ( 3.061616997868395960E-16, 1.249999999999998224, 7.300000000000001599 ) ) ;
#907 = CARTESIAN_POINT ( 'NONE',  ( -0.1340913449730375961, 2.520658537237133512, 9.816101921067744485 ) ) ;
#908 = CARTESIAN_POINT ( 'NONE',  ( 0.7216878364870360496, 1.249999999999997558, 5.912500000000001421 ) ) ;
#909 = CARTESIAN_POINT ( 'NONE',  ( -0.7216878364870343843, 1.249999999999998668, -2.456249999999996270 ) ) ;
#910 = CYLINDRICAL_SURFACE ( 'NONE', #1686, 1.250000000000000222 ) ;
#911 = ORIENTED_EDGE ( 'NONE', *, *, #1042, .T. ) ;
#912 = CARTESIAN_POINT ( 'NONE',  ( -1.082531754730551743, 0.6249999999999964473, -1.068749999999996092 ) ) ;
#913 = CARTESIAN_POINT ( 'NONE',  ( -0.5529378364870328744, -0.9577164262227590985, 5.912500000000003197 ) ) ;
#914 = CARTESIAN_POINT ( 'NONE',  ( -1.105875672974065083, -6.835989651157778155E-15, 5.387500000000003730 ) ) ;
#915 = CARTESIAN_POINT ( 'NONE',  ( -0.7216878364870343843, 1.249999999999998446, -3.356249999999995737 ) ) ;
#916 = VERTEX_POINT ( 'NONE', #482 ) ;
#917 = CARTESIAN_POINT ( 'NONE',  ( -1.172864355864548802E-16, -0.9577164262227687574, -2.549999999999998490 ) ) ;
#918 = CARTESIAN_POINT ( 'NONE',  ( -1.103625504730554763, -0.6371784822407275950, -1.035937499999999067 ) ) ;
#919 = AXIS2_PLACEMENT_3D ( 'NONE', #4242, #3632, #2035 ) ;
#920 = CARTESIAN_POINT ( 'NONE',  ( 0.5529378364870329854, 0.9577164262227449987, 9.231250000000002842 ) ) ;
#921 = CARTESIAN_POINT ( 'NONE',  ( 0.5370714357386161542, 1.031075187429418838, 9.572263375015509723 ) ) ;
#922 = CARTESIAN_POINT ( 'NONE',  ( -1.105875672974064861, -6.835989651157778155E-15, 5.331250000000002487 ) ) ;
#923 = CARTESIAN_POINT ( 'NONE',  ( 1.082531754730551521, -0.6250000000000082157, -0.9000000000000009104 ) ) ;
#924 = CARTESIAN_POINT ( 'NONE',  ( 0.8294067547305490340, 0.4788582131113686136, 9.700000000000004619 ) ) ;
#925 = AXIS2_PLACEMENT_3D ( 'NONE', #2027, #2396, #1667 ) ;
#926 = CARTESIAN_POINT ( 'NONE',  ( 1.105875672974064861, -7.106851071790302181E-15, 6.962500000000003908 ) ) ;
#927 = EDGE_LOOP ( 'NONE', ( #3827, #384 ) ) ;
#928 = CIRCLE ( 'NONE', #3998, 0.9577164262227576552 ) ;
#929 = CARTESIAN_POINT ( 'NONE',  ( -0.7216878364870350504, -1.250000000000009326, -1.856249999999995737 ) ) ;
#930 = CARTESIAN_POINT ( 'NONE',  ( -0.5529378364870388696, -0.9577164262227686464, -3.881249999999997424 ) ) ;
#931 = CARTESIAN_POINT ( 'NONE',  ( 3.061616997868395960E-16, 1.249999999999998224, 7.300000000000001599 ) ) ;
#932 = DIRECTION ( 'NONE',  ( -0.000000000000000000, 1.157433492142735316E-16, -1.000000000000000000 ) ) ;
#933 = DIRECTION ( 'NONE',  ( 0.000000000000000000, 1.000000000000000000, 0.000000000000000000 ) ) ;
#934 = EDGE_CURVE ( 'NONE', #4753, #589, #838, .T. ) ;
#935 = EDGE_LOOP ( 'NONE', ( #1607, #2008, #1262, #2587, #1470, #1444, #1545, #4078 ) ) ;
#936 = CARTESIAN_POINT ( 'NONE',  ( -1.530808498934197980E-16, -1.250000000000012434, 6.568750000000004974 ) ) ;
#937 = CARTESIAN_POINT ( 'NONE',  ( -1.443375672974070101, -6.815323736422166126E-15, 5.612500000000001599 ) ) ;
#938 = CARTESIAN_POINT ( 'NONE',  ( -0.5529378364870324303, 0.9577164262227455538, 5.312500000000003553 ) ) ;
#939 = CARTESIAN_POINT ( 'NONE',  ( -0.8294067547305578048, 0.4788582131113757745, -3.093749999999997335 ) ) ;
#940 = CARTESIAN_POINT ( 'NONE',  ( 1.103625504730551432, -0.6371784822407281501, 8.035937500000001066 ) ) ;
#941 = ORIENTED_EDGE ( 'NONE', *, *, #4159, .T. ) ;
#942 = CARTESIAN_POINT ( 'NONE',  ( -0.8294067547305578048, 0.4788582131113757745, -3.093749999999997335 ) ) ;
#943 = CARTESIAN_POINT ( 'NONE',  ( -1.560637177523334179E-16, -1.274356964481448085, 10.21093750000000178 ) ) ;
#944 = CARTESIAN_POINT ( 'NONE',  ( -0.7357503364870361384, 1.274356964481438759, -1.598437499999999289 ) ) ;
#945 = CARTESIAN_POINT ( 'NONE',  ( 0.000000000000000000, -1.258909218984051749E-16, -3.899999999999999911 ) ) ;
#946 = CARTESIAN_POINT ( 'NONE',  ( -1.082531754730552853, 0.6249999999999957812, 6.868750000000005684 ) ) ;
#947 = CARTESIAN_POINT ( 'NONE',  ( -1.103625504730551876, -0.6371784822407272619, 10.55781250000000426 ) ) ;
#948 = CARTESIAN_POINT ( 'NONE',  ( -0.7216878364870342732, 1.249999999999998890, -3.412500000000000977 ) ) ;
#949 = ADVANCED_FACE ( 'NONE', ( #3804 ), #507, .T. ) ;
#950 = CARTESIAN_POINT ( 'NONE',  ( -1.103625504730554763, -0.6371784822407278170, -3.707812499999997513 ) ) ;
#951 = CARTESIAN_POINT ( 'NONE',  ( 2.345728711729071966E-16, 0.9577164262227454428, 6.625000000000003553 ) ) ;
#952 = VERTEX_POINT ( 'NONE', #725 ) ;
#953 = CARTESIAN_POINT ( 'NONE',  ( 0.8294067547305582488, 0.4788582131113751639, -0.5999999999999989786 ) ) ;
#954 = CARTESIAN_POINT ( 'NONE',  ( -0.8294067547305579158, -0.4788582131113869877, -1.668749999999997957 ) ) ;
#955 = DIRECTION ( 'NONE',  ( -0.000000000000000000, 1.157433492142735316E-16, -1.000000000000000000 ) ) ;
#956 = CARTESIAN_POINT ( 'NONE',  ( 1.105875672974064861, -7.106851071790302181E-15, 6.456250000000002487 ) ) ;
#957 = CARTESIAN_POINT ( 'NONE',  ( 0.000000000000000000, 1.249999999999998890, 5.200000000000001066 ) ) ;
#958 = ORIENTED_EDGE ( 'NONE', *, *, #4584, .F. ) ;
#959 = FACE_OUTER_BOUND ( 'NONE', #371, .T. ) ;
#960 =( BOUNDED_CURVE ( )  B_SPLINE_CURVE ( 2, ( #3208, #363, #1063, #1406, #4006, #3979, #1471 ),
 .UNSPECIFIED., .F., .F. ) 
 B_SPLINE_CURVE_WITH_KNOTS ( ( 3, 2, 2, 3 ),
 ( 0.6153846153846154188, 0.6282051282051281937, 0.6410256410256410797, 0.6538461538461538547 ),
 .UNSPECIFIED. ) 
 CURVE ( )  GEOMETRIC_REPRESENTATION_ITEM ( )  RATIONAL_B_SPLINE_CURVE ( ( 1.000000000000000000, 0.8660254037844387076, 1.000000000000000000, 0.8660254037844387076, 1.000000000000000000, 0.8660254037844387076, 1.000000000000000000 ) ) 
 REPRESENTATION_ITEM ( '' )  );
#961 = CARTESIAN_POINT ( 'NONE',  ( -0.7216878364870357165, -1.250000000000012434, 9.231250000000004619 ) ) ;
#962 = EDGE_CURVE ( 'NONE', #327, #3343, #1898, .T. ) ;
#963 = FACE_OUTER_BOUND ( 'NONE', #4672, .T. ) ;
#964 = CARTESIAN_POINT ( 'NONE',  ( 0.5529378364870382034, -0.9577164262227689795, -2.906249999999997780 ) ) ;
#965 = CARTESIAN_POINT ( 'NONE',  ( -0.7357503364870348062, -1.274356964481448085, 8.823437500000000711 ) ) ;
#966 = EDGE_LOOP ( 'NONE', ( #3966, #4499, #4440, #595 ) ) ;
#967 = CARTESIAN_POINT ( 'NONE',  ( 0.000000000000000000, 0.9577164262227573222, -0.9749999999999988676 ) ) ;
#968 = CARTESIAN_POINT ( 'NONE',  ( 0.7357503364870339180, -1.274356964481448307, 10.24843750000000142 ) ) ;
#969 = CARTESIAN_POINT ( 'NONE',  ( -1.103625504730554763, -0.6371784822407277060, -1.485937499999999023 ) ) ;
#970 = CARTESIAN_POINT ( 'NONE',  ( -0.1912500000000100508, -2.487657972370796777, 0.1674308549307003957 ) ) ;
#971 = CARTESIAN_POINT ( 'NONE',  ( -0.9883357829481926871, -0.3666123117823859023, -3.878569477238219321 ) ) ;
#972 = CARTESIAN_POINT ( 'NONE',  ( 1.097476768095394295, 0.09896134406235790326, -3.848842057113419202 ) ) ;
#973 = FACE_OUTER_BOUND ( 'NONE', #349, .T. ) ;
#974 = CARTESIAN_POINT ( 'NONE',  ( -1.103625504730554763, -0.6371784822407277060, -1.907812499999997691 ) ) ;
#975 = CARTESIAN_POINT ( 'NONE',  ( 1.105875672974064861, -7.106851071790302181E-15, 10.50625000000000320 ) ) ;
#976 = ORIENTED_EDGE ( 'NONE', *, *, #3628, .T. ) ;
#977 = CARTESIAN_POINT ( 'NONE',  ( -0.8109459538553480673, -0.5599608515061382796, -3.900000000000006128 ) ) ;
#978 = CARTESIAN_POINT ( 'NONE',  ( -0.5529378364870388696, -0.9577164262227686464, -3.431249999999997691 ) ) ;
#979 = ORIENTED_EDGE ( 'NONE', *, *, #4584, .T. ) ;
#980 = CARTESIAN_POINT ( 'NONE',  ( 0.000000000000000000, -1.258909218984051749E-16, -3.899999999999999911 ) ) ;
#981 = CARTESIAN_POINT ( 'NONE',  ( 0.8294067547305484789, -0.4788582131113835461, 5.125000000000003553 ) ) ;
#982 = CARTESIAN_POINT ( 'NONE',  ( -0.8294067547305487009, 0.4788582131113693907, 8.893750000000002487 ) ) ;
#983 = CARTESIAN_POINT ( 'NONE',  ( 0.8294067547305582488, 0.4788582131113749418, -3.693749999999997868 ) ) ;
#984 = CARTESIAN_POINT ( 'NONE',  ( -1.103625504730551876, -0.6371784822407272619, 8.335937500000001776 ) ) ;
#985 = EDGE_LOOP ( 'NONE', ( #1155, #519, #2399, #2660 ) ) ;
#986 = CARTESIAN_POINT ( 'NONE',  ( 0.000000000000000000, 0.9577164262227571001, -4.068749999999997868 ) ) ;
#987 = CARTESIAN_POINT ( 'NONE',  ( -0.7357503364870342510, 1.274356964481434540, 9.573437500000000711 ) ) ;
#988 = CARTESIAN_POINT ( 'NONE',  ( 1.103625504730554319, -0.6371784822407284832, -0.4359374999999992562 ) ) ;
#989 = CARTESIAN_POINT ( 'NONE',  ( -2.249999999999999112, 1.247501352465737415E-13, 9.974019237888036571 ) ) ;
#990 = EDGE_CURVE ( 'NONE', #828, #386, #3057, .T. ) ;
#991 = LINE ( 'NONE', #3950, #1690 ) ;
#992 = DIRECTION ( 'NONE',  ( -0.000000000000000000, -0.000000000000000000, -1.000000000000000000 ) ) ;
#993 = CARTESIAN_POINT ( 'NONE',  ( -1.103625504730554763, -0.6371784822407277060, -3.257812499999997780 ) ) ;
#994 = AXIS2_PLACEMENT_3D ( 'NONE', #2676, #839, #3023 ) ;
#995 = CARTESIAN_POINT ( 'NONE',  ( -0.5529378364870326523, -0.9577164262227589875, 5.462500000000003908 ) ) ;
#996 = ORIENTED_EDGE ( 'NONE', *, *, #2932, .F. ) ;
#997 = DIRECTION ( 'NONE',  ( 0.000000000000000000, -1.157433492142735316E-16, 1.000000000000000000 ) ) ;
#998 = CARTESIAN_POINT ( 'NONE',  ( -0.8294067547305579158, -0.4788582131113870433, -2.118749999999997691 ) ) ;
#999 = AXIS2_PLACEMENT_3D ( 'NONE', #1773, #2164, #4767 ) ;
#1000 = CYLINDRICAL_SURFACE ( 'NONE', #4558, 1.249999999999998446 ) ;
#1001 = EDGE_LOOP ( 'NONE', ( #2652, #26, #2286, #4001, #4168, #1364 ) ) ;
#1002 = CARTESIAN_POINT ( 'NONE',  ( 1.905686749927788748, -1.497827453291404654, 0.1233338266826480289 ) ) ;
#1003 = CIRCLE ( 'NONE', #1232, 1.250000000000000222 ) ;
#1004 = CARTESIAN_POINT ( 'NONE',  ( 0.7216878364870360496, 1.249999999999997558, 7.712500000000000355 ) ) ;
#1005 = CARTESIAN_POINT ( 'NONE',  ( -1.172864355864535983E-16, -0.9577164262227593206, 9.943750000000003197 ) ) ;
#1006 = CARTESIAN_POINT ( 'NONE',  ( 0.8294067547305582488, 0.4788582131113749973, -2.793749999999997513 ) ) ;
#1007 = CARTESIAN_POINT ( 'NONE',  ( 3.121274355046668358E-16, 1.274356964481434318, 7.285937500000002842 ) ) ;
#1008 = ORIENTED_EDGE ( 'NONE', *, *, #3132, .T. ) ;
#1009 = CARTESIAN_POINT ( 'NONE',  ( -0.8294067547305578048, 0.4788582131113757745, -3.543749999999997957 ) ) ;
#1010 = CARTESIAN_POINT ( 'NONE',  ( 0.7357503364870339180, -1.274356964481448307, 8.898437500000001776 ) ) ;
#1011 = CARTESIAN_POINT ( 'NONE',  ( -0.8065861484873920739, 2.132393481399494028, 0.02619637318196983006 ) ) ;
#1012 = CARTESIAN_POINT ( 'NONE',  ( 0.000000000000000000, -1.258909218984051749E-16, -3.899999999999999911 ) ) ;
#1013 = CARTESIAN_POINT ( 'NONE',  ( -1.103625504730551654, 0.6371784822407138282, 10.03281250000000391 ) ) ;
#1014 = CARTESIAN_POINT ( 'NONE',  ( -1.105875672974065083, -6.835989651157778155E-15, 8.987500000000002487 ) ) ;
#1015 = ADVANCED_FACE ( 'NONE', ( #1474 ), #3992, .T. ) ;
#1016 = CARTESIAN_POINT ( 'NONE',  ( 1.471500672974072721, -6.068746695209919495E-15, -3.070312499999997335 ) ) ;
#1017 = CARTESIAN_POINT ( 'NONE',  ( 0.5529378364870320972, -0.9577164262227595426, 5.987500000000002487 ) ) ;
#1018 = EDGE_LOOP ( 'NONE', ( #2525, #1490, #2425, #4296 ) ) ;
#1019 = DIRECTION ( 'NONE',  ( 0.000000000000000000, 0.000000000000000000, 1.000000000000000000 ) ) ;
#1020 = CARTESIAN_POINT ( 'NONE',  ( 0.7216878364870352724, 1.249999999999997780, -2.081249999999995826 ) ) ;
#1021 = CARTESIAN_POINT ( 'NONE',  ( -1.530808498934197980E-16, -1.250000000000012434, 5.218750000000005329 ) ) ;
#1022 = CYLINDRICAL_SURFACE ( 'NONE', #1992, 1.250000000000000222 ) ;
#1023 = CARTESIAN_POINT ( 'NONE',  ( -0.7216878364870350504, 1.249999999999998446, 5.537500000000000533 ) ) ;
#1024 = CARTESIAN_POINT ( 'NONE',  ( 0.8294067547305484789, -0.4788582131113834905, 9.118750000000002132 ) ) ;
#1025 = CARTESIAN_POINT ( 'NONE',  ( -0.5529378364870384255, 0.9577164262227571001, -2.231249999999997957 ) ) ;
#1026 = CARTESIAN_POINT ( 'NONE',  ( 1.103625504730552320, 0.6371784822407128290, 8.560937500000003197 ) ) ;
#1027 = VERTEX_POINT ( 'NONE', #1452 ) ;
#1028 = CARTESIAN_POINT ( 'NONE',  ( -1.105875672974077295, -5.757414524886822701E-15, -3.506249999999997424 ) ) ;
#1029 = CARTESIAN_POINT ( 'NONE',  ( 1.103625504730552320, 0.6371784822407128290, 9.460937500000001776 ) ) ;
#1030 = CARTESIAN_POINT ( 'NONE',  ( 2.249999999999998668, -1.078201627712042754, 9.832569145069193439 ) ) ;
#1031 = CARTESIAN_POINT ( 'NONE',  ( -0.1912500000000100231, 2.487657972370791892, 9.832569145069298244 ) ) ;
#1032 = DIRECTION ( 'NONE',  ( -0.000000000000000000, 1.157433492142735316E-16, -1.000000000000000000 ) ) ;
#1033 = CARTESIAN_POINT ( 'NONE',  ( -1.172864355864536229E-16, -0.9577164262227594316, 8.650000000000003908 ) ) ;
#1034 = CARTESIAN_POINT ( 'NONE',  ( 0.5529378364870390916, 0.9577164262227569891, -2.812499999999998668 ) ) ;
#1035 = CARTESIAN_POINT ( 'NONE',  ( 1.443375672974070101, -7.168848815997138269E-15, 9.381250000000006750 ) ) ;
#1036 = CARTESIAN_POINT ( 'NONE',  ( 0.8294067547305490340, 0.4788582131113686136, 10.09375000000000178 ) ) ;
#1037 = EDGE_CURVE ( 'NONE', #1071, #1247, #2496, .T. ) ;
#1038 = ORIENTED_EDGE ( 'NONE', *, *, #2133, .F. ) ;
#1039 = CARTESIAN_POINT ( 'NONE',  ( -1.443375672974070101, -6.815323736422166126E-15, 7.862500000000004263 ) ) ;
#1040 = CARTESIAN_POINT ( 'NONE',  ( 0.000000000000000000, 1.249999999999998446, -0.7500000000000009992 ) ) ;
#1041 = CARTESIAN_POINT ( 'NONE',  ( 2.249999999999998668, 0.9030598019183492253, 0.1237331229514417597 ) ) ;
#1042 = EDGE_CURVE ( 'NONE', #2834, #4250, #248, .T. ) ;
#1043 = CARTESIAN_POINT ( 'NONE',  ( 0.5529378364870324303, -0.9577164262227789715, -3.862499999999998934 ) ) ;
#1044 = CARTESIAN_POINT ( 'NONE',  ( 1.105875672974064861, -7.106851071790302181E-15, 6.456250000000002487 ) ) ;
#1045 = CARTESIAN_POINT ( 'NONE',  ( -0.8294067547305578048, 0.4788582131113759410, -0.8437499999999981126 ) ) ;
#1046 = CARTESIAN_POINT ( 'NONE',  ( -0.4985920424764232473, -2.310213961413750017, 0.08771028900139969664 ) ) ;
#1047 = CARTESIAN_POINT ( 'NONE',  ( -0.7713340939230607374, 0.8950836856036578082, -3.749274510069496191 ) ) ;
#1048 = ORIENTED_EDGE ( 'NONE', *, *, #4434, .T. ) ;
#1049 = CARTESIAN_POINT ( 'NONE',  ( 0.5529378364870383145, -0.9577164262227687574, -0.6562499999999978906 ) ) ;
#1050 = CARTESIAN_POINT ( 'NONE',  ( -0.8294067547305487009, 0.4788582131113694462, 8.050000000000002487 ) ) ;
#1051 = CARTESIAN_POINT ( 'NONE',  ( -2.249999999999999112, 1.078201627711622868, 0.1674308549307040594 ) ) ;
#1052 = CARTESIAN_POINT ( 'NONE',  ( 0.4462546734689138428, -0.9145541538333645804, -3.900000000000000799 ) ) ;
#1053 = CARTESIAN_POINT ( 'NONE',  ( 1.103625504730552320, 0.6371784822407128290, 8.982812500000004974 ) ) ;
#1054 = CARTESIAN_POINT ( 'NONE',  ( 0.8294067547305484789, -0.4788582131113835461, 9.175000000000002487 ) ) ;
#1055 = CARTESIAN_POINT ( 'NONE',  ( 1.105875672974077295, -5.990388435170727827E-15, -2.887499999999998845 ) ) ;
#1056 = CARTESIAN_POINT ( 'NONE',  ( -2.249999999999998668, -0.7234153429928593670, 0.07891198795362991403 ) ) ;
#1057 = CARTESIAN_POINT ( 'NONE',  ( -1.105875672974064861, -6.835989651157778155E-15, 5.837500000000003020 ) ) ;
#1058 = ORIENTED_EDGE ( 'NONE', *, *, #4351, .T. ) ;
#1059 = DIRECTION ( 'NONE',  ( 0.000000000000000000, 1.000000000000000000, 0.000000000000000000 ) ) ;
#1060 =( NAMED_UNIT ( * ) SI_UNIT ( $, .STERADIAN. ) SOLID_ANGLE_UNIT ( ) );
#1061 = VECTOR ( 'NONE', #736, 1000.000000000000000 ) ;
#1062 = VECTOR ( 'NONE', #2476, 1000.000000000000000 ) ;
#1063 = CARTESIAN_POINT ( 'NONE',  ( 1.082531754730553519, 0.6249999999999948930, 7.168750000000004619 ) ) ;
#1064 = AXIS2_PLACEMENT_3D ( 'NONE', #4703, #2118, #4344 ) ;
#1065 = CARTESIAN_POINT ( 'NONE',  ( 1.082531754730551521, -0.6250000000000083267, -2.700000000000001066 ) ) ;
#1066 = CARTESIAN_POINT ( 'NONE',  ( -0.8294067547305487009, 0.4788582131113693907, 6.193750000000003197 ) ) ;
#1067 = EDGE_CURVE ( 'NONE', #1573, #530, #190, .T. ) ;
#1068 = CARTESIAN_POINT ( 'NONE',  ( -0.8294067547305579158, -0.4788582131113869877, -1.668749999999997957 ) ) ;
#1069 = CARTESIAN_POINT ( 'NONE',  ( -0.9456951859021828222, 0.2774407419896227633, 9.359523260143104650 ) ) ;
#1070 = CARTESIAN_POINT ( 'NONE',  ( -1.560637177523334179E-16, -1.274356964481448085, 5.260937500000002487 ) ) ;
#1071 = VERTEX_POINT ( 'NONE', #2614 ) ;
#1072 = AXIS2_PLACEMENT_3D ( 'NONE', #720, #4395, #1059 ) ;
#1073 = CARTESIAN_POINT ( 'NONE',  ( -1.105875672974077295, -5.592087207001929620E-15, -0.8062499999999979128 ) ) ;
#1074 =( BOUNDED_CURVE ( )  B_SPLINE_CURVE ( 2, ( #3096, #2740, #4166, #4216, #569, #909, #2763 ),
 .UNSPECIFIED., .F., .T. ) 
 B_SPLINE_CURVE_WITH_KNOTS ( ( 3, 2, 2, 3 ),
 ( 0.4340993431318487250, 0.4526178616503672703, 0.4711363801688857600, 0.4896548986874043052 ),
 .UNSPECIFIED. ) 
 CURVE ( )  GEOMETRIC_REPRESENTATION_ITEM ( )  RATIONAL_B_SPLINE_CURVE ( ( 1.000000000000000000, 0.8660254037844387076, 1.000000000000000000, 0.8660254037844387076, 1.000000000000000000, 0.8660254037844387076, 1.000000000000000000 ) ) 
 REPRESENTATION_ITEM ( '' )  );
#1075 = CARTESIAN_POINT ( 'NONE',  ( 1.105875672974065083, -7.106851071790302181E-15, 9.662500000000003197 ) ) ;
#1076 = CARTESIAN_POINT ( 'NONE',  ( 1.102600906380565959, 1.587035974451554868E-11, 9.522600906380569441 ) ) ;
#1077 = CARTESIAN_POINT ( 'NONE',  ( 1.082531754730553519, 0.6249999999999948930, 6.268750000000006040 ) ) ;
#1078 = CARTESIAN_POINT ( 'NONE',  ( -1.471500672974068724, -6.813601576860865123E-15, 9.170312500000003197 ) ) ;
#1079 = CARTESIAN_POINT ( 'NONE',  ( 0.8294067547305575827, -0.4788582131113876539, -1.968749999999997780 ) ) ;
#1080 = CARTESIAN_POINT ( 'NONE',  ( -0.8294067547305578048, 0.4788582131113757745, -3.149999999999998135 ) ) ;
#1081 = CARTESIAN_POINT ( 'NONE',  ( 0.000000000000000000, -5.231220964017918518E-16, -0.4680000000000000826 ) ) ;
#1082 = CARTESIAN_POINT ( 'NONE',  ( 0.5529378364870320972, -0.9577164262227595426, 9.081250000000004263 ) ) ;
#1083 = VERTEX_POINT ( 'NONE', #4083 ) ;
#1084 = ADVANCED_FACE ( 'NONE', ( #780 ), #2885, .F. ) ;
#1085 = DIRECTION ( 'NONE',  ( 0.000000000000000000, 1.000000000000000000, 1.157433492142735316E-16 ) ) ;
#1086 = DATE_AND_TIME ( #1446, #551 ) ;
#1087 = CARTESIAN_POINT ( 'NONE',  ( 0.9687711178739725204, 2.038755945665639668, 0.02587396801048940861 ) ) ;
#1088 = CARTESIAN_POINT ( 'NONE',  ( -1.172864355864536229E-16, -0.9577164262227594316, 10.45000000000000284 ) ) ;
#1089 = CARTESIAN_POINT ( 'NONE',  ( 0.000000000000000000, 9.025506355797229604E-16, 10.00000000000000000 ) ) ;
#1090 = CARTESIAN_POINT ( 'NONE',  ( 1.026950521335497690, -0.3533566734894879602, -0.5369564605668112334 ) ) ;
#1091 = CARTESIAN_POINT ( 'NONE',  ( -1.172864355864535983E-16, -0.9577164262227593206, 7.243750000000003020 ) ) ;
#1092 = CARTESIAN_POINT ( 'NONE',  ( -0.7216878364870350504, 1.249999999999998446, 6.437500000000000000 ) ) ;
#1093 = CARTESIAN_POINT ( 'NONE',  ( -0.8294067547305488119, -0.4788582131113828244, 7.618750000000002132 ) ) ;
#1094 = CARTESIAN_POINT ( 'NONE',  ( -1.103625504730551876, -0.6371784822407272619, 5.185937500000002309 ) ) ;
#1095 = ORIENTED_EDGE ( 'NONE', *, *, #2282, .T. ) ;
#1096 = CARTESIAN_POINT ( 'NONE',  ( 1.105875672974077295, -5.876725904124862454E-15, -1.031249999999998002 ) ) ;
#1097 = ADVANCED_FACE ( 'NONE', ( #4615 ), #2523, .F. ) ;
#1098 = CARTESIAN_POINT ( 'NONE',  ( 0.5529378364870329854, 0.9577164262227451097, 10.18750000000000355 ) ) ;
#1099 = CARTESIAN_POINT ( 'NONE',  ( -0.1912500000077519136, 2.487657972366321690, 0.1674308549284723724 ) ) ;
#1100 =( BOUNDED_CURVE ( )  B_SPLINE_CURVE ( 2, ( #2293, #154, #853, #2955, #4497, #4441, #1131 ),
 .UNSPECIFIED., .F., .F. ) 
 B_SPLINE_CURVE_WITH_KNOTS ( ( 3, 2, 2, 3 ),
 ( 0.4615384615384615641, 0.4743589743589743390, 0.4871794871794871695, 0.5000000000000000000 ),
 .UNSPECIFIED. ) 
 CURVE ( )  GEOMETRIC_REPRESENTATION_ITEM ( )  RATIONAL_B_SPLINE_CURVE ( ( 1.000000000000000000, 0.8660254037844387076, 1.000000000000000000, 0.8660254037844387076, 1.000000000000000000, 0.8660254037844387076, 1.000000000000000000 ) ) 
 REPRESENTATION_ITEM ( '' )  );
#1101 = CARTESIAN_POINT ( 'NONE',  ( -2.115893281016595129, 1.376464655981861185, 9.816106350272736591 ) ) ;
#1102 =( BOUNDED_CURVE ( )  B_SPLINE_CURVE ( 2, ( #3737, #2688, #3711, #412, #1873, #746, #3374 ),
 .UNSPECIFIED., .F., .F. ) 
 B_SPLINE_CURVE_WITH_KNOTS ( ( 3, 2, 2, 3 ),
 ( 0.08974358974358975782, 0.1025641025641025328, 0.1153846153846154188, 0.1282051282051281937 ),
 .UNSPECIFIED. ) 
 CURVE ( )  GEOMETRIC_REPRESENTATION_ITEM ( )  RATIONAL_B_SPLINE_CURVE ( ( 1.000000000000000000, 0.8660254037844387076, 1.000000000000000000, 0.8660254037844387076, 1.000000000000000000, 0.8660254037844387076, 1.000000000000000000 ) ) 
 REPRESENTATION_ITEM ( '' )  );
#1103 = CARTESIAN_POINT ( 'NONE',  ( -1.103625504730551654, 0.6371784822407138282, 9.582812500000004619 ) ) ;
#1104 = CARTESIAN_POINT ( 'NONE',  ( 0.5529378364870383145, -0.9577164262227688685, -1.556249999999997913 ) ) ;
#1105 = CARTESIAN_POINT ( 'NONE',  ( -0.5529378364870384255, 0.9577164262227572111, -4.087499999999997691 ) ) ;
#1106 = LINE ( 'NONE', #3653, #1764 ) ;
#1107 = CARTESIAN_POINT ( 'NONE',  ( -0.8294067547305488119, -0.4788582131113828244, 8.968750000000003553 ) ) ;
#1108 = EDGE_LOOP ( 'NONE', ( #4156, #130, #2596, #2845 ) ) ;
#1109 = CARTESIAN_POINT ( 'NONE',  ( 1.530808498934191817E-16, -1.250000000000000444, -3.899999999999999911 ) ) ;
#1110 = PERSON_AND_ORGANIZATION ( #4253, #1386 ) ;
#1111 = ORIENTED_EDGE ( 'NONE', *, *, #2760, .F. ) ;
#1112 = CARTESIAN_POINT ( 'NONE',  ( -1.560637177523334179E-16, -1.274356964481448085, 6.132812500000004441 ) ) ;
#1113 = LINE ( 'NONE', #4082, #3921 ) ;
#1114 = CARTESIAN_POINT ( 'NONE',  ( 0.9173059229758232513, -0.6085482342729791050, -0.5455514835168207011 ) ) ;
#1115 = CARTESIAN_POINT ( 'NONE',  ( -0.8294067547305487009, 0.4788582131113693907, 7.093750000000002665 ) ) ;
#1116 = CARTESIAN_POINT ( 'NONE',  ( 0.5529378364870382034, -0.9577164262227688685, -0.6562499999999980016 ) ) ;
#1117 = CARTESIAN_POINT ( 'NONE',  ( -0.8294067547305487009, 0.4788582131113693907, 8.443750000000003197 ) ) ;
#1118 = CARTESIAN_POINT ( 'NONE',  ( 1.103625504730552320, 0.6371784822407128290, 5.410937500000002842 ) ) ;
#1119 = ORIENTED_EDGE ( 'NONE', *, *, #901, .F. ) ;
#1120 = CARTESIAN_POINT ( 'NONE',  ( 0.5529378364870390916, 0.9577164262227569891, -1.856249999999998179 ) ) ;
#1121 = CARTESIAN_POINT ( 'NONE',  ( 2.345728711729072459E-16, 0.9577164262227455538, 9.325000000000002842 ) ) ;
#1122 = CARTESIAN_POINT ( 'NONE',  ( -1.530808498934196747E-16, -1.250000000000009548, -1.368749999999996136 ) ) ;
#1123 = CARTESIAN_POINT ( 'NONE',  ( 0.000000000000000000, 1.250000000000000000, -3.899999999999999911 ) ) ;
#1124 = CARTESIAN_POINT ( 'NONE',  ( 1.103625504730552320, 0.6371784822407128290, 8.082812500000004619 ) ) ;
#1125 = CARTESIAN_POINT ( 'NONE',  ( 0.8294067547305575827, -0.4788582131113875984, -1.068749999999998090 ) ) ;
#1126 = CARTESIAN_POINT ( 'NONE',  ( 0.000000000000000000, 0.9577164262227571001, -3.674999999999998490 ) ) ;
#1127 = EDGE_CURVE ( 'NONE', #4443, #503, #3227, .T. ) ;
#1128 = CARTESIAN_POINT ( 'NONE',  ( 2.058749999999989200, 1.409456344659176574, 9.832569145069300021 ) ) ;
#1129 = CARTESIAN_POINT ( 'NONE',  ( -0.5529378364870322082, 0.9577164262227454428, 8.856250000000002842 ) ) ;
#1130 = ORIENTED_EDGE ( 'NONE', *, *, #901, .T. ) ;
#1131 = CARTESIAN_POINT ( 'NONE',  ( -1.530808498934197980E-16, -1.250000000000012434, 7.918750000000005507 ) ) ;
#1132 = ORIENTED_EDGE ( 'NONE', *, *, #934, .F. ) ;
#1133 = CARTESIAN_POINT ( 'NONE',  ( -1.443375672974070101, -6.815323736422166126E-15, 9.606250000000004619 ) ) ;
#1134 = CARTESIAN_POINT ( 'NONE',  ( -0.7357503364870348062, -1.274356964481448085, 5.645312500000004619 ) ) ;
#1135 = CARTESIAN_POINT ( 'NONE',  ( 0.7216878364870364937, 1.249999999999996225, -2.587500000000000799 ) ) ;
#1136 = CARTESIAN_POINT ( 'NONE',  ( -1.245245190529009172, -1.638401241432482178E-11, 9.665245190529011765 ) ) ;
#1137 = CARTESIAN_POINT ( 'NONE',  ( 1.105875672974064861, -7.106851071790302181E-15, 8.256250000000003197 ) ) ;
#1138 = CARTESIAN_POINT ( 'NONE',  ( 0.7216878364870360496, 1.249999999999997558, 7.262500000000000178 ) ) ;
#1139 = CARTESIAN_POINT ( 'NONE',  ( -0.5529378364870327633, -0.9577164262227590985, 8.106250000000002842 ) ) ;
#1140 = CARTESIAN_POINT ( 'NONE',  ( -1.471500672974068724, -6.813601576860865123E-15, 5.148437500000001776 ) ) ;
#1141 = EDGE_LOOP ( 'NONE', ( #3430, #2515, #4535, #4137 ) ) ;
#1142 = CARTESIAN_POINT ( 'NONE',  ( 0.8294067547305575827, -0.4788582131113875984, -1.068749999999998090 ) ) ;
#1143 = CARTESIAN_POINT ( 'NONE',  ( 1.105875672974065083, -7.106851071790302181E-15, 8.312500000000003553 ) ) ;
#1144 = ADVANCED_FACE ( 'NONE', ( #1788 ), #4010, .F. ) ;
#1145 = CARTESIAN_POINT ( 'NONE',  ( 0.8294067547305484789, -0.4788582131113835461, 7.825000000000003730 ) ) ;
#1146 = CARTESIAN_POINT ( 'NONE',  ( -1.082531754730551743, 0.6249999999999964473, -2.025000000000000799 ) ) ;
#1147 = AXIS2_PLACEMENT_3D ( 'NONE', #2538, #1425, #701 ) ;
#1148 = EDGE_LOOP ( 'NONE', ( #4218, #2921, #2271, #852 ) ) ;
#1149 = CARTESIAN_POINT ( 'NONE',  ( -1.530808498934197980E-16, -1.250000000000012434, 6.118750000000005684 ) ) ;
#1150 = CARTESIAN_POINT ( 'NONE',  ( 0.7357503364870339180, -1.274356964481448307, 9.320312500000003553 ) ) ;
#1151 = CARTESIAN_POINT ( 'NONE',  ( 0.000000000000000000, 1.274356964481438759, -3.435937499999998757 ) ) ;
#1152 = CARTESIAN_POINT ( 'NONE',  ( 1.105875672974077295, -5.880170223247464458E-15, -1.087499999999998579 ) ) ;
#1153 = CARTESIAN_POINT ( 'NONE',  ( -0.007345923926326578673, 0.9579128238699733400, -0.4681255733765129490 ) ) ;
#1154 = CARTESIAN_POINT ( 'NONE',  ( 2.345728711729071966E-16, 0.9577164262227454428, 9.718750000000001776 ) ) ;
#1155 = ORIENTED_EDGE ( 'NONE', *, *, #4721, .F. ) ;
#1156 = EDGE_CURVE ( 'NONE', #3343, #2431, #3381, .T. ) ;
#1157 = DIRECTION ( 'NONE',  ( 0.000000000000000000, 0.000000000000000000, 1.000000000000000000 ) ) ;
#1158 = ORIENTED_EDGE ( 'NONE', *, *, #2760, .T. ) ;
#1159 = DIRECTION ( 'NONE',  ( 0.000000000000000000, 1.000000000000000000, 0.000000000000000000 ) ) ;
#1160 = CARTESIAN_POINT ( 'NONE',  ( 0.8294067547305490340, 0.4788582131113686691, 10.60000000000000320 ) ) ;
#1161 = CARTESIAN_POINT ( 'NONE',  ( -0.5529378364870384255, 0.9577164262227571001, -3.187499999999998668 ) ) ;
#1162 = CARTESIAN_POINT ( 'NONE',  ( 0.1375898464710894609, -1.146510523862355413, -0.5770003230941342931 ) ) ;
#1163 = CARTESIAN_POINT ( 'NONE',  ( -0.5529378364870322082, 0.9577164262227454428, 5.706250000000004263 ) ) ;
#1164 = CARTESIAN_POINT ( 'NONE',  ( 3.061616997868395960E-16, 1.249999999999998224, 9.493750000000005684 ) ) ;
#1165 = CARTESIAN_POINT ( 'NONE',  ( 1.105875672974064861, -7.106851071790302181E-15, 6.906250000000002665 ) ) ;
#1166 = LINE ( 'NONE', #116, #1378 ) ;
#1167 = EDGE_LOOP ( 'NONE', ( #4088, #1747, #2262, #3187 ) ) ;
#1168 = CARTESIAN_POINT ( 'NONE',  ( -1.530808498934197980E-16, -1.250000000000012434, 8.425000000000000711 ) ) ;
#1169 = CARTESIAN_POINT ( 'NONE',  ( 1.105875672974065083, -7.106851071790302181E-15, 7.412500000000003197 ) ) ;
#1170 = CARTESIAN_POINT ( 'NONE',  ( 2.345728711729072459E-16, 0.9577164262227455538, 7.525000000000003908 ) ) ;
#1171 = CARTESIAN_POINT ( 'NONE',  ( 1.082531754730552631, 0.6249999999999955591, -0.7687499999999960476 ) ) ;
#1172 = DIRECTION ( 'NONE',  ( 0.000000000000000000, 1.000000000000000000, 0.000000000000000000 ) ) ;
#1173 = ORIENTED_EDGE ( 'NONE', *, *, #635, .F. ) ;
#1174 = DIRECTION ( 'NONE',  ( -0.000000000000000000, 1.157433492142735316E-16, -1.000000000000000000 ) ) ;
#1175 = CARTESIAN_POINT ( 'NONE',  ( -0.7357503364870342510, 1.274356964481434540, 7.295312500000004974 ) ) ;
#1176 = CARTESIAN_POINT ( 'NONE',  ( -1.103625504730554541, 0.6371784822407164928, -3.360937499999999023 ) ) ;
#1177 = CARTESIAN_POINT ( 'NONE',  ( -1.172864355864548802E-16, -0.9577164262227687574, -2.549999999999998490 ) ) ;
#1178 = DIRECTION ( 'NONE',  ( -0.000000000000000000, 1.157433492142735316E-16, -1.000000000000000000 ) ) ;
#1179 = CARTESIAN_POINT ( 'NONE',  ( 1.105875672974064861, -7.106851071790302181E-15, 9.606250000000001066 ) ) ;
#1180 = ORIENTED_EDGE ( 'NONE', *, *, #545, .T. ) ;
#1181 = CARTESIAN_POINT ( 'NONE',  ( -1.530808498934197980E-16, -1.250000000000012434, 9.325000000000001066 ) ) ;
#1182 = CARTESIAN_POINT ( 'NONE',  ( -0.5529378364870326523, -0.9577164262227589875, 10.41250000000000320 ) ) ;
#1183 = VERTEX_POINT ( 'NONE', #605 ) ;
#1184 = EDGE_CURVE ( 'NONE', #318, #386, #1397, .T. ) ;
#1185 = CARTESIAN_POINT ( 'NONE',  ( -1.082531754730552853, 0.6249999999999957812, 5.968750000000006217 ) ) ;
#1186 = CARTESIAN_POINT ( 'NONE',  ( -1.471500672974068724, -6.813601576860865123E-15, 6.020312500000003730 ) ) ;
#1187 = CARTESIAN_POINT ( 'NONE',  ( -0.8294067547305578048, 0.4788582131113758855, -1.799999999999998712 ) ) ;
#1188 = CARTESIAN_POINT ( 'NONE',  ( 1.082531754730552631, 0.6249999999999954481, -1.725000000000000533 ) ) ;
#1189 = LINE ( 'NONE', #4480, #3539 ) ;
#1190 = CARTESIAN_POINT ( 'NONE',  ( -0.5529378364870327633, -0.9577164262227590985, 8.556250000000003908 ) ) ;
#1191 = CARTESIAN_POINT ( 'NONE',  ( 1.751407957523576586, 1.586900355616223779, 9.912289710998601677 ) ) ;
#1192 = ADVANCED_FACE ( 'NONE', ( #3642 ), #2419, .T. ) ;
#1193 = VERTEX_POINT ( 'NONE', #3985 ) ;
#1194 = CARTESIAN_POINT ( 'NONE',  ( 3.061616997868395960E-16, 1.249999999999998224, 6.400000000000001243 ) ) ;
#1195 = CARTESIAN_POINT ( 'NONE',  ( 0.5529378364870329854, 0.9577164262227451097, 5.687500000000002665 ) ) ;
#1196 = CARTESIAN_POINT ( 'NONE',  ( -0.8294067547305487009, 0.4788582131113694462, 5.800000000000004263 ) ) ;
#1197 = CARTESIAN_POINT ( 'NONE',  ( -0.7216878364870350504, -1.250000000000009326, -1.912500000000000755 ) ) ;
#1198 = DIRECTION ( 'NONE',  ( 1.000000000000000000, 0.000000000000000000, 0.000000000000000000 ) ) ;
#1199 = EDGE_LOOP ( 'NONE', ( #2979, #3417, #4212, #4590 ) ) ;
#1200 = CARTESIAN_POINT ( 'NONE',  ( -0.5529378364870388696, -0.9577164262227686464, -2.137499999999998845 ) ) ;
#1201 = CARTESIAN_POINT ( 'NONE',  ( -0.7357503364870368046, -1.274356964481450083, -2.798437499999999023 ) ) ;
#1202 = CARTESIAN_POINT ( 'NONE',  ( 0.5529378364870383145, -0.9577164262227687574, -0.7124999999999986899 ) ) ;
#1203 = CARTESIAN_POINT ( 'NONE',  ( 0.000000000000000000, 1.250000000000000000, -3.899999999999999911 ) ) ;
#1204 = CARTESIAN_POINT ( 'NONE',  ( -1.172864355864535983E-16, -0.9577164262227593206, 6.793750000000002842 ) ) ;
#1205 = ORIENTED_EDGE ( 'NONE', *, *, #2639, .F. ) ;
#1206 = CARTESIAN_POINT ( 'NONE',  ( 0.5156187080576161152, -1.064659904287277303, 5.200000000000000178 ) ) ;
#1207 = CARTESIAN_POINT ( 'NONE',  ( -1.172864355864535983E-16, -0.9577164262227593206, 10.00000000000000355 ) ) ;
#1208 = ORIENTED_EDGE ( 'NONE', *, *, #2550, .F. ) ;
#1209 = DIRECTION ( 'NONE',  ( 0.000000000000000000, 1.000000000000000000, 0.000000000000000000 ) ) ;
#1210 = CARTESIAN_POINT ( 'NONE',  ( -1.105875672974064861, -6.835989651157778155E-15, 8.087500000000003908 ) ) ;
#1211 = VERTEX_POINT ( 'NONE', #583 ) ;
#1212 = CARTESIAN_POINT ( 'NONE',  ( 0.8294067547305575827, -0.4788582131113876539, -2.474999999999998757 ) ) ;
#1213 = EDGE_CURVE ( 'NONE', #771, #842, #3881, .T. ) ;
#1214 = FACE_OUTER_BOUND ( 'NONE', #625, .T. ) ;
#1215 = CARTESIAN_POINT ( 'NONE',  ( 1.443375672974068991, -6.066163455867967203E-15, -3.112500000000000711 ) ) ;
#1216 = CARTESIAN_POINT ( 'NONE',  ( -0.8294067547305487009, 0.4788582131113693907, 5.743750000000003020 ) ) ;
#1217 = CARTESIAN_POINT ( 'NONE',  ( 2.232237999122015815, -1.211567502944785435, 9.807193742990277130 ) ) ;
#1218 = EDGE_LOOP ( 'NONE', ( #3790, #4647, #2703, #1769 ) ) ;
#1219 = CARTESIAN_POINT ( 'NONE',  ( 1.082531754730552631, -0.6250000000000101030, 8.050000000000000711 ) ) ;
#1220 = CARTESIAN_POINT ( 'NONE',  ( 0.8294067547305484789, -0.4788582131113835461, 6.475000000000003197 ) ) ;
#1221 = ADVANCED_FACE ( 'NONE', ( #4358 ), #685, .T. ) ;
#1222 = CARTESIAN_POINT ( 'NONE',  ( -1.443375672974070101, -6.815323736422166126E-15, 6.062500000000001776 ) ) ;
#1223 = CARTESIAN_POINT ( 'NONE',  ( -0.7216878364870354945, -1.250000000000012434, 7.037500000000001421 ) ) ;
#1224 = CARTESIAN_POINT ( 'NONE',  ( 0.4985920424764208603, -2.310213961413750461, 9.912289710998599901 ) ) ;
#1225 = VECTOR ( 'NONE', #169, 1000.000000000000000 ) ;
#1226 = ORIENTED_EDGE ( 'NONE', *, *, #775, .T. ) ;
#1227 = CARTESIAN_POINT ( 'NONE',  ( 0.8294067547305582488, 0.4788582131113749973, -3.299999999999998490 ) ) ;
#1228 = AXIS2_PLACEMENT_3D ( 'NONE', #4241, #932, #3141 ) ;
#1229 = CARTESIAN_POINT ( 'NONE',  ( -0.5529378364870384255, 0.9577164262227573222, -0.4312499999999980793 ) ) ;
#1230 = CARTESIAN_POINT ( 'NONE',  ( 0.8294067547305575827, -0.4788582131113875429, -0.6749999999999989342 ) ) ;
#1231 = CARTESIAN_POINT ( 'NONE',  ( -1.530808498934196747E-16, -1.250000000000009992, -3.675000000000000266 ) ) ;
#1232 = AXIS2_PLACEMENT_3D ( 'NONE', #1692, #4575, #3162 ) ;
#1233 = CARTESIAN_POINT ( 'NONE',  ( -0.8294067547305487009, 0.4788582131113693907, 6.193750000000003197 ) ) ;
#1234 = ORIENTED_EDGE ( 'NONE', *, *, #580, .F. ) ;
#1235 = VECTOR ( 'NONE', #4309, 1000.000000000000000 ) ;
#1236 = CARTESIAN_POINT ( 'NONE',  ( 1.029786279979222785, -0.2456582043336321408, 5.200000000000000178 ) ) ;
#1237 = CARTESIAN_POINT ( 'NONE',  ( -0.1912500000000100231, 2.487657972370791892, 9.832569145069298244 ) ) ;
#1238 = CARTESIAN_POINT ( 'NONE',  ( -0.7216878364870350504, 1.249999999999998446, 9.531250000000003553 ) ) ;
#1239 = CARTESIAN_POINT ( 'NONE',  ( 2.345728711729071966E-16, 0.9577164262227454428, 7.975000000000003197 ) ) ;
#1240 = EDGE_CURVE ( 'NONE', #2834, #2093, #304, .T. ) ;
#1241 = EDGE_LOOP ( 'NONE', ( #4542, #509, #1738, #1008 ) ) ;
#1242 = CARTESIAN_POINT ( 'NONE',  ( 0.8294067547305575827, -0.4788582131113876539, -2.024999999999998579 ) ) ;
#1243 = CARTESIAN_POINT ( 'NONE',  ( 0.000000000000000000, 1.249999999999998224, -0.6937499999999955369 ) ) ;
#1244 = CARTESIAN_POINT ( 'NONE',  ( 0.06687076361143802494, 2.538958566004964723, 0.1928062570097070771 ) ) ;
#1245 = CARTESIAN_POINT ( 'NONE',  ( -0.8294067547305488119, -0.4788582131113828244, 6.268750000000002487 ) ) ;
#1246 = CARTESIAN_POINT ( 'NONE',  ( 2.249999999999998668, 1.078201627711622868, 9.832569145069296468 ) ) ;
#1247 = VERTEX_POINT ( 'NONE', #2786 ) ;
#1248 = CARTESIAN_POINT ( 'NONE',  ( 0.000000000000000000, -3.101560285789158899E-15, 10.00000000000000000 ) ) ;
#1249 = CARTESIAN_POINT ( 'NONE',  ( -0.5529378364870324303, 0.9577164262227455538, 6.662500000000003197 ) ) ;
#1250 = CARTESIAN_POINT ( 'NONE',  ( -0.8294067547305488119, -0.4788582131113828799, 5.875000000000003553 ) ) ;
#1251 = CARTESIAN_POINT ( 'NONE',  ( 0.000000000000000000, -1.258909218984051749E-16, -3.899999999999999911 ) ) ;
#1252 = ORIENTED_EDGE ( 'NONE', *, *, #1399, .F. ) ;
#1253 = CARTESIAN_POINT ( 'NONE',  ( -0.8294067547305579158, -0.4788582131113870988, -3.524999999999998579 ) ) ;
#1254 = EDGE_CURVE ( 'NONE', #4262, #3328, #1074, .T. ) ;
#1255 = CARTESIAN_POINT ( 'NONE',  ( 0.000000000000000000, 1.274356964481438759, -0.2859374999999988454 ) ) ;
#1256 = CARTESIAN_POINT ( 'NONE',  ( -0.5529378364870384255, 0.9577164262227573222, -0.4874999999999987677 ) ) ;
#1257 = CARTESIAN_POINT ( 'NONE',  ( -2.249999999999999112, 1.247501352465737415E-13, 9.974019237888036571 ) ) ;
#1258 = CARTESIAN_POINT ( 'NONE',  ( 0.8294067547305484789, -0.4788582131113834905, 7.318750000000002309 ) ) ;
#1259 = CARTESIAN_POINT ( 'NONE',  ( 1.105875672974064861, -7.106851071790302181E-15, 9.212500000000002132 ) ) ;
#1260 =( BOUNDED_CURVE ( )  B_SPLINE_CURVE ( 1, ( #24, #1491 ),
 .UNSPECIFIED., .F., .F. ) 
 B_SPLINE_CURVE_WITH_KNOTS ( ( 2, 2 ),
 ( 0.000000000000000000, 0.0003374999999999899348 ),
 .UNSPECIFIED. ) 
 CURVE ( )  GEOMETRIC_REPRESENTATION_ITEM ( )  RATIONAL_B_SPLINE_CURVE ( ( 0.9493372120205980647, 0.9493372120205980647 ) ) 
 REPRESENTATION_ITEM ( '' )  );
#1261 = CARTESIAN_POINT ( 'NONE',  ( -0.8294067547305488119, -0.4788582131113828244, 8.125000000000003553 ) ) ;
#1262 = ORIENTED_EDGE ( 'NONE', *, *, #4651, .T. ) ;
#1263 =( BOUNDED_CURVE ( )  B_SPLINE_CURVE ( 2, ( #109, #2588, #4500, #439, #1185, #3791, #4080 ),
 .UNSPECIFIED., .F., .T. ) 
 B_SPLINE_CURVE_WITH_KNOTS ( ( 3, 2, 2, 3 ),
 ( 0.8076923076923077094, 0.8205128205128204844, 0.8333333333333333703, 0.8461538461538461453 ),
 .UNSPECIFIED. ) 
 CURVE ( )  GEOMETRIC_REPRESENTATION_ITEM ( )  RATIONAL_B_SPLINE_CURVE ( ( 1.000000000000000000, 0.8660254037844387076, 1.000000000000000000, 0.8660254037844387076, 1.000000000000000000, 0.8660254037844387076, 1.000000000000000000 ) ) 
 REPRESENTATION_ITEM ( '' )  );
#1264 = CARTESIAN_POINT ( 'NONE',  ( 1.105875672974077073, -5.962833882189912577E-15, -2.437499999999998668 ) ) ;
#1265 = CARTESIAN_POINT ( 'NONE',  ( 0.000000000000000000, 1.249999999999998224, -0.6937499999999955369 ) ) ;
#1266 = CARTESIAN_POINT ( 'NONE',  ( 0.000000000000000000, 9.025506355797229604E-16, 10.00000000000000000 ) ) ;
#1267 = CARTESIAN_POINT ( 'NONE',  ( 2.345728711729071966E-16, 0.9577164262227454428, 6.118750000000003020 ) ) ;
#1268 = CARTESIAN_POINT ( 'NONE',  ( 2.249999999999998668, -1.078201627712042754, 9.832569145069193439 ) ) ;
#1269 = CARTESIAN_POINT ( 'NONE',  ( -1.752183174247790269E-14, -0.9577164262227688685, -3.899999999999999911 ) ) ;
#1270 = CARTESIAN_POINT ( 'NONE',  ( -1.082531754730552853, 0.6249999999999957812, 7.318750000000005862 ) ) ;
#1271 = CARTESIAN_POINT ( 'NONE',  ( -1.105875672974065083, -6.835989651157778155E-15, 6.737500000000004263 ) ) ;
#1272 = CARTESIAN_POINT ( 'NONE',  ( -0.5529378364870324303, 0.9577164262227455538, 6.662500000000003197 ) ) ;
#1273 = ORIENTED_EDGE ( 'NONE', *, *, #2657, .T. ) ;
#1274 = CARTESIAN_POINT ( 'NONE',  ( 0.5529378364870390916, 0.9577164262227569891, -2.812499999999998668 ) ) ;
#1275 = CARTESIAN_POINT ( 'NONE',  ( -0.7357503364870368046, -1.274356964481450083, -2.348437499999998845 ) ) ;
#1276 = CARTESIAN_POINT ( 'NONE',  ( 2.345728711729071966E-16, 0.9577164262227454428, 9.268750000000002487 ) ) ;
#1277 = CARTESIAN_POINT ( 'NONE',  ( -0.9944837411515452530, 0.7185110950299715693, 9.637331595049101196 ) ) ;
#1278 = CARTESIAN_POINT ( 'NONE',  ( -1.105875672974064861, -6.835989651157778155E-15, 6.231250000000001954 ) ) ;
#1279 = DIRECTION ( 'NONE',  ( -0.000000000000000000, 1.157433492142735316E-16, -1.000000000000000000 ) ) ;
#1280 = EDGE_CURVE ( 'NONE', #3115, #477, #2064, .T. ) ;
#1281 = CARTESIAN_POINT ( 'NONE',  ( -0.8294067547305487009, 0.4788582131113693907, 9.400000000000003908 ) ) ;
#1282 = CARTESIAN_POINT ( 'NONE',  ( 2.345728711729071966E-16, 0.9577164262227454428, 7.075000000000002842 ) ) ;
#1283 = VERTEX_POINT ( 'NONE', #2012 ) ;
#1284 = CARTESIAN_POINT ( 'NONE',  ( -0.5529378364870388696, -0.9577164262227683134, -1.237499999999998490 ) ) ;
#1285 = CARTESIAN_POINT ( 'NONE',  ( -1.105875672974077295, -5.784969077867637951E-15, -3.956249999999998046 ) ) ;
#1286 = DIRECTION ( 'NONE',  ( -1.000000000000000000, 0.000000000000000000, 0.000000000000000000 ) ) ;
#1287 = CARTESIAN_POINT ( 'NONE',  ( -0.5529378364870323193, 0.9577164262227454428, 6.156250000000002665 ) ) ;
#1288 = FACE_OUTER_BOUND ( 'NONE', #3205, .T. ) ;
#1289 = ORIENTED_EDGE ( 'NONE', *, *, #3628, .F. ) ;
#1290 = CARTESIAN_POINT ( 'NONE',  ( 2.249999999999998668, 4.489680021666004036E-14, 0.02598076211287147358 ) ) ;
#1291 = CARTESIAN_POINT ( 'NONE',  ( -0.5529378364870328744, -0.9577164262227590985, 5.012500000000003730 ) ) ;
#1292 = CARTESIAN_POINT ( 'NONE',  ( -0.5529378364870328744, -0.9577164262227593206, 6.812500000000003553 ) ) ;
#1293 = CARTESIAN_POINT ( 'NONE',  ( -1.560637177523334179E-16, -1.274356964481448085, 6.610937500000002132 ) ) ;
#1294 = ORIENTED_EDGE ( 'NONE', *, *, #3400, .F. ) ;
#1295 = CARTESIAN_POINT ( 'NONE',  ( 0.5529378364870383145, -0.9577164262227688685, -2.512499999999998401 ) ) ;
#1296 = ADVANCED_FACE ( 'NONE', ( #3478 ), #4605, .T. ) ;
#1297 = CARTESIAN_POINT ( 'NONE',  ( -0.7357503364870368046, -1.274356964481449861, -1.898437499999998890 ) ) ;
#1298 = AXIS2_PLACEMENT_3D ( 'NONE', #3892, #659, #2407 ) ;
#1299 = CARTESIAN_POINT ( 'NONE',  ( -1.905686749927790302, -1.497827453291405542, 9.876666173317353525 ) ) ;
#1300 = B_SPLINE_CURVE_WITH_KNOTS ( 'NONE', 3,
 ( #862, #1935, #3041, #1244, #2011, #500 ),
 .UNSPECIFIED., .F., .F.,
 ( 4, 2, 4 ),
 ( 8.706424169993662309E-15, 0.0002012759897655094332, 0.0004025519795223124518 ),
 .UNSPECIFIED. ) ;
#1301 = CARTESIAN_POINT ( 'NONE',  ( 0.5529378364870329854, 0.9577164262227449987, 6.081250000000001599 ) ) ;
#1302 = AXIS2_PLACEMENT_3D ( 'NONE', #3438, #146, #2338 ) ;
#1303 = LINE ( 'NONE', #4665, #2080 ) ;
#1304 = CARTESIAN_POINT ( 'NONE',  ( 1.103625504730555207, 0.6371784822407156046, -2.582812499999997513 ) ) ;
#1305 = CARTESIAN_POINT ( 'NONE',  ( 2.345728711729071966E-16, 0.9577164262227454428, 8.425000000000004263 ) ) ;
#1306 = EDGE_CURVE ( 'NONE', #3502, #2663, #1314, .T. ) ;
#1307 = ORIENTED_EDGE ( 'NONE', *, *, #1240, .T. ) ;
#1308 = VECTOR ( 'NONE', #3831, 1000.000000000000000 ) ;
#1309 = CARTESIAN_POINT ( 'NONE',  ( -0.8294067547305579158, -0.4788582131113869877, -1.274999999999998801 ) ) ;
#1310 = B_SPLINE_CURVE_WITH_KNOTS ( 'NONE', 3,
 ( #1051, #2208, #4386, #2858, #647, #3969 ),
 .UNSPECIFIED., .F., .F.,
 ( 4, 2, 4 ),
 ( 8.778858033695852714E-19, 0.0002012759897611341624, 0.0004025519795222674575 ),
 .UNSPECIFIED. ) ;
#1311 = CARTESIAN_POINT ( 'NONE',  ( 0.1340913449730357643, -2.520658537237136620, 9.816101921067744485 ) ) ;
#1312 = ADVANCED_BREP_SHAPE_REPRESENTATION ( '93655A096_Male-Female Threaded Hex Standoff', ( #2106, #3465 ), #3685 ) ;
#1313 = DIRECTION ( 'NONE',  ( 0.000000000000000000, 1.000000000000000000, 0.000000000000000000 ) ) ;
#1314 = LINE ( 'NONE', #232, #1911 ) ;
#1315 = DIRECTION ( 'NONE',  ( -0.000000000000000000, 1.157433492142735316E-16, -1.000000000000000000 ) ) ;
#1316 = VERTEX_POINT ( 'NONE', #3524 ) ;
#1317 = DIRECTION ( 'NONE',  ( 0.000000000000000000, 1.000000000000000000, 0.000000000000000000 ) ) ;
#1318 = CARTESIAN_POINT ( 'NONE',  ( 1.443375672974068991, -6.062719136745366775E-15, -3.056249999999995470 ) ) ;
#1319 = CARTESIAN_POINT ( 'NONE',  ( -0.5529378364870322082, 0.9577164262227454428, 9.306250000000002132 ) ) ;
#1320 = CARTESIAN_POINT ( 'NONE',  ( -0.3915927502278322425, -0.9577164262227687574, -3.870307647468726131 ) ) ;
#1321 = CARTESIAN_POINT ( 'NONE',  ( -1.560637177523334179E-16, -1.274356964481448085, 7.060937500000002309 ) ) ;
#1322 = ORIENTED_EDGE ( 'NONE', *, *, #4594, .F. ) ;
#1323 = CARTESIAN_POINT ( 'NONE',  ( 0.8294067547305582488, 0.4788582131113749973, -2.793749999999997513 ) ) ;
#1324 = CARTESIAN_POINT ( 'NONE',  ( 1.471500672974068724, -7.174015294681039699E-15, 8.973437500000002842 ) ) ;
#1325 = CARTESIAN_POINT ( 'NONE',  ( 0.000000000000000000, 1.274356964481438759, -2.535937499999999289 ) ) ;
#1326 = CARTESIAN_POINT ( 'NONE',  ( -1.443375672974068991, -5.616197440860144443E-15, -1.537500000000001199 ) ) ;
#1327 = DIRECTION ( 'NONE',  ( 0.000000000000000000, 1.000000000000000000, 0.000000000000000000 ) ) ;
#1328 = CARTESIAN_POINT ( 'NONE',  ( 0.7357503364870351392, 1.274356964481433874, 10.82031250000000355 ) ) ;
#1329 = CARTESIAN_POINT ( 'NONE',  ( -1.530808498934196747E-16, -1.250000000000009992, -3.675000000000000266 ) ) ;
#1330 = CARTESIAN_POINT ( 'NONE',  ( -1.560637177523338370E-16, -1.274356964481450305, -2.732812499999997424 ) ) ;
#1331 = CC_DESIGN_PERSON_AND_ORGANIZATION_ASSIGNMENT ( #2245, #2196, ( #1530 ) ) ;
#1332 = CARTESIAN_POINT ( 'NONE',  ( -0.8294067547305488119, -0.4788582131113828244, 4.975000000000004086 ) ) ;
#1333 = ORIENTED_EDGE ( 'NONE', *, *, #2542, .T. ) ;
#1335 = EDGE_CURVE ( 'NONE', #1872, #3495, #760, .T. ) ;
#1334 = CARTESIAN_POINT ( 'NONE',  ( -0.7463753342357329901, -0.6265679813861895209, -3.900000000000000799 ) ) ;
#1336 = CARTESIAN_POINT ( 'NONE',  ( 0.5529378364870390916, 0.9577164262227569891, -2.756249999999997424 ) ) ;
#1337 = ORIENTED_EDGE ( 'NONE', *, *, #295, .T. ) ;
#1338 = FACE_OUTER_BOUND ( 'NONE', #2825, .T. ) ;
#1339 = CARTESIAN_POINT ( 'NONE',  ( 1.082531754730553519, 0.6249999999999948930, 7.675000000000001599 ) ) ;
#1340 = CARTESIAN_POINT ( 'NONE',  ( -1.172864355864535983E-16, -0.9577164262227593206, 10.39375000000000249 ) ) ;
#1341 = EDGE_CURVE ( 'NONE', #3525, #1790, #230, .T. ) ;
#1342 = CARTESIAN_POINT ( 'NONE',  ( -0.07966064687379044440, -1.033856193754798536, 9.447982184922100402 ) ) ;
#1343 = CARTESIAN_POINT ( 'NONE',  ( 0.7357503364870351392, 1.274356964481433874, 7.248437500000000533 ) ) ;
#1344 = EDGE_LOOP ( 'NONE', ( #3005, #3092, #1702, #1549 ) ) ;
#1345 = CARTESIAN_POINT ( 'NONE',  ( -0.3145744750618094665, -0.9408255328532517670, -0.3219956757903427724 ) ) ;
#1346 = CARTESIAN_POINT ( 'NONE',  ( -0.7357503364870348062, -1.274356964481448085, 10.17343750000000213 ) ) ;
#1347 = CARTESIAN_POINT ( 'NONE',  ( -0.7357503364870368046, -1.274356964481449861, -0.5484374999999989120 ) ) ;
#1348 = CARTESIAN_POINT ( 'NONE',  ( 0.5283505044260372596, -0.8783340733870828032, -3.899999999999999467 ) ) ;
#1349 = DIRECTION ( 'NONE',  ( -0.000000000000000000, 0.000000000000000000, 1.000000000000000000 ) ) ;
#1350 = CARTESIAN_POINT ( 'NONE',  ( 0.7357503364870370266, 1.274356964481438315, -3.445312499999997335 ) ) ;
#1351 = PRODUCT_DEFINITION_SHAPE ( 'NONE', 'NONE',  #1530 ) ;
#1352 = CARTESIAN_POINT ( 'NONE',  ( -0.5529378364870322082, 0.9577164262227454428, 5.762500000000003730 ) ) ;
#1353 = ORIENTED_EDGE ( 'NONE', *, *, #3605, .T. ) ;
#1354 = CARTESIAN_POINT ( 'NONE',  ( -0.7216878364870357165, -1.250000000000012434, 8.331250000000006040 ) ) ;
#1355 = CARTESIAN_POINT ( 'NONE',  ( 0.000000000000000000, 0.9577164262227572111, -2.268749999999997602 ) ) ;
#1356 = CARTESIAN_POINT ( 'NONE',  ( -1.530808498934196747E-16, -1.250000000000009770, -2.268749999999995381 ) ) ;
#1357 =( BOUNDED_CURVE ( )  B_SPLINE_CURVE ( 2, ( #3596, #4377, #4007, #3303, #322 ),
 .UNSPECIFIED., .F., .F. ) 
 B_SPLINE_CURVE_WITH_KNOTS ( ( 3, 2, 3 ),
 ( 0.8205128205128204844, 0.8333333333333332593, 0.8409427653458675378 ),
 .UNSPECIFIED. ) 
 CURVE ( )  GEOMETRIC_REPRESENTATION_ITEM ( )  RATIONAL_B_SPLINE_CURVE ( ( 1.000000000000000000, 0.8660254037844387076, 1.000000000000000000, 0.9204812946578948551, 0.9353569697117665172 ) ) 
 REPRESENTATION_ITEM ( '' )  );
#1358 = ORIENTED_EDGE ( 'NONE', *, *, #3362, .F. ) ;
#1359 = DIRECTION ( 'NONE',  ( -0.000000000000000000, -0.000000000000000000, -1.000000000000000000 ) ) ;
#1360 = CARTESIAN_POINT ( 'NONE',  ( 0.7216878364870346063, -1.250000000000012434, 7.562500000000000000 ) ) ;
#1361 = CARTESIAN_POINT ( 'NONE',  ( 1.105875672974064861, -7.106851071790302181E-15, 10.05625000000000391 ) ) ;
#1362 = CARTESIAN_POINT ( 'NONE',  ( -1.172864355864548802E-16, -0.9577164262227687574, -2.943749999999997424 ) ) ;
#1363 = CARTESIAN_POINT ( 'NONE',  ( -1.560637177523334179E-16, -1.274356964481448085, 7.960937500000000888 ) ) ;
#1364 = ORIENTED_EDGE ( 'NONE', *, *, #2282, .F. ) ;
#1365 = CARTESIAN_POINT ( 'NONE',  ( 0.8294067547305575827, -0.4788582131113877649, -3.768749999999997602 ) ) ;
#1366 = EDGE_CURVE ( 'NONE', #2014, #2105, #2757, .T. ) ;
#1367 = CARTESIAN_POINT ( 'NONE',  ( -1.103625504730551876, -0.6371784822407272619, 9.685937500000001421 ) ) ;
#1368 = CARTESIAN_POINT ( 'NONE',  ( 2.165367235512680733, -1.327391063058426024, 0.1928062570100524953 ) ) ;
#1369 = CARTESIAN_POINT ( 'NONE',  ( 2.249999999999998668, 0.1815053269658221946, 9.974019237886457390 ) ) ;
#1370 = CARTESIAN_POINT ( 'NONE',  ( -0.7357503364870348062, -1.274356964481448085, 10.14531250000000284 ) ) ;
#1371 = CARTESIAN_POINT ( 'NONE',  ( -0.5529378364870324303, 0.9577164262227455538, 8.912500000000003197 ) ) ;
#1372 = CARTESIAN_POINT ( 'NONE',  ( 0.000000000000000000, 1.274356964481438759, -1.607812499999997646 ) ) ;
#1373 = CONICAL_SURFACE ( 'NONE', #2218, 1.580000000000000071, 0.7853981633974500554 ) ;
#1374 = VECTOR ( 'NONE', #2444, 1000.000000000000114 ) ;
#1375 = CARTESIAN_POINT ( 'NONE',  ( -0.8294067547305488119, -0.4788582131113828244, 5.875000000000003553 ) ) ;
#1376 = EDGE_LOOP ( 'NONE', ( #1980, #4061, #108, #4416, #1205 ) ) ;
#1377 = CARTESIAN_POINT ( 'NONE',  ( -0.6710041598264173679, -0.6833550837979860404, -3.900000000000000355 ) ) ;
#1378 = VECTOR ( 'NONE', #1631, 1000.000000000000000 ) ;
#1379 = CARTESIAN_POINT ( 'NONE',  ( -0.9599566222303311802, 2.119197106222003493E-11, 9.379956622230334773 ) ) ;
#1380 = B_SPLINE_CURVE_WITH_KNOTS ( 'NONE', 3,
 ( #4540, #1916, #3826, #529, #2702, #4222 ),
 .UNSPECIFIED., .F., .F.,
 ( 4, 2, 4 ),
 ( 0.01424144942710489289, 0.01477388329467780106, 0.01530631716225070924 ),
 .UNSPECIFIED. ) ;
#1381 = EDGE_CURVE ( 'NONE', #1918, #1071, #437, .T. ) ;
#1382 = CARTESIAN_POINT ( 'NONE',  ( 0.000000000000000000, 1.249999999999998224, -3.899999999999999911 ) ) ;
#1383 = DIRECTION ( 'NONE',  ( -0.000000000000000000, 1.157433492142735316E-16, -1.000000000000000000 ) ) ;
#1384 =( BOUNDED_CURVE ( )  B_SPLINE_CURVE ( 2, ( #4237, #929, #2400, #655, #3635, #3297, #2195 ),
 .UNSPECIFIED., .F., .T. ) 
 B_SPLINE_CURVE_WITH_KNOTS ( ( 3, 2, 2, 3 ),
 ( 0.3229882320207375646, 0.3415067505392561653, 0.3600252690577746550, 0.3785437875762931448 ),
 .UNSPECIFIED. ) 
 CURVE ( )  GEOMETRIC_REPRESENTATION_ITEM ( )  RATIONAL_B_SPLINE_CURVE ( ( 1.000000000000000000, 0.8660254037844387076, 1.000000000000000000, 0.8660254037844387076, 1.000000000000000000, 0.8660254037844387076, 1.000000000000000000 ) ) 
 REPRESENTATION_ITEM ( '' )  );
#1385 = CARTESIAN_POINT ( 'NONE',  ( -0.5529378364870328744, -0.9577164262227590985, 5.462500000000003908 ) ) ;
#1386 = ORGANIZATION ( 'UNSPECIFIED', 'UNSPECIFIED', '' ) ;
#1387 = CARTESIAN_POINT ( 'NONE',  ( 0.8294067547305490340, 0.4788582131113686136, 10.09375000000000178 ) ) ;
#1388 = CARTESIAN_POINT ( 'NONE',  ( 0.5529378364870390916, 0.9577164262227568781, -2.306249999999998135 ) ) ;
#1389 = CARTESIAN_POINT ( 'NONE',  ( 1.471500672974068724, -7.174015294681039699E-15, 8.523437500000001776 ) ) ;
#1390 = ORIENTED_EDGE ( 'NONE', *, *, #2730, .T. ) ;
#1391 = CARTESIAN_POINT ( 'NONE',  ( 0.000000000000000000, 0.9577164262227571001, -3.618749999999997691 ) ) ;
#1392 = CARTESIAN_POINT ( 'NONE',  ( 1.471500672974068724, -7.174015294681039699E-15, 10.32343750000000071 ) ) ;
#1393 = CARTESIAN_POINT ( 'NONE',  ( -2.058749999999990088, 1.409456344659176574, 0.1674308549307021166 ) ) ;
#1394 = ADVANCED_FACE ( 'NONE', ( #4185 ), #2557, .T. ) ;
#1395 = CARTESIAN_POINT ( 'NONE',  ( 4.825536757609482797E-14, -1.153221661127096676, -0.5808750000000000302 ) ) ;
#1396 = CARTESIAN_POINT ( 'NONE',  ( -0.1912500000000008360, 2.487657972370797221, -6.873863542433756635 ) ) ;
#1397 = B_SPLINE_CURVE_WITH_KNOTS ( 'NONE', 3,
 ( #1411, #4255, #2442, #3129, #2799, #1046, #4280, #970 ),
 .UNSPECIFIED., .F., .F.,
 ( 4, 2, 2, 4 ),
 ( 0.0002272936175608548785, 0.001312383105340144459, 0.001854927849229789276, 0.002397472593119434527 ),
 .UNSPECIFIED. ) ;
#1398 = CARTESIAN_POINT ( 'NONE',  ( -1.172864355864536229E-16, -0.9577164262227594316, 9.100000000000003197 ) ) ;
#1399 = EDGE_CURVE ( 'NONE', #3456, #4194, #4346, .T. ) ;
#1400 = CARTESIAN_POINT ( 'NONE',  ( 0.7357503364870370266, 1.274356964481438315, -2.545312499999997424 ) ) ;
#1401 = EDGE_CURVE ( 'NONE', #1681, #3480, #3578, .T. ) ;
#1402 = CARTESIAN_POINT ( 'NONE',  ( 0.1912500000000070532, -2.487657972370796777, 9.832569145069300021 ) ) ;
#1403 = CARTESIAN_POINT ( 'NONE',  ( -0.8294067547305487009, 0.4788582131113693907, 5.800000000000004263 ) ) ;
#1404 = ORIENTED_EDGE ( 'NONE', *, *, #1603, .F. ) ;
#1405 = PERSON_AND_ORGANIZATION_ROLE ( 'creator' ) ;
#1406 = CARTESIAN_POINT ( 'NONE',  ( 1.443375672974070101, -7.168848815997138269E-15, 7.131250000000006750 ) ) ;
#1407 = CYLINDRICAL_SURFACE ( 'NONE', #3066, 1.249999999999998446 ) ;
#1408 = CARTESIAN_POINT ( 'NONE',  ( 0.5283505044260372596, -0.8783340733870828032, -3.899999999999999467 ) ) ;
#1409 = CARTESIAN_POINT ( 'NONE',  ( 0.8294067547305484789, -0.4788582131113834905, 10.01875000000000249 ) ) ;
#1410 = CARTESIAN_POINT ( 'NONE',  ( -1.105875672974077073, -5.702305418925192200E-15, -2.606249999999997957 ) ) ;
#1411 = CARTESIAN_POINT ( 'NONE',  ( -2.058749999992248281, -1.409456344663650995, 0.1674308549284702352 ) ) ;
#1412 = CARTESIAN_POINT ( 'NONE',  ( 1.471500672974068724, -7.174015294681039699E-15, 4.923437500000002132 ) ) ;
#1413 = ORIENTED_EDGE ( 'NONE', *, *, #1447, .T. ) ;
#1414 = CARTESIAN_POINT ( 'NONE',  ( 1.105875672974077295, -5.986944116048125822E-15, -2.831249999999997602 ) ) ;
#1415 =( BOUNDED_CURVE ( )  B_SPLINE_CURVE ( 2, ( #2323, #1871, #2980, #48, #1954, #3425, #2270 ),
 .UNSPECIFIED., .F., .F. ) 
 B_SPLINE_CURVE_WITH_KNOTS ( ( 3, 2, 2, 3 ),
 ( 0.2674326764651820953, 0.2859511949837005851, 0.3044697135022190748, 0.3229882320207375646 ),
 .UNSPECIFIED. ) 
 CURVE ( )  GEOMETRIC_REPRESENTATION_ITEM ( )  RATIONAL_B_SPLINE_CURVE ( ( 1.000000000000000000, 0.8660254037844387076, 1.000000000000000000, 0.8660254037844387076, 1.000000000000000000, 0.8660254037844387076, 1.000000000000000000 ) ) 
 REPRESENTATION_ITEM ( '' )  );
#1416 = CARTESIAN_POINT ( 'NONE',  ( -0.5529378364870326523, -0.9577164262227589875, 4.956250000000003375 ) ) ;
#1417 = FACE_OUTER_BOUND ( 'NONE', #79, .T. ) ;
#1418 = CARTESIAN_POINT ( 'NONE',  ( -0.7216878364870350504, -1.250000000000009326, -1.012500000000000844 ) ) ;
#1419 = CARTESIAN_POINT ( 'NONE',  ( 1.105875672974065083, -7.106851071790302181E-15, 9.212500000000003908 ) ) ;
#1420 = CARTESIAN_POINT ( 'NONE',  ( -1.560637177523338370E-16, -1.274356964481450083, -0.9328124999999978240 ) ) ;
#1421 = DIRECTION ( 'NONE',  ( -0.000000000000000000, 1.157433492142735316E-16, -1.000000000000000000 ) ) ;
#1422 = CARTESIAN_POINT ( 'NONE',  ( -0.5529378364870326523, -0.9577164262227589875, 10.35625000000000107 ) ) ;
#1423 = ORIENTED_EDGE ( 'NONE', *, *, #3105, .T. ) ;
#1424 = EDGE_CURVE ( 'NONE', #3861, #58, #4664, .T. ) ;
#1425 = DIRECTION ( 'NONE',  ( 0.000000000000000000, 0.000000000000000000, 1.000000000000000000 ) ) ;
#1426 = APPROVAL_ROLE ( '' ) ;
#1427 = LINE ( 'NONE', #1382, #1062 ) ;
#1428 = B_SPLINE_CURVE_WITH_KNOTS ( 'NONE', 3,
 ( #4490, #1101, #4388, #3287, #2627, #2575 ),
 .UNSPECIFIED., .F., .F.,
 ( 4, 2, 4 ),
 ( 8.705708351820914527E-15, 0.0002012759897655056114, 0.0004025519795223055130 ),
 .UNSPECIFIED. ) ;
#1429 = DIRECTION ( 'NONE',  ( 0.000000000000000000, 1.000000000000000000, 1.132070143937707872E-16 ) ) ;
#1430 = CARTESIAN_POINT ( 'NONE',  ( 0.5529378364870329854, 0.9577164262227449987, 7.431250000000003020 ) ) ;
#1431 = CARTESIAN_POINT ( 'NONE',  ( 0.7357503364870339180, -1.274356964481448307, 4.848437500000001954 ) ) ;
#1432 = ORIENTED_EDGE ( 'NONE', *, *, #1923, .F. ) ;
#1433 = CARTESIAN_POINT ( 'NONE',  ( 1.105875672974077295, -5.849171351144047992E-15, -0.5812499999999980460 ) ) ;
#1434 = CARTESIAN_POINT ( 'NONE',  ( -0.5529378364870328744, -0.9577164262227590985, 8.612500000000004263 ) ) ;
#1435 = LINE ( 'NONE', #2901, #3676 ) ;
#1436 = CARTESIAN_POINT ( 'NONE',  ( 1.530808498934191817E-16, -1.250000000000000444, -3.899999999999999911 ) ) ;
#1437 = EDGE_CURVE ( 'NONE', #477, #4350, #3452, .T. ) ;
#1438 =( BOUNDED_SURFACE ( )  B_SPLINE_SURFACE ( 1, 2, ( 
 ( #3839, #1628, #4604, #1285, #2761, #930, #3863, #206, #1672, #2189, #4748, #2807, #1440, #3569, #2578, #229, #2085, #978, #3268, #4042, #2056, #614, #3888, #3548, #1740, #254, #2827, #3936, #591, #4671, #1699, #3650, #3168, #4649, #1720, #1336, #4288, #2450, #3188, #1841, #3522, #4390, #738, #637, #2108, #274, #1486, #355, #1355, #3911, #4308, #3314, #998, #2474, #2905, #3291, #1079, #2556, #4020, #715, #1816, #4772, #2211, #1463, #954, #2927, #4412, #1104, #3673, #380, #18, #4264, #2427, #405, #793, #511, #3442, #3393, #2680, #2655, #1125, #150, #2950, #4436, #4544, #847, #43, #460, #873, #1973, #3782, #2602, #4068, #99, #3054, #70, #3729, #1229, #4465, #767, #2238, #1566, #2706 ),
 ( #3337, #2973, #1892, #4121, #2344, #2265, #4179, #431, #3703, #2318, #1866, #1511, #1151, #3026, #1176, #3364, #2629, #4492, #1591, #4095, #487, #1921, #3808, #818, #2288, #1539, #3002, #3755, #4515, #1201, #4147, #1948, #3420, #125, #243, #3537, #1325, #2391, #582, #3829, #1615, #1275, #2461, #558, #2365, #2023, #2046, #532, #3925, #2751, #628, #3488, #3511, #1297, #4279, #172, #3157, #1711, #3180, #4640, #3106, #944, #1997, #1661, #969, #195, #4226, #3128, #896, #217, #3854, #2418, #4614, #2773, #4592, #3877, #918, #1685, #4661, #604, #2728, #2798, #2098, #3466, #4254, #2441, #1640, #3901, #2070, #1347, #2819, #4300, #988, #3559, #3084, #4570, #1255, #4202, #2529, #2139, #3265, #2551, #4682 ) ),
 .UNSPECIFIED., .F., .F., .F. ) 
 B_SPLINE_SURFACE_WITH_KNOTS ( ( 2, 2 ),
 ( 3, 2, 2, 2, 2, 2, 2, 2, 2, 2, 2, 2, 2, 2, 2, 2, 2, 2, 2, 2, 2, 2, 2, 2, 2, 2, 2, 2, 2, 2, 2, 2, 2, 2, 2, 2, 2, 2, 2, 2, 2, 2, 2, 2, 2, 2, 2, 2, 2, 2, 2, 3 ),
 ( 0.000000000000000000, 1.000000000000000000 ),
 ( 0.000000000000000000, 0.01851851851851851749, 0.03703703703703703498, 0.05555555555555555247, 0.07407407407407406996, 0.09259259259259258745, 0.1111111111111111049, 0.1296296296296296224, 0.1481481481481481399, 0.1666666666666666574, 0.1851851851851851749, 0.2037037037037036924, 0.2222222222222222099, 0.2407407407407407274, 0.2592592592592592449, 0.2777777777777777901, 0.2962962962962962798, 0.3148148148148148251, 0.3333333333333333148, 0.3518518518518518601, 0.3703703703703703498, 0.3888888888888888951, 0.4074074074074073848, 0.4259259259259259300, 0.4444444444444444198, 0.4629629629629629650, 0.4814814814814814548, 0.5000000000000000000, 0.5185185185185184897, 0.5370370370370370905, 0.5555555555555555802, 0.5740740740740740700, 0.5925925925925925597, 0.6111111111111111605, 0.6296296296296296502, 0.6481481481481481399, 0.6666666666666666297, 0.6851851851851852304, 0.7037037037037037202, 0.7222222222222222099, 0.7407407407407406996, 0.7592592592592593004, 0.7777777777777777901, 0.7962962962962962798, 0.8148148148148147696, 0.8333333333333333703, 0.8518518518518518601, 0.8703703703703703498, 0.8888888888888888395, 0.9074074074074074403, 0.9259259259259259300, 0.9340994388318228925 ),
 .UNSPECIFIED. ) 
 GEOMETRIC_REPRESENTATION_ITEM ( )  RATIONAL_B_SPLINE_SURFACE ( (
 ( 1.000000000000000000, 0.8660254037844387076, 1.000000000000000000, 0.8660254037844387076, 1.000000000000000000, 0.8660254037844387076, 1.000000000000000000, 0.8660254037844387076, 1.000000000000000000, 0.8660254037844387076, 1.000000000000000000, 0.8660254037844387076, 1.000000000000000000, 0.8660254037844387076, 1.000000000000000000, 0.8660254037844387076, 1.000000000000000000, 0.8660254037844387076, 1.000000000000000000, 0.8660254037844387076, 1.000000000000000000, 0.8660254037844387076, 1.000000000000000000, 0.8660254037844387076, 1.000000000000000000, 0.8660254037844387076, 1.000000000000000000, 0.8660254037844387076, 1.000000000000000000, 0.8660254037844387076, 1.000000000000000000, 0.8660254037844387076, 1.000000000000000000, 0.8660254037844387076, 1.000000000000000000, 0.8660254037844387076, 1.000000000000000000, 0.8660254037844387076, 1.000000000000000000, 0.8660254037844387076, 1.000000000000000000, 0.8660254037844387076, 1.000000000000000000, 0.8660254037844387076, 1.000000000000000000, 0.8660254037844387076, 1.000000000000000000, 0.8660254037844387076, 1.000000000000000000, 0.8660254037844387076, 1.000000000000000000, 0.8660254037844387076, 1.000000000000000000, 0.8660254037844387076, 1.000000000000000000, 0.8660254037844387076, 1.000000000000000000, 0.8660254037844387076, 1.000000000000000000, 0.8660254037844387076, 1.000000000000000000, 0.8660254037844387076, 1.000000000000000000, 0.8660254037844387076, 1.000000000000000000, 0.8660254037844387076, 1.000000000000000000, 0.8660254037844387076, 1.000000000000000000, 0.8660254037844387076, 1.000000000000000000, 0.8660254037844387076, 1.000000000000000000, 0.8660254037844387076, 1.000000000000000000, 0.8660254037844387076, 1.000000000000000000, 0.8660254037844387076, 1.000000000000000000, 0.8660254037844387076, 1.000000000000000000, 0.8660254037844387076, 1.000000000000000000, 0.8660254037844387076, 1.000000000000000000, 0.8660254037844387076, 1.000000000000000000, 0.8660254037844387076, 1.000000000000000000, 0.8660254037844387076, 1.000000000000000000, 0.8660254037844387076, 1.000000000000000000, 0.8660254037844387076, 1.000000000000000000, 0.8660254037844387076, 1.000000000000000000, 0.8660254037844387076, 1.000000000000000000, 0.8660254037844387076, 1.000000000000000000, 0.9408676730735677785, 0.9339337805743381793),
 ( 1.000000000000000000, 0.8660254037844387076, 1.000000000000000000, 0.8660254037844387076, 1.000000000000000000, 0.8660254037844387076, 1.000000000000000000, 0.8660254037844387076, 1.000000000000000000, 0.8660254037844387076, 1.000000000000000000, 0.8660254037844387076, 1.000000000000000000, 0.8660254037844387076, 1.000000000000000000, 0.8660254037844387076, 1.000000000000000000, 0.8660254037844387076, 1.000000000000000000, 0.8660254037844387076, 1.000000000000000000, 0.8660254037844387076, 1.000000000000000000, 0.8660254037844387076, 1.000000000000000000, 0.8660254037844387076, 1.000000000000000000, 0.8660254037844387076, 1.000000000000000000, 0.8660254037844387076, 1.000000000000000000, 0.8660254037844387076, 1.000000000000000000, 0.8660254037844387076, 1.000000000000000000, 0.8660254037844387076, 1.000000000000000000, 0.8660254037844387076, 1.000000000000000000, 0.8660254037844387076, 1.000000000000000000, 0.8660254037844387076, 1.000000000000000000, 0.8660254037844387076, 1.000000000000000000, 0.8660254037844387076, 1.000000000000000000, 0.8660254037844387076, 1.000000000000000000, 0.8660254037844387076, 1.000000000000000000, 0.8660254037844387076, 1.000000000000000000, 0.8660254037844387076, 1.000000000000000000, 0.8660254037844387076, 1.000000000000000000, 0.8660254037844387076, 1.000000000000000000, 0.8660254037844387076, 1.000000000000000000, 0.8660254037844387076, 1.000000000000000000, 0.8660254037844387076, 1.000000000000000000, 0.8660254037844387076, 1.000000000000000000, 0.8660254037844387076, 1.000000000000000000, 0.8660254037844387076, 1.000000000000000000, 0.8660254037844387076, 1.000000000000000000, 0.8660254037844387076, 1.000000000000000000, 0.8660254037844387076, 1.000000000000000000, 0.8660254037844387076, 1.000000000000000000, 0.8660254037844387076, 1.000000000000000000, 0.8660254037844387076, 1.000000000000000000, 0.8660254037844387076, 1.000000000000000000, 0.8660254037844387076, 1.000000000000000000, 0.8660254037844387076, 1.000000000000000000, 0.8660254037844387076, 1.000000000000000000, 0.8660254037844387076, 1.000000000000000000, 0.8660254037844387076, 1.000000000000000000, 0.8660254037844387076, 1.000000000000000000, 0.8660254037844387076, 1.000000000000000000, 0.8660254037844387076, 1.000000000000000000, 0.9408676730735677785, 0.9339337805743381793) ) ) 
 REPRESENTATION_ITEM ( '' )  SURFACE ( )  );
#1439 = CARTESIAN_POINT ( 'NONE',  ( 0.7357503364870351392, 1.274356964481433874, 8.120312500000004263 ) ) ;
#1440 = CARTESIAN_POINT ( 'NONE',  ( 0.000000000000000000, 0.9577164262227571001, -3.618749999999997691 ) ) ;
#1441 = CARTESIAN_POINT ( 'NONE',  ( -0.5529378364870384255, 0.9577164262227572111, -3.637499999999998401 ) ) ;
#1442 = CARTESIAN_POINT ( 'NONE',  ( -2.249999999999999112, -0.3637187495185323360, 0.02598076211352218223 ) ) ;
#1443 = CARTESIAN_POINT ( 'NONE',  ( 1.105875672974064861, -7.106851071790302181E-15, 8.706250000000002487 ) ) ;
#1444 = ORIENTED_EDGE ( 'NONE', *, *, #2995, .T. ) ;
#1445 = CARTESIAN_POINT ( 'NONE',  ( -1.082531754730551965, -0.6250000000000075495, -2.400000000000001243 ) ) ;
#1446 = CALENDAR_DATE ( 2026, 8, 1 ) ;
#1447 = EDGE_CURVE ( 'NONE', #3495, #2334, #220, .T. ) ;
#1448 = ADVANCED_FACE ( 'NONE', ( #2821 ), #1733, .T. ) ;
#1449 = CARTESIAN_POINT ( 'NONE',  ( 0.7216878364870360496, 1.249999999999997780, 5.406250000000005329 ) ) ;
#1450 = VECTOR ( 'NONE', #1460, 1000.000000000000000 ) ;
#1451 = CARTESIAN_POINT ( 'NONE',  ( 0.8294067547305575827, -0.4788582131113877649, -3.824999999999998401 ) ) ;
#1452 = CARTESIAN_POINT ( 'NONE',  ( -1.530808498934197980E-16, -1.250000000000012434, 9.325000000000001066 ) ) ;
#1453 = CARTESIAN_POINT ( 'NONE',  ( 2.345728711729071966E-16, 0.9577164262227454428, 7.468750000000003553 ) ) ;
#1454 = CARTESIAN_POINT ( 'NONE',  ( -0.5529378364870384255, 0.9577164262227571001, -1.781249999999998224 ) ) ;
#1455 = CARTESIAN_POINT ( 'NONE',  ( -1.172864355864535983E-16, -0.9577164262227593206, 7.693750000000002309 ) ) ;
#1456 = LINE ( 'NONE', #4060, #3924 ) ;
#1457 = ORIENTED_EDGE ( 'NONE', *, *, #1541, .T. ) ;
#1458 = CARTESIAN_POINT ( 'NONE',  ( 0.5529378364870390916, 0.9577164262227571001, -1.406249999999997558 ) ) ;
#1459 = CARTESIAN_POINT ( 'NONE',  ( -0.8294067547305487009, 0.4788582131113694462, 9.850000000000003197 ) ) ;
#1460 = DIRECTION ( 'NONE',  ( 8.659560562354953812E-17, 0.7071067811865491270, 0.7071067811865459074 ) ) ;
#1461 = CARTESIAN_POINT ( 'NONE',  ( -1.105875672974077295, -5.760858844009423917E-15, -3.562499999999998224 ) ) ;
#1462 = CARTESIAN_POINT ( 'NONE',  ( -1.471500672974068724, -6.813601576860865123E-15, 7.820312500000003553 ) ) ;
#1463 = CARTESIAN_POINT ( 'NONE',  ( -1.105875672974077295, -5.647196312963561699E-15, -1.706249999999998268 ) ) ;
#1464 = CARTESIAN_POINT ( 'NONE',  ( -1.105875672974077295, -5.788413396990239167E-15, -4.012499999999998401 ) ) ;
#1465 = CARTESIAN_POINT ( 'NONE',  ( 1.443375672974070101, -7.168848815997138269E-15, 7.581250000000005151 ) ) ;
#1466 = CARTESIAN_POINT ( 'NONE',  ( 0.5529378364870320972, -0.9577164262227595426, 9.531250000000001776 ) ) ;
#1467 = ORIENTED_EDGE ( 'NONE', *, *, #3134, .F. ) ;
#1468 = PLANE ( 'NONE',  #3847 ) ;
#1469 = MECHANICAL_CONTEXT ( 'NONE', #3355, 'mechanical' ) ;
#1470 = ORIENTED_EDGE ( 'NONE', *, *, #1067, .T. ) ;
#1471 = CARTESIAN_POINT ( 'NONE',  ( -1.530808498934197980E-16, -1.250000000000012434, 7.018750000000006040 ) ) ;
#1472 = CARTESIAN_POINT ( 'NONE',  ( -0.7357503364870348062, -1.274356964481448085, 6.545312500000004086 ) ) ;
#1473 = CARTESIAN_POINT ( 'NONE',  ( -0.7216878364870354945, -1.250000000000012434, 9.287500000000001421 ) ) ;
#1474 = FACE_OUTER_BOUND ( 'NONE', #4521, .T. ) ;
#1475 = CARTESIAN_POINT ( 'NONE',  ( -1.105875672974064861, -6.835989651157778155E-15, 6.681250000000003020 ) ) ;
#1476 = CARTESIAN_POINT ( 'NONE',  ( 0.000000000000000000, 0.9577164262227573222, -1.368749999999997913 ) ) ;
#1477 = CARTESIAN_POINT ( 'NONE',  ( -1.172864355864535983E-16, -0.9577164262227593206, 9.043750000000002842 ) ) ;
#1478 = CARTESIAN_POINT ( 'NONE',  ( -1.211344358491331930, 0.2070080072499212998, -3.718757887314084520 ) ) ;
#1479 = ORIENTED_EDGE ( 'NONE', *, *, #3171, .F. ) ;
#1480 = CARTESIAN_POINT ( 'NONE',  ( 1.105875672974077295, -5.904280457105678493E-15, -1.481249999999997957 ) ) ;
#1481 = CARTESIAN_POINT ( 'NONE',  ( 0.5529378364870329854, 0.9577164262227451097, 8.837500000000002132 ) ) ;
#1482 = EDGE_CURVE ( 'NONE', #3328, #3590, #991, .T. ) ;
#1483 = LINE ( 'NONE', #759, #2770 ) ;
#1484 = CARTESIAN_POINT ( 'NONE',  ( -1.867499999999998606, -1.078201627711628197, -6.873863542433756635 ) ) ;
#1485 = CARTESIAN_POINT ( 'NONE',  ( -1.471500672974068724, -6.813601576860865123E-15, 8.720312500000003908 ) ) ;
#1486 = CARTESIAN_POINT ( 'NONE',  ( 0.8294067547305582488, 0.4788582131113750529, -2.343749999999997780 ) ) ;
#1487 = CARTESIAN_POINT ( 'NONE',  ( 0.8294067547305582488, 0.4788582131113749418, -3.749999999999998668 ) ) ;
#1488 = CARTESIAN_POINT ( 'NONE',  ( -0.9592123711032671807, 0.01502581339974706082, 9.379212371103596624 ) ) ;
#1489 = CARTESIAN_POINT ( 'NONE',  ( 2.345728711729071966E-16, 0.9577164262227454428, 7.918750000000001954 ) ) ;
#1490 = ORIENTED_EDGE ( 'NONE', *, *, #657, .T. ) ;
#1491 = CARTESIAN_POINT ( 'NONE',  ( -0.6780353727866319513, 0.6763791734722345295, -0.4680000000000000271 ) ) ;
#1492 = DATE_AND_TIME ( #4736, #2993 ) ;
#1493 = ORIENTED_EDGE ( 'NONE', *, *, #2078, .T. ) ;
#1494 = CARTESIAN_POINT ( 'NONE',  ( 0.000000000000000000, -1.258909218984051749E-16, -3.899999999999999911 ) ) ;
#1495 = CARTESIAN_POINT ( 'NONE',  ( 1.103625504730551432, -0.6371784822407281501, 5.757812500000004441 ) ) ;
#1496 = CARTESIAN_POINT ( 'NONE',  ( -1.530808498934196747E-16, -1.250000000000009770, -3.618749999999995914 ) ) ;
#1497 = CARTESIAN_POINT ( 'NONE',  ( -1.246827795634830371, -0.04144711601487446190, 9.666827795635374088 ) ) ;
#1498 = CARTESIAN_POINT ( 'NONE',  ( 0.8294067547305484789, -0.4788582131113834905, 8.218750000000001776 ) ) ;
#1499 = CARTESIAN_POINT ( 'NONE',  ( 0.5529378364870382034, -0.9577164262227689795, -1.556249999999997469 ) ) ;
#1500 = CARTESIAN_POINT ( 'NONE',  ( -0.8294067547305487009, 0.4788582131113693907, 8.893750000000002487 ) ) ;
#1501 = CARTESIAN_POINT ( 'NONE',  ( -1.103625504730551876, -0.6371784822407272619, 6.085937500000001776 ) ) ;
#1502 = ORIENTED_EDGE ( 'NONE', *, *, #8, .F. ) ;
#1503 = CARTESIAN_POINT ( 'NONE',  ( 0.000000000000000000, 0.9577164262227572111, -1.818749999999997868 ) ) ;
#1504 = CARTESIAN_POINT ( 'NONE',  ( 0.5529378364870322082, -0.9577164262227596536, 9.587500000000005684 ) ) ;
#1505 = CARTESIAN_POINT ( 'NONE',  ( 0.8294067547305490340, 0.4788582131113686691, 8.350000000000003197 ) ) ;
#1506 = CARTESIAN_POINT ( 'NONE',  ( -1.530808498934197980E-16, -1.250000000000012434, 8.875000000000001776 ) ) ;
#1507 = CARTESIAN_POINT ( 'NONE',  ( 0.7216878364870346063, -1.250000000000012434, 6.662500000000001421 ) ) ;
#1508 = ADVANCED_FACE ( 'NONE', ( #669 ), #846, .T. ) ;
#1509 = B_SPLINE_CURVE_WITH_KNOTS ( 'NONE', 3,
 ( #2123, #1442, #1056, #292 ),
 .UNSPECIFIED., .F., .F.,
 ( 4, 4 ),
 ( 0.01041104049842626542, 0.01149741527641634682 ),
 .UNSPECIFIED. ) ;
#1510 = CARTESIAN_POINT ( 'NONE',  ( 1.103625504730551432, -0.6371784822407281501, 8.907812500000003908 ) ) ;
#1511 = CARTESIAN_POINT ( 'NONE',  ( 0.7357503364870370266, 1.274356964481438315, -3.473437499999998401 ) ) ;
#1512 = CARTESIAN_POINT ( 'NONE',  ( 0.8294067547305575827, -0.4788582131113877094, -2.924999999999998934 ) ) ;
#1513 = CARTESIAN_POINT ( 'NONE',  ( 0.7216878364870346063, -1.250000000000012434, 5.706250000000005151 ) ) ;
#1514 = CARTESIAN_POINT ( 'NONE',  ( -0.5529378364870326523, -0.9577164262227589875, 7.656250000000002665 ) ) ;
#1515 = ORIENTED_EDGE ( 'NONE', *, *, #713, .T. ) ;
#1516 = DIRECTION ( 'NONE',  ( 0.000000000000000000, 1.000000000000000000, 1.132070143937707872E-16 ) ) ;
#1517 = ORIENTED_EDGE ( 'NONE', *, *, #493, .T. ) ;
#1518 = CARTESIAN_POINT ( 'NONE',  ( 1.103625504730551432, -0.6371784822407281501, 5.307812500000004263 ) ) ;
#1519 = CARTESIAN_POINT ( 'NONE',  ( -1.105875672974077073, -5.733304291028609455E-15, -3.112499999999998934 ) ) ;
#1520 = CARTESIAN_POINT ( 'NONE',  ( 1.059328673275476973, 0.06253282165709388163, -0.5224356209979879040 ) ) ;
#1521 = CARTESIAN_POINT ( 'NONE',  ( 0.5529378364870320972, -0.9577164262227595426, 7.281250000000003553 ) ) ;
#1522 = CIRCLE ( 'NONE', #2072, 0.9577164262227576552 ) ;
#1523 = CARTESIAN_POINT ( 'NONE',  ( 0.8294067547305582488, 0.4788582131113751084, -0.9937499999999981348 ) ) ;
#1524 = CARTESIAN_POINT ( 'NONE',  ( 2.345728711729071966E-16, 0.9577164262227454428, 7.468750000000003553 ) ) ;
#1525 = CARTESIAN_POINT ( 'NONE',  ( 1.439628572465428746, 1.766906267507320827, 9.961077762676607605 ) ) ;
#1526 = EDGE_LOOP ( 'NONE', ( #1048, #2314, #3103, #745 ) ) ;
#1527 = CARTESIAN_POINT ( 'NONE',  ( -0.8294067547305579158, -0.4788582131113870433, -2.118749999999997691 ) ) ;
#1528 = CARTESIAN_POINT ( 'NONE',  ( -1.172864355864536229E-16, -0.9577164262227594316, 6.850000000000004086 ) ) ;
#1529 = CARTESIAN_POINT ( 'NONE',  ( -0.8294067547305488119, -0.4788582131113828799, 8.125000000000003553 ) ) ;
#1530 = PRODUCT_DEFINITION ( 'UNKNOWN', '', #3615, #3630 ) ;
#1531 = CONICAL_SURFACE ( 'NONE', #4245, 1.024999999999996803, 0.7853981633974507215 ) ;
#1532 = CARTESIAN_POINT ( 'NONE',  ( 0.5754070576188877739, -0.8972551561046367974, 9.477322409931844049 ) ) ;
#1533 = ORIENTED_EDGE ( 'NONE', *, *, #1381, .T. ) ;
#1534 = DIRECTION ( 'NONE',  ( -0.000000000000000000, 1.157433492142735316E-16, -1.000000000000000000 ) ) ;
#1535 = ADVANCED_FACE ( 'NONE', ( #3247 ), #797, .T. ) ;
#1536 = CARTESIAN_POINT ( 'NONE',  ( 3.121274355046668358E-16, 1.274356964481434318, 9.057812500000002487 ) ) ;
#1537 = VECTOR ( 'NONE', #1642, 1000.000000000000000 ) ;
#1538 = B_SPLINE_CURVE_WITH_KNOTS ( 'NONE', 3,
 ( #711, #2186, #1732, #1368, #3647, #3286 ),
 .UNSPECIFIED., .F., .F.,
 ( 4, 2, 4 ),
 ( 5.063424382313155013E-17, 0.0002012759897611589635, 0.0004025519795222672948 ),
 .UNSPECIFIED. ) ;
#1539 = CARTESIAN_POINT ( 'NONE',  ( -0.7357503364870361384, 1.274356964481438537, -2.948437499999998934 ) ) ;
#1540 = APPROVAL_PERSON_ORGANIZATION ( #4396, #676, #3275 ) ;
#1541 = EDGE_CURVE ( 'NONE', #359, #700, #3042, .T. ) ;
#1542 = CARTESIAN_POINT ( 'NONE',  ( -1.105875672974077295, -5.705749738047793416E-15, -2.662499999999998757 ) ) ;
#1543 = CARTESIAN_POINT ( 'NONE',  ( 3.061616997868395960E-16, 1.249999999999998224, 5.893750000000006040 ) ) ;
#1544 = CARTESIAN_POINT ( 'NONE',  ( 2.345728711729071966E-16, 0.9577164262227454428, 7.468750000000003553 ) ) ;
#1545 = ORIENTED_EDGE ( 'NONE', *, *, #103, .T. ) ;
#1546 = ADVANCED_FACE ( 'NONE', ( #621 ), #4314, .F. ) ;
#1547 = EDGE_CURVE ( 'NONE', #1834, #1316, #3972, .T. ) ;
#1548 = CARTESIAN_POINT ( 'NONE',  ( -0.5529378364870326523, -0.9577164262227589875, 9.512500000000001066 ) ) ;
#1549 = ORIENTED_EDGE ( 'NONE', *, *, #4408, .F. ) ;
#1550 = CARTESIAN_POINT ( 'NONE',  ( 3.061616997868395960E-16, 1.249999999999998224, 8.593750000000005329 ) ) ;
#1551 = CARTESIAN_POINT ( 'NONE',  ( 1.103625504730552320, 0.6371784822407128290, 6.732812500000004086 ) ) ;
#1552 = CARTESIAN_POINT ( 'NONE',  ( -1.105875672974077073, -5.623086079105347664E-15, -1.312499999999998668 ) ) ;
#1553 = CARTESIAN_POINT ( 'NONE',  ( 1.103625504730555207, 0.6371784822407154936, -3.932812499999997158 ) ) ;
#1554 = CARTESIAN_POINT ( 'NONE',  ( -1.172864355864535983E-16, -0.9577164262227593206, 5.893750000000003375 ) ) ;
#1555 = CARTESIAN_POINT ( 'NONE',  ( -1.082531754730551965, -0.6250000000000075495, -2.793749999999995737 ) ) ;
#1556 = CARTESIAN_POINT ( 'NONE',  ( -0.8294067547305488119, -0.4788582131113828244, 8.068750000000003197 ) ) ;
#1557 = DIRECTION ( 'NONE',  ( -0.000000000000000000, 1.157433492142735316E-16, -1.000000000000000000 ) ) ;
#1558 = ORIENTED_EDGE ( 'NONE', *, *, #2788, .T. ) ;
#1559 = CARTESIAN_POINT ( 'NONE',  ( -0.3145744750618094665, -0.9408255328532517670, -0.2657456757903419731 ) ) ;
#1560 = CARTESIAN_POINT ( 'NONE',  ( -1.105875672974065083, -6.835989651157778155E-15, 5.837500000000003020 ) ) ;
#1561 = CARTESIAN_POINT ( 'NONE',  ( 0.5529378364870322082, -0.9577164262227597646, 6.887500000000002842 ) ) ;
#1562 = CARTESIAN_POINT ( 'NONE',  ( 0.000000000000000000, 1.249999999999998446, -0.7500000000000009992 ) ) ;
#1563 = FACE_OUTER_BOUND ( 'NONE', #4318, .T. ) ;
#1564 = VERTEX_POINT ( 'NONE', #2810 ) ;
#1565 = CARTESIAN_POINT ( 'NONE',  ( 0.5529378364870383145, -0.9577164262227688685, -2.062499999999998668 ) ) ;
#1566 = CARTESIAN_POINT ( 'NONE',  ( -0.7170883541538657369, -0.6733993895350912640, -0.3035152313019990888 ) ) ;
#1567 = CARTESIAN_POINT ( 'NONE',  ( -1.105875672974077295, -5.650640632086162915E-15, -1.762499999999999067 ) ) ;
#1568 = CARTESIAN_POINT ( 'NONE',  ( 0.000000000000000000, -1.258909218984051749E-16, -3.899999999999999911 ) ) ;
#1569 = CARTESIAN_POINT ( 'NONE',  ( 0.8294067547305484789, -0.4788582131113834905, 6.418750000000002842 ) ) ;
#1570 = EDGE_LOOP ( 'NONE', ( #284, #3018, #66, #4340 ) ) ;
#1571 = CARTESIAN_POINT ( 'NONE',  ( 1.443375672974070101, -7.168848815997138269E-15, 6.681250000000004796 ) ) ;
#1572 = CARTESIAN_POINT ( 'NONE',  ( 0.5529378364870329854, 0.9577164262227449987, 9.737500000000002487 ) ) ;
#1573 = VERTEX_POINT ( 'NONE', #2478 ) ;
#1574 = CARTESIAN_POINT ( 'NONE',  ( 0.7216878364870329410, -1.250000000000012212, -2.287500000000000533 ) ) ;
#1575 = CARTESIAN_POINT ( 'NONE',  ( 0.5529378364870329854, 0.9577164262227449987, 6.587500000000003908 ) ) ;
#1576 = EDGE_CURVE ( 'NONE', #2711, #1654, #399, .T. ) ;
#1577 = ORIENTED_EDGE ( 'NONE', *, *, #806, .T. ) ;
#1578 = CARTESIAN_POINT ( 'NONE',  ( -0.5529378364870388696, -0.9577164262227686464, -3.487499999999998934 ) ) ;
#1579 = DIRECTION ( 'NONE',  ( 0.000000000000000000, 1.000000000000000000, 8.673617379884040402E-17 ) ) ;
#1580 = CARTESIAN_POINT ( 'NONE',  ( 3.061616997868395960E-16, 1.249999999999998224, 5.950000000000001066 ) ) ;
#1581 = CARTESIAN_POINT ( 'NONE',  ( -1.105875672974064861, -6.835989651157778155E-15, 5.781250000000002665 ) ) ;
#1582 = CARTESIAN_POINT ( 'NONE',  ( 1.082531754730553519, 0.6249999999999948930, 8.518750000000006040 ) ) ;
#1583 = ORIENTED_EDGE ( 'NONE', *, *, #4408, .T. ) ;
#1584 = CARTESIAN_POINT ( 'NONE',  ( 0.7216878364870341622, -1.250000000000009992, -1.387500000000000622 ) ) ;
#1585 = CARTESIAN_POINT ( 'NONE',  ( -0.8294067547305488119, -0.4788582131113828799, 6.325000000000003730 ) ) ;
#1586 = CARTESIAN_POINT ( 'NONE',  ( 0.8294067547305490340, 0.4788582131113686691, 5.200000000000002842 ) ) ;
#1587 = CARTESIAN_POINT ( 'NONE',  ( -1.082531754730552853, 0.6249999999999957812, 6.925000000000001599 ) ) ;
#1588 = CARTESIAN_POINT ( 'NONE',  ( -1.082531754730551743, 0.6249999999999963363, -3.318749999999995204 ) ) ;
#1589 = ORIENTED_EDGE ( 'NONE', *, *, #1826, .F. ) ;
#1590 = CARTESIAN_POINT ( 'NONE',  ( -1.172864355864548802E-16, -0.9577164262227688685, -3.449999999999998845 ) ) ;
#1591 = CARTESIAN_POINT ( 'NONE',  ( -1.560637177523338370E-16, -1.274356964481450305, -3.210937499999999112 ) ) ;
#1592 = CARTESIAN_POINT ( 'NONE',  ( 0.8294067547305582488, 0.4788582131113751084, -1.049999999999998934 ) ) ;
#1593 = CYLINDRICAL_SURFACE ( 'NONE', #4233, 1.249999999999998446 ) ;
#1594 = CARTESIAN_POINT ( 'NONE',  ( 2.345728711729071966E-16, 0.9577164262227454428, 6.568750000000002309 ) ) ;
#1595 = VERTEX_POINT ( 'NONE', #2791 ) ;
#1596 = CYLINDRICAL_SURFACE ( 'NONE', #3458, 1.250000000000000222 ) ;
#1597 = CARTESIAN_POINT ( 'NONE',  ( 0.5529378364870320972, -0.9577164262227595426, 10.03750000000000320 ) ) ;
#1598 =( BOUNDED_CURVE ( )  B_SPLINE_CURVE ( 2, ( #2766, #2453, #2849, #2060, #2432, #1703, #2037 ),
 .UNSPECIFIED., .F., .T. ) 
 B_SPLINE_CURVE_WITH_KNOTS ( ( 3, 2, 2, 3 ),
 ( 0.5897435897435896468, 0.6025641025641025328, 0.6153846153846154188, 0.6282051282051281937 ),
 .UNSPECIFIED. ) 
 CURVE ( )  GEOMETRIC_REPRESENTATION_ITEM ( )  RATIONAL_B_SPLINE_CURVE ( ( 1.000000000000000000, 0.8660254037844387076, 1.000000000000000000, 0.8660254037844387076, 1.000000000000000000, 0.8660254037844387076, 1.000000000000000000 ) ) 
 REPRESENTATION_ITEM ( '' )  );
#1599 = CARTESIAN_POINT ( 'NONE',  ( 0.5529378364870320972, -0.9577164262227595426, 7.337500000000003908 ) ) ;
#1600 = ORIENTED_EDGE ( 'NONE', *, *, #1576, .F. ) ;
#1601 = CARTESIAN_POINT ( 'NONE',  ( 0.000000000000000000, 0.9577164262227572111, -3.224999999999998757 ) ) ;
#1602 = CARTESIAN_POINT ( 'NONE',  ( -0.5186625655282682823, 1.249999999999998668, -0.6667995025356265870 ) ) ;
#1603 = EDGE_CURVE ( 'NONE', #2687, #2809, #221, .T. ) ;
#1604 = CARTESIAN_POINT ( 'NONE',  ( 1.082531754730553519, 0.6249999999999948930, 5.875000000000001776 ) ) ;
#1605 = CARTESIAN_POINT ( 'NONE',  ( 0.1305309167426159378, 0.9577164262227453317, 5.209897450843760325 ) ) ;
#1606 = CARTESIAN_POINT ( 'NONE',  ( 2.115893281016534289, -1.376464655981899599, 9.816106350272754355 ) ) ;
#1607 = ORIENTED_EDGE ( 'NONE', *, *, #4365, .T. ) ;
#1608 = CARTESIAN_POINT ( 'NONE',  ( 1.105875672974065083, -7.106851071790302181E-15, 6.062500000000003553 ) ) ;
#1609 = CARTESIAN_POINT ( 'NONE',  ( -1.530808498934197980E-16, -1.250000000000012434, 6.174999999999999822 ) ) ;
#1610 = DIRECTION ( 'NONE',  ( 0.000000000000000000, 1.000000000000000000, 0.000000000000000000 ) ) ;
#1611 = VECTOR ( 'NONE', #639, 1000.000000000000000 ) ;
#1612 = ORIENTED_EDGE ( 'NONE', *, *, #1127, .F. ) ;
#1613 = CARTESIAN_POINT ( 'NONE',  ( 1.105875672974077295, -6.017942988151542289E-15, -3.337499999999998579 ) ) ;
#1614 = VECTOR ( 'NONE', #4174, 1000.000000000000000 ) ;
#1615 = CARTESIAN_POINT ( 'NONE',  ( -1.103625504730554763, -0.6371784822407277060, -2.385937499999999378 ) ) ;
#1616 = B_SPLINE_CURVE_WITH_KNOTS ( 'NONE', 3,
 ( #1763, #4355, #2362, #2312, #3462, #1224, #4566, #2725 ),
 .UNSPECIFIED., .F., .F.,
 ( 4, 2, 2, 4 ),
 ( 0.0002272936175608552851, 0.001312383105340146194, 0.001854927849229791662, 0.002397472593119437563 ),
 .UNSPECIFIED. ) ;
#1617 = CARTESIAN_POINT ( 'NONE',  ( -1.172864355864548802E-16, -0.9577164262227687574, -1.649999999999998579 ) ) ;
#1618 = CARTESIAN_POINT ( 'NONE',  ( 0.2508483970610538849, 1.147846989145018703, 9.584743209888150872 ) ) ;
#1619 = VECTOR ( 'NONE', #3862, 1000.000000000000000 ) ;
#1620 = CARTESIAN_POINT ( 'NONE',  ( -0.8294067547305488119, -0.4788582131113828244, 5.818750000000002309 ) ) ;
#1621 = AXIS2_PLACEMENT_3D ( 'NONE', #2762, #1286, #3140 ) ;
#1622 = DIRECTION ( 'NONE',  ( -0.000000000000000000, 1.157433492142735316E-16, -1.000000000000000000 ) ) ;
#1623 = DIRECTION ( 'NONE',  ( -0.000000000000000000, 1.157433492142735316E-16, -1.000000000000000000 ) ) ;
#1624 = CC_DESIGN_APPROVAL ( #1684, ( #2707 ) ) ;
#1625 = CARTESIAN_POINT ( 'NONE',  ( 0.8294067547305484789, -0.4788582131113834905, 8.275000000000002132 ) ) ;
#1626 = ORIENTED_EDGE ( 'NONE', *, *, #3243, .F. ) ;
#1627 = CARTESIAN_POINT ( 'NONE',  ( 0.8294067547305575827, -0.4788582131113875984, -1.574999999999998623 ) ) ;
#1628 = CARTESIAN_POINT ( 'NONE',  ( -0.5529378364870384255, 0.9577164262227572111, -4.031249999999997335 ) ) ;
#1629 = DIRECTION ( 'NONE',  ( 0.000000000000000000, 1.000000000000000000, 0.000000000000000000 ) ) ;
#1630 = CARTESIAN_POINT ( 'NONE',  ( -0.5529378364870327633, -0.9577164262227590985, 6.306250000000003020 ) ) ;
#1631 = DIRECTION ( 'NONE',  ( -0.000000000000000000, 1.157433492142735316E-16, -1.000000000000000000 ) ) ;
#1632 = ORIENTED_EDGE ( 'NONE', *, *, #2542, .F. ) ;
#1633 = CARTESIAN_POINT ( 'NONE',  ( 1.082531754730553519, 0.6249999999999948930, 8.125000000000000000 ) ) ;
#1634 = CARTESIAN_POINT ( 'NONE',  ( -0.8294067547305488119, -0.4788582131113828799, 7.675000000000003375 ) ) ;
#1635 = CARTESIAN_POINT ( 'NONE',  ( -0.5529378364870328744, -0.9577164262227593206, 6.362500000000002487 ) ) ;
#1636 = CARTESIAN_POINT ( 'NONE',  ( 1.102600906380565959, 1.587035974451554868E-11, 9.522600906380569441 ) ) ;
#1637 = ORIENTED_EDGE ( 'NONE', *, *, #295, .F. ) ;
#1638 = CARTESIAN_POINT ( 'NONE',  ( 0.5529378364870390916, 0.9577164262227568781, -3.262499999999998401 ) ) ;
#1639 = EDGE_CURVE ( 'NONE', #318, #3977, #4446, .T. ) ;
#1640 = CARTESIAN_POINT ( 'NONE',  ( -1.103625504730554541, 0.6371784822407167148, -0.6609374999999991784 ) ) ;
#1641 = CARTESIAN_POINT ( 'NONE',  ( -1.105875672974077295, -5.678195185066978954E-15, -2.212499999999998135 ) ) ;
#1642 = DIRECTION ( 'NONE',  ( -0.000000000000000000, 1.157433492142735316E-16, -1.000000000000000000 ) ) ;
#1643 = CARTESIAN_POINT ( 'NONE',  ( 0.5529378364870320972, -0.9577164262227595426, 6.831250000000001599 ) ) ;
#1644 = CARTESIAN_POINT ( 'NONE',  ( -1.082531754730551743, 0.6249999999999964473, -3.375000000000000888 ) ) ;
#1645 = CARTESIAN_POINT ( 'NONE',  ( 0.8294067547305490340, 0.4788582131113686136, 10.60000000000000320 ) ) ;
#1646 = CARTESIAN_POINT ( 'NONE',  ( 0.8294067547305484789, -0.4788582131113834905, 7.375000000000002665 ) ) ;
#1647 = ORIENTED_EDGE ( 'NONE', *, *, #1437, .F. ) ;
#1648 = CARTESIAN_POINT ( 'NONE',  ( -0.5529378364870388696, -0.9577164262227683134, -0.7874999999999987566 ) ) ;
#1649 = CARTESIAN_POINT ( 'NONE',  ( -0.06687076361144068948, 2.538958566004964723, 9.807193742990293117 ) ) ;
#1650 = CARTESIAN_POINT ( 'NONE',  ( 0.000000000000000000, -5.512477302608603747E-16, -0.2249999999999999500 ) ) ;
#1651 = CARTESIAN_POINT ( 'NONE',  ( -1.172864355864535983E-16, -0.9577164262227593206, 6.343750000000001776 ) ) ;
#1652 = LINE ( 'NONE', #3975, #693 ) ;
#1653 = EDGE_CURVE ( 'NONE', #2136, #1027, #4171, .T. ) ;
#1654 = VERTEX_POINT ( 'NONE', #3618 ) ;
#1655 = CARTESIAN_POINT ( 'NONE',  ( 1.281228882126024482, -1.858358371364332573, 0.02587396801048701123 ) ) ;
#1656 = CARTESIAN_POINT ( 'NONE',  ( -2.249999999999999556, -1.144202757444289897, 0.1838980789322536835 ) ) ;
#1657 = CARTESIAN_POINT ( 'NONE',  ( 0.8294067547305484789, -0.4788582131113835461, 6.925000000000004263 ) ) ;
#1658 = CARTESIAN_POINT ( 'NONE',  ( 0.7357503364870351392, 1.274356964481433874, 6.798437500000002132 ) ) ;
#1659 = VERTEX_POINT ( 'NONE', #4422 ) ;
#1660 = CARTESIAN_POINT ( 'NONE',  ( -1.172864355864548802E-16, -0.9577164262227687574, -1.649999999999998579 ) ) ;
#1661 = CARTESIAN_POINT ( 'NONE',  ( -1.471500672974072721, -5.613614201518192939E-15, -1.523437499999999112 ) ) ;
#1662 = EDGE_CURVE ( 'NONE', #386, #4443, #4399, .T. ) ;
#1663 = CARTESIAN_POINT ( 'NONE',  ( -0.1912500000077523299, -2.487657972366326131, 9.832569145071529348 ) ) ;
#1664 = EDGE_CURVE ( 'NONE', #50, #1573, #1357, .T. ) ;
#1665 = DIRECTION ( 'NONE',  ( -0.000000000000000000, -0.000000000000000000, -1.000000000000000000 ) ) ;
#1666 = CARTESIAN_POINT ( 'NONE',  ( 0.8294067547305484789, -0.4788582131113834905, 5.068750000000003197 ) ) ;
#1667 = DIRECTION ( 'NONE',  ( 0.000000000000000000, 1.000000000000000000, 0.000000000000000000 ) ) ;
#1668 = CARTESIAN_POINT ( 'NONE',  ( -1.471500672974072721, -5.694555700899338477E-15, -2.845312499999997691 ) ) ;
#1669 = CARTESIAN_POINT ( 'NONE',  ( -0.5529378364870326523, -0.9577164262227589875, 6.812500000000003553 ) ) ;
#1670 = ORIENTED_EDGE ( 'NONE', *, *, #4466, .T. ) ;
#1671 = CARTESIAN_POINT ( 'NONE',  ( -0.9199912631129076868, -0.4084750688225801674, -3.900000000000007017 ) ) ;
#1672 = CARTESIAN_POINT ( 'NONE',  ( 0.8294067547305575827, -0.4788582131113877649, -3.768749999999997602 ) ) ;
#1673 = CARTESIAN_POINT ( 'NONE',  ( 2.345728711729071966E-16, 0.9577164262227454428, 5.668750000000002842 ) ) ;
#1674 = CARTESIAN_POINT ( 'NONE',  ( -1.867499999999999050, 1.078201627711623756, -6.873863542433756635 ) ) ;
#1675 = EDGE_LOOP ( 'NONE', ( #2759, #1307, #4527, #1208 ) ) ;
#1676 = FACE_OUTER_BOUND ( 'NONE', #841, .T. ) ;
#1677 = CARTESIAN_POINT ( 'NONE',  ( 0.5529378364870329854, 0.9577164262227451097, 5.237500000000002487 ) ) ;
#1678 = CARTESIAN_POINT ( 'NONE',  ( 2.345728711729071966E-16, 0.9577164262227454428, 10.16875000000000284 ) ) ;
#1679 = CARTESIAN_POINT ( 'NONE',  ( -0.2137350509607471860, -1.008978450086158052, 9.442396550230691687 ) ) ;
#1680 = CARTESIAN_POINT ( 'NONE',  ( 0.7357503364870351392, 1.274356964481433874, 7.698437500000002487 ) ) ;
#1681 = VERTEX_POINT ( 'NONE', #1408 ) ;
#1682 = CARTESIAN_POINT ( 'NONE',  ( -0.8294067547305579158, -0.4788582131113869322, -0.3749999999999986122 ) ) ;
#1683 = CARTESIAN_POINT ( 'NONE',  ( 0.7357503364870351392, 1.274356964481433874, 9.498437500000001421 ) ) ;
#1684 = APPROVAL ( #3233, 'UNSPECIFIED' ) ;
#1685 = CARTESIAN_POINT ( 'NONE',  ( -0.7357503364870368046, -1.274356964481449861, -0.9984374999999988676 ) ) ;
#1686 = AXIS2_PLACEMENT_3D ( 'NONE', #2013, #3251, #2380 ) ;
#1687 = DIRECTION ( 'NONE',  ( 0.000000000000000000, 1.000000000000000000, 0.000000000000000000 ) ) ;
#1688 = CARTESIAN_POINT ( 'NONE',  ( -0.7216878364870397133, 1.249999999999990452, -1.162499999999999867 ) ) ;
#1689 = CARTESIAN_POINT ( 'NONE',  ( 0.7372736377010226105, -0.7654972389042845604, -3.888998823031484697 ) ) ;
#1690 = VECTOR ( 'NONE', #3971, 1000.000000000000000 ) ;
#1691 = EDGE_CURVE ( 'NONE', #1193, #3590, #4534, .T. ) ;
#1692 = CARTESIAN_POINT ( 'NONE',  ( 0.000000000000000000, 9.025506355797229604E-16, 9.670000000000001705 ) ) ;
#1693 = CARTESIAN_POINT ( 'NONE',  ( 0.000000000000000000, 1.274356964481438759, -2.507812499999997335 ) ) ;
#1694 = CIRCLE ( 'NONE', #688, 0.9577164262227576552 ) ;
#1695 = CARTESIAN_POINT ( 'NONE',  ( -1.105875672974064861, -6.835989651157778155E-15, 9.831250000000002487 ) ) ;
#1696 = ORIENTED_EDGE ( 'NONE', *, *, #3512, .T. ) ;
#1697 = EDGE_CURVE ( 'NONE', #3822, #3525, #4155, .T. ) ;
#1698 = CARTESIAN_POINT ( 'NONE',  ( 0.000000000000000000, 0.9577164262227573222, -0.5249999999999985789 ) ) ;
#1699 = CARTESIAN_POINT ( 'NONE',  ( -1.172864355864548802E-16, -0.9577164262227687574, -2.943749999999997424 ) ) ;
#1700 = CARTESIAN_POINT ( 'NONE',  ( -1.443375672974070101, -6.815323736422166126E-15, 6.456250000000005151 ) ) ;
#1701 = CARTESIAN_POINT ( 'NONE',  ( -1.443413851512608703, 1.764720835630474216, 9.973803626818030565 ) ) ;
#1702 = ORIENTED_EDGE ( 'NONE', *, *, #38, .T. ) ;
#1703 = CARTESIAN_POINT ( 'NONE',  ( -0.7216878364870354945, -1.250000000000012434, 8.387500000000001066 ) ) ;
#1704 = CARTESIAN_POINT ( 'NONE',  ( -1.530808498934197980E-16, -1.250000000000012434, 5.725000000000001421 ) ) ;
#1705 = CARTESIAN_POINT ( 'NONE',  ( 0.8294067547305484789, -0.4788582131113834905, 8.668750000000002842 ) ) ;
#1706 = CARTESIAN_POINT ( 'NONE',  ( 0.000000000000000000, 0.9577164262227572111, -2.718749999999998224 ) ) ;
#1707 = CARTESIAN_POINT ( 'NONE',  ( -1.103625504730551876, -0.6371784822407272619, 7.885937500000002487 ) ) ;
#1708 = ORIENTED_EDGE ( 'NONE', *, *, #3747, .T. ) ;
#1709 = CARTESIAN_POINT ( 'NONE',  ( 0.000000000000000000, 0.9577164262227573222, -0.5249999999999985789 ) ) ;
#1710 = CARTESIAN_POINT ( 'NONE',  ( 1.105875672974064861, -7.106851071790302181E-15, 5.106250000000002842 ) ) ;
#1711 = CARTESIAN_POINT ( 'NONE',  ( 1.471500672974072721, -5.987805195828774746E-15, -1.748437499999999201 ) ) ;
#1712 = CARTESIAN_POINT ( 'NONE',  ( 3.061616997868395960E-16, 1.249999999999998224, 8.650000000000000355 ) ) ;
#1713 = CARTESIAN_POINT ( 'NONE',  ( 0.1801128708927442201, -0.9668091514755691174, -3.899999999999999023 ) ) ;
#1714 = DIRECTION ( 'NONE',  ( 0.000000000000000000, 1.000000000000000000, 0.000000000000000000 ) ) ;
#1715 = CARTESIAN_POINT ( 'NONE',  ( 0.7216878364870378260, 1.249999999999993783, -0.7875000000000009770 ) ) ;
#1716 = CARTESIAN_POINT ( 'NONE',  ( -1.560637177523338370E-16, -1.274356964481450305, -3.632812499999997780 ) ) ;
#1717 = CARTESIAN_POINT ( 'NONE',  ( -0.8294067547305488119, -0.4788582131113828244, 6.325000000000003730 ) ) ;
#1718 = ORIENTED_EDGE ( 'NONE', *, *, #657, .F. ) ;
#1719 = CARTESIAN_POINT ( 'NONE',  ( -1.530808498934197980E-16, -1.250000000000012434, 7.525000000000000355 ) ) ;
#1720 = CARTESIAN_POINT ( 'NONE',  ( 0.8294067547305582488, 0.4788582131113749973, -2.793749999999997513 ) ) ;
#1721 =( NAMED_UNIT ( * ) PLANE_ANGLE_UNIT ( ) SI_UNIT ( $, .RADIAN. ) );
#1722 = ADVANCED_FACE ( 'NONE', ( #2222 ), #3298, .F. ) ;
#1723 = ORIENTED_EDGE ( 'NONE', *, *, #3300, .F. ) ;
#1724 = DIRECTION ( 'NONE',  ( -0.000000000000000000, 1.157433492142735316E-16, -1.000000000000000000 ) ) ;
#1725 = CARTESIAN_POINT ( 'NONE',  ( 0.000000000000000000, -1.258909218984051749E-16, -3.899999999999999911 ) ) ;
#1726 = CARTESIAN_POINT ( 'NONE',  ( -1.172864355864535983E-16, -0.9577164262227593206, 8.593750000000001776 ) ) ;
#1727 = LINE ( 'NONE', #3149, #4693 ) ;
#1728 = CARTESIAN_POINT ( 'NONE',  ( 0.7357503364870351392, 1.274356964481433874, 8.148437500000001776 ) ) ;
#1729 = ORIENTED_EDGE ( 'NONE', *, *, #197, .F. ) ;
#1730 = CARTESIAN_POINT ( 'NONE',  ( 0.8294067547305575827, -0.4788582131113875429, -0.6749999999999989342 ) ) ;
#1731 = CARTESIAN_POINT ( 'NONE',  ( -0.5529378364870326523, -0.9577164262227589875, 5.406250000000002665 ) ) ;
#1732 = CARTESIAN_POINT ( 'NONE',  ( 2.232457603721887285, -1.210965373387927535, 0.1927518840761228147 ) ) ;
#1733 = CYLINDRICAL_SURFACE ( 'NONE', #300, 1.249999999999998446 ) ;
#1734 = CARTESIAN_POINT ( 'NONE',  ( 0.8294067547305484789, -0.4788582131113835461, 7.375000000000002665 ) ) ;
#1735 = EDGE_CURVE ( 'NONE', #2136, #2809, #1113, .T. ) ;
#1736 = CARTESIAN_POINT ( 'NONE',  ( -0.7357503364870368046, -1.274356964481449861, -2.320312499999997335 ) ) ;
#1737 = CARTESIAN_POINT ( 'NONE',  ( -1.172864355864535983E-16, -0.9577164262227593206, 5.050000000000003375 ) ) ;
#1738 = ORIENTED_EDGE ( 'NONE', *, *, #4569, .T. ) ;
#1739 = CARTESIAN_POINT ( 'NONE',  ( 0.5529378364870382034, -0.9577164262227688685, -1.162499999999998535 ) ) ;
#1740 = CARTESIAN_POINT ( 'NONE',  ( 0.000000000000000000, 0.9577164262227572111, -3.168749999999997957 ) ) ;
#1741 = CARTESIAN_POINT ( 'NONE',  ( 0.000000000000000000, -1.258909218984051749E-16, -3.899999999999999911 ) ) ;
#1742 = DIRECTION ( 'NONE',  ( 0.000000000000000000, 0.000000000000000000, -1.000000000000000000 ) ) ;
#1743 = CARTESIAN_POINT ( 'NONE',  ( -0.8294067547305488119, -0.4788582131113828799, 5.425000000000003375 ) ) ;
#1744 = EDGE_CURVE ( 'NONE', #856, #22, #2095, .T. ) ;
#1745 = CARTESIAN_POINT ( 'NONE',  ( 0.5529378364870382034, -0.9577164262227689795, -2.456249999999998046 ) ) ;
#1746 = CARTESIAN_POINT ( 'NONE',  ( 1.103625504730552320, 0.6371784822407128290, 7.210937500000001776 ) ) ;
#1747 = ORIENTED_EDGE ( 'NONE', *, *, #3747, .F. ) ;
#1748 = CARTESIAN_POINT ( 'NONE',  ( 0.8294067547305582488, 0.4788582131113751084, -1.049999999999998934 ) ) ;
#1749 =( BOUNDED_CURVE ( )  B_SPLINE_CURVE ( 2, ( #3778, #3751, #122, #453, #1588, #915, #2748 ),
 .UNSPECIFIED., .F., .T. ) 
 B_SPLINE_CURVE_WITH_KNOTS ( ( 3, 2, 2, 3 ),
 ( 0.6563215653540709349, 0.6748400838725894246, 0.6933586023911080254, 0.7118771209096265151 ),
 .UNSPECIFIED. ) 
 CURVE ( )  GEOMETRIC_REPRESENTATION_ITEM ( )  RATIONAL_B_SPLINE_CURVE ( ( 1.000000000000000000, 0.8660254037844387076, 1.000000000000000000, 0.8660254037844387076, 1.000000000000000000, 0.8660254037844387076, 1.000000000000000000 ) ) 
 REPRESENTATION_ITEM ( '' )  );
#1750 = CARTESIAN_POINT ( 'NONE',  ( 0.5529378364870329854, 0.9577164262227449987, 5.181250000000003020 ) ) ;
#1751 = LINE ( 'NONE', #735, #761 ) ;
#1752 = CARTESIAN_POINT ( 'NONE',  ( 1.082531754730552631, -0.6250000000000101030, 8.950000000000001066 ) ) ;
#1753 = CARTESIAN_POINT ( 'NONE',  ( 0.8369489642246934480, 0.7584485315880751255, -3.820544302250977964 ) ) ;
#1754 = AXIS2_PLACEMENT_3D ( 'NONE', #165, #4113, #2722 ) ;
#1755 = CARTESIAN_POINT ( 'NONE',  ( 0.5529378364870330964, 0.9577164262227451097, 8.837500000000003908 ) ) ;
#1756 = CARTESIAN_POINT ( 'NONE',  ( 1.103625504730554319, -0.6371784822407285942, -1.757812499999997558 ) ) ;
#1757 = LINE ( 'NONE', #3229, #307 ) ;
#1758 = AXIS2_PLACEMENT_3D ( 'NONE', #1725, #4292, #4674 ) ;
#1759 = CARTESIAN_POINT ( 'NONE',  ( -1.172864355864535983E-16, -0.9577164262227593206, 5.950000000000003730 ) ) ;
#1760 = ORIENTED_EDGE ( 'NONE', *, *, #2247, .F. ) ;
#1761 = CARTESIAN_POINT ( 'NONE',  ( 2.249999999999998668, 1.250256806891437307E-13, 9.974019237888036571 ) ) ;
#1762 = CARTESIAN_POINT ( 'NONE',  ( -1.082531754730551743, 0.6249999999999965583, -0.6750000000000010436 ) ) ;
#1763 = CARTESIAN_POINT ( 'NONE',  ( 2.058749999992247837, -1.409456344663649885, 9.832569145071531125 ) ) ;
#1764 = VECTOR ( 'NONE', #2605, 1000.000000000000000 ) ;
#1765 = CARTESIAN_POINT ( 'NONE',  ( -1.530808498934196747E-16, -1.250000000000009992, -2.775000000000000355 ) ) ;
#1766 = CC_DESIGN_APPROVAL ( #29, ( #1530 ) ) ;
#1767 = CARTESIAN_POINT ( 'NONE',  ( -0.5529378364870326523, -0.9577164262227589875, 9.906250000000000000 ) ) ;
#1768 = CARTESIAN_POINT ( 'NONE',  ( 3.121274355046668358E-16, 1.274356964481434318, 5.035937500000001954 ) ) ;
#1769 = ORIENTED_EDGE ( 'NONE', *, *, #2298, .T. ) ;
#1770 = CARTESIAN_POINT ( 'NONE',  ( -0.8294067547305578048, 0.4788582131113759410, -0.4499999999999985678 ) ) ;
#1771 = CC_DESIGN_SECURITY_CLASSIFICATION ( #2707, ( #3615 ) ) ;
#1772 = CARTESIAN_POINT ( 'NONE',  ( -1.471500672974068724, -6.813601576860865123E-15, 9.198437500000002487 ) ) ;
#1773 = CARTESIAN_POINT ( 'NONE',  ( 0.000000000000000000, -1.258909218984051749E-16, -3.899999999999999911 ) ) ;
#1774 = DIRECTION ( 'NONE',  ( 0.000000000000000000, 1.000000000000000000, 8.673617379884039170E-17 ) ) ;
#1775 = EDGE_CURVE ( 'NONE', #4128, #3845, #3336, .T. ) ;
#1776 = DIRECTION ( 'NONE',  ( -0.000000000000000000, -0.000000000000000000, -1.000000000000000000 ) ) ;
#1777 = CARTESIAN_POINT ( 'NONE',  ( 1.105875672974065083, -7.106851071790302181E-15, 7.862500000000004263 ) ) ;
#1778 = CARTESIAN_POINT ( 'NONE',  ( 0.8294067547305575827, -0.4788582131113877094, -3.374999999999998668 ) ) ;
#1779 = CYLINDRICAL_SURFACE ( 'NONE', #2383, 0.3825000000000000067 ) ;
#1780 = CARTESIAN_POINT ( 'NONE',  ( -0.5529378364870326523, -0.9577164262227589875, 6.362500000000004263 ) ) ;
#1781 = ORIENTED_EDGE ( 'NONE', *, *, #1184, .F. ) ;
#1782 = CARTESIAN_POINT ( 'NONE',  ( 2.205000000000000071, -3.101560285789158899E-15, 10.00000000000000000 ) ) ;
#1783 = PERSON_AND_ORGANIZATION_ROLE ( 'classification_officer' ) ;
#1784 = CARTESIAN_POINT ( 'NONE',  ( 3.061616997868395960E-16, 1.249999999999998224, 9.550000000000000711 ) ) ;
#1785 = CARTESIAN_POINT ( 'NONE',  ( -0.5529378364870322082, 0.9577164262227454428, 7.506250000000002309 ) ) ;
#1786 = CARTESIAN_POINT ( 'NONE',  ( 1.105875672974077073, -5.849171351144047992E-15, -0.5812499999999980460 ) ) ;
#1787 = EDGE_CURVE ( 'NONE', #1918, #4269, #1694, .T. ) ;
#1788 = FACE_OUTER_BOUND ( 'NONE', #1870, .T. ) ;
#1789 = CARTESIAN_POINT ( 'NONE',  ( 0.7357503364870351392, 1.274356964481433874, 5.898437500000001776 ) ) ;
#1790 = VERTEX_POINT ( 'NONE', #4758 ) ;
#1791 = CARTESIAN_POINT ( 'NONE',  ( -0.5529378364870384255, 0.9577164262227572111, -1.781249999999998224 ) ) ;
#1792 = CARTESIAN_POINT ( 'NONE',  ( -1.172864355864536229E-16, -0.9577164262227594316, 9.100000000000003197 ) ) ;
#1793 = DIRECTION ( 'NONE',  ( 0.000000000000000000, 1.000000000000000000, 8.673617379884040402E-17 ) ) ;
#1794 = CARTESIAN_POINT ( 'NONE',  ( 0.8294067547305575827, -0.4788582131113877649, -3.824999999999998401 ) ) ;
#1795 = CARTESIAN_POINT ( 'NONE',  ( 3.121274355046668358E-16, 1.274356964481434318, 8.607812500000004974 ) ) ;
#1796 = EDGE_CURVE ( 'NONE', #708, #484, #2960, .T. ) ;
#1797 = CARTESIAN_POINT ( 'NONE',  ( -0.7052107147799887565, -1.061444073270876531, -0.5250212487816373619 ) ) ;
#1798 = CARTESIAN_POINT ( 'NONE',  ( 0.000000000000000000, -1.258909218984051749E-16, -3.899999999999999911 ) ) ;
#1799 = CARTESIAN_POINT ( 'NONE',  ( 0.5529378364870329854, 0.9577164262227449987, 7.431250000000003020 ) ) ;
#1800 = EDGE_LOOP ( 'NONE', ( #4524, #1515, #3944, #2415 ) ) ;
#1801 = CARTESIAN_POINT ( 'NONE',  ( -1.082531754730553075, -0.6250000000000092149, 7.900000000000000355 ) ) ;
#1802 = APPROVAL_STATUS ( 'not_yet_approved' ) ;
#1803 = CARTESIAN_POINT ( 'NONE',  ( -2.165367235512587918, -1.327391063058521503, 9.807193742989964491 ) ) ;
#1804 = CARTESIAN_POINT ( 'NONE',  ( 0.000000000000000000, 1.249999999999998446, -2.550000000000001155 ) ) ;
#1805 = CARTESIAN_POINT ( 'NONE',  ( 0.000000000000000000, 1.249999999999998446, -1.650000000000000799 ) ) ;
#1806 = CARTESIAN_POINT ( 'NONE',  ( 0.8294067547305484789, -0.4788582131113834905, 7.768750000000003375 ) ) ;
#1807 = CARTESIAN_POINT ( 'NONE',  ( -0.8294067547305578048, 0.4788582131113758855, -1.293749999999997957 ) ) ;
#1808 = CARTESIAN_POINT ( 'NONE',  ( -0.8294067547305488119, -0.4788582131113828244, 8.968750000000003553 ) ) ;
#1809 = CARTESIAN_POINT ( 'NONE',  ( 0.7357503364870339180, -1.274356964481448307, 5.748437500000001421 ) ) ;
#1810 = ORIENTED_EDGE ( 'NONE', *, *, #4502, .T. ) ;
#1811 = CARTESIAN_POINT ( 'NONE',  ( 0.000000000000000000, 0.9577164262227572111, -2.268749999999997602 ) ) ;
#1812 = CARTESIAN_POINT ( 'NONE',  ( 2.345728711729072459E-16, 0.9577164262227455538, 10.22500000000000320 ) ) ;
#1813 = CARTESIAN_POINT ( 'NONE',  ( 1.255262969126033149E-16, 1.024999999999996581, -3.899999999999999467 ) ) ;
#1814 = CARTESIAN_POINT ( 'NONE',  ( -0.5529378364870384255, 0.9577164262227572111, -3.637499999999998401 ) ) ;
#1815 = CARTESIAN_POINT ( 'NONE',  ( -1.103625504730551876, -0.6371784822407272619, 9.657812500000003908 ) ) ;
#1816 = CARTESIAN_POINT ( 'NONE',  ( 0.000000000000000000, 0.9577164262227572111, -1.818749999999997868 ) ) ;
#1817 = CARTESIAN_POINT ( 'NONE',  ( -0.5529378364870388696, -0.9577164262227686464, -3.937499999999998224 ) ) ;
#1818 = CARTESIAN_POINT ( 'NONE',  ( 0.000000000000000000, -1.258909218984051749E-16, -3.899999999999999911 ) ) ;
#1819 = CARTESIAN_POINT ( 'NONE',  ( 1.105875672974064861, -7.106851071790302181E-15, 7.806250000000003020 ) ) ;
#1820 = ORIENTED_EDGE ( 'NONE', *, *, #1341, .T. ) ;
#1821 = LINE ( 'NONE', #4048, #4322 ) ;
#1822 = PERSON_AND_ORGANIZATION ( #4253, #1386 ) ;
#1823 = AXIS2_PLACEMENT_3D ( 'NONE', #3595, #1383, #1317 ) ;
#1824 = CARTESIAN_POINT ( 'NONE',  ( 0.000000000000000000, 9.025506355797229604E-16, 10.00000000000000000 ) ) ;
#1825 = CARTESIAN_POINT ( 'NONE',  ( 0.7357503364870339180, -1.274356964481448307, 5.720312500000003908 ) ) ;
#1826 = EDGE_CURVE ( 'NONE', #2406, #4567, #1857, .T. ) ;
#1827 = AXIS2_PLACEMENT_3D ( 'NONE', #3278, #4759, #2223 ) ;
#1828 = CARTESIAN_POINT ( 'NONE',  ( -0.8757865865275965556, -0.8919068644529883905, -3.674999999999998934 ) ) ;
#1829 = CARTESIAN_POINT ( 'NONE',  ( 0.2754612241799753725, -1.113661457127489873, -0.5726350070677698190 ) ) ;
#1830 = CARTESIAN_POINT ( 'NONE',  ( -1.172864355864535983E-16, -0.9577164262227593206, 6.793750000000002842 ) ) ;
#1831 = CARTESIAN_POINT ( 'NONE',  ( -1.172864355864548802E-16, -0.9577164262227687574, -1.593749999999998002 ) ) ;
#1832 = CARTESIAN_POINT ( 'NONE',  ( 0.5529378364870320972, -0.9577164262227595426, 8.181250000000002132 ) ) ;
#1833 = LINE ( 'NONE', #1856, #3681 ) ;
#1834 = VERTEX_POINT ( 'NONE', #1719 ) ;
#1835 = AXIS2_PLACEMENT_3D ( 'NONE', #1089, #2613, #2872 ) ;
#1836 = CARTESIAN_POINT ( 'NONE',  ( -0.8294067547305579158, -0.4788582131113869877, -1.668749999999997957 ) ) ;
#1837 = CARTESIAN_POINT ( 'NONE',  ( 0.8294067547305484789, -0.4788582131113835461, 9.175000000000002487 ) ) ;
#1838 = CARTESIAN_POINT ( 'NONE',  ( -1.530808498934197980E-16, -1.250000000000012434, 8.818750000000004974 ) ) ;
#1839 = CARTESIAN_POINT ( 'NONE',  ( 1.082531754730553519, 0.6249999999999948930, 6.775000000000001243 ) ) ;
#1840 = CARTESIAN_POINT ( 'NONE',  ( 1.103625504730552320, 0.6371784822407128290, 9.432812500000004263 ) ) ;
#1841 = CARTESIAN_POINT ( 'NONE',  ( -1.105875672974077295, -5.702305418925192200E-15, -2.606249999999997957 ) ) ;
#1842 = CARTESIAN_POINT ( 'NONE',  ( -0.8294067547305579158, -0.4788582131113871543, -3.974999999999998312 ) ) ;
#1843 = DIRECTION ( 'NONE',  ( -0.8660254037844385966, 0.5000000000000001110, 0.000000000000000000 ) ) ;
#1844 = CARTESIAN_POINT ( 'NONE',  ( 1.105875672974064861, -7.106851071790302181E-15, 8.256250000000003197 ) ) ;
#1845 = ORIENTED_EDGE ( 'NONE', *, *, #1744, .F. ) ;
#1846 = DATE_AND_TIME ( #4049, #4005 ) ;
#1847 = ORIENTED_EDGE ( 'NONE', *, *, #4298, .T. ) ;
#1848 = CARTESIAN_POINT ( 'NONE',  ( 1.443375672974070101, -7.168848815997138269E-15, 8.931250000000005684 ) ) ;
#1849 = CARTESIAN_POINT ( 'NONE',  ( -0.7357503364870342510, 1.274356964481434540, 5.945312500000004441 ) ) ;
#1850 = CARTESIAN_POINT ( 'NONE',  ( -0.7216878364870343843, 1.249999999999998668, -1.556249999999995470 ) ) ;
#1851 = CARTESIAN_POINT ( 'NONE',  ( -0.9566528859284691988, 0.04512215532985484889, 9.377716426222754365 ) ) ;
#1852 = CARTESIAN_POINT ( 'NONE',  ( 2.345728711729071966E-16, 0.9577164262227454428, 7.018750000000002487 ) ) ;
#1853 = ADVANCED_FACE ( 'NONE', ( #2449 ), #1531, .T. ) ;
#1854 = CARTESIAN_POINT ( 'NONE',  ( -0.5529378364870384255, 0.9577164262227573222, -1.331249999999997824 ) ) ;
#1855 = CARTESIAN_POINT ( 'NONE',  ( -1.172864355864535983E-16, -0.9577164262227593206, 7.243750000000003020 ) ) ;
#1856 = CARTESIAN_POINT ( 'NONE',  ( 1.530808498934191817E-16, -1.250000000000000444, -3.899999999999999911 ) ) ;
#1857 =( BOUNDED_CURVE ( )  B_SPLINE_CURVE ( 2, ( #4447, #1043, #1451, #2520, #3981, #681, #136, #2273, #112, #4213, #3817, #1578, #3012, #829, #1933, #1875, #2667, #2985, #1601, #1161, #3739, #1519, #473, #3093, #3450, #159, #53, #883, #4580, #3065, #3038, #2691, #4556, #4132, #414, #2354, #4503, #860, #1212, #1264, #3406, #4162, #804, #2329, #4528, #1960, #3769, #3377, #4477, #520, #1242, #442, #3794, #2250, #1981, #498, #1187, #2300, #3431, #3347, #2716, #4189, #1627, #2737, #1903, #2640, #3713, #4105, #82, #1552, #1309, #1284, #4625, #1739, #3568, #3206, #2783, #2806, #590, #3167, #4287, #4690, #3138, #1648, #566, #4670, #4263, #3887, #953, #2055, #1698, #2826, #2031 ),
 .UNSPECIFIED., .F., .F. ) 
 B_SPLINE_CURVE_WITH_KNOTS ( ( 3, 2, 2, 2, 2, 2, 2, 2, 2, 2, 2, 2, 2, 2, 2, 2, 2, 2, 2, 2, 2, 2, 2, 2, 2, 2, 2, 2, 2, 2, 2, 2, 2, 2, 2, 2, 2, 2, 2, 2, 2, 2, 2, 2, 2, 2, 3 ),
 ( 0.05947499691980139697, 0.07929999589306875596, 0.09912499486633612189, 0.1189499938396034739, 0.1387749928128708399, 0.1585999917861382058, 0.1784249907594055717, 0.1982499897326729377, 0.2180749887059403036, 0.2378999876792076695, 0.2577249866524750077, 0.2775499856257424014, 0.2973749845990097951, 0.3171999835722771333, 0.3370249825455445269, 0.3568499815188119206, 0.3766749804920792033, 0.3964999794653465415, 0.4163249784386139907, 0.4361499774118813288, 0.4559749763851486670, 0.4757999753584160052, 0.4956249743316834544, 0.5154499733049507926, 0.5352749722782180752, 0.5550999712514853579, 0.5749249702247528626, 0.5947499691980202563, 0.6145749681712875390, 0.6343999671445548216, 0.6542249661178224374, 0.6740499650910896090, 0.6938749640643570027, 0.7136999630376242854, 0.7335249620108917901, 0.7533499609841590727, 0.7731749599574264664, 0.7929999589306937491, 0.8128249579039612538, 0.8326499568772285365, 0.8524749558504959301, 0.8722999548237632128, 0.8921249537970307175, 0.9119499527702980002, 0.9317749517435653939, 0.9515999507168326765, 0.9664058086082486509 ),
 .UNSPECIFIED. ) 
 CURVE ( )  GEOMETRIC_REPRESENTATION_ITEM ( )  RATIONAL_B_SPLINE_CURVE ( ( 1.000000000000002442, 0.8660254037844363761, 1.000000000000000000, 0.8660254037844387076, 1.000000000000000000, 0.8660254037844387076, 1.000000000000000000, 0.8660254037844387076, 1.000000000000000000, 0.8660254037844387076, 1.000000000000000000, 0.8660254037844387076, 1.000000000000000000, 0.8660254037844387076, 1.000000000000000000, 0.8660254037844387076, 1.000000000000000000, 0.8660254037844387076, 1.000000000000000000, 0.8660254037844387076, 1.000000000000000000, 0.8660254037844387076, 1.000000000000000000, 0.8660254037844387076, 1.000000000000000000, 0.8660254037844387076, 1.000000000000000000, 0.8660254037844387076, 1.000000000000000000, 0.8660254037844387076, 1.000000000000000000, 0.8660254037844387076, 1.000000000000000000, 0.8660254037844387076, 1.000000000000000000, 0.8660254037844387076, 1.000000000000000000, 0.8660254037844387076, 1.000000000000000000, 0.8660254037844387076, 1.000000000000000000, 0.8660254037844387076, 1.000000000000000000, 0.8660254037844387076, 1.000000000000000000, 0.8660254037844387076, 1.000000000000000000, 0.8660254037844387076, 1.000000000000000000, 0.8660254037844387076, 1.000000000000000000, 0.8660254037844387076, 1.000000000000000000, 0.8660254037844387076, 1.000000000000000000, 0.8660254037844387076, 1.000000000000000000, 0.8660254037844387076, 1.000000000000000000, 0.8660254037844387076, 1.000000000000000000, 0.8660254037844387076, 1.000000000000000000, 0.8660254037844387076, 1.000000000000000000, 0.8660254037844387076, 1.000000000000000000, 0.8660254037844387076, 1.000000000000000000, 0.8660254037844387076, 1.000000000000000000, 0.8660254037844387076, 1.000000000000000000, 0.8660254037844387076, 1.000000000000000000, 0.8660254037844387076, 1.000000000000000000, 0.8660254037844387076, 1.000000000000000000, 0.8660254037844387076, 1.000000000000000000, 0.8660254037844387076, 1.000000000000000000, 0.8660254037844387076, 1.000000000000000000, 0.8660254037844387076, 1.000000000000000000, 0.8660254037844387076, 1.000000000000000000, 0.8660254037844387076, 1.000000000000000000, 0.8999440637902578199, 0.9493372120129146552 ) ) 
 REPRESENTATION_ITEM ( '' )  );
#1858 = ORIENTED_EDGE ( 'NONE', *, *, #4624, .F. ) ;
#1859 = CARTESIAN_POINT ( 'NONE',  ( -0.5529378364870384255, 0.9577164262227573222, -1.331249999999997824 ) ) ;
#1860 = CARTESIAN_POINT ( 'NONE',  ( -0.5529378364870324303, 0.9577164262227455538, 10.26250000000000107 ) ) ;
#1861 = CARTESIAN_POINT ( 'NONE',  ( -0.5529378364870324303, 0.9577164262227455538, 8.012500000000004619 ) ) ;
#1862 = PLANE ( 'NONE',  #69 ) ;
#1863 = CARTESIAN_POINT ( 'NONE',  ( -1.249937498436453520, -0.01250000004220803637, -0.6367499999990497983 ) ) ;
#1864 = CARTESIAN_POINT ( 'NONE',  ( 0.7357503364870339180, -1.274356964481448307, 7.970312500000003020 ) ) ;
#1865 =( BOUNDED_CURVE ( )  B_SPLINE_CURVE ( 2, ( #85, #4134, #1555, #3015, #831, #255, #3912 ),
 .UNSPECIFIED., .F., .F. ) 
 B_SPLINE_CURVE_WITH_KNOTS ( ( 3, 2, 2, 3 ),
 ( 0.5452104542429598855, 0.5637289727614783752, 0.5822474912799968649, 0.6007660097985154657 ),
 .UNSPECIFIED. ) 
 CURVE ( )  GEOMETRIC_REPRESENTATION_ITEM ( )  RATIONAL_B_SPLINE_CURVE ( ( 1.000000000000000000, 0.8660254037844387076, 1.000000000000000000, 0.8660254037844387076, 1.000000000000000000, 0.8660254037844387076, 1.000000000000000000 ) ) 
 REPRESENTATION_ITEM ( '' )  );
#1866 = CARTESIAN_POINT ( 'NONE',  ( 1.103625504730555207, 0.6371784822407154936, -3.510937499999998934 ) ) ;
#1867 = CARTESIAN_POINT ( 'NONE',  ( 1.105875672974077295, -6.045497541132358328E-15, -3.787499999999998312 ) ) ;
#1868 = CARTESIAN_POINT ( 'NONE',  ( -1.530808498934196747E-16, -1.250000000000009548, -1.368749999999996136 ) ) ;
#1869 = CARTESIAN_POINT ( 'NONE',  ( 2.345728711729071966E-16, 0.9577164262227454428, 8.818750000000001421 ) ) ;
#1870 = EDGE_LOOP ( 'NONE', ( #2607, #47, #785, #871 ) ) ;
#1871 = CARTESIAN_POINT ( 'NONE',  ( 0.7216878364870352724, 1.249999999999998002, -1.631249999999995648 ) ) ;
#1872 = VERTEX_POINT ( 'NONE', #613 ) ;
#1873 = CARTESIAN_POINT ( 'NONE',  ( 1.082531754730553519, 0.6249999999999948930, 5.425000000000001599 ) ) ;
#1874 = CARTESIAN_POINT ( 'NONE',  ( 3.121274355046668358E-16, 1.274356964481434318, 5.457812500000004619 ) ) ;
#1875 = CARTESIAN_POINT ( 'NONE',  ( 1.105875672974077073, -6.017942988151542289E-15, -3.337499999999998579 ) ) ;
#1876 = CARTESIAN_POINT ( 'NONE',  ( -1.103625504730554763, -0.6371784822407278170, -4.157812499999997691 ) ) ;
#1877 = CARTESIAN_POINT ( 'NONE',  ( -0.8294067547305487009, 0.4788582131113693907, 8.443750000000003197 ) ) ;
#1878 = CARTESIAN_POINT ( 'NONE',  ( -0.1912500000077523299, -2.487657972366326131, 9.832569145071529348 ) ) ;
#1879 = CARTESIAN_POINT ( 'NONE',  ( 0.8294067547305490340, 0.4788582131113686136, 8.293750000000002842 ) ) ;
#1880 = ORIENTED_EDGE ( 'NONE', *, *, #2247, .T. ) ;
#1881 = CARTESIAN_POINT ( 'NONE',  ( -0.5299921768431204994, -0.7977023539779733996, -0.2859592889646876412 ) ) ;
#1882 = B_SPLINE_CURVE_WITH_KNOTS ( 'NONE', 3,
 ( #3970, #3949, #244, #989 ),
 .UNSPECIFIED., .F., .F.,
 ( 4, 4 ),
 ( 0.01317537383744526135, 0.01424144942710489289 ),
 .UNSPECIFIED. ) ;
#1883 = ADVANCED_FACE ( 'NONE', ( #180, #205 ), #2426, .F. ) ;
#1884 = CARTESIAN_POINT ( 'NONE',  ( -1.105875672974065083, -6.835989651157778155E-15, 8.087500000000003908 ) ) ;
#1885 = CARTESIAN_POINT ( 'NONE',  ( -1.105875672974065083, -6.835989651157778155E-15, 7.637500000000003730 ) ) ;
#1886 = CARTESIAN_POINT ( 'NONE',  ( -0.6999648186483737877, 0.6766423658961039367, 9.390852150053280667 ) ) ;
#1887 = EDGE_LOOP ( 'NONE', ( #438, #36, #2805, #882 ) ) ;
#1888 = CYLINDRICAL_SURFACE ( 'NONE', #467, 0.3825000000000000067 ) ;
#1889 = EDGE_CURVE ( 'NONE', #1564, #4562, #702, .T. ) ;
#1890 = CARTESIAN_POINT ( 'NONE',  ( -1.560637177523334179E-16, -1.274356964481448085, 9.732812500000003197 ) ) ;
#1891 = EDGE_CURVE ( 'NONE', #2493, #4036, #3521, .T. ) ;
#1892 = CARTESIAN_POINT ( 'NONE',  ( -1.103625504730554541, 0.6371784822407164928, -3.810937499999998757 ) ) ;
#1893 = CARTESIAN_POINT ( 'NONE',  ( 0.8294067547305582488, 0.4788582131113751084, -1.499999999999998668 ) ) ;
#1894 = DIRECTION ( 'NONE',  ( 0.000000000000000000, 1.000000000000000000, 0.000000000000000000 ) ) ;
#1895 = CARTESIAN_POINT ( 'NONE',  ( -0.8294067547305487009, 0.4788582131113693907, 7.543750000000002842 ) ) ;
#1896 =( BOUNDED_CURVE ( )  B_SPLINE_CURVE ( 2, ( #4025, #3657, #675, #4712, #1445, #2562, #744 ),
 .UNSPECIFIED., .F., .F. ) 
 B_SPLINE_CURVE_WITH_KNOTS ( ( 3, 2, 2, 3 ),
 ( 0.3333333333333332593, 0.3518518518518518046, 0.3703703703703702943, 0.3888888888888888395 ),
 .UNSPECIFIED. ) 
 CURVE ( )  GEOMETRIC_REPRESENTATION_ITEM ( )  RATIONAL_B_SPLINE_CURVE ( ( 1.000000000000000222, 0.8660254037844382635, 1.000000000000000000, 0.8660254037844387076, 1.000000000000000000, 0.8660254037844391517, 0.9999999999999995559 ) ) 
 REPRESENTATION_ITEM ( '' )  );
#1897 = ORIENTED_EDGE ( 'NONE', *, *, #2755, .T. ) ;
#1898 =( BOUNDED_CURVE ( )  B_SPLINE_CURVE ( 2, ( #2668, #4055, #2200, #3690, #1188, #2937, #1805 ),
 .UNSPECIFIED., .F., .F. ) 
 B_SPLINE_CURVE_WITH_KNOTS ( ( 3, 2, 2, 3 ),
 ( 0.5000000000000000000, 0.5185185185185184897, 0.5370370370370370905, 0.5555555555555555802 ),
 .UNSPECIFIED. ) 
 CURVE ( )  GEOMETRIC_REPRESENTATION_ITEM ( )  RATIONAL_B_SPLINE_CURVE ( ( 1.000000000000000000, 0.8660254037844387076, 1.000000000000000000, 0.8660254037844387076, 1.000000000000000000, 0.8660254037844387076, 1.000000000000000000 ) ) 
 REPRESENTATION_ITEM ( '' )  );
#1899 = CARTESIAN_POINT ( 'NONE',  ( 0.8875464578852881870, -0.6604935591969575137, 5.199999999999999289 ) ) ;
#1900 = EDGE_LOOP ( 'NONE', ( #123, #1132, #2295, #3262 ) ) ;
#1901 = CARTESIAN_POINT ( 'NONE',  ( -1.530808498934197980E-16, -1.250000000000012434, 8.818750000000004974 ) ) ;
#1902 = CARTESIAN_POINT ( 'NONE',  ( 1.471500672974068724, -7.174015294681039699E-15, 6.245312500000004263 ) ) ;
#1903 = CARTESIAN_POINT ( 'NONE',  ( 0.8294067547305582488, 0.4788582131113751084, -1.499999999999998668 ) ) ;
#1904 = CARTESIAN_POINT ( 'NONE',  ( -0.7357503364870361384, 1.274356964481438537, -4.270312499999997513 ) ) ;
#1905 = CARTESIAN_POINT ( 'NONE',  ( 2.345728711729071966E-16, 0.9577164262227454428, 6.118750000000003020 ) ) ;
#1906 = DIRECTION ( 'NONE',  ( 0.000000000000000000, 0.000000000000000000, 1.000000000000000000 ) ) ;
#1907 = CARTESIAN_POINT ( 'NONE',  ( -1.105875672974064861, -6.835989651157778155E-15, 8.481250000000002842 ) ) ;
#1908 = CARTESIAN_POINT ( 'NONE',  ( 3.061616997868395960E-16, 1.249999999999998224, 6.400000000000001243 ) ) ;
#1909 = ORIENTED_EDGE ( 'NONE', *, *, #3858, .T. ) ;
#1910 = CARTESIAN_POINT ( 'NONE',  ( -1.530808498934197980E-16, -1.250000000000012434, 5.668750000000005507 ) ) ;
#1911 = VECTOR ( 'NONE', #2058, 1000.000000000000000 ) ;
#1912 = CARTESIAN_POINT ( 'NONE',  ( -1.105875672974065083, -6.835989651157778155E-15, 6.287500000000003197 ) ) ;
#1913 = CARTESIAN_POINT ( 'NONE',  ( 0.5529378364870330964, 0.9577164262227451097, 6.587500000000003020 ) ) ;
#1914 = CARTESIAN_POINT ( 'NONE',  ( -1.022978296233705287, 0.2838892898294758660, 9.471766203618832591 ) ) ;
#1915 = TOROIDAL_SURFACE ( 'NONE', #3222, 1.182716426222757633, 0.2249999999999999223 ) ;
#1916 = CARTESIAN_POINT ( 'NONE',  ( -2.249999999999999112, 0.1815053269658204460, 9.974019237886455613 ) ) ;
#1917 = ORIENTED_EDGE ( 'NONE', *, *, #387, .T. ) ;
#1918 = VERTEX_POINT ( 'NONE', #2846 ) ;
#1919 = CARTESIAN_POINT ( 'NONE',  ( 0.000000000000000000, 0.9577164262227572111, -3.224999999999998757 ) ) ;
#1920 = VECTOR ( 'NONE', #449, 1000.000000000000000 ) ;
#1921 = CARTESIAN_POINT ( 'NONE',  ( 1.471500672974072721, -6.070468854771221286E-15, -3.098437499999998845 ) ) ;
#1922 = CARTESIAN_POINT ( 'NONE',  ( -0.5529378364870384255, 0.9577164262227572111, -1.837499999999998801 ) ) ;
#1923 = EDGE_CURVE ( 'NONE', #75, #4698, #2009, .T. ) ;
#1924 = CARTESIAN_POINT ( 'NONE',  ( -1.530808498934197980E-16, -1.250000000000012434, 5.668750000000005507 ) ) ;
#1925 = CARTESIAN_POINT ( 'NONE',  ( 0.8294067547305490340, 0.4788582131113686136, 6.943750000000003197 ) ) ;
#1926 = ORIENTED_EDGE ( 'NONE', *, *, #3512, .F. ) ;
#1927 = CARTESIAN_POINT ( 'NONE',  ( 1.010731082211257181, -0.3563069253640083756, 5.200000000000226663 ) ) ;
#1928 = CARTESIAN_POINT ( 'NONE',  ( 0.8294067547305490340, 0.4788582131113686136, 9.250000000000003553 ) ) ;
#1929 = ORIENTED_EDGE ( 'NONE', *, *, #2049, .T. ) ;
#1930 = CARTESIAN_POINT ( 'NONE',  ( 0.7216878364870360496, 1.249999999999997558, 8.612500000000002487 ) ) ;
#1931 = CARTESIAN_POINT ( 'NONE',  ( 1.471500672974068724, -7.174015294681039699E-15, 6.695312500000003553 ) ) ;
#1932 = ORIENTED_EDGE ( 'NONE', *, *, #1639, .T. ) ;
#1933 = CARTESIAN_POINT ( 'NONE',  ( 0.8294067547305575827, -0.4788582131113877094, -3.374999999999998668 ) ) ;
#1934 = CARTESIAN_POINT ( 'NONE',  ( -1.209907186598609519, -0.2008224562439240302, 5.200000000000002842 ) ) ;
#1935 = CARTESIAN_POINT ( 'NONE',  ( -0.1341067189834039552, 2.520649661048107060, 0.1838936497272658233 ) ) ;
#1936 = CARTESIAN_POINT ( 'NONE',  ( 0.8294067547305484789, -0.4788582131113834905, 5.968750000000002665 ) ) ;
#1937 = CARTESIAN_POINT ( 'NONE',  ( -1.082531754730551965, -0.6250000000000075495, -2.850000000000000977 ) ) ;
#1938 = ORIENTED_EDGE ( 'NONE', *, *, #1653, .F. ) ;
#1939 = CARTESIAN_POINT ( 'NONE',  ( 2.249999999999998668, 1.078201627711623756, 0.1674308549307040872 ) ) ;
#1940 = CARTESIAN_POINT ( 'NONE',  ( -1.172864355864536229E-16, -0.9577164262227594316, 6.400000000000003020 ) ) ;
#1941 = EDGE_CURVE ( 'NONE', #799, #3137, #2582, .T. ) ;
#1942 = CARTESIAN_POINT ( 'NONE',  ( -0.5529378364870328744, -0.9577164262227593206, 5.462500000000003908 ) ) ;
#1943 = CARTESIAN_POINT ( 'NONE',  ( 2.249999999999998668, -1.078201627711627308, -6.873863542433756635 ) ) ;
#1944 = CYLINDRICAL_SURFACE ( 'NONE', #4313, 1.250000000000000222 ) ;
#1945 = ORIENTED_EDGE ( 'NONE', *, *, #518, .F. ) ;
#1946 = VERTEX_POINT ( 'NONE', #906 ) ;
#1947 = CARTESIAN_POINT ( 'NONE',  ( 0.8294067547305582488, 0.4788582131113749973, -2.849999999999998312 ) ) ;
#1948 = CARTESIAN_POINT ( 'NONE',  ( 0.7357503364870359164, -1.274356964481450527, -2.723437499999998845 ) ) ;
#1949 = CARTESIAN_POINT ( 'NONE',  ( -0.5529378364870388696, -0.9577164262227686464, -1.687499999999998446 ) ) ;
#1950 = DIRECTION ( 'NONE',  ( -0.000000000000000000, 1.157433492142735316E-16, -1.000000000000000000 ) ) ;
#1951 = CARTESIAN_POINT ( 'NONE',  ( 1.105875672974064861, -7.106851071790302181E-15, 6.006250000000003197 ) ) ;
#1952 = ORIENTED_EDGE ( 'NONE', *, *, #3983, .F. ) ;
#1953 = EDGE_CURVE ( 'NONE', #411, #3360, #2375, .T. ) ;
#1954 = CARTESIAN_POINT ( 'NONE',  ( 1.082531754730551521, -0.6250000000000083267, -1.743749999999995914 ) ) ;
#1955 = CARTESIAN_POINT ( 'NONE',  ( -0.3443132500722111411, 2.399286863738567810, 9.876666173317351749 ) ) ;
#1956 = ORIENTED_EDGE ( 'NONE', *, *, #713, .F. ) ;
#1957 = CARTESIAN_POINT ( 'NONE',  ( 1.082531754730553519, 0.6249999999999948930, 8.575000000000002842 ) ) ;
#1958 = CARTESIAN_POINT ( 'NONE',  ( -0.5529378364870322082, 0.9577164262227454428, 7.562500000000002665 ) ) ;
#1959 = ORIENTED_EDGE ( 'NONE', *, *, #3006, .T. ) ;
#1960 = CARTESIAN_POINT ( 'NONE',  ( -1.105875672974077073, -5.678195185066977376E-15, -2.212499999999998135 ) ) ;
#1961 = CARTESIAN_POINT ( 'NONE',  ( 0.2563007824611373553, 0.9227841903536689872, 5.200000000000001066 ) ) ;
#1962 = CARTESIAN_POINT ( 'NONE',  ( -1.530808498934197980E-16, -1.250000000000012434, 5.725000000000001421 ) ) ;
#1963 = CARTESIAN_POINT ( 'NONE',  ( 0.8294067547305490340, 0.4788582131113686136, 6.493750000000003020 ) ) ;
#1964 = CARTESIAN_POINT ( 'NONE',  ( 2.115908655028121199, 1.376455779792169709, 9.816101921067410530 ) ) ;
#1965 = ORIENTED_EDGE ( 'NONE', *, *, #2133, .T. ) ;
#1966 = CARTESIAN_POINT ( 'NONE',  ( 3.061616997868395960E-16, 1.249999999999998224, 5.443750000000004974 ) ) ;
#1967 = CARTESIAN_POINT ( 'NONE',  ( 0.8294067547305484789, -0.4788582131113835461, 7.825000000000003730 ) ) ;
#1968 = CARTESIAN_POINT ( 'NONE',  ( -0.5529378364870328744, -0.9577164262227593206, 5.912500000000004086 ) ) ;
#1969 = DIRECTION ( 'NONE',  ( 0.000000000000000000, -0.000000000000000000, -1.000000000000000000 ) ) ;
#1970 = DIRECTION ( 'NONE',  ( 1.000000000000000000, 0.000000000000000000, 0.000000000000000000 ) ) ;
#1971 = ORIENTED_EDGE ( 'NONE', *, *, #23, .F. ) ;
#1972 = CARTESIAN_POINT ( 'NONE',  ( 0.5529378364870390916, 0.9577164262227569891, -1.912499999999998979 ) ) ;
#1973 = CARTESIAN_POINT ( 'NONE',  ( -0.5529378364870388696, -0.9577164262227685354, -0.7312499999999978462 ) ) ;
#1974 = CARTESIAN_POINT ( 'NONE',  ( -0.5529378364870388696, -0.9577164262227686464, -2.587499999999998579 ) ) ;
#1975 = CARTESIAN_POINT ( 'NONE',  ( 1.530808498934191817E-16, -1.250000000000000444, -3.899999999999999911 ) ) ;
#1976 = CARTESIAN_POINT ( 'NONE',  ( 0.5529378364870329854, 0.9577164262227449987, 6.981250000000002842 ) ) ;
#1977 = FACE_OUTER_BOUND ( 'NONE', #1148, .T. ) ;
#1978 = CARTESIAN_POINT ( 'NONE',  ( -0.9687711178739742968, 2.038755945665639224, 9.974126031989509755 ) ) ;
#1979 = CARTESIAN_POINT ( 'NONE',  ( -0.8294067547305487009, 0.4788582131113693907, 8.050000000000002487 ) ) ;
#1980 = ORIENTED_EDGE ( 'NONE', *, *, #739, .F. ) ;
#1981 = CARTESIAN_POINT ( 'NONE',  ( 0.000000000000000000, 0.9577164262227572111, -1.874999999999998668 ) ) ;
#1982 = CARTESIAN_POINT ( 'NONE',  ( -1.175027591715801734, -0.4253447052128463968, 5.200000000000000178 ) ) ;
#1983 = CARTESIAN_POINT ( 'NONE',  ( 0.7216878364870329410, -1.250000000000012212, -3.187500000000000444 ) ) ;
#1984 = CARTESIAN_POINT ( 'NONE',  ( 2.345728711729071966E-16, 0.9577164262227454428, 5.218750000000002665 ) ) ;
#1985 = CARTESIAN_POINT ( 'NONE',  ( 0.000000000000000000, -1.258909218984051749E-16, -3.899999999999999911 ) ) ;
#1986 = EDGE_CURVE ( 'NONE', #2381, #2322, #1384, .T. ) ;
#1987 = ORIENTED_EDGE ( 'NONE', *, *, #3904, .F. ) ;
#1988 = CARTESIAN_POINT ( 'NONE',  ( -0.09915677328049850303, -1.083948711728530023, -0.2455320626159963604 ) ) ;
#1989 = CARTESIAN_POINT ( 'NONE',  ( 2.345728711729072459E-16, 0.9577164262227455538, 7.075000000000002842 ) ) ;
#1990 = CARTESIAN_POINT ( 'NONE',  ( 0.8294067547305484789, -0.4788582131113835461, 6.025000000000003020 ) ) ;
#1991 = LINE ( 'NONE', #4175, #1225 ) ;
#1992 = AXIS2_PLACEMENT_3D ( 'NONE', #980, #619, #2088 ) ;
#1993 = EDGE_LOOP ( 'NONE', ( #3816, #3780, #654, #2749 ) ) ;
#1994 = VECTOR ( 'NONE', #2032, 1000.000000000000000 ) ;
#1995 = CARTESIAN_POINT ( 'NONE',  ( -1.105875672974077295, -5.623086079105346875E-15, -1.312499999999998446 ) ) ;
#1996 = AXIS2_PLACEMENT_3D ( 'NONE', #1985, #2333, #3798 ) ;
#1997 = CARTESIAN_POINT ( 'NONE',  ( -1.103625504730554541, 0.6371784822407166038, -1.560937499999998979 ) ) ;
#1998 = CARTESIAN_POINT ( 'NONE',  ( 0.8294067547305575827, -0.4788582131113876539, -2.474999999999998757 ) ) ;
#1999 = CARTESIAN_POINT ( 'NONE',  ( 3.061616997868395960E-16, 1.249999999999998224, 6.793750000000004619 ) ) ;
#2000 = AXIS2_PLACEMENT_3D ( 'NONE', #1248, #3846, #550 ) ;
#2001 = CARTESIAN_POINT ( 'NONE',  ( -1.172864355864535983E-16, -0.9577164262227593206, 5.443750000000003197 ) ) ;
#2002 = B_SPLINE_CURVE_WITH_KNOTS ( 'NONE', 3,
 ( #617, #207, #4628, #3864, #4266, #3958 ),
 .UNSPECIFIED., .F., .F.,
 ( 4, 2, 4 ),
 ( 0.0008842110969067749036, 0.001418420753321839901, 0.001952630409736904682 ),
 .UNSPECIFIED. ) ;
#2003 = LOCAL_TIME ( 18, 19, 49.00000000000000000, #340 ) ;
#2004 = LINE ( 'NONE', #4644, #2984 ) ;
#2005 = EDGE_CURVE ( 'NONE', #1316, #214, #2555, .T. ) ;
#2006 = CARTESIAN_POINT ( 'NONE',  ( 0.8294067547305484789, -0.4788582131113834905, 9.625000000000003553 ) ) ;
#2007 = CARTESIAN_POINT ( 'NONE',  ( 1.105875672974064861, -7.106851071790302181E-15, 8.762500000000002842 ) ) ;
#2008 = ORIENTED_EDGE ( 'NONE', *, *, #3273, .T. ) ;
#2009 = LINE ( 'NONE', #2084, #1619 ) ;
#2010 = CARTESIAN_POINT ( 'NONE',  ( -1.530808498934197980E-16, -1.250000000000012434, 6.174999999999999822 ) ) ;
#2011 = CARTESIAN_POINT ( 'NONE',  ( 0.1340913449730357920, 2.520658537237133512, 0.1838980789322583187 ) ) ;
#2012 = CARTESIAN_POINT ( 'NONE',  ( 0.1912500000000070255, 2.487657972370792780, 0.1674308549307030047 ) ) ;
#2013 = CARTESIAN_POINT ( 'NONE',  ( 0.000000000000000000, -1.258909218984051749E-16, -3.899999999999999911 ) ) ;
#2014 = VERTEX_POINT ( 'NONE', #1782 ) ;
#2015 = CARTESIAN_POINT ( 'NONE',  ( 2.058749999992247393, 1.409456344663646554, 0.1674308549284711511 ) ) ;
#2016 = ADVANCED_FACE ( 'NONE', ( #4417 ), #4778, .T. ) ;
#2017 = CARTESIAN_POINT ( 'NONE',  ( 0.5529378364870329854, 0.9577164262227451097, 7.037500000000004086 ) ) ;
#2018 = EDGE_CURVE ( 'NONE', #1027, #2687, #2495, .T. ) ;
#2019 = CARTESIAN_POINT ( 'NONE',  ( 0.5529378364870330964, 0.9577164262227451097, 5.687500000000003553 ) ) ;
#2020 = DIRECTION ( 'NONE',  ( 0.000000000000000000, 1.000000000000000000, 0.000000000000000000 ) ) ;
#2021 = ORIENTED_EDGE ( 'NONE', *, *, #1664, .F. ) ;
#2022 = CARTESIAN_POINT ( 'NONE',  ( -1.172864355864548802E-16, -0.9577164262227686464, -1.199999999999998845 ) ) ;
#2023 = CARTESIAN_POINT ( 'NONE',  ( 1.471500672974072721, -6.015359748809589996E-15, -2.198437499999998934 ) ) ;
#2024 = DIRECTION ( 'NONE',  ( -0.000000000000000000, 1.157433492142735316E-16, -1.000000000000000000 ) ) ;
#2025 = CARTESIAN_POINT ( 'NONE',  ( -2.205000000000000071, -4.336808689942017736E-15, 0.000000000000000000 ) ) ;
#2026 = CARTESIAN_POINT ( 'NONE',  ( 0.5529378364870320972, -0.9577164262227595426, 7.281250000000003553 ) ) ;
#2027 = CARTESIAN_POINT ( 'NONE',  ( 0.000000000000000000, -1.258909218984051749E-16, -3.899999999999999911 ) ) ;
#2028 = CARTESIAN_POINT ( 'NONE',  ( -0.7357503364870368046, -1.274356964481450083, -3.220312499999997691 ) ) ;
#2029 = CARTESIAN_POINT ( 'NONE',  ( 0.5529378364870329854, 0.9577164262227449987, 7.937500000000003553 ) ) ;
#2030 = ORIENTED_EDGE ( 'NONE', *, *, #3858, .F. ) ;
#2031 = CARTESIAN_POINT ( 'NONE',  ( -0.6780353727866319513, 0.6763791734722345295, -0.4680000000000000271 ) ) ;
#2032 = DIRECTION ( 'NONE',  ( -0.000000000000000000, 1.157433492142735316E-16, -1.000000000000000000 ) ) ;
#2033 = CARTESIAN_POINT ( 'NONE',  ( -1.082531754730552853, 0.6249999999999957812, 6.418750000000005507 ) ) ;
#2034 = CARTESIAN_POINT ( 'NONE',  ( 0.5529378364870329854, 0.9577164262227449987, 6.531250000000002665 ) ) ;
#2035 = DIRECTION ( 'NONE',  ( 0.000000000000000000, 1.000000000000000000, 0.000000000000000000 ) ) ;
#2036 = EDGE_LOOP ( 'NONE', ( #2678, #3449, #1273, #2228 ) ) ;
#2037 = CARTESIAN_POINT ( 'NONE',  ( -1.530808498934197980E-16, -1.250000000000012434, 8.425000000000000711 ) ) ;
#2038 = CARTESIAN_POINT ( 'NONE',  ( 0.000000000000000000, 1.249999999999998224, -2.943749999999995648 ) ) ;
#2039 = CARTESIAN_POINT ( 'NONE',  ( 0.8294067547305490340, 0.4788582131113686136, 9.193750000000001421 ) ) ;
#2040 = CARTESIAN_POINT ( 'NONE',  ( -0.5796574373039996564, -0.8300727467278393723, 9.423423171226035677 ) ) ;
#2041 = CARTESIAN_POINT ( 'NONE',  ( -0.7357503364870348062, -1.274356964481448085, 6.573437500000001599 ) ) ;
#2042 = ORIENTED_EDGE ( 'NONE', *, *, #1213, .T. ) ;
#2043 = CARTESIAN_POINT ( 'NONE',  ( -1.105875672974077295, -5.595531526124532414E-15, -0.8624999999999987121 ) ) ;
#2044 = ADVANCED_FACE ( 'NONE', ( #3957 ), #4735, .T. ) ;
#2045 = CARTESIAN_POINT ( 'NONE',  ( 1.103625504730552320, 0.6371784822407128290, 9.910937500000001066 ) ) ;
#2046 = CARTESIAN_POINT ( 'NONE',  ( 1.103625504730555207, 0.6371784822407156046, -2.160937499999998845 ) ) ;
#2047 = DIRECTION ( 'NONE',  ( 0.000000000000000000, 1.000000000000000000, 0.000000000000000000 ) ) ;
#2048 = CARTESIAN_POINT ( 'NONE',  ( 1.102600906380565959, 1.587035974451554868E-11, 9.522600906380569441 ) ) ;
#2049 = EDGE_CURVE ( 'NONE', #3590, #3082, #1896, .T. ) ;
#2050 = CARTESIAN_POINT ( 'NONE',  ( -2.205000000000000071, -4.336808689942017736E-15, 0.000000000000000000 ) ) ;
#2051 = CARTESIAN_POINT ( 'NONE',  ( -1.530808498934196747E-16, -1.250000000000009992, -3.225000000000000977 ) ) ;
#2052 = CARTESIAN_POINT ( 'NONE',  ( -1.560637177523338370E-16, -1.274356964481450083, -2.282812499999997691 ) ) ;
#2053 = CARTESIAN_POINT ( 'NONE',  ( -0.8294067547305487009, 0.4788582131113693907, 7.150000000000003908 ) ) ;
#2054 = ORIENTED_EDGE ( 'NONE', *, *, #4365, .F. ) ;
#2055 = CARTESIAN_POINT ( 'NONE',  ( 0.5529378364870390916, 0.9577164262227569891, -0.5624999999999987788 ) ) ;
#2056 = CARTESIAN_POINT ( 'NONE',  ( 0.8294067547305575827, -0.4788582131113877094, -3.318749999999997868 ) ) ;
#2057 = CARTESIAN_POINT ( 'NONE',  ( -0.7216878364870357165, -1.250000000000012434, 6.531250000000005329 ) ) ;
#2058 = DIRECTION ( 'NONE',  ( -0.000000000000000000, 1.157433492142735316E-16, -1.000000000000000000 ) ) ;
#2059 = ORIENTED_EDGE ( 'NONE', *, *, #4432, .F. ) ;
#2060 = CARTESIAN_POINT ( 'NONE',  ( -1.443375672974070101, -6.815323736422166126E-15, 8.312500000000000000 ) ) ;
#2061 = B_SPLINE_CURVE_WITH_KNOTS ( 'NONE', 3,
 ( #3617, #3959, #2891, #1803, #3276, #4756 ),
 .UNSPECIFIED., .F., .F.,
 ( 4, 2, 4 ),
 ( 4.053666491000183527E-16, 0.0002012759897613351193, 0.0004025519795222649096 ),
 .UNSPECIFIED. ) ;
#2062 = CARTESIAN_POINT ( 'NONE',  ( -1.082531754730552853, 0.6249999999999957812, 5.575000000000001954 ) ) ;
#2063 = CARTESIAN_POINT ( 'NONE',  ( 0.5529378364870329854, 0.9577164262227449987, 10.58125000000000249 ) ) ;
#2064 =( BOUNDED_CURVE ( )  B_SPLINE_CURVE ( 2, ( #2379, #3842, #547 ),
 .UNSPECIFIED., .F., .F. ) 
 B_SPLINE_CURVE_WITH_KNOTS ( ( 3, 3 ),
 ( 0.9615384615384615641, 0.9649100474015310791 ),
 .UNSPECIFIED. ) 
 CURVE ( )  GEOMETRIC_REPRESENTATION_ITEM ( )  RATIONAL_B_SPLINE_CURVE ( ( 1.000000000000000000, 0.9647668653403549399, 0.9480652107226030800 ) ) 
 REPRESENTATION_ITEM ( '' )  );
#2065 = CARTESIAN_POINT ( 'NONE',  ( 0.8294067547305575827, -0.4788582131113877094, -2.868749999999998135 ) ) ;
#2066 = CARTESIAN_POINT ( 'NONE',  ( 0.7357503364870339180, -1.274356964481448307, 8.448437500000002487 ) ) ;
#2067 = ORIENTED_EDGE ( 'NONE', *, *, #4206, .F. ) ;
#2068 = CARTESIAN_POINT ( 'NONE',  ( -0.8294067547305579158, -0.4788582131113871543, -3.918749999999997957 ) ) ;
#2069 = CARTESIAN_POINT ( 'NONE',  ( 0.7357503364870351392, 1.274356964481433874, 10.39843750000000000 ) ) ;
#2070 = CARTESIAN_POINT ( 'NONE',  ( -1.103625504730554763, -0.6371784822407275950, -0.5859374999999992228 ) ) ;
#2071 = ADVANCED_FACE ( 'NONE', ( #2216 ), #2150, .T. ) ;
#2072 = AXIS2_PLACEMENT_3D ( 'NONE', #4334, #4375, #703 ) ;
#2073 = CARTESIAN_POINT ( 'NONE',  ( 0.000000000000000000, -1.258909218984051749E-16, -3.899999999999999911 ) ) ;
#2074 = CARTESIAN_POINT ( 'NONE',  ( -2.249999999999999112, 1.078201627711620869, 9.832569145069296468 ) ) ;
#2075 = CARTESIAN_POINT ( 'NONE',  ( -1.103625504730551654, 0.6371784822407138282, 10.48281250000000497 ) ) ;
#2076 = AXIS2_PLACEMENT_3D ( 'NONE', #3626, #330, #1793 ) ;
#2077 = CARTESIAN_POINT ( 'NONE',  ( 0.000000000000000000, 1.249999999999998224, -2.043749999999995737 ) ) ;
#2078 = EDGE_CURVE ( 'NONE', #4176, #4567, #1260, .T. ) ;
#2079 = CARTESIAN_POINT ( 'NONE',  ( -1.103625504730554763, -0.6371784822407277060, -2.357812499999997424 ) ) ;
#2080 = VECTOR ( 'NONE', #3883, 1000.000000000000000 ) ;
#2081 = CARTESIAN_POINT ( 'NONE',  ( -1.172864355864535983E-16, -0.9577164262227593206, 9.943750000000003197 ) ) ;
#2082 = CIRCLE ( 'NONE', #1621, 0.2249999999999999223 ) ;
#2083 = ORIENTED_EDGE ( 'NONE', *, *, #3514, .F. ) ;
#2084 = CARTESIAN_POINT ( 'NONE',  ( 2.249999999999998668, 1.078201627711623756, -6.873863542433756635 ) ) ;
#2085 = CARTESIAN_POINT ( 'NONE',  ( -0.8294067547305579158, -0.4788582131113870988, -3.468749999999997780 ) ) ;
#2086 = CARTESIAN_POINT ( 'NONE',  ( -1.082531754730552853, 0.6249999999999957812, 7.375000000000001776 ) ) ;
#2087 = CARTESIAN_POINT ( 'NONE',  ( -0.6710041598264173679, -0.6833550837979860404, -3.900000000000000355 ) ) ;
#2088 = DIRECTION ( 'NONE',  ( 0.000000000000000000, 1.000000000000000000, 0.000000000000000000 ) ) ;
#2089 = CARTESIAN_POINT ( 'NONE',  ( -1.530808498934197980E-16, -1.250000000000012434, 7.525000000000000355 ) ) ;
#2090 = CARTESIAN_POINT ( 'NONE',  ( 2.345728711729071966E-16, 0.9577164262227454428, 9.268750000000002487 ) ) ;
#2091 = CARTESIAN_POINT ( 'NONE',  ( -0.8294067547305579158, -0.4788582131113870988, -3.018749999999998046 ) ) ;
#2092 = CARTESIAN_POINT ( 'NONE',  ( -1.471500672974068724, -6.813601576860865123E-15, 8.298437500000000355 ) ) ;
#2093 = VERTEX_POINT ( 'NONE', #4754 ) ;
#2094 = CARTESIAN_POINT ( 'NONE',  ( 0.8294067547305575827, -0.4788582131113877094, -3.318749999999997868 ) ) ;
#2095 =( BOUNDED_CURVE ( )  B_SPLINE_CURVE ( 2, ( #779, #390, #748, #5, #342, #1850, #3257 ),
 .UNSPECIFIED., .F., .F. ) 
 B_SPLINE_CURVE_WITH_KNOTS ( ( 3, 2, 2, 3 ),
 ( 0.2118771209096265151, 0.2303956394281450049, 0.2489141579466634946, 0.2674326764651820953 ),
 .UNSPECIFIED. ) 
 CURVE ( )  GEOMETRIC_REPRESENTATION_ITEM ( )  RATIONAL_B_SPLINE_CURVE ( ( 1.000000000000000000, 0.8660254037844387076, 1.000000000000000000, 0.8660254037844387076, 1.000000000000000000, 0.8660254037844387076, 1.000000000000000000 ) ) 
 REPRESENTATION_ITEM ( '' )  );
#2096 = ADVANCED_FACE ( 'NONE', ( #3274 ), #1915, .F. ) ;
#2097 = CARTESIAN_POINT ( 'NONE',  ( 0.7357503364870339180, -1.274356964481448307, 9.348437500000002842 ) ) ;
#2098 = CARTESIAN_POINT ( 'NONE',  ( 1.103625504730555207, 0.6371784822407157156, -0.8109374999999992006 ) ) ;
#2099 = CARTESIAN_POINT ( 'NONE',  ( -1.530808498934197980E-16, -1.250000000000012434, 7.075000000000001066 ) ) ;
#2100 = CARTESIAN_POINT ( 'NONE',  ( 1.103625504730552320, 0.6371784822407128290, 10.33281250000000284 ) ) ;
#2101 = CARTESIAN_POINT ( 'NONE',  ( -1.530808498934196747E-16, -1.250000000000009770, -1.425000000000000711 ) ) ;
#2102 = CARTESIAN_POINT ( 'NONE',  ( 0.7357503364870370266, 1.274356964481438315, -2.995312499999997602 ) ) ;
#2103 = CARTESIAN_POINT ( 'NONE',  ( 0.5529378364870329854, 0.9577164262227449987, 5.687500000000002665 ) ) ;
#2104 = ADVANCED_FACE ( 'NONE', ( #4372 ), #1468, .T. ) ;
#2105 = VERTEX_POINT ( 'NONE', #1761 ) ;
#2106 = MANIFOLD_SOLID_BREP ( 'Cut-Extrude3', #456 ) ;
#2107 = CARTESIAN_POINT ( 'NONE',  ( 0.000000000000000000, 1.475000000000000755, 10.00000000000000000 ) ) ;
#2108 = CARTESIAN_POINT ( 'NONE',  ( 0.8294067547305575827, -0.4788582131113876539, -2.418749999999997957 ) ) ;
#2109 = CARTESIAN_POINT ( 'NONE',  ( 3.061616997868395960E-16, 1.249999999999998224, 6.343750000000005329 ) ) ;
#2110 = CARTESIAN_POINT ( 'NONE',  ( 0.1912500000000070255, 2.487657972370792780, 0.1674308549307030047 ) ) ;
#2111 = CARTESIAN_POINT ( 'NONE',  ( 0.5529378364870322082, -0.9577164262227596536, 5.087500000000003908 ) ) ;
#2112 = CARTESIAN_POINT ( 'NONE',  ( 0.8294067547305490340, 0.4788582131113686136, 8.743750000000003908 ) ) ;
#2113 = CARTESIAN_POINT ( 'NONE',  ( -1.172864355864548802E-16, -0.9577164262227687574, -2.493749999999997691 ) ) ;
#2114 = CARTESIAN_POINT ( 'NONE',  ( 1.103625504730552320, 0.6371784822407128290, 7.660937500000001954 ) ) ;
#2115 = ORIENTED_EDGE ( 'NONE', *, *, #962, .T. ) ;
#2116 = CARTESIAN_POINT ( 'NONE',  ( -0.5529378364870384255, 0.9577164262227572111, -3.131249999999997424 ) ) ;
#2117 = CARTESIAN_POINT ( 'NONE',  ( 0.7357503364870339180, -1.274356964481448307, 9.798437500000002132 ) ) ;
#2118 = DIRECTION ( 'NONE',  ( -0.000000000000000000, 0.000000000000000000, 1.000000000000000000 ) ) ;
#2119 = CARTESIAN_POINT ( 'NONE',  ( -0.8422767770016881261, -0.7224473138990078480, -3.822680917888590990 ) ) ;
#2120 = CARTESIAN_POINT ( 'NONE',  ( 3.121274355046668358E-16, 1.274356964481434318, 9.957812500000002842 ) ) ;
#2121 = CARTESIAN_POINT ( 'NONE',  ( 0.5529378364870330964, 0.9577164262227451097, 7.937500000000003553 ) ) ;
#2122 = CARTESIAN_POINT ( 'NONE',  ( 0.000000000000000000, 1.274356964481438759, -3.407812499999997691 ) ) ;
#2123 = CARTESIAN_POINT ( 'NONE',  ( -2.249999999999999112, 4.517234524563972334E-14, 0.02598076211287159848 ) ) ;
#2124 = B_SPLINE_CURVE_WITH_KNOTS ( 'NONE', 3,
 ( #1231, #2346, #4301, #4642, #2119, #629, #971, #4345 ),
 .UNSPECIFIED., .F., .F.,
 ( 4, 2, 2, 4 ),
 ( 1.486731504943202682E-16, 0.0007727900057326101118, 0.001159185008598841334, 0.001545580011465072338 ),
 .UNSPECIFIED. ) ;
#2125 = CARTESIAN_POINT ( 'NONE',  ( -0.5529378364870322082, 0.9577164262227454428, 10.20625000000000249 ) ) ;
#2126 = ORIENTED_EDGE ( 'NONE', *, *, #4111, .F. ) ;
#2127 = DIRECTION ( 'NONE',  ( -0.000000000000000000, 1.157433492142735316E-16, -1.000000000000000000 ) ) ;
#2128 = CARTESIAN_POINT ( 'NONE',  ( 0.000000000000000000, 1.249999999999998224, -2.043749999999995737 ) ) ;
#2129 = CARTESIAN_POINT ( 'NONE',  ( 1.082531754730552631, -0.6250000000000101030, 5.293750000000005507 ) ) ;
#2130 = CYLINDRICAL_SURFACE ( 'NONE', #1823, 1.249999999999998446 ) ;
#2131 = CARTESIAN_POINT ( 'NONE',  ( -2.164955578321481333, -1.327882310996658655, 0.1927518840764719799 ) ) ;
#2132 = CARTESIAN_POINT ( 'NONE',  ( -1.172864355864535983E-16, -0.9577164262227593206, 9.043750000000002842 ) ) ;
#2133 = EDGE_CURVE ( 'NONE', #3909, #799, #1821, .T. ) ;
#2134 = CARTESIAN_POINT ( 'NONE',  ( 0.000000000000000000, 0.9577164262227571001, -0.2249999999999998390 ) ) ;
#2135 = CARTESIAN_POINT ( 'NONE',  ( 1.471500672974068724, -7.174015294681039699E-15, 5.823437500000002487 ) ) ;
#2136 = VERTEX_POINT ( 'NONE', #385 ) ;
#2137 = CARTESIAN_POINT ( 'NONE',  ( -0.5529378364870384255, 0.9577164262227572111, -4.031249999999997335 ) ) ;
#2138 = CARTESIAN_POINT ( 'NONE',  ( -0.8294067547305488119, -0.4788582131113828244, 5.368750000000003020 ) ) ;
#2139 = CARTESIAN_POINT ( 'NONE',  ( -1.471500672974072721, -5.530950542575746399E-15, -0.1734374999999991063 ) ) ;
#2140 = DIRECTION ( 'NONE',  ( -0.000000000000000000, 1.157433492142735316E-16, -1.000000000000000000 ) ) ;
#2141 = CARTESIAN_POINT ( 'NONE',  ( 0.000000000000000000, -4.336808689942017736E-15, 0.000000000000000000 ) ) ;
#2142 = TOROIDAL_SURFACE ( 'NONE', #1754, 1.182716426222757633, 0.2249999999999999223 ) ;
#2143 = CARTESIAN_POINT ( 'NONE',  ( 0.8294067547305490340, 0.4788582131113686691, 9.250000000000003553 ) ) ;
#2144 = CARTESIAN_POINT ( 'NONE',  ( 0.7357503364870359164, -1.274356964481450305, -1.345312499999997691 ) ) ;
#2145 = FACE_OUTER_BOUND ( 'NONE', #834, .T. ) ;
#2146 = AXIS2_PLACEMENT_3D ( 'NONE', #2073, #2875, #3902 ) ;
#2147 = CARTESIAN_POINT ( 'NONE',  ( 1.105875672974064861, -7.106851071790302181E-15, 5.612500000000004263 ) ) ;
#2148 = ORIENTED_EDGE ( 'NONE', *, *, #2576, .F. ) ;
#2149 = EDGE_CURVE ( 'NONE', #2014, #411, #766, .T. ) ;
#2150 = CYLINDRICAL_SURFACE ( 'NONE', #1072, 1.249999999999998446 ) ;
#2151 = AXIS2_PLACEMENT_3D ( 'NONE', #2107, #2473, #4648 ) ;
#2152 = CARTESIAN_POINT ( 'NONE',  ( -1.249937498436453520, -0.01250000004220803637, -0.6367499999990497983 ) ) ;
#2153 = FACE_OUTER_BOUND ( 'NONE', #525, .T. ) ;
#2154 = VECTOR ( 'NONE', #4040, 1000.000000000000000 ) ;
#2155 = CARTESIAN_POINT ( 'NONE',  ( -0.7216878364870350504, 1.249999999999998446, 9.137500000000001066 ) ) ;
#2156 = CARTESIAN_POINT ( 'NONE',  ( 0.8294067547305484789, -0.4788582131113834905, 6.418750000000002842 ) ) ;
#2157 = CARTESIAN_POINT ( 'NONE',  ( -1.105875672974077073, -5.647196312963560121E-15, -1.706249999999998046 ) ) ;
#2158 = CARTESIAN_POINT ( 'NONE',  ( -1.530808498934196747E-16, -1.250000000000009770, -1.425000000000000711 ) ) ;
#2159 = CARTESIAN_POINT ( 'NONE',  ( -1.074441400970971738, 0.5319704206299604721, -3.731844522423274579 ) ) ;
#2160 = VERTEX_POINT ( 'NONE', #3232 ) ;
#2161 = CARTESIAN_POINT ( 'NONE',  ( -1.105875672974077295, -5.647196312963561699E-15, -1.706249999999998268 ) ) ;
#2162 = ADVANCED_FACE ( 'NONE', ( #2868 ), #4352, .F. ) ;
#2163 = CARTESIAN_POINT ( 'NONE',  ( 0.8294067547305490340, 0.4788582131113686691, 9.700000000000004619 ) ) ;
#2164 = DIRECTION ( 'NONE',  ( -0.000000000000000000, 1.157433492142735316E-16, -1.000000000000000000 ) ) ;
#2165 = CARTESIAN_POINT ( 'NONE',  ( -0.7437705022046740000, -0.9483792354516468182, -0.6049898788567268371 ) ) ;
#2166 = CARTESIAN_POINT ( 'NONE',  ( 1.471500672974068724, -7.174015294681039699E-15, 8.495312500000004263 ) ) ;
#2167 = CARTESIAN_POINT ( 'NONE',  ( 0.5529378364870390916, 0.9577164262227568781, -3.712499999999998579 ) ) ;
#2168 = LINE ( 'NONE', #4606, #3989 ) ;
#2169 = CARTESIAN_POINT ( 'NONE',  ( -0.8294067547305487009, 0.4788582131113693907, 6.250000000000003553 ) ) ;
#2170 = ORIENTED_EDGE ( 'NONE', *, *, #1986, .F. ) ;
#2171 = DIRECTION ( 'NONE',  ( 1.000000000000000000, 0.000000000000000000, 0.000000000000000000 ) ) ;
#2172 = APPLICATION_PROTOCOL_DEFINITION ( 'international standard', 'config_control_design', 1994, #2387 ) ;
#2173 = CARTESIAN_POINT ( 'NONE',  ( 3.061616997868395960E-16, 1.249999999999998224, 6.343750000000005329 ) ) ;
#2174 = DIRECTION ( 'NONE',  ( 1.000000000000000000, 1.224646799147353207E-16, 1.417447221378543949E-32 ) ) ;
#2175 = CARTESIAN_POINT ( 'NONE',  ( 0.8378892762534555505, -0.7249191365709900525, -0.5497695672252707055 ) ) ;
#2176 = CARTESIAN_POINT ( 'NONE',  ( 0.5529378364870329854, 0.9577164262227449987, 8.331250000000002487 ) ) ;
#2177 = CARTESIAN_POINT ( 'NONE',  ( 1.443375672974070101, -7.168848815997138269E-15, 7.187500000000000000 ) ) ;
#2178 = CARTESIAN_POINT ( 'NONE',  ( -0.8065861484873921849, -2.132393481399498913, 9.973803626818032342 ) ) ;
#2179 = CARTESIAN_POINT ( 'NONE',  ( 1.471500672974068724, -7.174015294681039699E-15, 6.273437500000001776 ) ) ;
#2180 = CC_DESIGN_DATE_AND_TIME_ASSIGNMENT ( #1492, #773, ( #1530 ) ) ;
#2181 = ORIENTED_EDGE ( 'NONE', *, *, #4530, .T. ) ;
#2182 = CARTESIAN_POINT ( 'NONE',  ( -1.105875672974077295, -5.619641759982745659E-15, -1.256249999999997646 ) ) ;
#2183 = B_SPLINE_CURVE_WITH_KNOTS ( 'NONE', 3,
 ( #1636, #3102, #4589, #2386, #1532, #2998, #4117, #1342, #1679, #2813, #2040, #575, #2435, #3194, #4274, #3895 ),
 .UNSPECIFIED., .F., .F.,
 ( 4, 2, 2, 2, 2, 2, 2, 4 ),
 ( 0.003801196595890536309, 0.004608581488039023739, 0.005012273934113267021, 0.005415966380187511170, 0.005819658826261753584, 0.006223351272335997733, 0.006627043718410241015, 0.007030736164484484296 ),
 .UNSPECIFIED. ) ;
#2184 = CARTESIAN_POINT ( 'NONE',  ( 2.345728711729072459E-16, 0.9577164262227455538, 8.425000000000004263 ) ) ;
#2185 = ADVANCED_FACE ( 'NONE', ( #4075 ), #4522, .T. ) ;
#2186 = CARTESIAN_POINT ( 'NONE',  ( 2.249999999999998668, -1.144185005067748451, 0.1838936497298835626 ) ) ;
#2187 = CARTESIAN_POINT ( 'NONE',  ( 0.000000000000000000, 0.9577164262227571001, -4.124999999999998224 ) ) ;
#2188 = CARTESIAN_POINT ( 'NONE',  ( 1.471500672974068724, -7.174015294681039699E-15, 9.395312500000002842 ) ) ;
#2189 = CARTESIAN_POINT ( 'NONE',  ( 1.105875672974077295, -6.042053222009755535E-15, -3.731249999999998401 ) ) ;
#2190 = CARTESIAN_POINT ( 'NONE',  ( -1.103625504730554541, 0.6371784822407167148, -1.082812499999997735 ) ) ;
#2191 = EDGE_CURVE ( 'NONE', #565, #4036, #2242, .T. ) ;
#2192 = CARTESIAN_POINT ( 'NONE',  ( 1.082531754730552631, 0.6249999999999955591, -1.218749999999995781 ) ) ;
#2193 = CARTESIAN_POINT ( 'NONE',  ( -0.8294067547305487009, 0.4788582131113693907, 7.993750000000003020 ) ) ;
#2194 = VERTEX_POINT ( 'NONE', #4153 ) ;
#2195 = CARTESIAN_POINT ( 'NONE',  ( 0.000000000000000000, 1.249999999999998224, -2.043749999999995737 ) ) ;
#2196 = PERSON_AND_ORGANIZATION_ROLE ( 'creator' ) ;
#2197 = CYLINDRICAL_SURFACE ( 'NONE', #843, 1.249999999999998446 ) ;
#2198 = CARTESIAN_POINT ( 'NONE',  ( 3.121274355046668358E-16, 1.274356964481434318, 5.907812500000003908 ) ) ;
#2199 = CARTESIAN_POINT ( 'NONE',  ( 1.443375672974068991, -6.038608902887152741E-15, -2.662500000000001421 ) ) ;
#2200 = CARTESIAN_POINT ( 'NONE',  ( 1.082531754730551521, -0.6250000000000083267, -1.800000000000000711 ) ) ;
#2201 = CARTESIAN_POINT ( 'NONE',  ( -0.8294067547305488119, -0.4788582131113828244, 7.618750000000002132 ) ) ;
#2202 = CARTESIAN_POINT ( 'NONE',  ( 0.8294067547305575827, -0.4788582131113876539, -1.968749999999997780 ) ) ;
#2203 = CARTESIAN_POINT ( 'NONE',  ( -1.105875672974064861, -6.835989651157778155E-15, 7.581250000000002487 ) ) ;
#2204 = CARTESIAN_POINT ( 'NONE',  ( -1.151222496981826326, -0.5024352241069716118, -3.691233169863576524 ) ) ;
#2205 = ORIENTED_EDGE ( 'NONE', *, *, #3134, .T. ) ;
#2206 = CARTESIAN_POINT ( 'NONE',  ( -0.5529378364870388696, -0.9577164262227685354, -0.7312499999999978462 ) ) ;
#2207 = CARTESIAN_POINT ( 'NONE',  ( 0.8294067547305490340, 0.4788582131113686691, 8.800000000000004263 ) ) ;
#2208 = CARTESIAN_POINT ( 'NONE',  ( -2.249999999999998668, 1.144185005067753336, 0.1838936497298738482 ) ) ;
#2209 = CARTESIAN_POINT ( 'NONE',  ( 1.082531754730552631, -0.6250000000000101030, 6.700000000000001954 ) ) ;
#2210 = CARTESIAN_POINT ( 'NONE',  ( 0.7357503364870351392, 1.274356964481433874, 7.670312500000002309 ) ) ;
#2211 = CARTESIAN_POINT ( 'NONE',  ( -0.8294067547305578048, 0.4788582131113758855, -1.743749999999997913 ) ) ;
#2212 = CARTESIAN_POINT ( 'NONE',  ( 0.000000000000000000, 1.274356964481438759, -1.157812499999997913 ) ) ;
#2213 = CARTESIAN_POINT ( 'NONE',  ( -1.105875672974064861, -6.835989651157778155E-15, 8.481250000000002842 ) ) ;
#2214 = ORIENTED_EDGE ( 'NONE', *, *, #3955, .T. ) ;
#2215 = ADVANCED_FACE ( 'NONE', ( #1977 ), #1596, .F. ) ;
#2216 = FACE_OUTER_BOUND ( 'NONE', #185, .T. ) ;
#2217 = DATE_TIME_ROLE ( 'classification_date' ) ;
#2218 = AXIS2_PLACEMENT_3D ( 'NONE', #4143, #4488, #1970 ) ;
#2219 = VERTEX_POINT ( 'NONE', #492 ) ;
#2220 = CARTESIAN_POINT ( 'NONE',  ( 1.082531754730552631, -0.6250000000000101030, 8.500000000000000000 ) ) ;
#2221 = CARTESIAN_POINT ( 'NONE',  ( 3.121274355046668358E-16, 1.274356964481434318, 6.807812500000004263 ) ) ;
#2222 = FACE_OUTER_BOUND ( 'NONE', #3177, .T. ) ;
#2223 = DIRECTION ( 'NONE',  ( 0.000000000000000000, -1.000000000000000000, 0.000000000000000000 ) ) ;
#2224 = CARTESIAN_POINT ( 'NONE',  ( -1.172864355864535983E-16, -0.9577164262227593206, 8.143750000000002487 ) ) ;
#2225 = CARTESIAN_POINT ( 'NONE',  ( -1.172864355864548802E-16, -0.9577164262227686464, -1.143749999999998046 ) ) ;
#2226 = CARTESIAN_POINT ( 'NONE',  ( 0.8294067547305484789, -0.4788582131113834905, 7.318750000000002309 ) ) ;
#2227 = CARTESIAN_POINT ( 'NONE',  ( 0.7357503364870339180, -1.274356964481448307, 5.298437500000002132 ) ) ;
#2228 = ORIENTED_EDGE ( 'NONE', *, *, #91, .T. ) ;
#2229 = AXIS2_PLACEMENT_3D ( 'NONE', #3813, #436, #3709 ) ;
#2230 = CARTESIAN_POINT ( 'NONE',  ( 0.000000000000000000, 0.9577164262227573222, -0.9187499999999981792 ) ) ;
#2231 = B_SPLINE_CURVE_WITH_KNOTS ( 'NONE', 3,
 ( #3497, #4214, #4557, #2377, #2355, #4626, #3067, #1934, #1982, #861 ),
 .UNSPECIFIED., .F., .F.,
 ( 4, 2, 2, 2, 4 ),
 ( 0.000000000000000000, 0.0006536116134849637984, 0.001307223226969927597, 0.001960834840454891287, 0.002614446453939855627 ),
 .UNSPECIFIED. ) ;
#2232 = CARTESIAN_POINT ( 'NONE',  ( 2.345728711729072459E-16, 0.9577164262227455538, 8.875000000000003553 ) ) ;
#2233 = CARTESIAN_POINT ( 'NONE',  ( -1.105875672974065083, -6.835989651157778155E-15, 8.537500000000003197 ) ) ;
#2234 = CYLINDRICAL_SURFACE ( 'NONE', #4319, 1.250000000000000222 ) ;
#2235 = CARTESIAN_POINT ( 'NONE',  ( 1.443375672974070101, -7.168848815997138269E-15, 6.231250000000003730 ) ) ;
#2236 = EDGE_CURVE ( 'NONE', #1027, #50, #3074, .T. ) ;
#2237 = CARTESIAN_POINT ( 'NONE',  ( -1.471500672974068724, -6.813601576860865123E-15, 8.270312500000004619 ) ) ;
#2238 = CARTESIAN_POINT ( 'NONE',  ( -0.8294067547305579158, -0.4788582131113869322, -0.3187499999999978684 ) ) ;
#2239 = CARTESIAN_POINT ( 'NONE',  ( 1.471500672974072721, -5.930973930305842453E-15, -0.8203124999999976685 ) ) ;
#2240 = CYLINDRICAL_SURFACE ( 'NONE', #3385, 1.250000000000000222 ) ;
#2241 = CARTESIAN_POINT ( 'NONE',  ( -1.105875672974064861, -6.835989651157778155E-15, 7.581250000000002487 ) ) ;
#2242 =( BOUNDED_CURVE ( )  B_SPLINE_CURVE ( 2, ( #106, #2661, #466, #1571, #4184, #2685, #131 ),
 .UNSPECIFIED., .F., .F. ) 
 B_SPLINE_CURVE_WITH_KNOTS ( ( 3, 2, 2, 3 ),
 ( 0.6923076923076922906, 0.7051282051282051766, 0.7179487179487179516, 0.7307692307692307265 ),
 .UNSPECIFIED. ) 
 CURVE ( )  GEOMETRIC_REPRESENTATION_ITEM ( )  RATIONAL_B_SPLINE_CURVE ( ( 1.000000000000000000, 0.8660254037844387076, 1.000000000000000000, 0.8660254037844387076, 1.000000000000000000, 0.8660254037844387076, 1.000000000000000000 ) ) 
 REPRESENTATION_ITEM ( '' )  );
#2243 = VERTEX_POINT ( 'NONE', #3734 ) ;
#2244 = CARTESIAN_POINT ( 'NONE',  ( 0.8294067547305490340, 0.4788582131113686691, 5.200000000000002842 ) ) ;
#2245 = PERSON_AND_ORGANIZATION ( #4253, #1386 ) ;
#2246 = ORIENTED_EDGE ( 'NONE', *, *, #1796, .T. ) ;
#2247 = EDGE_CURVE ( 'NONE', #477, #3897, #2946, .T. ) ;
#2248 = CARTESIAN_POINT ( 'NONE',  ( -1.530808498934196747E-16, -1.250000000000009992, -2.325000000000000622 ) ) ;
#2249 = CARTESIAN_POINT ( 'NONE',  ( 1.103625504730552320, 0.6371784822407128290, 6.282812500000004796 ) ) ;
#2250 = CARTESIAN_POINT ( 'NONE',  ( 0.5529378364870390916, 0.9577164262227568781, -1.912499999999998757 ) ) ;
#2251 = CARTESIAN_POINT ( 'NONE',  ( 0.2785931473290118032, 0.9450174092005095838, -0.4782845019161313660 ) ) ;
#2252 = CARTESIAN_POINT ( 'NONE',  ( -0.5529378364870322082, 0.9577164262227454428, 7.056250000000003020 ) ) ;
#2253 = CARTESIAN_POINT ( 'NONE',  ( -1.082531754730553075, -0.6250000000000092149, 6.550000000000000711 ) ) ;
#2254 = CARTESIAN_POINT ( 'NONE',  ( 0.8294067547305484789, -0.4788582131113834905, 8.218750000000001776 ) ) ;
#2255 = CARTESIAN_POINT ( 'NONE',  ( 1.082531754730552631, -0.6250000000000101030, 6.250000000000000888 ) ) ;
#2256 = EDGE_CURVE ( 'NONE', #22, #2381, #1415, .T. ) ;
#2257 = ORIENTED_EDGE ( 'NONE', *, *, #3605, .F. ) ;
#2258 = CARTESIAN_POINT ( 'NONE',  ( -0.5529378364870384255, 0.9577164262227573222, -0.8812499999999979794 ) ) ;
#2259 = CARTESIAN_POINT ( 'NONE',  ( -0.5529378364870324303, 0.9577164262227455538, 8.912500000000004974 ) ) ;
#2260 = CARTESIAN_POINT ( 'NONE',  ( 0.5529378364870322082, -0.9577164262227597646, 9.137500000000002842 ) ) ;
#2261 = DIRECTION ( 'NONE',  ( 0.8660254037844384856, 0.5000000000000002220, 0.000000000000000000 ) ) ;
#2262 = ORIENTED_EDGE ( 'NONE', *, *, #4675, .T. ) ;
#2263 = FACE_OUTER_BOUND ( 'NONE', #465, .T. ) ;
#2264 = CARTESIAN_POINT ( 'NONE',  ( 1.471500672974068724, -7.174015294681039699E-15, 8.045312500000003197 ) ) ;
#2265 = CARTESIAN_POINT ( 'NONE',  ( -0.7357503364870368046, -1.274356964481450083, -3.698437499999998046 ) ) ;
#2266 = CARTESIAN_POINT ( 'NONE',  ( 0.000000000000000000, 0.9577164262227573222, -1.424999999999998712 ) ) ;
#2267 = CARTESIAN_POINT ( 'NONE',  ( 2.249999999999998668, -0.3637187495185337793, 0.02598076211352206774 ) ) ;
#2268 = CARTESIAN_POINT ( 'NONE',  ( 0.5529378364870320972, -0.9577164262227595426, 8.181250000000002132 ) ) ;
#2269 = ORIENTED_EDGE ( 'NONE', *, *, #2603, .F. ) ;
#2270 = CARTESIAN_POINT ( 'NONE',  ( -1.530808498934196747E-16, -1.250000000000009770, -1.818749999999995648 ) ) ;
#2271 = ORIENTED_EDGE ( 'NONE', *, *, #1735, .T. ) ;
#2272 = CARTESIAN_POINT ( 'NONE',  ( 1.103625504730552320, 0.6371784822407128290, 5.832812500000004619 ) ) ;
#2273 = CARTESIAN_POINT ( 'NONE',  ( -0.5529378364870384255, 0.9577164262227571001, -3.637499999999998401 ) ) ;
#2274 = CARTESIAN_POINT ( 'NONE',  ( 0.1341067189834018181, -2.520649661048112389, 0.1838936497272631310 ) ) ;
#2275 = CARTESIAN_POINT ( 'NONE',  ( -0.8294067547305488119, -0.4788582131113828244, 5.818750000000002309 ) ) ;
#2276 = DIRECTION ( 'NONE',  ( -0.000000000000000000, -0.000000000000000000, 1.000000000000000000 ) ) ;
#2277 = CARTESIAN_POINT ( 'NONE',  ( -1.172864355864535983E-16, -0.9577164262227593206, 6.793750000000002842 ) ) ;
#2278 = CARTESIAN_POINT ( 'NONE',  ( 0.7216878364870360496, 1.249999999999997780, 8.556250000000005684 ) ) ;
#2279 = ORIENTED_EDGE ( 'NONE', *, *, #4002, .T. ) ;
#2280 = CARTESIAN_POINT ( 'NONE',  ( 0.7216878364870360496, 1.249999999999997558, 8.162500000000001421 ) ) ;
#2281 = CARTESIAN_POINT ( 'NONE',  ( 1.105875672974065083, -7.106851071790302181E-15, 6.512500000000002842 ) ) ;
#2282 = EDGE_CURVE ( 'NONE', #4269, #4567, #2539, .T. ) ;
#2283 = CARTESIAN_POINT ( 'NONE',  ( 0.8294067547305490340, 0.4788582131113686691, 7.450000000000003730 ) ) ;
#2284 = CARTESIAN_POINT ( 'NONE',  ( -1.082531754730553075, -0.6250000000000092149, 8.743750000000005684 ) ) ;
#2285 = CARTESIAN_POINT ( 'NONE',  ( 1.172864355864542392E-16, -0.9577164262227582103, -0.4680000000000001936 ) ) ;
#2286 = ORIENTED_EDGE ( 'NONE', *, *, #2944, .T. ) ;
#2287 = CARTESIAN_POINT ( 'NONE',  ( 0.000000000000000000, 0.9577164262227572111, -2.324999999999998401 ) ) ;
#2288 = CARTESIAN_POINT ( 'NONE',  ( 0.000000000000000000, 1.274356964481438759, -2.985937499999999023 ) ) ;
#2289 = CARTESIAN_POINT ( 'NONE',  ( -0.5529378364870388696, -0.9577164262227686464, -2.137499999999998845 ) ) ;
#2290 = CARTESIAN_POINT ( 'NONE',  ( -1.530808498934197980E-16, -1.250000000000012434, 7.468750000000005329 ) ) ;
#2291 = CARTESIAN_POINT ( 'NONE',  ( 0.5529378364870329854, 0.9577164262227449987, 5.181250000000003020 ) ) ;
#2292 = ORIENTED_EDGE ( 'NONE', *, *, #4472, .F. ) ;
#2293 = CARTESIAN_POINT ( 'NONE',  ( 3.061616997868395960E-16, 1.249999999999998224, 8.143750000000004263 ) ) ;
#2294 = DIRECTION ( 'NONE',  ( 0.000000000000000000, 1.000000000000000000, 1.157433492142735316E-16 ) ) ;
#2295 = ORIENTED_EDGE ( 'NONE', *, *, #2788, .F. ) ;
#2296 = DIRECTION ( 'NONE',  ( -0.000000000000000000, 1.157433492142735316E-16, -1.000000000000000000 ) ) ;
#2297 = CARTESIAN_POINT ( 'NONE',  ( -1.103625504730551876, -0.6371784822407272619, 6.507812500000004441 ) ) ;
#2298 = EDGE_CURVE ( 'NONE', #3137, #2619, #1100, .T. ) ;
#2299 = VERTEX_POINT ( 'NONE', #772 ) ;
#2300 = CARTESIAN_POINT ( 'NONE',  ( -1.105875672974077073, -5.650640632086162915E-15, -1.762499999999998845 ) ) ;
#2301 = AXIS2_PLACEMENT_3D ( 'NONE', #1081, #3366, #4022 ) ;
#2302 = CARTESIAN_POINT ( 'NONE',  ( -2.058749999999990088, -1.409456344659181015, 9.832569145069300021 ) ) ;
#2303 = DIRECTION ( 'NONE',  ( -0.000000000000000000, 1.157433492142735316E-16, -1.000000000000000000 ) ) ;
#2304 = CARTESIAN_POINT ( 'NONE',  ( 1.105875672974064861, -7.106851071790302181E-15, 9.156250000000003553 ) ) ;
#2305 = CARTESIAN_POINT ( 'NONE',  ( 2.249999999999998668, 1.144185005067753336, 9.816106350270127123 ) ) ;
#2306 = EDGE_LOOP ( 'NONE', ( #2715, #3920, #4607, #111 ) ) ;
#2307 = CARTESIAN_POINT ( 'NONE',  ( 2.250000000000000000, 1.144202757444291674, 0.1838980789322564313 ) ) ;
#2308 = CARTESIAN_POINT ( 'NONE',  ( -1.105875672974065083, -6.835989651157778155E-15, 7.637500000000003730 ) ) ;
#2309 = CARTESIAN_POINT ( 'NONE',  ( -1.105875672974065083, -6.835989651157778155E-15, 6.287500000000003197 ) ) ;
#2310 = CARTESIAN_POINT ( 'NONE',  ( -1.082531754730553075, -0.6250000000000092149, 7.000000000000001776 ) ) ;
#2311 = VECTOR ( 'NONE', #992, 1000.000000000000000 ) ;
#2312 = CARTESIAN_POINT ( 'NONE',  ( 0.9687711178739722984, -2.038755945665644109, 9.974126031989511532 ) ) ;
#2313 = ORIENTED_EDGE ( 'NONE', *, *, #3983, .T. ) ;
#2314 = ORIENTED_EDGE ( 'NONE', *, *, #1891, .T. ) ;
#2315 = EDGE_CURVE ( 'NONE', #1564, #4073, #463, .T. ) ;
#2316 = CARTESIAN_POINT ( 'NONE',  ( -0.5529378364870388696, -0.9577164262227686464, -3.487499999999998046 ) ) ;
#2317 = ADVANCED_FACE ( 'NONE', ( #2733 ), #2822, .F. ) ;
#2318 = CARTESIAN_POINT ( 'NONE',  ( 1.471500672974072721, -6.098023407752035748E-15, -3.548437499999998579 ) ) ;
#2319 = CARTESIAN_POINT ( 'NONE',  ( -0.5529378364870384255, 0.9577164262227572111, -2.287499999999998757 ) ) ;
#2320 = CARTESIAN_POINT ( 'NONE',  ( -1.082531754730553075, -0.6250000000000092149, 6.943750000000005862 ) ) ;
#2321 = CARTESIAN_POINT ( 'NONE',  ( -0.5529378364870326523, -0.9577164262227589875, 6.756250000000003197 ) ) ;
#2322 = VERTEX_POINT ( 'NONE', #2077 ) ;
#2323 = CARTESIAN_POINT ( 'NONE',  ( 0.000000000000000000, 1.249999999999998224, -1.593749999999995781 ) ) ;
#2324 = CARTESIAN_POINT ( 'NONE',  ( 2.345728711729071966E-16, 0.9577164262227454428, 9.775000000000002132 ) ) ;
#2325 = ORIENTED_EDGE ( 'NONE', *, *, #2639, .T. ) ;
#2326 = CARTESIAN_POINT ( 'NONE',  ( -1.530808498934196747E-16, -1.250000000000009770, -1.875000000000000888 ) ) ;
#2327 = CARTESIAN_POINT ( 'NONE',  ( -0.8294067547305488119, -0.4788582131113828244, 8.575000000000002842 ) ) ;
#2328 = ORIENTED_EDGE ( 'NONE', *, *, #3514, .T. ) ;
#2329 = CARTESIAN_POINT ( 'NONE',  ( -0.5529378364870384255, 0.9577164262227571001, -2.287499999999998757 ) ) ;
#2330 = CARTESIAN_POINT ( 'NONE',  ( 0.000000000000000000, 9.025506355797229604E-16, 10.00000000000000000 ) ) ;
#2331 = CARTESIAN_POINT ( 'NONE',  ( -1.530808498934196747E-16, -1.250000000000009992, -3.675000000000000266 ) ) ;
#2332 = CARTESIAN_POINT ( 'NONE',  ( 0.5529378364870329854, 0.9577164262227449987, 6.081250000000002487 ) ) ;
#2333 = DIRECTION ( 'NONE',  ( -0.000000000000000000, 1.157433492142735316E-16, -1.000000000000000000 ) ) ;
#2334 = VERTEX_POINT ( 'NONE', #4303 ) ;
#2335 = FACE_OUTER_BOUND ( 'NONE', #1167, .T. ) ;
#2336 = CARTESIAN_POINT ( 'NONE',  ( 1.105875672974065083, -7.106851071790302181E-15, 7.862500000000004263 ) ) ;
#2337 = CARTESIAN_POINT ( 'NONE',  ( 0.5529378364870330964, 0.9577164262227451097, 5.237500000000002487 ) ) ;
#2338 = DIRECTION ( 'NONE',  ( 0.8660254037844384856, -0.5000000000000002220, 0.000000000000000000 ) ) ;
#2339 = CC_DESIGN_PERSON_AND_ORGANIZATION_ASSIGNMENT ( #1110, #2869, ( #3615 ) ) ;
#2340 = CYLINDRICAL_SURFACE ( 'NONE', #373, 1.249999999999998446 ) ;
#2341 = EDGE_LOOP ( 'NONE', ( #1038, #1337, #3956, #1390 ) ) ;
#2342 = CARTESIAN_POINT ( 'NONE',  ( -0.8294067547305578048, 0.4788582131113758300, -2.699999999999998401 ) ) ;
#2343 = EDGE_CURVE ( 'NONE', #856, #2431, #222, .T. ) ;
#2344 = CARTESIAN_POINT ( 'NONE',  ( -1.103625504730554763, -0.6371784822407278170, -3.735937499999999023 ) ) ;
#2345 = CARTESIAN_POINT ( 'NONE',  ( -1.172864355864548802E-16, -0.9577164262227686464, -0.7499999999999988898 ) ) ;
#2346 = CARTESIAN_POINT ( 'NONE',  ( -0.2574433229220964847, -1.218349329276845250, -3.706650670723186103 ) ) ;
#2347 = CARTESIAN_POINT ( 'NONE',  ( -1.105875672974064861, -6.835989651157778155E-15, 7.131250000000002309 ) ) ;
#2348 = CARTESIAN_POINT ( 'NONE',  ( 0.9617776763923913119, 0.3012667748373578647, 5.200000000000004619 ) ) ;
#2349 = EDGE_CURVE ( 'NONE', #3601, #1183, #902, .T. ) ;
#2350 = CARTESIAN_POINT ( 'NONE',  ( 0.8294067547305490340, 0.4788582131113686136, 10.15000000000000213 ) ) ;
#2351 = CARTESIAN_POINT ( 'NONE',  ( -0.1341067189834042883, -2.520649661048112389, 9.816106350272736591 ) ) ;
#2352 = CARTESIAN_POINT ( 'NONE',  ( 0.8294067547305490340, 0.4788582131113686136, 8.350000000000003197 ) ) ;
#2353 = ORIENTED_EDGE ( 'NONE', *, *, #194, .F. ) ;
#2354 = CARTESIAN_POINT ( 'NONE',  ( -0.5529378364870388696, -0.9577164262227686464, -2.587499999999998579 ) ) ;
#2355 = CARTESIAN_POINT ( 'NONE',  ( -0.7906875008575143804, 0.7823835503088529819, 5.200000000000004619 ) ) ;
#2356 = CARTESIAN_POINT ( 'NONE',  ( -1.530808498934196747E-16, -1.250000000000009770, -3.618749999999995914 ) ) ;
#2357 = CARTESIAN_POINT ( 'NONE',  ( -1.172864355864535983E-16, -0.9577164262227593206, 5.443750000000003197 ) ) ;
#2358 = CARTESIAN_POINT ( 'NONE',  ( 2.232457603721900607, 1.210965373387891342, 9.807248115923879794 ) ) ;
#2359 = ORIENTED_EDGE ( 'NONE', *, *, #2995, .F. ) ;
#2360 = CARTESIAN_POINT ( 'NONE',  ( 0.8294067547305490340, 0.4788582131113686691, 7.900000000000003908 ) ) ;
#2361 = CARTESIAN_POINT ( 'NONE',  ( 0.8294067547305484789, -0.4788582131113835461, 6.475000000000003197 ) ) ;
#2362 = CARTESIAN_POINT ( 'NONE',  ( 1.443413851512607593, -1.764720835630479101, 9.973803626818032342 ) ) ;
#2363 = ORIENTED_EDGE ( 'NONE', *, *, #2509, .F. ) ;
#2364 = CARTESIAN_POINT ( 'NONE',  ( 0.8294067547305575827, -0.4788582131113875984, -1.574999999999998623 ) ) ;
#2365 = CARTESIAN_POINT ( 'NONE',  ( 1.103625504730554319, -0.6371784822407285942, -2.235937499999999023 ) ) ;
#2366 = CARTESIAN_POINT ( 'NONE',  ( 1.105875672974077295, -5.852615670266649997E-15, -0.6374999999999988454 ) ) ;
#2367 = DIRECTION ( 'NONE',  ( -1.000000000000000000, 0.000000000000000000, 0.000000000000000000 ) ) ;
#2368 =( BOUNDED_CURVE ( )  B_SPLINE_CURVE ( 2, ( #4181, #4204, #2320, #3810, #946, #127, #1999 ),
 .UNSPECIFIED., .F., .F. ) 
 B_SPLINE_CURVE_WITH_KNOTS ( ( 3, 2, 2, 3 ),
 ( 0.6538461538461538547, 0.6666666666666666297, 0.6794871794871795156, 0.6923076923076922906 ),
 .UNSPECIFIED. ) 
 CURVE ( )  GEOMETRIC_REPRESENTATION_ITEM ( )  RATIONAL_B_SPLINE_CURVE ( ( 1.000000000000000000, 0.8660254037844387076, 1.000000000000000000, 0.8660254037844387076, 1.000000000000000000, 0.8660254037844387076, 1.000000000000000000 ) ) 
 REPRESENTATION_ITEM ( '' )  );
#2369 = CARTESIAN_POINT ( 'NONE',  ( 1.105875672974064861, -7.106851071790302181E-15, 5.556250000000003908 ) ) ;
#2370 = CARTESIAN_POINT ( 'NONE',  ( 0.000000000000000000, -1.258909218984052242E-16, -3.899999999999999467 ) ) ;
#2371 = CARTESIAN_POINT ( 'NONE',  ( 0.5529378364870329854, 0.9577164262227449987, 9.287500000000004974 ) ) ;
#2372 = CARTESIAN_POINT ( 'NONE',  ( -1.172864355864535983E-16, -0.9577164262227593206, 8.650000000000003908 ) ) ;
#2373 = EDGE_CURVE ( 'NONE', #3126, #1193, #4283, .T. ) ;
#2374 = ORIENTED_EDGE ( 'NONE', *, *, #845, .F. ) ;
#2375 = LINE ( 'NONE', #4602, #2470 ) ;
#2376 =( BOUNDED_CURVE ( )  B_SPLINE_CURVE ( 2, ( #4123, #3757, #2192, #4494, #4392, #433, #1868 ),
 .UNSPECIFIED., .F., .T. ) 
 B_SPLINE_CURVE_WITH_KNOTS ( ( 3, 2, 2, 3 ),
 ( 0.1563215653540709349, 0.1748400838725894246, 0.1933586023911080254, 0.2118771209096265151 ),
 .UNSPECIFIED. ) 
 CURVE ( )  GEOMETRIC_REPRESENTATION_ITEM ( )  RATIONAL_B_SPLINE_CURVE ( ( 1.000000000000000000, 0.8660254037844387076, 1.000000000000000000, 0.8660254037844387076, 1.000000000000000000, 0.8660254037844387076, 1.000000000000000000 ) ) 
 REPRESENTATION_ITEM ( '' )  );
#2377 = CARTESIAN_POINT ( 'NONE',  ( -0.6003563568979897180, 0.9051814081651549104, 5.200000000000001066 ) ) ;
#2378 = DIRECTION ( 'NONE',  ( 0.000000000000000000, 0.000000000000000000, -1.000000000000000000 ) ) ;
#2379 = CARTESIAN_POINT ( 'NONE',  ( -1.530808498934197980E-16, -1.250000000000012434, 5.218750000000005329 ) ) ;
#2380 = DIRECTION ( 'NONE',  ( 0.000000000000000000, 1.000000000000000000, 0.000000000000000000 ) ) ;
#2381 = VERTEX_POINT ( 'NONE', #538 ) ;
#2382 = CARTESIAN_POINT ( 'NONE',  ( 0.000000000000000000, 1.249999999999998224, -1.143749999999995826 ) ) ;
#2383 = AXIS2_PLACEMENT_3D ( 'NONE', #1674, #2887, #652 ) ;
#2384 = CARTESIAN_POINT ( 'NONE',  ( 0.5529378364870322082, -0.9577164262227596536, 6.437500000000003553 ) ) ;
#2385 = CARTESIAN_POINT ( 'NONE',  ( -1.172864355864536229E-16, -0.9577164262227594316, 6.850000000000004086 ) ) ;
#2386 = CARTESIAN_POINT ( 'NONE',  ( 0.6899641659449203823, -0.8203490253697558465, 9.483460111415416449 ) ) ;
#2387 = APPLICATION_CONTEXT ( 'configuration controlled 3d designs of mechanical parts and assemblies' ) ;
#2388 = ORIENTED_EDGE ( 'NONE', *, *, #4451, .T. ) ;
#2389 = CARTESIAN_POINT ( 'NONE',  ( -0.5529378364870384255, 0.9577164262227572111, -2.737499999999998934 ) ) ;
#2390 = AXIS2_PLACEMENT_3D ( 'NONE', #476, #3719, #2741 ) ;
#2391 = CARTESIAN_POINT ( 'NONE',  ( -0.7357503364870361384, 1.274356964481438537, -2.498437499999999201 ) ) ;
#2392 = CARTESIAN_POINT ( 'NONE',  ( 0.8294067547305490340, 0.4788582131113686136, 9.193750000000001421 ) ) ;
#2393 = DIRECTION ( 'NONE',  ( 0.000000000000000000, 0.000000000000000000, 1.000000000000000000 ) ) ;
#2394 = VECTOR ( 'NONE', #1359, 1000.000000000000000 ) ;
#2395 = CARTESIAN_POINT ( 'NONE',  ( -0.8294067547305487009, 0.4788582131113693907, 5.293750000000002842 ) ) ;
#2396 = DIRECTION ( 'NONE',  ( -0.000000000000000000, 1.157433492142735316E-16, -1.000000000000000000 ) ) ;
#2397 = CARTESIAN_POINT ( 'NONE',  ( 0.7357503364870359164, -1.274356964481450527, -3.145312499999997513 ) ) ;
#2398 = CARTESIAN_POINT ( 'NONE',  ( 0.8294067547305484789, -0.4788582131113834905, 6.925000000000004263 ) ) ;
#2399 = ORIENTED_EDGE ( 'NONE', *, *, #3091, .T. ) ;
#2400 = CARTESIAN_POINT ( 'NONE',  ( -1.082531754730551965, -0.6250000000000075495, -1.893749999999995604 ) ) ;
#2401 = CARTESIAN_POINT ( 'NONE',  ( 0.000000000000000000, 1.249999999999998224, -3.899999999999999911 ) ) ;
#2402 = EDGE_CURVE ( 'NONE', #1790, #3525, #850, .T. ) ;
#2403 = CARTESIAN_POINT ( 'NONE',  ( -1.082531754730553075, -0.6250000000000092149, 7.450000000000001066 ) ) ;
#2404 = CARTESIAN_POINT ( 'NONE',  ( 0.8294067547305490340, 0.4788582131113686136, 5.593750000000003553 ) ) ;
#2405 = CARTESIAN_POINT ( 'NONE',  ( 1.082531754730553519, 0.6249999999999948930, 9.418750000000004619 ) ) ;
#2406 = VERTEX_POINT ( 'NONE', #2802 ) ;
#2407 = DIRECTION ( 'NONE',  ( 1.000000000000000000, 0.000000000000000000, 0.000000000000000000 ) ) ;
#2408 =( BOUNDED_CURVE ( )  B_SPLINE_CURVE ( 2, ( #3776, #481, #3049, #1222, #3803, #506, #1609 ),
 .UNSPECIFIED., .F., .T. ) 
 B_SPLINE_CURVE_WITH_KNOTS ( ( 3, 2, 2, 3 ),
 ( 0.2051282051282050656, 0.2179487179487179516, 0.2307692307692307265, 0.2435897435897436125 ),
 .UNSPECIFIED. ) 
 CURVE ( )  GEOMETRIC_REPRESENTATION_ITEM ( )  RATIONAL_B_SPLINE_CURVE ( ( 1.000000000000000000, 0.8660254037844387076, 1.000000000000000000, 0.8660254037844387076, 1.000000000000000000, 0.8660254037844387076, 1.000000000000000000 ) ) 
 REPRESENTATION_ITEM ( '' )  );
#2409 = CARTESIAN_POINT ( 'NONE',  ( -2.058749999992248281, -1.409456344663650995, 0.1674308549284702352 ) ) ;
#2410 = CARTESIAN_POINT ( 'NONE',  ( -0.8294067547305487009, 0.4788582131113693907, 9.343750000000003553 ) ) ;
#2411 =( BOUNDED_CURVE ( )  B_SPLINE_CURVE ( 2, ( #3389, #62, #1146, #3725, #3700, #1197, #2997 ),
 .UNSPECIFIED., .F., .T. ) 
 B_SPLINE_CURVE_WITH_KNOTS ( ( 3, 2, 2, 3 ),
 ( 0.4444444444444444753, 0.4629629629629630205, 0.4814814814814814548, 0.5000000000000000000 ),
 .UNSPECIFIED. ) 
 CURVE ( )  GEOMETRIC_REPRESENTATION_ITEM ( )  RATIONAL_B_SPLINE_CURVE ( ( 0.9999999999999995559, 0.8660254037844391517, 1.000000000000000000, 0.8660254037844387076, 1.000000000000000000, 0.8660254037844387076, 1.000000000000000000 ) ) 
 REPRESENTATION_ITEM ( '' )  );
#2412 = EDGE_CURVE ( 'NONE', #2381, #327, #2004, .T. ) ;
#2413 = CARTESIAN_POINT ( 'NONE',  ( 0.8294067547305582488, 0.4788582131113750529, -2.343749999999997780 ) ) ;
#2414 = CARTESIAN_POINT ( 'NONE',  ( 1.471500672974068724, -7.174015294681039699E-15, 6.723437500000002842 ) ) ;
#2415 = ORIENTED_EDGE ( 'NONE', *, *, #1381, .F. ) ;
#2416 = CARTESIAN_POINT ( 'NONE',  ( 0.5529378364870390916, 0.9577164262227569891, -2.756249999999997424 ) ) ;
#2417 = CARTESIAN_POINT ( 'NONE',  ( -1.560637177523334179E-16, -1.274356964481448085, 9.310937500000001421 ) ) ;
#2418 = CARTESIAN_POINT ( 'NONE',  ( 0.7357503364870370266, 1.274356964481438315, -1.223437499999998845 ) ) ;
#2419 = CYLINDRICAL_SURFACE ( 'NONE', #2146, 1.249999999999998446 ) ;
#2420 = CARTESIAN_POINT ( 'NONE',  ( 0.9625626473583120957, 0.5920969496014211186, 9.547486995512976193 ) ) ;
#2421 = CARTESIAN_POINT ( 'NONE',  ( -0.7357503364870342510, 1.274356964481434540, 10.44531250000000355 ) ) ;
#2422 = DIRECTION ( 'NONE',  ( 0.000000000000000000, 1.000000000000000000, 1.157433492142735316E-16 ) ) ;
#2423 = CARTESIAN_POINT ( 'NONE',  ( -1.103625504730554541, 0.6371784822407166038, -2.882812499999997335 ) ) ;
#2424 = CARTESIAN_POINT ( 'NONE',  ( 1.105875672974064861, -7.106851071790302181E-15, 6.512500000000002842 ) ) ;
#2425 = ORIENTED_EDGE ( 'NONE', *, *, #309, .T. ) ;
#2426 = PLANE ( 'NONE',  #2151 ) ;
#2427 = CARTESIAN_POINT ( 'NONE',  ( 0.000000000000000000, 0.9577164262227573222, -1.368749999999997913 ) ) ;
#2428 = B_SPLINE_CURVE_WITH_KNOTS ( 'NONE', 3,
 ( #2015, #3823, #3481, #2992, #2307, #1939 ),
 .UNSPECIFIED., .F., .F.,
 ( 4, 2, 4 ),
 ( 8.706717521983334423E-15, 0.0002012759897655047169, 0.0004025519795223027482 ),
 .UNSPECIFIED. ) ;
#2429 = CARTESIAN_POINT ( 'NONE',  ( -1.082531754730553075, -0.6250000000000092149, 6.493750000000004796 ) ) ;
#2430 = CARTESIAN_POINT ( 'NONE',  ( 0.8294067547305484789, -0.4788582131113834905, 6.418750000000002842 ) ) ;
#2431 = VERTEX_POINT ( 'NONE', #2101 ) ;
#2432 = CARTESIAN_POINT ( 'NONE',  ( -1.082531754730553075, -0.6250000000000092149, 8.349999999999999645 ) ) ;
#2433 = CARTESIAN_POINT ( 'NONE',  ( -0.7216878364870350504, 1.249999999999998446, 9.081250000000006040 ) ) ;
#2434 = CARTESIAN_POINT ( 'NONE',  ( 0.5529378364870320972, -0.9577164262227595426, 9.081250000000004263 ) ) ;
#2435 = CARTESIAN_POINT ( 'NONE',  ( -0.8458826657920816006, -0.5226453966268612694, 9.405216337764924717 ) ) ;
#2436 = CARTESIAN_POINT ( 'NONE',  ( -1.471500672974068724, -6.813601576860865123E-15, 8.748437500000001421 ) ) ;
#2437 = ORIENTED_EDGE ( 'NONE', *, *, #3487, .T. ) ;
#2438 = CARTESIAN_POINT ( 'NONE',  ( 0.5529378364870383145, -0.9577164262227689795, -3.806249999999997691 ) ) ;
#2439 = ADVANCED_FACE ( 'NONE', ( #973 ), #4161, .T. ) ;
#2440 = CARTESIAN_POINT ( 'NONE',  ( -0.7357503364870348062, -1.274356964481448085, 9.723437500000002842 ) ) ;
#2441 = CARTESIAN_POINT ( 'NONE',  ( -0.7357503364870361384, 1.274356964481438759, -0.6984374999999989342 ) ) ;
#2442 = CARTESIAN_POINT ( 'NONE',  ( -1.443413851512608703, -1.764720835630479323, 0.02619637318196758533 ) ) ;
#2443 = CARTESIAN_POINT ( 'NONE',  ( -1.443375672974068991, -5.588642887879329193E-15, -1.087500000000000799 ) ) ;
#2444 = DIRECTION ( 'NONE',  ( -0.8660254037844397068, 0.000000000000000000, 0.4999999999999979461 ) ) ;
#2445 = DIRECTION ( 'NONE',  ( 0.000000000000000000, 1.000000000000000000, 8.673617379884040402E-17 ) ) ;
#2446 = CARTESIAN_POINT ( 'NONE',  ( -1.103625504730554541, 0.6371784822407166038, -1.982812499999997646 ) ) ;
#2447 = CARTESIAN_POINT ( 'NONE',  ( 0.8294067547305490340, 0.4788582131113686136, 5.650000000000003908 ) ) ;
#2448 = ORIENTED_EDGE ( 'NONE', *, *, #875, .T. ) ;
#2449 = FACE_OUTER_BOUND ( 'NONE', #1376, .T. ) ;
#2450 = CARTESIAN_POINT ( 'NONE',  ( -0.5529378364870384255, 0.9577164262227572111, -2.681249999999998135 ) ) ;
#2451 = EDGE_CURVE ( 'NONE', #3296, #894, #2883, .T. ) ;
#2452 = VERTEX_POINT ( 'NONE', #3184 ) ;
#2453 = CARTESIAN_POINT ( 'NONE',  ( -0.7216878364870350504, 1.249999999999998446, 8.237500000000002487 ) ) ;
#2454 = CARTESIAN_POINT ( 'NONE',  ( -1.105875672974065083, -6.835989651157778155E-15, 5.387500000000002842 ) ) ;
#2455 = CARTESIAN_POINT ( 'NONE',  ( -0.8294067547305487009, 0.4788582131113693907, 9.793750000000002842 ) ) ;
#2456 = CARTESIAN_POINT ( 'NONE',  ( 0.8294067547305582488, 0.4788582131113749973, -3.243749999999998135 ) ) ;
#2457 = CARTESIAN_POINT ( 'NONE',  ( 3.121274355046668358E-16, 1.274356964481434318, 7.735937500000001243 ) ) ;
#2458 = ORIENTED_EDGE ( 'NONE', *, *, #2853, .F. ) ;
#2459 = CARTESIAN_POINT ( 'NONE',  ( 0.000000000000000000, 0.9577164262227572111, -3.168749999999997957 ) ) ;
#2460 = CARTESIAN_POINT ( 'NONE',  ( -1.103625504730551654, 0.6371784822407138282, 9.160937500000002842 ) ) ;
#2461 = CARTESIAN_POINT ( 'NONE',  ( -1.560637177523338370E-16, -1.274356964481450305, -2.310937499999998757 ) ) ;
#2462 = EDGE_CURVE ( 'NONE', #50, #4612, #1303, .T. ) ;
#2463 = AXIS2_PLACEMENT_3D ( 'NONE', #4354, #4691, #3594 ) ;
#2464 = EDGE_CURVE ( 'NONE', #1659, #2243, #631, .T. ) ;
#2465 = CARTESIAN_POINT ( 'NONE',  ( 2.249999999999998668, 0.7257799863628725534, 9.911858864094302390 ) ) ;
#2466 = CARTESIAN_POINT ( 'NONE',  ( 3.121274355046668358E-16, 1.274356964481434318, 10.85781250000000497 ) ) ;
#2467 = AXIS2_PLACEMENT_3D ( 'NONE', #113, #3432, #1579 ) ;
#2468 = CARTESIAN_POINT ( 'NONE',  ( -1.530808498934196747E-16, -1.250000000000009770, -0.9750000000000009770 ) ) ;
#2469 = CARTESIAN_POINT ( 'NONE',  ( -0.7357503364870361384, 1.274356964481438537, -3.820312499999997335 ) ) ;
#2470 = VECTOR ( 'NONE', #543, 1000.000000000000114 ) ;
#2471 = CARTESIAN_POINT ( 'NONE',  ( 0.8294067547305484789, -0.4788582131113834905, 5.125000000000003553 ) ) ;
#2472 = EDGE_LOOP ( 'NONE', ( #1945, #2769, #556, #1929 ) ) ;
#2473 = DIRECTION ( 'NONE',  ( -0.000000000000000000, 1.157433492142735316E-16, -1.000000000000000000 ) ) ;
#2474 = CARTESIAN_POINT ( 'NONE',  ( -0.5529378364870388696, -0.9577164262227686464, -2.081249999999998046 ) ) ;
#2475 = CARTESIAN_POINT ( 'NONE',  ( -0.7216878364870350504, 1.249999999999998446, 6.381250000000004974 ) ) ;
#2476 = DIRECTION ( 'NONE',  ( -0.000000000000000000, 1.157433492142735316E-16, -1.000000000000000000 ) ) ;
#2477 = CARTESIAN_POINT ( 'NONE',  ( -1.530808498934196747E-16, -1.250000000000009770, -3.618749999999995914 ) ) ;
#2478 = CARTESIAN_POINT ( 'NONE',  ( -1.243734296382546844, -0.1250000000116866516, 9.670000000000445795 ) ) ;
#2479 = CARTESIAN_POINT ( 'NONE',  ( -0.5529378364870326523, -0.9577164262227589875, 9.006250000000001421 ) ) ;
#2480 = CARTESIAN_POINT ( 'NONE',  ( -0.8294067547305578048, 0.4788582131113758300, -2.643749999999997602 ) ) ;
#2481 = CARTESIAN_POINT ( 'NONE',  ( 1.103625504730551432, -0.6371784822407281501, 7.135937500000001599 ) ) ;
#2482 = EDGE_LOOP ( 'NONE', ( #4601, #1413, #3272, #4012 ) ) ;
#2483 = CARTESIAN_POINT ( 'NONE',  ( -0.8294067547305579158, -0.4788582131113870988, -3.468749999999997780 ) ) ;
#2484 = B_SPLINE_CURVE_WITH_KNOTS ( 'NONE', 3,
 ( #3706, #101, #2267, #741 ),
 .UNSPECIFIED., .F., .F.,
 ( 4, 4 ),
 ( 0.01328265729679747355, 0.01435013208621006842 ),
 .UNSPECIFIED. ) ;
#2485 = CARTESIAN_POINT ( 'NONE',  ( -1.560637177523334179E-16, -1.274356964481448085, 8.860937500000002132 ) ) ;
#2486 = FACE_OUTER_BOUND ( 'NONE', #1900, .T. ) ;
#2487 = CARTESIAN_POINT ( 'NONE',  ( -0.01102214318161733216, 0.9576529984376250804, -0.4679999995591233586 ) ) ;
#2488 = CARTESIAN_POINT ( 'NONE',  ( -0.7357503364870342510, 1.274356964481434540, 9.995312500000004263 ) ) ;
#2489 = CARTESIAN_POINT ( 'NONE',  ( 1.082531754730552631, 0.6249999999999953371, -3.525000000000000799 ) ) ;
#2490 = CARTESIAN_POINT ( 'NONE',  ( -0.7357503364870361384, 1.274356964481438537, -2.920312499999997424 ) ) ;
#2491 = LINE ( 'NONE', #3999, #297 ) ;
#2492 = CARTESIAN_POINT ( 'NONE',  ( 1.105875672974064861, -7.106851071790302181E-15, 6.062500000000003553 ) ) ;
#2493 = VERTEX_POINT ( 'NONE', #3470 ) ;
#2494 = EDGE_CURVE ( 'NONE', #1834, #644, #3517, .T. ) ;
#2495 = LINE ( 'NONE', #1109, #2772 ) ;
#2496 = B_SPLINE_CURVE_WITH_KNOTS ( 'NONE', 3,
 ( #4504, #2915, #2251, #443, #3323, #31, #2961, #4133, #1520, #6, #1090, #1114, #2175, #2591, #4400, #1829, #1162, #4423 ),
 .UNSPECIFIED., .F., .F.,
 ( 4, 2, 2, 2, 2, 2, 2, 2, 4 ),
 ( 1.090530599517523275E-05, 0.0004246618052647915397, 0.0008384183045344078449, 0.001252174803804024204, 0.001665931303073640455, 0.002079687802343256706, 0.002493444301612873174, 0.002907200800882489208, 0.003320957300152105676 ),
 .UNSPECIFIED. ) ;
#2497 = CARTESIAN_POINT ( 'NONE',  ( 1.082531754730551521, -0.6250000000000083267, -2.193749999999995648 ) ) ;
#2498 = CARTESIAN_POINT ( 'NONE',  ( -1.530808498934197980E-16, -1.250000000000012434, 5.275000000000002132 ) ) ;
#2499 = CARTESIAN_POINT ( 'NONE',  ( 0.4967532692869260358, -2.311275577609683829, 0.07941634923340154528 ) ) ;
#2500 = CARTESIAN_POINT ( 'NONE',  ( 0.7216878364870341622, -1.250000000000010214, -3.131249999999995648 ) ) ;
#2501 = CARTESIAN_POINT ( 'NONE',  ( -1.105875672974064861, -6.835989651157778155E-15, 10.28125000000000178 ) ) ;
#2502 = CARTESIAN_POINT ( 'NONE',  ( -0.8294067547305578048, 0.4788582131113758300, -2.193749999999997868 ) ) ;
#2503 = CARTESIAN_POINT ( 'NONE',  ( 1.103625504730551432, -0.6371784822407281501, 8.485937500000002132 ) ) ;
#2504 = ORIENTED_EDGE ( 'NONE', *, *, #4298, .F. ) ;
#2505 = CARTESIAN_POINT ( 'NONE',  ( -0.8294067547305578048, 0.4788582131113757190, -3.993749999999997247 ) ) ;
#2506 = CARTESIAN_POINT ( 'NONE',  ( -0.8294067547305488119, -0.4788582131113828244, 4.918750000000002842 ) ) ;
#2507 = DIRECTION ( 'NONE',  ( -0.000000000000000000, 1.157433492142735316E-16, -1.000000000000000000 ) ) ;
#2508 = CYLINDRICAL_SURFACE ( 'NONE', #2532, 1.250000000000000222 ) ;
#2509 = EDGE_CURVE ( 'NONE', #2299, #2194, #4713, .T. ) ;
#2510 = DIRECTION ( 'NONE',  ( -0.000000000000000000, 1.157433492142735316E-16, -1.000000000000000000 ) ) ;
#2511 = CARTESIAN_POINT ( 'NONE',  ( 2.345728711729072459E-16, 0.9577164262227455538, 9.325000000000002842 ) ) ;
#2512 = CARTESIAN_POINT ( 'NONE',  ( 0.000000000000000000, 0.9577164262227572111, -2.774999999999999023 ) ) ;
#2513 = FACE_OUTER_BOUND ( 'NONE', #1141, .T. ) ;
#2514 = CARTESIAN_POINT ( 'NONE',  ( 1.105875672974064861, -7.106851071790302181E-15, 10.05625000000000391 ) ) ;
#2515 = ORIENTED_EDGE ( 'NONE', *, *, #3688, .T. ) ;
#2516 = CARTESIAN_POINT ( 'NONE',  ( 3.061616997868395960E-16, 1.249999999999998224, 7.750000000000000888 ) ) ;
#2517 = EDGE_CURVE ( 'NONE', #1573, #774, #1003, .T. ) ;
#2518 = CARTESIAN_POINT ( 'NONE',  ( -1.253353942197860560, 0.3291272922465620643, -0.6572476375347949817 ) ) ;
#2519 = CARTESIAN_POINT ( 'NONE',  ( -0.8849636414586150579, 0.8828019898574684943, -0.6367499999999948201 ) ) ;
#2520 = CARTESIAN_POINT ( 'NONE',  ( 1.105875672974077073, -6.045497541132358328E-15, -3.787499999999998312 ) ) ;
#2521 = CARTESIAN_POINT ( 'NONE',  ( 0.5529378364870320972, -0.9577164262227595426, 6.381250000000003197 ) ) ;
#2522 = CARTESIAN_POINT ( 'NONE',  ( -1.530808498934196747E-16, -1.250000000000009992, -3.225000000000000977 ) ) ;
#2523 = CYLINDRICAL_SURFACE ( 'NONE', #459, 1.250000000000000222 ) ;
#2524 = CARTESIAN_POINT ( 'NONE',  ( 1.103625504730551432, -0.6371784822407281501, 6.235937500000002132 ) ) ;
#2525 = ORIENTED_EDGE ( 'NONE', *, *, #2576, .T. ) ;
#2526 = CARTESIAN_POINT ( 'NONE',  ( 0.8294067547305575827, -0.4788582131113875429, -0.6187499999999982458 ) ) ;
#2527 = CARTESIAN_POINT ( 'NONE',  ( 2.345728711729072459E-16, 0.9577164262227455538, 9.775000000000002132 ) ) ;
#2528 = B_SPLINE_CURVE_WITH_KNOTS ( 'NONE', 3,
 ( #3540, #2860, #1713, #3220, #1052, #695 ),
 .UNSPECIFIED., .F., .F.,
 ( 4, 2, 4 ),
 ( 0.000000000000000000, 0.0002691015260088272586, 0.0005382030520176545171 ),
 .UNSPECIFIED. ) ;
#2529 = CARTESIAN_POINT ( 'NONE',  ( -1.103625504730554541, 0.6371784822407167148, -0.2109374999999988898 ) ) ;
#2530 = CARTESIAN_POINT ( 'NONE',  ( 0.7216878364870346063, -1.250000000000012434, 8.912499999999999645 ) ) ;
#2531 = CARTESIAN_POINT ( 'NONE',  ( 1.103625504730552320, 0.6371784822407128290, 8.532812500000003908 ) ) ;
#2532 = AXIS2_PLACEMENT_3D ( 'NONE', #1012, #3993, #1327 ) ;
#2533 = CARTESIAN_POINT ( 'NONE',  ( 0.7216878364870353835, -1.250000000000008216, -3.637499999999999734 ) ) ;
#2534 = CARTESIAN_POINT ( 'NONE',  ( 0.7357503364870370266, 1.274356964481438315, -1.195312499999997558 ) ) ;
#2535 = DIRECTION ( 'NONE',  ( 0.000000000000000000, 1.000000000000000000, 1.157433492142735316E-16 ) ) ;
#2536 = CARTESIAN_POINT ( 'NONE',  ( -0.8294067547305488119, -0.4788582131113828244, 9.868750000000002132 ) ) ;
#2537 = EDGE_LOOP ( 'NONE', ( #4764, #4223 ) ) ;
#2538 = CARTESIAN_POINT ( 'NONE',  ( -1.301042606982605321E-15, -2.156403255423253729, -6.873863542433756635 ) ) ;
#2539 = CIRCLE ( 'NONE', #3461, 0.9577164262227576552 ) ;
#2540 = COORDINATED_UNIVERSAL_TIME_OFFSET ( 6, 0, .BEHIND. ) ;
#2541 = CARTESIAN_POINT ( 'NONE',  ( 1.443375672974070101, -7.168848815997138269E-15, 5.331250000000005151 ) ) ;
#2542 = EDGE_CURVE ( 'NONE', #4507, #2299, #4054, .T. ) ;
#2543 = CARTESIAN_POINT ( 'NONE',  ( -0.5529378364870322082, 0.9577164262227454428, 7.956250000000002487 ) ) ;
#2544 = CARTESIAN_POINT ( 'NONE',  ( -0.5529378364870388696, -0.9577164262227686464, -1.631249999999997646 ) ) ;
#2545 = CARTESIAN_POINT ( 'NONE',  ( -0.8294067547305487009, 0.4788582131113693907, 9.343750000000003553 ) ) ;
#2546 = CARTESIAN_POINT ( 'NONE',  ( 0.7357503364870351392, 1.274356964481433874, 6.348437500000001954 ) ) ;
#2547 = ORIENTED_EDGE ( 'NONE', *, *, #2464, .T. ) ;
#2548 = CARTESIAN_POINT ( 'NONE',  ( -0.5529378364870388696, -0.9577164262227686464, -1.631249999999997646 ) ) ;
#2549 = CARTESIAN_POINT ( 'NONE',  ( -0.8294067547305487009, 0.4788582131113694462, 10.30000000000000426 ) ) ;
#2550 = EDGE_CURVE ( 'NONE', #4250, #3897, #3878, .T. ) ;
#2551 = CARTESIAN_POINT ( 'NONE',  ( -0.9541723554524910167, -0.8960389301415100372, -0.1207027313020001963 ) ) ;
#2552 = VECTOR ( 'NONE', #4582, 1000.000000000000000 ) ;
#2553 = CARTESIAN_POINT ( 'NONE',  ( 0.5529378364870383145, -0.9577164262227689795, -3.862499999999998046 ) ) ;
#2554 = CARTESIAN_POINT ( 'NONE',  ( -0.7357503364870342510, 1.274356964481434540, 8.645312500000002842 ) ) ;
#2555 =( BOUNDED_CURVE ( )  B_SPLINE_CURVE ( 2, ( #2516, #2933, #2910, #1039, #1801, #3978, #339 ),
 .UNSPECIFIED., .F., .T. ) 
 B_SPLINE_CURVE_WITH_KNOTS ( ( 3, 2, 2, 3 ),
 ( 0.5128205128205127750, 0.5256410256410255499, 0.5384615384615384359, 0.5512820512820513219 ),
 .UNSPECIFIED. ) 
 CURVE ( )  GEOMETRIC_REPRESENTATION_ITEM ( )  RATIONAL_B_SPLINE_CURVE ( ( 1.000000000000000000, 0.8660254037844387076, 1.000000000000000000, 0.8660254037844387076, 1.000000000000000000, 0.8660254037844387076, 1.000000000000000000 ) ) 
 REPRESENTATION_ITEM ( '' )  );
#2556 = CARTESIAN_POINT ( 'NONE',  ( 1.105875672974077295, -5.931835010086494532E-15, -1.931249999999998135 ) ) ;
#2557 =( BOUNDED_SURFACE ( )  B_SPLINE_SURFACE ( 1, 2, ( 
 ( #879, #3447, #1645, #854, #132, #2712, #3834, #1182, #3113, #3008, #3371, #4523, #4599, #3089, #2350, #3061, #155, #1597, #1207, #3789, #4127, #4576, #4550, #824, #2324, #1572, #924, #3735, #2006, #3401, #78, #1548, #2662, #3814, #1281, #3762, #468, #2371, #1928, #1259, #516, #2734, #4209, #494, #107, #539, #3032, #3471, #904, #564, #4234, #2007, #134, #3472, #2372, #4622, #2327, #4187, #3063, #540, #1305, #4158, #2352, #3792, #1625, #4577, #3815, #156, #1261, #1210, #1979, #496, #1239, #2029, #517, #2735, #3448, #4211, #3835, #3494, #2714, #3885, #178, #1958, #3090, #2689, #858, #4553, #1646, #1599, #881, #3428, #3114, #588, #2053, #4600, #1282, #2758, #4526, #926, #2398, #203, #3860, #1669, #3136, #2781, #4261, #3519, #951, #1575, #3036, #2424, #3933, #4710, #250, #1780, #1717, #699, #2169, #633, #2824, #293, #3908, #2492, #3230, #1017, #1759, #2804, #1375, #1057, #1403, #1352, #673, #2103, #2447, #2147, #317, #271, #4305, #995, #2866, #3614, #4000, #3186, #226, #3566, #3544, #4370, #2471, #3252, #1737, #4668, #1332 ),
 ( #653, #4330, #4733, #975, #3204, #4688, #3954, #1422, #4285, #2844, #611, #2125, #3589, #4349, #1036, #2514, #4646, #3976, #2081, #2888, #2536, #1695, #3164, #4470, #1154, #3654, #2930, #1179, #4751, #1466, #2908, #4393, #3367, #4439, #821, #2977, #4415, #2560, #2581, #2659, #4046, #1082, #4124, #742, #1107, #3707, #4023, #1129, #1869, #2606, #408, #1443, #21, #4495, #3340, #4776, #4098, #2213, #718, #798, #3732, #3677, #383, #1844, #46, #2268, #3633, #358, #337, #3316, #2193, #3004, #1489, #434, #2953, #1819, #3295, #4072, #2632, #1514, #770, #2241, #1895, #74, #1544, #1799, #3271, #3786, #1258, #2026, #102, #3058, #3029, #2347, #514, #4547, #877, #1976, #1925, #2710, #4520, #1643, #1204, #2321, #4150, #3111, #4596, #490, #1594, #4617, #3397, #129, #1569, #2683, #3491, #3087, #4257, #1278, #1233, #851, #4182, #1301, #3811, #1951, #3423, #2754, #3445, #153, #1620, #4574, #2732, #4230, #4205, #2777, #899, #2369, #3832, #536, #2001, #3469, #176, #922, #2395, #3857, #561, #2291, #3758, #200, #1666, #3131, #464, #3928, #649 ) ),
 .UNSPECIFIED., .F., .F., .T. ) 
 B_SPLINE_SURFACE_WITH_KNOTS ( ( 2, 2 ),
 ( 3, 2, 2, 2, 2, 2, 2, 2, 2, 2, 2, 2, 2, 2, 2, 2, 2, 2, 2, 2, 2, 2, 2, 2, 2, 2, 2, 2, 2, 2, 2, 2, 2, 2, 2, 2, 2, 2, 2, 2, 2, 2, 2, 2, 2, 2, 2, 2, 2, 2, 2, 2, 2, 2, 2, 2, 2, 2, 2, 2, 2, 2, 2, 2, 2, 2, 2, 2, 2, 2, 2, 2, 2, 2, 2, 2, 3 ),
 ( 0.000000000000000000, 1.000000000000000000 ),
 ( 0.000000000000000000, 0.01282051282051282007, 0.02564102564102564014, 0.03846153846153846367, 0.05128205128205128027, 0.06410256410256409687, 0.07692307692307692735, 0.08974358974358974395, 0.1025641025641025605, 0.1153846153846153910, 0.1282051282051281937, 0.1410256410256410242, 0.1538461538461538547, 0.1666666666666666574, 0.1794871794871794879, 0.1923076923076923184, 0.2051282051282051211, 0.2179487179487179516, 0.2307692307692307820, 0.2435897435897435848, 0.2564102564102563875, 0.2692307692307692180, 0.2820512820512820484, 0.2948717948717948789, 0.3076923076923077094, 0.3205128205128205399, 0.3333333333333333148, 0.3461538461538461453, 0.3589743589743589758, 0.3717948717948718063, 0.3846153846153846367, 0.3974358974358974117, 0.4102564102564102422, 0.4230769230769230727, 0.4358974358974359031, 0.4487179487179487336, 0.4615384615384615641, 0.4743589743589743390, 0.4871794871794871695, 0.5000000000000000000, 0.5128205128205127750, 0.5256410256410256610, 0.5384615384615384359, 0.5512820512820513219, 0.5641025641025640969, 0.5769230769230768718, 0.5897435897435897578, 0.6025641025641025328, 0.6153846153846154188, 0.6282051282051281937, 0.6410256410256410797, 0.6538461538461538547, 0.6666666666666666297, 0.6794871794871795156, 0.6923076923076922906, 0.7051282051282051766, 0.7179487179487179516, 0.7307692307692307265, 0.7435897435897436125, 0.7564102564102563875, 0.7692307692307692735, 0.7820512820512820484, 0.7948717948717948234, 0.8076923076923077094, 0.8205128205128204844, 0.8333333333333333703, 0.8461538461538461453, 0.8589743589743589203, 0.8717948717948718063, 0.8846153846153845812, 0.8974358974358974672, 0.9102564102564102422, 0.9230769230769231282, 0.9358974358974359031, 0.9487179487179486781, 0.9615384615384615641, 0.9743589743589743390 ),
 .UNSPECIFIED. ) 
 GEOMETRIC_REPRESENTATION_ITEM ( )  RATIONAL_B_SPLINE_SURFACE ( (
 ( 1.000000000000000000, 0.8660254037844387076, 1.000000000000000000, 0.8660254037844387076, 1.000000000000000000, 0.8660254037844387076, 1.000000000000000000, 0.8660254037844387076, 1.000000000000000000, 0.8660254037844387076, 1.000000000000000000, 0.8660254037844387076, 1.000000000000000000, 0.8660254037844387076, 1.000000000000000000, 0.8660254037844387076, 1.000000000000000000, 0.8660254037844387076, 1.000000000000000000, 0.8660254037844387076, 1.000000000000000000, 0.8660254037844387076, 1.000000000000000000, 0.8660254037844387076, 1.000000000000000000, 0.8660254037844387076, 1.000000000000000000, 0.8660254037844387076, 1.000000000000000000, 0.8660254037844387076, 1.000000000000000000, 0.8660254037844387076, 1.000000000000000000, 0.8660254037844387076, 1.000000000000000000, 0.8660254037844387076, 1.000000000000000000, 0.8660254037844387076, 1.000000000000000000, 0.8660254037844387076, 1.000000000000000000, 0.8660254037844387076, 1.000000000000000000, 0.8660254037844387076, 1.000000000000000000, 0.8660254037844387076, 1.000000000000000000, 0.8660254037844387076, 1.000000000000000000, 0.8660254037844387076, 1.000000000000000000, 0.8660254037844387076, 1.000000000000000000, 0.8660254037844387076, 1.000000000000000000, 0.8660254037844387076, 1.000000000000000000, 0.8660254037844387076, 1.000000000000000000, 0.8660254037844387076, 1.000000000000000000, 0.8660254037844387076, 1.000000000000000000, 0.8660254037844387076, 1.000000000000000000, 0.8660254037844387076, 1.000000000000000000, 0.8660254037844387076, 1.000000000000000000, 0.8660254037844387076, 1.000000000000000000, 0.8660254037844387076, 1.000000000000000000, 0.8660254037844387076, 1.000000000000000000, 0.8660254037844387076, 1.000000000000000000, 0.8660254037844387076, 1.000000000000000000, 0.8660254037844387076, 1.000000000000000000, 0.8660254037844387076, 1.000000000000000000, 0.8660254037844387076, 1.000000000000000000, 0.8660254037844387076, 1.000000000000000000, 0.8660254037844387076, 1.000000000000000000, 0.8660254037844387076, 1.000000000000000000, 0.8660254037844387076, 1.000000000000000000, 0.8660254037844387076, 1.000000000000000000, 0.8660254037844387076, 1.000000000000000000, 0.8660254037844387076, 1.000000000000000000, 0.8660254037844387076, 1.000000000000000000, 0.8660254037844387076, 1.000000000000000000, 0.8660254037844387076, 1.000000000000000000, 0.8660254037844387076, 1.000000000000000000, 0.8660254037844387076, 1.000000000000000000, 0.8660254037844387076, 1.000000000000000000, 0.8660254037844387076, 1.000000000000000000, 0.8660254037844387076, 1.000000000000000000, 0.8660254037844387076, 1.000000000000000000, 0.8660254037844387076, 1.000000000000000000, 0.8660254037844387076, 1.000000000000000000, 0.8660254037844387076, 1.000000000000000000, 0.8660254037844387076, 1.000000000000000000, 0.8660254037844387076, 1.000000000000000000, 0.8660254037844387076, 1.000000000000000000, 0.8660254037844387076, 1.000000000000000000, 0.8660254037844387076, 1.000000000000000000, 0.8660254037844387076, 1.000000000000000000, 0.8660254037844387076, 1.000000000000000000, 0.8660254037844387076, 1.000000000000000000, 0.8660254037844387076, 1.000000000000000000, 0.8660254037844387076, 1.000000000000000000, 0.8660254037844387076, 1.000000000000000000, 0.8660254037844387076, 1.000000000000000000, 0.8660254037844387076, 1.000000000000000000, 0.8660254037844387076, 1.000000000000000000, 0.8660254037844387076, 1.000000000000000000),
 ( 1.000000000000000000, 0.8660254037844387076, 1.000000000000000000, 0.8660254037844387076, 1.000000000000000000, 0.8660254037844387076, 1.000000000000000000, 0.8660254037844387076, 1.000000000000000000, 0.8660254037844387076, 1.000000000000000000, 0.8660254037844387076, 1.000000000000000000, 0.8660254037844387076, 1.000000000000000000, 0.8660254037844387076, 1.000000000000000000, 0.8660254037844387076, 1.000000000000000000, 0.8660254037844387076, 1.000000000000000000, 0.8660254037844387076, 1.000000000000000000, 0.8660254037844387076, 1.000000000000000000, 0.8660254037844387076, 1.000000000000000000, 0.8660254037844387076, 1.000000000000000000, 0.8660254037844387076, 1.000000000000000000, 0.8660254037844387076, 1.000000000000000000, 0.8660254037844387076, 1.000000000000000000, 0.8660254037844387076, 1.000000000000000000, 0.8660254037844387076, 1.000000000000000000, 0.8660254037844387076, 1.000000000000000000, 0.8660254037844387076, 1.000000000000000000, 0.8660254037844387076, 1.000000000000000000, 0.8660254037844387076, 1.000000000000000000, 0.8660254037844387076, 1.000000000000000000, 0.8660254037844387076, 1.000000000000000000, 0.8660254037844387076, 1.000000000000000000, 0.8660254037844387076, 1.000000000000000000, 0.8660254037844387076, 1.000000000000000000, 0.8660254037844387076, 1.000000000000000000, 0.8660254037844387076, 1.000000000000000000, 0.8660254037844387076, 1.000000000000000000, 0.8660254037844387076, 1.000000000000000000, 0.8660254037844387076, 1.000000000000000000, 0.8660254037844387076, 1.000000000000000000, 0.8660254037844387076, 1.000000000000000000, 0.8660254037844387076, 1.000000000000000000, 0.8660254037844387076, 1.000000000000000000, 0.8660254037844387076, 1.000000000000000000, 0.8660254037844387076, 1.000000000000000000, 0.8660254037844387076, 1.000000000000000000, 0.8660254037844387076, 1.000000000000000000, 0.8660254037844387076, 1.000000000000000000, 0.8660254037844387076, 1.000000000000000000, 0.8660254037844387076, 1.000000000000000000, 0.8660254037844387076, 1.000000000000000000, 0.8660254037844387076, 1.000000000000000000, 0.8660254037844387076, 1.000000000000000000, 0.8660254037844387076, 1.000000000000000000, 0.8660254037844387076, 1.000000000000000000, 0.8660254037844387076, 1.000000000000000000, 0.8660254037844387076, 1.000000000000000000, 0.8660254037844387076, 1.000000000000000000, 0.8660254037844387076, 1.000000000000000000, 0.8660254037844387076, 1.000000000000000000, 0.8660254037844387076, 1.000000000000000000, 0.8660254037844387076, 1.000000000000000000, 0.8660254037844387076, 1.000000000000000000, 0.8660254037844387076, 1.000000000000000000, 0.8660254037844387076, 1.000000000000000000, 0.8660254037844387076, 1.000000000000000000, 0.8660254037844387076, 1.000000000000000000, 0.8660254037844387076, 1.000000000000000000, 0.8660254037844387076, 1.000000000000000000, 0.8660254037844387076, 1.000000000000000000, 0.8660254037844387076, 1.000000000000000000, 0.8660254037844387076, 1.000000000000000000, 0.8660254037844387076, 1.000000000000000000, 0.8660254037844387076, 1.000000000000000000, 0.8660254037844387076, 1.000000000000000000, 0.8660254037844387076, 1.000000000000000000, 0.8660254037844387076, 1.000000000000000000, 0.8660254037844387076, 1.000000000000000000, 0.8660254037844387076, 1.000000000000000000, 0.8660254037844387076, 1.000000000000000000, 0.8660254037844387076, 1.000000000000000000, 0.8660254037844387076, 1.000000000000000000) ) ) 
 REPRESENTATION_ITEM ( '' )  SURFACE ( )  );
#2558 = CARTESIAN_POINT ( 'NONE',  ( -0.8294067547305579158, -0.4788582131113870988, -3.074999999999998845 ) ) ;
#2559 = FACE_OUTER_BOUND ( 'NONE', #497, .T. ) ;
#2560 = CARTESIAN_POINT ( 'NONE',  ( 0.5529378364870329854, 0.9577164262227449987, 9.231250000000002842 ) ) ;
#2561 = ORIENTED_EDGE ( 'NONE', *, *, #91, .F. ) ;
#2562 = CARTESIAN_POINT ( 'NONE',  ( -0.7216878364870362716, -1.250000000000007327, -2.362500000000000711 ) ) ;
#2563 = APPROVAL_DATE_TIME ( #1086, #676 ) ;
#2564 = CARTESIAN_POINT ( 'NONE',  ( 0.3443132500722083100, 2.399286863738569586, 0.1233338266826507074 ) ) ;
#2565 = CARTESIAN_POINT ( 'NONE',  ( -0.7357503364870342510, 1.274356964481434540, 5.495312500000004263 ) ) ;
#2566 = CARTESIAN_POINT ( 'NONE',  ( 1.082531754730552631, 0.6249999999999954481, -2.625000000000000444 ) ) ;
#2567 = CARTESIAN_POINT ( 'NONE',  ( -0.9506180407767871321, 0.1730693242601343829, 9.377716426222752588 ) ) ;
#2568 = CARTESIAN_POINT ( 'NONE',  ( -0.8294067547305488119, -0.4788582131113828244, 8.518750000000002487 ) ) ;
#2569 = CARTESIAN_POINT ( 'NONE',  ( -1.105875672974064861, -6.835989651157778155E-15, 8.931250000000002132 ) ) ;
#2570 = CARTESIAN_POINT ( 'NONE',  ( 0.7357503364870351392, 1.274356964481433874, 5.448437500000002487 ) ) ;
#2571 = EDGE_LOOP ( 'NONE', ( #2257, #1502, #179, #427, #674 ) ) ;
#2572 = CARTESIAN_POINT ( 'NONE',  ( 0.8294067547305582488, 0.4788582131113751084, -0.9937499999999981348 ) ) ;
#2573 = CARTESIAN_POINT ( 'NONE',  ( 1.105875672974065083, -7.106851071790302181E-15, 9.212500000000002132 ) ) ;
#2574 = CARTESIAN_POINT ( 'NONE',  ( -1.905686749927789858, 1.497827453291401323, 0.1233338266826501939 ) ) ;
#2575 = CARTESIAN_POINT ( 'NONE',  ( -2.249999999999999112, 1.078201627711620869, 9.832569145069296468 ) ) ;
#2576 = EDGE_CURVE ( 'NONE', #4093, #495, #2408, .T. ) ;
#2577 = CARTESIAN_POINT ( 'NONE',  ( -0.7357503364870348062, -1.274356964481448085, 9.695312500000003553 ) ) ;
#2578 = CARTESIAN_POINT ( 'NONE',  ( -0.8294067547305578048, 0.4788582131113757745, -3.543749999999997957 ) ) ;
#2579 = CARTESIAN_POINT ( 'NONE',  ( -1.172864355864548802E-16, -0.9577164262227688685, -3.899999999999998579 ) ) ;
#2580 = CYLINDRICAL_SURFACE ( 'NONE', #2620, 0.9577164262227576552 ) ;
#2581 = CARTESIAN_POINT ( 'NONE',  ( 0.8294067547305490340, 0.4788582131113686136, 9.193750000000001421 ) ) ;
#2582 =( BOUNDED_CURVE ( )  B_SPLINE_CURVE ( 2, ( #3496, #1354, #253, #4307, #636, #273, #3116 ),
 .UNSPECIFIED., .F., .T. ) 
 B_SPLINE_CURVE_WITH_KNOTS ( ( 3, 2, 2, 3 ),
 ( 0.4230769230769230727, 0.4358974358974359031, 0.4487179487179487336, 0.4615384615384615641 ),
 .UNSPECIFIED. ) 
 CURVE ( )  GEOMETRIC_REPRESENTATION_ITEM ( )  RATIONAL_B_SPLINE_CURVE ( ( 1.000000000000000000, 0.8660254037844387076, 1.000000000000000000, 0.8660254037844387076, 1.000000000000000000, 0.8660254037844387076, 1.000000000000000000 ) ) 
 REPRESENTATION_ITEM ( '' )  );
#2583 = ORIENTED_EDGE ( 'NONE', *, *, #194, .T. ) ;
#2584 = CARTESIAN_POINT ( 'NONE',  ( -6.694488900862983897E-16, 2.598076211353313347, -6.873863542433756635 ) ) ;
#2585 = B_SPLINE_CURVE_WITH_KNOTS ( 'NONE', 3,
 ( #3396, #1488, #2929, #2907 ),
 .UNSPECIFIED., .F., .F.,
 ( 4, 4 ),
 ( 0.007030736164484484296, 0.007075480550080497956 ),
 .UNSPECIFIED. ) ;
#2586 = COORDINATED_UNIVERSAL_TIME_OFFSET ( 6, 0, .BEHIND. ) ;
#2587 = ORIENTED_EDGE ( 'NONE', *, *, #2517, .F. ) ;
#2588 = CARTESIAN_POINT ( 'NONE',  ( -0.7216878364870357165, -1.250000000000012434, 6.081250000000005151 ) ) ;
#2589 = CARTESIAN_POINT ( 'NONE',  ( 1.471500672974068724, -7.174015294681039699E-15, 5.795312500000004086 ) ) ;
#2590 = CARTESIAN_POINT ( 'NONE',  ( -1.082531754730553075, -0.6250000000000092149, 9.250000000000000000 ) ) ;
#2591 = CARTESIAN_POINT ( 'NONE',  ( 0.6435287123945583332, -0.9211261692280164892, -0.5589039904826941241 ) ) ;
#2592 = CARTESIAN_POINT ( 'NONE',  ( -0.8294067547305487009, 0.4788582131113693907, 6.643750000000003375 ) ) ;
#2593 = CARTESIAN_POINT ( 'NONE',  ( -0.01102214318161733216, 0.9576529984376250804, -0.4679999995591233586 ) ) ;
#2594 = CARTESIAN_POINT ( 'NONE',  ( -0.8294067547305487009, 0.4788582131113693907, 7.993750000000003020 ) ) ;
#2595 = CARTESIAN_POINT ( 'NONE',  ( -1.560637177523334179E-16, -1.274356964481448085, 6.160937500000001066 ) ) ;
#2596 = ORIENTED_EDGE ( 'NONE', *, *, #241, .T. ) ;
#2597 = CARTESIAN_POINT ( 'NONE',  ( 0.8294067547305575827, -0.4788582131113875984, -1.518749999999998046 ) ) ;
#2598 = CARTESIAN_POINT ( 'NONE',  ( -0.5529378364870328744, -0.9577164262227590985, 9.512500000000001066 ) ) ;
#2599 = CARTESIAN_POINT ( 'NONE',  ( -0.6371738819754968475, 0.7150036343859702548, 9.377716426222747259 ) ) ;
#2600 = CC_DESIGN_PERSON_AND_ORGANIZATION_ASSIGNMENT ( #3299, #1405, ( #3615 ) ) ;
#2601 = CARTESIAN_POINT ( 'NONE',  ( 1.103625504730551432, -0.6371784822407281501, 7.557812500000003375 ) ) ;
#2602 = CARTESIAN_POINT ( 'NONE',  ( 0.5529378364870383145, -0.9577164262227687574, -0.6562499999999978906 ) ) ;
#2603 = EDGE_CURVE ( 'NONE', #1183, #4194, #3079, .T. ) ;
#2604 = CARTESIAN_POINT ( 'NONE',  ( -0.8294067547305579158, -0.4788582131113870988, -3.524999999999998579 ) ) ;
#2605 = DIRECTION ( 'NONE',  ( -0.000000000000000000, 1.157433492142735316E-16, -1.000000000000000000 ) ) ;
#2606 = CARTESIAN_POINT ( 'NONE',  ( 0.5529378364870329854, 0.9577164262227449987, 8.781250000000001776 ) ) ;
#2607 = ORIENTED_EDGE ( 'NONE', *, *, #1306, .F. ) ;
#2608 = PERSON_AND_ORGANIZATION ( #4253, #1386 ) ;
#2609 = ORIENTED_EDGE ( 'NONE', *, *, #4618, .T. ) ;
#2610 = CARTESIAN_POINT ( 'NONE',  ( 1.082531754730552631, 0.6249999999999954481, -2.175000000000000711 ) ) ;
#2611 = CARTESIAN_POINT ( 'NONE',  ( -1.103625504730551876, -0.6371784822407272619, 5.607812500000004086 ) ) ;
#2612 = VECTOR ( 'NONE', #1315, 1000.000000000000000 ) ;
#2613 = DIRECTION ( 'NONE',  ( -0.000000000000000000, -0.000000000000000000, 1.000000000000000000 ) ) ;
#2614 = CARTESIAN_POINT ( 'NONE',  ( 0.000000000000000000, 0.9583659452755938224, -0.4683749999999989311 ) ) ;
#2615 = CARTESIAN_POINT ( 'NONE',  ( 0.5529378364870320972, -0.9577164262227595426, 7.731250000000001954 ) ) ;
#2616 = CARTESIAN_POINT ( 'NONE',  ( 0.8294067547305582488, 0.4788582131113751639, -0.5437499999999981792 ) ) ;
#2617 = CARTESIAN_POINT ( 'NONE',  ( -0.8294067547305487009, 0.4788582131113693907, 7.093750000000002665 ) ) ;
#2618 = CARTESIAN_POINT ( 'NONE',  ( -1.103625504730551654, 0.6371784822407138282, 6.010937500000002487 ) ) ;
#2619 = VERTEX_POINT ( 'NONE', #3917 ) ;
#2620 = AXIS2_PLACEMENT_3D ( 'NONE', #73, #1178, #2658 ) ;
#2621 = CARTESIAN_POINT ( 'NONE',  ( -0.5529378364870388696, -0.9577164262227686464, -2.081249999999998046 ) ) ;
#2622 = AXIS2_PLACEMENT_3D ( 'NONE', #1650, #3118, #568 ) ;
#2623 = CARTESIAN_POINT ( 'NONE',  ( -0.8294067547305488119, -0.4788582131113828799, 8.125000000000003553 ) ) ;
#2624 = CARTESIAN_POINT ( 'NONE',  ( -0.8294067547305487009, 0.4788582131113694462, 8.500000000000003553 ) ) ;
#2625 = CARTESIAN_POINT ( 'NONE',  ( -1.099165880508746751, 9.586866186135470033E-16, 9.519165880508746014 ) ) ;
#2626 = ORIENTED_EDGE ( 'NONE', *, *, #2657, .F. ) ;
#2627 = CARTESIAN_POINT ( 'NONE',  ( -2.250000000000000888, 1.144202757444292784, 9.816101921067744485 ) ) ;
#2628 = CARTESIAN_POINT ( 'NONE',  ( 1.471500672974068724, -7.174015294681039699E-15, 8.945312500000003553 ) ) ;
#2629 = CARTESIAN_POINT ( 'NONE',  ( -1.103625504730554763, -0.6371784822407278170, -3.285937499999998845 ) ) ;
#2630 = CARTESIAN_POINT ( 'NONE',  ( -0.5529378364870384255, 0.9577164262227573222, -0.9374999999999986677 ) ) ;
#2631 = FACE_OUTER_BOUND ( 'NONE', #1018, .T. ) ;
#2632 = CARTESIAN_POINT ( 'NONE',  ( -1.172864355864535983E-16, -0.9577164262227593206, 7.693750000000002309 ) ) ;
#2633 = ORIENTED_EDGE ( 'NONE', *, *, #3961, .T. ) ;
#2634 = CARTESIAN_POINT ( 'NONE',  ( -0.3345207091623703666, -1.204406864453011705, 5.200000000000000178 ) ) ;
#2635 = ORIENTED_EDGE ( 'NONE', *, *, #1889, .T. ) ;
#2636 = ADVANCED_FACE ( 'NONE', ( #963 ), #3378, .T. ) ;
#2637 = CARTESIAN_POINT ( 'NONE',  ( 1.443375672974070101, -7.168848815997138269E-15, 8.537500000000001421 ) ) ;
#2638 = CARTESIAN_POINT ( 'NONE',  ( 1.471500672974068724, -7.174015294681039699E-15, 7.145312500000005507 ) ) ;
#2639 = EDGE_CURVE ( 'NONE', #3480, #3845, #3474, .T. ) ;
#2640 = CARTESIAN_POINT ( 'NONE',  ( 0.5529378364870390916, 0.9577164262227569891, -1.462499999999998579 ) ) ;
#2641 = CARTESIAN_POINT ( 'NONE',  ( -1.471500672974072721, -5.777219359841784229E-15, -4.195312499999997335 ) ) ;
#2642 = CARTESIAN_POINT ( 'NONE',  ( 1.105875672974064861, -7.106851071790302181E-15, 6.006250000000003197 ) ) ;
#2643 = CARTESIAN_POINT ( 'NONE',  ( 1.443375672974068991, -6.090273689726180448E-15, -3.506249999999995648 ) ) ;
#2644 = CARTESIAN_POINT ( 'NONE',  ( 0.8294067547305484789, -0.4788582131113834905, 8.668750000000002842 ) ) ;
#2645 = CARTESIAN_POINT ( 'NONE',  ( 1.905686749927788304, 1.497827453291401545, 9.876666173317353525 ) ) ;
#2646 = ORIENTED_EDGE ( 'NONE', *, *, #2603, .T. ) ;
#2647 = CARTESIAN_POINT ( 'NONE',  ( -0.8757865865275965556, -0.8919068644529883905, -3.674999999999998934 ) ) ;
#2648 = CARTESIAN_POINT ( 'NONE',  ( 0.5529378364870322082, -0.9577164262227596536, 6.887500000000002842 ) ) ;
#2649 = CARTESIAN_POINT ( 'NONE',  ( 0.000000000000000000, 1.249999999999998224, -3.450000000000000622 ) ) ;
#2650 = LINE ( 'NONE', #3750, #1614 ) ;
#2651 = CARTESIAN_POINT ( 'NONE',  ( -0.6371738819754968475, 0.7150036343859702548, 9.377716426222747259 ) ) ;
#2652 = ORIENTED_EDGE ( 'NONE', *, *, #2705, .F. ) ;
#2653 = CARTESIAN_POINT ( 'NONE',  ( 0.7216878364870360496, 1.249999999999997780, 6.306250000000005684 ) ) ;
#2654 = CARTESIAN_POINT ( 'NONE',  ( -1.560637177523334179E-16, -1.274356964481448085, 7.482812500000004086 ) ) ;
#2655 = CARTESIAN_POINT ( 'NONE',  ( 0.5529378364870383145, -0.9577164262227687574, -1.106249999999997957 ) ) ;
#2656 = CARTESIAN_POINT ( 'NONE',  ( -0.8294067547305578048, 0.4788582131113758855, -1.349999999999998757 ) ) ;
#2657 = EDGE_CURVE ( 'NONE', #359, #4145, #1456, .T. ) ;
#2658 = DIRECTION ( 'NONE',  ( 0.000000000000000000, 1.000000000000000000, 0.000000000000000000 ) ) ;
#2659 = CARTESIAN_POINT ( 'NONE',  ( 1.105875672974064861, -7.106851071790302181E-15, 9.156250000000003553 ) ) ;
#2660 = ORIENTED_EDGE ( 'NONE', *, *, #3546, .T. ) ;
#2661 = CARTESIAN_POINT ( 'NONE',  ( 0.7216878364870360496, 1.249999999999997780, 6.756250000000006750 ) ) ;
#2662 = CARTESIAN_POINT ( 'NONE',  ( -0.8294067547305488119, -0.4788582131113828244, 9.475000000000003197 ) ) ;
#2663 = VERTEX_POINT ( 'NONE', #370 ) ;
#2664 = CYLINDRICAL_SURFACE ( 'NONE', #4768, 1.249999999999998446 ) ;
#2665 = CARTESIAN_POINT ( 'NONE',  ( 0.7357503364870351392, 1.274356964481433874, 5.870312500000004263 ) ) ;
#2666 = ORIENTED_EDGE ( 'NONE', *, *, #4014, .F. ) ;
#2667 = CARTESIAN_POINT ( 'NONE',  ( 0.8294067547305582488, 0.4788582131113749973, -3.299999999999998490 ) ) ;
#2668 = CARTESIAN_POINT ( 'NONE',  ( -1.530808498934196747E-16, -1.250000000000009770, -1.875000000000000888 ) ) ;
#2669 = EDGE_CURVE ( 'NONE', #700, #952, #1833, .T. ) ;
#2670 = CARTESIAN_POINT ( 'NONE',  ( -0.8294067547305487009, 0.4788582131113693907, 7.543750000000002842 ) ) ;
#2671 = CARTESIAN_POINT ( 'NONE',  ( 2.058749999999989200, 1.409456344659176574, 9.832569145069300021 ) ) ;
#2672 = ORIENTED_EDGE ( 'NONE', *, *, #1341, .F. ) ;
#2673 = CARTESIAN_POINT ( 'NONE',  ( -1.172864355864536229E-16, -0.9577164262227594316, 7.300000000000003375 ) ) ;
#2674 = CARTESIAN_POINT ( 'NONE',  ( 1.105875672974065083, -7.106851071790302181E-15, 5.612500000000002487 ) ) ;
#2675 = CARTESIAN_POINT ( 'NONE',  ( 0.7216878364870341622, -1.250000000000009992, -0.8812499999999958700 ) ) ;
#2676 = CARTESIAN_POINT ( 'NONE',  ( 0.000000000000000000, -1.258909218984051749E-16, -3.899999999999999911 ) ) ;
#2677 = ORIENTED_EDGE ( 'NONE', *, *, #1603, .T. ) ;
#2678 = ORIENTED_EDGE ( 'NONE', *, *, #3288, .F. ) ;
#2679 = CARTESIAN_POINT ( 'NONE',  ( -0.8294067547305579158, -0.4788582131113869877, -1.724999999999998757 ) ) ;
#2680 = CARTESIAN_POINT ( 'NONE',  ( -1.172864355864548802E-16, -0.9577164262227686464, -1.143749999999998046 ) ) ;
#2681 = CARTESIAN_POINT ( 'NONE',  ( -0.8294067547305578048, 0.4788582131113758855, -1.799999999999998712 ) ) ;
#2682 = CYLINDRICAL_SURFACE ( 'NONE', #840, 1.250000000000000222 ) ;
#2683 = CARTESIAN_POINT ( 'NONE',  ( 0.5529378364870320972, -0.9577164262227595426, 6.381250000000003197 ) ) ;
#2684 = ORIENTED_EDGE ( 'NONE', *, *, #3394, .T. ) ;
#2685 = CARTESIAN_POINT ( 'NONE',  ( 0.7216878364870346063, -1.250000000000012434, 6.606250000000006395 ) ) ;
#2686 = CARTESIAN_POINT ( 'NONE',  ( -0.4985920424764234693, 2.310213961413745576, 9.912289710998601677 ) ) ;
#2687 = VERTEX_POINT ( 'NONE', #4167 ) ;
#2688 = CARTESIAN_POINT ( 'NONE',  ( 0.7216878364870346063, -1.250000000000012434, 5.312500000000000888 ) ) ;
#2689 = CARTESIAN_POINT ( 'NONE',  ( 0.5529378364870329854, 0.9577164262227449987, 7.487500000000002487 ) ) ;
#2690 = ORIENTED_EDGE ( 'NONE', *, *, #3705, .T. ) ;
#2691 = CARTESIAN_POINT ( 'NONE',  ( -0.5529378364870384255, 0.9577164262227571001, -2.737499999999998934 ) ) ;
#2692 = CARTESIAN_POINT ( 'NONE',  ( -0.7216878364870350504, 1.249999999999998446, 7.731250000000005507 ) ) ;
#2693 = CARTESIAN_POINT ( 'NONE',  ( 0.2563007824611373553, 0.9227841903536689872, 5.200000000000001066 ) ) ;
#2694 = CARTESIAN_POINT ( 'NONE',  ( 0.000000000000000000, 1.249999999999998446, -3.000000000000000888 ) ) ;
#2695 = EDGE_LOOP ( 'NONE', ( #958, #2246, #4669, #3774, #2126, #3196, #1781, #1932, #996, #1252 ) ) ;
#2696 = CARTESIAN_POINT ( 'NONE',  ( 1.082531754730551521, -0.6250000000000083267, -1.350000000000000977 ) ) ;
#2697 = AXIS2_PLACEMENT_3D ( 'NONE', #3426, #1623, #2294 ) ;
#2698 = CARTESIAN_POINT ( 'NONE',  ( -0.8294067547305487009, 0.4788582131113694462, 6.250000000000003553 ) ) ;
#2699 = CARTESIAN_POINT ( 'NONE',  ( -1.172864355864536229E-16, -0.9577164262227594316, 5.950000000000003730 ) ) ;
#2700 = CARTESIAN_POINT ( 'NONE',  ( -1.443375672974070101, -6.815323736422166126E-15, 8.706250000000006040 ) ) ;
#2701 = VECTOR ( 'NONE', #3910, 1000.000000000000000 ) ;
#2702 = CARTESIAN_POINT ( 'NONE',  ( -2.249999999999999112, 0.9030624162626835760, 9.876266224771931945 ) ) ;
#2703 = ORIENTED_EDGE ( 'NONE', *, *, #3641, .T. ) ;
#2704 = CARTESIAN_POINT ( 'NONE',  ( -0.8294067547305579158, -0.4788582131113870433, -2.624999999999998668 ) ) ;
#2705 = EDGE_CURVE ( 'NONE', #3822, #4269, #1166, .T. ) ;
#2706 = CARTESIAN_POINT ( 'NONE',  ( -0.5299820060581121872, -0.7977091113379168874, -0.2859583345977818603 ) ) ;
#2707 = SECURITY_CLASSIFICATION ( '', '', #3319 ) ;
#2708 = CARTESIAN_POINT ( 'NONE',  ( 0.8294067547305582488, 0.4788582131113751639, -0.5999999999999989786 ) ) ;
#2709 = CARTESIAN_POINT ( 'NONE',  ( -1.530808498934196747E-16, -1.250000000000009770, -0.9750000000000009770 ) ) ;
#2710 = CARTESIAN_POINT ( 'NONE',  ( 1.105875672974064861, -7.106851071790302181E-15, 6.906250000000002665 ) ) ;
#2711 = VERTEX_POINT ( 'NONE', #833 ) ;
#2712 = CARTESIAN_POINT ( 'NONE',  ( 0.5529378364870320972, -0.9577164262227595426, 10.48750000000000426 ) ) ;
#2713 = CARTESIAN_POINT ( 'NONE',  ( 3.061616997868395960E-16, 1.249999999999998224, 5.500000000000000888 ) ) ;
#2714 = CARTESIAN_POINT ( 'NONE',  ( -0.8294067547305488119, -0.4788582131113828244, 7.675000000000003375 ) ) ;
#2715 = ORIENTED_EDGE ( 'NONE', *, *, #4466, .F. ) ;
#2716 = CARTESIAN_POINT ( 'NONE',  ( -1.172864355864548802E-16, -0.9577164262227687574, -1.649999999999998579 ) ) ;
#2717 = LINE ( 'NONE', #3407, #4239 ) ;
#2718 = CARTESIAN_POINT ( 'NONE',  ( 3.061616997868395960E-16, 1.249999999999998224, 7.693750000000005862 ) ) ;
#2719 = CARTESIAN_POINT ( 'NONE',  ( -1.105875672974064861, -6.835989651157778155E-15, 5.331250000000002487 ) ) ;
#2720 = CARTESIAN_POINT ( 'NONE',  ( 1.443375672974070101, -7.168848815997138269E-15, 8.481250000000006395 ) ) ;
#2721 = ORIENTED_EDGE ( 'NONE', *, *, #2944, .F. ) ;
#2722 = DIRECTION ( 'NONE',  ( 0.000000000000000000, 1.000000000000000000, 1.157433492142735316E-16 ) ) ;
#2723 = CARTESIAN_POINT ( 'NONE',  ( -0.8294067547305488119, -0.4788582131113828799, 5.875000000000003553 ) ) ;
#2724 = CARTESIAN_POINT ( 'NONE',  ( 0.5529378364870322082, -0.9577164262227597646, 6.437500000000003553 ) ) ;
#2725 = CARTESIAN_POINT ( 'NONE',  ( 0.1912500000000070532, -2.487657972370796777, 9.832569145069300021 ) ) ;
#2726 = ORIENTED_EDGE ( 'NONE', *, *, #3110, .T. ) ;
#2727 = CARTESIAN_POINT ( 'NONE',  ( -1.105875672974077295, -5.650640632086162915E-15, -1.762499999999999067 ) ) ;
#2728 = CARTESIAN_POINT ( 'NONE',  ( 1.103625504730554319, -0.6371784822407284832, -0.8859374999999991562 ) ) ;
#2729 = CARTESIAN_POINT ( 'NONE',  ( 0.5529378364870390916, 0.9577164262227569891, -2.362499999999998934 ) ) ;
#2730 = EDGE_CURVE ( 'NONE', #272, #799, #3682, .T. ) ;
#2731 = CARTESIAN_POINT ( 'NONE',  ( -1.245245190529009172, -1.638401241432482178E-11, 9.665245190529011765 ) ) ;
#2732 = CARTESIAN_POINT ( 'NONE',  ( -0.8294067547305487009, 0.4788582131113693907, 5.743750000000003020 ) ) ;
#2733 = FACE_OUTER_BOUND ( 'NONE', #4405, .T. ) ;
#2734 = CARTESIAN_POINT ( 'NONE',  ( 0.5529378364870320972, -0.9577164262227595426, 9.137500000000002842 ) ) ;
#2735 = CARTESIAN_POINT ( 'NONE',  ( 1.105875672974064861, -7.106851071790302181E-15, 7.862500000000004263 ) ) ;
#2736 = ORIENTED_EDGE ( 'NONE', *, *, #3586, .T. ) ;
#2737 = CARTESIAN_POINT ( 'NONE',  ( 1.105875672974077073, -5.907724776228281287E-15, -1.537499999999998535 ) ) ;
#2738 = CARTESIAN_POINT ( 'NONE',  ( 0.1341067189834018181, 2.520649661048107948, 9.816106350272736591 ) ) ;
#2739 = CARTESIAN_POINT ( 'NONE',  ( -0.6780353727866319513, 0.6763791734722345295, -0.4680000000000000271 ) ) ;
#2740 = CARTESIAN_POINT ( 'NONE',  ( -0.7216878364870350504, -1.250000000000009326, -2.306249999999995914 ) ) ;
#2741 = DIRECTION ( 'NONE',  ( 0.000000000000000000, 1.000000000000000000, 1.157433492142735316E-16 ) ) ;
#2742 = ORIENTED_EDGE ( 'NONE', *, *, #2451, .F. ) ;
#2743 = CARTESIAN_POINT ( 'NONE',  ( -0.7216878364870350504, 1.249999999999998446, 7.281250000000005329 ) ) ;
#2744 =( BOUNDED_CURVE ( )  B_SPLINE_CURVE ( 2, ( #4294, #1320, #4656, #3238, #3599, #4720, #983, #2832, #623, #4677, #4316, #303, #642, #2852, #3942, #599, #261, #4635, #2456, #3576, #3918, #3554, #939, #212, #2091, #2793, #1362, #964, #2065, #3530, #1006, #237, #1706, #3175, #2480, #1410, #2874, #282, #2113, #1745, #3212, #4696, #2413, #1388, #4338, #1025, #2502, #3964, #662, #3872, #727, #368, #2202, #4357, #3984, #4761, #324, #1454, #684, #2157, #1068, #2544, #1831, #1499, #3325, #3620, #2939, #3693, #1476, #1854, #1807, #2963, #3664, #4057, #2225, #3306, #4009, #4425, #1523, #782, #3280, #3350, #1045, #3640, #2918, #751, #4379, #1116, #33, #1786, #2616, #3259, #9, #705, #2593 ),
 .UNSPECIFIED., .F., .F. ) 
 B_SPLINE_CURVE_WITH_KNOTS ( ( 3, 2, 2, 2, 2, 2, 2, 2, 2, 2, 2, 2, 2, 2, 2, 2, 2, 2, 2, 2, 2, 2, 2, 2, 2, 2, 2, 2, 2, 2, 2, 2, 2, 2, 2, 2, 2, 2, 2, 2, 2, 2, 2, 2, 2, 2, 2, 3 ),
 ( 0.04486365547049320224, 0.05947500486676641357, 0.07930000648902178761, 0.09912500811127716860, 0.1189500097335325357, 0.1387750113557879028, 0.1586000129780432699, 0.1784250146002986648, 0.1982500162225540041, 0.2180750178448093990, 0.2379000194670647661, 0.2577250210893201610, 0.2775500227115754726, 0.2973750243338309507, 0.3172000259560862623, 0.3370250275783416294, 0.3568500292005969410, 0.3766750308228524191, 0.3965000324451077307, 0.4163250340673631533, 0.4361500356896184649, 0.4559750373118739430, 0.4758000389341292546, 0.4956250405563846217, 0.5154500421786398778, 0.5352750438008953004, 0.5551000454231507231, 0.5749250470454061457, 0.5947500486676615683, 0.6145750502899168799, 0.6344000519121721915, 0.6542250535344277251, 0.6740500551566829257, 0.6938750567789383483, 0.7137000584011937709, 0.7335250600234490825, 0.7533500616457045052, 0.7731750632679599278, 0.7930000648902151283, 0.8128250665124706620, 0.8326500681347259736, 0.8524750697569812852, 0.8723000713792367078, 0.8921250730014921304, 0.9119500746237475530, 0.9317750762460027536, 0.9516000778682581762, 0.9518278956334156327 ),
 .UNSPECIFIED. ) 
 CURVE ( )  GEOMETRIC_REPRESENTATION_ITEM ( )  RATIONAL_B_SPLINE_CURVE ( ( 0.9480652107226166248, 0.9012585384440694458, 1.000000000000000000, 0.8660254037844387076, 1.000000000000000000, 0.8660254037844387076, 1.000000000000000000, 0.8660254037844387076, 1.000000000000000000, 0.8660254037844387076, 1.000000000000000000, 0.8660254037844387076, 1.000000000000000000, 0.8660254037844387076, 1.000000000000000000, 0.8660254037844387076, 1.000000000000000000, 0.8660254037844387076, 1.000000000000000000, 0.8660254037844387076, 1.000000000000000000, 0.8660254037844387076, 1.000000000000000000, 0.8660254037844387076, 1.000000000000000000, 0.8660254037844387076, 1.000000000000000000, 0.8660254037844387076, 1.000000000000000000, 0.8660254037844387076, 1.000000000000000000, 0.8660254037844387076, 1.000000000000000000, 0.8660254037844387076, 1.000000000000000000, 0.8660254037844387076, 1.000000000000000000, 0.8660254037844387076, 1.000000000000000000, 0.8660254037844387076, 1.000000000000000000, 0.8660254037844387076, 1.000000000000000000, 0.8660254037844387076, 1.000000000000000000, 0.8660254037844387076, 1.000000000000000000, 0.8660254037844387076, 1.000000000000000000, 0.8660254037844387076, 1.000000000000000000, 0.8660254037844387076, 1.000000000000000000, 0.8660254037844387076, 1.000000000000000000, 0.8660254037844387076, 1.000000000000000000, 0.8660254037844387076, 1.000000000000000000, 0.8660254037844387076, 1.000000000000000000, 0.8660254037844387076, 1.000000000000000000, 0.8660254037844387076, 1.000000000000000000, 0.8660254037844387076, 1.000000000000000000, 0.8660254037844387076, 1.000000000000000000, 0.8660254037844387076, 1.000000000000000000, 0.8660254037844387076, 1.000000000000000000, 0.8660254037844387076, 1.000000000000000000, 0.8660254037844387076, 1.000000000000000000, 0.8660254037844387076, 1.000000000000000000, 0.8660254037844387076, 1.000000000000000000, 0.8660254037844387076, 1.000000000000000000, 0.8660254037844387076, 1.000000000000000000, 0.8660254037844387076, 1.000000000000000000, 0.8660254037844387076, 1.000000000000000000, 0.8660254037844387076, 1.000000000000000000, 0.8660254037844387076, 1.000000000000000000, 0.9984604393139902001, 0.9969562621584833195 ) ) 
 REPRESENTATION_ITEM ( '' )  );
#2745 = CARTESIAN_POINT ( 'NONE',  ( 0.5529378364870329854, 0.9577164262227451097, 6.587500000000003908 ) ) ;
#2746 = EDGE_CURVE ( 'NONE', #252, #3253, #3526, .T. ) ;
#2747 = CARTESIAN_POINT ( 'NONE',  ( 0.8294067547305490340, 0.4788582131113686691, 5.650000000000003908 ) ) ;
#2748 = CARTESIAN_POINT ( 'NONE',  ( 0.000000000000000000, 1.249999999999998224, -3.393749999999995826 ) ) ;
#2749 = ORIENTED_EDGE ( 'NONE', *, *, #1662, .F. ) ;
#2750 = CARTESIAN_POINT ( 'NONE',  ( -0.5529378364870384255, 0.9577164262227572111, -1.837499999999998801 ) ) ;
#2751 = CARTESIAN_POINT ( 'NONE',  ( -0.7357503364870361384, 1.274356964481438759, -2.048437499999999023 ) ) ;
#2752 = CARTESIAN_POINT ( 'NONE',  ( -1.439628572465429857, -1.766906267507325712, 9.961077762676605829 ) ) ;
#2753 = CARTESIAN_POINT ( 'NONE',  ( -0.6465722708644660033, 1.022051290101595011, 9.619666885487189845 ) ) ;
#2754 = CARTESIAN_POINT ( 'NONE',  ( 0.5529378364870320972, -0.9577164262227595426, 5.931250000000003020 ) ) ;
#2755 = EDGE_CURVE ( 'NONE', #916, #1193, #3562, .T. ) ;
#2756 = DIRECTION ( 'NONE',  ( -0.000000000000000000, 1.157433492142735316E-16, -1.000000000000000000 ) ) ;
#2757 = LINE ( 'NONE', #4154, #3152 ) ;
#2758 = CARTESIAN_POINT ( 'NONE',  ( 0.5529378364870329854, 0.9577164262227449987, 7.037500000000004086 ) ) ;
#2759 = ORIENTED_EDGE ( 'NONE', *, *, #1042, .F. ) ;
#2760 = EDGE_CURVE ( 'NONE', #4698, #3253, #257, .T. ) ;
#2761 = CARTESIAN_POINT ( 'NONE',  ( -0.8294067547305579158, -0.4788582131113871543, -3.918749999999997957 ) ) ;
#2762 = CARTESIAN_POINT ( 'NONE',  ( 0.000000000000000000, 1.182716426222756967, -0.2249999999999997558 ) ) ;
#2763 = CARTESIAN_POINT ( 'NONE',  ( 0.000000000000000000, 1.249999999999998224, -2.493749999999995914 ) ) ;
#2764 = CARTESIAN_POINT ( 'NONE',  ( 1.530808498934189598E-16, -1.249999999999998668, -3.899999999999999911 ) ) ;
#2765 = ORIENTED_EDGE ( 'NONE', *, *, #606, .T. ) ;
#2766 = CARTESIAN_POINT ( 'NONE',  ( 3.061616997868395960E-16, 1.249999999999998224, 8.200000000000001066 ) ) ;
#2767 = CARTESIAN_POINT ( 'NONE',  ( -1.172864355864536229E-16, -0.9577164262227594316, 6.400000000000003020 ) ) ;
#2768 = CARTESIAN_POINT ( 'NONE',  ( 0.7357503364870339180, -1.274356964481448307, 6.648437500000001776 ) ) ;
#2769 = ORIENTED_EDGE ( 'NONE', *, *, #1254, .T. ) ;
#2770 = VECTOR ( 'NONE', #4539, 1000.000000000000000 ) ;
#2771 = CARTESIAN_POINT ( 'NONE',  ( 1.105875672974077295, -5.962833882189911788E-15, -2.437499999999998224 ) ) ;
#2772 = VECTOR ( 'NONE', #3254, 1000.000000000000000 ) ;
#2773 = CARTESIAN_POINT ( 'NONE',  ( -0.7357503364870361384, 1.274356964481438759, -1.148437499999998890 ) ) ;
#2774 = CARTESIAN_POINT ( 'NONE',  ( -0.7216878364870350504, -1.250000000000009326, -1.462500000000001021 ) ) ;
#2775 = CARTESIAN_POINT ( 'NONE',  ( 0.000000000000000000, 1.249999999999998224, -2.493749999999995914 ) ) ;
#2776 = AXIS2_PLACEMENT_3D ( 'NONE', #535, #4616, #4149 ) ;
#2777 = CARTESIAN_POINT ( 'NONE',  ( 0.5529378364870329854, 0.9577164262227449987, 5.631250000000002309 ) ) ;
#2778 = DIRECTION ( 'NONE',  ( -0.000000000000000000, 1.157433492142735316E-16, -1.000000000000000000 ) ) ;
#2779 = CARTESIAN_POINT ( 'NONE',  ( -0.7357503364870361384, 1.274356964481438759, -2.020312499999997957 ) ) ;
#2780 = CC_DESIGN_APPROVAL ( #676, ( #3615 ) ) ;
#2781 = CARTESIAN_POINT ( 'NONE',  ( -1.105875672974064861, -6.835989651157778155E-15, 6.737500000000004263 ) ) ;
#2782 = EDGE_LOOP ( 'NONE', ( #3485, #2609, #3867, #1897 ) ) ;
#2783 = CARTESIAN_POINT ( 'NONE',  ( 0.8294067547305582488, 0.4788582131113751084, -1.049999999999998934 ) ) ;
#2784 = CARTESIAN_POINT ( 'NONE',  ( 0.1912500000000070532, -2.487657972370796777, 9.832569145069300021 ) ) ;
#2785 = CARTESIAN_POINT ( 'NONE',  ( 0.000000000000000000, -1.258909218984051749E-16, -3.899999999999999911 ) ) ;
#2786 = CARTESIAN_POINT ( 'NONE',  ( 4.825536757609482797E-14, -1.153221661127096676, -0.5808750000000000302 ) ) ;
#2787 = CYLINDRICAL_SURFACE ( 'NONE', #919, 1.249999999999998446 ) ;
#2788 = EDGE_CURVE ( 'NONE', #2243, #4753, #4578, .T. ) ;
#2789 = ORIENTED_EDGE ( 'NONE', *, *, #1691, .T. ) ;
#2790 = CARTESIAN_POINT ( 'NONE',  ( 0.000000000000000000, -4.336808689942017736E-15, 0.000000000000000000 ) ) ;
#2791 = CARTESIAN_POINT ( 'NONE',  ( 1.580000000000000071, 9.025506355797229604E-16, 10.00000000000000000 ) ) ;
#2792 = CARTESIAN_POINT ( 'NONE',  ( 0.8294067547305490340, 0.4788582131113686136, 10.54375000000000284 ) ) ;
#2793 = CARTESIAN_POINT ( 'NONE',  ( -0.5529378364870388696, -0.9577164262227686464, -2.981249999999997957 ) ) ;
#2794 = CARTESIAN_POINT ( 'NONE',  ( -1.471500672974068724, -6.813601576860865123E-15, 6.498437500000003197 ) ) ;
#2795 = ORIENTED_EDGE ( 'NONE', *, *, #3870, .F. ) ;
#2796 = CARTESIAN_POINT ( 'NONE',  ( -0.5529378364870384255, 0.9577164262227572111, -2.681249999999998135 ) ) ;
#2797 = CARTESIAN_POINT ( 'NONE',  ( -1.103625504730551876, -0.6371784822407272619, 10.13593750000000249 ) ) ;
#2798 = CARTESIAN_POINT ( 'NONE',  ( 1.471500672974072721, -5.932696089867143456E-15, -0.8484374999999990674 ) ) ;
#2799 = CARTESIAN_POINT ( 'NONE',  ( -0.8103714275345702545, -2.130208049522652747, 0.03892223732339328973 ) ) ;
#2800 = CARTESIAN_POINT ( 'NONE',  ( 0.7216878364870360496, 1.249999999999997558, 9.062500000000001776 ) ) ;
#2801 = CARTESIAN_POINT ( 'NONE',  ( 0.9733033744174115487, 0.5566761831342146305, -3.829064260354951621 ) ) ;
#2802 = CARTESIAN_POINT ( 'NONE',  ( -1.752183174247790269E-14, -0.9577164262227688685, -3.899999999999999911 ) ) ;
#2803 = CARTESIAN_POINT ( 'NONE',  ( 1.103625504730554319, -0.6371784822407285942, -2.657812499999997691 ) ) ;
#2804 = CARTESIAN_POINT ( 'NONE',  ( -0.5529378364870326523, -0.9577164262227589875, 5.912500000000003197 ) ) ;
#2805 = ORIENTED_EDGE ( 'NONE', *, *, #3931, .T. ) ;
#2806 = CARTESIAN_POINT ( 'NONE',  ( 0.5529378364870390916, 0.9577164262227569891, -1.012499999999998623 ) ) ;
#2807 = CARTESIAN_POINT ( 'NONE',  ( 0.5529378364870390916, 0.9577164262227568781, -3.656249999999997780 ) ) ;
#2808 = CARTESIAN_POINT ( 'NONE',  ( -0.7216878364870354945, -1.250000000000012434, 7.487500000000000711 ) ) ;
#2809 = VERTEX_POINT ( 'NONE', #3821 ) ;
#2810 = CARTESIAN_POINT ( 'NONE',  ( -0.9970212581014020747, -0.2378520777581958623, -3.899999999999999467 ) ) ;
#2811 = ADVANCED_FACE ( 'NONE', ( #3773 ), #419, .T. ) ;
#2812 = CARTESIAN_POINT ( 'NONE',  ( -0.8294067547305488119, -0.4788582131113828244, 9.868750000000002132 ) ) ;
#2813 = CARTESIAN_POINT ( 'NONE',  ( -0.4654332513560908158, -0.9064798279460719588, 9.429905100055052003 ) ) ;
#2814 = CARTESIAN_POINT ( 'NONE',  ( 1.471500672974068724, -7.174015294681039699E-15, 8.073437500000002487 ) ) ;
#2815 = ORIENTED_EDGE ( 'NONE', *, *, #3946, .F. ) ;
#2816 = CARTESIAN_POINT ( 'NONE',  ( 1.105875672974077295, -6.042053222009755535E-15, -3.731249999999998401 ) ) ;
#2817 = CARTESIAN_POINT ( 'NONE',  ( 3.121274355046668358E-16, 1.274356964481434318, 9.535937500000001066 ) ) ;
#2818 = B_SPLINE_CURVE_WITH_KNOTS ( 'NONE', 3,
 ( #3293, #1153, #4045, #3675 ),
 .UNSPECIFIED., .F., .F.,
 ( 4, 4 ),
 ( 0.000000000000000000, 1.090530599517523275E-05 ),
 .UNSPECIFIED. ) ;
#2819 = CARTESIAN_POINT ( 'NONE',  ( -1.560637177523338370E-16, -1.274356964481450083, -0.5109374999999992673 ) ) ;
#2820 = FACE_OUTER_BOUND ( 'NONE', #3764, .T. ) ;
#2821 = FACE_OUTER_BOUND ( 'NONE', #88, .T. ) ;
#2822 = CYLINDRICAL_SURFACE ( 'NONE', #925, 1.250000000000000222 ) ;
#2823 = CARTESIAN_POINT ( 'NONE',  ( -1.471500672974072721, -5.749664806860968979E-15, -3.745312499999997158 ) ) ;
#2824 = CARTESIAN_POINT ( 'NONE',  ( 2.345728711729071966E-16, 0.9577164262227454428, 6.175000000000003375 ) ) ;
#2825 = EDGE_LOOP ( 'NONE', ( #2042, #4144, #1226, #2666 ) ) ;
#2826 = CARTESIAN_POINT ( 'NONE',  ( -0.3973853269042535441, 0.9577164262227572111, -0.4980495025379592655 ) ) ;
#2827 = CARTESIAN_POINT ( 'NONE',  ( -0.8294067547305578048, 0.4788582131113757745, -3.093749999999997335 ) ) ;
#2828 = DIRECTION ( 'NONE',  ( 0.000000000000000000, 1.000000000000000000, 0.000000000000000000 ) ) ;
#2829 = CARTESIAN_POINT ( 'NONE',  ( 0.8065861484873900755, -2.132393481399498913, 0.02619637318196704409 ) ) ;
#2830 = CARTESIAN_POINT ( 'NONE',  ( 1.105875672974065083, -7.106851071790302181E-15, 5.612500000000004263 ) ) ;
#2831 = CARTESIAN_POINT ( 'NONE',  ( -2.249999999999999112, 0.3656204352259533885, 0.03913476494147333229 ) ) ;
#2832 = CARTESIAN_POINT ( 'NONE',  ( 0.5529378364870390916, 0.9577164262227568781, -3.656249999999997780 ) ) ;
#2833 = CARTESIAN_POINT ( 'NONE',  ( -1.103625504730551654, 0.6371784822407138282, 7.360937500000002132 ) ) ;
#2834 = VERTEX_POINT ( 'NONE', #524 ) ;
#2835 = CARTESIAN_POINT ( 'NONE',  ( 0.8294067547305582488, 0.4788582131113749418, -3.693749999999997868 ) ) ;
#2836 = CARTESIAN_POINT ( 'NONE',  ( -1.103625504730551876, -0.6371784822407272619, 9.235937500000000355 ) ) ;
#2837 = VECTOR ( 'NONE', #4498, 1000.000000000000114 ) ;
#2838 = CARTESIAN_POINT ( 'NONE',  ( 1.082531754730553519, 0.6249999999999948930, 9.025000000000000355 ) ) ;
#2839 = ADVANCED_FACE ( 'NONE', ( #87 ), #447, .T. ) ;
#2840 = CARTESIAN_POINT ( 'NONE',  ( -1.103625504730551876, -0.6371784822407272619, 10.10781250000000320 ) ) ;
#2841 = CARTESIAN_POINT ( 'NONE',  ( -0.8294067547305488119, -0.4788582131113828799, 7.675000000000003375 ) ) ;
#2842 = CARTESIAN_POINT ( 'NONE',  ( -0.7357503364870361384, 1.274356964481438759, -1.570312499999997335 ) ) ;
#2843 = AXIS2_PLACEMENT_3D ( 'NONE', #4003, #1019, #2171 ) ;
#2844 = CARTESIAN_POINT ( 'NONE',  ( -1.105875672974064861, -6.835989651157778155E-15, 10.28125000000000178 ) ) ;
#2845 = ORIENTED_EDGE ( 'NONE', *, *, #3006, .F. ) ;
#2846 = CARTESIAN_POINT ( 'NONE',  ( 0.000000000000000000, 0.9577164262227569891, -0.4679999999999999716 ) ) ;
#2847 = CARTESIAN_POINT ( 'NONE',  ( -1.530808498934197980E-16, -1.250000000000012434, 6.568750000000004974 ) ) ;
#2848 = CARTESIAN_POINT ( 'NONE',  ( -0.7216878364879990571, -1.250000000000012434, 5.237499999999950973 ) ) ;
#2849 = CARTESIAN_POINT ( 'NONE',  ( -1.082531754730552853, 0.6249999999999957812, 8.275000000000000355 ) ) ;
#2850 =( BOUNDED_CURVE ( )  B_SPLINE_CURVE ( 2, ( #2847, #2057, #2429, #1700, #2033, #2475, #2109 ),
 .UNSPECIFIED., .F., .F. ) 
 B_SPLINE_CURVE_WITH_KNOTS ( ( 3, 2, 2, 3 ),
 ( 0.7307692307692307265, 0.7435897435897436125, 0.7564102564102563875, 0.7692307692307692735 ),
 .UNSPECIFIED. ) 
 CURVE ( )  GEOMETRIC_REPRESENTATION_ITEM ( )  RATIONAL_B_SPLINE_CURVE ( ( 1.000000000000000000, 0.8660254037844387076, 1.000000000000000000, 0.8660254037844387076, 1.000000000000000000, 0.8660254037844387076, 1.000000000000000000 ) ) 
 REPRESENTATION_ITEM ( '' )  );
#2851 = CARTESIAN_POINT ( 'NONE',  ( 2.345728711729071966E-16, 0.9577164262227454428, 9.718750000000001776 ) ) ;
#2852 = CARTESIAN_POINT ( 'NONE',  ( -0.5529378364870388696, -0.9577164262227686464, -3.431249999999997691 ) ) ;
#2853 = EDGE_CURVE ( 'NONE', #495, #3861, #4343, .T. ) ;
#2854 = CARTESIAN_POINT ( 'NONE',  ( -1.103625504730551654, 0.6371784822407138282, 7.810937500000002309 ) ) ;
#2855 = ORIENTED_EDGE ( 'NONE', *, *, #1787, .F. ) ;
#2856 = CARTESIAN_POINT ( 'NONE',  ( 0.5529378364870390916, 0.9577164262227568781, -3.656249999999997780 ) ) ;
#2857 = CARTESIAN_POINT ( 'NONE',  ( -0.7357503364870342510, 1.274356964481434540, 10.02343750000000000 ) ) ;
#2858 = CARTESIAN_POINT ( 'NONE',  ( -2.165367235512694943, 1.327391063058408704, 0.1928062570100566586 ) ) ;
#2859 = B_SPLINE_CURVE_WITH_KNOTS ( 'NONE', 3,
 ( #1099, #667, #1011, #3606, #694, #287, #2574, #1393 ),
 .UNSPECIFIED., .F., .F.,
 ( 4, 2, 2, 4 ),
 ( 0.0002272936175608558814, 0.001312383105340145977, 0.001854927849229791011, 0.002397472593119435828 ),
 .UNSPECIFIED. ) ;
#2860 = CARTESIAN_POINT ( 'NONE',  ( 0.09037092856643648420, -0.9683320209701845593, -3.899999999999998579 ) ) ;
#2861 = CARTESIAN_POINT ( 'NONE',  ( 0.000000000000000000, -1.258909218984051749E-16, -3.899999999999999911 ) ) ;
#2862 = CARTESIAN_POINT ( 'NONE',  ( 0.7216878364870358276, 1.249999999999997113, -3.487500000000000266 ) ) ;
#2863 = EDGE_CURVE ( 'NONE', #4507, #3845, #4071, .T. ) ;
#2864 = CARTESIAN_POINT ( 'NONE',  ( -0.7357503364870361384, 1.274356964481438759, -2.470312499999998135 ) ) ;
#2865 = DIRECTION ( 'NONE',  ( -0.000000000000000000, 1.157433492142735316E-16, -1.000000000000000000 ) ) ;
#2866 = CARTESIAN_POINT ( 'NONE',  ( -0.8294067547305488119, -0.4788582131113828244, 5.425000000000003375 ) ) ;
#2867 = ORIENTED_EDGE ( 'NONE', *, *, #1941, .T. ) ;
#2868 = FACE_OUTER_BOUND ( 'NONE', #4454, .T. ) ;
#2869 = PERSON_AND_ORGANIZATION_ROLE ( 'design_supplier' ) ;
#2870 = DIRECTION ( 'NONE',  ( 1.000000000000000000, 0.000000000000000000, 0.000000000000000000 ) ) ;
#2871 = DIRECTION ( 'NONE',  ( -0.000000000000000000, 1.157433492142735316E-16, -1.000000000000000000 ) ) ;
#2872 = DIRECTION ( 'NONE',  ( 1.000000000000000000, 0.000000000000000000, 0.000000000000000000 ) ) ;
#2873 = CARTESIAN_POINT ( 'NONE',  ( 0.5529378364870320972, -0.9577164262227595426, 9.531250000000001776 ) ) ;
#2874 = CARTESIAN_POINT ( 'NONE',  ( -0.8294067547305579158, -0.4788582131113870433, -2.568749999999998312 ) ) ;
#2875 = DIRECTION ( 'NONE',  ( -0.000000000000000000, 1.157433492142735316E-16, -1.000000000000000000 ) ) ;
#2876 = CARTESIAN_POINT ( 'NONE',  ( -1.471500672974068724, -6.813601576860865123E-15, 6.048437500000002132 ) ) ;
#2877 = ORIENTED_EDGE ( 'NONE', *, *, #1280, .F. ) ;
#2878 = CARTESIAN_POINT ( 'NONE',  ( 1.105875672974077295, -5.852615670266649997E-15, -0.6374999999999988454 ) ) ;
#2879 = CARTESIAN_POINT ( 'NONE',  ( -1.172864355864536229E-16, -0.9577164262227594316, 8.200000000000002842 ) ) ;
#2880 = FACE_OUTER_BOUND ( 'NONE', #1800, .T. ) ;
#2881 = CARTESIAN_POINT ( 'NONE',  ( -1.530808498934196747E-16, -1.250000000000009770, -0.9750000000000009770 ) ) ;
#2882 = CARTESIAN_POINT ( 'NONE',  ( -0.7357503364870348062, -1.274356964481448085, 10.59531250000000213 ) ) ;
#2883 =( BOUNDED_CURVE ( )  B_SPLINE_CURVE ( 2, ( #2468, #3906, #923, #4231, #4619, #1715, #246 ),
 .UNSPECIFIED., .F., .T. ) 
 B_SPLINE_CURVE_WITH_KNOTS ( ( 3, 2, 2, 3 ),
 ( 0.7222222222222222099, 0.7407407407407406996, 0.7592592592592591894, 0.7777777777777776791 ),
 .UNSPECIFIED. ) 
 CURVE ( )  GEOMETRIC_REPRESENTATION_ITEM ( )  RATIONAL_B_SPLINE_CURVE ( ( 1.000000000000000000, 0.8660254037844387076, 1.000000000000000000, 0.8660254037844387076, 1.000000000000000000, 0.8660254037844394848, 0.9999999999999992228 ) ) 
 REPRESENTATION_ITEM ( '' )  );
#2884 = CARTESIAN_POINT ( 'NONE',  ( 0.5529378364870330964, 0.9577164262227451097, 8.387500000000002842 ) ) ;
#2885 =( BOUNDED_SURFACE ( )  B_SPLINE_SURFACE ( 1, 2, ( 
 ( #415, #1904, #3638, #2641, #1876, #3348, #3379, #54, #4106, #83, #1553, #3013, #4631, #2469, #270, #2823, #950, #4304, #1716, #651, #3135, #224, #3884, #1350, #2122, #202, #3518, #587, #993, #2028, #4348, #2397, #4708, #1016, #4329, #2102, #3163, #2490, #2423, #1668, #610, #3226, #1330, #4620, #2803, #3932, #1304, #1400, #1693, #2864, #4284, #632, #2079, #1736, #2052, #3565, #3952, #3587, #3203, #4645, #3185, #2779, #2446, #4686, #974, #3907, #3543, #291, #1756, #4667, #247, #3859, #1372, #2842, #563, #3493, #4259, #2951, #19, #2144, #4413, #44, #315, #2534, #2212, #4437, #2190, #740, #3674, #697, #1420, #2928, #4043, #2239, #4749, #4021, #3292, #4774, #2906, #381, #3315, #671, #1797 ),
 ( #3631, #1105, #4731, #1464, #1842, #1817, #2579, #3611, #3652, #1867, #1487, #2167, #1126, #1441, #3249, #334, #2604, #3704, #4069, #3269, #1778, #4391, #3997, #768, #406, #2886, #1080, #4368, #2558, #716, #356, #3338, #1512, #1055, #2974, #1034, #2512, #3974, #4493, #1542, #512, #1974, #1177, #3756, #1998, #794, #4545, #2729, #848, #2319, #488, #1641, #3809, #2289, #3365, #3395, #3467, #100, #432, #4122, #3443, #1922, #2681, #1567, #3783, #1949, #1617, #819, #174, #3421, #1893, #3027, #2266, #4096, #2656, #126, #3003, #461, #71, #4517, #4467, #1152, #1592, #4180, #4148, #2630, #3055, #874, #151, #3730, #2345, #1202, #1230, #2366, #2708, #3085, #4572, #1256, #4203, #897, #3830, #533, #4740 ) ),
 .UNSPECIFIED., .F., .F., .F. ) 
 B_SPLINE_SURFACE_WITH_KNOTS ( ( 2, 2 ),
 ( 3, 2, 2, 2, 2, 2, 2, 2, 2, 2, 2, 2, 2, 2, 2, 2, 2, 2, 2, 2, 2, 2, 2, 2, 2, 2, 2, 2, 2, 2, 2, 2, 2, 2, 2, 2, 2, 2, 2, 2, 2, 2, 2, 2, 2, 2, 2, 2, 2, 2, 2, 3 ),
 ( 0.000000000000000000, 1.000000000000000000 ),
 ( 0.000000000000000000, 0.01851851851851851749, 0.03703703703703703498, 0.05555555555555555247, 0.07407407407407406996, 0.09259259259259258745, 0.1111111111111111049, 0.1296296296296296224, 0.1481481481481481399, 0.1666666666666666574, 0.1851851851851851749, 0.2037037037037036924, 0.2222222222222222099, 0.2407407407407407274, 0.2592592592592592449, 0.2777777777777777901, 0.2962962962962962798, 0.3148148148148148251, 0.3333333333333333148, 0.3518518518518518601, 0.3703703703703703498, 0.3888888888888888951, 0.4074074074074073848, 0.4259259259259259300, 0.4444444444444444198, 0.4629629629629629650, 0.4814814814814814548, 0.5000000000000000000, 0.5185185185185184897, 0.5370370370370370905, 0.5555555555555555802, 0.5740740740740740700, 0.5925925925925925597, 0.6111111111111111605, 0.6296296296296296502, 0.6481481481481481399, 0.6666666666666666297, 0.6851851851851852304, 0.7037037037037037202, 0.7222222222222222099, 0.7407407407407406996, 0.7592592592592593004, 0.7777777777777777901, 0.7962962962962962798, 0.8148148148148147696, 0.8333333333333333703, 0.8518518518518518601, 0.8703703703703703498, 0.8888888888888888395, 0.9074074074074074403, 0.9259259259259259300, 0.9340993431318487250 ),
 .UNSPECIFIED. ) 
 GEOMETRIC_REPRESENTATION_ITEM ( )  RATIONAL_B_SPLINE_SURFACE ( (
 ( 1.000000000000000000, 0.8660254037844387076, 1.000000000000000000, 0.8660254037844387076, 1.000000000000000000, 0.8660254037844387076, 1.000000000000000000, 0.8660254037844387076, 1.000000000000000000, 0.8660254037844387076, 1.000000000000000000, 0.8660254037844387076, 1.000000000000000000, 0.8660254037844387076, 1.000000000000000000, 0.8660254037844387076, 1.000000000000000000, 0.8660254037844387076, 1.000000000000000000, 0.8660254037844387076, 1.000000000000000000, 0.8660254037844387076, 1.000000000000000000, 0.8660254037844387076, 1.000000000000000000, 0.8660254037844387076, 1.000000000000000000, 0.8660254037844387076, 1.000000000000000000, 0.8660254037844387076, 1.000000000000000000, 0.8660254037844387076, 1.000000000000000000, 0.8660254037844387076, 1.000000000000000000, 0.8660254037844387076, 1.000000000000000000, 0.8660254037844387076, 1.000000000000000000, 0.8660254037844387076, 1.000000000000000000, 0.8660254037844387076, 1.000000000000000000, 0.8660254037844387076, 1.000000000000000000, 0.8660254037844387076, 1.000000000000000000, 0.8660254037844387076, 1.000000000000000000, 0.8660254037844387076, 1.000000000000000000, 0.8660254037844387076, 1.000000000000000000, 0.8660254037844387076, 1.000000000000000000, 0.8660254037844387076, 1.000000000000000000, 0.8660254037844387076, 1.000000000000000000, 0.8660254037844387076, 1.000000000000000000, 0.8660254037844387076, 1.000000000000000000, 0.8660254037844387076, 1.000000000000000000, 0.8660254037844387076, 1.000000000000000000, 0.8660254037844387076, 1.000000000000000000, 0.8660254037844387076, 1.000000000000000000, 0.8660254037844387076, 1.000000000000000000, 0.8660254037844387076, 1.000000000000000000, 0.8660254037844387076, 1.000000000000000000, 0.8660254037844387076, 1.000000000000000000, 0.8660254037844387076, 1.000000000000000000, 0.8660254037844387076, 1.000000000000000000, 0.8660254037844387076, 1.000000000000000000, 0.8660254037844387076, 1.000000000000000000, 0.8660254037844387076, 1.000000000000000000, 0.8660254037844387076, 1.000000000000000000, 0.8660254037844387076, 1.000000000000000000, 0.8660254037844387076, 1.000000000000000000, 0.8660254037844387076, 1.000000000000000000, 0.8660254037844387076, 1.000000000000000000, 0.8660254037844387076, 1.000000000000000000, 0.9408683654272992358, 0.9339339429531305914),
 ( 1.000000000000000000, 0.8660254037844387076, 1.000000000000000000, 0.8660254037844387076, 1.000000000000000000, 0.8660254037844387076, 1.000000000000000000, 0.8660254037844387076, 1.000000000000000000, 0.8660254037844387076, 1.000000000000000000, 0.8660254037844387076, 1.000000000000000000, 0.8660254037844387076, 1.000000000000000000, 0.8660254037844387076, 1.000000000000000000, 0.8660254037844387076, 1.000000000000000000, 0.8660254037844387076, 1.000000000000000000, 0.8660254037844387076, 1.000000000000000000, 0.8660254037844387076, 1.000000000000000000, 0.8660254037844387076, 1.000000000000000000, 0.8660254037844387076, 1.000000000000000000, 0.8660254037844387076, 1.000000000000000000, 0.8660254037844387076, 1.000000000000000000, 0.8660254037844387076, 1.000000000000000000, 0.8660254037844387076, 1.000000000000000000, 0.8660254037844387076, 1.000000000000000000, 0.8660254037844387076, 1.000000000000000000, 0.8660254037844387076, 1.000000000000000000, 0.8660254037844387076, 1.000000000000000000, 0.8660254037844387076, 1.000000000000000000, 0.8660254037844387076, 1.000000000000000000, 0.8660254037844387076, 1.000000000000000000, 0.8660254037844387076, 1.000000000000000000, 0.8660254037844387076, 1.000000000000000000, 0.8660254037844387076, 1.000000000000000000, 0.8660254037844387076, 1.000000000000000000, 0.8660254037844387076, 1.000000000000000000, 0.8660254037844387076, 1.000000000000000000, 0.8660254037844387076, 1.000000000000000000, 0.8660254037844387076, 1.000000000000000000, 0.8660254037844387076, 1.000000000000000000, 0.8660254037844387076, 1.000000000000000000, 0.8660254037844387076, 1.000000000000000000, 0.8660254037844387076, 1.000000000000000000, 0.8660254037844387076, 1.000000000000000000, 0.8660254037844387076, 1.000000000000000000, 0.8660254037844387076, 1.000000000000000000, 0.8660254037844387076, 1.000000000000000000, 0.8660254037844387076, 1.000000000000000000, 0.8660254037844387076, 1.000000000000000000, 0.8660254037844387076, 1.000000000000000000, 0.8660254037844387076, 1.000000000000000000, 0.8660254037844387076, 1.000000000000000000, 0.8660254037844387076, 1.000000000000000000, 0.8660254037844387076, 1.000000000000000000, 0.8660254037844387076, 1.000000000000000000, 0.8660254037844387076, 1.000000000000000000, 0.9408683654272992358, 0.9339339429531305914) ) ) 
 REPRESENTATION_ITEM ( '' )  SURFACE ( )  );
#2886 = CARTESIAN_POINT ( 'NONE',  ( -0.5529378364870384255, 0.9577164262227572111, -3.187499999999998668 ) ) ;
#2887 = DIRECTION ( 'NONE',  ( 0.000000000000000000, 0.000000000000000000, 1.000000000000000000 ) ) ;
#2888 = CARTESIAN_POINT ( 'NONE',  ( -0.5529378364870326523, -0.9577164262227589875, 9.906250000000000000 ) ) ;
#2889 = EDGE_CURVE ( 'NONE', #4128, #4507, #4709, .T. ) ;
#2890 = ORIENTED_EDGE ( 'NONE', *, *, #2755, .F. ) ;
#2891 = CARTESIAN_POINT ( 'NONE',  ( -2.232457603721792250, -1.210965373388160682, 9.807248115923865583 ) ) ;
#2892 = ADVANCED_FACE ( 'NONE', ( #2145 ), #3500, .F. ) ;
#2893 = CARTESIAN_POINT ( 'NONE',  ( 3.061616997868395960E-16, 1.249999999999998224, 9.099999999999999645 ) ) ;
#2894 = CARTESIAN_POINT ( 'NONE',  ( -0.8294067547305488119, -0.4788582131113828244, 6.268750000000002487 ) ) ;
#2895 = CARTESIAN_POINT ( 'NONE',  ( 3.061616997868395960E-16, 1.249999999999998224, 6.400000000000001243 ) ) ;
#2896 = CARTESIAN_POINT ( 'NONE',  ( -0.9566528859284690878, 0.04512215532985484889, 9.377716426222754365 ) ) ;
#2897 = CARTESIAN_POINT ( 'NONE',  ( 1.103625504730552320, 0.6371784822407128290, 6.310937500000002309 ) ) ;
#2898 = VERTEX_POINT ( 'NONE', #1402 ) ;
#2899 = CARTESIAN_POINT ( 'NONE',  ( -1.172864355864548802E-16, -0.9577164262227686464, -0.6937499999999982014 ) ) ;
#2900 = CARTESIAN_POINT ( 'NONE',  ( -0.8294067547305487009, 0.4788582131113694462, 8.500000000000003553 ) ) ;
#2901 = CARTESIAN_POINT ( 'NONE',  ( 1.530808498934190831E-16, -1.249999999999999778, -0.6367499999999950422 ) ) ;
#2902 = DIRECTION ( 'NONE',  ( 0.000000000000000000, 1.000000000000000000, 1.132070143937707872E-16 ) ) ;
#2903 = CARTESIAN_POINT ( 'NONE',  ( -1.103625504730551876, -0.6371784822407272619, 8.757812500000003553 ) ) ;
#2904 = CIRCLE ( 'NONE', #3228, 1.249999999999999556 ) ;
#2905 = CARTESIAN_POINT ( 'NONE',  ( -1.172864355864548802E-16, -0.9577164262227687574, -2.043749999999997957 ) ) ;
#2906 = CARTESIAN_POINT ( 'NONE',  ( -1.103625504730554541, 0.6371784822407167148, -0.6328124999999975575 ) ) ;
#2907 = CARTESIAN_POINT ( 'NONE',  ( -0.9566528859284691988, 0.04512215532985484889, 9.377716426222754365 ) ) ;
#2908 = CARTESIAN_POINT ( 'NONE',  ( -1.172864355864535983E-16, -0.9577164262227593206, 9.493750000000002132 ) ) ;
#2909 = EDGE_LOOP ( 'NONE', ( #2279, #979 ) ) ;
#2910 = CARTESIAN_POINT ( 'NONE',  ( -1.082531754730552853, 0.6249999999999957812, 7.825000000000001954 ) ) ;
#2911 = APPLICATION_PROTOCOL_DEFINITION ( 'international standard', 'config_control_design', 1994, #3355 ) ;
#2912 = CARTESIAN_POINT ( 'NONE',  ( 1.753246730713071244, 1.585838739420289301, 0.07941634923340318286 ) ) ;
#2913 = CARTESIAN_POINT ( 'NONE',  ( 0.8294067547305484789, -0.4788582131113835461, 10.52500000000000391 ) ) ;
#2914 = CARTESIAN_POINT ( 'NONE',  ( -1.443375672974070101, -6.815323736422166126E-15, 9.212500000000000355 ) ) ;
#2915 = CARTESIAN_POINT ( 'NONE',  ( 0.1393143203497757554, 0.9665428119081213021, -0.4730959161514164402 ) ) ;
#2916 = CARTESIAN_POINT ( 'NONE',  ( 0.8294067547305490340, 0.4788582131113686136, 7.393750000000002487 ) ) ;
#2917 = ADVANCED_FACE ( 'NONE', ( #698 ), #1779, .T. ) ;
#2918 = CARTESIAN_POINT ( 'NONE',  ( -0.8294067547305579158, -0.4788582131113869322, -0.7687499999999981570 ) ) ;
#2919 = CARTESIAN_POINT ( 'NONE',  ( -0.5529378364870327633, -0.9577164262227590985, 7.656250000000002665 ) ) ;
#2920 = CARTESIAN_POINT ( 'NONE',  ( -0.7357503364870342510, 1.274356964481434540, 6.423437500000001243 ) ) ;
#2921 = ORIENTED_EDGE ( 'NONE', *, *, #3597, .T. ) ;
#2922 = CARTESIAN_POINT ( 'NONE',  ( -0.5529378364870388696, -0.9577164262227685354, -1.181249999999997913 ) ) ;
#2923 = CARTESIAN_POINT ( 'NONE',  ( 0.5529378364870322082, -0.9577164262227596536, 8.687500000000003553 ) ) ;
#2924 = CARTESIAN_POINT ( 'NONE',  ( 3.061616997868395960E-16, 1.249999999999998224, 8.650000000000000355 ) ) ;
#2925 = DIRECTION ( 'NONE',  ( 1.000000000000000000, 0.000000000000000000, 0.000000000000000000 ) ) ;
#2926 = CARTESIAN_POINT ( 'NONE',  ( 1.103625504730551432, -0.6371784822407281501, 9.357812500000003197 ) ) ;
#2927 = CARTESIAN_POINT ( 'NONE',  ( -0.5529378364870388696, -0.9577164262227686464, -1.631249999999997646 ) ) ;
#2928 = CARTESIAN_POINT ( 'NONE',  ( 0.7357503364870359164, -1.274356964481450305, -0.8953124999999977351 ) ) ;
#2929 = CARTESIAN_POINT ( 'NONE',  ( -0.9581130752685736995, 0.03006645054089393879, 9.378465654779876814 ) ) ;
#2930 = CARTESIAN_POINT ( 'NONE',  ( 0.8294067547305490340, 0.4788582131113686136, 9.643750000000002487 ) ) ;
#2931 = ORIENTED_EDGE ( 'NONE', *, *, #1366, .F. ) ;
#2932 = EDGE_CURVE ( 'NONE', #4194, #3977, #1509, .T. ) ;
#2933 = CARTESIAN_POINT ( 'NONE',  ( -0.7216878364870350504, 1.249999999999998446, 7.787500000000002309 ) ) ;
#2934 = EDGE_LOOP ( 'NONE', ( #3463, #485, #3874 ) ) ;
#2935 = CARTESIAN_POINT ( 'NONE',  ( 3.121274355046668358E-16, 1.274356964481434318, 6.357812500000004086 ) ) ;
#2936 = DIRECTION ( 'NONE',  ( -0.000000000000000000, 1.157433492142735316E-16, -1.000000000000000000 ) ) ;
#2937 = CARTESIAN_POINT ( 'NONE',  ( 0.7216878364870352724, 1.249999999999998002, -1.687500000000001110 ) ) ;
#2938 = CARTESIAN_POINT ( 'NONE',  ( -0.5529378364870326523, -0.9577164262227589875, 7.206250000000002487 ) ) ;
#2939 = CARTESIAN_POINT ( 'NONE',  ( 0.8294067547305582488, 0.4788582131113751084, -1.443749999999998090 ) ) ;
#2940 = CARTESIAN_POINT ( 'NONE',  ( 0.8294067547305484789, -0.4788582131113834905, 7.768750000000003375 ) ) ;
#2941 = CARTESIAN_POINT ( 'NONE',  ( 0.7357503364870339180, -1.274356964481448307, 6.198437500000002487 ) ) ;
#2942 = ORIENTED_EDGE ( 'NONE', *, *, #167, .F. ) ;
#2943 = CARTESIAN_POINT ( 'NONE',  ( 0.5529378364870390916, 0.9577164262227571001, -0.5062499999999979794 ) ) ;
#2944 = EDGE_CURVE ( 'NONE', #4394, #1918, #1757, .T. ) ;
#2945 = CARTESIAN_POINT ( 'NONE',  ( -1.105875672974065083, -6.835989651157778155E-15, 8.537500000000003197 ) ) ;
#2946 = B_SPLINE_CURVE_WITH_KNOTS ( 'NONE', 3,
 ( #2634, #3342, #3031, #1206, #878, #1899, #823, #1927, #1236, #410, #2348, #2244 ),
 .UNSPECIFIED., .F., .F.,
 ( 4, 2, 2, 2, 2, 4 ),
 ( 0.0002402870788304691148, 0.0008936620354120088658, 0.001547036991993548617, 0.001873724470284318438, 0.002200411948575088476, 0.002853786905156627685 ),
 .UNSPECIFIED. ) ;
#2947 = CARTESIAN_POINT ( 'NONE',  ( -1.082531754730552853, 0.6249999999999957812, 8.668750000000006395 ) ) ;
#2948 = CARTESIAN_POINT ( 'NONE',  ( -0.5529378364870384255, 0.9577164262227572111, -4.087499999999997691 ) ) ;
#2949 = CARTESIAN_POINT ( 'NONE',  ( 1.103625504730551432, -0.6371784822407281501, 9.807812500000004263 ) ) ;
#2950 = CARTESIAN_POINT ( 'NONE',  ( 0.8294067547305582488, 0.4788582131113751084, -0.9937499999999981348 ) ) ;
#2951 = CARTESIAN_POINT ( 'NONE',  ( -0.7357503364870368046, -1.274356964481449861, -1.420312499999997424 ) ) ;
#2952 = CARTESIAN_POINT ( 'NONE',  ( 2.249999999999998668, 1.299038105676655341, -6.873863542433756635 ) ) ;
#2953 = CARTESIAN_POINT ( 'NONE',  ( 0.8294067547305490340, 0.4788582131113686136, 7.843750000000003553 ) ) ;
#2954 = ORIENTED_EDGE ( 'NONE', *, *, #441, .T. ) ;
#2955 = CARTESIAN_POINT ( 'NONE',  ( 1.443375672974070101, -7.168848815997138269E-15, 8.031250000000005329 ) ) ;
#2956 = PERSON_AND_ORGANIZATION_ROLE ( 'design_owner' ) ;
#2957 = ORIENTED_EDGE ( 'NONE', *, *, #3288, .T. ) ;
#2958 = CARTESIAN_POINT ( 'NONE',  ( -0.9645888769613584213, -0.8292830566871403075, 9.656006983401232091 ) ) ;
#2959 = CARTESIAN_POINT ( 'NONE',  ( -1.103625504730551654, 0.6371784822407138282, 6.882812500000004441 ) ) ;
#2960 = LINE ( 'NONE', #4737, #4771 ) ;
#2961 = CARTESIAN_POINT ( 'NONE',  ( 0.9298057118447513592, 0.4573527865484406929, -0.5079621219936838461 ) ) ;
#2962 = CARTESIAN_POINT ( 'NONE',  ( 0.8294067547305490340, 0.4788582131113686136, 7.843750000000003553 ) ) ;
#2963 = CARTESIAN_POINT ( 'NONE',  ( -1.105875672974077073, -5.619641759982746448E-15, -1.256249999999997868 ) ) ;
#2964 = CARTESIAN_POINT ( 'NONE',  ( -0.8294067547305488119, -0.4788582131113828244, 7.168750000000002842 ) ) ;
#2965 = CARTESIAN_POINT ( 'NONE',  ( -0.7357503364870348062, -1.274356964481448085, 5.673437500000002132 ) ) ;
#2966 = ORIENTED_EDGE ( 'NONE', *, *, #23, .T. ) ;
#2967 = CARTESIAN_POINT ( 'NONE',  ( -0.8294067547305579158, -0.4788582131113869877, -1.218749999999998002 ) ) ;
#2968 = CARTESIAN_POINT ( 'NONE',  ( 0.5529378364870322082, -0.9577164262227596536, 9.137500000000002842 ) ) ;
#2969 = CARTESIAN_POINT ( 'NONE',  ( 1.105875672974065083, -7.106851071790302181E-15, 8.312500000000003553 ) ) ;
#2970 = FACE_OUTER_BOUND ( 'NONE', #435, .T. ) ;
#2971 = FACE_OUTER_BOUND ( 'NONE', #3151, .T. ) ;
#2972 = CARTESIAN_POINT ( 'NONE',  ( -0.7357503364870342510, 1.274356964481434540, 9.545312500000004974 ) ) ;
#2973 = CARTESIAN_POINT ( 'NONE',  ( -0.7357503364870361384, 1.274356964481438537, -3.848437499999998401 ) ) ;
#2974 = CARTESIAN_POINT ( 'NONE',  ( 0.8294067547305582488, 0.4788582131113749973, -2.849999999999998312 ) ) ;
#2975 = ADVANCED_FACE ( 'NONE', ( #184 ), #2787, .T. ) ;
#2976 = CARTESIAN_POINT ( 'NONE',  ( 0.7216878364870360496, 1.249999999999997780, 7.656250000000005329 ) ) ;
#2977 = CARTESIAN_POINT ( 'NONE',  ( -0.5529378364870322082, 0.9577164262227454428, 9.306250000000002132 ) ) ;
#2978 = VECTOR ( 'NONE', #1534, 1000.000000000000000 ) ;
#2979 = ORIENTED_EDGE ( 'NONE', *, *, #2462, .F. ) ;
#2980 = CARTESIAN_POINT ( 'NONE',  ( 1.082531754730552631, 0.6249999999999954481, -1.668749999999995737 ) ) ;
#2981 = ORIENTED_EDGE ( 'NONE', *, *, #2746, .T. ) ;
#2982 = CARTESIAN_POINT ( 'NONE',  ( 1.082531754730551521, -0.6250000000000083267, -2.250000000000001332 ) ) ;
#2983 = CARTESIAN_POINT ( 'NONE',  ( 0.7357503364870339180, -1.274356964481448307, 5.270312500000004619 ) ) ;
#2984 = VECTOR ( 'NONE', #3542, 1000.000000000000000 ) ;
#2985 = CARTESIAN_POINT ( 'NONE',  ( 0.5529378364870390916, 0.9577164262227568781, -3.262499999999998401 ) ) ;
#2986 = CARTESIAN_POINT ( 'NONE',  ( -0.06687076361144078662, -2.538958566004968276, 0.1928062570097042461 ) ) ;
#2987 = CARTESIAN_POINT ( 'NONE',  ( 0.5529378364870329854, 0.9577164262227449987, 6.531250000000001776 ) ) ;
#2988 = CARTESIAN_POINT ( 'NONE',  ( 1.082531754730552631, 0.6249999999999953371, -3.468749999999995559 ) ) ;
#2989 = CARTESIAN_POINT ( 'NONE',  ( 0.8294067547305490340, 0.4788582131113686136, 6.943750000000003197 ) ) ;
#2990 = ORIENTED_EDGE ( 'NONE', *, *, #3904, .T. ) ;
#2991 = CONICAL_SURFACE ( 'NONE', #3368, 2.205000000000000071, 1.047197551196600074 ) ;
#2992 = CARTESIAN_POINT ( 'NONE',  ( 2.232237999122127281, 1.211567502944516761, 0.1928062570097059947 ) ) ;
#2993 = LOCAL_TIME ( 18, 19, 49.00000000000000000, #2540 ) ;
#2994 = CARTESIAN_POINT ( 'NONE',  ( -0.5529378364870328744, -0.9577164262227590985, 6.812500000000003553 ) ) ;
#2995 = EDGE_CURVE ( 'NONE', #530, #719, #1652, .T. ) ;
#2996 = CARTESIAN_POINT ( 'NONE',  ( 0.8294067547305490340, 0.4788582131113686691, 7.900000000000003908 ) ) ;
#2997 = CARTESIAN_POINT ( 'NONE',  ( -1.530808498934196747E-16, -1.250000000000009770, -1.875000000000000888 ) ) ;
#2998 = CARTESIAN_POINT ( 'NONE',  ( 0.3262455336877578271, -1.002061757687348509, 9.465148073672224882 ) ) ;
#2999 = ORIENTED_EDGE ( 'NONE', *, *, #795, .T. ) ;
#3000 = DIRECTION ( 'NONE',  ( -0.000000000000000000, 1.157433492142735316E-16, -1.000000000000000000 ) ) ;
#3001 = CARTESIAN_POINT ( 'NONE',  ( -0.7357503364870348062, -1.274356964481448085, 7.445312500000003553 ) ) ;
#3002 = CARTESIAN_POINT ( 'NONE',  ( -1.103625504730554541, 0.6371784822407166038, -2.910937499999998401 ) ) ;
#3003 = CARTESIAN_POINT ( 'NONE',  ( -0.8294067547305579158, -0.4788582131113869877, -1.274999999999998801 ) ) ;
#3004 = CARTESIAN_POINT ( 'NONE',  ( -0.5529378364870322082, 0.9577164262227454428, 7.956250000000002487 ) ) ;
#3005 = ORIENTED_EDGE ( 'NONE', *, *, #8, .T. ) ;
#3006 = EDGE_CURVE ( 'NONE', #2322, #4723, #2168, .T. ) ;
#3007 = DIRECTION ( 'NONE',  ( -0.000000000000000000, 1.157433492142735316E-16, -1.000000000000000000 ) ) ;
#3008 = CARTESIAN_POINT ( 'NONE',  ( -1.105875672974064861, -6.835989651157778155E-15, 10.33750000000000213 ) ) ;
#3009 = ORIENTED_EDGE ( 'NONE', *, *, #2049, .F. ) ;
#3010 = CARTESIAN_POINT ( 'NONE',  ( 3.061616997868395960E-16, 1.249999999999998224, 9.043750000000002842 ) ) ;
#3011 = CARTESIAN_POINT ( 'NONE',  ( -1.471500672974068724, -6.813601576860865123E-15, 6.920312500000004974 ) ) ;
#3012 = CARTESIAN_POINT ( 'NONE',  ( -1.172864355864548802E-16, -0.9577164262227688685, -3.449999999999998845 ) ) ;
#3013 = CARTESIAN_POINT ( 'NONE',  ( 0.7357503364870370266, 1.274356964481438315, -3.895312499999997513 ) ) ;
#3014 = CARTESIAN_POINT ( 'NONE',  ( -1.105875672974064861, -6.835989651157778155E-15, 5.781250000000002665 ) ) ;
#3015 = CARTESIAN_POINT ( 'NONE',  ( -1.443375672974068991, -5.695416780679988979E-15, -2.831249999999995826 ) ) ;
#3016 = CARTESIAN_POINT ( 'NONE',  ( -0.5529378364870323193, 0.9577164262227454428, 8.856250000000002842 ) ) ;
#3017 = CARTESIAN_POINT ( 'NONE',  ( 0.4967532692869259248, 2.311275577609679832, 9.920583650766598538 ) ) ;
#3018 = ORIENTED_EDGE ( 'NONE', *, *, #2236, .T. ) ;
#3019 = CARTESIAN_POINT ( 'NONE',  ( -1.530808498934196747E-16, -1.250000000000009770, -1.425000000000000711 ) ) ;
#3020 = CARTESIAN_POINT ( 'NONE',  ( 1.105875672974065083, -7.106851071790302181E-15, 6.962500000000003908 ) ) ;
#3021 = CARTESIAN_POINT ( 'NONE',  ( 2.345728711729072459E-16, 0.9577164262227455538, 5.725000000000003197 ) ) ;
#3022 = CARTESIAN_POINT ( 'NONE',  ( 0.7216878364870352724, 1.249999999999998002, -0.7312499999999957367 ) ) ;
#3023 = DIRECTION ( 'NONE',  ( 0.000000000000000000, 1.000000000000000000, 0.000000000000000000 ) ) ;
#3024 = ORIENTED_EDGE ( 'NONE', *, *, #2494, .T. ) ;
#3025 = CARTESIAN_POINT ( 'NONE',  ( 1.105875672974077295, -5.990388435170727827E-15, -2.887499999999998845 ) ) ;
#3026 = CARTESIAN_POINT ( 'NONE',  ( -0.7357503364870361384, 1.274356964481438537, -3.398437499999998668 ) ) ;
#3027 = CARTESIAN_POINT ( 'NONE',  ( 0.5529378364870390916, 0.9577164262227571001, -1.462499999999998579 ) ) ;
#3028 = DIRECTION ( 'NONE',  ( -0.000000000000000000, 1.157433492142735316E-16, -1.000000000000000000 ) ) ;
#3029 = CARTESIAN_POINT ( 'NONE',  ( -0.8294067547305488119, -0.4788582131113828244, 7.168750000000002842 ) ) ;
#3030 = ORIENTED_EDGE ( 'NONE', *, *, #2412, .T. ) ;
#3031 = CARTESIAN_POINT ( 'NONE',  ( 0.1063086629649155901, -1.223831823243905381, 5.200000000000000178 ) ) ;
#3032 = CARTESIAN_POINT ( 'NONE',  ( -0.8294067547305487009, 0.4788582131113693907, 8.950000000000002842 ) ) ;
#3033 = ORIENTED_EDGE ( 'NONE', *, *, #2078, .F. ) ;
#3034 = ADVANCED_FACE ( 'NONE', ( #1288 ), #208, .T. ) ;
#3035 = DIRECTION ( 'NONE',  ( -0.000000000000000000, 1.157433492142735316E-16, -1.000000000000000000 ) ) ;
#3036 = CARTESIAN_POINT ( 'NONE',  ( 0.8294067547305490340, 0.4788582131113686136, 6.550000000000003375 ) ) ;
#3037 = ORIENTED_EDGE ( 'NONE', *, *, #4675, .F. ) ;
#3038 = CARTESIAN_POINT ( 'NONE',  ( 0.000000000000000000, 0.9577164262227572111, -2.774999999999999023 ) ) ;
#3039 =( BOUNDED_CURVE ( )  B_SPLINE_CURVE ( 2, ( #3479, #3613, #2405, #1035, #336, #4750, #316 ),
 .UNSPECIFIED., .F., .F. ) 
 B_SPLINE_CURVE_WITH_KNOTS ( ( 3, 2, 2, 3 ),
 ( 0.2307692307692307820, 0.2435897435897435848, 0.2564102564102563875, 0.2692307692307692180 ),
 .UNSPECIFIED. ) 
 CURVE ( )  GEOMETRIC_REPRESENTATION_ITEM ( )  RATIONAL_B_SPLINE_CURVE ( ( 1.000000000000000000, 0.8660254037844387076, 1.000000000000000000, 0.8660254037844387076, 1.000000000000000000, 0.8660254037844387076, 1.000000000000000000 ) ) 
 REPRESENTATION_ITEM ( '' )  );
#3040 = LINE ( 'NONE', #3818, #680 ) ;
#3041 = CARTESIAN_POINT ( 'NONE',  ( -0.06750202539833251303, 2.538847684389566428, 0.1927518840764771979 ) ) ;
#3042 =( BOUNDED_CURVE ( )  B_SPLINE_CURVE ( 2, ( #3173, #1023, #2062, #937, #3528, #573, #1704 ),
 .UNSPECIFIED., .F., .T. ) 
 B_SPLINE_CURVE_WITH_KNOTS ( ( 3, 2, 2, 3 ),
 ( 0.1282051282051281937, 0.1410256410256409687, 0.1538461538461538547, 0.1666666666666666297 ),
 .UNSPECIFIED. ) 
 CURVE ( )  GEOMETRIC_REPRESENTATION_ITEM ( )  RATIONAL_B_SPLINE_CURVE ( ( 1.000000000000000000, 0.8660254037844387076, 1.000000000000000000, 0.8660254037844387076, 1.000000000000000000, 0.8660254037844387076, 1.000000000000000000 ) ) 
 REPRESENTATION_ITEM ( '' )  );
#3043 = CARTESIAN_POINT ( 'NONE',  ( 1.105875672974064861, -7.106851071790302181E-15, 5.556250000000003908 ) ) ;
#3044 = CARTESIAN_POINT ( 'NONE',  ( 3.061616997868395960E-16, 1.249999999999998224, 8.593750000000005329 ) ) ;
#3045 = EDGE_CURVE ( 'NONE', #4612, #2687, #3039, .T. ) ;
#3046 = ORIENTED_EDGE ( 'NONE', *, *, #3688, .F. ) ;
#3047 = CARTESIAN_POINT ( 'NONE',  ( -0.7216878364870357165, -1.250000000000012434, 7.431250000000005684 ) ) ;
#3048 = CARTESIAN_POINT ( 'NONE',  ( 0.8294067547305484789, -0.4788582131113835461, 7.375000000000002665 ) ) ;
#3049 = CARTESIAN_POINT ( 'NONE',  ( -1.082531754730552853, 0.6249999999999957812, 6.025000000000002132 ) ) ;
#3050 = CARTESIAN_POINT ( 'NONE',  ( -1.075925663537230736, 0.1439536730239762419, 9.495925663537230221 ) ) ;
#3051 = CARTESIAN_POINT ( 'NONE',  ( 0.000000000000000000, 1.249999999999998224, -3.393749999999995826 ) ) ;
#3052 = ORIENTED_EDGE ( 'NONE', *, *, #3165, .T. ) ;
#3053 = CARTESIAN_POINT ( 'NONE',  ( -0.5529378364870388696, -0.9577164262227686464, -3.037499999999998757 ) ) ;
#3054 = CARTESIAN_POINT ( 'NONE',  ( 0.8294067547305582488, 0.4788582131113751639, -0.5437499999999981792 ) ) ;
#3055 = CARTESIAN_POINT ( 'NONE',  ( -0.8294067547305578048, 0.4788582131113759410, -0.8999999999999989120 ) ) ;
#3056 = CARTESIAN_POINT ( 'NONE',  ( -0.3639922220851820600, 1.140676077257073207, 9.607513514049614400 ) ) ;
#3057 = B_SPLINE_CURVE_WITH_KNOTS ( 'NONE', 3,
 ( #391, #2274, #3304, #2986, #4448, #3740 ),
 .UNSPECIFIED., .F., .F.,
 ( 4, 2, 4 ),
 ( 8.706374428448808666E-15, 0.0002012759897655098669, 0.0004025519795223133192 ),
 .UNSPECIFIED. ) ;
#3058 = CARTESIAN_POINT ( 'NONE',  ( -0.5529378364870326523, -0.9577164262227589875, 7.206250000000002487 ) ) ;
#3059 = EDGE_LOOP ( 'NONE', ( #448, #4118, #3411, #4183 ) ) ;
#3060 = CARTESIAN_POINT ( 'NONE',  ( 0.000000000000000000, -1.258909218984051749E-16, -3.899999999999999911 ) ) ;
#3061 = CARTESIAN_POINT ( 'NONE',  ( 1.105875672974064861, -7.106851071790302181E-15, 10.11250000000000426 ) ) ;
#3062 = CARTESIAN_POINT ( 'NONE',  ( -0.7803085111243737160, -0.9765339868468595474, 9.670000000000065654 ) ) ;
#3063 = CARTESIAN_POINT ( 'NONE',  ( -0.8294067547305487009, 0.4788582131113693907, 8.500000000000003553 ) ) ;
#3064 = ORIENTED_EDGE ( 'NONE', *, *, #4472, .T. ) ;
#3065 = CARTESIAN_POINT ( 'NONE',  ( 0.5529378364870390916, 0.9577164262227568781, -2.812499999999999556 ) ) ;
#3066 = AXIS2_PLACEMENT_3D ( 'NONE', #4715, #2871, #679 ) ;
#3067 = CARTESIAN_POINT ( 'NONE',  ( -1.156523875835945736, 0.2323016896341716098, 5.200000000000001066 ) ) ;
#3068 = CYLINDRICAL_SURFACE ( 'NONE', #3915, 1.250000000000000222 ) ;
#3069 = CARTESIAN_POINT ( 'NONE',  ( 1.105875672974064861, -7.106851071790302181E-15, 6.006250000000003197 ) ) ;
#3070 = CARTESIAN_POINT ( 'NONE',  ( -0.7216878364870339402, 1.249999999999999778, -2.962500000000000799 ) ) ;
#3071 = ORIENTED_EDGE ( 'NONE', *, *, #845, .T. ) ;
#3072 = CARTESIAN_POINT ( 'NONE',  ( 1.443375672974068991, -5.955945243944706200E-15, -1.312500000000000666 ) ) ;
#3073 = CONICAL_SURFACE ( 'NONE', #2467, 1.249999999999999334, 1.047197551196601628 ) ;
#3074 =( BOUNDED_CURVE ( )  B_SPLINE_CURVE ( 2, ( #1181, #76, #4126, #3761, #4549, #800, #515 ),
 .UNSPECIFIED., .F., .T. ) 
 B_SPLINE_CURVE_WITH_KNOTS ( ( 3, 2, 2, 3 ),
 ( 0.7820512820512820484, 0.7948717948717948234, 0.8076923076923077094, 0.8205128205128204844 ),
 .UNSPECIFIED. ) 
 CURVE ( )  GEOMETRIC_REPRESENTATION_ITEM ( )  RATIONAL_B_SPLINE_CURVE ( ( 1.000000000000000000, 0.8660254037844387076, 1.000000000000000000, 0.8660254037844387076, 1.000000000000000000, 0.8660254037844387076, 1.000000000000000000 ) ) 
 REPRESENTATION_ITEM ( '' )  );
#3075 = ADVANCED_FACE ( 'NONE', ( #3866 ), #4268, .F. ) ;
#3076 = CARTESIAN_POINT ( 'NONE',  ( 0.5529378364870322082, -0.9577164262227596536, 5.987500000000002487 ) ) ;
#3077 = ADVANCED_FACE ( 'NONE', ( #2513 ), #910, .F. ) ;
#3078 = CARTESIAN_POINT ( 'NONE',  ( -0.5529378364870324303, 0.9577164262227455538, 6.212500000000003908 ) ) ;
#3079 = B_SPLINE_CURVE_WITH_KNOTS ( 'NONE', 3,
 ( #4719, #3211, #3192, #2831, #4695, #4293 ),
 .UNSPECIFIED., .F., .F.,
 ( 4, 2, 4 ),
 ( 0.009325893074887250944, 0.009868466786656758180, 0.01041104049842626542 ),
 .UNSPECIFIED. ) ;
#3080 = AXIS2_PLACEMENT_3D ( 'NONE', #201, #4597, #2445 ) ;
#3081 = CARTESIAN_POINT ( 'NONE',  ( 0.000000000000000000, -1.258909218984051749E-16, -3.899999999999999911 ) ) ;
#3082 = VERTEX_POINT ( 'NONE', #4732 ) ;
#3083 = CARTESIAN_POINT ( 'NONE',  ( -0.5529378364870384255, 0.9577164262227572111, -3.187499999999998668 ) ) ;
#3084 = CARTESIAN_POINT ( 'NONE',  ( 1.103625504730555207, 0.6371784822407157156, -0.3609374999999993006 ) ) ;
#3085 = CARTESIAN_POINT ( 'NONE',  ( 0.5529378364870390916, 0.9577164262227571001, -0.5624999999999987788 ) ) ;
#3086 = CARTESIAN_POINT ( 'NONE',  ( -2.058749999999998970, -1.409456344659176130, -6.873863542433756635 ) ) ;
#3087 = CARTESIAN_POINT ( 'NONE',  ( -0.5529378364870326523, -0.9577164262227589875, 6.306250000000003020 ) ) ;
#3088 = CARTESIAN_POINT ( 'NONE',  ( -1.082531754730551965, -0.6250000000000076605, -3.300000000000000711 ) ) ;
#3089 = CARTESIAN_POINT ( 'NONE',  ( 0.5529378364870329854, 0.9577164262227449987, 10.18750000000000355 ) ) ;
#3090 = CARTESIAN_POINT ( 'NONE',  ( 2.345728711729071966E-16, 0.9577164262227454428, 7.525000000000003908 ) ) ;
#3091 = EDGE_CURVE ( 'NONE', #2160, #3369, #4369, .T. ) ;
#3092 = ORIENTED_EDGE ( 'NONE', *, *, #1826, .T. ) ;
#3093 = CARTESIAN_POINT ( 'NONE',  ( -0.5529378364870388696, -0.9577164262227686464, -3.037499999999998757 ) ) ;
#3094 = CARTESIAN_POINT ( 'NONE',  ( 0.7045139085838461046, 0.6951789681322978476, 5.200000000000002842 ) ) ;
#3095 = DIRECTION ( 'NONE',  ( 1.000000000000000000, 0.000000000000000000, 0.000000000000000000 ) ) ;
#3096 = CARTESIAN_POINT ( 'NONE',  ( -1.530808498934196747E-16, -1.250000000000009770, -2.268749999999995381 ) ) ;
#3097 = CARTESIAN_POINT ( 'NONE',  ( 0.8065861484873897425, 2.132393481399494917, 9.973803626818030565 ) ) ;
#3098 = CARTESIAN_POINT ( 'NONE',  ( -0.2497856922875334451, -0.9577164262227687574, -3.899999999999997247 ) ) ;
#3099 = CARTESIAN_POINT ( 'NONE',  ( -0.7216878364870357165, -1.250000000000012434, 5.631250000000004974 ) ) ;
#3100 = CARTESIAN_POINT ( 'NONE',  ( 0.5529378364870322082, -0.9577164262227596536, 7.337500000000003908 ) ) ;
#3101 = CARTESIAN_POINT ( 'NONE',  ( 2.345728711729072459E-16, 0.9577164262227455538, 6.175000000000003375 ) ) ;
#3102 = CARTESIAN_POINT ( 'NONE',  ( 1.091013332012731096, -0.2687062453399420292, 9.511013332008865007 ) ) ;
#3103 = ORIENTED_EDGE ( 'NONE', *, *, #4624, .T. ) ;
#3104 = CARTESIAN_POINT ( 'NONE',  ( -1.105875672974077295, -5.733304291028609455E-15, -3.112499999999998934 ) ) ;
#3105 = EDGE_CURVE ( 'NONE', #3977, #2452, #2491, .T. ) ;
#3106 = CARTESIAN_POINT ( 'NONE',  ( 0.000000000000000000, 1.274356964481438759, -1.635937499999998934 ) ) ;
#3107 = B_SPLINE_CURVE_WITH_KNOTS ( 'NONE', 3,
 ( #1290, #210, #3144, #3235, #1041, #3980 ),
 .UNSPECIFIED., .F., .F.,
 ( 4, 2, 4 ),
 ( 0.01435013208621006842, 0.01488326648001799327, 0.01541640087382591985 ),
 .UNSPECIFIED. ) ;
#3108 = CARTESIAN_POINT ( 'NONE',  ( -1.443375672974070101, -6.815323736422166126E-15, 8.762499999999999289 ) ) ;
#3109 = CARTESIAN_POINT ( 'NONE',  ( -1.239390704687025169, 0.1533241317661085679, 9.659390704685009155 ) ) ;
#3110 = EDGE_CURVE ( 'NONE', #589, #484, #2484, .T. ) ;
#3111 = CARTESIAN_POINT ( 'NONE',  ( -1.105875672974064861, -6.835989651157778155E-15, 6.681250000000003020 ) ) ;
#3112 = CARTESIAN_POINT ( 'NONE',  ( 0.000000000000000000, 1.249999999999998224, -3.450000000000000622 ) ) ;
#3113 = CARTESIAN_POINT ( 'NONE',  ( -0.8294067547305488119, -0.4788582131113828244, 10.37500000000000355 ) ) ;
#3114 = CARTESIAN_POINT ( 'NONE',  ( -0.8294067547305488119, -0.4788582131113828244, 7.225000000000004086 ) ) ;
#3115 = VERTEX_POINT ( 'NONE', #570 ) ;
#3116 = CARTESIAN_POINT ( 'NONE',  ( 3.061616997868395960E-16, 1.249999999999998224, 8.143750000000004263 ) ) ;
#3117 = CARTESIAN_POINT ( 'NONE',  ( -1.530808498934197980E-16, -1.250000000000012434, 6.118750000000005684 ) ) ;
#3118 = DIRECTION ( 'NONE',  ( -0.000000000000000000, 1.157433492142735316E-16, -1.000000000000000000 ) ) ;
#3119 = CARTESIAN_POINT ( 'NONE',  ( 0.5529378364870329854, 0.9577164262227449987, 5.631250000000002309 ) ) ;
#3120 = DIRECTION ( 'NONE',  ( -0.7071067811865487940, 8.659560562354948882E-17, 0.7071067811865463515 ) ) ;
#3121 = ORIENTED_EDGE ( 'NONE', *, *, #4666, .F. ) ;
#3122 = CARTESIAN_POINT ( 'NONE',  ( 1.530808498934189598E-16, -1.249999999999998668, -3.899999999999999911 ) ) ;
#3123 = CARTESIAN_POINT ( 'NONE',  ( 1.443375672974070101, -7.168848815997138269E-15, 7.637500000000001066 ) ) ;
#3124 = CARTESIAN_POINT ( 'NONE',  ( 0.5529378364870322082, -0.9577164262227597646, 5.987500000000002487 ) ) ;
#3125 = CARTESIAN_POINT ( 'NONE',  ( 1.103625504730552320, 0.6371784822407128290, 6.760937500000002487 ) ) ;
#3126 = VERTEX_POINT ( 'NONE', #4414 ) ;
#3127 = CARTESIAN_POINT ( 'NONE',  ( 0.5529378364870383145, -0.9577164262227688685, -2.962499999999998579 ) ) ;
#3128 = CARTESIAN_POINT ( 'NONE',  ( 0.7357503364870359164, -1.274356964481450305, -1.373437499999998757 ) ) ;
#3129 = CARTESIAN_POINT ( 'NONE',  ( -0.9687711178739742968, -2.038755945665644997, 0.02587396801048752470 ) ) ;
#3130 = LINE ( 'NONE', #3086, #4621 ) ;
#3131 = CARTESIAN_POINT ( 'NONE',  ( 0.5529378364870320972, -0.9577164262227595426, 5.031250000000002665 ) ) ;
#3132 = EDGE_CURVE ( 'NONE', #4623, #644, #49, .T. ) ;
#3133 = CARTESIAN_POINT ( 'NONE',  ( 1.530808498934189598E-16, -1.249999999999998668, -3.899999999999999911 ) ) ;
#3134 = EDGE_CURVE ( 'NONE', #491, #952, #3837, .T. ) ;
#3135 = CARTESIAN_POINT ( 'NONE',  ( 1.103625504730554319, -0.6371784822407287052, -3.557812499999997602 ) ) ;
#3136 = CARTESIAN_POINT ( 'NONE',  ( -0.8294067547305488119, -0.4788582131113828244, 6.775000000000003020 ) ) ;
#3137 = VERTEX_POINT ( 'NONE', #20 ) ;
#3138 = CARTESIAN_POINT ( 'NONE',  ( -0.8294067547305579158, -0.4788582131113869322, -0.8249999999999989564 ) ) ;
#3139 = LINE ( 'NONE', #2401, #1994 ) ;
#3140 = DIRECTION ( 'NONE',  ( 0.000000000000000000, 0.000000000000000000, 1.000000000000000000 ) ) ;
#3141 = DIRECTION ( 'NONE',  ( 0.000000000000000000, 1.000000000000000000, 0.000000000000000000 ) ) ;
#3142 = DIRECTION ( 'NONE',  ( -0.000000000000000000, 1.157433492142735316E-16, -1.000000000000000000 ) ) ;
#3143 = ORIENTED_EDGE ( 'NONE', *, *, #167, .T. ) ;
#3144 = CARTESIAN_POINT ( 'NONE',  ( 2.249999999999998668, 0.3656204352259531110, 0.03913476494147320739 ) ) ;
#3145 = AXIS2_PLACEMENT_3D ( 'NONE', #957, #4217, #2535 ) ;
#3146 = AXIS2_PLACEMENT_3D ( 'NONE', #1824, #341, #2870 ) ;
#3147 = CARTESIAN_POINT ( 'NONE',  ( -0.8294067547305487009, 0.4788582131113694462, 5.350000000000003197 ) ) ;
#3148 = CARTESIAN_POINT ( 'NONE',  ( -0.8294067547305487009, 0.4788582131113693907, 10.24375000000000213 ) ) ;
#3149 = CARTESIAN_POINT ( 'NONE',  ( 0.000000000000000000, 1.249999999999998224, -3.899999999999999911 ) ) ;
#3150 = CARTESIAN_POINT ( 'NONE',  ( 1.103625504730551432, -0.6371784822407281501, 7.585937500000002665 ) ) ;
#3151 = EDGE_LOOP ( 'NONE', ( #4024, #4188, #2677, #4360 ) ) ;
#3152 = VECTOR ( 'NONE', #4232, 1000.000000000000114 ) ;
#3153 = CARTESIAN_POINT ( 'NONE',  ( 0.8294067547305575827, -0.4788582131113877094, -2.868749999999998135 ) ) ;
#3154 = ADVANCED_FACE ( 'NONE', ( #2559 ), #357, .T. ) ;
#3155 = CARTESIAN_POINT ( 'NONE',  ( 1.103625504730552320, 0.6371784822407128290, 9.010937500000000711 ) ) ;
#3156 = VECTOR ( 'NONE', #2756, 1000.000000000000000 ) ;
#3157 = CARTESIAN_POINT ( 'NONE',  ( 1.103625504730554319, -0.6371784822407285942, -1.785937499999998845 ) ) ;
#3158 = CARTESIAN_POINT ( 'NONE',  ( -0.7216878364870344953, 1.249999999999998668, -1.612500000000001155 ) ) ;
#3159 = DIRECTION ( 'NONE',  ( -0.000000000000000000, 1.157433492142735316E-16, -1.000000000000000000 ) ) ;
#3160 = AXIS2_PLACEMENT_3D ( 'NONE', #2952, #796, #1843 ) ;
#3161 = DIRECTION ( 'NONE',  ( -1.000000000000000000, 0.000000000000000000, 0.000000000000000000 ) ) ;
#3162 = DIRECTION ( 'NONE',  ( 1.000000000000000000, 0.000000000000000000, 0.000000000000000000 ) ) ;
#3163 = CARTESIAN_POINT ( 'NONE',  ( 0.000000000000000000, 1.274356964481438759, -2.957812499999997957 ) ) ;
#3164 = CARTESIAN_POINT ( 'NONE',  ( -0.8294067547305487009, 0.4788582131113693907, 9.793750000000002842 ) ) ;
#3165 = EDGE_CURVE ( 'NONE', #4742, #2834, #2585, .T. ) ;
#3166 = ORIENTED_EDGE ( 'NONE', *, *, #4002, .F. ) ;
#3167 = CARTESIAN_POINT ( 'NONE',  ( -0.5529378364870384255, 0.9577164262227573222, -0.9374999999999986677 ) ) ;
#3168 = CARTESIAN_POINT ( 'NONE',  ( 0.8294067547305575827, -0.4788582131113877094, -2.868749999999998135 ) ) ;
#3169 = CYLINDRICAL_SURFACE ( 'NONE', #3926, 1.250000000000000222 ) ;
#3170 = EDGE_LOOP ( 'NONE', ( #1234, #3836, #4471, #1322 ) ) ;
#3171 = EDGE_CURVE ( 'NONE', #2160, #856, #2376, .T. ) ;
#3172 = CARTESIAN_POINT ( 'NONE',  ( 0.000000000000000000, 1.249999999999998224, -2.493749999999995914 ) ) ;
#3173 = CARTESIAN_POINT ( 'NONE',  ( 3.061616997868395960E-16, 1.249999999999998224, 5.500000000000000888 ) ) ;
#3174 = CARTESIAN_POINT ( 'NONE',  ( -1.105875672974064861, -6.835989651157778155E-15, 9.831250000000002487 ) ) ;
#3175 = CARTESIAN_POINT ( 'NONE',  ( -0.5529378364870384255, 0.9577164262227571001, -2.681249999999997691 ) ) ;
#3176 = CARTESIAN_POINT ( 'NONE',  ( -0.7357503364870348062, -1.274356964481448085, 8.373437500000003197 ) ) ;
#3177 = EDGE_LOOP ( 'NONE', ( #3733, #3052, #911, #3071 ) ) ;
#3178 = CARTESIAN_POINT ( 'NONE',  ( -1.105875672974077295, -5.567976973143716374E-15, -0.4124999999999988121 ) ) ;
#3179 = CARTESIAN_POINT ( 'NONE',  ( 3.121274355046668358E-16, 1.274356964481434318, 9.985937500000002132 ) ) ;
#3180 = CARTESIAN_POINT ( 'NONE',  ( 1.103625504730555207, 0.6371784822407156046, -1.710937499999998890 ) ) ;
#3181 = CARTESIAN_POINT ( 'NONE',  ( -1.082531754730553075, -0.6250000000000092149, 8.800000000000002487 ) ) ;
#3182 = CARTESIAN_POINT ( 'NONE',  ( -1.090666503649019958, -0.6292945521725051838, -0.6191211448554294616 ) ) ;
#3183 = CARTESIAN_POINT ( 'NONE',  ( -1.560637177523334179E-16, -1.274356964481448085, 10.63281250000000355 ) ) ;
#3184 = CARTESIAN_POINT ( 'NONE',  ( -2.249999999999998668, -1.078201627712044974, 9.832569145069191663 ) ) ;
#3185 = CARTESIAN_POINT ( 'NONE',  ( 0.000000000000000000, 1.274356964481438759, -2.057812499999997602 ) ) ;
#3186 = CARTESIAN_POINT ( 'NONE',  ( -0.5529378364870322082, 0.9577164262227454428, 5.312500000000004441 ) ) ;
#3187 = ORIENTED_EDGE ( 'NONE', *, *, #2402, .T. ) ;
#3188 = CARTESIAN_POINT ( 'NONE',  ( -0.8294067547305578048, 0.4788582131113758300, -2.643749999999997602 ) ) ;
#3189 = ORIENTED_EDGE ( 'NONE', *, *, #1697, .T. ) ;
#3190 = FACE_OUTER_BOUND ( 'NONE', #815, .T. ) ;
#3191 = CARTESIAN_POINT ( 'NONE',  ( 3.061616997868395960E-16, 1.249999999999998224, 9.043750000000002842 ) ) ;
#3192 = CARTESIAN_POINT ( 'NONE',  ( -2.249999999999999112, 0.7258204331036747226, 0.08815307212349016153 ) ) ;
#3193 = ADVANCED_FACE ( 'NONE', ( #2631 ), #2240, .F. ) ;
#3194 = CARTESIAN_POINT ( 'NONE',  ( -0.9439959206375111433, -0.2724182868348511422, 9.393301370839710174 ) ) ;
#3195 = CARTESIAN_POINT ( 'NONE',  ( -0.7357503364870342510, 1.274356964481434540, 8.223437500000001066 ) ) ;
#3196 = ORIENTED_EDGE ( 'NONE', *, *, #990, .T. ) ;
#3197 = CARTESIAN_POINT ( 'NONE',  ( -1.105875672974077295, -5.784969077867637951E-15, -3.956249999999998046 ) ) ;
#3198 = CARTESIAN_POINT ( 'NONE',  ( -1.471500672974068724, -6.813601576860865123E-15, 9.648437500000000000 ) ) ;
#3199 = LINE ( 'NONE', #1813, #1450 ) ;
#3200 = CARTESIAN_POINT ( 'NONE',  ( -1.530808498934197980E-16, -1.250000000000012434, 8.875000000000001776 ) ) ;
#3201 = DIRECTION ( 'NONE',  ( -0.000000000000000000, 1.157433492142735316E-16, -1.000000000000000000 ) ) ;
#3202 = CARTESIAN_POINT ( 'NONE',  ( 0.5529378364870322082, -0.9577164262227597646, 7.337500000000003908 ) ) ;
#3203 = CARTESIAN_POINT ( 'NONE',  ( 1.103625504730555207, 0.6371784822407156046, -2.132812499999997335 ) ) ;
#3204 = CARTESIAN_POINT ( 'NONE',  ( 0.8294067547305484789, -0.4788582131113834905, 10.46875000000000178 ) ) ;
#3205 = EDGE_LOOP ( 'NONE', ( #2954, #578, #192, #2736 ) ) ;
#3206 = CARTESIAN_POINT ( 'NONE',  ( 1.105875672974077073, -5.880170223247465247E-15, -1.087499999999998579 ) ) ;
#3207 = CARTESIAN_POINT ( 'NONE',  ( 1.443375672974068991, -6.007610030783734696E-15, -2.156249999999996003 ) ) ;
#3208 = CARTESIAN_POINT ( 'NONE',  ( 3.061616997868395960E-16, 1.249999999999998224, 7.243750000000005684 ) ) ;
#3209 = CARTESIAN_POINT ( 'NONE',  ( 1.082531754730552631, 0.6249999999999954481, -2.568749999999995648 ) ) ;
#3210 = CARTESIAN_POINT ( 'NONE',  ( 0.7216878364870352724, 1.249999999999997780, -2.981249999999995737 ) ) ;
#3211 = CARTESIAN_POINT ( 'NONE',  ( -2.249999999999999112, 0.9030598019183488923, 0.1237331229514417319 ) ) ;
#3212 = CARTESIAN_POINT ( 'NONE',  ( 0.8294067547305575827, -0.4788582131113876539, -2.418749999999997957 ) ) ;
#3213 = CARTESIAN_POINT ( 'NONE',  ( -1.103625504730551876, -0.6371784822407272619, 6.985937500000002132 ) ) ;
#3214 = ORIENTED_EDGE ( 'NONE', *, *, #580, .T. ) ;
#3215 = CARTESIAN_POINT ( 'NONE',  ( 0.8294067547305582488, 0.4788582131113751639, -0.5999999999999989786 ) ) ;
#3216 = EDGE_CURVE ( 'NONE', #3520, #1918, #225, .T. ) ;
#3217 = CARTESIAN_POINT ( 'NONE',  ( 1.103625504730551432, -0.6371784822407281501, 9.835937500000001776 ) ) ;
#3218 = CARTESIAN_POINT ( 'NONE',  ( 2.249999999999998668, -1.078201627711679267, 0.1674308549307157168 ) ) ;
#3219 = AXIS2_PLACEMENT_3D ( 'NONE', #2141, #4282, #3161 ) ;
#3220 = CARTESIAN_POINT ( 'NONE',  ( 0.3583698660646061906, -0.9400863379466330993, -3.899999999999998579 ) ) ;
#3221 = CARTESIAN_POINT ( 'NONE',  ( 0.4648101538280702272, 1.050915785321672624, -3.800470270981986864 ) ) ;
#3222 = AXIS2_PLACEMENT_3D ( 'NONE', #3318, #2127, #1085 ) ;
#3223 =( BOUNDED_CURVE ( )  B_SPLINE_CURVE ( 2, ( #346, #4402, #393, #2177, #4450, #1138, #4739 ),
 .UNSPECIFIED., .F., .F. ) 
 B_SPLINE_CURVE_WITH_KNOTS ( ( 3, 2, 2, 3 ),
 ( 0.3974358974358974672, 0.4102564102564102422, 0.4230769230769230171, 0.4358974358974359031 ),
 .UNSPECIFIED. ) 
 CURVE ( )  GEOMETRIC_REPRESENTATION_ITEM ( )  RATIONAL_B_SPLINE_CURVE ( ( 1.000000000000000000, 0.8660254037844387076, 1.000000000000000000, 0.8660254037844387076, 1.000000000000000000, 0.8660254037844387076, 1.000000000000000000 ) ) 
 REPRESENTATION_ITEM ( '' )  );
#3224 = CARTESIAN_POINT ( 'NONE',  ( 1.443375672974068991, -6.093718008848783242E-15, -3.562500000000000444 ) ) ;
#3225 =( BOUNDED_CURVE ( )  B_SPLINE_CURVE ( 2, ( #3062, #2958, #4051, #1133, #776, #1238, #880 ),
 .UNSPECIFIED., .F., .T. ) 
 B_SPLINE_CURVE_WITH_KNOTS ( ( 3, 2, 2, 3 ),
 ( 0.2005224117643533976, 0.2051282051282051211, 0.2179487179487179516, 0.2307692307692307820 ),
 .UNSPECIFIED. ) 
 CURVE ( )  GEOMETRIC_REPRESENTATION_ITEM ( )  RATIONAL_B_SPLINE_CURVE ( ( 0.9383207841330276633, 0.9518693741184008905, 1.000000000000000000, 0.8660254037844387076, 1.000000000000000000, 0.8660254037844387076, 1.000000000000000000 ) ) 
 REPRESENTATION_ITEM ( '' )  );
#3226 = CARTESIAN_POINT ( 'NONE',  ( -0.7357503364870368046, -1.274356964481450083, -2.770312499999997957 ) ) ;
#3227 = B_SPLINE_CURVE_WITH_KNOTS ( 'NONE', 3,
 ( #1663, #4641, #2178, #3879, #2752, #218, #1299, #3855 ),
 .UNSPECIFIED., .F., .F.,
 ( 4, 2, 2, 4 ),
 ( 0.0002272936175608549327, 0.001312383105340144025, 0.001854927849229789059, 0.002397472593119434094 ),
 .UNSPECIFIED. ) ;
#3228 = AXIS2_PLACEMENT_3D ( 'NONE', #4364, #3159, #1774 ) ;
#3229 = CARTESIAN_POINT ( 'NONE',  ( 0.000000000000000000, 0.9577164262227575442, -3.899999999999999911 ) ) ;
#3230 = CARTESIAN_POINT ( 'NONE',  ( 0.8294067547305484789, -0.4788582131113834905, 6.025000000000003020 ) ) ;
#3231 = ORIENTED_EDGE ( 'NONE', *, *, #4325, .F. ) ;
#3232 = CARTESIAN_POINT ( 'NONE',  ( 0.000000000000000000, 1.249999999999998224, -1.143749999999995826 ) ) ;
#3233 = APPROVAL_STATUS ( 'not_yet_approved' ) ;
#3234 = CARTESIAN_POINT ( 'NONE',  ( -1.082531754730553075, -0.6250000000000092149, 5.200000000000001066 ) ) ;
#3235 = CARTESIAN_POINT ( 'NONE',  ( 2.249999999999998668, 0.7258204331036741674, 0.08815307212348996724 ) ) ;
#3236 = DIRECTION ( 'NONE',  ( 0.8660254037844397068, -1.060575238724908147E-16, 0.4999999999999979461 ) ) ;
#3237 = CARTESIAN_POINT ( 'NONE',  ( 1.105875672974064861, -7.106851071790302181E-15, 9.606250000000001066 ) ) ;
#3238 = CARTESIAN_POINT ( 'NONE',  ( 0.5529378364870382034, -0.9577164262227690905, -3.806249999999997691 ) ) ;
#3239 = CARTESIAN_POINT ( 'NONE',  ( 1.103625504730552320, 0.6371784822407128290, 4.960937500000001776 ) ) ;
#3240 = ORIENTED_EDGE ( 'NONE', *, *, #2705, .T. ) ;
#3241 = CARTESIAN_POINT ( 'NONE',  ( -0.8294067547305578048, 0.4788582131113759410, -0.8999999999999989120 ) ) ;
#3242 = CARTESIAN_POINT ( 'NONE',  ( 0.5529378364870320972, -0.9577164262227595426, 5.481250000000001954 ) ) ;
#3243 = EDGE_CURVE ( 'NONE', #1083, #565, #1106, .T. ) ;
#3244 = CARTESIAN_POINT ( 'NONE',  ( 2.249999999999998668, -0.3634224084074493821, 9.974019237886492917 ) ) ;
#3245 = ADVANCED_FACE ( 'NONE', ( #45 ), #2580, .T. ) ;
#3246 = CARTESIAN_POINT ( 'NONE',  ( -0.3140475691895678878, -1.137068251346572190, -0.5901500209371264294 ) ) ;
#3247 = FACE_OUTER_BOUND ( 'NONE', #3508, .T. ) ;
#3248 = CARTESIAN_POINT ( 'NONE',  ( 0.5529378364870330964, 0.9577164262227451097, 9.287500000000004974 ) ) ;
#3249 = CARTESIAN_POINT ( 'NONE',  ( -0.8294067547305578048, 0.4788582131113757745, -3.599999999999998757 ) ) ;
#3250 = EDGE_CURVE ( 'NONE', #3520, #1071, #2818, .T. ) ;
#3251 = DIRECTION ( 'NONE',  ( -0.000000000000000000, 1.157433492142735316E-16, -1.000000000000000000 ) ) ;
#3252 = CARTESIAN_POINT ( 'NONE',  ( 0.5529378364870320972, -0.9577164262227595426, 5.087500000000003908 ) ) ;
#3253 = VERTEX_POINT ( 'NONE', #1128 ) ;
#3254 = DIRECTION ( 'NONE',  ( -0.000000000000000000, 1.157433492142735316E-16, -1.000000000000000000 ) ) ;
#3255 = DIRECTION ( 'NONE',  ( 0.000000000000000000, 1.000000000000000000, 0.000000000000000000 ) ) ;
#3256 = B_SPLINE_CURVE_WITH_KNOTS ( 'NONE', 3,
 ( #4726, #3244, #352, #1030 ),
 .UNSPECIFIED., .F., .F.,
 ( 4, 4 ),
 ( 0.01063070632661129722, 0.01171703024162707059 ),
 .UNSPECIFIED. ) ;
#3257 = CARTESIAN_POINT ( 'NONE',  ( 0.000000000000000000, 1.249999999999998224, -1.593749999999995781 ) ) ;
#3258 = CARTESIAN_POINT ( 'NONE',  ( 0.5529378364870320972, -0.9577164262227595426, 6.831250000000001599 ) ) ;
#3259 = CARTESIAN_POINT ( 'NONE',  ( 0.5529378364870390916, 0.9577164262227569891, -0.5062499999999979794 ) ) ;
#3260 = CARTESIAN_POINT ( 'NONE',  ( -0.7216878364870350504, 1.249999999999998446, 8.687500000000000000 ) ) ;
#3261 = CARTESIAN_POINT ( 'NONE',  ( -1.560637177523334179E-16, -1.274356964481448085, 4.810937500000001421 ) ) ;
#3262 = ORIENTED_EDGE ( 'NONE', *, *, #2464, .F. ) ;
#3263 = CARTESIAN_POINT ( 'NONE',  ( -1.172864355864548802E-16, -0.9577164262227686464, -1.143749999999998046 ) ) ;
#3264 = CARTESIAN_POINT ( 'NONE',  ( -0.8294067547305487009, 0.4788582131113694462, 9.400000000000003908 ) ) ;
#3265 = CARTESIAN_POINT ( 'NONE',  ( -1.103625504730554763, -0.6371784822407275950, -0.1359374999999989064 ) ) ;
#3266 = LINE ( 'NONE', #3334, #1061 ) ;
#3267 = CARTESIAN_POINT ( 'NONE',  ( 1.103625504730551432, -0.6371784822407281501, 8.007812500000005329 ) ) ;
#3268 = CARTESIAN_POINT ( 'NONE',  ( -1.172864355864548802E-16, -0.9577164262227688685, -3.393749999999998046 ) ) ;
#3269 = CARTESIAN_POINT ( 'NONE',  ( 0.5529378364870383145, -0.9577164262227689795, -3.412499999999998757 ) ) ;
#3270 = DIRECTION ( 'NONE',  ( 0.000000000000000000, 1.000000000000000000, 0.000000000000000000 ) ) ;
#3271 = CARTESIAN_POINT ( 'NONE',  ( 0.8294067547305490340, 0.4788582131113686136, 7.393750000000002487 ) ) ;
#3272 = ORIENTED_EDGE ( 'NONE', *, *, #635, .T. ) ;
#3273 = EDGE_CURVE ( 'NONE', #4742, #3384, #4775, .T. ) ;
#3274 = FACE_OUTER_BOUND ( 'NONE', #3891, .T. ) ;
#3275 = APPROVAL_ROLE ( '' ) ;
#3276 = CARTESIAN_POINT ( 'NONE',  ( -2.115908655028059471, -1.376455779792209677, 9.816101921067430069 ) ) ;
#3277 = DIRECTION ( 'NONE',  ( -1.224646799147353454E-16, 1.000000000000000000, 0.000000000000000000 ) ) ;
#3278 = CARTESIAN_POINT ( 'NONE',  ( 0.000000000000000000, -1.258909218984052242E-16, -3.899999999999999467 ) ) ;
#3279 = CARTESIAN_POINT ( 'NONE',  ( -1.105875672974064861, -6.835989651157778155E-15, 6.231250000000001954 ) ) ;
#3280 = CARTESIAN_POINT ( 'NONE',  ( 0.000000000000000000, 0.9577164262227573222, -0.9187499999999981792 ) ) ;
#3281 = CARTESIAN_POINT ( 'NONE',  ( -0.5529378364870327633, -0.9577164262227590985, 9.006250000000001421 ) ) ;
#3282 = CARTESIAN_POINT ( 'NONE',  ( -0.7357503364870348062, -1.274356964481448085, 4.773437500000002665 ) ) ;
#3283 = ORIENTED_EDGE ( 'NONE', *, *, #1156, .F. ) ;
#3284 = CARTESIAN_POINT ( 'NONE',  ( 0.8294067547305575827, -0.4788582131113876539, -1.968749999999997780 ) ) ;
#3285 = CARTESIAN_POINT ( 'NONE',  ( 0.8294067547305490340, 0.4788582131113686691, 9.250000000000003553 ) ) ;
#3286 = CARTESIAN_POINT ( 'NONE',  ( 2.058749999999989200, -1.409456344659179905, 0.1674308549307001182 ) ) ;
#3287 = CARTESIAN_POINT ( 'NONE',  ( -2.232237999122127725, 1.211567502944515429, 9.807193742990291341 ) ) ;
#3288 = EDGE_CURVE ( 'NONE', #801, #3115, #4468, .T. ) ;
#3289 = CARTESIAN_POINT ( 'NONE',  ( -1.560637177523334179E-16, -1.274356964481448085, 8.832812500000004619 ) ) ;
#3290 = AXIS2_PLACEMENT_3D ( 'NONE', #4512, #3805, #1198 ) ;
#3291 = CARTESIAN_POINT ( 'NONE',  ( 0.5529378364870383145, -0.9577164262227688685, -2.006249999999998312 ) ) ;
#3292 = CARTESIAN_POINT ( 'NONE',  ( 0.000000000000000000, 1.274356964481438759, -0.7078124999999975131 ) ) ;
#3293 = CARTESIAN_POINT ( 'NONE',  ( -0.01102214318161733216, 0.9576529984376250804, -0.4679999995591233586 ) ) ;
#3294 = AXIS2_PLACEMENT_3D ( 'NONE', #4053, #2174, #3277 ) ;
#3295 = CARTESIAN_POINT ( 'NONE',  ( 0.8294067547305484789, -0.4788582131113834905, 7.768750000000003375 ) ) ;
#3296 = VERTEX_POINT ( 'NONE', #2709 ) ;
#3297 = CARTESIAN_POINT ( 'NONE',  ( -0.7216878364870343843, 1.249999999999998668, -2.006249999999996092 ) ) ;
#3298 = CONICAL_SURFACE ( 'NONE', #1835, 1.580000000000000071, 0.7853981633974500554 ) ;
#3299 = PERSON_AND_ORGANIZATION ( #4253, #1386 ) ;
#3300 = EDGE_CURVE ( 'NONE', #4073, #1681, #4384, .T. ) ;
#3301 = CARTESIAN_POINT ( 'NONE',  ( 0.8103714275345684781, 2.130208049522648306, 0.03892223732339532283 ) ) ;
#3302 = CARTESIAN_POINT ( 'NONE',  ( 0.7357503364870351392, 1.274356964481433874, 5.420312500000004974 ) ) ;
#3303 = CARTESIAN_POINT ( 'NONE',  ( -1.284034931798869072, 0.2759862594311238149, 9.645940824434131144 ) ) ;
#3304 = CARTESIAN_POINT ( 'NONE',  ( 0.06750202539833008442, -2.538847684389570869, 0.1927518840764743946 ) ) ;
#3305 = CARTESIAN_POINT ( 'NONE',  ( -1.105875672974064861, -6.835989651157778155E-15, 7.131250000000002309 ) ) ;
#3306 = CARTESIAN_POINT ( 'NONE',  ( 0.5529378364870382034, -0.9577164262227688685, -1.106249999999997957 ) ) ;
#3307 = CARTESIAN_POINT ( 'NONE',  ( 2.345728711729071966E-16, 0.9577164262227454428, 8.368750000000002132 ) ) ;
#3308 = CARTESIAN_POINT ( 'NONE',  ( -1.039449341753389655, -0.7189182238904202604, -3.683764888199283494 ) ) ;
#3309 = ORIENTED_EDGE ( 'NONE', *, *, #1399, .T. ) ;
#3310 = CARTESIAN_POINT ( 'NONE',  ( 0.5529378364870383145, -0.9577164262227688685, -1.556249999999997913 ) ) ;
#3311 = CARTESIAN_POINT ( 'NONE',  ( 0.8294067547305484789, -0.4788582131113835461, 8.725000000000003197 ) ) ;
#3312 = DIRECTION ( 'NONE',  ( 0.000000000000000000, 1.000000000000000000, 0.000000000000000000 ) ) ;
#3313 = CARTESIAN_POINT ( 'NONE',  ( 0.7357503364870339180, -1.274356964481448307, 9.770312500000002842 ) ) ;
#3314 = CARTESIAN_POINT ( 'NONE',  ( -1.105875672974077295, -5.674750865944376160E-15, -2.156249999999997335 ) ) ;
#3315 = CARTESIAN_POINT ( 'NONE',  ( -1.103625504730554763, -0.6371784822407275950, -0.5578124999999976019 ) ) ;
#3316 = CARTESIAN_POINT ( 'NONE',  ( -1.105875672974064861, -6.835989651157778155E-15, 8.031250000000005329 ) ) ;
#3317 = ORIENTED_EDGE ( 'NONE', *, *, #72, .F. ) ;
#3318 = CARTESIAN_POINT ( 'NONE',  ( 0.000000000000000000, -6.505213034913026604E-16, -0.2249999999999998945 ) ) ;
#3319 = SECURITY_CLASSIFICATION_LEVEL ( 'unclassified' ) ;
#3320 = ORIENTED_EDGE ( 'NONE', *, *, #1953, .F. ) ;
#3321 = CARTESIAN_POINT ( 'NONE',  ( 1.443375672974068991, -6.011054349906336701E-15, -2.212500000000000799 ) ) ;
#3322 = CARTESIAN_POINT ( 'NONE',  ( -1.560637177523334179E-16, -1.274356964481448085, 7.032812500000003908 ) ) ;
#3323 = CARTESIAN_POINT ( 'NONE',  ( 0.6565742176678597275, 0.7703448583340046785, -0.4940252917220831486 ) ) ;
#3324 = CARTESIAN_POINT ( 'NONE',  ( -0.5529378364870326523, -0.9577164262227589875, 6.756250000000003197 ) ) ;
#3325 = CARTESIAN_POINT ( 'NONE',  ( 0.8294067547305575827, -0.4788582131113875984, -1.518749999999998046 ) ) ;
#3326 = CARTESIAN_POINT ( 'NONE',  ( -0.5529378364870327633, -0.9577164262227590985, 7.206250000000002487 ) ) ;
#3327 = CARTESIAN_POINT ( 'NONE',  ( 3.121274355046668358E-16, 1.274356964481434318, 6.385937500000001599 ) ) ;
#3328 = VERTEX_POINT ( 'NONE', #2775 ) ;
#3329 = CARTESIAN_POINT ( 'NONE',  ( -0.7170915748299387937, -0.6733938111604984567, -0.3035156681516583688 ) ) ;
#3330 = CARTESIAN_POINT ( 'NONE',  ( 0.8294067547305484789, -0.4788582131113835461, 8.275000000000002132 ) ) ;
#3331 = ADVANCED_FACE ( 'NONE', ( #849 ), #3759, .T. ) ;
#3332 = CARTESIAN_POINT ( 'NONE',  ( -0.5529378364870328744, -0.9577164262227593206, 8.162500000000003197 ) ) ;
#3333 = CARTESIAN_POINT ( 'NONE',  ( -0.7569965320405488418, 0.6315016254800366324, 9.403187325815993702 ) ) ;
#3334 = CARTESIAN_POINT ( 'NONE',  ( 1.530808498934191817E-16, -1.250000000000000444, -3.899999999999999911 ) ) ;
#3335 = CARTESIAN_POINT ( 'NONE',  ( -1.103625504730551654, 0.6371784822407138282, 7.782812500000003908 ) ) ;
#3336 =( BOUNDED_CURVE ( )  B_SPLINE_CURVE ( 2, ( #1496, #365, #1828 ),
 .UNSPECIFIED., .F., .T. ) 
 B_SPLINE_CURVE_WITH_KNOTS ( ( 3, 3 ),
 ( 0.7674326764651820953, 0.7810811265148247529 ),
 .UNSPECIFIED. ) 
 CURVE ( )  GEOMETRIC_REPRESENTATION_ITEM ( )  RATIONAL_B_SPLINE_CURVE ( ( 1.000000000000000000, 0.9012585384440666703, 0.9480652107226192893 ) ) 
 REPRESENTATION_ITEM ( '' )  );
#3337 = CARTESIAN_POINT ( 'NONE',  ( 0.000000000000000000, 1.274356964481438759, -3.885937499999998934 ) ) ;
#3338 = CARTESIAN_POINT ( 'NONE',  ( 0.5529378364870383145, -0.9577164262227688685, -2.962499999999998579 ) ) ;
#3339 = CARTESIAN_POINT ( 'NONE',  ( 1.082531754730552631, -0.6250000000000101030, 5.743750000000004796 ) ) ;
#3340 = CARTESIAN_POINT ( 'NONE',  ( -1.172864355864535983E-16, -0.9577164262227593206, 8.593750000000001776 ) ) ;
#3341 = ORIENTED_EDGE ( 'NONE', *, *, #1941, .F. ) ;
#3342 = CARTESIAN_POINT ( 'NONE',  ( -0.1198194056844708588, -1.241401737223907009, 5.200000000000001066 ) ) ;
#3343 = VERTEX_POINT ( 'NONE', #876 ) ;
#3344 = CARTESIAN_POINT ( 'NONE',  ( 0.7216878364870340512, 1.250000000000000444, -2.137500000000001510 ) ) ;
#3345 = CARTESIAN_POINT ( 'NONE',  ( 0.7357503364870339180, -1.274356964481448307, 6.170312500000004086 ) ) ;
#3346 = EDGE_CURVE ( 'NONE', #503, #318, #3130, .T. ) ;
#3347 = CARTESIAN_POINT ( 'NONE',  ( -0.5529378364870388696, -0.9577164262227686464, -1.687499999999998446 ) ) ;
#3348 = CARTESIAN_POINT ( 'NONE',  ( -0.7357503364870368046, -1.274356964481450083, -4.120312499999997158 ) ) ;
#3349 = CARTESIAN_POINT ( 'NONE',  ( -1.105875672974064861, -6.835989651157778155E-15, 7.581250000000002487 ) ) ;
#3350 = CARTESIAN_POINT ( 'NONE',  ( -0.5529378364870384255, 0.9577164262227573222, -0.8812499999999978684 ) ) ;
#3351 = CARTESIAN_POINT ( 'NONE',  ( 2.345728711729071966E-16, 0.9577164262227454428, 7.018750000000002487 ) ) ;
#3352 = CARTESIAN_POINT ( 'NONE',  ( 0.7216878364870346063, -1.250000000000012434, 8.406250000000005329 ) ) ;
#3353 = VERTEX_POINT ( 'NONE', #898 ) ;
#3354 = CARTESIAN_POINT ( 'NONE',  ( -0.8294067547305578048, 0.4788582131113759410, -0.8437499999999981126 ) ) ;
#3355 = APPLICATION_CONTEXT ( 'configuration controlled 3d designs of mechanical parts and assemblies' ) ;
#3356 = CARTESIAN_POINT ( 'NONE',  ( 0.5529378364870329854, 0.9577164262227451097, 8.387500000000002842 ) ) ;
#3357 = CARTESIAN_POINT ( 'NONE',  ( -0.5529378364870328744, -0.9577164262227593206, 7.712500000000003020 ) ) ;
#3358 = CARTESIAN_POINT ( 'NONE',  ( -1.530808498934197980E-16, -1.250000000000012434, 8.368750000000003908 ) ) ;
#3359 = ORIENTED_EDGE ( 'NONE', *, *, #1067, .F. ) ;
#3360 = VERTEX_POINT ( 'NONE', #1257 ) ;
#3361 = CARTESIAN_POINT ( 'NONE',  ( 3.061616997868395960E-16, 1.249999999999998224, 6.343750000000005329 ) ) ;
#3362 = EDGE_CURVE ( 'NONE', #2663, #565, #2368, .T. ) ;
#3363 = CARTESIAN_POINT ( 'NONE',  ( -0.7357503364870348062, -1.274356964481448085, 9.245312500000004263 ) ) ;
#3364 = CARTESIAN_POINT ( 'NONE',  ( -1.471500672974072721, -5.723832413441454731E-15, -3.323437499999998934 ) ) ;
#3365 = CARTESIAN_POINT ( 'NONE',  ( -1.172864355864548802E-16, -0.9577164262227687574, -2.099999999999998757 ) ) ;
#3366 = DIRECTION ( 'NONE',  ( -0.000000000000000000, 1.157433492142735316E-16, -1.000000000000000000 ) ) ;
#3367 = CARTESIAN_POINT ( 'NONE',  ( -0.8294067547305488119, -0.4788582131113828244, 9.418750000000001066 ) ) ;
#3368 = AXIS2_PLACEMENT_3D ( 'NONE', #4244, #4692, #3960 ) ;
#3369 = VERTEX_POINT ( 'NONE', #3468 ) ;
#3370 = CARTESIAN_POINT ( 'NONE',  ( -8.673617379884035472E-16, 2.156403255423249732, -6.873863542433756635 ) ) ;
#3371 = CARTESIAN_POINT ( 'NONE',  ( -0.8294067547305487009, 0.4788582131113693907, 10.30000000000000426 ) ) ;
#3372 = CONICAL_SURFACE ( 'NONE', #2076, 1.249999999999999334, 1.047197551196601628 ) ;
#3373 = EDGE_LOOP ( 'NONE', ( #2646, #601, #1423, #1696, #3793, #571 ) ) ;
#3374 = CARTESIAN_POINT ( 'NONE',  ( 3.061616997868395960E-16, 1.249999999999998224, 5.500000000000000888 ) ) ;
#3375 = CARTESIAN_POINT ( 'NONE',  ( 0.7357503364870339180, -1.274356964481448307, 7.070312500000003553 ) ) ;
#3376 = AXIS2_PLACEMENT_3D ( 'NONE', #319, #3679, #296 ) ;
#3377 = CARTESIAN_POINT ( 'NONE',  ( -0.5529378364870388696, -0.9577164262227686464, -2.137499999999998845 ) ) ;
#3378 =( BOUNDED_SURFACE ( )  B_SPLINE_SURFACE ( 1, 2, ( 
 ( #280, #2063, #2792, #4315, #641, #3598, #1340, #622, #4676, #2501, #3148, #302, #1678, #3963, #1387, #1361, #1409, #3505, #1005, #1767, #2812, #3174, #2455, #4272, #2851, #4337, #4655, #3237, #4634, #2873, #4356, #661, #3529, #3871, #2410, #1319, #2090, #574, #2039, #211, #1024, #2434, #2132, #2479, #3941, #3894, #982, #598, #236, #3553, #2112, #3575, #1705, #260, #1726, #683, #2568, #3982, #1877, #3692, #345, #2176, #4401, #1137, #1498, #3639, #2224, #4424, #4031, #32, #726, #2543, #750, #4449, #2962, #392, #1806, #2615, #4378, #323, #2201, #3349, #4760, #1785, #1453, #1430, #2916, #55, #3715, #1521, #1091, #2938, #3663, #3305, #1115, #2252, #1852, #4084, #4056, #4008, #367, #3258, #1830, #3324, #7, #1475, #2592, #416, #781, #2987, #704, #1044, #2156, #2521, #3619, #4738, #2894, #3279, #1066, #3741, #1905, #3380, #4107, #2642, #444, #84, #1554, #805, #2275, #3014, #4479, #1163, #666, #3510, #4342, #286, #265, #3242, #581, #1731, #2138, #4660, #242, #4299, #4639, #1750, #4701, #1710, #3604, #216, #4725, #1416, #2506 ),
 ( #603, #2069, #646, #1392, #4252, #968, #943, #1346, #2797, #310, #3535, #2857, #3179, #4278, #2045, #3558, #3217, #2117, #4681, #2440, #1367, #3198, #3947, #987, #2817, #1683, #1029, #3581, #3900, #2097, #2417, #3968, #2836, #1772, #2460, #3876, #4321, #3923, #3155, #1324, #627, #1010, #2485, #965, #4339, #2436, #4249, #3896, #3873, #600, #1026, #1389, #2503, #2066, #624, #3176, #984, #2092, #4697, #3195, #643, #1728, #213, #2814, #940, #3531, #1363, #238, #1707, #4657, #2854, #283, #2457, #1680, #2114, #3555, #3150, #3919, #4636, #4295, #3577, #262, #2833, #4678, #1007, #1343, #1746, #4317, #2481, #3943, #1321, #577, #3213, #3965, #663, #3484, #191, #1658, #3125, #2414, #4611, #2768, #1293, #2041, #3507, #2794, #4275, #2920, #3327, #2546, #2897, #2179, #2524, #2941, #2595, #4381, #1501, #2876, #2618, #4087, #395, #1789, #3600, #2135, #4359, #1809, #35, #2965, #4722, #753, #4453, #4427, #4404, #2570, #1118, #4011, #305, #2227, #1070, #730, #1094, #1140, #348, #707, #1768, #3643, #3239, #1412, #11, #1431, #3261, #3282, #3695 ) ),
 .UNSPECIFIED., .F., .F., .F. ) 
 B_SPLINE_SURFACE_WITH_KNOTS ( ( 2, 2 ),
 ( 3, 2, 2, 2, 2, 2, 2, 2, 2, 2, 2, 2, 2, 2, 2, 2, 2, 2, 2, 2, 2, 2, 2, 2, 2, 2, 2, 2, 2, 2, 2, 2, 2, 2, 2, 2, 2, 2, 2, 2, 2, 2, 2, 2, 2, 2, 2, 2, 2, 2, 2, 2, 2, 2, 2, 2, 2, 2, 2, 2, 2, 2, 2, 2, 2, 2, 2, 2, 2, 2, 2, 2, 2, 2, 2, 2, 3 ),
 ( 0.000000000000000000, 1.000000000000000000 ),
 ( 0.000000000000000000, 0.01282051282051282007, 0.02564102564102564014, 0.03846153846153846367, 0.05128205128205128027, 0.06410256410256409687, 0.07692307692307692735, 0.08974358974358974395, 0.1025641025641025605, 0.1153846153846153910, 0.1282051282051281937, 0.1410256410256410242, 0.1538461538461538547, 0.1666666666666666574, 0.1794871794871794879, 0.1923076923076923184, 0.2051282051282051211, 0.2179487179487179516, 0.2307692307692307820, 0.2435897435897435848, 0.2564102564102563875, 0.2692307692307692180, 0.2820512820512820484, 0.2948717948717948789, 0.3076923076923077094, 0.3205128205128205399, 0.3333333333333333148, 0.3461538461538461453, 0.3589743589743589758, 0.3717948717948718063, 0.3846153846153846367, 0.3974358974358974117, 0.4102564102564102422, 0.4230769230769230727, 0.4358974358974359031, 0.4487179487179487336, 0.4615384615384615641, 0.4743589743589743390, 0.4871794871794871695, 0.5000000000000000000, 0.5128205128205127750, 0.5256410256410256610, 0.5384615384615384359, 0.5512820512820513219, 0.5641025641025640969, 0.5769230769230768718, 0.5897435897435897578, 0.6025641025641025328, 0.6153846153846154188, 0.6282051282051281937, 0.6410256410256410797, 0.6538461538461538547, 0.6666666666666666297, 0.6794871794871795156, 0.6923076923076922906, 0.7051282051282051766, 0.7179487179487179516, 0.7307692307692307265, 0.7435897435897436125, 0.7564102564102563875, 0.7692307692307692735, 0.7820512820512820484, 0.7948717948717948234, 0.8076923076923077094, 0.8205128205128204844, 0.8333333333333333703, 0.8461538461538461453, 0.8589743589743589203, 0.8717948717948718063, 0.8846153846153845812, 0.8974358974358974672, 0.9102564102564102422, 0.9230769230769231282, 0.9358974358974359031, 0.9487179487179486781, 0.9615384615384615641, 0.9743589743589743390 ),
 .UNSPECIFIED. ) 
 GEOMETRIC_REPRESENTATION_ITEM ( )  RATIONAL_B_SPLINE_SURFACE ( (
 ( 1.000000000000000000, 0.8660254037844387076, 1.000000000000000000, 0.8660254037844387076, 1.000000000000000000, 0.8660254037844387076, 1.000000000000000000, 0.8660254037844387076, 1.000000000000000000, 0.8660254037844387076, 1.000000000000000000, 0.8660254037844387076, 1.000000000000000000, 0.8660254037844387076, 1.000000000000000000, 0.8660254037844387076, 1.000000000000000000, 0.8660254037844387076, 1.000000000000000000, 0.8660254037844387076, 1.000000000000000000, 0.8660254037844387076, 1.000000000000000000, 0.8660254037844387076, 1.000000000000000000, 0.8660254037844387076, 1.000000000000000000, 0.8660254037844387076, 1.000000000000000000, 0.8660254037844387076, 1.000000000000000000, 0.8660254037844387076, 1.000000000000000000, 0.8660254037844387076, 1.000000000000000000, 0.8660254037844387076, 1.000000000000000000, 0.8660254037844387076, 1.000000000000000000, 0.8660254037844387076, 1.000000000000000000, 0.8660254037844387076, 1.000000000000000000, 0.8660254037844387076, 1.000000000000000000, 0.8660254037844387076, 1.000000000000000000, 0.8660254037844387076, 1.000000000000000000, 0.8660254037844387076, 1.000000000000000000, 0.8660254037844387076, 1.000000000000000000, 0.8660254037844387076, 1.000000000000000000, 0.8660254037844387076, 1.000000000000000000, 0.8660254037844387076, 1.000000000000000000, 0.8660254037844387076, 1.000000000000000000, 0.8660254037844387076, 1.000000000000000000, 0.8660254037844387076, 1.000000000000000000, 0.8660254037844387076, 1.000000000000000000, 0.8660254037844387076, 1.000000000000000000, 0.8660254037844387076, 1.000000000000000000, 0.8660254037844387076, 1.000000000000000000, 0.8660254037844387076, 1.000000000000000000, 0.8660254037844387076, 1.000000000000000000, 0.8660254037844387076, 1.000000000000000000, 0.8660254037844387076, 1.000000000000000000, 0.8660254037844387076, 1.000000000000000000, 0.8660254037844387076, 1.000000000000000000, 0.8660254037844387076, 1.000000000000000000, 0.8660254037844387076, 1.000000000000000000, 0.8660254037844387076, 1.000000000000000000, 0.8660254037844387076, 1.000000000000000000, 0.8660254037844387076, 1.000000000000000000, 0.8660254037844387076, 1.000000000000000000, 0.8660254037844387076, 1.000000000000000000, 0.8660254037844387076, 1.000000000000000000, 0.8660254037844387076, 1.000000000000000000, 0.8660254037844387076, 1.000000000000000000, 0.8660254037844387076, 1.000000000000000000, 0.8660254037844387076, 1.000000000000000000, 0.8660254037844387076, 1.000000000000000000, 0.8660254037844387076, 1.000000000000000000, 0.8660254037844387076, 1.000000000000000000, 0.8660254037844387076, 1.000000000000000000, 0.8660254037844387076, 1.000000000000000000, 0.8660254037844387076, 1.000000000000000000, 0.8660254037844387076, 1.000000000000000000, 0.8660254037844387076, 1.000000000000000000, 0.8660254037844387076, 1.000000000000000000, 0.8660254037844387076, 1.000000000000000000, 0.8660254037844387076, 1.000000000000000000, 0.8660254037844387076, 1.000000000000000000, 0.8660254037844387076, 1.000000000000000000, 0.8660254037844387076, 1.000000000000000000, 0.8660254037844387076, 1.000000000000000000, 0.8660254037844387076, 1.000000000000000000, 0.8660254037844387076, 1.000000000000000000, 0.8660254037844387076, 1.000000000000000000, 0.8660254037844387076, 1.000000000000000000, 0.8660254037844387076, 1.000000000000000000, 0.8660254037844387076, 1.000000000000000000, 0.8660254037844387076, 1.000000000000000000),
 ( 1.000000000000000000, 0.8660254037844387076, 1.000000000000000000, 0.8660254037844387076, 1.000000000000000000, 0.8660254037844387076, 1.000000000000000000, 0.8660254037844387076, 1.000000000000000000, 0.8660254037844387076, 1.000000000000000000, 0.8660254037844387076, 1.000000000000000000, 0.8660254037844387076, 1.000000000000000000, 0.8660254037844387076, 1.000000000000000000, 0.8660254037844387076, 1.000000000000000000, 0.8660254037844387076, 1.000000000000000000, 0.8660254037844387076, 1.000000000000000000, 0.8660254037844387076, 1.000000000000000000, 0.8660254037844387076, 1.000000000000000000, 0.8660254037844387076, 1.000000000000000000, 0.8660254037844387076, 1.000000000000000000, 0.8660254037844387076, 1.000000000000000000, 0.8660254037844387076, 1.000000000000000000, 0.8660254037844387076, 1.000000000000000000, 0.8660254037844387076, 1.000000000000000000, 0.8660254037844387076, 1.000000000000000000, 0.8660254037844387076, 1.000000000000000000, 0.8660254037844387076, 1.000000000000000000, 0.8660254037844387076, 1.000000000000000000, 0.8660254037844387076, 1.000000000000000000, 0.8660254037844387076, 1.000000000000000000, 0.8660254037844387076, 1.000000000000000000, 0.8660254037844387076, 1.000000000000000000, 0.8660254037844387076, 1.000000000000000000, 0.8660254037844387076, 1.000000000000000000, 0.8660254037844387076, 1.000000000000000000, 0.8660254037844387076, 1.000000000000000000, 0.8660254037844387076, 1.000000000000000000, 0.8660254037844387076, 1.000000000000000000, 0.8660254037844387076, 1.000000000000000000, 0.8660254037844387076, 1.000000000000000000, 0.8660254037844387076, 1.000000000000000000, 0.8660254037844387076, 1.000000000000000000, 0.8660254037844387076, 1.000000000000000000, 0.8660254037844387076, 1.000000000000000000, 0.8660254037844387076, 1.000000000000000000, 0.8660254037844387076, 1.000000000000000000, 0.8660254037844387076, 1.000000000000000000, 0.8660254037844387076, 1.000000000000000000, 0.8660254037844387076, 1.000000000000000000, 0.8660254037844387076, 1.000000000000000000, 0.8660254037844387076, 1.000000000000000000, 0.8660254037844387076, 1.000000000000000000, 0.8660254037844387076, 1.000000000000000000, 0.8660254037844387076, 1.000000000000000000, 0.8660254037844387076, 1.000000000000000000, 0.8660254037844387076, 1.000000000000000000, 0.8660254037844387076, 1.000000000000000000, 0.8660254037844387076, 1.000000000000000000, 0.8660254037844387076, 1.000000000000000000, 0.8660254037844387076, 1.000000000000000000, 0.8660254037844387076, 1.000000000000000000, 0.8660254037844387076, 1.000000000000000000, 0.8660254037844387076, 1.000000000000000000, 0.8660254037844387076, 1.000000000000000000, 0.8660254037844387076, 1.000000000000000000, 0.8660254037844387076, 1.000000000000000000, 0.8660254037844387076, 1.000000000000000000, 0.8660254037844387076, 1.000000000000000000, 0.8660254037844387076, 1.000000000000000000, 0.8660254037844387076, 1.000000000000000000, 0.8660254037844387076, 1.000000000000000000, 0.8660254037844387076, 1.000000000000000000, 0.8660254037844387076, 1.000000000000000000, 0.8660254037844387076, 1.000000000000000000, 0.8660254037844387076, 1.000000000000000000, 0.8660254037844387076, 1.000000000000000000, 0.8660254037844387076, 1.000000000000000000, 0.8660254037844387076, 1.000000000000000000, 0.8660254037844387076, 1.000000000000000000, 0.8660254037844387076, 1.000000000000000000, 0.8660254037844387076, 1.000000000000000000) ) ) 
 REPRESENTATION_ITEM ( '' )  SURFACE ( )  );
#3379 = CARTESIAN_POINT ( 'NONE',  ( -1.560637177523338370E-16, -1.274356964481450305, -4.082812499999996625 ) ) ;
#3380 = CARTESIAN_POINT ( 'NONE',  ( 0.5529378364870329854, 0.9577164262227449987, 6.081250000000001599 ) ) ;
#3381 =( BOUNDED_CURVE ( )  B_SPLINE_CURVE ( 2, ( #3489, #3158, #706, #1326, #196, #2774, #2158 ),
 .UNSPECIFIED., .F., .T. ) 
 B_SPLINE_CURVE_WITH_KNOTS ( ( 3, 2, 2, 3 ),
 ( 0.5555555555555555802, 0.5740740740740740700, 0.5925925925925925597, 0.6111111111111111605 ),
 .UNSPECIFIED. ) 
 CURVE ( )  GEOMETRIC_REPRESENTATION_ITEM ( )  RATIONAL_B_SPLINE_CURVE ( ( 1.000000000000000000, 0.8660254037844387076, 1.000000000000000000, 0.8660254037844387076, 1.000000000000000000, 0.8660254037844387076, 1.000000000000000000 ) ) 
 REPRESENTATION_ITEM ( '' )  );
#3382 = CARTESIAN_POINT ( 'NONE',  ( 0.5529378364870329854, 0.9577164262227449987, 7.881250000000003197 ) ) ;
#3383 = CARTESIAN_POINT ( 'NONE',  ( 0.000000000000000000, -1.519331754716167509E-16, -3.674999999999999378 ) ) ;
#3384 = VERTEX_POINT ( 'NONE', #3490 ) ;
#3385 = AXIS2_PLACEMENT_3D ( 'NONE', #1818, #4438, #1894 ) ;
#3386 = CARTESIAN_POINT ( 'NONE',  ( -0.7216878364870350504, 1.249999999999998446, 5.481250000000005507 ) ) ;
#3387 = CARTESIAN_POINT ( 'NONE',  ( 0.5529378364870329854, 0.9577164262227451097, 6.137500000000003730 ) ) ;
#3388 = CARTESIAN_POINT ( 'NONE',  ( 2.345728711729072459E-16, 0.9577164262227455538, 5.275000000000003908 ) ) ;
#3389 = CARTESIAN_POINT ( 'NONE',  ( 0.000000000000000000, 1.249999999999998446, -2.100000000000000533 ) ) ;
#3390 = CARTESIAN_POINT ( 'NONE',  ( 0.000000000000000000, -1.258909218984051749E-16, -3.899999999999999911 ) ) ;
#3391 = ORIENTED_EDGE ( 'NONE', *, *, #2373, .T. ) ;
#3392 = CARTESIAN_POINT ( 'NONE',  ( 0.8294067547305575827, -0.4788582131113877094, -3.374999999999998668 ) ) ;
#3393 = CARTESIAN_POINT ( 'NONE',  ( -0.5529378364870388696, -0.9577164262227685354, -1.181249999999997913 ) ) ;
#3394 = EDGE_CURVE ( 'NONE', #4093, #491, #175, .T. ) ;
#3395 = CARTESIAN_POINT ( 'NONE',  ( 0.5529378364870383145, -0.9577164262227688685, -2.062499999999998668 ) ) ;
#3396 = CARTESIAN_POINT ( 'NONE',  ( -0.9599566222303311802, 2.119197106222003493E-11, 9.379956622230334773 ) ) ;
#3397 = CARTESIAN_POINT ( 'NONE',  ( 0.8294067547305490340, 0.4788582131113686136, 6.493750000000003020 ) ) ;
#3398 = ORIENTED_EDGE ( 'NONE', *, *, #1280, .T. ) ;
#3399 = CARTESIAN_POINT ( 'NONE',  ( 0.000000000000000000, -5.231220964017918518E-16, -0.4680000000000000826 ) ) ;
#3400 = EDGE_CURVE ( 'NONE', #530, #664, #4323, .T. ) ;
#3401 = CARTESIAN_POINT ( 'NONE',  ( 0.5529378364870320972, -0.9577164262227595426, 9.587500000000005684 ) ) ;
#3402 = ORIENTED_EDGE ( 'NONE', *, *, #3641, .F. ) ;
#3403 = CARTESIAN_POINT ( 'NONE',  ( 0.7216878364870346063, -1.250000000000012434, 8.462500000000002132 ) ) ;
#3404 = CARTESIAN_POINT ( 'NONE',  ( 0.7357503364870339180, -1.274356964481448307, 6.620312500000004263 ) ) ;
#3405 = ORIENTED_EDGE ( 'NONE', *, *, #2509, .T. ) ;
#3406 = CARTESIAN_POINT ( 'NONE',  ( 0.8294067547305582488, 0.4788582131113750529, -2.399999999999998579 ) ) ;
#3407 = CARTESIAN_POINT ( 'NONE',  ( 1.530808498934189598E-16, -1.249999999999998668, -3.899999999999999911 ) ) ;
#3408 = CARTESIAN_POINT ( 'NONE',  ( -1.443375672974070101, -6.815323736422166126E-15, 7.806250000000004796 ) ) ;
#3409 = CARTESIAN_POINT ( 'NONE',  ( 0.5529378364870320972, -0.9577164262227595426, 5.931250000000001243 ) ) ;
#3410 = CARTESIAN_POINT ( 'NONE',  ( 2.165367235512694499, 1.327391063058409149, 9.807193742989941398 ) ) ;
#3411 = ORIENTED_EDGE ( 'NONE', *, *, #1184, .T. ) ;
#3412 = CARTESIAN_POINT ( 'NONE',  ( 0.8294067547305490340, 0.4788582131113686691, 5.200000000000002842 ) ) ;
#3413 = CARTESIAN_POINT ( 'NONE',  ( -1.172864355864536229E-16, -0.9577164262227594316, 7.750000000000003553 ) ) ;
#3414 = CARTESIAN_POINT ( 'NONE',  ( 0.5529378364870330964, 0.9577164262227451097, 6.137500000000003730 ) ) ;
#3415 = CARTESIAN_POINT ( 'NONE',  ( 3.061616997868395960E-16, 1.249999999999998224, 6.850000000000000533 ) ) ;
#3416 = FACE_OUTER_BOUND ( 'NONE', #966, .T. ) ;
#3417 = ORIENTED_EDGE ( 'NONE', *, *, #1664, .T. ) ;
#3418 = ORIENTED_EDGE ( 'NONE', *, *, #962, .F. ) ;
#3419 = CARTESIAN_POINT ( 'NONE',  ( -1.105875672974077295, -5.705749738047793416E-15, -2.662499999999998757 ) ) ;
#3420 = CARTESIAN_POINT ( 'NONE',  ( 1.103625504730554319, -0.6371784822407285942, -2.685937499999999201 ) ) ;
#3421 = CARTESIAN_POINT ( 'NONE',  ( 1.105875672974077295, -5.907724776228281287E-15, -1.537499999999998757 ) ) ;
#3422 = CARTESIAN_POINT ( 'NONE',  ( -8.959799595407067958E-12, 1.143016786888945591, -3.781983213111048681 ) ) ;
#3423 = CARTESIAN_POINT ( 'NONE',  ( 0.8294067547305484789, -0.4788582131113834905, 5.968750000000002665 ) ) ;
#3424 = ORIENTED_EDGE ( 'NONE', *, *, #1775, .F. ) ;
#3425 = CARTESIAN_POINT ( 'NONE',  ( 0.7216878364870341622, -1.250000000000009992, -1.781249999999995781 ) ) ;
#3426 = CARTESIAN_POINT ( 'NONE',  ( 0.000000000000000000, -5.772899838340719260E-16, 0.000000000000000000 ) ) ;
#3427 = CARTESIAN_POINT ( 'NONE',  ( -2.058749999992248281, -1.409456344663650995, 0.1674308549284702352 ) ) ;
#3428 = CARTESIAN_POINT ( 'NONE',  ( -0.5529378364870326523, -0.9577164262227589875, 7.262500000000002842 ) ) ;
#3429 = ADVANCED_FACE ( 'NONE', ( #3515 ), #1593, .T. ) ;
#3430 = ORIENTED_EDGE ( 'NONE', *, *, #1891, .F. ) ;
#3431 = CARTESIAN_POINT ( 'NONE',  ( -0.8294067547305579158, -0.4788582131113869877, -1.724999999999998757 ) ) ;
#3432 = DIRECTION ( 'NONE',  ( -0.000000000000000000, 1.157433492142735316E-16, -1.000000000000000000 ) ) ;
#3433 = CARTESIAN_POINT ( 'NONE',  ( 0.8294067547305484789, -0.4788582131113834905, 5.518750000000002487 ) ) ;
#3434 = CARTESIAN_POINT ( 'NONE',  ( -1.530808498934196747E-16, -1.250000000000009992, -2.775000000000000355 ) ) ;
#3435 = ORIENTED_EDGE ( 'NONE', *, *, #3250, .F. ) ;
#3436 = CARTESIAN_POINT ( 'NONE',  ( 0.8294067547305484789, -0.4788582131113835461, 6.925000000000004263 ) ) ;
#3437 = CARTESIAN_POINT ( 'NONE',  ( -0.5529378364870328744, -0.9577164262227593206, 7.262500000000003730 ) ) ;
#3438 = CARTESIAN_POINT ( 'NONE',  ( -2.249999999999998668, -1.299038105676660226, -6.873863542433756635 ) ) ;
#3439 = FACE_OUTER_BOUND ( 'NONE', #1199, .T. ) ;
#3440 = ORIENTED_EDGE ( 'NONE', *, *, #241, .F. ) ;
#3441 = CARTESIAN_POINT ( 'NONE',  ( 0.000000000000000000, 0.9577164262227572111, -1.874999999999998668 ) ) ;
#3442 = CARTESIAN_POINT ( 'NONE',  ( -0.8294067547305579158, -0.4788582131113869877, -1.218749999999998002 ) ) ;
#3443 = CARTESIAN_POINT ( 'NONE',  ( 0.000000000000000000, 0.9577164262227572111, -1.874999999999998668 ) ) ;
#3444 = CARTESIAN_POINT ( 'NONE',  ( 0.8301204967943494051, 0.7799035312738330505, 9.556393855166097850 ) ) ;
#3445 = CARTESIAN_POINT ( 'NONE',  ( -1.172864355864535983E-16, -0.9577164262227593206, 5.893750000000003375 ) ) ;
#3446 = DIRECTION ( 'NONE',  ( -0.000000000000000000, 1.157433492142735316E-16, -1.000000000000000000 ) ) ;
#3447 = CARTESIAN_POINT ( 'NONE',  ( 0.5529378364870329854, 0.9577164262227449987, 10.63750000000000107 ) ) ;
#3448 = CARTESIAN_POINT ( 'NONE',  ( 0.8294067547305484789, -0.4788582131113834905, 7.825000000000003730 ) ) ;
#3449 = ORIENTED_EDGE ( 'NONE', *, *, #223, .T. ) ;
#3450 = CARTESIAN_POINT ( 'NONE',  ( -1.172864355864548802E-16, -0.9577164262227687574, -2.999999999999998224 ) ) ;
#3451 = CARTESIAN_POINT ( 'NONE',  ( -2.205000000000000071, -3.392269384593342510E-15, 10.00000000000000000 ) ) ;
#3452 = CIRCLE ( 'NONE', #3763, 1.250000000000000222 ) ;
#3453 = ADVANCED_FACE ( 'NONE', ( #4519 ), #2682, .F. ) ;
#3454 = CARTESIAN_POINT ( 'NONE',  ( 1.082531754730552631, -0.6250000000000101030, 5.800000000000001599 ) ) ;
#3455 = CARTESIAN_POINT ( 'NONE',  ( 2.249999999999996891, -1.144202757444245266, 9.816101921067758695 ) ) ;
#3456 = VERTEX_POINT ( 'NONE', #2025 ) ;
#3457 = CARTESIAN_POINT ( 'NONE',  ( 0.1912499999999988931, -2.487657972370801218, -6.873863542433756635 ) ) ;
#3458 = AXIS2_PLACEMENT_3D ( 'NONE', #3060, #3007, #4100 ) ;
#3459 = CARTESIAN_POINT ( 'NONE',  ( -0.8294067547305487009, 0.4788582131113694462, 6.700000000000003730 ) ) ;
#3460 = CARTESIAN_POINT ( 'NONE',  ( -1.172864355864536229E-16, -0.9577164262227594316, 5.500000000000004441 ) ) ;
#3461 = AXIS2_PLACEMENT_3D ( 'NONE', #3399, #3446, #1516 ) ;
#3462 = CARTESIAN_POINT ( 'NONE',  ( 0.8103714275345683671, -2.130208049522652747, 9.961077762676607605 ) ) ;
#3463 = ORIENTED_EDGE ( 'NONE', *, *, #2889, .F. ) ;
#3464 = CARTESIAN_POINT ( 'NONE',  ( -0.5529378364870388696, -0.9577164262227686464, -2.587499999999998579 ) ) ;
#3465 = AXIS2_PLACEMENT_3D ( 'NONE', #4004, #1, #320 ) ;
#3466 = CARTESIAN_POINT ( 'NONE',  ( 0.7357503364870370266, 1.274356964481438315, -0.7734374999999988898 ) ) ;
#3467 = CARTESIAN_POINT ( 'NONE',  ( 0.8294067547305575827, -0.4788582131113876539, -2.024999999999998579 ) ) ;
#3468 = CARTESIAN_POINT ( 'NONE',  ( 0.000000000000000000, 1.249999999999998446, -1.200000000000000844 ) ) ;
#3469 = CARTESIAN_POINT ( 'NONE',  ( -0.5529378364870326523, -0.9577164262227589875, 5.406250000000002665 ) ) ;
#3470 = CARTESIAN_POINT ( 'NONE',  ( -1.530808498934197980E-16, -1.250000000000012434, 6.625000000000001776 ) ) ;
#3471 = CARTESIAN_POINT ( 'NONE',  ( -0.5529378364870322082, 0.9577164262227454428, 8.912500000000004974 ) ) ;
#3472 = CARTESIAN_POINT ( 'NONE',  ( 0.5529378364870320972, -0.9577164262227595426, 8.687500000000003553 ) ) ;
#3473 = ORIENTED_EDGE ( 'NONE', *, *, #251, .F. ) ;
#3474 = B_SPLINE_CURVE_WITH_KNOTS ( 'NONE', 3,
 ( #4034, #686, #326, #1047, #4741, #3986, #2159, #1478, #3622, #2204, #3308, #4763 ),
 .UNSPECIFIED., .F., .F.,
 ( 4, 2, 2, 2, 2, 4 ),
 ( 0.002811933361771186760, 0.003517934683560438192, 0.003870935344455063692, 0.004223936005349688758, 0.004929937327138939757, 0.005635938648928190756 ),
 .UNSPECIFIED. ) ;
#3475 = CARTESIAN_POINT ( 'NONE',  ( 0.000000000000000000, -1.258909218984052242E-16, -3.899999999999999467 ) ) ;
#3476 = DIRECTION ( 'NONE',  ( -0.000000000000000000, 1.157433492142735316E-16, -1.000000000000000000 ) ) ;
#3477 = CARTESIAN_POINT ( 'NONE',  ( 0.000000000000000000, 1.250000000000000000, -3.899999999999999911 ) ) ;
#3478 = FACE_OUTER_BOUND ( 'NONE', #157, .T. ) ;
#3479 = CARTESIAN_POINT ( 'NONE',  ( 3.061616997868395960E-16, 1.249999999999998224, 9.493750000000005684 ) ) ;
#3480 = VERTEX_POINT ( 'NONE', #3422 ) ;
#3481 = CARTESIAN_POINT ( 'NONE',  ( 2.164955578321495100, 1.327882310996641779, 0.1927518840764753938 ) ) ;
#3482 = CARTESIAN_POINT ( 'NONE',  ( 0.8294067547305490340, 0.4788582131113686691, 7.000000000000003553 ) ) ;
#3483 = CARTESIAN_POINT ( 'NONE',  ( 0.8294067547305484789, -0.4788582131113835461, 5.575000000000003730 ) ) ;
#3484 = CARTESIAN_POINT ( 'NONE',  ( -0.7357503364870342510, 1.274356964481434540, 6.873437500000002309 ) ) ;
#3485 = ORIENTED_EDGE ( 'NONE', *, *, #2373, .F. ) ;
#3486 = CARTESIAN_POINT ( 'NONE',  ( -1.172864355864548802E-16, -0.9577164262227687574, -2.099999999999998757 ) ) ;
#3487 = EDGE_CURVE ( 'NONE', #4507, #1564, #2124, .T. ) ;
#3488 = CARTESIAN_POINT ( 'NONE',  ( -1.471500672974072721, -5.641168754499008190E-15, -1.973437499999998845 ) ) ;
#3489 = CARTESIAN_POINT ( 'NONE',  ( 0.000000000000000000, 1.249999999999998446, -1.650000000000000799 ) ) ;
#3490 = CARTESIAN_POINT ( 'NONE',  ( -1.099165880508746751, 9.586866186135470033E-16, 9.519165880508746014 ) ) ;
#3491 = CARTESIAN_POINT ( 'NONE',  ( -1.172864355864535983E-16, -0.9577164262227593206, 6.343750000000001776 ) ) ;
#3492 = CARTESIAN_POINT ( 'NONE',  ( 0.000000000000000000, -5.772899838340719260E-16, 0.000000000000000000 ) ) ;
#3493 = CARTESIAN_POINT ( 'NONE',  ( -1.471500672974072721, -5.611892041956891937E-15, -1.495312499999997602 ) ) ;
#3494 = CARTESIAN_POINT ( 'NONE',  ( -0.5529378364870326523, -0.9577164262227589875, 7.712500000000003020 ) ) ;
#3495 = VERTEX_POINT ( 'NONE', #1031 ) ;
#3496 = CARTESIAN_POINT ( 'NONE',  ( -1.530808498934197980E-16, -1.250000000000012434, 8.368750000000003908 ) ) ;
#3497 = CARTESIAN_POINT ( 'NONE',  ( 0.2563007824611373553, 0.9227841903536689872, 5.200000000000001066 ) ) ;
#3498 = CARTESIAN_POINT ( 'NONE',  ( -1.530808498934197980E-16, -1.250000000000012434, 7.525000000000000355 ) ) ;
#3499 = CARTESIAN_POINT ( 'NONE',  ( -1.172864355864535983E-16, -0.9577164262227593206, 5.893750000000003375 ) ) ;
#3500 = CYLINDRICAL_SURFACE ( 'NONE', #4469, 1.250000000000000222 ) ;
#3501 = ADVANCED_FACE ( 'NONE', ( #2820 ), #2508, .F. ) ;
#3502 = VERTEX_POINT ( 'NONE', #2099 ) ;
#3503 = LINE ( 'NONE', #3122, #1611 ) ;
#3504 = CARTESIAN_POINT ( 'NONE',  ( -1.082531754730553075, -0.6250000000000092149, 9.193750000000004974 ) ) ;
#3505 = CARTESIAN_POINT ( 'NONE',  ( 0.5529378364870320972, -0.9577164262227595426, 9.981250000000001066 ) ) ;
#3506 = DIRECTION ( 'NONE',  ( -0.000000000000000000, 1.157433492142735316E-16, -1.000000000000000000 ) ) ;
#3507 = CARTESIAN_POINT ( 'NONE',  ( -1.103625504730551876, -0.6371784822407272619, 6.535937500000001954 ) ) ;
#3508 = EDGE_LOOP ( 'NONE', ( #2374, #4243, #1760, #2877, #2561, #3532, #1467, #3556, #3579, #1858, #409, #1358, #3317, #1987, #4311, #3852, #12, #3341, #4112, #4496, #3473, #1404, #3760, #96, #3710 ) ) ;
#3509 = CARTESIAN_POINT ( 'NONE',  ( 0.5529378364870383145, -0.9577164262227687574, -0.7124999999999986899 ) ) ;
#3510 = CARTESIAN_POINT ( 'NONE',  ( 0.5529378364870329854, 0.9577164262227449987, 5.631250000000002309 ) ) ;
#3511 = CARTESIAN_POINT ( 'NONE',  ( -1.103625504730554763, -0.6371784822407277060, -1.935937499999998757 ) ) ;
#3512 = EDGE_CURVE ( 'NONE', #2452, #3360, #1882, .T. ) ;
#3513 = CARTESIAN_POINT ( 'NONE',  ( 0.000000000000000000, -1.258909218984051749E-16, -3.899999999999999911 ) ) ;
#3514 = EDGE_CURVE ( 'NONE', #4698, #2105, #4717, .T. ) ;
#3515 = FACE_OUTER_BOUND ( 'NONE', #2472, .T. ) ;
#3516 = DIRECTION ( 'NONE',  ( 0.000000000000000000, 1.000000000000000000, 0.000000000000000000 ) ) ;
#3517 = LINE ( 'NONE', #586, #158 ) ;
#3518 = CARTESIAN_POINT ( 'NONE',  ( -1.103625504730554541, 0.6371784822407166038, -3.332812499999997069 ) ) ;
#3519 = CARTESIAN_POINT ( 'NONE',  ( -0.5529378364870322082, 0.9577164262227454428, 6.662500000000003197 ) ) ;
#3520 = VERTEX_POINT ( 'NONE', #2487 ) ;
#3521 = LINE ( 'NONE', #228, #2701 ) ;
#3522 = CARTESIAN_POINT ( 'NONE',  ( -0.8294067547305579158, -0.4788582131113870433, -2.568749999999998312 ) ) ;
#3523 = FACE_OUTER_BOUND ( 'NONE', #1887, .T. ) ;
#3524 = CARTESIAN_POINT ( 'NONE',  ( 3.061616997868395960E-16, 1.249999999999998224, 7.750000000000000888 ) ) ;
#3525 = VERTEX_POINT ( 'NONE', #648 ) ;
#3526 = B_SPLINE_CURVE_WITH_KNOTS ( 'NONE', 3,
 ( #4533, #3017, #3097, #4506, #1525, #1191, #2645, #2671 ),
 .UNSPECIFIED., .F., .F.,
 ( 4, 2, 2, 4 ),
 ( 0.0002272936175608546345, 0.001312383105340145326, 0.001854927849229790360, 0.002397472593119435828 ),
 .UNSPECIFIED. ) ;
#3527 = CARTESIAN_POINT ( 'NONE',  ( -2.249999999999998668, -1.078201627711678823, 0.1674308549307157168 ) ) ;
#3528 = CARTESIAN_POINT ( 'NONE',  ( -1.082531754730553075, -0.6250000000000092149, 5.650000000000001243 ) ) ;
#3529 = CARTESIAN_POINT ( 'NONE',  ( -0.8294067547305488119, -0.4788582131113828244, 9.418750000000001066 ) ) ;
#3530 = CARTESIAN_POINT ( 'NONE',  ( 1.105875672974077073, -5.986944116048125822E-15, -2.831249999999998046 ) ) ;
#3531 = CARTESIAN_POINT ( 'NONE',  ( 0.7357503364870339180, -1.274356964481448307, 7.998437500000001421 ) ) ;
#3532 = ORIENTED_EDGE ( 'NONE', *, *, #3899, .F. ) ;
#3533 = VECTOR ( 'NONE', #724, 1000.000000000000000 ) ;
#3534 = CARTESIAN_POINT ( 'NONE',  ( 0.5529378364870390916, 0.9577164262227571001, -0.5624999999999987788 ) ) ;
#3535 = CARTESIAN_POINT ( 'NONE',  ( -1.103625504730551654, 0.6371784822407138282, 10.06093750000000142 ) ) ;
#3536 = AXIS2_PLACEMENT_3D ( 'NONE', #3492, #2778, #2422 ) ;
#3537 = CARTESIAN_POINT ( 'NONE',  ( 0.7357503364870370266, 1.274356964481438315, -2.573437499999999378 ) ) ;
#3538 =( BOUNDED_CURVE ( )  B_SPLINE_CURVE ( 2, ( #478, #4536, #89, #4219, #912, #118, #2382 ),
 .UNSPECIFIED., .F., .F. ) 
 B_SPLINE_CURVE_WITH_KNOTS ( ( 3, 2, 2, 3 ),
 ( 0.1007660097985153547, 0.1192845283170339554, 0.1378030468355524452, 0.1563215653540709349 ),
 .UNSPECIFIED. ) 
 CURVE ( )  GEOMETRIC_REPRESENTATION_ITEM ( )  RATIONAL_B_SPLINE_CURVE ( ( 1.000000000000000000, 0.8660254037844387076, 1.000000000000000000, 0.8660254037844387076, 1.000000000000000000, 0.8660254037844387076, 1.000000000000000000 ) ) 
 REPRESENTATION_ITEM ( '' )  );
#3539 = VECTOR ( 'NONE', #1906, 1000.000000000000000 ) ;
#3540 = CARTESIAN_POINT ( 'NONE',  ( -1.752183174247790269E-14, -0.9577164262227688685, -3.899999999999999911 ) ) ;
#3541 = CARTESIAN_POINT ( 'NONE',  ( 0.000000000000000000, -1.179155399748294458E-15, 5.200000000000001066 ) ) ;
#3542 = DIRECTION ( 'NONE',  ( -0.000000000000000000, 1.157433492142735316E-16, -1.000000000000000000 ) ) ;
#3543 = CARTESIAN_POINT ( 'NONE',  ( -1.560637177523338370E-16, -1.274356964481450083, -1.832812499999997735 ) ) ;
#3544 = CARTESIAN_POINT ( 'NONE',  ( 0.8294067547305490340, 0.4788582131113686136, 5.200000000000002842 ) ) ;
#3545 = ORIENTED_EDGE ( 'NONE', *, *, #3250, .T. ) ;
#3546 = EDGE_CURVE ( 'NONE', #3369, #3296, #249, .T. ) ;
#3547 = DIRECTION ( 'NONE',  ( 0.000000000000000000, -1.000000000000000000, 0.000000000000000000 ) ) ;
#3548 = CARTESIAN_POINT ( 'NONE',  ( 0.5529378364870390916, 0.9577164262227568781, -3.206249999999997602 ) ) ;
#3549 = CARTESIAN_POINT ( 'NONE',  ( -1.443375672974070101, -6.815323736422166126E-15, 7.412500000000000533 ) ) ;
#3550 = CARTESIAN_POINT ( 'NONE',  ( -0.4927757009516882669, -0.8583622508475168278, -3.899999999999999911 ) ) ;
#3551 = CARTESIAN_POINT ( 'NONE',  ( 3.061616997868395960E-16, 1.249999999999998224, 5.950000000000001066 ) ) ;
#3552 = CARTESIAN_POINT ( 'NONE',  ( 2.345728711729072459E-16, 0.9577164262227455538, 5.275000000000003908 ) ) ;
#3553 = CARTESIAN_POINT ( 'NONE',  ( 0.5529378364870329854, 0.9577164262227449987, 8.781250000000001776 ) ) ;
#3554 = CARTESIAN_POINT ( 'NONE',  ( -0.5529378364870384255, 0.9577164262227571001, -3.131249999999998312 ) ) ;
#3555 = CARTESIAN_POINT ( 'NONE',  ( 1.471500672974068724, -7.174015294681039699E-15, 7.623437500000001421 ) ) ;
#3556 = ORIENTED_EDGE ( 'NONE', *, *, #309, .F. ) ;
#3557 = CARTESIAN_POINT ( 'NONE',  ( -0.5529378364870388696, -0.9577164262227686464, -2.981249999999997957 ) ) ;
#3558 = CARTESIAN_POINT ( 'NONE',  ( 1.471500672974068724, -7.174015294681039699E-15, 9.873437500000001421 ) ) ;
#3559 = CARTESIAN_POINT ( 'NONE',  ( 1.471500672974072721, -5.905141536886328994E-15, -0.3984374999999991118 ) ) ;
#3560 = PLANE ( 'NONE',  #4248 ) ;
#3561 = CARTESIAN_POINT ( 'NONE',  ( 0.7357503364870339180, -1.274356964481448307, 10.22031250000000213 ) ) ;
#3562 =( BOUNDED_CURVE ( )  B_SPLINE_CURVE ( 2, ( #2694, #3070, #4136, #887, #1937, #502, #3434 ),
 .UNSPECIFIED., .F., .F. ) 
 B_SPLINE_CURVE_WITH_KNOTS ( ( 3, 2, 2, 3 ),
 ( 0.2222222222222221821, 0.2407407407407406996, 0.2592592592592592449, 0.2777777777777777901 ),
 .UNSPECIFIED. ) 
 CURVE ( )  GEOMETRIC_REPRESENTATION_ITEM ( )  RATIONAL_B_SPLINE_CURVE ( ( 1.000000000000000222, 0.8660254037844385966, 1.000000000000000000, 0.8660254037844387076, 1.000000000000000000, 0.8660254037844387076, 1.000000000000000000 ) ) 
 REPRESENTATION_ITEM ( '' )  );
#3563 = CARTESIAN_POINT ( 'NONE',  ( 2.058749999999998526, -1.409456344659175020, -6.873863542433756635 ) ) ;
#3564 =( BOUNDED_CURVE ( )  B_SPLINE_CURVE ( 2, ( #3234, #2848, #2498 ),
 .UNSPECIFIED., .F., .T. ) 
 B_SPLINE_CURVE_WITH_KNOTS ( ( 3, 3 ),
 ( 0.07692307692306205036, 0.08974358974358975782 ),
 .UNSPECIFIED. ) 
 CURVE ( )  GEOMETRIC_REPRESENTATION_ITEM ( )  RATIONAL_B_SPLINE_CURVE ( ( 1.000000000000154765, 0.8660254037842837205, 1.000000000000000000 ) ) 
 REPRESENTATION_ITEM ( '' )  );
#3565 = CARTESIAN_POINT ( 'NONE',  ( 0.7357503364870359164, -1.274356964481450305, -2.245312499999997602 ) ) ;
#3566 = CARTESIAN_POINT ( 'NONE',  ( 0.5529378364870329854, 0.9577164262227449987, 5.237500000000002487 ) ) ;
#3567 = ORIENTED_EDGE ( 'NONE', *, *, #2005, .T. ) ;
#3568 = CARTESIAN_POINT ( 'NONE',  ( 0.8294067547305575827, -0.4788582131113875984, -1.124999999999998890 ) ) ;
#3569 = CARTESIAN_POINT ( 'NONE',  ( -0.5529378364870384255, 0.9577164262227572111, -3.581249999999997602 ) ) ;
#3570 = CARTESIAN_POINT ( 'NONE',  ( 1.082531754730552631, 0.6249999999999954481, -2.118749999999995470 ) ) ;
#3571 = ADVANCED_FACE ( 'NONE', ( #288, #3927 ), #3560, .T. ) ;
#3572 = CARTESIAN_POINT ( 'NONE',  ( 1.082531754730553519, 0.6249999999999948930, 5.368750000000004796 ) ) ;
#3573 = LINE ( 'NONE', #596, #2394 ) ;
#3574 = CARTESIAN_POINT ( 'NONE',  ( -0.5529378364870324303, 0.9577164262227455538, 5.312500000000004441 ) ) ;
#3575 = CARTESIAN_POINT ( 'NONE',  ( 1.105875672974064861, -7.106851071790302181E-15, 8.706250000000002487 ) ) ;
#3576 = CARTESIAN_POINT ( 'NONE',  ( 0.5529378364870390916, 0.9577164262227568781, -3.206249999999997602 ) ) ;
#3577 = CARTESIAN_POINT ( 'NONE',  ( -1.103625504730551876, -0.6371784822407272619, 7.435937500000001421 ) ) ;
#3578 = B_SPLINE_CURVE_WITH_KNOTS ( 'NONE', 3,
 ( #1348, #1689, #289, #4643, #972, #2801, #1753, #3221, #3905, #245 ),
 .UNSPECIFIED., .F., .F.,
 ( 4, 2, 2, 2, 4 ),
 ( 0.000000000000000000, 0.0007029833404427966899, 0.001405966680885593380, 0.002108950021328390070, 0.002811933361771186760 ),
 .UNSPECIFIED. ) ;
#3579 = ORIENTED_EDGE ( 'NONE', *, *, #3784, .F. ) ;
#3580 = CARTESIAN_POINT ( 'NONE',  ( 0.8294067547305582488, 0.4788582131113749973, -3.243749999999998135 ) ) ;
#3581 = CARTESIAN_POINT ( 'NONE',  ( 1.471500672974068724, -7.174015294681039699E-15, 9.423437500000002132 ) ) ;
#3582 = CYLINDRICAL_SURFACE ( 'NONE', #1064, 0.3825000000000000067 ) ;
#3583 = CARTESIAN_POINT ( 'NONE',  ( 2.249999999999998668, 1.078201627711622868, 9.832569145069296468 ) ) ;
#3584 = CARTESIAN_POINT ( 'NONE',  ( 0.7357503364870351392, 1.274356964481433874, 9.920312500000004974 ) ) ;
#3585 = CARTESIAN_POINT ( 'NONE',  ( 1.082531754730551521, -0.6250000000000084377, -3.600000000000000977 ) ) ;
#3586 = EDGE_CURVE ( 'NONE', #612, #4176, #2904, .T. ) ;
#3587 = CARTESIAN_POINT ( 'NONE',  ( 1.471500672974072721, -6.013637589248288994E-15, -2.170312499999997868 ) ) ;
#3588 = DIRECTION ( 'NONE',  ( 0.000000000000000000, 1.000000000000000000, 0.000000000000000000 ) ) ;
#3589 = CARTESIAN_POINT ( 'NONE',  ( 2.345728711729071966E-16, 0.9577164262227454428, 10.16875000000000284 ) ) ;
#3590 = VERTEX_POINT ( 'NONE', #267 ) ;
#3591 =( BOUNDED_CURVE ( )  B_SPLINE_CURVE ( 2, ( #3415, #121, #1587, #4431, #2310, #1223, #4511 ),
 .UNSPECIFIED., .F., .F. ) 
 B_SPLINE_CURVE_WITH_KNOTS ( ( 3, 2, 2, 3 ),
 ( 0.3589743589743589203, 0.3717948717948718063, 0.3846153846153845812, 0.3974358974358974672 ),
 .UNSPECIFIED. ) 
 CURVE ( )  GEOMETRIC_REPRESENTATION_ITEM ( )  RATIONAL_B_SPLINE_CURVE ( ( 1.000000000000000000, 0.8660254037844387076, 1.000000000000000000, 0.8660254037844387076, 1.000000000000000000, 0.8660254037844387076, 1.000000000000000000 ) ) 
 REPRESENTATION_ITEM ( '' )  );
#3592 = DIRECTION ( 'NONE',  ( -0.5000000000000003331, 0.8660254037844385966, 0.000000000000000000 ) ) ;
#3593 = DIRECTION ( 'NONE',  ( -0.000000000000000000, 1.157433492142735316E-16, -1.000000000000000000 ) ) ;
#3594 = DIRECTION ( 'NONE',  ( 1.669238443041288415E-16, -1.000000000000000000, 0.000000000000000000 ) ) ;
#3595 = CARTESIAN_POINT ( 'NONE',  ( 0.000000000000000000, -1.258909218984051749E-16, -3.899999999999999911 ) ) ;
#3596 = CARTESIAN_POINT ( 'NONE',  ( 3.061616997868395960E-16, 1.249999999999998224, 9.550000000000000711 ) ) ;
#3597 = EDGE_CURVE ( 'NONE', #842, #2136, #4541, .T. ) ;
#3598 = CARTESIAN_POINT ( 'NONE',  ( 0.5529378364870320972, -0.9577164262227595426, 10.43125000000000391 ) ) ;
#3599 = CARTESIAN_POINT ( 'NONE',  ( 0.8294067547305575827, -0.4788582131113877649, -3.768749999999997602 ) ) ;
#3600 = CARTESIAN_POINT ( 'NONE',  ( 1.103625504730552320, 0.6371784822407128290, 5.860937500000002132 ) ) ;
#3601 = VERTEX_POINT ( 'NONE', #2074 ) ;
#3602 = CARTESIAN_POINT ( 'NONE',  ( -1.105875672974077295, -5.729859971906007450E-15, -3.056249999999997691 ) ) ;
#3603 = AXIS2_PLACEMENT_3D ( 'NONE', #40, #3000, #3312 ) ;
#3604 = CARTESIAN_POINT ( 'NONE',  ( 0.8294067547305484789, -0.4788582131113834905, 5.068750000000003197 ) ) ;
#3605 = EDGE_CURVE ( 'NONE', #2406, #1681, #2528, .T. ) ;
#3606 = CARTESIAN_POINT ( 'NONE',  ( -1.281228882126026702, 1.858358371364328576, 0.02587396801048975903 ) ) ;
#3607 = CIRCLE ( 'NONE', #4551, 1.580000000000000071 ) ;
#3608 = CARTESIAN_POINT ( 'NONE',  ( 2.249999999999998668, 0.3653576706506723726, 9.960894556352238638 ) ) ;
#3609 = CARTESIAN_POINT ( 'NONE',  ( 1.103625504730552320, 0.6371784822407128290, 10.78281250000000391 ) ) ;
#3610 = CARTESIAN_POINT ( 'NONE',  ( -0.8294067547305487009, 0.4788582131113694462, 8.950000000000002842 ) ) ;
#3611 = CARTESIAN_POINT ( 'NONE',  ( 0.5529378364870383145, -0.9577164262227689795, -3.862499999999998046 ) ) ;
#3612 = VECTOR ( 'NONE', #1421, 1000.000000000000000 ) ;
#3613 = CARTESIAN_POINT ( 'NONE',  ( 0.7216878364870360496, 1.249999999999997780, 9.456250000000004263 ) ) ;
#3614 = CARTESIAN_POINT ( 'NONE',  ( -1.105875672974064861, -6.835989651157778155E-15, 5.387500000000002842 ) ) ;
#3615 = PRODUCT_DEFINITION_FORMATION_WITH_SPECIFIED_SOURCE ( 'ANY', '', #4516, .NOT_KNOWN. ) ;
#3616 = ORIENTED_EDGE ( 'NONE', *, *, #1335, .F. ) ;
#3617 = CARTESIAN_POINT ( 'NONE',  ( -2.249999999999998668, -1.078201627712044974, 9.832569145069191663 ) ) ;
#3618 = CARTESIAN_POINT ( 'NONE',  ( -1.530808498934196747E-16, -1.250000000000009770, -3.168749999999995293 ) ) ;
#3619 = CARTESIAN_POINT ( 'NONE',  ( -1.172864355864535983E-16, -0.9577164262227593206, 6.343750000000001776 ) ) ;
#3620 = CARTESIAN_POINT ( 'NONE',  ( 1.105875672974077073, -5.904280457105678493E-15, -1.481249999999997735 ) ) ;
#3621 = CARTESIAN_POINT ( 'NONE',  ( 2.249999999999998668, -1.299038105676658894, -6.873863542433756635 ) ) ;
#3622 = CARTESIAN_POINT ( 'NONE',  ( -1.237954530705063450, -0.03865574271656392613, -3.709083931472839879 ) ) ;
#3623 = ORIENTED_EDGE ( 'NONE', *, *, #1639, .F. ) ;
#3624 = CARTESIAN_POINT ( 'NONE',  ( -0.8294067547305578048, 0.4788582131113759410, -0.3937499999999978240 ) ) ;
#3625 = CARTESIAN_POINT ( 'NONE',  ( -1.105875672974065083, -6.835989651157778155E-15, 10.33750000000000213 ) ) ;
#3626 = CARTESIAN_POINT ( 'NONE',  ( 0.000000000000000000, -5.035904062218838046E-16, -0.6367499999999949312 ) ) ;
#3627 = CARTESIAN_POINT ( 'NONE',  ( -1.105875672974077295, -5.788413396990239167E-15, -4.012499999999998401 ) ) ;
#3628 = EDGE_CURVE ( 'NONE', #1247, #612, #576, .T. ) ;
#3629 = CARTESIAN_POINT ( 'NONE',  ( -0.7357503364870348062, -1.274356964481448085, 8.345312500000003908 ) ) ;
#3630 = DESIGN_CONTEXT ( 'detailed design', #2387, 'design' ) ;
#3631 = CARTESIAN_POINT ( 'NONE',  ( 0.000000000000000000, 0.9577164262227571001, -4.124999999999998224 ) ) ;
#3632 = DIRECTION ( 'NONE',  ( -0.000000000000000000, 1.157433492142735316E-16, -1.000000000000000000 ) ) ;
#3633 = CARTESIAN_POINT ( 'NONE',  ( -1.172864355864535983E-16, -0.9577164262227593206, 8.143750000000002487 ) ) ;
#3634 = EDGE_LOOP ( 'NONE', ( #1457, #3736, #256, #2626 ) ) ;
#3635 = CARTESIAN_POINT ( 'NONE',  ( -1.082531754730551743, 0.6249999999999964473, -1.968749999999995781 ) ) ;
#3636 = APPROVAL_STATUS ( 'not_yet_approved' ) ;
#3637 = CARTESIAN_POINT ( 'NONE',  ( 0.7216878364870346063, -1.250000000000012434, 5.256250000000004974 ) ) ;
#3638 = CARTESIAN_POINT ( 'NONE',  ( -1.103625504730554541, 0.6371784822407164928, -4.232812499999996980 ) ) ;
#3639 = CARTESIAN_POINT ( 'NONE',  ( 0.5529378364870320972, -0.9577164262227595426, 8.181250000000002132 ) ) ;
#3640 = CARTESIAN_POINT ( 'NONE',  ( -1.105875672974077073, -5.592087207001930409E-15, -0.8062499999999979128 ) ) ;
#3641 = EDGE_CURVE ( 'NONE', #170, #3137, #4433, .T. ) ;
#3642 = FACE_OUTER_BOUND ( 'NONE', #2782, .T. ) ;
#3643 = CARTESIAN_POINT ( 'NONE',  ( 0.7357503364870351392, 1.274356964481433874, 4.998437500000003197 ) ) ;
#3644 = ORIENTED_EDGE ( 'NONE', *, *, #1366, .T. ) ;
#3645 = CARTESIAN_POINT ( 'NONE',  ( 0.5529378364870383145, -0.9577164262227688685, -2.006249999999998312 ) ) ;
#3646 = CARTESIAN_POINT ( 'NONE',  ( -0.8294067547305487009, 0.4788582131113694462, 8.950000000000002842 ) ) ;
#3647 = CARTESIAN_POINT ( 'NONE',  ( 2.115908655028113650, -1.376455779792177925, 0.1838980789325865561 ) ) ;
#3648 = CARTESIAN_POINT ( 'NONE',  ( 0.5529378364870390916, 0.9577164262227568781, -3.712499999999998579 ) ) ;
#3649 = CARTESIAN_POINT ( 'NONE',  ( 0.7357503364870351392, 1.274356964481433874, 8.570312500000003553 ) ) ;
#3650 = CARTESIAN_POINT ( 'NONE',  ( 0.5529378364870383145, -0.9577164262227688685, -2.906249999999997780 ) ) ;
#3651 = EDGE_CURVE ( 'NONE', #1872, #3601, #1428, .T. ) ;
#3652 = CARTESIAN_POINT ( 'NONE',  ( 0.8294067547305575827, -0.4788582131113877649, -3.824999999999998401 ) ) ;
#3653 = CARTESIAN_POINT ( 'NONE',  ( 0.000000000000000000, 1.250000000000000000, -3.899999999999999911 ) ) ;
#3654 = CARTESIAN_POINT ( 'NONE',  ( 0.5529378364870329854, 0.9577164262227449987, 9.681250000000003908 ) ) ;
#3655 = ORIENTED_EDGE ( 'NONE', *, *, #2256, .F. ) ;
#3656 = EDGE_CURVE ( 'NONE', #842, #865, #3266, .T. ) ;
#3657 = CARTESIAN_POINT ( 'NONE',  ( -0.7216878364870333851, 1.250000000000000444, -2.512500000000001066 ) ) ;
#3658 = CALENDAR_DATE ( 2026, 8, 1 ) ;
#3659 = CARTESIAN_POINT ( 'NONE',  ( -1.530808498934197980E-16, -1.250000000000012434, 7.974999999999999645 ) ) ;
#3660 = CARTESIAN_POINT ( 'NONE',  ( -1.103625504730551654, 0.6371784822407138282, 5.982812500000004974 ) ) ;
#3661 = DIRECTION ( 'NONE',  ( -0.000000000000000000, 1.157433492142735316E-16, -1.000000000000000000 ) ) ;
#3662 = CARTESIAN_POINT ( 'NONE',  ( -0.6371738819754968475, 0.7150036343859702548, 9.377716426222747259 ) ) ;
#3663 = CARTESIAN_POINT ( 'NONE',  ( -0.8294067547305488119, -0.4788582131113828244, 7.168750000000002842 ) ) ;
#3664 = CARTESIAN_POINT ( 'NONE',  ( -0.8294067547305579158, -0.4788582131113869877, -1.218749999999998002 ) ) ;
#3665 = CARTESIAN_POINT ( 'NONE',  ( 0.8294067547305490340, 0.4788582131113686136, 7.393750000000002487 ) ) ;
#3666 = DIRECTION ( 'NONE',  ( -0.000000000000000000, 1.157433492142735316E-16, -1.000000000000000000 ) ) ;
#3667 = ORIENTED_EDGE ( 'NONE', *, *, #4111, .T. ) ;
#3668 = CARTESIAN_POINT ( 'NONE',  ( 0.000000000000000000, 0.9577164262227573222, -0.4687499999999978351 ) ) ;
#3669 = CARTESIAN_POINT ( 'NONE',  ( 0.8294067547305484789, -0.4788582131113835461, 10.07500000000000284 ) ) ;
#3670 = FACE_OUTER_BOUND ( 'NONE', #790, .T. ) ;
#3671 = CARTESIAN_POINT ( 'NONE',  ( -1.530808498934197980E-16, -1.250000000000012434, 6.625000000000001776 ) ) ;
#3672 = CARTESIAN_POINT ( 'NONE',  ( 1.103625504730552320, 0.6371784822407128290, 7.632812500000004441 ) ) ;
#3673 = CARTESIAN_POINT ( 'NONE',  ( 0.8294067547305575827, -0.4788582131113875984, -1.518749999999998046 ) ) ;
#3674 = CARTESIAN_POINT ( 'NONE',  ( -1.103625504730554763, -0.6371784822407275950, -1.007812499999997780 ) ) ;
#3675 = CARTESIAN_POINT ( 'NONE',  ( 0.000000000000000000, 0.9583659452755938224, -0.4683749999999989311 ) ) ;
#3676 = VECTOR ( 'NONE', #266, 1000.000000000000000 ) ;
#3677 = CARTESIAN_POINT ( 'NONE',  ( 0.5529378364870329854, 0.9577164262227449987, 8.331250000000002487 ) ) ;
#3678 = ORIENTED_EDGE ( 'NONE', *, *, #1541, .F. ) ;
#3679 = DIRECTION ( 'NONE',  ( -0.000000000000000000, 1.157433492142735316E-16, -1.000000000000000000 ) ) ;
#3680 = B_SPLINE_CURVE_WITH_KNOTS ( 'NONE', 3,
 ( #2599, #1886, #3333, #4064, #813, #1914, #3050, #2625 ),
 .UNSPECIFIED., .F., .F.,
 ( 4, 2, 2, 4 ),
 ( 0.000000000000000000, 0.0002210527742266937801, 0.0004421055484533875602, 0.0008842110969067749036 ),
 .UNSPECIFIED. ) ;
#3681 = VECTOR ( 'NONE', #4193, 1000.000000000000000 ) ;
#3682 =( BOUNDED_CURVE ( )  B_SPLINE_CURVE ( 2, ( #3044, #2278, #1582, #2720, #4561, #3352, #864 ),
 .UNSPECIFIED., .F., .F. ) 
 B_SPLINE_CURVE_WITH_KNOTS ( ( 3, 2, 2, 3 ),
 ( 0.3846153846153846367, 0.3974358974358974117, 0.4102564102564102422, 0.4230769230769230727 ),
 .UNSPECIFIED. ) 
 CURVE ( )  GEOMETRIC_REPRESENTATION_ITEM ( )  RATIONAL_B_SPLINE_CURVE ( ( 1.000000000000000000, 0.8660254037844387076, 1.000000000000000000, 0.8660254037844387076, 1.000000000000000000, 0.8660254037844387076, 1.000000000000000000 ) ) 
 REPRESENTATION_ITEM ( '' )  );
#3683 = APPROVAL_DATE_TIME ( #1846, #1684 ) ;
#3684 = ORIENTED_EDGE ( 'NONE', *, *, #1547, .F. ) ;
#3685 =( GEOMETRIC_REPRESENTATION_CONTEXT ( 3 ) GLOBAL_UNCERTAINTY_ASSIGNED_CONTEXT ( ( #17 ) ) GLOBAL_UNIT_ASSIGNED_CONTEXT ( ( #4289, #1721, #1060 ) ) REPRESENTATION_CONTEXT ( 'NONE', 'WORKASPACE' ) );
#3686 = CARTESIAN_POINT ( 'NONE',  ( 1.082531754730553519, 0.6249999999999948930, 8.968750000000007105 ) ) ;
#3687 = CARTESIAN_POINT ( 'NONE',  ( -1.471500672974068724, -6.813601576860865123E-15, 6.470312500000003908 ) ) ;
#3688 = EDGE_CURVE ( 'NONE', #2493, #1083, #4571, .T. ) ;
#3689 = CARTESIAN_POINT ( 'NONE',  ( 0.7216878364870341622, -1.250000000000010214, -2.737500000000000266 ) ) ;
#3690 = CARTESIAN_POINT ( 'NONE',  ( 1.443375672974068991, -5.983499796925520662E-15, -1.762500000000001066 ) ) ;
#3691 = APPROVAL_PERSON_ORGANIZATION ( #1822, #1684, #1426 ) ;
#3692 = CARTESIAN_POINT ( 'NONE',  ( -0.5529378364870322082, 0.9577164262227454428, 8.406250000000001776 ) ) ;
#3693 = CARTESIAN_POINT ( 'NONE',  ( 0.5529378364870390916, 0.9577164262227569891, -1.406249999999997558 ) ) ;
#3694 = CARTESIAN_POINT ( 'NONE',  ( 0.5529378364870320972, -0.9577164262227595426, 8.631250000000003197 ) ) ;
#3695 = CARTESIAN_POINT ( 'NONE',  ( -1.103625504730551876, -0.6371784822407272619, 4.735937500000002132 ) ) ;
#3696 = ORIENTED_EDGE ( 'NONE', *, *, #4530, .F. ) ;
#3697 = CARTESIAN_POINT ( 'NONE',  ( -0.8294067547305579158, -0.4788582131113869322, -0.3187499999999978684 ) ) ;
#3698 = CARTESIAN_POINT ( 'NONE',  ( 1.105875672974065083, -7.106851071790302181E-15, 8.762500000000002842 ) ) ;
#3699 = CARTESIAN_POINT ( 'NONE',  ( -0.5529378364870328744, -0.9577164262227593206, 8.612500000000004263 ) ) ;
#3700 = CARTESIAN_POINT ( 'NONE',  ( -1.082531754730551965, -0.6250000000000075495, -1.950000000000000844 ) ) ;
#3701 = CARTESIAN_POINT ( 'NONE',  ( 0.7216878364870346063, -1.250000000000012434, 6.156250000000005329 ) ) ;
#3702 = CARTESIAN_POINT ( 'NONE',  ( 3.121274355046668358E-16, 1.274356964481434318, 8.157812500000003908 ) ) ;
#3703 = CARTESIAN_POINT ( 'NONE',  ( 1.103625504730554319, -0.6371784822407287052, -3.585937499999998668 ) ) ;
#3704 = CARTESIAN_POINT ( 'NONE',  ( -0.5529378364870388696, -0.9577164262227686464, -3.487499999999998046 ) ) ;
#3705 = EDGE_CURVE ( 'NONE', #214, #2619, #4746, .T. ) ;
#3706 = CARTESIAN_POINT ( 'NONE',  ( 2.249999999999998668, -1.078201627711679267, 0.1674308549307157168 ) ) ;
#3707 = CARTESIAN_POINT ( 'NONE',  ( -1.105875672974064861, -6.835989651157778155E-15, 8.931250000000002132 ) ) ;
#3708 = ORIENTED_EDGE ( 'NONE', *, *, #4451, .F. ) ;
#3709 = DIRECTION ( 'NONE',  ( 0.000000000000000000, 1.000000000000000000, 0.000000000000000000 ) ) ;
#3710 = ORIENTED_EDGE ( 'NONE', *, *, #4651, .F. ) ;
#3711 = CARTESIAN_POINT ( 'NONE',  ( 1.082531754730552631, -0.6250000000000101030, 5.350000000000001421 ) ) ;
#3712 = CARTESIAN_POINT ( 'NONE',  ( -1.103625504730551876, -0.6371784822407272619, 6.057812500000004263 ) ) ;
#3713 = CARTESIAN_POINT ( 'NONE',  ( 0.000000000000000000, 0.9577164262227573222, -1.424999999999998712 ) ) ;
#3714 =( BOUNDED_CURVE ( )  B_SPLINE_CURVE ( 2, ( #2128, #1020, #3570, #3207, #2497, #4650, #1356 ),
 .UNSPECIFIED., .F., .F. ) 
 B_SPLINE_CURVE_WITH_KNOTS ( ( 3, 2, 2, 3 ),
 ( 0.3785437875762931448, 0.3970623060948116345, 0.4155808246133302353, 0.4340993431318487250 ),
 .UNSPECIFIED. ) 
 CURVE ( )  GEOMETRIC_REPRESENTATION_ITEM ( )  RATIONAL_B_SPLINE_CURVE ( ( 1.000000000000000000, 0.8660254037844387076, 1.000000000000000000, 0.8660254037844387076, 1.000000000000000000, 0.8660254037844387076, 1.000000000000000000 ) ) 
 REPRESENTATION_ITEM ( '' )  );
#3715 = CARTESIAN_POINT ( 'NONE',  ( 0.8294067547305484789, -0.4788582131113834905, 7.318750000000002309 ) ) ;
#3716 = ADVANCED_FACE ( 'NONE', ( #2263 ), #1888, .T. ) ;
#3717 = CARTESIAN_POINT ( 'NONE',  ( -0.7216878364870354945, -1.250000000000012434, 6.587500000000000355 ) ) ;
#3718 = CARTESIAN_POINT ( 'NONE',  ( -1.172864355864535983E-16, -0.9577164262227593206, 8.143750000000002487 ) ) ;
#3719 = DIRECTION ( 'NONE',  ( -0.000000000000000000, 1.157433492142735316E-16, -1.000000000000000000 ) ) ;
#3720 = ORIENTED_EDGE ( 'NONE', *, *, #1437, .T. ) ;
#3721 = CARTESIAN_POINT ( 'NONE',  ( -0.5529378364870384255, 0.9577164262227572111, -2.231249999999997957 ) ) ;
#3722 = B_SPLINE_CURVE_WITH_KNOTS ( 'NONE', 3,
 ( #499, #3094, #4163, #1961 ),
 .UNSPECIFIED., .F., .F.,
 ( 4, 4 ),
 ( 0.000000000000000000, 0.0007480589644917839780 ),
 .UNSPECIFIED. ) ;
#3723 = CARTESIAN_POINT ( 'NONE',  ( -0.5529378364870328744, -0.9577164262227590985, 10.41250000000000320 ) ) ;
#3724 = CARTESIAN_POINT ( 'NONE',  ( 2.345728711729072459E-16, 0.9577164262227455538, 8.425000000000004263 ) ) ;
#3725 = CARTESIAN_POINT ( 'NONE',  ( -1.443375672974068991, -5.643751993840959694E-15, -1.987500000000000488 ) ) ;
#3726 = ORIENTED_EDGE ( 'NONE', *, *, #2236, .F. ) ;
#3727 = DIRECTION ( 'NONE',  ( 0.000000000000000000, 0.000000000000000000, 1.000000000000000000 ) ) ;
#3728 = CARTESIAN_POINT ( 'NONE',  ( 3.121274355046668358E-16, 1.274356964481434318, 7.707812500000004619 ) ) ;
#3729 = CARTESIAN_POINT ( 'NONE',  ( 0.000000000000000000, 0.9577164262227573222, -0.4687499999999978351 ) ) ;
#3730 = CARTESIAN_POINT ( 'NONE',  ( -0.5529378364870388696, -0.9577164262227685354, -0.7874999999999986455 ) ) ;
#3731 = CARTESIAN_POINT ( 'NONE',  ( 1.082531754730553519, 0.6249999999999948930, 5.818750000000005862 ) ) ;
#3732 = CARTESIAN_POINT ( 'NONE',  ( 2.345728711729071966E-16, 0.9577164262227454428, 8.368750000000002132 ) ) ;
#3733 = ORIENTED_EDGE ( 'NONE', *, *, #3273, .F. ) ;
#3734 = CARTESIAN_POINT ( 'NONE',  ( 2.058749999992247837, -1.409456344663649885, 9.832569145071531125 ) ) ;
#3735 = CARTESIAN_POINT ( 'NONE',  ( 1.105875672974064861, -7.106851071790302181E-15, 9.662500000000003197 ) ) ;
#3736 = ORIENTED_EDGE ( 'NONE', *, *, #2669, .T. ) ;
#3737 = CARTESIAN_POINT ( 'NONE',  ( -1.530808498934197980E-16, -1.250000000000012434, 5.275000000000002132 ) ) ;
#3738 = CARTESIAN_POINT ( 'NONE',  ( 1.103625504730552320, 0.6371784822407128290, 5.382812500000003553 ) ) ;
#3739 = CARTESIAN_POINT ( 'NONE',  ( -0.8294067547305578048, 0.4788582131113757745, -3.149999999999998135 ) ) ;
#3740 = CARTESIAN_POINT ( 'NONE',  ( -0.1912500000000100508, -2.487657972370796777, 0.1674308549307003957 ) ) ;
#3741 = CARTESIAN_POINT ( 'NONE',  ( -0.5529378364870322082, 0.9577164262227454428, 6.156250000000003553 ) ) ;
#3742 = CARTESIAN_POINT ( 'NONE',  ( 0.7216878364870341622, -1.250000000000010214, -3.581249999999994937 ) ) ;
#3743 = CARTESIAN_POINT ( 'NONE',  ( -0.5529378364870323193, 0.9577164262227454428, 7.506250000000002309 ) ) ;
#3744 = CARTESIAN_POINT ( 'NONE',  ( 0.7216878364870360496, 1.249999999999997558, 6.362500000000001599 ) ) ;
#3745 = ORIENTED_EDGE ( 'NONE', *, *, #3812, .T. ) ;
#3746 = CARTESIAN_POINT ( 'NONE',  ( 3.061616997868395960E-16, 1.249999999999998224, 8.200000000000001066 ) ) ;
#3747 = EDGE_CURVE ( 'NONE', #4394, #3822, #928, .T. ) ;
#3748 = CARTESIAN_POINT ( 'NONE',  ( -0.5529378364870328744, -0.9577164262227590985, 6.362500000000004263 ) ) ;
#3749 = CARTESIAN_POINT ( 'NONE',  ( 2.345728711729072459E-16, 0.9577164262227455538, 7.075000000000002842 ) ) ;
#3750 = CARTESIAN_POINT ( 'NONE',  ( 1.580000000000000071, 9.025506355797229604E-16, 10.00000000000000000 ) ) ;
#3751 = CARTESIAN_POINT ( 'NONE',  ( -0.7216878364870350504, -1.250000000000009770, -3.206249999999994937 ) ) ;
#3752 = ORIENTED_EDGE ( 'NONE', *, *, #1953, .T. ) ;
#3753 = CARTESIAN_POINT ( 'NONE',  ( -0.5529378364870384255, 0.9577164262227572111, -2.287499999999998757 ) ) ;
#3754 = ADVANCED_FACE ( 'NONE', ( #2971 ), #763, .F. ) ;
#3755 = CARTESIAN_POINT ( 'NONE',  ( -1.471500672974072721, -5.696277860460638691E-15, -2.873437499999999201 ) ) ;
#3756 = CARTESIAN_POINT ( 'NONE',  ( 0.5529378364870383145, -0.9577164262227688685, -2.512499999999998401 ) ) ;
#3757 = CARTESIAN_POINT ( 'NONE',  ( 0.7216878364870352724, 1.249999999999998002, -1.181249999999995692 ) ) ;
#3758 = CARTESIAN_POINT ( 'NONE',  ( 0.8294067547305490340, 0.4788582131113686136, 5.143750000000002487 ) ) ;
#3759 = CONICAL_SURFACE ( 'NONE', #4151, 2.205000000000000071, 1.047197551196600074 ) ;
#3760 = ORIENTED_EDGE ( 'NONE', *, *, #3045, .F. ) ;
#3761 = CARTESIAN_POINT ( 'NONE',  ( 1.443375672974070101, -7.168848815997138269E-15, 9.437500000000001776 ) ) ;
#3762 = CARTESIAN_POINT ( 'NONE',  ( -0.5529378364870322082, 0.9577164262227454428, 9.362500000000002487 ) ) ;
#3763 = AXIS2_PLACEMENT_3D ( 'NONE', #3541, #1032, #1714 ) ;
#3764 = EDGE_LOOP ( 'NONE', ( #2999, #4125, #209, #1626 ) ) ;
#3765 = CYLINDRICAL_SURFACE ( 'NONE', #4387, 1.249999999999998446 ) ;
#3766 = CARTESIAN_POINT ( 'NONE',  ( 1.103625504730552320, 0.6371784822407128290, 7.182812500000004263 ) ) ;
#3767 = EDGE_LOOP ( 'NONE', ( #4658, #1647, #1880, #3987 ) ) ;
#3768 = VECTOR ( 'NONE', #3930, 1000.000000000000000 ) ;
#3769 = CARTESIAN_POINT ( 'NONE',  ( -0.8294067547305579158, -0.4788582131113870433, -2.174999999999998490 ) ) ;
#3770 = CARTESIAN_POINT ( 'NONE',  ( 0.06687076361143802494, -2.538958566004968276, 9.807193742990298446 ) ) ;
#3771 = FACE_OUTER_BOUND ( 'NONE', #935, .T. ) ;
#3772 = CARTESIAN_POINT ( 'NONE',  ( 0.8294067547305484789, -0.4788582131113834905, 9.118750000000002132 ) ) ;
#3773 = FACE_OUTER_BOUND ( 'NONE', #2571, .T. ) ;
#3774 = ORIENTED_EDGE ( 'NONE', *, *, #728, .T. ) ;
#3775 = CARTESIAN_POINT ( 'NONE',  ( 0.8294067547305490340, 0.4788582131113686691, 7.450000000000003730 ) ) ;
#3776 = CARTESIAN_POINT ( 'NONE',  ( 3.061616997868395960E-16, 1.249999999999998224, 5.950000000000001066 ) ) ;
#3777 = CARTESIAN_POINT ( 'NONE',  ( -1.530808498934197980E-16, -1.250000000000012434, 5.275000000000002132 ) ) ;
#3778 = CARTESIAN_POINT ( 'NONE',  ( -1.530808498934196747E-16, -1.250000000000009770, -3.168749999999995293 ) ) ;
#3779 = ORIENTED_EDGE ( 'NONE', *, *, #4140, .F. ) ;
#3780 = ORIENTED_EDGE ( 'NONE', *, *, #3812, .F. ) ;
#3781 = CARTESIAN_POINT ( 'NONE',  ( 0.8294067547305575827, -0.4788582131113876539, -2.474999999999998757 ) ) ;
#3782 = CARTESIAN_POINT ( 'NONE',  ( -1.172864355864548802E-16, -0.9577164262227686464, -0.6937499999999982014 ) ) ;
#3783 = CARTESIAN_POINT ( 'NONE',  ( -0.8294067547305579158, -0.4788582131113869877, -1.724999999999998757 ) ) ;
#3784 = EDGE_CURVE ( 'NONE', #58, #549, #616, .T. ) ;
#3785 = CARTESIAN_POINT ( 'NONE',  ( 0.09737193673148855644, 1.176420530386194097, 9.590401032653931068 ) ) ;
#3786 = CARTESIAN_POINT ( 'NONE',  ( 1.105875672974064861, -7.106851071790302181E-15, 7.356250000000001954 ) ) ;
#3787 = ORIENTED_EDGE ( 'NONE', *, *, #1424, .T. ) ;
#3788 = DIRECTION ( 'NONE',  ( 1.000000000000000000, 0.000000000000000000, 0.000000000000000000 ) ) ;
#3789 = CARTESIAN_POINT ( 'NONE',  ( -0.5529378364870326523, -0.9577164262227589875, 9.962500000000002132 ) ) ;
#3790 = ORIENTED_EDGE ( 'NONE', *, *, #3705, .F. ) ;
#3791 = CARTESIAN_POINT ( 'NONE',  ( -0.7216878364870350504, 1.249999999999998446, 5.931250000000004796 ) ) ;
#3792 = CARTESIAN_POINT ( 'NONE',  ( 1.105875672974064861, -7.106851071790302181E-15, 8.312500000000003553 ) ) ;
#3793 = ORIENTED_EDGE ( 'NONE', *, *, #4325, .T. ) ;
#3794 = CARTESIAN_POINT ( 'NONE',  ( 0.8294067547305582488, 0.4788582131113750529, -1.949999999999998623 ) ) ;
#3795 = DIRECTION ( 'NONE',  ( -0.000000000000000000, 1.157433492142735316E-16, -1.000000000000000000 ) ) ;
#3796 = CARTESIAN_POINT ( 'NONE',  ( 0.000000000000000000, 1.249999999999998446, -3.000000000000000888 ) ) ;
#3797 = CARTESIAN_POINT ( 'NONE',  ( -0.5529378364870327633, -0.9577164262227590985, 5.406250000000001776 ) ) ;
#3798 = DIRECTION ( 'NONE',  ( 0.000000000000000000, 1.000000000000000000, 0.000000000000000000 ) ) ;
#3799 = ORIENTED_EDGE ( 'NONE', *, *, #778, .F. ) ;
#3800 = CARTESIAN_POINT ( 'NONE',  ( -1.530808498934197980E-16, -1.250000000000012434, 7.974999999999999645 ) ) ;
#3801 = CARTESIAN_POINT ( 'NONE',  ( -0.8294067547305488119, -0.4788582131113828799, 7.225000000000004086 ) ) ;
#3802 = ADVANCED_FACE ( 'NONE', ( #4119 ), #4199, .F. ) ;
#3803 = CARTESIAN_POINT ( 'NONE',  ( -1.082531754730553075, -0.6250000000000092149, 6.100000000000001421 ) ) ;
#3804 = FACE_OUTER_BOUND ( 'NONE', #3059, .T. ) ;
#3805 = DIRECTION ( 'NONE',  ( -0.000000000000000000, 0.000000000000000000, 1.000000000000000000 ) ) ;
#3806 = ORIENTED_EDGE ( 'NONE', *, *, #1482, .F. ) ;
#3807 = CARTESIAN_POINT ( 'NONE',  ( 1.105875672974077295, -5.935279329209095748E-15, -1.987499999999998712 ) ) ;
#3808 = CARTESIAN_POINT ( 'NONE',  ( 1.103625504730555207, 0.6371784822407154936, -3.060937499999999201 ) ) ;
#3809 = CARTESIAN_POINT ( 'NONE',  ( -0.8294067547305579158, -0.4788582131113870433, -2.174999999999998490 ) ) ;
#3810 = CARTESIAN_POINT ( 'NONE',  ( -1.443375672974070101, -6.815323736422166126E-15, 6.906250000000006217 ) ) ;
#3811 = CARTESIAN_POINT ( 'NONE',  ( 0.8294067547305490340, 0.4788582131113686136, 6.043750000000002842 ) ) ;
#3812 = EDGE_CURVE ( 'NONE', #2898, #828, #4508, .T. ) ;
#3813 = CARTESIAN_POINT ( 'NONE',  ( 0.000000000000000000, -1.258909218984051749E-16, -3.899999999999999911 ) ) ;
#3814 = CARTESIAN_POINT ( 'NONE',  ( -1.105875672974064861, -6.835989651157778155E-15, 9.437500000000001776 ) ) ;
#3815 = CARTESIAN_POINT ( 'NONE',  ( -1.172864355864535983E-16, -0.9577164262227593206, 8.200000000000002842 ) ) ;
#3816 = ORIENTED_EDGE ( 'NONE', *, *, #990, .F. ) ;
#3817 = CARTESIAN_POINT ( 'NONE',  ( -0.8294067547305579158, -0.4788582131113870988, -3.524999999999998579 ) ) ;
#3818 = CARTESIAN_POINT ( 'NONE',  ( 0.000000000000000000, 1.249999999999998224, -3.899999999999999911 ) ) ;
#3819 = CARTESIAN_POINT ( 'NONE',  ( -0.6710041598264173679, -0.6833550837979860404, -3.900000000000000355 ) ) ;
#3820 = CARTESIAN_POINT ( 'NONE',  ( -0.5529378364870323193, 0.9577164262227454428, 5.256250000000003197 ) ) ;
#3821 = CARTESIAN_POINT ( 'NONE',  ( 3.061616997868395960E-16, 1.249999999999998224, 9.043750000000002842 ) ) ;
#3822 = VERTEX_POINT ( 'NONE', #143 ) ;
#3823 = CARTESIAN_POINT ( 'NONE',  ( 2.115893281016593797, 1.376464655981861407, 0.1838936497272641579 ) ) ;
#3824 = CARTESIAN_POINT ( 'NONE',  ( 0.5529378364870322082, -0.9577164262227596536, 7.787500000000002309 ) ) ;
#3825 = CARTESIAN_POINT ( 'NONE',  ( -0.8294067547305487009, 0.4788582131113694462, 6.250000000000003553 ) ) ;
#3826 = CARTESIAN_POINT ( 'NONE',  ( -2.249999999999999112, 0.3653576706506708183, 9.960894556352240414 ) ) ;
#3827 = ORIENTED_EDGE ( 'NONE', *, *, #387, .F. ) ;
#3828 = CARTESIAN_POINT ( 'NONE',  ( 0.5529378364870390916, 0.9577164262227571001, -1.462499999999998579 ) ) ;
#3829 = CARTESIAN_POINT ( 'NONE',  ( -1.471500672974072721, -5.668723307479824229E-15, -2.423437499999999023 ) ) ;
#3830 = CARTESIAN_POINT ( 'NONE',  ( -0.8294067547305579158, -0.4788582131113869322, -0.3749999999999986122 ) ) ;
#3831 = DIRECTION ( 'NONE',  ( -0.000000000000000000, 1.157433492142735316E-16, -1.000000000000000000 ) ) ;
#3832 = CARTESIAN_POINT ( 'NONE',  ( 0.8294067547305484789, -0.4788582131113834905, 5.518750000000002487 ) ) ;
#3833 = CARTESIAN_POINT ( 'NONE',  ( -2.249999999999999112, 1.078201627711623756, -6.873863542433756635 ) ) ;
#3834 = CARTESIAN_POINT ( 'NONE',  ( -1.172864355864535983E-16, -0.9577164262227593206, 10.45000000000000284 ) ) ;
#3835 = CARTESIAN_POINT ( 'NONE',  ( -1.172864355864535983E-16, -0.9577164262227593206, 7.750000000000003553 ) ) ;
#3836 = ORIENTED_EDGE ( 'NONE', *, *, #2349, .F. ) ;
#3837 =( BOUNDED_CURVE ( )  B_SPLINE_CURVE ( 2, ( #1543, #462, #3731, #407, #3339, #1513, #1924 ),
 .UNSPECIFIED., .F., .F. ) 
 B_SPLINE_CURVE_WITH_KNOTS ( ( 3, 2, 2, 3 ),
 ( 0.8461538461538461453, 0.8589743589743589203, 0.8717948717948718063, 0.8846153846153845812 ),
 .UNSPECIFIED. ) 
 CURVE ( )  GEOMETRIC_REPRESENTATION_ITEM ( )  RATIONAL_B_SPLINE_CURVE ( ( 1.000000000000000000, 0.8660254037844387076, 1.000000000000000000, 0.8660254037844387076, 1.000000000000000000, 0.8660254037844387076, 1.000000000000000000 ) ) 
 REPRESENTATION_ITEM ( '' )  );
#3838 = CARTESIAN_POINT ( 'NONE',  ( -0.9970212581014020747, -0.2378520777581958623, -3.899999999999999467 ) ) ;
#3839 = CARTESIAN_POINT ( 'NONE',  ( 0.000000000000000000, 0.9577164262227571001, -4.068749999999997868 ) ) ;
#3840 = AXIS2_PLACEMENT_3D ( 'NONE', #3621, #325, #4380 ) ;
#3841 = CARTESIAN_POINT ( 'NONE',  ( -1.082531754730552853, 0.6249999999999957812, 7.768750000000005151 ) ) ;
#3842 = CARTESIAN_POINT ( 'NONE',  ( -0.1703673879457447415, -1.250000000000012434, 5.209897450843760325 ) ) ;
#3843 = CARTESIAN_POINT ( 'NONE',  ( 0.000000000000000000, 1.249999999999998224, -3.899999999999999911 ) ) ;
#3844 = ADVANCED_FACE ( 'NONE', ( #2335 ), #2142, .F. ) ;
#3845 = VERTEX_POINT ( 'NONE', #2647 ) ;
#3846 = DIRECTION ( 'NONE',  ( 0.000000000000000000, 0.000000000000000000, 1.000000000000000000 ) ) ;
#3847 = AXIS2_PLACEMENT_3D ( 'NONE', #2584, #3592, #361 ) ;
#3848 = CARTESIAN_POINT ( 'NONE',  ( 0.5529378364870329854, 0.9577164262227451097, 7.937500000000003553 ) ) ;
#3849 = CARTESIAN_POINT ( 'NONE',  ( 0.8294067547305490340, 0.4788582131113686691, 6.550000000000003375 ) ) ;
#3850 = AXIS2_PLACEMENT_3D ( 'NONE', #4630, #672, #933 ) ;
#3851 = CARTESIAN_POINT ( 'NONE',  ( -1.530808498934196747E-16, -1.250000000000009770, -2.268749999999995381 ) ) ;
#3852 = ORIENTED_EDGE ( 'NONE', *, *, #4502, .F. ) ;
#3853 = CARTESIAN_POINT ( 'NONE',  ( 0.8294067547305582488, 0.4788582131113751084, -1.499999999999998668 ) ) ;
#3854 = CARTESIAN_POINT ( 'NONE',  ( 1.103625504730555207, 0.6371784822407156046, -1.260937499999998934 ) ) ;
#3855 = CARTESIAN_POINT ( 'NONE',  ( -2.058749999999990088, -1.409456344659181015, 9.832569145069300021 ) ) ;
#3856 = CARTESIAN_POINT ( 'NONE',  ( 1.083148262507983572, 0.3086213851855013623, 9.535784210116208470 ) ) ;
#3857 = CARTESIAN_POINT ( 'NONE',  ( -0.5529378364870322082, 0.9577164262227454428, 5.256250000000002309 ) ) ;
#3858 = EDGE_CURVE ( 'NONE', #1211, #75, #2428, .T. ) ;
#3859 = CARTESIAN_POINT ( 'NONE',  ( 0.7357503364870370266, 1.274356964481438315, -1.645312499999997513 ) ) ;
#3860 = CARTESIAN_POINT ( 'NONE',  ( -1.172864355864535983E-16, -0.9577164262227593206, 6.850000000000004086 ) ) ;
#3861 = VERTEX_POINT ( 'NONE', #1194 ) ;
#3862 = DIRECTION ( 'NONE',  ( -0.000000000000000000, 0.000000000000000000, 1.000000000000000000 ) ) ;
#3863 = CARTESIAN_POINT ( 'NONE',  ( -1.172864355864548802E-16, -0.9577164262227688685, -3.843749999999997780 ) ) ;
#3864 = CARTESIAN_POINT ( 'NONE',  ( -0.9978297649220179144, -0.6928999944141488454, 9.621935682488128805 ) ) ;
#3865 = CARTESIAN_POINT ( 'NONE',  ( -0.8294067547305487009, 0.4788582131113693907, 5.293750000000002842 ) ) ;
#3866 = FACE_OUTER_BOUND ( 'NONE', #3767, .T. ) ;
#3867 = ORIENTED_EDGE ( 'NONE', *, *, #377, .T. ) ;
#3868 = CARTESIAN_POINT ( 'NONE',  ( 1.751407957523575920, -1.586900355616227332, 0.08771028900139903051 ) ) ;
#3869 = CARTESIAN_POINT ( 'NONE',  ( -1.530808498934197980E-16, -1.250000000000012434, 9.268750000000004263 ) ) ;
#3870 = EDGE_CURVE ( 'NONE', #214, #170, #275, .T. ) ;
#3871 = CARTESIAN_POINT ( 'NONE',  ( -1.105875672974064861, -6.835989651157778155E-15, 9.381250000000003197 ) ) ;
#3872 = CARTESIAN_POINT ( 'NONE',  ( -0.5529378364870388696, -0.9577164262227686464, -2.081249999999998046 ) ) ;
#3873 = CARTESIAN_POINT ( 'NONE',  ( 3.121274355046668358E-16, 1.274356964481434318, 8.635937500000000711 ) ) ;
#3874 = ORIENTED_EDGE ( 'NONE', *, *, #2863, .F. ) ;
#3875 = CARTESIAN_POINT ( 'NONE',  ( 0.000000000000000000, 0.9577164262227572111, -2.718749999999998224 ) ) ;
#3876 = CARTESIAN_POINT ( 'NONE',  ( -0.7357503364870342510, 1.274356964481434540, 9.123437500000001421 ) ) ;
#3877 = CARTESIAN_POINT ( 'NONE',  ( -1.471500672974072721, -5.586059648537377689E-15, -1.073437499999998934 ) ) ;
#3878 =( BOUNDED_CURVE ( )  B_SPLINE_CURVE ( 2, ( #4707, #4091, #2511, #3248, #2143, #1419, #1054, #2260, #1398, #4115, #3995, #1014, #3610, #1371, #4685, #1755, #758, #290, #4347, #3951, #1033, #3699, #4457, #2233, #2624, #3973, #3724, #2884, #1505, #2969, #670, #650, #401, #3332, #1529, #314, #4729, #1861, #424, #2121, #2996, #1777, #1145, #788, #4367, #3357, #2841, #1885, #61, #4486, #1170, #812, #2283, #269, #1734, #3202, #4328, #3437, #120, #4221, #4173, #451, #3749, #4510, #145, #189, #1657, #1561, #2385, #1292, #4588, #4565, #4197, #1272, #868, #1913, #3849, #4538, #2361, #2724, #2767, #1635, #892, #2309, #3825, #3078, #3101, #3414, #4141, #528, #1990, #3124, #2699, #1968, #1250, #553, #1196, #4610, #3021, #2019, #2747, #2674, #3483, #92, #3460, #1942, #168, #914, #4247, #938, #3388, #2337, #1586 ),
 .UNSPECIFIED., .F., .F. ) 
 B_SPLINE_CURVE_WITH_KNOTS ( ( 3, 2, 2, 2, 2, 2, 2, 2, 2, 2, 2, 2, 2, 2, 2, 2, 2, 2, 2, 2, 2, 2, 2, 2, 2, 2, 2, 2, 2, 2, 2, 2, 2, 2, 2, 2, 2, 2, 2, 2, 2, 2, 2, 2, 2, 2, 2, 2, 2, 2, 2, 2, 2, 2, 2, 2, 3 ),
 ( 0.2219066148612573453, 0.2307692307692307820, 0.2435897435897435848, 0.2564102564102563875, 0.2692307692307692180, 0.2820512820512820484, 0.2948717948717948789, 0.3076923076923077094, 0.3205128205128205399, 0.3333333333333333148, 0.3461538461538461453, 0.3589743589743589758, 0.3717948717948718063, 0.3846153846153846367, 0.3974358974358974117, 0.4102564102564102422, 0.4230769230769231282, 0.4358974358974359031, 0.4487179487179487336, 0.4615384615384615641, 0.4743589743589743390, 0.4871794871794871695, 0.5000000000000000000, 0.5128205128205127750, 0.5256410256410256610, 0.5384615384615384359, 0.5512820512820513219, 0.5641025641025640969, 0.5769230769230768718, 0.5897435897435897578, 0.6025641025641025328, 0.6153846153846154188, 0.6282051282051281937, 0.6410256410256410797, 0.6538461538461538547, 0.6666666666666666297, 0.6794871794871795156, 0.6923076923076922906, 0.7051282051282051766, 0.7179487179487179516, 0.7307692307692308376, 0.7435897435897436125, 0.7564102564102563875, 0.7692307692307693845, 0.7820512820512821595, 0.7948717948717949344, 0.8076923076923077094, 0.8205128205128204844, 0.8333333333333334814, 0.8461538461538462563, 0.8589743589743590313, 0.8717948717948718063, 0.8846153846153845812, 0.8974358974358975782, 0.9102564102564103532, 0.9230769230769231282, 0.9358974358974359031 ),
 .UNSPECIFIED. ) 
 CURVE ( )  GEOMETRIC_REPRESENTATION_ITEM ( )  RATIONAL_B_SPLINE_CURVE ( ( 0.9428168514496044761, 0.9073854997606206618, 1.000000000000000000, 0.8660254037844387076, 1.000000000000000000, 0.8660254037844387076, 1.000000000000000000, 0.8660254037844387076, 1.000000000000000000, 0.8660254037844387076, 1.000000000000000000, 0.8660254037844387076, 1.000000000000000000, 0.8660254037844387076, 1.000000000000000000, 0.8660254037844387076, 1.000000000000000000, 0.8660254037844387076, 1.000000000000000000, 0.8660254037844387076, 1.000000000000000000, 0.8660254037844387076, 1.000000000000000000, 0.8660254037844387076, 1.000000000000000000, 0.8660254037844387076, 1.000000000000000000, 0.8660254037844387076, 1.000000000000000000, 0.8660254037844387076, 1.000000000000000000, 0.8660254037844387076, 1.000000000000000000, 0.8660254037844387076, 1.000000000000000000, 0.8660254037844387076, 1.000000000000000000, 0.8660254037844387076, 1.000000000000000000, 0.8660254037844387076, 1.000000000000000000, 0.8660254037844387076, 1.000000000000000000, 0.8660254037844387076, 1.000000000000000000, 0.8660254037844387076, 1.000000000000000000, 0.8660254037844387076, 1.000000000000000000, 0.8660254037844387076, 1.000000000000000000, 0.8660254037844387076, 1.000000000000000000, 0.8660254037844387076, 1.000000000000000000, 0.8660254037844387076, 1.000000000000000000, 0.8660254037844387076, 1.000000000000000000, 0.8660254037844387076, 1.000000000000000000, 0.8660254037844387076, 1.000000000000000000, 0.8660254037844387076, 1.000000000000000000, 0.8660254037844387076, 1.000000000000000000, 0.8660254037844387076, 1.000000000000000000, 0.8660254037844387076, 1.000000000000000000, 0.8660254037844387076, 1.000000000000000000, 0.8660254037844387076, 1.000000000000000000, 0.8660254037844387076, 1.000000000000000000, 0.8660254037844387076, 1.000000000000000000, 0.8660254037844387076, 1.000000000000000000, 0.8660254037844387076, 1.000000000000000000, 0.8660254037844387076, 1.000000000000000000, 0.8660254037844387076, 1.000000000000000000, 0.8660254037844387076, 1.000000000000000000, 0.8660254037844387076, 1.000000000000000000, 0.8660254037844387076, 1.000000000000000000, 0.8660254037844387076, 1.000000000000000000, 0.8660254037844387076, 1.000000000000000000, 0.8660254037844387076, 1.000000000000000000, 0.8660254037844387076, 1.000000000000000000, 0.8660254037844387076, 1.000000000000000000, 0.8660254037844387076, 1.000000000000000000, 0.8660254037844387076, 1.000000000000000000, 0.8660254037844387076, 1.000000000000000000, 0.8660254037844387076, 1.000000000000000000, 0.8660254037844387076, 1.000000000000000000 ) ) 
 REPRESENTATION_ITEM ( '' )  );
#3879 = CARTESIAN_POINT ( 'NONE',  ( -1.281228882126025814, -1.858358371364333461, 9.974126031989509755 ) ) ;
#3880 = CARTESIAN_POINT ( 'NONE',  ( 0.000000000000000000, -4.336808689942017736E-15, 0.000000000000000000 ) ) ;
#3881 =( BOUNDED_CURVE ( )  B_SPLINE_CURVE ( 2, ( #1712, #3260, #347, #3108, #3181, #4662, #4228 ),
 .UNSPECIFIED., .F., .T. ) 
 B_SPLINE_CURVE_WITH_KNOTS ( ( 3, 2, 2, 3 ),
 ( 0.6666666666666666297, 0.6794871794871795156, 0.6923076923076922906, 0.7051282051282050656 ),
 .UNSPECIFIED. ) 
 CURVE ( )  GEOMETRIC_REPRESENTATION_ITEM ( )  RATIONAL_B_SPLINE_CURVE ( ( 1.000000000000000000, 0.8660254037844387076, 1.000000000000000000, 0.8660254037844387076, 1.000000000000000000, 0.8660254037844387076, 1.000000000000000000 ) ) 
 REPRESENTATION_ITEM ( '' )  );
#3882 = CARTESIAN_POINT ( 'NONE',  ( 3.121274355046668358E-16, 1.274356964481434318, 10.40781250000000391 ) ) ;
#3883 = DIRECTION ( 'NONE',  ( -0.000000000000000000, 1.157433492142735316E-16, -1.000000000000000000 ) ) ;
#3884 = CARTESIAN_POINT ( 'NONE',  ( 1.103625504730555207, 0.6371784822407154936, -3.482812499999997424 ) ) ;
#3885 = CARTESIAN_POINT ( 'NONE',  ( -1.105875672974064861, -6.835989651157778155E-15, 7.637500000000003730 ) ) ;
#3886 = ORIENTED_EDGE ( 'NONE', *, *, #934, .T. ) ;
#3887 = CARTESIAN_POINT ( 'NONE',  ( 1.105875672974077073, -5.852615670266649997E-15, -0.6374999999999988454 ) ) ;
#3888 = CARTESIAN_POINT ( 'NONE',  ( 0.8294067547305582488, 0.4788582131113749973, -3.243749999999998135 ) ) ;
#3889 = CARTESIAN_POINT ( 'NONE',  ( 0.000000000000000000, 1.249999999999998446, -2.100000000000000533 ) ) ;
#3890 = CARTESIAN_POINT ( 'NONE',  ( -1.753246730713073465, 1.585838739420289079, 9.920583650766598538 ) ) ;
#3891 = EDGE_LOOP ( 'NONE', ( #4637, #3189, #1820, #3037 ) ) ;
#3892 = CARTESIAN_POINT ( 'NONE',  ( 0.000000000000000000, -3.101560285789158899E-15, 10.00000000000000000 ) ) ;
#3893 = CARTESIAN_POINT ( 'NONE',  ( 0.8294067547305484789, -0.4788582131113835461, 5.575000000000003730 ) ) ;
#3894 = CARTESIAN_POINT ( 'NONE',  ( -1.105875672974064861, -6.835989651157778155E-15, 8.931250000000002132 ) ) ;
#3895 = CARTESIAN_POINT ( 'NONE',  ( -0.9599566222303311802, 2.119197106222003493E-11, 9.379956622230334773 ) ) ;
#3896 = CARTESIAN_POINT ( 'NONE',  ( -0.7357503364870342510, 1.274356964481434540, 8.673437500000002132 ) ) ;
#3897 = VERTEX_POINT ( 'NONE', #3412 ) ;
#3898 = CARTESIAN_POINT ( 'NONE',  ( -0.5529378364870384255, 0.9577164262227573222, -0.4874999999999987677 ) ) ;
#3899 = EDGE_CURVE ( 'NONE', #952, #4145, #4687, .T. ) ;
#3900 = CARTESIAN_POINT ( 'NONE',  ( 1.103625504730551432, -0.6371784822407281501, 9.385937500000002487 ) ) ;
#3901 = CARTESIAN_POINT ( 'NONE',  ( -1.471500672974072721, -5.558505095556562438E-15, -0.6234374999999989786 ) ) ;
#3902 = DIRECTION ( 'NONE',  ( 0.000000000000000000, 1.000000000000000000, 0.000000000000000000 ) ) ;
#3903 = CARTESIAN_POINT ( 'NONE',  ( 0.000000000000000000, 1.182716426222756967, -6.224989167072468607E-17 ) ) ;
#3904 = EDGE_CURVE ( 'NONE', #644, #2219, #398, .T. ) ;
#3905 = CARTESIAN_POINT ( 'NONE',  ( 0.2351544940650034665, 1.134545206719182353, -3.790454793282652890 ) ) ;
#3906 = CARTESIAN_POINT ( 'NONE',  ( 0.7216878364870341622, -1.250000000000009992, -0.9375000000000007772 ) ) ;
#3907 = CARTESIAN_POINT ( 'NONE',  ( -0.7357503364870368046, -1.274356964481449861, -1.870312499999997602 ) ) ;
#3908 = CARTESIAN_POINT ( 'NONE',  ( 0.8294067547305490340, 0.4788582131113686136, 6.100000000000004086 ) ) ;
#3909 = VERTEX_POINT ( 'NONE', #1168 ) ;
#3910 = DIRECTION ( 'NONE',  ( -0.000000000000000000, 1.157433492142735316E-16, -1.000000000000000000 ) ) ;
#3911 = CARTESIAN_POINT ( 'NONE',  ( -0.5529378364870384255, 0.9577164262227572111, -2.231249999999997957 ) ) ;
#3912 = CARTESIAN_POINT ( 'NONE',  ( 0.000000000000000000, 1.249999999999998224, -2.943749999999995648 ) ) ;
#3913 = ORIENTED_EDGE ( 'NONE', *, *, #2889, .T. ) ;
#3914 = CARTESIAN_POINT ( 'NONE',  ( 1.443375672974068991, -6.035164583764549947E-15, -2.606249999999995737 ) ) ;
#3915 = AXIS2_PLACEMENT_3D ( 'NONE', #546, #2303, #1629 ) ;
#3916 = CARTESIAN_POINT ( 'NONE',  ( 0.8294067547305490340, 0.4788582131113686691, 5.200000000000002842 ) ) ;
#3917 = CARTESIAN_POINT ( 'NONE',  ( -1.530808498934197980E-16, -1.250000000000012434, 7.918750000000005507 ) ) ;
#3918 = CARTESIAN_POINT ( 'NONE',  ( 0.000000000000000000, 0.9577164262227572111, -3.168749999999997957 ) ) ;
#3919 = CARTESIAN_POINT ( 'NONE',  ( 0.7357503364870339180, -1.274356964481448307, 7.548437500000001243 ) ) ;
#3920 = ORIENTED_EDGE ( 'NONE', *, *, #1447, .F. ) ;
#3921 = VECTOR ( 'NONE', #3661, 1000.000000000000000 ) ;
#3922 = CARTESIAN_POINT ( 'NONE',  ( -0.09915677328049850303, -1.083948711728530023, -0.3017820626159972708 ) ) ;
#3923 = CARTESIAN_POINT ( 'NONE',  ( 0.7357503364870351392, 1.274356964481433874, 9.048437500000002132 ) ) ;
#3924 = VECTOR ( 'NONE', #3666, 1000.000000000000000 ) ;
#3925 = CARTESIAN_POINT ( 'NONE',  ( 0.000000000000000000, 1.274356964481438759, -2.085937499999998668 ) ) ;
#3926 = AXIS2_PLACEMENT_3D ( 'NONE', #2785, #955, #2828 ) ;
#3927 = FACE_OUTER_BOUND ( 'NONE', #2909, .T. ) ;
#3928 = CARTESIAN_POINT ( 'NONE',  ( -0.5529378364870326523, -0.9577164262227589875, 4.956250000000003375 ) ) ;
#3929 = EDGE_CURVE ( 'NONE', #3353, #2160, #3538, .T. ) ;
#3930 = DIRECTION ( 'NONE',  ( -0.000000000000000000, 1.157433492142735316E-16, -1.000000000000000000 ) ) ;
#3931 = EDGE_CURVE ( 'NONE', #2431, #3369, #426, .T. ) ;
#3932 = CARTESIAN_POINT ( 'NONE',  ( 1.471500672974072721, -6.041192142229105033E-15, -2.620312499999997602 ) ) ;
#3933 = CARTESIAN_POINT ( 'NONE',  ( 0.8294067547305484789, -0.4788582131113834905, 6.475000000000003197 ) ) ;
#3934 = ORIENTED_EDGE ( 'NONE', *, *, #3931, .F. ) ;
#3935 = CARTESIAN_POINT ( 'NONE',  ( -0.9645557851251258530, -0.3249369954306303709, -3.900000000000019895 ) ) ;
#3936 = CARTESIAN_POINT ( 'NONE',  ( -1.105875672974077295, -5.729859971906007450E-15, -3.056249999999997691 ) ) ;
#3937 = CARTESIAN_POINT ( 'NONE',  ( 2.249999999999998668, 1.078201627711622868, 9.832569145069296468 ) ) ;
#3938 = PLANE ( 'NONE',  #2463 ) ;
#3939 = CARTESIAN_POINT ( 'NONE',  ( -2.058749999999990088, 1.409456344659176574, 0.1674308549307021166 ) ) ;
#3940 = CARTESIAN_POINT ( 'NONE',  ( -1.172864355864536229E-16, -0.9577164262227594316, 5.050000000000003375 ) ) ;
#3941 = CARTESIAN_POINT ( 'NONE',  ( -0.8294067547305488119, -0.4788582131113828244, 8.968750000000003553 ) ) ;
#3942 = CARTESIAN_POINT ( 'NONE',  ( -1.172864355864548802E-16, -0.9577164262227688685, -3.393749999999998046 ) ) ;
#3943 = CARTESIAN_POINT ( 'NONE',  ( 0.7357503364870339180, -1.274356964481448307, 7.098437500000002842 ) ) ;
#3944 = ORIENTED_EDGE ( 'NONE', *, *, #1037, .F. ) ;
#3945 = CARTESIAN_POINT ( 'NONE',  ( 0.5529378364870390916, 0.9577164262227568781, -3.206249999999997602 ) ) ;
#3946 = EDGE_CURVE ( 'NONE', #411, #2014, #4076, .T. ) ;
#3947 = CARTESIAN_POINT ( 'NONE',  ( -1.103625504730551654, 0.6371784822407138282, 9.610937500000002132 ) ) ;
#3948 = CARTESIAN_POINT ( 'NONE',  ( 3.061616997868395960E-16, 1.249999999999998224, 6.793750000000004619 ) ) ;
#3949 = CARTESIAN_POINT ( 'NONE',  ( -2.249999999999998668, -0.7239596378977199986, 9.920952210944875560 ) ) ;
#3950 = CARTESIAN_POINT ( 'NONE',  ( 0.000000000000000000, 1.249999999999998224, -3.899999999999999911 ) ) ;
#3951 = CARTESIAN_POINT ( 'NONE',  ( 0.5529378364870322082, -0.9577164262227597646, 8.687500000000003553 ) ) ;
#3952 = CARTESIAN_POINT ( 'NONE',  ( 1.103625504730554319, -0.6371784822407285942, -2.207812499999997513 ) ) ;
#3953 = DIRECTION ( 'NONE',  ( 0.000000000000000000, 0.000000000000000000, 1.000000000000000000 ) ) ;
#3954 = CARTESIAN_POINT ( 'NONE',  ( -1.172864355864535983E-16, -0.9577164262227593206, 10.39375000000000249 ) ) ;
#3955 = EDGE_CURVE ( 'NONE', #170, #3909, #1598, .T. ) ;
#3956 = ORIENTED_EDGE ( 'NONE', *, *, #4014, .T. ) ;
#3957 = FACE_OUTER_BOUND ( 'NONE', #1993, .T. ) ;
#3958 = CARTESIAN_POINT ( 'NONE',  ( -0.7803085111243737160, -0.9765339868468595474, 9.670000000000065654 ) ) ;
#3959 = CARTESIAN_POINT ( 'NONE',  ( -2.249999999999998668, -1.144185005067695160, 9.816106350270036529 ) ) ;
#3960 = DIRECTION ( 'NONE',  ( 1.000000000000000000, 0.000000000000000000, 0.000000000000000000 ) ) ;
#3961 = EDGE_CURVE ( 'NONE', #3253, #1211, #3573, .T. ) ;
#3962 = CARTESIAN_POINT ( 'NONE',  ( -1.082531754730552853, 0.6249999999999957812, 9.118750000000005684 ) ) ;
#3963 = CARTESIAN_POINT ( 'NONE',  ( 0.5529378364870329854, 0.9577164262227449987, 10.13125000000000320 ) ) ;
#3964 = CARTESIAN_POINT ( 'NONE',  ( -1.105875672974077073, -5.674750865944376949E-15, -2.156249999999997780 ) ) ;
#3965 = CARTESIAN_POINT ( 'NONE',  ( -1.471500672974068724, -6.813601576860865123E-15, 6.948437500000001599 ) ) ;
#3966 = ORIENTED_EDGE ( 'NONE', *, *, #2343, .F. ) ;
#3967 = CARTESIAN_POINT ( 'NONE',  ( -0.5529378364870388696, -0.9577164262227686464, -3.431249999999997691 ) ) ;
#3968 = CARTESIAN_POINT ( 'NONE',  ( -0.7357503364870348062, -1.274356964481448085, 9.273437500000003553 ) ) ;
#3969 = CARTESIAN_POINT ( 'NONE',  ( -2.058749999999990088, 1.409456344659176574, 0.1674308549307021166 ) ) ;
#3970 = CARTESIAN_POINT ( 'NONE',  ( -2.249999999999998668, -1.078201627712044974, 9.832569145069191663 ) ) ;
#3971 = DIRECTION ( 'NONE',  ( -0.000000000000000000, 1.157433492142735316E-16, -1.000000000000000000 ) ) ;
#3972 =( BOUNDED_CURVE ( )  B_SPLINE_CURVE ( 2, ( #2089, #1360, #4654, #3123, #1339, #1004, #640 ),
 .UNSPECIFIED., .F., .F. ) 
 B_SPLINE_CURVE_WITH_KNOTS ( ( 3, 2, 2, 3 ),
 ( 0.4743589743589743390, 0.4871794871794871695, 0.5000000000000000000, 0.5128205128205127750 ),
 .UNSPECIFIED. ) 
 CURVE ( )  GEOMETRIC_REPRESENTATION_ITEM ( )  RATIONAL_B_SPLINE_CURVE ( ( 1.000000000000000000, 0.8660254037844387076, 1.000000000000000000, 0.8660254037844387076, 1.000000000000000000, 0.8660254037844387076, 1.000000000000000000 ) ) 
 REPRESENTATION_ITEM ( '' )  );
#3973 = CARTESIAN_POINT ( 'NONE',  ( -0.5529378364870324303, 0.9577164262227455538, 8.462500000000002132 ) ) ;
#3974 = CARTESIAN_POINT ( 'NONE',  ( -0.5529378364870384255, 0.9577164262227572111, -2.737499999999998934 ) ) ;
#3975 = CARTESIAN_POINT ( 'NONE',  ( -1.580000000000000071, 1.096044829845004684E-15, 10.00000000000000000 ) ) ;
#3976 = CARTESIAN_POINT ( 'NONE',  ( 0.5529378364870320972, -0.9577164262227595426, 9.981250000000001066 ) ) ;
#3977 = VERTEX_POINT ( 'NONE', #3527 ) ;
#3978 = CARTESIAN_POINT ( 'NONE',  ( -0.7216878364870354945, -1.250000000000012434, 7.937500000000001776 ) ) ;
#3979 = CARTESIAN_POINT ( 'NONE',  ( 0.7216878364870346063, -1.250000000000012434, 7.056250000000004796 ) ) ;
#3980 = CARTESIAN_POINT ( 'NONE',  ( 2.249999999999998668, 1.078201627711623756, 0.1674308549307040872 ) ) ;
#3981 = CARTESIAN_POINT ( 'NONE',  ( 0.8294067547305582488, 0.4788582131113749418, -3.749999999999998668 ) ) ;
#3982 = CARTESIAN_POINT ( 'NONE',  ( -1.105875672974064861, -6.835989651157778155E-15, 8.481250000000002842 ) ) ;
#3983 = EDGE_CURVE ( 'NONE', #3328, #3126, #762, .T. ) ;
#3984 = CARTESIAN_POINT ( 'NONE',  ( 0.8294067547305582488, 0.4788582131113750529, -1.893749999999997824 ) ) ;
#3985 = CARTESIAN_POINT ( 'NONE',  ( -1.530808498934196747E-16, -1.250000000000009992, -2.775000000000000355 ) ) ;
#3986 = CARTESIAN_POINT ( 'NONE',  ( -1.012144795050346380, 0.6351605235445292319, -3.735843218530005228 ) ) ;
#3987 = ORIENTED_EDGE ( 'NONE', *, *, #423, .T. ) ;
#3988 = CARTESIAN_POINT ( 'NONE',  ( 0.8294067547305582488, 0.4788582131113751639, -0.5437499999999981792 ) ) ;
#3989 = VECTOR ( 'NONE', #3142, 1000.000000000000000 ) ;
#3990 = CARTESIAN_POINT ( 'NONE',  ( -0.5529378364870324303, 0.9577164262227455538, 9.812500000000003553 ) ) ;
#3991 = CARTESIAN_POINT ( 'NONE',  ( -1.249937498436453520, -0.01250000004220803637, -0.6367499999990497983 ) ) ;
#3992 = CONICAL_SURFACE ( 'NONE', #1827, 1.024999999999996803, 0.7853981633974507215 ) ;
#3993 = DIRECTION ( 'NONE',  ( -0.000000000000000000, 1.157433492142735316E-16, -1.000000000000000000 ) ) ;
#3994 = CARTESIAN_POINT ( 'NONE',  ( -1.471500672974068724, -6.813601576860865123E-15, 9.620312500000004263 ) ) ;
#3995 = CARTESIAN_POINT ( 'NONE',  ( -0.8294067547305488119, -0.4788582131113828799, 9.025000000000003908 ) ) ;
#3996 = AXIS2_PLACEMENT_3D ( 'NONE', #1266, #2276, #3095 ) ;
#3997 = CARTESIAN_POINT ( 'NONE',  ( 0.8294067547305582488, 0.4788582131113749973, -3.299999999999998490 ) ) ;
#3998 = AXIS2_PLACEMENT_3D ( 'NONE', #4410, #1174, #2902 ) ;
#3999 = CARTESIAN_POINT ( 'NONE',  ( -2.249999999999998668, -1.078201627711628197, -6.873863542433756635 ) ) ;
#4000 = CARTESIAN_POINT ( 'NONE',  ( -0.8294067547305487009, 0.4788582131113693907, 5.350000000000003197 ) ) ;
#4001 = ORIENTED_EDGE ( 'NONE', *, *, #3216, .F. ) ;
#4002 = EDGE_CURVE ( 'NONE', #3456, #708, #4459, .T. ) ;
#4003 = CARTESIAN_POINT ( 'NONE',  ( 0.000000000000000000, -3.101560285789158899E-15, 10.00000000000000000 ) ) ;
#4004 = CARTESIAN_POINT ( 'NONE',  ( 0.000000000000000000, 0.000000000000000000, 0.000000000000000000 ) ) ;
#4005 = LOCAL_TIME ( 18, 19, 49.00000000000000000, #2586 ) ;
#4006 = CARTESIAN_POINT ( 'NONE',  ( 1.082531754730552631, -0.6250000000000101030, 7.093750000000005329 ) ) ;
#4007 = CARTESIAN_POINT ( 'NONE',  ( -1.082531754730552853, 0.6249999999999957812, 9.625000000000000000 ) ) ;
#4008 = CARTESIAN_POINT ( 'NONE',  ( 1.105875672974064861, -7.106851071790302181E-15, 6.906250000000002665 ) ) ;
#4009 = CARTESIAN_POINT ( 'NONE',  ( 0.8294067547305575827, -0.4788582131113875984, -1.068749999999998090 ) ) ;
#4010 = CYLINDRICAL_SURFACE ( 'NONE', #4464, 1.250000000000000222 ) ;
#4011 = CARTESIAN_POINT ( 'NONE',  ( 1.471500672974068724, -7.174015294681039699E-15, 5.373437500000001421 ) ) ;
#4012 = ORIENTED_EDGE ( 'NONE', *, *, #4594, .T. ) ;
#4013 = CARTESIAN_POINT ( 'NONE',  ( -1.172864355864548802E-16, -0.9577164262227687574, -2.043749999999997957 ) ) ;
#4014 = EDGE_CURVE ( 'NONE', #771, #272, #4270, .T. ) ;
#4015 = ADVANCED_FACE ( 'NONE', ( #1676 ), #2991, .T. ) ;
#4016 = CARTESIAN_POINT ( 'NONE',  ( -1.172864355864536229E-16, -0.9577164262227594316, 10.00000000000000355 ) ) ;
#4017 = CARTESIAN_POINT ( 'NONE',  ( -1.580000000000000071, 1.096044829845004684E-15, 10.00000000000000000 ) ) ;
#4018 = CARTESIAN_POINT ( 'NONE',  ( 1.105875672974077295, -6.045497541132358328E-15, -3.787499999999998312 ) ) ;
#4019 = CARTESIAN_POINT ( 'NONE',  ( -0.7357503364870348062, -1.274356964481448085, 7.895312500000004619 ) ) ;
#4020 = CARTESIAN_POINT ( 'NONE',  ( 0.8294067547305582488, 0.4788582131113750529, -1.893749999999997824 ) ) ;
#4021 = CARTESIAN_POINT ( 'NONE',  ( 0.7357503364870370266, 1.274356964481438315, -0.7453124999999977129 ) ) ;
#4022 = DIRECTION ( 'NONE',  ( 0.000000000000000000, 1.000000000000000000, 1.132070143937707872E-16 ) ) ;
#4023 = CARTESIAN_POINT ( 'NONE',  ( -0.8294067547305487009, 0.4788582131113693907, 8.893750000000002487 ) ) ;
#4024 = ORIENTED_EDGE ( 'NONE', *, *, #1653, .T. ) ;
#4025 = CARTESIAN_POINT ( 'NONE',  ( 0.000000000000000000, 1.249999999999998446, -2.550000000000001155 ) ) ;
#4026 =( BOUNDED_CURVE ( )  B_SPLINE_CURVE ( 2, ( #2522, #1983, #474, #1215, #114, #4165, #3796 ),
 .UNSPECIFIED., .F., .F. ) 
 B_SPLINE_CURVE_WITH_KNOTS ( ( 3, 2, 2, 3 ),
 ( 0.1666666666666666019, 0.1851851851851851194, 0.2037037037037036646, 0.2222222222222221821 ),
 .UNSPECIFIED. ) 
 CURVE ( )  GEOMETRIC_REPRESENTATION_ITEM ( )  RATIONAL_B_SPLINE_CURVE ( ( 1.000000000000000444, 0.8660254037844383745, 1.000000000000000000, 0.8660254037844387076, 1.000000000000000000, 0.8660254037844389297, 0.9999999999999997780 ) ) 
 REPRESENTATION_ITEM ( '' )  );
#4027 = CARTESIAN_POINT ( 'NONE',  ( 2.058749999992247393, 1.409456344663646554, 0.1674308549284711511 ) ) ;
#4028 = CARTESIAN_POINT ( 'NONE',  ( 0.7357503364870351392, 1.274356964481433874, 6.320312500000004441 ) ) ;
#4029 = CARTESIAN_POINT ( 'NONE',  ( -1.530808498934197980E-16, -1.250000000000012434, 9.325000000000001066 ) ) ;
#4030 = CARTESIAN_POINT ( 'NONE',  ( -0.8096241497989326019, 0.5271380196150362574, 9.377716426222745483 ) ) ;
#4031 = CARTESIAN_POINT ( 'NONE',  ( -0.8294067547305488119, -0.4788582131113828244, 8.068750000000003197 ) ) ;
#4032 = CARTESIAN_POINT ( 'NONE',  ( -1.082531754730552853, 0.6249999999999957812, 6.475000000000001421 ) ) ;
#4033 = CARTESIAN_POINT ( 'NONE',  ( 0.5529378364870329854, 0.9577164262227449987, 8.331250000000002487 ) ) ;
#4034 = CARTESIAN_POINT ( 'NONE',  ( -8.959799595407067958E-12, 1.143016786888945591, -3.781983213111048681 ) ) ;
#4035 = PRODUCT_RELATED_PRODUCT_CATEGORY ( 'detail', '', ( #4516 ) ) ;
#4036 = VERTEX_POINT ( 'NONE', #936 ) ;
#4037 = CARTESIAN_POINT ( 'NONE',  ( -0.8294067547305578048, 0.4788582131113758855, -1.293749999999997957 ) ) ;
#4038 = CARTESIAN_POINT ( 'NONE',  ( 1.105875672974065083, -7.106851071790302181E-15, 10.11250000000000426 ) ) ;
#4039 = CARTESIAN_POINT ( 'NONE',  ( 2.205000000000000071, -4.627517788746202135E-15, 0.000000000000000000 ) ) ;
#4040 = DIRECTION ( 'NONE',  ( -0.000000000000000000, 1.157433492142735316E-16, -1.000000000000000000 ) ) ;
#4041 = CARTESIAN_POINT ( 'NONE',  ( -1.560637177523334179E-16, -1.274356964481448085, 8.382812500000003553 ) ) ;
#4042 = CARTESIAN_POINT ( 'NONE',  ( 0.5529378364870383145, -0.9577164262227689795, -3.356249999999997513 ) ) ;
#4043 = CARTESIAN_POINT ( 'NONE',  ( 1.103625504730554319, -0.6371784822407284832, -0.8578124999999978684 ) ) ;
#4044 = ADVANCED_FACE ( 'NONE', ( #959 ), #64, .T. ) ;
#4045 = CARTESIAN_POINT ( 'NONE',  ( -0.003671882606330184422, 0.9581504290652941291, -0.4682505716579677402 ) ) ;
#4046 = CARTESIAN_POINT ( 'NONE',  ( 0.8294067547305484789, -0.4788582131113834905, 9.118750000000002132 ) ) ;
#4047 = ORIENTED_EDGE ( 'NONE', *, *, #1691, .F. ) ;
#4048 = CARTESIAN_POINT ( 'NONE',  ( 1.530808498934191817E-16, -1.250000000000000444, -3.899999999999999911 ) ) ;
#4049 = CALENDAR_DATE ( 2026, 8, 1 ) ;
#4050 = ORIENTED_EDGE ( 'NONE', *, *, #3400, .T. ) ;
#4051 = CARTESIAN_POINT ( 'NONE',  ( -1.082531754730553075, -0.6250000000000092149, 9.643750000000002487 ) ) ;
#4052 = CARTESIAN_POINT ( 'NONE',  ( 1.103625504730551432, -0.6371784822407281501, 7.107812500000004974 ) ) ;
#4053 = CARTESIAN_POINT ( 'NONE',  ( 1.448409885672697117E-16, -1.182716426222758299, -0.2250000000000000333 ) ) ;
#4054 =( BOUNDED_CURVE ( )  B_SPLINE_CURVE ( 2, ( #1329, #2533, #3585, #3224, #2489, #2862, #2649 ),
 .UNSPECIFIED., .F., .F. ) 
 B_SPLINE_CURVE_WITH_KNOTS ( ( 3, 2, 2, 3 ),
 ( 0.05555555555555560798, 0.07407407407407409772, 0.09259259259259258745, 0.1111111111111110911 ),
 .UNSPECIFIED. ) 
 CURVE ( )  GEOMETRIC_REPRESENTATION_ITEM ( )  RATIONAL_B_SPLINE_CURVE ( ( 0.9999999999999995559, 0.8660254037844391517, 1.000000000000000000, 0.8660254037844387076, 1.000000000000000000, 0.8660254037844388186, 0.9999999999999998890 ) ) 
 REPRESENTATION_ITEM ( '' )  );
#4055 = CARTESIAN_POINT ( 'NONE',  ( 0.7216878364870341622, -1.250000000000009992, -1.837500000000000799 ) ) ;
#4056 = CARTESIAN_POINT ( 'NONE',  ( 0.8294067547305490340, 0.4788582131113686136, 6.943750000000003197 ) ) ;
#4057 = CARTESIAN_POINT ( 'NONE',  ( -0.5529378364870388696, -0.9577164262227683134, -1.181249999999997913 ) ) ;
#4058 =( BOUNDED_CURVE ( )  B_SPLINE_CURVE ( 2, ( #1040, #298, #1762, #2518, #2152 ),
 .UNSPECIFIED., .F., .F. ) 
 B_SPLINE_CURVE_WITH_KNOTS ( ( 3, 2, 3 ),
 ( 0.7777777777777776791, 0.7962962962962962798, 0.8057283400058369294 ),
 .UNSPECIFIED. ) 
 CURVE ( )  GEOMETRIC_REPRESENTATION_ITEM ( )  RATIONAL_B_SPLINE_CURVE ( ( 1.000000000000000888, 0.8660254037844379305, 1.000000000000000000, 0.9317626706364452449, 0.9330360283762625384 ) ) 
 REPRESENTATION_ITEM ( '' )  );
#4059 = CARTESIAN_POINT ( 'NONE',  ( 0.5529378364870329854, 0.9577164262227449987, 7.431250000000003020 ) ) ;
#4060 = CARTESIAN_POINT ( 'NONE',  ( 0.000000000000000000, 1.250000000000000000, -3.899999999999999911 ) ) ;
#4061 = ORIENTED_EDGE ( 'NONE', *, *, #2315, .F. ) ;
#4062 = CARTESIAN_POINT ( 'NONE',  ( 1.105875672974077295, -5.931835010086494532E-15, -1.931249999999998135 ) ) ;
#4063 = CARTESIAN_POINT ( 'NONE',  ( 0.8294067547305484789, -0.4788582131113835461, 9.625000000000003553 ) ) ;
#4064 = CARTESIAN_POINT ( 'NONE',  ( -0.8599034295358272129, 0.5281560989567578579, 9.426579374978727444 ) ) ;
#4065 = CARTESIAN_POINT ( 'NONE',  ( -0.8294067547305579158, -0.4788582131113871543, -3.974999999999998312 ) ) ;
#4066 = CARTESIAN_POINT ( 'NONE',  ( 0.7357503364870339180, -1.274356964481448307, 8.870312500000006040 ) ) ;
#4067 = AXIS2_PLACEMENT_3D ( 'NONE', #1251, #63, #1172 ) ;
#4068 = CARTESIAN_POINT ( 'NONE',  ( 0.8294067547305575827, -0.4788582131113875429, -0.6187499999999982458 ) ) ;
#4069 = CARTESIAN_POINT ( 'NONE',  ( -1.172864355864548802E-16, -0.9577164262227688685, -3.449999999999998845 ) ) ;
#4070 = CARTESIAN_POINT ( 'NONE',  ( -1.580000000000000071, 1.096044829845004684E-15, 10.00000000000000000 ) ) ;
#4071 = CIRCLE ( 'NONE', #4699, 1.249999999999997780 ) ;
#4072 = CARTESIAN_POINT ( 'NONE',  ( 0.5529378364870320972, -0.9577164262227595426, 7.731250000000001954 ) ) ;
#4073 = VERTEX_POINT ( 'NONE', #4653 ) ;
#4074 = ADVANCED_FACE ( 'NONE', ( #1338 ), #1022, .F. ) ;
#4075 = FACE_OUTER_BOUND ( 'NONE', #2306, .T. ) ;
#4076 = CIRCLE ( 'NONE', #2000, 2.205000000000000071 ) ;
#4077 = CALENDAR_DATE ( 2026, 8, 1 ) ;
#4078 = ORIENTED_EDGE ( 'NONE', *, *, #806, .F. ) ;
#4079 = APPROVAL_PERSON_ORGANIZATION ( #2608, #29, #677 ) ;
#4080 = CARTESIAN_POINT ( 'NONE',  ( 3.061616997868395960E-16, 1.249999999999998224, 5.893750000000006040 ) ) ;
#4081 = CARTESIAN_POINT ( 'NONE',  ( 0.7357503364870351392, 1.274356964481433874, 7.220312500000003908 ) ) ;
#4082 = CARTESIAN_POINT ( 'NONE',  ( 0.000000000000000000, 1.250000000000000000, -3.899999999999999911 ) ) ;
#4083 = CARTESIAN_POINT ( 'NONE',  ( 3.061616997868395960E-16, 1.249999999999998224, 6.850000000000000533 ) ) ;
#4084 = CARTESIAN_POINT ( 'NONE',  ( 0.5529378364870329854, 0.9577164262227449987, 6.981250000000002842 ) ) ;
#4085 = CARTESIAN_POINT ( 'NONE',  ( -1.443375672974070101, -6.815323736422166126E-15, 6.512500000000001954 ) ) ;
#4086 = CARTESIAN_POINT ( 'NONE',  ( -0.5529378364870323193, 0.9577164262227454428, 7.056250000000003020 ) ) ;
#4087 = CARTESIAN_POINT ( 'NONE',  ( -0.7357503364870342510, 1.274356964481434540, 5.973437500000001954 ) ) ;
#4088 = ORIENTED_EDGE ( 'NONE', *, *, #1697, .F. ) ;
#4089 = CARTESIAN_POINT ( 'NONE',  ( -0.8294067547305578048, 0.4788582131113758855, -1.743749999999997913 ) ) ;
#4090 = CARTESIAN_POINT ( 'NONE',  ( 0.5529378364870329854, 0.9577164262227451097, 9.287500000000004974 ) ) ;
#4091 = CARTESIAN_POINT ( 'NONE',  ( -0.3648141177346659325, 0.9577164262227454428, 9.349741532433315072 ) ) ;
#4092 = CARTESIAN_POINT ( 'NONE',  ( -1.272199586309288932E-15, -2.598076211353317788, -6.873863542433756635 ) ) ;
#4093 = VERTEX_POINT ( 'NONE', #3551 ) ;
#4094 = CARTESIAN_POINT ( 'NONE',  ( -0.7357503364870348062, -1.274356964481448085, 8.795312500000004974 ) ) ;
#4095 = CARTESIAN_POINT ( 'NONE',  ( 0.7357503364870359164, -1.274356964481450527, -3.173437499999998579 ) ) ;
#4096 = CARTESIAN_POINT ( 'NONE',  ( -0.5529378364870384255, 0.9577164262227573222, -1.387499999999998401 ) ) ;
#4097 = CARTESIAN_POINT ( 'NONE',  ( 1.082531754730553519, 0.6249999999999948930, 7.618750000000005684 ) ) ;
#4098 = CARTESIAN_POINT ( 'NONE',  ( -0.8294067547305488119, -0.4788582131113828244, 8.518750000000002487 ) ) ;
#4099 = ORIENTED_EDGE ( 'NONE', *, *, #4434, .F. ) ;
#4100 = DIRECTION ( 'NONE',  ( 0.000000000000000000, 1.000000000000000000, 0.000000000000000000 ) ) ;
#4101 = ORIENTED_EDGE ( 'NONE', *, *, #4757, .T. ) ;
#4102 = ADVANCED_FACE ( 'NONE', ( #3190 ), #2130, .T. ) ;
#4103 = CARTESIAN_POINT ( 'NONE',  ( 0.1912500000077498041, 2.487657972366322134, 9.832569145071529348 ) ) ;
#4104 = CARTESIAN_POINT ( 'NONE',  ( 0.7357503364870351392, 1.274356964481433874, 6.770312500000003730 ) ) ;
#4105 = CARTESIAN_POINT ( 'NONE',  ( -0.5529378364870384255, 0.9577164262227573222, -1.387499999999998401 ) ) ;
#4106 = CARTESIAN_POINT ( 'NONE',  ( 1.103625504730554319, -0.6371784822407287052, -4.007812499999997335 ) ) ;
#4107 = CARTESIAN_POINT ( 'NONE',  ( 0.8294067547305490340, 0.4788582131113686136, 6.043750000000002842 ) ) ;
#4108 = CARTESIAN_POINT ( 'NONE',  ( 1.443375672974070101, -7.168848815997138269E-15, 5.837500000000000355 ) ) ;
#4109 = CARTESIAN_POINT ( 'NONE',  ( 0.8294067547305484789, -0.4788582131113834905, 6.868750000000003020 ) ) ;
#4110 = CARTESIAN_POINT ( 'NONE',  ( 2.164955578321392959, -1.327882310996746806, 9.807248115923545839 ) ) ;
#4111 = EDGE_CURVE ( 'NONE', #828, #1659, #4210, .T. ) ;
#4112 = ORIENTED_EDGE ( 'NONE', *, *, #2730, .F. ) ;
#4113 = DIRECTION ( 'NONE',  ( -0.000000000000000000, 1.157433492142735316E-16, -1.000000000000000000 ) ) ;
#4114 = CARTESIAN_POINT ( 'NONE',  ( -0.5529378364870324303, 0.9577164262227455538, 8.012500000000004619 ) ) ;
#4115 = CARTESIAN_POINT ( 'NONE',  ( -0.5529378364870328744, -0.9577164262227593206, 9.062500000000003553 ) ) ;
#4116 = CARTESIAN_POINT ( 'NONE',  ( 1.443375672974068991, -5.924946371841289734E-15, -0.8062499999999959144 ) ) ;
#4117 = CARTESIAN_POINT ( 'NONE',  ( 0.1922569313440165295, -1.030189010475260014, 9.459131872981243916 ) ) ;
#4118 = ORIENTED_EDGE ( 'NONE', *, *, #3346, .T. ) ;
#4119 = FACE_OUTER_BOUND ( 'NONE', #1344, .T. ) ;
#4120 = CARTESIAN_POINT ( 'NONE',  ( -1.103625504730551876, -0.6371784822407272619, 7.407812500000004796 ) ) ;
#4121 = CARTESIAN_POINT ( 'NONE',  ( -1.471500672974072721, -5.751386966422269981E-15, -3.773437499999998224 ) ) ;
#4122 = CARTESIAN_POINT ( 'NONE',  ( 0.5529378364870390916, 0.9577164262227569891, -1.912499999999998979 ) ) ;
#4123 = CARTESIAN_POINT ( 'NONE',  ( 0.000000000000000000, 1.249999999999998224, -1.143749999999995826 ) ) ;
#4124 = CARTESIAN_POINT ( 'NONE',  ( -1.172864355864535983E-16, -0.9577164262227593206, 9.043750000000002842 ) ) ;
#4125 = ORIENTED_EDGE ( 'NONE', *, *, #1306, .T. ) ;
#4126 = CARTESIAN_POINT ( 'NONE',  ( 1.082531754730552631, -0.6250000000000101030, 9.400000000000000355 ) ) ;
#4127 = CARTESIAN_POINT ( 'NONE',  ( -0.8294067547305488119, -0.4788582131113828244, 9.925000000000002487 ) ) ;
#4128 = VERTEX_POINT ( 'NONE', #2477 ) ;
#4129 = CARTESIAN_POINT ( 'NONE',  ( 0.7216878364870346063, -1.250000000000012434, 8.856250000000006395 ) ) ;
#4130 = CARTESIAN_POINT ( 'NONE',  ( -0.7357503364870348062, -1.274356964481448085, 5.195312500000005329 ) ) ;
#4131 = VERTEX_POINT ( 'NONE', #3939 ) ;
#4132 = CARTESIAN_POINT ( 'NONE',  ( -1.105875672974077073, -5.705749738047794205E-15, -2.662499999999998312 ) ) ;
#4133 = CARTESIAN_POINT ( 'NONE',  ( 1.033261059863180398, 0.2003619351635770318, -0.5174613036320507842 ) ) ;
#4134 = CARTESIAN_POINT ( 'NONE',  ( -0.7216878364870350504, -1.250000000000009770, -2.756249999999995648 ) ) ;
#4135 = CARTESIAN_POINT ( 'NONE',  ( 1.105875672974064861, -7.106851071790302181E-15, 8.706250000000002487 ) ) ;
#4136 = CARTESIAN_POINT ( 'NONE',  ( -1.082531754730551743, 0.6249999999999964473, -2.925000000000000711 ) ) ;
#4137 = ORIENTED_EDGE ( 'NONE', *, *, #2191, .T. ) ;
#4138 = CARTESIAN_POINT ( 'NONE',  ( -1.082531754730553075, -0.6250000000000092149, 7.393750000000005151 ) ) ;
#4139 = CARTESIAN_POINT ( 'NONE',  ( -1.105875672974065083, -6.835989651157778155E-15, 7.187500000000003553 ) ) ;
#4140 = EDGE_CURVE ( 'NONE', #1654, #2194, #3503, .T. ) ;
#4141 = CARTESIAN_POINT ( 'NONE',  ( 0.8294067547305490340, 0.4788582131113686691, 6.100000000000004086 ) ) ;
#4142 = CARTESIAN_POINT ( 'NONE',  ( -1.530808498934196747E-16, -1.250000000000009548, -0.9187499999999959588 ) ) ;
#4143 = CARTESIAN_POINT ( 'NONE',  ( 0.000000000000000000, 9.025506355797229604E-16, 10.00000000000000000 ) ) ;
#4144 = ORIENTED_EDGE ( 'NONE', *, *, #3656, .T. ) ;
#4145 = VERTEX_POINT ( 'NONE', #4608 ) ;
#4146 = CARTESIAN_POINT ( 'NONE',  ( -0.8294067547305578048, 0.4788582131113758855, -1.349999999999998757 ) ) ;
#4147 = CARTESIAN_POINT ( 'NONE',  ( -1.560637177523338370E-16, -1.274356964481450305, -2.760937499999998490 ) ) ;
#4148 = CARTESIAN_POINT ( 'NONE',  ( 0.000000000000000000, 0.9577164262227573222, -0.9749999999999988676 ) ) ;
#4149 = DIRECTION ( 'NONE',  ( 0.000000000000000000, 1.000000000000000000, 0.000000000000000000 ) ) ;
#4150 = CARTESIAN_POINT ( 'NONE',  ( -0.8294067547305488119, -0.4788582131113828244, 6.718750000000002665 ) ) ;
#4151 = AXIS2_PLACEMENT_3D ( 'NONE', #3880, #2393, #2367 ) ;
#4152 = ORIENTED_EDGE ( 'NONE', *, *, #3216, .T. ) ;
#4153 = CARTESIAN_POINT ( 'NONE',  ( -1.530808498934196747E-16, -1.250000000000009992, -3.225000000000000977 ) ) ;
#4154 = CARTESIAN_POINT ( 'NONE',  ( 2.205000000000000071, -3.101560285789158899E-15, 10.00000000000000000 ) ) ;
#4155 = CIRCLE ( 'NONE', #3294, 0.2249999999999999500 ) ;
#4156 = ORIENTED_EDGE ( 'NONE', *, *, #4666, .T. ) ;
#4157 = CARTESIAN_POINT ( 'NONE',  ( 0.7216878364870360496, 1.249999999999997780, 9.006250000000004974 ) ) ;
#4158 = CARTESIAN_POINT ( 'NONE',  ( 0.5529378364870329854, 0.9577164262227449987, 8.387500000000002842 ) ) ;
#4159 = EDGE_CURVE ( 'NONE', #484, #75, #3107, .T. ) ;
#4160 = ORIENTED_EDGE ( 'NONE', *, *, #223, .F. ) ;
#4161 = CONICAL_SURFACE ( 'NONE', #3080, 1.249999999999999334, 1.047197551196601628 ) ;
#4162 = CARTESIAN_POINT ( 'NONE',  ( 0.5529378364870390916, 0.9577164262227568781, -2.362499999999998934 ) ) ;
#4163 = CARTESIAN_POINT ( 'NONE',  ( 0.4969756644077226171, 0.8559374008155757885, 5.200000000000004619 ) ) ;
#4164 = CONICAL_SURFACE ( 'NONE', #3996, 1.580000000000000071, 0.7853981633974500554 ) ;
#4165 = CARTESIAN_POINT ( 'NONE',  ( 0.7216878364870360496, 1.249999999999996669, -3.037500000000000533 ) ) ;
#4166 = CARTESIAN_POINT ( 'NONE',  ( -1.082531754730551965, -0.6250000000000075495, -2.343749999999995559 ) ) ;
#4167 = CARTESIAN_POINT ( 'NONE',  ( -1.530808498934197980E-16, -1.250000000000012434, 9.268750000000004263 ) ) ;
#4168 = ORIENTED_EDGE ( 'NONE', *, *, #38, .F. ) ;
#4169 = CARTESIAN_POINT ( 'NONE',  ( 1.082531754730552631, 0.6249999999999954481, -1.275000000000001021 ) ) ;
#4170 = LOCAL_TIME ( 18, 19, 49.00000000000000000, #721 ) ;
#4171 =( BOUNDED_CURVE ( )  B_SPLINE_CURVE ( 2, ( #2893, #2155, #4718, #2914, #2590, #1473, #4029 ),
 .UNSPECIFIED., .F., .F. ) 
 B_SPLINE_CURVE_WITH_KNOTS ( ( 3, 2, 2, 3 ),
 ( 0.7435897435897436125, 0.7564102564102563875, 0.7692307692307691624, 0.7820512820512820484 ),
 .UNSPECIFIED. ) 
 CURVE ( )  GEOMETRIC_REPRESENTATION_ITEM ( )  RATIONAL_B_SPLINE_CURVE ( ( 1.000000000000000000, 0.8660254037844387076, 1.000000000000000000, 0.8660254037844387076, 1.000000000000000000, 0.8660254037844387076, 1.000000000000000000 ) ) 
 REPRESENTATION_ITEM ( '' )  );
#4172 = CARTESIAN_POINT ( 'NONE',  ( 0.8294067547305490340, 0.4788582131113686691, 6.100000000000004086 ) ) ;
#4173 = CARTESIAN_POINT ( 'NONE',  ( -0.8294067547305487009, 0.4788582131113694462, 7.150000000000003908 ) ) ;
#4174 = DIRECTION ( 'NONE',  ( 0.7071067811865487940, 0.000000000000000000, 0.7071067811865463515 ) ) ;
#4175 = CARTESIAN_POINT ( 'NONE',  ( 0.1912499999999991429, 2.487657972370797665, -6.873863542433756635 ) ) ;
#4176 = VERTEX_POINT ( 'NONE', #2519 ) ;
#4177 = CARTESIAN_POINT ( 'NONE',  ( 0.8294067547305582488, 0.4788582131113750529, -2.399999999999998579 ) ) ;
#4178 = ADVANCED_FACE ( 'NONE', ( #2153 ), #1407, .T. ) ;
#4179 = CARTESIAN_POINT ( 'NONE',  ( -1.560637177523338370E-16, -1.274356964481450305, -3.660937499999998845 ) ) ;
#4180 = CARTESIAN_POINT ( 'NONE',  ( 0.5529378364870390916, 0.9577164262227571001, -1.012499999999998623 ) ) ;
#4181 = CARTESIAN_POINT ( 'NONE',  ( -1.530808498934197980E-16, -1.250000000000012434, 7.018750000000006040 ) ) ;
#4182 = CARTESIAN_POINT ( 'NONE',  ( 2.345728711729071966E-16, 0.9577164262227454428, 6.118750000000003020 ) ) ;
#4183 = ORIENTED_EDGE ( 'NONE', *, *, #1662, .T. ) ;
#4184 = CARTESIAN_POINT ( 'NONE',  ( 1.082531754730552631, -0.6250000000000101030, 6.643750000000005151 ) ) ;
#4185 = FACE_OUTER_BOUND ( 'NONE', #1675, .T. ) ;
#4186 = CARTESIAN_POINT ( 'NONE',  ( -0.1912500000077523299, -2.487657972366326131, 9.832569145071529348 ) ) ;
#4187 = CARTESIAN_POINT ( 'NONE',  ( -1.105875672974064861, -6.835989651157778155E-15, 8.537500000000003197 ) ) ;
#4188 = ORIENTED_EDGE ( 'NONE', *, *, #2018, .T. ) ;
#4189 = CARTESIAN_POINT ( 'NONE',  ( 0.5529378364870382034, -0.9577164262227689795, -1.612499999999998490 ) ) ;
#4190 = CARTESIAN_POINT ( 'NONE',  ( -1.245245190529009172, -1.638401241432482178E-11, 9.665245190529011765 ) ) ;
#4191 = CARTESIAN_POINT ( 'NONE',  ( 1.082531754730551521, -0.6250000000000084377, -3.543749999999995737 ) ) ;
#4192 = CARTESIAN_POINT ( 'NONE',  ( -0.8294067547305487009, 0.4788582131113693907, 6.643750000000003375 ) ) ;
#4193 = DIRECTION ( 'NONE',  ( -0.000000000000000000, 1.157433492142735316E-16, -1.000000000000000000 ) ) ;
#4194 = VERTEX_POINT ( 'NONE', #299 ) ;
#4195 = CARTESIAN_POINT ( 'NONE',  ( 0.7216878364870346063, -1.250000000000012434, 8.012500000000001066 ) ) ;
#4196 = CARTESIAN_POINT ( 'NONE',  ( -0.8294067547305487009, 0.4788582131113694462, 5.800000000000004263 ) ) ;
#4197 = CARTESIAN_POINT ( 'NONE',  ( -0.8294067547305487009, 0.4788582131113694462, 6.700000000000003730 ) ) ;
#4198 = CYLINDRICAL_SURFACE ( 'NONE', #994, 1.250000000000000222 ) ;
#4199 =( BOUNDED_SURFACE ( )  B_SPLINE_SURFACE ( 1, 2, ( 
 ( #2187, #2948, #816, #3627, #4065, #332, #403, #2553, #1794, #4018, #712, #3648, #353, #1814, #4769, #1461, #1253, #2316, #1590, #4613, #3392, #1613, #1227, #1638, #1919, #3083, #4251, #3104, #124, #3053, #486, #3127, #4543, #3025, #1947, #1274, #4224, #2389, #2342, #3419, #2704, #3464, #917, #1295, #3781, #2771, #4177, #844, #2287, #3753, #4514, #97, #4568, #1200, #3486, #1565, #872, #3807, #510, #1972, #3441, #2750, #149, #2727, #2679, #4201, #1660, #895, #2364, #457, #3853, #3828, #557, #531, #4146, #1995, #171, #4591, #2022, #193, #579, #4638, #1748, #4680, #967, #240, #3241, #2043, #264, #4659, #285, #3509, #1730, #2878, #3215, #3534, #1709, #3898, #1770, #3178, #1682, #602, #4700, #1345, #3922 ),
 ( #986, #2137, #2505, #3197, #2068, #4341, #4320, #2438, #1365, #2816, #2835, #2856, #1391, #215, #1009, #1028, #2483, #3967, #4297, #665, #2094, #645, #3580, #3945, #2459, #2116, #942, #3602, #626, #3557, #308, #4724, #3153, #1414, #1323, #2416, #3875, #2796, #4277, #689, #372, #786, #4765, #350, #4406, #4743, #397, #37, #1811, #3721, #328, #59, #1527, #2621, #4013, #3645, #3284, #4062, #4383, #1120, #1503, #1791, #4089, #2161, #1836, #2548, #13, #3310, #2597, #1480, #755, #1458, #709, #1859, #4037, #2182, #2967, #2922, #3263, #4455, #1142, #1096, #2572, #732, #2230, #2258, #3354, #1073, #4361, #2206, #2899, #1049, #2526, #1433, #3988, #2943, #3668, #421, #3624, #4429, #3697, #3329, #1881, #1559, #1988 ) ),
 .UNSPECIFIED., .F., .F., .F. ) 
 B_SPLINE_SURFACE_WITH_KNOTS ( ( 2, 2 ),
 ( 3, 2, 2, 2, 2, 2, 2, 2, 2, 2, 2, 2, 2, 2, 2, 2, 2, 2, 2, 2, 2, 2, 2, 2, 2, 2, 2, 2, 2, 2, 2, 2, 2, 2, 2, 2, 2, 2, 2, 2, 2, 2, 2, 2, 2, 2, 2, 2, 2, 2, 2, 2, 3 ),
 ( 0.000000000000000000, 1.000000000000000000 ),
 ( 0.000000000000000000, 0.01851851851851851749, 0.03703703703703703498, 0.05555555555555555247, 0.07407407407407406996, 0.09259259259259258745, 0.1111111111111111049, 0.1296296296296296224, 0.1481481481481481399, 0.1666666666666666574, 0.1851851851851851749, 0.2037037037037036924, 0.2222222222222222099, 0.2407407407407407274, 0.2592592592592592449, 0.2777777777777777901, 0.2962962962962962798, 0.3148148148148148251, 0.3333333333333333148, 0.3518518518518518601, 0.3703703703703703498, 0.3888888888888888951, 0.4074074074074073848, 0.4259259259259259300, 0.4444444444444444198, 0.4629629629629629650, 0.4814814814814814548, 0.5000000000000000000, 0.5185185185185184897, 0.5370370370370370905, 0.5555555555555555802, 0.5740740740740740700, 0.5925925925925925597, 0.6111111111111111605, 0.6296296296296296502, 0.6481481481481481399, 0.6666666666666666297, 0.6851851851851852304, 0.7037037037037037202, 0.7222222222222222099, 0.7407407407407406996, 0.7592592592592593004, 0.7777777777777777901, 0.7962962962962962798, 0.8148148148148147696, 0.8333333333333333703, 0.8518518518518518601, 0.8703703703703703498, 0.8888888888888888395, 0.9074074074074074403, 0.9259259259259259300, 0.9340992183188356890, 0.9434402105020240903 ),
 .UNSPECIFIED. ) 
 GEOMETRIC_REPRESENTATION_ITEM ( )  RATIONAL_B_SPLINE_SURFACE ( (
 ( 1.000000000000000000, 0.8660254037844387076, 1.000000000000000000, 0.8660254037844387076, 1.000000000000000000, 0.8660254037844387076, 1.000000000000000000, 0.8660254037844387076, 1.000000000000000000, 0.8660254037844387076, 1.000000000000000000, 0.8660254037844387076, 1.000000000000000000, 0.8660254037844387076, 1.000000000000000000, 0.8660254037844387076, 1.000000000000000000, 0.8660254037844387076, 1.000000000000000000, 0.8660254037844387076, 1.000000000000000000, 0.8660254037844387076, 1.000000000000000000, 0.8660254037844387076, 1.000000000000000000, 0.8660254037844387076, 1.000000000000000000, 0.8660254037844387076, 1.000000000000000000, 0.8660254037844387076, 1.000000000000000000, 0.8660254037844387076, 1.000000000000000000, 0.8660254037844387076, 1.000000000000000000, 0.8660254037844387076, 1.000000000000000000, 0.8660254037844387076, 1.000000000000000000, 0.8660254037844387076, 1.000000000000000000, 0.8660254037844387076, 1.000000000000000000, 0.8660254037844387076, 1.000000000000000000, 0.8660254037844387076, 1.000000000000000000, 0.8660254037844387076, 1.000000000000000000, 0.8660254037844387076, 1.000000000000000000, 0.8660254037844387076, 1.000000000000000000, 0.8660254037844387076, 1.000000000000000000, 0.8660254037844387076, 1.000000000000000000, 0.8660254037844387076, 1.000000000000000000, 0.8660254037844387076, 1.000000000000000000, 0.8660254037844387076, 1.000000000000000000, 0.8660254037844387076, 1.000000000000000000, 0.8660254037844387076, 1.000000000000000000, 0.8660254037844387076, 1.000000000000000000, 0.8660254037844387076, 1.000000000000000000, 0.8660254037844387076, 1.000000000000000000, 0.8660254037844387076, 1.000000000000000000, 0.8660254037844387076, 1.000000000000000000, 0.8660254037844387076, 1.000000000000000000, 0.8660254037844387076, 1.000000000000000000, 0.8660254037844387076, 1.000000000000000000, 0.8660254037844387076, 1.000000000000000000, 0.8660254037844387076, 1.000000000000000000, 0.8660254037844387076, 1.000000000000000000, 0.8660254037844387076, 1.000000000000000000, 0.8660254037844387076, 1.000000000000000000, 0.8660254037844387076, 1.000000000000000000, 0.8660254037844387076, 1.000000000000000000, 0.8660254037844387076, 1.000000000000000000, 0.8660254037844387076, 1.000000000000000000, 0.9408692684030425246, 0.9339341547509341090, 0.9339341547509341090, 0.9339341547509341090),
 ( 1.000000000000000000, 0.8660254037844387076, 1.000000000000000000, 0.8660254037844387076, 1.000000000000000000, 0.8660254037844387076, 1.000000000000000000, 0.8660254037844387076, 1.000000000000000000, 0.8660254037844387076, 1.000000000000000000, 0.8660254037844387076, 1.000000000000000000, 0.8660254037844387076, 1.000000000000000000, 0.8660254037844387076, 1.000000000000000000, 0.8660254037844387076, 1.000000000000000000, 0.8660254037844387076, 1.000000000000000000, 0.8660254037844387076, 1.000000000000000000, 0.8660254037844387076, 1.000000000000000000, 0.8660254037844387076, 1.000000000000000000, 0.8660254037844387076, 1.000000000000000000, 0.8660254037844387076, 1.000000000000000000, 0.8660254037844387076, 1.000000000000000000, 0.8660254037844387076, 1.000000000000000000, 0.8660254037844387076, 1.000000000000000000, 0.8660254037844387076, 1.000000000000000000, 0.8660254037844387076, 1.000000000000000000, 0.8660254037844387076, 1.000000000000000000, 0.8660254037844387076, 1.000000000000000000, 0.8660254037844387076, 1.000000000000000000, 0.8660254037844387076, 1.000000000000000000, 0.8660254037844387076, 1.000000000000000000, 0.8660254037844387076, 1.000000000000000000, 0.8660254037844387076, 1.000000000000000000, 0.8660254037844387076, 1.000000000000000000, 0.8660254037844387076, 1.000000000000000000, 0.8660254037844387076, 1.000000000000000000, 0.8660254037844387076, 1.000000000000000000, 0.8660254037844387076, 1.000000000000000000, 0.8660254037844387076, 1.000000000000000000, 0.8660254037844387076, 1.000000000000000000, 0.8660254037844387076, 1.000000000000000000, 0.8660254037844387076, 1.000000000000000000, 0.8660254037844387076, 1.000000000000000000, 0.8660254037844387076, 1.000000000000000000, 0.8660254037844387076, 1.000000000000000000, 0.8660254037844387076, 1.000000000000000000, 0.8660254037844387076, 1.000000000000000000, 0.8660254037844387076, 1.000000000000000000, 0.8660254037844387076, 1.000000000000000000, 0.8660254037844387076, 1.000000000000000000, 0.8660254037844387076, 1.000000000000000000, 0.8660254037844387076, 1.000000000000000000, 0.8660254037844387076, 1.000000000000000000, 0.8660254037844387076, 1.000000000000000000, 0.8660254037844387076, 1.000000000000000000, 0.8660254037844387076, 1.000000000000000000, 0.9408692684030425246, 0.9339341547509341090, 0.9339341547509341090, 0.9339341547509341090) ) ) 
 REPRESENTATION_ITEM ( '' )  SURFACE ( )  );
#4200 = EDGE_LOOP ( 'NONE', ( #541, #135, #2388, #65 ) ) ;
#4201 = CARTESIAN_POINT ( 'NONE',  ( -0.5529378364870388696, -0.9577164262227686464, -1.687499999999998446 ) ) ;
#4202 = CARTESIAN_POINT ( 'NONE',  ( -0.7357503364870361384, 1.274356964481438759, -0.2484374999999991174 ) ) ;
#4203 = CARTESIAN_POINT ( 'NONE',  ( -0.8294067547305578048, 0.4788582131113759410, -0.4499999999999985678 ) ) ;
#4204 = CARTESIAN_POINT ( 'NONE',  ( -0.7216878364870357165, -1.250000000000012434, 6.981250000000005507 ) ) ;
#4205 = CARTESIAN_POINT ( 'NONE',  ( 2.345728711729071966E-16, 0.9577164262227454428, 5.668750000000002842 ) ) ;
#4206 = EDGE_CURVE ( 'NONE', #2243, #2898, #1616, .T. ) ;
#4207 = CARTESIAN_POINT ( 'NONE',  ( 1.530808498934189598E-16, -1.249999999999998668, -3.899999999999999911 ) ) ;
#4208 = ADVANCED_FACE ( 'NONE', ( #814 ), #1944, .F. ) ;
#4209 = CARTESIAN_POINT ( 'NONE',  ( -1.172864355864535983E-16, -0.9577164262227593206, 9.100000000000003197 ) ) ;
#4210 = B_SPLINE_CURVE_WITH_KNOTS ( 'NONE', 3,
 ( #4673, #2499, #2829, #1655, #4312, #3868, #1002, #572 ),
 .UNSPECIFIED., .F., .F.,
 ( 4, 2, 2, 4 ),
 ( 0.0002272936175608558000, 0.001312383105340146627, 0.001854927849229791662, 0.002397472593119436696 ),
 .UNSPECIFIED. ) ;
#4211 = CARTESIAN_POINT ( 'NONE',  ( 0.5529378364870320972, -0.9577164262227595426, 7.787500000000002309 ) ) ;
#4212 = ORIENTED_EDGE ( 'NONE', *, *, #2517, .T. ) ;
#4213 = CARTESIAN_POINT ( 'NONE',  ( -1.105875672974077073, -5.760858844009423917E-15, -3.562499999999998224 ) ) ;
#4214 = CARTESIAN_POINT ( 'NONE',  ( 0.05288457376932844539, 1.009147841130318080, 5.200000000000000178 ) ) ;
#4215 = CARTESIAN_POINT ( 'NONE',  ( 0.000000000000000000, -4.336808689942017736E-15, 0.000000000000000000 ) ) ;
#4216 = CARTESIAN_POINT ( 'NONE',  ( -1.443375672974068991, -5.667862227699173728E-15, -2.381249999999995648 ) ) ;
#4217 = DIRECTION ( 'NONE',  ( -0.000000000000000000, 1.157433492142735316E-16, -1.000000000000000000 ) ) ;
#4218 = ORIENTED_EDGE ( 'NONE', *, *, #3656, .F. ) ;
#4219 = CARTESIAN_POINT ( 'NONE',  ( -1.443375672974068991, -5.585198568756726399E-15, -1.031249999999995781 ) ) ;
#4220 = CARTESIAN_POINT ( 'NONE',  ( 2.345728711729072459E-16, 0.9577164262227455538, 6.175000000000003375 ) ) ;
#4221 = CARTESIAN_POINT ( 'NONE',  ( -1.105875672974065083, -6.835989651157778155E-15, 7.187500000000002665 ) ) ;
#4222 = CARTESIAN_POINT ( 'NONE',  ( -2.249999999999999112, 1.078201627711620869, 9.832569145069296468 ) ) ;
#4223 = ORIENTED_EDGE ( 'NONE', *, *, #3946, .T. ) ;
#4224 = CARTESIAN_POINT ( 'NONE',  ( 0.000000000000000000, 0.9577164262227572111, -2.774999999999999023 ) ) ;
#4225 = ADVANCED_FACE ( 'NONE', ( #3439 ), #4198, .F. ) ;
#4226 = CARTESIAN_POINT ( 'NONE',  ( -1.560637177523338370E-16, -1.274356964481450083, -1.410937499999999067 ) ) ;
#4227 =( BOUNDED_CURVE ( )  B_SPLINE_CURVE ( 2, ( #931, #231, #2086, #3549, #2403, #2808, #3498 ),
 .UNSPECIFIED., .F., .T. ) 
 B_SPLINE_CURVE_WITH_KNOTS ( ( 3, 2, 2, 3 ),
 ( 0.4358974358974359031, 0.4487179487179486781, 0.4615384615384615641, 0.4743589743589743390 ),
 .UNSPECIFIED. ) 
 CURVE ( )  GEOMETRIC_REPRESENTATION_ITEM ( )  RATIONAL_B_SPLINE_CURVE ( ( 1.000000000000000000, 0.8660254037844387076, 1.000000000000000000, 0.8660254037844387076, 1.000000000000000000, 0.8660254037844387076, 1.000000000000000000 ) ) 
 REPRESENTATION_ITEM ( '' )  );
#4228 = CARTESIAN_POINT ( 'NONE',  ( -1.530808498934197980E-16, -1.250000000000012434, 8.875000000000001776 ) ) ;
#4229 = CARTESIAN_POINT ( 'NONE',  ( -0.2101020984950300319, 1.172724464227790309, 9.601447239469782957 ) ) ;
#4230 = CARTESIAN_POINT ( 'NONE',  ( -0.5529378364870322082, 0.9577164262227454428, 5.706250000000004263 ) ) ;
#4231 = CARTESIAN_POINT ( 'NONE',  ( 1.443375672974068991, -5.928390690963890161E-15, -0.8625000000000007105 ) ) ;
#4232 = DIRECTION ( 'NONE',  ( 0.8660254037844397068, 0.000000000000000000, -0.4999999999999979461 ) ) ;
#4233 = AXIS2_PLACEMENT_3D ( 'NONE', #1568, #3028, #489 ) ;
#4234 = CARTESIAN_POINT ( 'NONE',  ( 0.8294067547305490340, 0.4788582131113686136, 8.800000000000004263 ) ) ;
#4235 = ADVANCED_FACE ( 'NONE', ( #3416 ), #2340, .T. ) ;
#4236 = ORIENTED_EDGE ( 'NONE', *, *, #4374, .F. ) ;
#4237 = CARTESIAN_POINT ( 'NONE',  ( -1.530808498934196747E-16, -1.250000000000009770, -1.818749999999995648 ) ) ;
#4238 = CARTESIAN_POINT ( 'NONE',  ( -0.3345207091623703666, -1.204406864453011705, 5.200000000000000178 ) ) ;
#4239 = VECTOR ( 'NONE', #3795, 1000.000000000000000 ) ;
#4240 = CARTESIAN_POINT ( 'NONE',  ( 2.249999999999998668, -1.078201627712042754, 9.832569145069193439 ) ) ;
#4241 = CARTESIAN_POINT ( 'NONE',  ( 0.000000000000000000, -1.258909218984051749E-16, -3.899999999999999911 ) ) ;
#4242 = CARTESIAN_POINT ( 'NONE',  ( 0.000000000000000000, -1.258909218984051749E-16, -3.899999999999999911 ) ) ;
#4243 = ORIENTED_EDGE ( 'NONE', *, *, #2550, .T. ) ;
#4244 = CARTESIAN_POINT ( 'NONE',  ( 0.000000000000000000, -3.101560285789158899E-15, 10.00000000000000000 ) ) ;
#4245 = AXIS2_PLACEMENT_3D ( 'NONE', #3475, #997, #3547 ) ;
#4246 = CARTESIAN_POINT ( 'NONE',  ( -1.530808498934196747E-16, -1.250000000000009770, -3.168749999999995293 ) ) ;
#4247 = CARTESIAN_POINT ( 'NONE',  ( -0.8294067547305487009, 0.4788582131113694462, 5.350000000000003197 ) ) ;
#4248 = AXIS2_PLACEMENT_3D ( 'NONE', #3903, #2140, #312 ) ;
#4249 = CARTESIAN_POINT ( 'NONE',  ( -1.103625504730551654, 0.6371784822407138282, 8.710937500000001776 ) ) ;
#4250 = VERTEX_POINT ( 'NONE', #2651 ) ;
#4251 = CARTESIAN_POINT ( 'NONE',  ( -0.8294067547305578048, 0.4788582131113757745, -3.149999999999998135 ) ) ;
#4252 = CARTESIAN_POINT ( 'NONE',  ( 1.103625504730551432, -0.6371784822407281501, 10.28593750000000107 ) ) ;
#4253 = PERSON ( 'UNSPECIFIED', 'UNSPECIFIED', 'UNSPECIFIED', ('UNSPECIFIED'), ('UNSPECIFIED'), ('UNSPECIFIED') ) ;
#4254 = CARTESIAN_POINT ( 'NONE',  ( 0.000000000000000000, 1.274356964481438759, -0.7359374999999991340 ) ) ;
#4255 = CARTESIAN_POINT ( 'NONE',  ( -1.753246730713072132, -1.585838739420294408, 0.07941634923340214203 ) ) ;
#4256 = CARTESIAN_POINT ( 'NONE',  ( -1.082711773617077711, 0.5877414661443443045, 9.642408698540542389 ) ) ;
#4257 = CARTESIAN_POINT ( 'NONE',  ( -0.8294067547305488119, -0.4788582131113828244, 6.268750000000002487 ) ) ;
#4258 = CARTESIAN_POINT ( 'NONE',  ( -1.443375672974068991, -5.726415652783406234E-15, -3.337500000000000355 ) ) ;
#4259 = CARTESIAN_POINT ( 'NONE',  ( -1.103625504730554763, -0.6371784822407275950, -1.457812499999997735 ) ) ;
#4260 = CC_DESIGN_DATE_AND_TIME_ASSIGNMENT ( #362, #2217, ( #2707 ) ) ;
#4261 = CARTESIAN_POINT ( 'NONE',  ( -0.8294067547305487009, 0.4788582131113693907, 6.700000000000003730 ) ) ;
#4262 = VERTEX_POINT ( 'NONE', #3851 ) ;
#4263 = CARTESIAN_POINT ( 'NONE',  ( 0.8294067547305575827, -0.4788582131113875429, -0.6749999999999989342 ) ) ;
#4264 = CARTESIAN_POINT ( 'NONE',  ( 0.5529378364870390916, 0.9577164262227571001, -1.406249999999997558 ) ) ;
#4265 = ADVANCED_FACE ( 'NONE', ( #1563 ), #1373, .F. ) ;
#4266 = CARTESIAN_POINT ( 'NONE',  ( -0.9029987968020605216, -0.8467177558213049293, 9.645173050004638426 ) ) ;
#4267 = CARTESIAN_POINT ( 'NONE',  ( -0.5529378364870327633, -0.9577164262227590985, 6.756250000000002309 ) ) ;
#4268 = PLANE ( 'NONE',  #3145 ) ;
#4269 = VERTEX_POINT ( 'NONE', #2285 ) ;
#4270 = LINE ( 'NONE', #4291, #542 ) ;
#4271 = CARTESIAN_POINT ( 'NONE',  ( 1.082531754730551521, -0.6250000000000083267, -3.093749999999996003 ) ) ;
#4272 = CARTESIAN_POINT ( 'NONE',  ( -0.5529378364870322082, 0.9577164262227454428, 9.756250000000003197 ) ) ;
#4273 = ADVANCED_FACE ( 'NONE', ( #483 ), #147, .T. ) ;
#4274 = CARTESIAN_POINT ( 'NONE',  ( -0.9666713989330879553, -0.1355657760252313437, 9.386671398930092280 ) ) ;
#4275 = CARTESIAN_POINT ( 'NONE',  ( -1.103625504730551654, 0.6371784822407138282, 6.460937500000002665 ) ) ;
#4276 = VERTEX_POINT ( 'NONE', #3051 ) ;
#4277 = CARTESIAN_POINT ( 'NONE',  ( -0.8294067547305578048, 0.4788582131113758300, -2.643749999999997602 ) ) ;
#4278 = CARTESIAN_POINT ( 'NONE',  ( 0.7357503364870351392, 1.274356964481433874, 9.948437500000000711 ) ) ;
#4279 = CARTESIAN_POINT ( 'NONE',  ( -1.560637177523338370E-16, -1.274356964481450083, -1.860937499999998801 ) ) ;
#4280 = CARTESIAN_POINT ( 'NONE',  ( -0.3443132500722109746, -2.399286863738572695, 0.1233338266826484869 ) ) ;
#4281 = CARTESIAN_POINT ( 'NONE',  ( 3.061616997868395960E-16, 1.249999999999998224, 9.099999999999999645 ) ) ;
#4282 = DIRECTION ( 'NONE',  ( 0.000000000000000000, 0.000000000000000000, 1.000000000000000000 ) ) ;
#4283 = LINE ( 'NONE', #3133, #3156 ) ;
#4284 = CARTESIAN_POINT ( 'NONE',  ( -1.103625504730554541, 0.6371784822407166038, -2.432812499999997602 ) ) ;
#4285 = CARTESIAN_POINT ( 'NONE',  ( -0.8294067547305488119, -0.4788582131113828244, 10.31875000000000320 ) ) ;
#4286 = ORIENTED_EDGE ( 'NONE', *, *, #2451, .T. ) ;
#4287 = CARTESIAN_POINT ( 'NONE',  ( -0.8294067547305578048, 0.4788582131113759410, -0.8999999999999989120 ) ) ;
#4288 = CARTESIAN_POINT ( 'NONE',  ( 0.000000000000000000, 0.9577164262227572111, -2.718749999999998224 ) ) ;
#4289 =( LENGTH_UNIT ( ) NAMED_UNIT ( * ) SI_UNIT ( .MILLI., .METRE. ) );
#4290 = ORIENTED_EDGE ( 'NONE', *, *, #3929, .F. ) ;
#4291 = CARTESIAN_POINT ( 'NONE',  ( 0.000000000000000000, 1.250000000000000000, -3.899999999999999911 ) ) ;
#4292 = DIRECTION ( 'NONE',  ( -0.000000000000000000, 1.157433492142735316E-16, -1.000000000000000000 ) ) ;
#4293 = CARTESIAN_POINT ( 'NONE',  ( -2.249999999999999112, 4.517234524563972334E-14, 0.02598076211287159848 ) ) ;
#4294 = CARTESIAN_POINT ( 'NONE',  ( -0.6710041598264173679, -0.6833550837979860404, -3.900000000000000355 ) ) ;
#4295 = CARTESIAN_POINT ( 'NONE',  ( -0.7357503364870348062, -1.274356964481448085, 7.473437500000001066 ) ) ;
#4296 = ORIENTED_EDGE ( 'NONE', *, *, #3394, .F. ) ;
#4297 = CARTESIAN_POINT ( 'NONE',  ( -1.172864355864548802E-16, -0.9577164262227688685, -3.393749999999998046 ) ) ;
#4298 = EDGE_CURVE ( 'NONE', #1654, #4276, #1749, .T. ) ;
#4299 = CARTESIAN_POINT ( 'NONE',  ( -0.5529378364870322082, 0.9577164262227454428, 5.256250000000002309 ) ) ;
#4300 = CARTESIAN_POINT ( 'NONE',  ( 0.7357503364870359164, -1.274356964481450305, -0.4734374999999990674 ) ) ;
#4301 = CARTESIAN_POINT ( 'NONE',  ( -0.4961599639736957168, -1.101321499404788629, -3.744234036653506514 ) ) ;
#4302 = CARTESIAN_POINT ( 'NONE',  ( 0.7357503364870339180, -1.274356964481448307, 10.67031250000000497 ) ) ;
#4303 = CARTESIAN_POINT ( 'NONE',  ( -0.1912500000077519136, 2.487657972366321690, 0.1674308549284723724 ) ) ;
#4304 = CARTESIAN_POINT ( 'NONE',  ( -0.7357503364870368046, -1.274356964481450083, -3.670312499999996980 ) ) ;
#4305 = CARTESIAN_POINT ( 'NONE',  ( -1.172864355864535983E-16, -0.9577164262227593206, 5.500000000000004441 ) ) ;
#4306 = ORIENTED_EDGE ( 'NONE', *, *, #1213, .F. ) ;
#4307 = CARTESIAN_POINT ( 'NONE',  ( -1.443375672974070101, -6.815323736422166126E-15, 8.256250000000006750 ) ) ;
#4308 = CARTESIAN_POINT ( 'NONE',  ( -0.8294067547305578048, 0.4788582131113758300, -2.193749999999997868 ) ) ;
#4309 = DIRECTION ( 'NONE',  ( -0.000000000000000000, 1.157433492142735316E-16, -1.000000000000000000 ) ) ;
#4310 = ADVANCED_FACE ( 'NONE', ( #508 ), #893, .F. ) ;
#4311 = ORIENTED_EDGE ( 'NONE', *, *, #3132, .F. ) ;
#4312 = CARTESIAN_POINT ( 'NONE',  ( 1.439628572465428524, -1.766906267507325046, 0.03892223732339250564 ) ) ;
#4313 = AXIS2_PLACEMENT_3D ( 'NONE', #3390, #555, #2020 ) ;
#4314 = CYLINDRICAL_SURFACE ( 'NONE', #1758, 1.250000000000000222 ) ;
#4315 = CARTESIAN_POINT ( 'NONE',  ( 1.105875672974064861, -7.106851071790302181E-15, 10.50625000000000320 ) ) ;
#4316 = CARTESIAN_POINT ( 'NONE',  ( -0.8294067547305578048, 0.4788582131113757745, -3.543749999999997957 ) ) ;
#4317 = CARTESIAN_POINT ( 'NONE',  ( 1.471500672974068724, -7.174015294681039699E-15, 7.173437500000002132 ) ) ;
#4318 = EDGE_LOOP ( 'NONE', ( #2359, #4050, #1577, #1917 ) ) ;
#4319 = AXIS2_PLACEMENT_3D ( 'NONE', #425, #375, #4458 ) ;
#4320 = CARTESIAN_POINT ( 'NONE',  ( -1.172864355864548802E-16, -0.9577164262227688685, -3.843749999999997780 ) ) ;
#4321 = CARTESIAN_POINT ( 'NONE',  ( 3.121274355046668358E-16, 1.274356964481434318, 9.085937500000001776 ) ) ;
#4322 = VECTOR ( 'NONE', #4332, 1000.000000000000000 ) ;
#4323 = B_SPLINE_CURVE_WITH_KNOTS ( 'NONE', 3,
 ( #2731, #3109, #4595, #4256, #1277, #198, #2753, #3056, #4229, #3785, #1618, #921, #513, #3444, #4573, #2420, #584, #3856, #4546, #2048 ),
 .UNSPECIFIED., .F., .F.,
 ( 4, 2, 2, 2, 2, 2, 2, 2, 2, 4 ),
 ( 0.0001242457770173266884, 0.0005838646293764780367, 0.001043483481735629249, 0.001503102334094780571, 0.001962721186453931892, 0.002422340038813083213, 0.002881958891172233667, 0.003111768317351809761, 0.003341577743531385421, 0.003801196595890536309 ),
 .UNSPECIFIED. ) ;
#4324 = CARTESIAN_POINT ( 'NONE',  ( -1.530808498934197980E-16, -1.250000000000012434, 8.818750000000004974 ) ) ;
#4325 = EDGE_CURVE ( 'NONE', #3360, #3601, #1380, .T. ) ;
#4326 = CARTESIAN_POINT ( 'NONE',  ( -0.1556484249010691434, -1.160813630820006104, -0.5852582257462396464 ) ) ;
#4327 = CARTESIAN_POINT ( 'NONE',  ( -1.471500672974068724, -6.813601576860865123E-15, 10.07031250000000355 ) ) ;
#4328 = CARTESIAN_POINT ( 'NONE',  ( -1.172864355864536229E-16, -0.9577164262227594316, 7.300000000000003375 ) ) ;
#4329 = CARTESIAN_POINT ( 'NONE',  ( 1.103625504730555207, 0.6371784822407156046, -3.032812499999997247 ) ) ;
#4330 = CARTESIAN_POINT ( 'NONE',  ( 0.5529378364870329854, 0.9577164262227449987, 10.58125000000000249 ) ) ;
#4331 = ORIENTED_EDGE ( 'NONE', *, *, #2149, .F. ) ;
#4332 = DIRECTION ( 'NONE',  ( -0.000000000000000000, 1.157433492142735316E-16, -1.000000000000000000 ) ) ;
#4333 = CARTESIAN_POINT ( 'NONE',  ( 3.061616997868395960E-16, 1.249999999999998224, 7.693750000000005862 ) ) ;
#4334 = CARTESIAN_POINT ( 'NONE',  ( 0.000000000000000000, -5.231220964017918518E-16, -0.4680000000000000826 ) ) ;
#4335 = CARTESIAN_POINT ( 'NONE',  ( 0.7216878364870352724, 1.249999999999997780, -2.531249999999996003 ) ) ;
#4336 = CARTESIAN_POINT ( 'NONE',  ( -1.443375672974070101, -6.815323736422166126E-15, 9.156250000000003553 ) ) ;
#4337 = CARTESIAN_POINT ( 'NONE',  ( 0.5529378364870329854, 0.9577164262227449987, 9.681250000000003908 ) ) ;
#4338 = CARTESIAN_POINT ( 'NONE',  ( 0.000000000000000000, 0.9577164262227572111, -2.268749999999997602 ) ) ;
#4339 = CARTESIAN_POINT ( 'NONE',  ( -1.103625504730551876, -0.6371784822407272619, 8.785937500000002842 ) ) ;
#4340 = ORIENTED_EDGE ( 'NONE', *, *, #3045, .T. ) ;
#4341 = CARTESIAN_POINT ( 'NONE',  ( -0.5529378364870388696, -0.9577164262227686464, -3.881249999999997424 ) ) ;
#4342 = CARTESIAN_POINT ( 'NONE',  ( 0.8294067547305490340, 0.4788582131113686136, 5.593750000000003553 ) ) ;
#4343 =( BOUNDED_CURVE ( )  B_SPLINE_CURVE ( 2, ( #163, #784, #2255, #4482, #809, #3744, #1908 ),
 .UNSPECIFIED., .F., .F. ) 
 B_SPLINE_CURVE_WITH_KNOTS ( ( 3, 2, 2, 3 ),
 ( 0.2435897435897436125, 0.2564102564102563875, 0.2692307692307691624, 0.2820512820512820484 ),
 .UNSPECIFIED. ) 
 CURVE ( )  GEOMETRIC_REPRESENTATION_ITEM ( )  RATIONAL_B_SPLINE_CURVE ( ( 1.000000000000000000, 0.8660254037844387076, 1.000000000000000000, 0.8660254037844387076, 1.000000000000000000, 0.8660254037844387076, 1.000000000000000000 ) ) 
 REPRESENTATION_ITEM ( '' )  );
#4344 = DIRECTION ( 'NONE',  ( 1.000000000000000000, 0.000000000000000000, 0.000000000000000000 ) ) ;
#4345 = CARTESIAN_POINT ( 'NONE',  ( -0.9970212581014020747, -0.2378520777581958623, -3.899999999999999467 ) ) ;
#4346 = LINE ( 'NONE', #2050, #1374 ) ;
#4347 = CARTESIAN_POINT ( 'NONE',  ( 0.8294067547305484789, -0.4788582131113835461, 8.725000000000003197 ) ) ;
#4348 = CARTESIAN_POINT ( 'NONE',  ( -1.560637177523338370E-16, -1.274356964481450305, -3.182812499999997158 ) ) ;
#4349 = CARTESIAN_POINT ( 'NONE',  ( 0.5529378364870329854, 0.9577164262227449987, 10.13125000000000320 ) ) ;
#4350 = VERTEX_POINT ( 'NONE', #94 ) ;
#4351 = EDGE_CURVE ( 'NONE', #1283, #252, #1991, .T. ) ;
#4352 = CYLINDRICAL_SURFACE ( 'NONE', #2229, 1.250000000000000222 ) ;
#4353 = PERSON_AND_ORGANIZATION ( #4253, #1386 ) ;
#4354 = CARTESIAN_POINT ( 'NONE',  ( -2.249999999999999112, 1.299038105676655341, -6.873863542433756635 ) ) ;
#4355 = CARTESIAN_POINT ( 'NONE',  ( 1.753246730713071910, -1.585838739420293964, 9.920583650766600314 ) ) ;
#4356 = CARTESIAN_POINT ( 'NONE',  ( -1.172864355864535983E-16, -0.9577164262227593206, 9.493750000000002132 ) ) ;
#4357 = CARTESIAN_POINT ( 'NONE',  ( 1.105875672974077073, -5.931835010086494532E-15, -1.931249999999998135 ) ) ;
#4358 = FACE_OUTER_BOUND ( 'NONE', #396, .T. ) ;
#4359 = CARTESIAN_POINT ( 'NONE',  ( 1.103625504730551432, -0.6371784822407281501, 5.785937500000001954 ) ) ;
#4360 = ORIENTED_EDGE ( 'NONE', *, *, #1735, .F. ) ;
#4361 = CARTESIAN_POINT ( 'NONE',  ( -0.8294067547305579158, -0.4788582131113869322, -0.7687499999999981570 ) ) ;
#4362 = CARTESIAN_POINT ( 'NONE',  ( 0.5529378364870322082, -0.9577164262227596536, 8.237500000000004263 ) ) ;
#4363 = CARTESIAN_POINT ( 'NONE',  ( -1.530808498934197980E-16, -1.250000000000012434, 7.468750000000005329 ) ) ;
#4364 = CARTESIAN_POINT ( 'NONE',  ( 0.000000000000000000, -5.035904062218838046E-16, -0.6367499999999949312 ) ) ;
#4365 = EDGE_CURVE ( 'NONE', #664, #4742, #2183, .T. ) ;
#4366 = CARTESIAN_POINT ( 'NONE',  ( 0.7357503364870351392, 1.274356964481433874, 9.020312500000004619 ) ) ;
#4367 = CARTESIAN_POINT ( 'NONE',  ( -1.172864355864536229E-16, -0.9577164262227594316, 7.750000000000003553 ) ) ;
#4368 = CARTESIAN_POINT ( 'NONE',  ( -1.105875672974077295, -5.733304291028609455E-15, -3.112499999999998934 ) ) ;
#4369 = LINE ( 'NONE', #3843, #3612 ) ;
#4370 = CARTESIAN_POINT ( 'NONE',  ( 1.105875672974064861, -7.106851071790302181E-15, 5.162500000000004086 ) ) ;
#4371 = EDGE_LOOP ( 'NONE', ( #4152, #1533, #3435 ) ) ;
#4372 = FACE_OUTER_BOUND ( 'NONE', #2482, .T. ) ;
#4373 =( BOUNDED_CURVE ( )  B_SPLINE_CURVE ( 2, ( #1962, #161, #3454, #4108, #1604, #908, #1580 ),
 .UNSPECIFIED., .F., .T. ) 
 B_SPLINE_CURVE_WITH_KNOTS ( ( 3, 2, 2, 3 ),
 ( 0.1666666666666666297, 0.1794871794871795156, 0.1923076923076922906, 0.2051282051282050656 ),
 .UNSPECIFIED. ) 
 CURVE ( )  GEOMETRIC_REPRESENTATION_ITEM ( )  RATIONAL_B_SPLINE_CURVE ( ( 1.000000000000000000, 0.8660254037844387076, 1.000000000000000000, 0.8660254037844387076, 1.000000000000000000, 0.8660254037844387076, 1.000000000000000000 ) ) 
 REPRESENTATION_ITEM ( '' )  );
#4374 = EDGE_CURVE ( 'NONE', #22, #3343, #1727, .T. ) ;
#4375 = DIRECTION ( 'NONE',  ( -0.000000000000000000, 1.157433492142735316E-16, -1.000000000000000000 ) ) ;
#4376 =( BOUNDED_CURVE ( )  B_SPLINE_CURVE ( 2, ( #4324, #15, #2284, #2700, #2947, #402, #93 ),
 .UNSPECIFIED., .F., .F. ) 
 B_SPLINE_CURVE_WITH_KNOTS ( ( 3, 2, 2, 3 ),
 ( 0.3461538461538461453, 0.3589743589743589758, 0.3717948717948718063, 0.3846153846153846367 ),
 .UNSPECIFIED. ) 
 CURVE ( )  GEOMETRIC_REPRESENTATION_ITEM ( )  RATIONAL_B_SPLINE_CURVE ( ( 1.000000000000000000, 0.8660254037844387076, 1.000000000000000000, 0.8660254037844387076, 1.000000000000000000, 0.8660254037844387076, 1.000000000000000000 ) ) 
 REPRESENTATION_ITEM ( '' )  );
#4377 = CARTESIAN_POINT ( 'NONE',  ( -0.7216878364870350504, 1.249999999999998446, 9.587499999999998579 ) ) ;
#4378 = CARTESIAN_POINT ( 'NONE',  ( -1.172864355864535983E-16, -0.9577164262227593206, 7.693750000000002309 ) ) ;
#4379 = CARTESIAN_POINT ( 'NONE',  ( -1.172864355864548802E-16, -0.9577164262227686464, -0.6937499999999982014 ) ) ;
#4380 = DIRECTION ( 'NONE',  ( 0.000000000000000000, 0.000000000000000000, -1.000000000000000000 ) ) ;
#4381 = CARTESIAN_POINT ( 'NONE',  ( -0.7357503364870348062, -1.274356964481448085, 6.123437500000001421 ) ) ;
#4382 = ORIENTED_EDGE ( 'NONE', *, *, #2412, .F. ) ;
#4383 = CARTESIAN_POINT ( 'NONE',  ( 0.8294067547305582488, 0.4788582131113750529, -1.893749999999997824 ) ) ;
#4384 = CIRCLE ( 'NONE', #2776, 1.024999999999996803 ) ;
#4385 = CARTESIAN_POINT ( 'NONE',  ( 0.5529378364870329854, 0.9577164262227451097, 9.737500000000002487 ) ) ;
#4386 = CARTESIAN_POINT ( 'NONE',  ( -2.232457603721901496, 1.210965373387891342, 0.1927518840761221763 ) ) ;
#4387 = AXIS2_PLACEMENT_3D ( 'NONE', #4525, #3035, #1209 ) ;
#4388 = CARTESIAN_POINT ( 'NONE',  ( -2.164955578321495988, 1.327882310996642001, 9.807248115923524523 ) ) ;
#4389 = CARTESIAN_POINT ( 'NONE',  ( -1.103625504730551654, 0.6371784822407138282, 8.682812500000004263 ) ) ;
#4390 = CARTESIAN_POINT ( 'NONE',  ( -0.5529378364870388696, -0.9577164262227686464, -2.531249999999997780 ) ) ;
#4391 = CARTESIAN_POINT ( 'NONE',  ( 1.105875672974077295, -6.017942988151542289E-15, -3.337499999999998579 ) ) ;
#4392 = CARTESIAN_POINT ( 'NONE',  ( 1.082531754730551521, -0.6250000000000082157, -1.293749999999995959 ) ) ;
#4393 = CARTESIAN_POINT ( 'NONE',  ( -0.5529378364870326523, -0.9577164262227589875, 9.456250000000002487 ) ) ;
#4394 = VERTEX_POINT ( 'NONE', #2134 ) ;
#4395 = DIRECTION ( 'NONE',  ( -0.000000000000000000, 1.157433492142735316E-16, -1.000000000000000000 ) ) ;
#4396 = PERSON_AND_ORGANIZATION ( #4253, #1386 ) ;
#4397 = CARTESIAN_POINT ( 'NONE',  ( 3.061616997868395960E-16, 1.249999999999998224, 5.443750000000004974 ) ) ;
#4398 = CARTESIAN_POINT ( 'NONE',  ( 0.5529378364870322082, -0.9577164262227596536, 10.48750000000000426 ) ) ;
#4399 = LINE ( 'NONE', #30, #3533 ) ;
#4400 = CARTESIAN_POINT ( 'NONE',  ( 0.5271012485757285981, -1.001506551293770864, -0.5636340575382496887 ) ) ;
#4401 = CARTESIAN_POINT ( 'NONE',  ( 0.8294067547305490340, 0.4788582131113686136, 8.293750000000002842 ) ) ;
#4402 = CARTESIAN_POINT ( 'NONE',  ( 0.7216878364870346063, -1.250000000000012434, 7.112500000000000711 ) ) ;
#4403 = CARTESIAN_POINT ( 'NONE',  ( 0.5529378364870329854, 0.9577164262227449987, 8.781250000000001776 ) ) ;
#4404 = CARTESIAN_POINT ( 'NONE',  ( 3.121274355046668358E-16, 1.274356964481434318, 5.485937500000002132 ) ) ;
#4405 = EDGE_LOOP ( 'NONE', ( #1718, #4689, #3787, #634 ) ) ;
#4406 = CARTESIAN_POINT ( 'NONE',  ( 0.8294067547305575827, -0.4788582131113876539, -2.418749999999997957 ) ) ;
#4407 = CARTESIAN_POINT ( 'NONE',  ( -1.172864355864536229E-16, -0.9577164262227594316, 8.650000000000003908 ) ) ;
#4408 = EDGE_CURVE ( 'NONE', #4562, #3520, #2744, .T. ) ;
#4409 = CARTESIAN_POINT ( 'NONE',  ( -0.7803085111243737160, -0.9765339868468595474, 9.670000000000065654 ) ) ;
#4410 = CARTESIAN_POINT ( 'NONE',  ( 0.000000000000000000, -5.512477302608603747E-16, -0.2249999999999999500 ) ) ;
#4411 = CARTESIAN_POINT ( 'NONE',  ( -0.7357503364870342510, 1.274356964481434540, 7.745312500000004263 ) ) ;
#4412 = CARTESIAN_POINT ( 'NONE',  ( -1.172864355864548802E-16, -0.9577164262227687574, -1.593749999999998002 ) ) ;
#4413 = CARTESIAN_POINT ( 'NONE',  ( 1.103625504730554319, -0.6371784822407284832, -1.307812499999997824 ) ) ;
#4414 = CARTESIAN_POINT ( 'NONE',  ( -1.530808498934196747E-16, -1.250000000000009770, -2.718749999999995559 ) ) ;
#4415 = CARTESIAN_POINT ( 'NONE',  ( 2.345728711729071966E-16, 0.9577164262227454428, 9.268750000000002487 ) ) ;
#4416 = ORIENTED_EDGE ( 'NONE', *, *, #2863, .T. ) ;
#4417 = FACE_OUTER_BOUND ( 'NONE', #743, .T. ) ;
#4418 = DATE_AND_TIME ( #4077, #2003 ) ;
#4419 = ORIENTED_EDGE ( 'NONE', *, *, #3961, .F. ) ;
#4420 = CARTESIAN_POINT ( 'NONE',  ( 2.249999999999998668, 1.078201627711623756, 0.1674308549307040872 ) ) ;
#4421 = CARTESIAN_POINT ( 'NONE',  ( 1.103625504730551432, -0.6371784822407281501, 6.657812500000003908 ) ) ;
#4422 = CARTESIAN_POINT ( 'NONE',  ( 2.058749999999989200, -1.409456344659179905, 0.1674308549307001182 ) ) ;
#4423 = CARTESIAN_POINT ( 'NONE',  ( 4.825536757609482797E-14, -1.153221661127096676, -0.5808750000000000302 ) ) ;
#4424 = CARTESIAN_POINT ( 'NONE',  ( -0.5529378364870326523, -0.9577164262227589875, 8.106250000000002842 ) ) ;
#4425 = CARTESIAN_POINT ( 'NONE',  ( 1.105875672974077073, -5.876725904124864031E-15, -1.031249999999997780 ) ) ;
#4426 = CARTESIAN_POINT ( 'NONE',  ( -0.8294067547305488119, -0.4788582131113828244, 8.518750000000002487 ) ) ;
#4427 = CARTESIAN_POINT ( 'NONE',  ( -0.7357503364870342510, 1.274356964481434540, 5.523437500000001776 ) ) ;
#4428 = ORIENTED_EDGE ( 'NONE', *, *, #2256, .T. ) ;
#4429 = CARTESIAN_POINT ( 'NONE',  ( -1.105875672974077295, -5.564532654021115158E-15, -0.3562499999999980127 ) ) ;
#4430 = CARTESIAN_POINT ( 'NONE',  ( -0.5529378364870324303, 0.9577164262227455538, 8.462500000000003908 ) ) ;
#4431 = CARTESIAN_POINT ( 'NONE',  ( -1.443375672974070101, -6.815323736422166126E-15, 6.962500000000001243 ) ) ;
#4432 = EDGE_CURVE ( 'NONE', #3502, #1946, #3223, .T. ) ;
#4433 = LINE ( 'NONE', #1123, #2154 ) ;
#4434 = EDGE_CURVE ( 'NONE', #3861, #2493, #900, .T. ) ;
#4435 = CARTESIAN_POINT ( 'NONE',  ( 1.103625504730551432, -0.6371784822407281501, 8.457812500000002842 ) ) ;
#4436 = CARTESIAN_POINT ( 'NONE',  ( 0.5529378364870390916, 0.9577164262227571001, -0.9562499999999979350 ) ) ;
#4437 = CARTESIAN_POINT ( 'NONE',  ( -0.7357503364870361384, 1.274356964481438759, -1.120312499999997602 ) ) ;
#4438 = DIRECTION ( 'NONE',  ( -0.000000000000000000, 1.157433492142735316E-16, -1.000000000000000000 ) ) ;
#4439 = CARTESIAN_POINT ( 'NONE',  ( -1.105875672974064861, -6.835989651157778155E-15, 9.381250000000003197 ) ) ;
#4440 = ORIENTED_EDGE ( 'NONE', *, *, #4374, .T. ) ;
#4441 = CARTESIAN_POINT ( 'NONE',  ( 0.7216878364870346063, -1.250000000000012434, 7.956250000000005151 ) ) ;
#4442 = APPROVAL_DATE_TIME ( #4418, #29 ) ;
#4443 = VERTEX_POINT ( 'NONE', #1878 ) ;
#4444 = DIRECTION ( 'NONE',  ( 0.000000000000000000, 1.000000000000000000, 0.000000000000000000 ) ) ;
#4445 = CARTESIAN_POINT ( 'NONE',  ( -1.560637177523334179E-16, -1.274356964481448085, 5.682812500000004263 ) ) ;
#4446 = B_SPLINE_CURVE_WITH_KNOTS ( 'NONE', 3,
 ( #2409, #660, #2131, #188, #1656, #4609 ),
 .UNSPECIFIED., .F., .F.,
 ( 4, 2, 4 ),
 ( 8.706103035185317875E-15, 0.0002012759897654787231, 0.0004025519795222513028 ),
 .UNSPECIFIED. ) ;
#4447 = CARTESIAN_POINT ( 'NONE',  ( -1.752183174247790269E-14, -0.9577164262227688685, -3.899999999999999911 ) ) ;
#4448 = CARTESIAN_POINT ( 'NONE',  ( -0.1340913449730380957, -2.520658537237136620, 0.1838980789322554599 ) ) ;
#4449 = CARTESIAN_POINT ( 'NONE',  ( 0.5529378364870329854, 0.9577164262227449987, 7.881250000000003197 ) ) ;
#4450 = CARTESIAN_POINT ( 'NONE',  ( 1.082531754730553519, 0.6249999999999948930, 7.225000000000000533 ) ) ;
#4451 = EDGE_CURVE ( 'NONE', #2194, #916, #4026, .T. ) ;
#4452 = CARTESIAN_POINT ( 'NONE',  ( -1.105875672974064861, -6.835989651157778155E-15, 7.131250000000002309 ) ) ;
#4453 = CARTESIAN_POINT ( 'NONE',  ( -1.103625504730551654, 0.6371784822407138282, 5.560937500000002309 ) ) ;
#4454 = EDGE_LOOP ( 'NONE', ( #3567, #2690, #1810, #4460 ) ) ;
#4455 = CARTESIAN_POINT ( 'NONE',  ( 0.5529378364870383145, -0.9577164262227687574, -1.106249999999997957 ) ) ;
#4456 = CARTESIAN_POINT ( 'NONE',  ( -0.5529378364870328744, -0.9577164262227590985, 8.162500000000003197 ) ) ;
#4457 = CARTESIAN_POINT ( 'NONE',  ( -0.8294067547305488119, -0.4788582131113828799, 8.575000000000002842 ) ) ;
#4458 = DIRECTION ( 'NONE',  ( 0.000000000000000000, 1.000000000000000000, 0.000000000000000000 ) ) ;
#4459 = CIRCLE ( 'NONE', #4702, 2.205000000000000071 ) ;
#4460 = ORIENTED_EDGE ( 'NONE', *, *, #4569, .F. ) ;
#4461 = CIRCLE ( 'NONE', #3146, 1.580000000000000071 ) ;
#4462 = CARTESIAN_POINT ( 'NONE',  ( 1.082531754730552631, -0.6250000000000101030, 6.193750000000005862 ) ) ;
#4463 = CARTESIAN_POINT ( 'NONE',  ( 1.103625504730552320, 0.6371784822407128290, 9.882812500000003553 ) ) ;
#4464 = AXIS2_PLACEMENT_3D ( 'NONE', #3513, #559, #1687 ) ;
#4465 = CARTESIAN_POINT ( 'NONE',  ( -0.8294067547305578048, 0.4788582131113759410, -0.3937499999999978240 ) ) ;
#4466 = EDGE_CURVE ( 'NONE', #2334, #1283, #1300, .T. ) ;
#4467 = CARTESIAN_POINT ( 'NONE',  ( 0.8294067547305575827, -0.4788582131113875984, -1.124999999999998890 ) ) ;
#4468 = LINE ( 'NONE', #1975, #1308 ) ;
#4469 = AXIS2_PLACEMENT_3D ( 'NONE', #1798, #548, #3588 ) ;
#4470 = CARTESIAN_POINT ( 'NONE',  ( -0.5529378364870322082, 0.9577164262227454428, 9.756250000000003197 ) ) ;
#4471 = ORIENTED_EDGE ( 'NONE', *, *, #3651, .F. ) ;
#4472 = EDGE_CURVE ( 'NONE', #700, #4093, #4373, .T. ) ;
#4473 = ADVANCED_FACE ( 'NONE', ( #807 ), #3068, .F. ) ;
#4474 = EDGE_LOOP ( 'NONE', ( #1353, #4489, #2325, #3424, #3696, #2504, #1600, #822, #1952, #4711, #3121, #2170, #3655, #1845, #1479, #4290, #1119, #905, #1493, #1589 ) ) ;
#4475 = CARTESIAN_POINT ( 'NONE',  ( 0.000000000000000000, -1.258909218984051749E-16, -3.899999999999999911 ) ) ;
#4476 = CARTESIAN_POINT ( 'NONE',  ( -1.103625504730551876, -0.6371784822407272619, 5.157812500000004796 ) ) ;
#4477 = CARTESIAN_POINT ( 'NONE',  ( -1.172864355864548802E-16, -0.9577164262227687574, -2.099999999999998757 ) ) ;
#4478 = CARTESIAN_POINT ( 'NONE',  ( -0.7328017655476726233, 0.6297850608424787611, 9.377716426222749035 ) ) ;
#4479 = CARTESIAN_POINT ( 'NONE',  ( -0.8294067547305487009, 0.4788582131113693907, 5.743750000000003020 ) ) ;
#4480 = CARTESIAN_POINT ( 'NONE',  ( -2.058749999999999414, 1.409456344659171467, -6.873863542433756635 ) ) ;
#4481 = CARTESIAN_POINT ( 'NONE',  ( 1.105875672974064861, -7.106851071790302181E-15, 8.256250000000003197 ) ) ;
#4482 = CARTESIAN_POINT ( 'NONE',  ( 1.443375672974070101, -7.168848815997138269E-15, 6.287500000000000533 ) ) ;
#4483 = ORIENTED_EDGE ( 'NONE', *, *, #4206, .T. ) ;
#4484 = CARTESIAN_POINT ( 'NONE',  ( 3.061616997868395960E-16, 1.249999999999998224, 7.243750000000005684 ) ) ;
#4485 = CARTESIAN_POINT ( 'NONE',  ( -0.5529378364870328744, -0.9577164262227590985, 7.712500000000003020 ) ) ;
#4486 = CARTESIAN_POINT ( 'NONE',  ( -0.5529378364870324303, 0.9577164262227455538, 7.562500000000003553 ) ) ;
#4487 = CARTESIAN_POINT ( 'NONE',  ( 0.000000000000000000, 1.249999999999998224, -0.6937499999999955369 ) ) ;
#4488 = DIRECTION ( 'NONE',  ( -0.000000000000000000, -0.000000000000000000, 1.000000000000000000 ) ) ;
#4489 = ORIENTED_EDGE ( 'NONE', *, *, #1401, .T. ) ;
#4490 = CARTESIAN_POINT ( 'NONE',  ( -2.058749999992248725, 1.409456344663646332, 9.832569145071529348 ) ) ;
#4491 = CARTESIAN_POINT ( 'NONE',  ( -1.103625504730551654, 0.6371784822407138282, 7.332812500000004619 ) ) ;
#4492 = CARTESIAN_POINT ( 'NONE',  ( -0.7357503364870368046, -1.274356964481450083, -3.248437499999998757 ) ) ;
#4493 = CARTESIAN_POINT ( 'NONE',  ( -0.8294067547305578048, 0.4788582131113758300, -2.699999999999998401 ) ) ;
#4494 = CARTESIAN_POINT ( 'NONE',  ( 1.443375672974068991, -5.952500924822103407E-15, -1.256249999999995648 ) ) ;
#4495 = CARTESIAN_POINT ( 'NONE',  ( 0.5529378364870320972, -0.9577164262227595426, 8.631250000000003197 ) ) ;
#4496 = ORIENTED_EDGE ( 'NONE', *, *, #775, .F. ) ;
#4497 = CARTESIAN_POINT ( 'NONE',  ( 1.082531754730552631, -0.6250000000000101030, 7.993750000000005684 ) ) ;
#4498 = DIRECTION ( 'NONE',  ( 0.000000000000000000, 0.8660254037844407060, -0.4999999999999963918 ) ) ;
#4499 = ORIENTED_EDGE ( 'NONE', *, *, #1744, .T. ) ;
#4500 = CARTESIAN_POINT ( 'NONE',  ( -1.082531754730553075, -0.6250000000000092149, 6.043750000000004619 ) ) ;
#4501 = CARTESIAN_POINT ( 'NONE',  ( -1.103625504730551654, 0.6371784822407138282, 6.432812500000004263 ) ) ;
#4502 = EDGE_CURVE ( 'NONE', #2619, #4623, #95, .T. ) ;
#4503 = CARTESIAN_POINT ( 'NONE',  ( -1.172864355864548802E-16, -0.9577164262227687574, -2.549999999999998490 ) ) ;
#4504 = CARTESIAN_POINT ( 'NONE',  ( 0.000000000000000000, 0.9583659452755938224, -0.4683749999999989311 ) ) ;
#4505 = CARTESIAN_POINT ( 'NONE',  ( 2.345728711729071966E-16, 0.9577164262227454428, 8.818750000000001421 ) ) ;
#4506 = CARTESIAN_POINT ( 'NONE',  ( 1.281228882126024260, 1.858358371364328354, 9.974126031989509755 ) ) ;
#4507 = VERTEX_POINT ( 'NONE', #2331 ) ;
#4508 = LINE ( 'NONE', #3457, #1920 ) ;
#4509 = CARTESIAN_POINT ( 'NONE',  ( -0.5529378364870324303, 0.9577164262227455538, 5.762500000000003730 ) ) ;
#4510 = CARTESIAN_POINT ( 'NONE',  ( 0.5529378364870330964, 0.9577164262227451097, 7.037500000000004086 ) ) ;
#4511 = CARTESIAN_POINT ( 'NONE',  ( -1.530808498934197980E-16, -1.250000000000012434, 7.075000000000001066 ) ) ;
#4512 = CARTESIAN_POINT ( 'NONE',  ( 1.867499999999998606, 1.078201627711623756, -6.873863542433756635 ) ) ;
#4513 = ORIENTED_EDGE ( 'NONE', *, *, #360, .T. ) ;
#4514 = CARTESIAN_POINT ( 'NONE',  ( -0.8294067547305578048, 0.4788582131113758300, -2.249999999999998668 ) ) ;
#4515 = CARTESIAN_POINT ( 'NONE',  ( -1.103625504730554763, -0.6371784822407277060, -2.835937499999999112 ) ) ;
#4516 = PRODUCT ( '93655A096_Male-Female Threaded Hex Standoff', '93655A096_Male-Female Threaded Hex Standoff', '', ( #1469 ) ) ;
#4517 = CARTESIAN_POINT ( 'NONE',  ( 0.5529378364870383145, -0.9577164262227687574, -1.162499999999998535 ) ) ;
#4518 = ADVANCED_FACE ( 'NONE', ( #3771 ), #4164, .F. ) ;
#4519 = FACE_OUTER_BOUND ( 'NONE', #1526, .T. ) ;
#4520 = CARTESIAN_POINT ( 'NONE',  ( 0.8294067547305484789, -0.4788582131113834905, 6.868750000000003020 ) ) ;
#4521 = EDGE_LOOP ( 'NONE', ( #1723, #469, #338 ) ) ;
#4522 = CYLINDRICAL_SURFACE ( 'NONE', #4555, 0.3825000000000000067 ) ;
#4523 = CARTESIAN_POINT ( 'NONE',  ( -0.5529378364870322082, 0.9577164262227454428, 10.26250000000000107 ) ) ;
#4524 = ORIENTED_EDGE ( 'NONE', *, *, #1787, .T. ) ;
#4525 = CARTESIAN_POINT ( 'NONE',  ( 0.000000000000000000, -1.258909218984051749E-16, -3.899999999999999911 ) ) ;
#4526 = CARTESIAN_POINT ( 'NONE',  ( 0.8294067547305490340, 0.4788582131113686136, 7.000000000000003553 ) ) ;
#4527 = ORIENTED_EDGE ( 'NONE', *, *, #423, .F. ) ;
#4528 = CARTESIAN_POINT ( 'NONE',  ( -0.8294067547305578048, 0.4788582131113758300, -2.249999999999998668 ) ) ;
#4529 = CARTESIAN_POINT ( 'NONE',  ( 2.249999999999998668, 4.489680021666004036E-14, 0.02598076211287147358 ) ) ;
#4530 = EDGE_CURVE ( 'NONE', #4276, #4128, #733, .T. ) ;
#4531 = CARTESIAN_POINT ( 'NONE',  ( -0.7216878364870357165, -1.250000000000012434, 7.881250000000005862 ) ) ;
#4532 = CARTESIAN_POINT ( 'NONE',  ( 0.5529378364870320972, -0.9577164262227595426, 5.481250000000002842 ) ) ;
#4533 = CARTESIAN_POINT ( 'NONE',  ( 0.1912500000077498041, 2.487657972366322134, 9.832569145071529348 ) ) ;
#4534 =( BOUNDED_CURVE ( )  B_SPLINE_CURVE ( 2, ( #1765, #3689, #1065, #2199, #2566, #1135, #1804 ),
 .UNSPECIFIED., .F., .T. ) 
 B_SPLINE_CURVE_WITH_KNOTS ( ( 3, 2, 2, 3 ),
 ( 0.2777777777777777901, 0.2962962962962962798, 0.3148148148148147696, 0.3333333333333332593 ),
 .UNSPECIFIED. ) 
 CURVE ( )  GEOMETRIC_REPRESENTATION_ITEM ( )  RATIONAL_B_SPLINE_CURVE ( ( 1.000000000000000000, 0.8660254037844387076, 1.000000000000000000, 0.8660254037844387076, 1.000000000000000000, 0.8660254037844391517, 0.9999999999999995559 ) ) 
 REPRESENTATION_ITEM ( '' )  );
#4535 = ORIENTED_EDGE ( 'NONE', *, *, #3243, .T. ) ;
#4536 = CARTESIAN_POINT ( 'NONE',  ( -0.7216878364870350504, -1.250000000000009326, -0.9562499999999959366 ) ) ;
#4537 = CARTESIAN_POINT ( 'NONE',  ( 0.5529378364870329854, 0.9577164262227451097, 7.487500000000002487 ) ) ;
#4538 = CARTESIAN_POINT ( 'NONE',  ( 1.105875672974065083, -7.106851071790302181E-15, 6.512500000000003730 ) ) ;
#4539 = DIRECTION ( 'NONE',  ( -0.000000000000000000, 1.157433492142735316E-16, -1.000000000000000000 ) ) ;
#4540 = CARTESIAN_POINT ( 'NONE',  ( -2.249999999999999112, 1.247501352465737415E-13, 9.974019237888036571 ) ) ;
#4541 =( BOUNDED_CURVE ( )  B_SPLINE_CURVE ( 2, ( #3200, #2530, #1752, #607, #2838, #2800, #4281 ),
 .UNSPECIFIED., .F., .T. ) 
 B_SPLINE_CURVE_WITH_KNOTS ( ( 3, 2, 2, 3 ),
 ( 0.7051282051282050656, 0.7179487179487179516, 0.7307692307692307265, 0.7435897435897436125 ),
 .UNSPECIFIED. ) 
 CURVE ( )  GEOMETRIC_REPRESENTATION_ITEM ( )  RATIONAL_B_SPLINE_CURVE ( ( 1.000000000000000000, 0.8660254037844387076, 1.000000000000000000, 0.8660254037844387076, 1.000000000000000000, 0.8660254037844387076, 1.000000000000000000 ) ) 
 REPRESENTATION_ITEM ( '' )  );
#4542 = ORIENTED_EDGE ( 'NONE', *, *, #2494, .F. ) ;
#4543 = CARTESIAN_POINT ( 'NONE',  ( 0.8294067547305575827, -0.4788582131113877094, -2.924999999999998934 ) ) ;
#4544 = CARTESIAN_POINT ( 'NONE',  ( 0.000000000000000000, 0.9577164262227573222, -0.9187499999999981792 ) ) ;
#4545 = CARTESIAN_POINT ( 'NONE',  ( 0.8294067547305582488, 0.4788582131113750529, -2.399999999999998579 ) ) ;
#4546 = CARTESIAN_POINT ( 'NONE',  ( 1.109197348405139394, 0.1529660231768139311, 9.529197348407347334 ) ) ;
#4547 = CARTESIAN_POINT ( 'NONE',  ( -0.5529378364870322082, 0.9577164262227454428, 7.056250000000003020 ) ) ;
#4548 = EDGE_LOOP ( 'NONE', ( #2030, #4419, #1111, #1432 ) ) ;
#4549 = CARTESIAN_POINT ( 'NONE',  ( 1.082531754730553519, 0.6249999999999948930, 9.475000000000001421 ) ) ;
#4550 = CARTESIAN_POINT ( 'NONE',  ( -0.8294067547305487009, 0.4788582131113693907, 9.850000000000003197 ) ) ;
#4551 = AXIS2_PLACEMENT_3D ( 'NONE', #2330, #4581, #567 ) ;
#4552 = CARTESIAN_POINT ( 'NONE',  ( -0.06750202539833254078, -2.538847684389570869, 9.807248115923524523 ) ) ;
#4553 = CARTESIAN_POINT ( 'NONE',  ( 1.105875672974064861, -7.106851071790302181E-15, 7.412500000000003197 ) ) ;
#4554 = ORIENTED_EDGE ( 'NONE', *, *, #2669, .F. ) ;
#4555 = AXIS2_PLACEMENT_3D ( 'NONE', #3370, #1157, #3788 ) ;
#4556 = CARTESIAN_POINT ( 'NONE',  ( -0.8294067547305578048, 0.4788582131113758300, -2.699999999999998401 ) ) ;
#4557 = CARTESIAN_POINT ( 'NONE',  ( -0.1755646180643008480, 1.018201585868755865, 5.200000000000001066 ) ) ;
#4558 = AXIS2_PLACEMENT_3D ( 'NONE', #1741, #3593, #1313 ) ;
#4559 = CARTESIAN_POINT ( 'NONE',  ( 0.7216878364870352724, 1.249999999999997780, -3.431249999999995470 ) ) ;
#4560 = CARTESIAN_POINT ( 'NONE',  ( -1.105875672974064861, -6.835989651157778155E-15, 6.681250000000003020 ) ) ;
#4561 = CARTESIAN_POINT ( 'NONE',  ( 1.082531754730552631, -0.6250000000000101030, 8.443750000000004974 ) ) ;
#4562 = VERTEX_POINT ( 'NONE', #3819 ) ;
#4563 = CARTESIAN_POINT ( 'NONE',  ( 0.000000000000000000, 1.249999999999998446, -1.200000000000000844 ) ) ;
#4564 = CARTESIAN_POINT ( 'NONE',  ( -1.172864355864536229E-16, -0.9577164262227594316, 5.950000000000003730 ) ) ;
#4565 = CARTESIAN_POINT ( 'NONE',  ( -1.105875672974065083, -6.835989651157778155E-15, 6.737500000000004263 ) ) ;
#4566 = CARTESIAN_POINT ( 'NONE',  ( 0.3443132500722083655, -2.399286863738572251, 9.876666173317357078 ) ) ;
#4567 = VERTEX_POINT ( 'NONE', #2739 ) ;
#4568 = CARTESIAN_POINT ( 'NONE',  ( -0.8294067547305579158, -0.4788582131113870433, -2.174999999999998490 ) ) ;
#4569 = EDGE_CURVE ( 'NONE', #1316, #4623, #522, .T. ) ;
#4570 = CARTESIAN_POINT ( 'NONE',  ( 0.7357503364870370266, 1.274356964481438315, -0.3234374999999990452 ) ) ;
#4571 =( BOUNDED_CURVE ( )  B_SPLINE_CURVE ( 2, ( #3671, #1507, #2209, #376, #1839, #67, #428 ),
 .UNSPECIFIED., .F., .F. ) 
 B_SPLINE_CURVE_WITH_KNOTS ( ( 3, 2, 2, 3 ),
 ( 0.3205128205128204844, 0.3333333333333332593, 0.3461538461538461453, 0.3589743589743589203 ),
 .UNSPECIFIED. ) 
 CURVE ( )  GEOMETRIC_REPRESENTATION_ITEM ( )  RATIONAL_B_SPLINE_CURVE ( ( 1.000000000000000000, 0.8660254037844387076, 1.000000000000000000, 0.8660254037844387076, 1.000000000000000000, 0.8660254037844387076, 1.000000000000000000 ) ) 
 REPRESENTATION_ITEM ( '' )  );
#4572 = CARTESIAN_POINT ( 'NONE',  ( 0.000000000000000000, 0.9577164262227573222, -0.5249999999999985789 ) ) ;
#4573 = CARTESIAN_POINT ( 'NONE',  ( 0.8783211640733051828, 0.7203650488211751357, 9.553355702353126588 ) ) ;
#4574 = CARTESIAN_POINT ( 'NONE',  ( -1.105875672974064861, -6.835989651157778155E-15, 5.781250000000002665 ) ) ;
#4575 = DIRECTION ( 'NONE',  ( -0.000000000000000000, -0.000000000000000000, 1.000000000000000000 ) ) ;
#4576 = CARTESIAN_POINT ( 'NONE',  ( -1.105875672974064861, -6.835989651157778155E-15, 9.887500000000004619 ) ) ;
#4577 = CARTESIAN_POINT ( 'NONE',  ( 0.5529378364870320972, -0.9577164262227595426, 8.237500000000004263 ) ) ;
#4578 = B_SPLINE_CURVE_WITH_KNOTS ( 'NONE', 3,
 ( #57, #1606, #4110, #1217, #3455, #1268 ),
 .UNSPECIFIED., .F., .F.,
 ( 4, 2, 4 ),
 ( 8.706174801803194773E-15, 0.0002012759897652933246, 0.0004025519795218805057 ),
 .UNSPECIFIED. ) ;
#4579 = ORIENTED_EDGE ( 'NONE', *, *, #3346, .F. ) ;
#4580 = CARTESIAN_POINT ( 'NONE',  ( 0.8294067547305582488, 0.4788582131113749973, -2.849999999999998312 ) ) ;
#4581 = DIRECTION ( 'NONE',  ( 0.000000000000000000, 0.000000000000000000, 1.000000000000000000 ) ) ;
#4582 = DIRECTION ( 'NONE',  ( -0.000000000000000000, 1.157433492142735316E-16, -1.000000000000000000 ) ) ;
#4583 = CARTESIAN_POINT ( 'NONE',  ( 0.5529378364870320972, -0.9577164262227595426, 6.381250000000003197 ) ) ;
#4584 = EDGE_CURVE ( 'NONE', #708, #3456, #4773, .T. ) ;
#4585 = ORIENTED_EDGE ( 'NONE', *, *, #4721, .T. ) ;
#4586 = CARTESIAN_POINT ( 'NONE',  ( -1.530808498934197980E-16, -1.250000000000012434, 7.468750000000005329 ) ) ;
#4587 = CARTESIAN_POINT ( 'NONE',  ( -0.5529378364870324303, 0.9577164262227455538, 7.112500000000002487 ) ) ;
#4588 = CARTESIAN_POINT ( 'NONE',  ( -0.8294067547305488119, -0.4788582131113828799, 6.775000000000003020 ) ) ;
#4589 = CARTESIAN_POINT ( 'NONE',  ( 0.9762223942155461298, -0.5356902893051849190, 9.500588538000432237 ) ) ;
#4590 = ORIENTED_EDGE ( 'NONE', *, *, #343, .T. ) ;
#4591 = CARTESIAN_POINT ( 'NONE',  ( -0.5529378364870388696, -0.9577164262227685354, -1.237499999999998490 ) ) ;
#4592 = CARTESIAN_POINT ( 'NONE',  ( -1.103625504730554541, 0.6371784822407167148, -1.110937499999999023 ) ) ;
#4593 = CARTESIAN_POINT ( 'NONE',  ( -0.5529378364870323193, 0.9577164262227454428, 9.306250000000002132 ) ) ;
#4594 = EDGE_CURVE ( 'NONE', #4131, #1872, #1189, .T. ) ;
#4595 = CARTESIAN_POINT ( 'NONE',  ( -1.204469909617505552, 0.3067006220150482743, 9.653446895991660170 ) ) ;
#4596 = CARTESIAN_POINT ( 'NONE',  ( -0.8294067547305487009, 0.4788582131113693907, 6.643750000000003375 ) ) ;
#4597 = DIRECTION ( 'NONE',  ( -0.000000000000000000, 1.157433492142735316E-16, -1.000000000000000000 ) ) ;
#4598 =( BOUNDED_CURVE ( )  B_SPLINE_CURVE ( 2, ( #4487, #3022, #1171, #4116, #452, #2675, #4142 ),
 .UNSPECIFIED., .F., .F. ) 
 B_SPLINE_CURVE_WITH_KNOTS ( ( 3, 2, 2, 3 ),
 ( 0.04521045424295988546, 0.06372897276147837520, 0.08224749127999686493, 0.1007660097985153547 ),
 .UNSPECIFIED. ) 
 CURVE ( )  GEOMETRIC_REPRESENTATION_ITEM ( )  RATIONAL_B_SPLINE_CURVE ( ( 1.000000000000000000, 0.8660254037844387076, 1.000000000000000000, 0.8660254037844387076, 1.000000000000000000, 0.8660254037844387076, 1.000000000000000000 ) ) 
 REPRESENTATION_ITEM ( '' )  );
#4599 = CARTESIAN_POINT ( 'NONE',  ( 2.345728711729071966E-16, 0.9577164262227454428, 10.22500000000000320 ) ) ;
#4600 = CARTESIAN_POINT ( 'NONE',  ( -0.5529378364870322082, 0.9577164262227454428, 7.112500000000002487 ) ) ;
#4601 = ORIENTED_EDGE ( 'NONE', *, *, #1335, .T. ) ;
#4602 = CARTESIAN_POINT ( 'NONE',  ( -2.205000000000000071, -3.371594905001150485E-15, 10.00000000000000000 ) ) ;
#4603 = B_SPLINE_CURVE_WITH_KNOTS ( 'NONE', 3,
 ( #521, #2738, #181, #1649, #907, #160 ),
 .UNSPECIFIED., .F., .F.,
 ( 4, 2, 4 ),
 ( 8.706287402128281434E-15, 0.0002012759897655099753, 0.0004025519795223136987 ),
 .UNSPECIFIED. ) ;
#4604 = CARTESIAN_POINT ( 'NONE',  ( -0.8294067547305578048, 0.4788582131113757190, -3.993749999999997247 ) ) ;
#4605 = CYLINDRICAL_SURFACE ( 'NONE', #1228, 1.249999999999998446 ) ;
#4606 = CARTESIAN_POINT ( 'NONE',  ( 0.000000000000000000, 1.249999999999998224, -3.899999999999999911 ) ) ;
#4607 = ORIENTED_EDGE ( 'NONE', *, *, #545, .F. ) ;
#4608 = CARTESIAN_POINT ( 'NONE',  ( 3.061616997868395960E-16, 1.249999999999998224, 5.443750000000004974 ) ) ;
#4609 = CARTESIAN_POINT ( 'NONE',  ( -2.249999999999998668, -1.078201627711678823, 0.1674308549307157168 ) ) ;
#4610 = CARTESIAN_POINT ( 'NONE',  ( -0.5529378364870324303, 0.9577164262227455538, 5.762500000000003730 ) ) ;
#4611 = CARTESIAN_POINT ( 'NONE',  ( 1.103625504730551432, -0.6371784822407281501, 6.685937500000002309 ) ) ;
#4612 = VERTEX_POINT ( 'NONE', #1164 ) ;
#4613 = CARTESIAN_POINT ( 'NONE',  ( 0.5529378364870383145, -0.9577164262227689795, -3.412499999999998757 ) ) ;
#4614 = CARTESIAN_POINT ( 'NONE',  ( 0.000000000000000000, 1.274356964481438759, -1.185937499999998979 ) ) ;
#4615 = FACE_OUTER_BOUND ( 'NONE', #2036, .T. ) ;
#4616 = DIRECTION ( 'NONE',  ( -0.000000000000000000, 1.157433492142735316E-16, -1.000000000000000000 ) ) ;
#4617 = CARTESIAN_POINT ( 'NONE',  ( 0.5529378364870329854, 0.9577164262227449987, 6.531250000000001776 ) ) ;
#4618 = EDGE_CURVE ( 'NONE', #3126, #2711, #1865, .T. ) ;
#4619 = CARTESIAN_POINT ( 'NONE',  ( 1.082531754730552631, 0.6249999999999955591, -0.8250000000000009548 ) ) ;
#4620 = CARTESIAN_POINT ( 'NONE',  ( 0.7357503364870359164, -1.274356964481450527, -2.695312499999997780 ) ) ;
#4621 = VECTOR ( 'NONE', #1665, 1000.000000000000000 ) ;
#4622 = CARTESIAN_POINT ( 'NONE',  ( -0.5529378364870326523, -0.9577164262227589875, 8.612500000000004263 ) ) ;
#4623 = VERTEX_POINT ( 'NONE', #4333 ) ;
#4624 = EDGE_CURVE ( 'NONE', #4036, #58, #2850, .T. ) ;
#4625 = CARTESIAN_POINT ( 'NONE',  ( -1.172864355864548802E-16, -0.9577164262227686464, -1.199999999999998845 ) ) ;
#4626 = CARTESIAN_POINT ( 'NONE',  ( -1.069509508904846085, 0.4417310134173569325, 5.200000000000005507 ) ) ;
#4627 = AXIS2_PLACEMENT_3D ( 'NONE', #4475, #27, #1159 ) ;
#4628 = CARTESIAN_POINT ( 'NONE',  ( -1.112241446256570176, -0.3557411779484899728, 9.574342914074426503 ) ) ;
#4629 = CARTESIAN_POINT ( 'NONE',  ( -0.8294067547305488119, -0.4788582131113828244, 5.368750000000003020 ) ) ;
#4630 = CARTESIAN_POINT ( 'NONE',  ( 0.000000000000000000, -1.258909218984051749E-16, -3.899999999999999911 ) ) ;
#4631 = CARTESIAN_POINT ( 'NONE',  ( 0.000000000000000000, 1.274356964481438759, -3.857812499999997424 ) ) ;
#4632 = CARTESIAN_POINT ( 'NONE',  ( 1.082531754730551521, -0.6250000000000083267, -2.643749999999995826 ) ) ;
#4633 = CARTESIAN_POINT ( 'NONE',  ( 1.105875672974065083, -7.106851071790302181E-15, 5.162500000000004086 ) ) ;
#4634 = CARTESIAN_POINT ( 'NONE',  ( 0.8294067547305484789, -0.4788582131113834905, 9.568750000000003197 ) ) ;
#4635 = CARTESIAN_POINT ( 'NONE',  ( 1.105875672974077073, -6.014498669028941073E-15, -3.281249999999997780 ) ) ;
#4636 = CARTESIAN_POINT ( 'NONE',  ( -1.560637177523334179E-16, -1.274356964481448085, 7.510937500000001599 ) ) ;
#4637 = ORIENTED_EDGE ( 'NONE', *, *, #4752, .F. ) ;
#4638 = CARTESIAN_POINT ( 'NONE',  ( 1.105875672974077295, -5.880170223247464458E-15, -1.087499999999998579 ) ) ;
#4639 = CARTESIAN_POINT ( 'NONE',  ( 2.345728711729071966E-16, 0.9577164262227454428, 5.218750000000002665 ) ) ;
#4640 = CARTESIAN_POINT ( 'NONE',  ( 0.7357503364870370266, 1.274356964481438315, -1.673437499999999023 ) ) ;
#4641 = CARTESIAN_POINT ( 'NONE',  ( -0.4967532692869278677, -2.311275577609683829, 9.920583650766596762 ) ) ;
#4642 = CARTESIAN_POINT ( 'NONE',  ( -0.7685312271073273527, -0.8269720132021320946, -3.803258459366559041 ) ) ;
#4643 = CARTESIAN_POINT ( 'NONE',  ( 1.081656843594607897, -0.1446798775586031760, -3.859668709753367732 ) ) ;
#4644 = CARTESIAN_POINT ( 'NONE',  ( 1.530808498934189598E-16, -1.249999999999998668, -3.899999999999999911 ) ) ;
#4645 = CARTESIAN_POINT ( 'NONE',  ( 0.7357503364870370266, 1.274356964481438315, -2.095312499999997691 ) ) ;
#4646 = CARTESIAN_POINT ( 'NONE',  ( 0.8294067547305484789, -0.4788582131113834905, 10.01875000000000249 ) ) ;
#4647 = ORIENTED_EDGE ( 'NONE', *, *, #3870, .T. ) ;
#4648 = DIRECTION ( 'NONE',  ( 0.000000000000000000, 1.000000000000000000, 1.157433492142735316E-16 ) ) ;
#4649 = CARTESIAN_POINT ( 'NONE',  ( 1.105875672974077295, -5.986944116048125822E-15, -2.831249999999997602 ) ) ;
#4650 = CARTESIAN_POINT ( 'NONE',  ( 0.7216878364870341622, -1.250000000000009992, -2.231249999999995737 ) ) ;
#4651 = EDGE_CURVE ( 'NONE', #3384, #774, #2002, .T. ) ;
#4652 = ORIENTED_EDGE ( 'NONE', *, *, #1240, .F. ) ;
#4653 = CARTESIAN_POINT ( 'NONE',  ( 1.393035734030118276E-16, 1.024999999999996581, -3.899999999999999467 ) ) ;
#4654 = CARTESIAN_POINT ( 'NONE',  ( 1.082531754730552631, -0.6250000000000101030, 7.600000000000000533 ) ) ;
#4655 = CARTESIAN_POINT ( 'NONE',  ( 0.8294067547305490340, 0.4788582131113686136, 9.643750000000002487 ) ) ;
#4656 = CARTESIAN_POINT ( 'NONE',  ( -1.172864355864548802E-16, -0.9577164262227688685, -3.843749999999997780 ) ) ;
#4657 = CARTESIAN_POINT ( 'NONE',  ( -1.471500672974068724, -6.813601576860865123E-15, 7.848437500000002842 ) ) ;
#4658 = ORIENTED_EDGE ( 'NONE', *, *, #458, .T. ) ;
#4659 = CARTESIAN_POINT ( 'NONE',  ( -0.5529378364870388696, -0.9577164262227685354, -0.7874999999999986455 ) ) ;
#4660 = CARTESIAN_POINT ( 'NONE',  ( -1.105875672974064861, -6.835989651157778155E-15, 5.331250000000002487 ) ) ;
#4661 = CARTESIAN_POINT ( 'NONE',  ( -1.560637177523338370E-16, -1.274356964481450083, -0.9609374999999991118 ) ) ;
#4662 = CARTESIAN_POINT ( 'NONE',  ( -0.7216878364870354945, -1.250000000000012434, 8.837500000000002132 ) ) ;
#4663 = CARTESIAN_POINT ( 'NONE',  ( 0.000000000000000000, 1.249999999999998446, -1.200000000000000844 ) ) ;
#4664 = LINE ( 'NONE', #4706, #756 ) ;
#4665 = CARTESIAN_POINT ( 'NONE',  ( 0.000000000000000000, 1.250000000000000000, -3.899999999999999911 ) ) ;
#4666 = EDGE_CURVE ( 'NONE', #2322, #4262, #3714, .T. ) ;
#4667 = CARTESIAN_POINT ( 'NONE',  ( 1.471500672974072721, -5.986083036267472955E-15, -1.720312499999997247 ) ) ;
#4668 = CARTESIAN_POINT ( 'NONE',  ( -0.5529378364870326523, -0.9577164262227589875, 5.012500000000003730 ) ) ;
#4669 = ORIENTED_EDGE ( 'NONE', *, *, #3110, .F. ) ;
#4670 = CARTESIAN_POINT ( 'NONE',  ( 0.5529378364870382034, -0.9577164262227688685, -0.7124999999999986899 ) ) ;
#4671 = CARTESIAN_POINT ( 'NONE',  ( -0.5529378364870388696, -0.9577164262227686464, -2.981249999999997957 ) ) ;
#4672 = EDGE_LOOP ( 'NONE', ( #3359, #2021, #3726, #1938, #306, #4306, #1637, #294, #2795, #142, #3684, #2, #2059, #731, #3046, #4099, #2458, #2148, #2292, #3678, #4160, #1971, #687, #4652, #4734, #2054, #1294 ) ) ;
#4673 = CARTESIAN_POINT ( 'NONE',  ( 0.1912500000077499429, -2.487657972366326131, 0.1674308549284696523 ) ) ;
#4674 = DIRECTION ( 'NONE',  ( 0.000000000000000000, 1.000000000000000000, 0.000000000000000000 ) ) ;
#4675 = EDGE_CURVE ( 'NONE', #4394, #1790, #2082, .T. ) ;
#4676 = CARTESIAN_POINT ( 'NONE',  ( -0.8294067547305488119, -0.4788582131113828244, 10.31875000000000320 ) ) ;
#4677 = CARTESIAN_POINT ( 'NONE',  ( -0.5529378364870384255, 0.9577164262227571001, -3.581249999999998046 ) ) ;
#4678 = CARTESIAN_POINT ( 'NONE',  ( -0.7357503364870342510, 1.274356964481434540, 7.323437500000002487 ) ) ;
#4679 = ORIENTED_EDGE ( 'NONE', *, *, #3546, .F. ) ;
#4680 = CARTESIAN_POINT ( 'NONE',  ( 0.5529378364870390916, 0.9577164262227571001, -1.012499999999998623 ) ) ;
#4681 = CARTESIAN_POINT ( 'NONE',  ( -1.560637177523334179E-16, -1.274356964481448085, 9.760937500000002487 ) ) ;
#4682 = CARTESIAN_POINT ( 'NONE',  ( -0.7052048414098192053, -1.061447975444169023, -0.1031458345977828983 ) ) ;
#4683 = CARTESIAN_POINT ( 'NONE',  ( -1.082531754730551965, -0.6250000000000074385, -1.050000000000000711 ) ) ;
#4684 = CARTESIAN_POINT ( 'NONE',  ( -1.560637177523334179E-16, -1.274356964481448085, 10.18281250000000426 ) ) ;
#4685 = CARTESIAN_POINT ( 'NONE',  ( 2.345728711729072459E-16, 0.9577164262227455538, 8.875000000000003553 ) ) ;
#4686 = CARTESIAN_POINT ( 'NONE',  ( -1.471500672974072721, -5.639446594937706399E-15, -1.945312499999997558 ) ) ;
#4687 =( BOUNDED_CURVE ( )  B_SPLINE_CURVE ( 2, ( #1910, #3099, #526, #504, #186, #3386, #1966 ),
 .UNSPECIFIED., .F., .F. ) 
 B_SPLINE_CURVE_WITH_KNOTS ( ( 3, 2, 2, 3 ),
 ( 0.8846153846153845812, 0.8974358974358974672, 0.9102564102564102422, 0.9230769230769231282 ),
 .UNSPECIFIED. ) 
 CURVE ( )  GEOMETRIC_REPRESENTATION_ITEM ( )  RATIONAL_B_SPLINE_CURVE ( ( 1.000000000000000000, 0.8660254037844387076, 1.000000000000000000, 0.8660254037844387076, 1.000000000000000000, 0.8660254037844387076, 1.000000000000000000 ) ) 
 REPRESENTATION_ITEM ( '' )  );
#4688 = CARTESIAN_POINT ( 'NONE',  ( 0.5529378364870320972, -0.9577164262227595426, 10.43125000000000391 ) ) ;
#4689 = ORIENTED_EDGE ( 'NONE', *, *, #2853, .T. ) ;
#4690 = CARTESIAN_POINT ( 'NONE',  ( -1.105875672974077073, -5.595531526124532414E-15, -0.8624999999999987121 ) ) ;
#4691 = DIRECTION ( 'NONE',  ( -1.000000000000000000, -1.669238443041288415E-16, 0.000000000000000000 ) ) ;
#4692 = DIRECTION ( 'NONE',  ( 0.000000000000000000, 0.000000000000000000, -1.000000000000000000 ) ) ;
#4693 = VECTOR ( 'NONE', #3506, 1000.000000000000000 ) ;
#4694 = CARTESIAN_POINT ( 'NONE',  ( 1.082531754730552631, 0.6249999999999954481, -3.018749999999995381 ) ) ;
#4695 = CARTESIAN_POINT ( 'NONE',  ( -2.249999999999999112, 0.1816539153566441300, 0.02598076211353740964 ) ) ;
#4696 = CARTESIAN_POINT ( 'NONE',  ( 1.105875672974077073, -5.959389563067310572E-15, -2.381249999999997424 ) ) ;
#4697 = CARTESIAN_POINT ( 'NONE',  ( -1.103625504730551654, 0.6371784822407138282, 8.260937500000002487 ) ) ;
#4698 = VERTEX_POINT ( 'NONE', #3937 ) ;
#4699 = AXIS2_PLACEMENT_3D ( 'NONE', #3383, #1557, #3270 ) ;
#4700 = CARTESIAN_POINT ( 'NONE',  ( -0.5299921768431204994, -0.7977023539779733996, -0.3422092889646883296 ) ) ;
#4701 = CARTESIAN_POINT ( 'NONE',  ( 0.8294067547305490340, 0.4788582131113686136, 5.143750000000002487 ) ) ;
#4702 = AXIS2_PLACEMENT_3D ( 'NONE', #2790, #1742, #234 ) ;
#4703 = CARTESIAN_POINT ( 'NONE',  ( 1.867499999999998606, -1.078201627711627308, -6.873863542433756635 ) ) ;
#4704 = CARTESIAN_POINT ( 'NONE',  ( 2.249999999999998668, 1.250256806891437307E-13, 9.974019237888036571 ) ) ;
#4705 = ADVANCED_FACE ( 'NONE', ( #656 ), #3169, .F. ) ;
#4706 = CARTESIAN_POINT ( 'NONE',  ( 0.000000000000000000, 1.250000000000000000, -3.899999999999999911 ) ) ;
#4707 = CARTESIAN_POINT ( 'NONE',  ( -0.6371738819754968475, 0.7150036343859702548, 9.377716426222747259 ) ) ;
#4708 = CARTESIAN_POINT ( 'NONE',  ( 1.103625504730554319, -0.6371784822407285942, -3.107812499999997868 ) ) ;
#4709 = LINE ( 'NONE', #2764, #2612 ) ;
#4710 = CARTESIAN_POINT ( 'NONE',  ( 0.5529378364870320972, -0.9577164262227595426, 6.437500000000003553 ) ) ;
#4711 = ORIENTED_EDGE ( 'NONE', *, *, #1254, .F. ) ;
#4712 = CARTESIAN_POINT ( 'NONE',  ( -1.443375672974068991, -5.671306546821775733E-15, -2.437500000000000888 ) ) ;
#4713 =( BOUNDED_CURVE ( )  B_SPLINE_CURVE ( 2, ( #3112, #948, #1644, #4258, #3088, #562, #2051 ),
 .UNSPECIFIED., .F., .T. ) 
 B_SPLINE_CURVE_WITH_KNOTS ( ( 3, 2, 2, 3 ),
 ( 0.1111111111111110911, 0.1296296296296295947, 0.1481481481481481122, 0.1666666666666666019 ),
 .UNSPECIFIED. ) 
 CURVE ( )  GEOMETRIC_REPRESENTATION_ITEM ( )  RATIONAL_B_SPLINE_CURVE ( ( 1.000000000000000000, 0.8660254037844384856, 1.000000000000000000, 0.8660254037844387076, 1.000000000000000000, 0.8660254037844391517, 0.9999999999999995559 ) ) 
 REPRESENTATION_ITEM ( '' )  );
#4714 = PERSON_AND_ORGANIZATION ( #4253, #1386 ) ;
#4715 = CARTESIAN_POINT ( 'NONE',  ( 0.000000000000000000, -1.258909218984051749E-16, -3.899999999999999911 ) ) ;
#4716 =( BOUNDED_CURVE ( )  B_SPLINE_CURVE ( 2, ( #2248, #1574, #2982, #3321, #2610, #3344, #51 ),
 .UNSPECIFIED., .F., .F. ) 
 B_SPLINE_CURVE_WITH_KNOTS ( ( 3, 2, 2, 3 ),
 ( 0.3888888888888888395, 0.4074074074074073848, 0.4259259259259259300, 0.4444444444444444753 ),
 .UNSPECIFIED. ) 
 CURVE ( )  GEOMETRIC_REPRESENTATION_ITEM ( )  RATIONAL_B_SPLINE_CURVE ( ( 1.000000000000000444, 0.8660254037844383745, 1.000000000000000000, 0.8660254037844387076, 1.000000000000000000, 0.8660254037844382635, 1.000000000000000444 ) ) 
 REPRESENTATION_ITEM ( '' )  );
#4717 = B_SPLINE_CURVE_WITH_KNOTS ( 'NONE', 3,
 ( #3583, #668, #2465, #3608, #1369, #4704 ),
 .UNSPECIFIED., .F., .F.,
 ( 4, 2, 4 ),
 ( 0.009545613207288569657, 0.01008815976694993344, 0.01063070632661129722 ),
 .UNSPECIFIED. ) ;
#4718 = CARTESIAN_POINT ( 'NONE',  ( -1.082531754730552853, 0.6249999999999957812, 9.175000000000002487 ) ) ;
#4719 = CARTESIAN_POINT ( 'NONE',  ( -2.249999999999999112, 1.078201627711622868, 0.1674308549307040594 ) ) ;
#4720 = CARTESIAN_POINT ( 'NONE',  ( 1.105875672974077073, -6.042053222009755535E-15, -3.731249999999998401 ) ) ;
#4721 = EDGE_CURVE ( 'NONE', #3353, #3296, #276, .T. ) ;
#4722 = CARTESIAN_POINT ( 'NONE',  ( -1.103625504730551876, -0.6371784822407272619, 5.635937500000002487 ) ) ;
#4723 = VERTEX_POINT ( 'NONE', #3889 ) ;
#4724 = CARTESIAN_POINT ( 'NONE',  ( 0.5529378364870383145, -0.9577164262227688685, -2.906249999999997780 ) ) ;
#4725 = CARTESIAN_POINT ( 'NONE',  ( -1.172864355864535983E-16, -0.9577164262227593206, 4.993750000000002132 ) ) ;
#4726 = CARTESIAN_POINT ( 'NONE',  ( 2.249999999999998668, 1.250256806891437307E-13, 9.974019237888036571 ) ) ;
#4727 = CARTESIAN_POINT ( 'NONE',  ( -0.6077496910144352116, -1.030731557983660673, -0.6000069285225172466 ) ) ;
#4728 = CARTESIAN_POINT ( 'NONE',  ( 1.471500672974068724, -7.174015294681039699E-15, 10.29531250000000320 ) ) ;
#4729 = CARTESIAN_POINT ( 'NONE',  ( -0.8294067547305487009, 0.4788582131113694462, 8.050000000000002487 ) ) ;
#4730 = ADVANCED_FACE ( 'NONE', ( #3523 ), #1000, .T. ) ;
#4731 = CARTESIAN_POINT ( 'NONE',  ( -0.8294067547305578048, 0.4788582131113757190, -4.049999999999998046 ) ) ;
#4732 = CARTESIAN_POINT ( 'NONE',  ( -1.530808498934196747E-16, -1.250000000000009992, -2.325000000000000622 ) ) ;
#4733 = CARTESIAN_POINT ( 'NONE',  ( 0.8294067547305490340, 0.4788582131113686136, 10.54375000000000284 ) ) ;
#4734 = ORIENTED_EDGE ( 'NONE', *, *, #3165, .F. ) ;
#4735 = CYLINDRICAL_SURFACE ( 'NONE', #1147, 0.3825000000000000067 ) ;
#4736 = CALENDAR_DATE ( 2026, 8, 1 ) ;
#4737 = CARTESIAN_POINT ( 'NONE',  ( 2.205000000000000071, -4.606843309154008927E-15, 0.000000000000000000 ) ) ;
#4738 = CARTESIAN_POINT ( 'NONE',  ( -0.5529378364870326523, -0.9577164262227589875, 6.306250000000003020 ) ) ;
#4739 = CARTESIAN_POINT ( 'NONE',  ( 3.061616997868395960E-16, 1.249999999999998224, 7.300000000000001599 ) ) ;
#4740 = CARTESIAN_POINT ( 'NONE',  ( -0.5299864200670950654, -0.7977061787408785687, -0.3422087487816384832 ) ) ;
#4741 = CARTESIAN_POINT ( 'NONE',  ( -0.8615712272257003423, 0.8154161828661014022, -3.744560927043528054 ) ) ;
#4742 = VERTEX_POINT ( 'NONE', #1379 ) ;
#4743 = CARTESIAN_POINT ( 'NONE',  ( 1.105875672974077295, -5.959389563067308994E-15, -2.381249999999998312 ) ) ;
#4744 = CARTESIAN_POINT ( 'NONE',  ( -0.8294067547305488119, -0.4788582131113828799, 9.025000000000003908 ) ) ;
#4745 = CARTESIAN_POINT ( 'NONE',  ( -1.530808498934197980E-16, -1.250000000000012434, 5.725000000000001421 ) ) ;
#4746 = LINE ( 'NONE', #1436, #2978 ) ;
#4747 = CARTESIAN_POINT ( 'NONE',  ( -1.560637177523334179E-16, -1.274356964481448085, 7.932812500000004263 ) ) ;
#4748 = CARTESIAN_POINT ( 'NONE',  ( 0.8294067547305582488, 0.4788582131113749418, -3.693749999999997868 ) ) ;
#4749 = CARTESIAN_POINT ( 'NONE',  ( 1.103625504730555207, 0.6371784822407157156, -0.7828124999999979128 ) ) ;
#4750 = CARTESIAN_POINT ( 'NONE',  ( 0.7216878364870346063, -1.250000000000012434, 9.306250000000005684 ) ) ;
#4751 = CARTESIAN_POINT ( 'NONE',  ( 0.8294067547305484789, -0.4788582131113834905, 9.568750000000003197 ) ) ;
#4752 = EDGE_CURVE ( 'NONE', #3822, #4394, #479, .T. ) ;
#4753 = VERTEX_POINT ( 'NONE', #4240 ) ;
#4754 = CARTESIAN_POINT ( 'NONE',  ( 0.2563007824611373553, 0.9227841903536689872, 5.200000000000001066 ) ) ;
#4755 = COORDINATED_UNIVERSAL_TIME_OFFSET ( 6, 0, .BEHIND. ) ;
#4756 = CARTESIAN_POINT ( 'NONE',  ( -2.058749999999990088, -1.409456344659181015, 9.832569145069300021 ) ) ;
#4757 = EDGE_CURVE ( 'NONE', #1946, #1834, #4227, .T. ) ;
#4758 = CARTESIAN_POINT ( 'NONE',  ( 0.000000000000000000, 1.182716426222756967, 1.497609431072919410E-16 ) ) ;
#4759 = DIRECTION ( 'NONE',  ( 0.000000000000000000, -1.157433492142735316E-16, 1.000000000000000000 ) ) ;
#4760 = CARTESIAN_POINT ( 'NONE',  ( -0.8294067547305487009, 0.4788582131113693907, 7.543750000000002842 ) ) ;
#4761 = CARTESIAN_POINT ( 'NONE',  ( 0.5529378364870390916, 0.9577164262227568781, -1.856249999999998179 ) ) ;
#4762 = CARTESIAN_POINT ( 'NONE',  ( 1.105875672974064861, -7.106851071790302181E-15, 7.806250000000003020 ) ) ;
#4763 = CARTESIAN_POINT ( 'NONE',  ( -0.8757865865275965556, -0.8919068644529883905, -3.674999999999998934 ) ) ;
#4764 = ORIENTED_EDGE ( 'NONE', *, *, #2149, .T. ) ;
#4765 = CARTESIAN_POINT ( 'NONE',  ( -1.172864355864548802E-16, -0.9577164262227687574, -2.493749999999997691 ) ) ;
#4766 = CARTESIAN_POINT ( 'NONE',  ( 0.8294067547305490340, 0.4788582131113686691, 10.15000000000000213 ) ) ;
#4767 = DIRECTION ( 'NONE',  ( 0.000000000000000000, 1.000000000000000000, 0.000000000000000000 ) ) ;
#4768 = AXIS2_PLACEMENT_3D ( 'NONE', #1494, #2296, #4444 ) ;
#4769 = CARTESIAN_POINT ( 'NONE',  ( -0.8294067547305578048, 0.4788582131113757745, -3.599999999999998757 ) ) ;
#4770 = CARTESIAN_POINT ( 'NONE',  ( -1.103625504730551876, -0.6371784822407272619, 7.857812500000004086 ) ) ;
#4771 = VECTOR ( 'NONE', #3236, 1000.000000000000114 ) ;
#4772 = CARTESIAN_POINT ( 'NONE',  ( -0.5529378364870384255, 0.9577164262227572111, -1.781249999999998224 ) ) ;
#4773 = CIRCLE ( 'NONE', #690, 2.205000000000000071 ) ;
#4774 = CARTESIAN_POINT ( 'NONE',  ( -0.7357503364870361384, 1.274356964481438759, -0.6703124999999977573 ) ) ;
#4775 = LINE ( 'NONE', #4070, #77 ) ;
#4776 = CARTESIAN_POINT ( 'NONE',  ( -0.5529378364870326523, -0.9577164262227589875, 8.556250000000002132 ) ) ;
#4777 = ORIENTED_EDGE ( 'NONE', *, *, #493, .F. ) ;
#4778 = CYLINDRICAL_SURFACE ( 'NONE', #3376, 0.9577164262227576552 ) ;
ENDSEC;
END-ISO-10303-21;
